0.000000;33645.000000;20661.000000;0.000000;502014.000000;33645.000000;1.000000;0.514414
1.000000;33645.000000;28743.000000;0.000000;183910.000000;32781.000000;0.000000;1.184689
2.000000;33645.000000;20392.000000;0.000000;463232.000000;33054.000000;0.000000;1.905548
3.000000;33645.000000;25311.000000;0.000000;252800.000000;34052.000000;0.000000;2.529094
4.000000;33645.000000;21622.000000;0.000000;414264.000000;34052.000000;0.000000;3.143117
5.000000;33645.000000;23655.000000;0.000000;375805.000000;34052.000000;0.000000;3.751358
6.000000;33645.000000;24190.000000;0.000000;333262.000000;34052.000000;0.000000;4.362219
7.000000;33645.000000;21772.000000;0.000000;384900.000000;34052.000000;0.000000;4.963981
8.000000;33645.000000;20195.000000;0.000000;495448.000000;34052.000000;0.000000;5.566713
9.000000;33645.000000;23640.000000;0.000000;311834.000000;34052.000000;0.000000;6.174090
10.000000;33645.000000;20794.000000;0.000000;422563.000000;34052.000000;0.000000;6.803758
11.000000;33645.000000;23667.000000;0.000000;397721.000000;34052.000000;0.000000;7.412490
12.000000;33645.000000;21682.000000;0.000000;426488.000000;34052.000000;0.000000;8.015442
13.000000;33645.000000;23314.000000;0.000000;328343.000000;34052.000000;0.000000;8.616879
14.000000;33645.000000;22732.000000;0.000000;389744.000000;34052.000000;0.000000;9.216660
15.000000;33645.000000;21799.000000;0.000000;419590.000000;34052.000000;0.000000;9.818875
16.000000;33645.000000;24160.000000;0.000000;323644.000000;34052.000000;0.000000;10.423679
17.000000;33645.000000;22513.000000;0.000000;396834.000000;34052.000000;0.000000;11.028319
18.000000;33645.000000;21371.000000;0.000000;428858.000000;34052.000000;0.000000;11.632669
19.000000;33645.000000;21962.000000;0.000000;392808.000000;34052.000000;0.000000;12.236174
20.000000;34102.000000;22136.000000;0.000000;448170.000000;34102.000000;1.000000;12.883155
21.000000;34102.000000;22581.000000;0.000000;356636.000000;33980.000000;1.000000;13.593148
22.000000;34102.000000;21724.000000;0.000000;382904.000000;0.000000;0.000000;14.279546
23.000000;34102.000000;21907.000000;0.000000;368819.000000;34159.000000;0.000000;14.941850
24.000000;34102.000000;20309.000000;0.000000;464651.000000;34159.000000;0.000000;15.597669
25.000000;34102.000000;21758.000000;0.000000;377460.000000;34159.000000;0.000000;16.248142
26.000000;34102.000000;22109.000000;0.000000;369107.000000;34159.000000;0.000000;16.926437
27.000000;34102.000000;22270.000000;0.000000;392253.000000;34159.000000;0.000000;17.579472
28.000000;34102.000000;20641.000000;0.000000;422685.000000;34159.000000;0.000000;18.234373
29.000000;34102.000000;23895.000000;0.000000;367668.000000;34159.000000;0.000000;18.881105
30.000000;34102.000000;20360.000000;0.000000;405383.000000;34159.000000;0.000000;19.526579
31.000000;34102.000000;24140.000000;0.000000;322877.000000;34159.000000;0.000000;20.172594
32.000000;34102.000000;21379.000000;0.000000;394334.000000;34159.000000;0.000000;20.819521
33.000000;34102.000000;22870.000000;0.000000;396486.000000;34159.000000;0.000000;21.462578
34.000000;34102.000000;22030.000000;0.000000;366764.000000;34159.000000;0.000000;22.109436
35.000000;34102.000000;22075.000000;0.000000;434634.000000;34159.000000;0.000000;22.755484
36.000000;34102.000000;25945.000000;0.000000;266177.000000;34159.000000;0.000000;23.403637
37.000000;34102.000000;24495.000000;0.000000;339821.000000;34159.000000;0.000000;24.050581
38.000000;34102.000000;24267.000000;0.000000;306990.000000;34159.000000;0.000000;24.698053
39.000000;34102.000000;21200.000000;0.000000;386153.000000;34159.000000;0.000000;25.362806
40.000000;34159.000000;21056.000000;0.000000;421564.000000;34159.000000;1.000000;26.123358
41.000000;34159.000000;21631.000000;0.000000;408625.000000;34490.000000;0.000000;27.024517
42.000000;34159.000000;19252.000000;0.000000;463781.000000;34043.000000;0.000000;27.783453
43.000000;34159.000000;23218.000000;0.000000;349221.000000;34243.000000;0.000000;28.518885
44.000000;34159.000000;23188.000000;0.000000;275863.000000;34243.000000;0.000000;29.247484
45.000000;34159.000000;22878.000000;0.000000;304091.000000;34243.000000;0.000000;29.971962
46.000000;34159.000000;24902.000000;0.000000;264533.000000;34243.000000;0.000000;30.701849
47.000000;34159.000000;24281.000000;0.000000;321838.000000;34243.000000;0.000000;31.423227
48.000000;34159.000000;22316.000000;0.000000;355152.000000;34243.000000;0.000000;32.137913
49.000000;34159.000000;23886.000000;0.000000;316234.000000;34243.000000;0.000000;32.850403
50.000000;34159.000000;24654.000000;0.000000;317675.000000;34243.000000;0.000000;33.583134
51.000000;34159.000000;20960.000000;0.000000;403266.000000;34243.000000;0.000000;34.414848
52.000000;34159.000000;23164.000000;0.000000;350374.000000;34243.000000;0.000000;35.190533
53.000000;34159.000000;21669.000000;0.000000;400949.000000;34243.000000;0.000000;35.914207
54.000000;34159.000000;20323.000000;0.000000;469725.000000;34243.000000;0.000000;36.635147
55.000000;34159.000000;20124.000000;0.000000;437572.000000;34243.000000;0.000000;37.557613
56.000000;34159.000000;22494.000000;0.000000;370903.000000;34243.000000;0.000000;38.340065
57.000000;34159.000000;20872.000000;0.000000;391328.000000;34243.000000;0.000000;39.057095
58.000000;34159.000000;24847.000000;0.000000;299431.000000;34243.000000;0.000000;39.794933
59.000000;34159.000000;24317.000000;0.000000;327722.000000;34243.000000;0.000000;40.631599
60.000000;34159.000000;20050.000000;0.000000;468177.000000;34243.000000;0.000000;41.538624
61.000000;34159.000000;22967.000000;0.000000;355424.000000;34243.000000;0.000000;42.531933
62.000000;34159.000000;23293.000000;0.000000;341784.000000;34243.000000;0.000000;43.549049
63.000000;34159.000000;22643.000000;0.000000;339399.000000;34243.000000;0.000000;44.451851
64.000000;34159.000000;23827.000000;0.000000;327368.000000;34243.000000;0.000000;45.354744
65.000000;34159.000000;22917.000000;0.000000;352170.000000;34243.000000;0.000000;46.253082
66.000000;34159.000000;20834.000000;0.000000;435756.000000;34243.000000;0.000000;47.181870
67.000000;34159.000000;20514.000000;0.000000;396832.000000;34243.000000;0.000000;48.067703
68.000000;34159.000000;24435.000000;0.000000;295745.000000;34243.000000;0.000000;48.951015
69.000000;34159.000000;21930.000000;0.000000;364613.000000;34243.000000;0.000000;49.830177
70.000000;34159.000000;21434.000000;0.000000;363774.000000;34243.000000;0.000000;50.714195
71.000000;34159.000000;21921.000000;0.000000;329761.000000;34243.000000;0.000000;51.594116
72.000000;34159.000000;21476.000000;0.000000;427127.000000;34243.000000;0.000000;52.478786
73.000000;34159.000000;22655.000000;0.000000;345919.000000;34243.000000;0.000000;53.360950
74.000000;34159.000000;21745.000000;0.000000;373937.000000;34243.000000;0.000000;54.243958
75.000000;34159.000000;19922.000000;0.000000;415481.000000;34243.000000;0.000000;55.166386
76.000000;34159.000000;21301.000000;0.000000;432202.000000;34243.000000;0.000000;56.066761
77.000000;34159.000000;23046.000000;0.000000;361820.000000;34243.000000;0.000000;56.947212
78.000000;34159.000000;22574.000000;0.000000;393845.000000;34243.000000;0.000000;57.854298
79.000000;34159.000000;21273.000000;0.000000;401057.000000;34243.000000;0.000000;58.732010
80.000000;34159.000000;21768.000000;0.000000;380124.000000;34243.000000;0.000000;59.947994
81.000000;34159.000000;22117.000000;0.000000;393693.000000;34243.000000;0.000000;61.330326
82.000000;34159.000000;22777.000000;0.000000;353232.000000;34243.000000;0.000000;62.563568
83.000000;34159.000000;21280.000000;0.000000;438540.000000;34243.000000;0.000000;63.791039
84.000000;34159.000000;21714.000000;0.000000;360873.000000;34243.000000;0.000000;65.011429
85.000000;34159.000000;21209.000000;0.000000;364160.000000;34243.000000;0.000000;66.222069
86.000000;34159.000000;21824.000000;0.000000;383603.000000;34243.000000;0.000000;67.451401
87.000000;34159.000000;20372.000000;0.000000;457156.000000;34243.000000;0.000000;68.658684
88.000000;34159.000000;22300.000000;0.000000;389981.000000;34243.000000;0.000000;69.863754
89.000000;34159.000000;20385.000000;0.000000;434580.000000;34243.000000;0.000000;71.071358
90.000000;34159.000000;22849.000000;0.000000;318437.000000;34243.000000;0.000000;72.272903
91.000000;34159.000000;23870.000000;0.000000;342280.000000;34243.000000;0.000000;73.510880
92.000000;34159.000000;20542.000000;0.000000;446761.000000;34243.000000;0.000000;74.758423
93.000000;34159.000000;23340.000000;0.000000;364927.000000;34243.000000;0.000000;75.980606
94.000000;34159.000000;23654.000000;0.000000;317223.000000;34243.000000;0.000000;77.212784
95.000000;34159.000000;23049.000000;0.000000;363516.000000;34243.000000;0.000000;78.439934
96.000000;34159.000000;20338.000000;0.000000;432507.000000;34243.000000;0.000000;79.590256
97.000000;34159.000000;22414.000000;0.000000;366304.000000;34243.000000;0.000000;80.660973
98.000000;34159.000000;22028.000000;0.000000;378778.000000;34243.000000;0.000000;81.732796
99.000000;34159.000000;21995.000000;0.000000;410584.000000;34243.000000;0.000000;82.801659
100.000000;34159.000000;22125.000000;0.000000;399613.000000;34493.000000;0.000000;84.023979
101.000000;34159.000000;22647.000000;0.000000;369779.000000;34493.000000;0.000000;85.550896
102.000000;34159.000000;22286.000000;0.000000;356678.000000;34493.000000;0.000000;86.964943
103.000000;34159.000000;20603.000000;0.000000;407299.000000;34493.000000;0.000000;88.414749
104.000000;34159.000000;22707.000000;0.000000;372254.000000;34493.000000;0.000000;89.817894
105.000000;34159.000000;21582.000000;0.000000;379318.000000;34493.000000;0.000000;91.216583
106.000000;34159.000000;23010.000000;0.000000;340220.000000;34493.000000;0.000000;92.604027
107.000000;34159.000000;23590.000000;0.000000;348537.000000;34493.000000;0.000000;93.999969
108.000000;34159.000000;23589.000000;0.000000;308508.000000;34493.000000;0.000000;95.387024
109.000000;34159.000000;22611.000000;0.000000;366229.000000;34493.000000;0.000000;96.786865
110.000000;34159.000000;23521.000000;0.000000;350317.000000;34493.000000;0.000000;98.255035
111.000000;34159.000000;24235.000000;0.000000;292001.000000;34493.000000;0.000000;99.734871
112.000000;34159.000000;23360.000000;0.000000;327261.000000;34493.000000;0.000000;101.159691
113.000000;34159.000000;23426.000000;0.000000;309706.000000;34493.000000;0.000000;102.621880
114.000000;34159.000000;19791.000000;0.000000;452782.000000;34493.000000;0.000000;104.084785
115.000000;34159.000000;22069.000000;0.000000;405113.000000;34493.000000;0.000000;105.318184
116.000000;34159.000000;20859.000000;0.000000;390003.000000;34493.000000;0.000000;106.551422
117.000000;34159.000000;22196.000000;0.000000;377953.000000;34493.000000;0.000000;107.825630
118.000000;34159.000000;22776.000000;0.000000;350451.000000;34493.000000;0.000000;109.055519
119.000000;34159.000000;23072.000000;0.000000;386026.000000;34493.000000;0.000000;110.279137
120.000000;34159.000000;23133.000000;0.000000;340137.000000;34493.000000;0.000000;111.503258
121.000000;34159.000000;21798.000000;0.000000;396491.000000;34493.000000;0.000000;113.035652
122.000000;34159.000000;20362.000000;0.000000;443971.000000;34493.000000;0.000000;114.445206
123.000000;34159.000000;22716.000000;0.000000;369851.000000;34493.000000;0.000000;115.869614
124.000000;34159.000000;20510.000000;0.000000;439082.000000;34493.000000;0.000000;117.297752
125.000000;34159.000000;21239.000000;0.000000;359543.000000;34493.000000;0.000000;118.735146
126.000000;34159.000000;22377.000000;0.000000;333616.000000;34493.000000;0.000000;120.148514
127.000000;34159.000000;22785.000000;0.000000;353418.000000;34493.000000;0.000000;121.561867
128.000000;34159.000000;23006.000000;0.000000;321902.000000;34493.000000;0.000000;122.972908
129.000000;34159.000000;23036.000000;0.000000;393826.000000;34493.000000;0.000000;124.380836
130.000000;34159.000000;21205.000000;0.000000;362926.000000;34493.000000;0.000000;125.837311
131.000000;34159.000000;20550.000000;0.000000;410898.000000;34493.000000;0.000000;127.273094
132.000000;34159.000000;22481.000000;0.000000;379826.000000;34493.000000;0.000000;128.733078
133.000000;34159.000000;21008.000000;0.000000;422368.000000;34493.000000;0.000000;130.186081
134.000000;34159.000000;23517.000000;0.000000;306113.000000;34493.000000;0.000000;131.584976
135.000000;34159.000000;21508.000000;0.000000;373726.000000;34493.000000;0.000000;132.840134
136.000000;34159.000000;20358.000000;0.000000;368803.000000;34493.000000;0.000000;134.089661
137.000000;34159.000000;23183.000000;0.000000;377495.000000;34493.000000;0.000000;135.346542
138.000000;34159.000000;21073.000000;0.000000;418121.000000;34493.000000;0.000000;136.613297
139.000000;34159.000000;21064.000000;0.000000;421321.000000;34493.000000;0.000000;137.896545
140.000000;34159.000000;24188.000000;0.000000;321080.000000;34493.000000;0.000000;139.140991
141.000000;34159.000000;22151.000000;0.000000;374447.000000;34493.000000;0.000000;140.699554
142.000000;34159.000000;23218.000000;0.000000;351629.000000;34493.000000;0.000000;142.136215
143.000000;34159.000000;22218.000000;0.000000;387616.000000;34493.000000;0.000000;143.568130
144.000000;34159.000000;23750.000000;0.000000;311694.000000;34493.000000;0.000000;144.978928
145.000000;34159.000000;21420.000000;0.000000;389361.000000;34493.000000;0.000000;146.406158
146.000000;34159.000000;22636.000000;0.000000;398814.000000;34493.000000;0.000000;147.858185
147.000000;34159.000000;22804.000000;0.000000;349218.000000;34493.000000;0.000000;149.282349
148.000000;34159.000000;20145.000000;0.000000;417854.000000;34493.000000;0.000000;150.706619
149.000000;34159.000000;22376.000000;0.000000;376431.000000;34493.000000;0.000000;152.130493
150.000000;34159.000000;23526.000000;0.000000;374568.000000;34493.000000;0.000000;153.607941
151.000000;34159.000000;22083.000000;0.000000;351934.000000;34493.000000;0.000000;155.054184
152.000000;34159.000000;21629.000000;0.000000;411516.000000;34493.000000;0.000000;156.504395
153.000000;34159.000000;22020.000000;0.000000;407263.000000;34493.000000;0.000000;157.973572
154.000000;34159.000000;21020.000000;0.000000;403472.000000;34493.000000;0.000000;159.340546
155.000000;34159.000000;21839.000000;0.000000;325696.000000;34493.000000;0.000000;160.603760
156.000000;34159.000000;21491.000000;0.000000;381483.000000;34493.000000;0.000000;161.869919
157.000000;34159.000000;21810.000000;0.000000;395922.000000;34493.000000;0.000000;163.169189
158.000000;34159.000000;22065.000000;0.000000;380593.000000;34493.000000;0.000000;164.459488
159.000000;34159.000000;21569.000000;0.000000;361615.000000;34493.000000;0.000000;165.725815
160.000000;34159.000000;21911.000000;0.000000;408239.000000;34493.000000;0.000000;167.023773
161.000000;34159.000000;20573.000000;0.000000;411785.000000;34493.000000;0.000000;168.677155
162.000000;34159.000000;23866.000000;0.000000;325493.000000;34493.000000;0.000000;170.129974
163.000000;34159.000000;22350.000000;0.000000;446433.000000;34493.000000;0.000000;171.583542
164.000000;34159.000000;23617.000000;0.000000;308070.000000;34493.000000;0.000000;173.022171
165.000000;34159.000000;20811.000000;0.000000;405289.000000;34493.000000;0.000000;174.441711
166.000000;34159.000000;22611.000000;0.000000;337802.000000;34493.000000;0.000000;175.867172
167.000000;34159.000000;21245.000000;0.000000;454900.000000;34493.000000;0.000000;177.308228
168.000000;34159.000000;21715.000000;0.000000;390137.000000;34493.000000;0.000000;178.793640
169.000000;34159.000000;22021.000000;0.000000;346285.000000;34493.000000;0.000000;180.289978
170.000000;34159.000000;22378.000000;0.000000;339228.000000;34493.000000;0.000000;181.760437
171.000000;34159.000000;21678.000000;0.000000;380699.000000;34493.000000;0.000000;183.228516
172.000000;34159.000000;21305.000000;0.000000;405741.000000;34493.000000;0.000000;184.695328
173.000000;34159.000000;21690.000000;0.000000;391336.000000;34493.000000;0.000000;186.115875
174.000000;34159.000000;22319.000000;0.000000;346333.000000;34493.000000;0.000000;187.402344
175.000000;34159.000000;22153.000000;0.000000;368346.000000;34493.000000;0.000000;188.726379
176.000000;34159.000000;21281.000000;0.000000;383924.000000;34493.000000;0.000000;190.011032
177.000000;34159.000000;22724.000000;0.000000;276269.000000;34493.000000;0.000000;191.296921
178.000000;34159.000000;22898.000000;0.000000;378841.000000;34493.000000;0.000000;192.579681
179.000000;34159.000000;20675.000000;0.000000;430135.000000;34493.000000;0.000000;193.860107
180.000000;34159.000000;22473.000000;0.000000;385024.000000;34493.000000;0.000000;195.161621
181.000000;34159.000000;22531.000000;0.000000;340266.000000;34493.000000;0.000000;196.760712
182.000000;34159.000000;22394.000000;0.000000;361631.000000;34493.000000;0.000000;198.265137
183.000000;34159.000000;21522.000000;0.000000;351364.000000;34493.000000;0.000000;199.738754
184.000000;34159.000000;22077.000000;0.000000;369075.000000;34493.000000;0.000000;201.196381
185.000000;34159.000000;23838.000000;0.000000;333296.000000;34493.000000;0.000000;202.635849
186.000000;34159.000000;22892.000000;0.000000;348079.000000;34493.000000;0.000000;204.074692
187.000000;34159.000000;22444.000000;0.000000;308160.000000;34493.000000;0.000000;205.514297
188.000000;34159.000000;23319.000000;0.000000;351854.000000;34493.000000;0.000000;206.933624
189.000000;34159.000000;21549.000000;0.000000;412853.000000;34493.000000;0.000000;208.369278
190.000000;34159.000000;20974.000000;0.000000;403432.000000;34493.000000;0.000000;209.832153
191.000000;34159.000000;24682.000000;0.000000;315092.000000;34493.000000;0.000000;211.266251
192.000000;34159.000000;22273.000000;0.000000;343092.000000;34493.000000;0.000000;212.687317
193.000000;34159.000000;20863.000000;0.000000;462143.000000;34493.000000;0.000000;214.114777
194.000000;34159.000000;22755.000000;0.000000;337166.000000;34493.000000;0.000000;215.448685
195.000000;34159.000000;21875.000000;0.000000;388609.000000;34493.000000;0.000000;216.699219
196.000000;34159.000000;23336.000000;0.000000;352512.000000;34493.000000;0.000000;217.940445
197.000000;34159.000000;23232.000000;0.000000;338994.000000;34493.000000;0.000000;219.217361
198.000000;34159.000000;21190.000000;0.000000;360330.000000;34493.000000;0.000000;220.463058
199.000000;34159.000000;23402.000000;0.000000;321578.000000;34493.000000;0.000000;221.705994
200.000000;34159.000000;20749.000000;0.000000;432074.000000;34493.000000;0.000000;222.951096
201.000000;34159.000000;22330.000000;0.000000;372920.000000;34493.000000;0.000000;224.550980
202.000000;34159.000000;23831.000000;0.000000;321650.000000;34493.000000;0.000000;225.986618
203.000000;34159.000000;22790.000000;0.000000;350094.000000;34493.000000;0.000000;227.427841
204.000000;34159.000000;21821.000000;0.000000;416807.000000;34493.000000;0.000000;228.877609
205.000000;34159.000000;22527.000000;0.000000;357364.000000;34493.000000;0.000000;230.288116
206.000000;34159.000000;21273.000000;0.000000;384696.000000;34493.000000;0.000000;231.699158
207.000000;34159.000000;22125.000000;0.000000;380572.000000;34493.000000;0.000000;233.107178
208.000000;34159.000000;20743.000000;0.000000;444797.000000;34493.000000;0.000000;234.515823
209.000000;34159.000000;23704.000000;0.000000;363988.000000;34493.000000;0.000000;235.923325
210.000000;34159.000000;23447.000000;0.000000;306426.000000;34493.000000;0.000000;237.299347
211.000000;34159.000000;24852.000000;0.000000;257106.000000;34493.000000;0.000000;238.707123
212.000000;34159.000000;22665.000000;0.000000;297544.000000;34493.000000;0.000000;240.134171
213.000000;34159.000000;21388.000000;0.000000;394905.000000;34493.000000;0.000000;241.529510
214.000000;34159.000000;19625.000000;0.000000;454776.000000;34493.000000;0.000000;242.924377
215.000000;34159.000000;23439.000000;0.000000;288675.000000;34493.000000;0.000000;244.320236
216.000000;34159.000000;21405.000000;0.000000;390330.000000;34493.000000;0.000000;245.607773
217.000000;34159.000000;22110.000000;0.000000;320243.000000;34493.000000;0.000000;246.837204
218.000000;34159.000000;22619.000000;0.000000;337654.000000;34493.000000;0.000000;248.055496
219.000000;34159.000000;21655.000000;0.000000;428589.000000;34493.000000;0.000000;249.301651
220.000000;34159.000000;20451.000000;0.000000;453649.000000;34493.000000;0.000000;250.523087
221.000000;34159.000000;22732.000000;0.000000;344261.000000;34493.000000;0.000000;252.034836
222.000000;34159.000000;22848.000000;0.000000;334063.000000;34493.000000;0.000000;253.438141
223.000000;34159.000000;22908.000000;0.000000;319042.000000;34493.000000;0.000000;254.848907
224.000000;34159.000000;24249.000000;0.000000;344953.000000;34493.000000;0.000000;256.247253
225.000000;34159.000000;24713.000000;0.000000;257497.000000;34493.000000;0.000000;257.633209
226.000000;34159.000000;20491.000000;0.000000;420946.000000;34493.000000;0.000000;259.030884
227.000000;34159.000000;22047.000000;0.000000;342070.000000;34493.000000;0.000000;260.402496
228.000000;34159.000000;22735.000000;0.000000;354415.000000;34493.000000;0.000000;261.776550
229.000000;34159.000000;22701.000000;0.000000;337689.000000;34493.000000;0.000000;263.158020
230.000000;34159.000000;23664.000000;0.000000;335109.000000;34493.000000;0.000000;264.565521
231.000000;34159.000000;22167.000000;0.000000;338751.000000;34493.000000;0.000000;265.952179
232.000000;34159.000000;22804.000000;0.000000;352465.000000;34493.000000;0.000000;267.318542
233.000000;34159.000000;22862.000000;0.000000;315797.000000;34493.000000;0.000000;268.719482
234.000000;34159.000000;21152.000000;0.000000;339594.000000;34493.000000;0.000000;269.977509
235.000000;34159.000000;21344.000000;0.000000;413663.000000;34493.000000;0.000000;271.181824
236.000000;34159.000000;20216.000000;0.000000;430100.000000;34493.000000;0.000000;272.385895
237.000000;34159.000000;22861.000000;0.000000;342308.000000;34493.000000;0.000000;273.618134
238.000000;34159.000000;21306.000000;0.000000;402535.000000;34493.000000;0.000000;274.955841
239.000000;34159.000000;21569.000000;0.000000;412309.000000;34493.000000;0.000000;276.155090
240.000000;34159.000000;22347.000000;0.000000;387660.000000;34493.000000;0.000000;277.345886
241.000000;34159.000000;23966.000000;0.000000;305905.000000;34493.000000;0.000000;278.861237
242.000000;34159.000000;22042.000000;0.000000;381601.000000;34493.000000;0.000000;280.230499
243.000000;34159.000000;24240.000000;0.000000;279973.000000;34493.000000;0.000000;281.608917
244.000000;34159.000000;21525.000000;0.000000;419397.000000;34493.000000;0.000000;282.977844
245.000000;34159.000000;21086.000000;0.000000;397849.000000;34493.000000;0.000000;284.364227
246.000000;34159.000000;22874.000000;0.000000;357267.000000;34493.000000;0.000000;285.727112
247.000000;34159.000000;22098.000000;0.000000;382809.000000;34493.000000;0.000000;287.082123
248.000000;34159.000000;20260.000000;0.000000;430246.000000;34493.000000;0.000000;288.435455
249.000000;34159.000000;23988.000000;0.000000;306612.000000;34493.000000;0.000000;289.815216
250.000000;34159.000000;21037.000000;0.000000;409780.000000;34493.000000;0.000000;291.192139
251.000000;34159.000000;22436.000000;0.000000;389052.000000;34493.000000;0.000000;292.575958
252.000000;34159.000000;21234.000000;0.000000;384953.000000;34493.000000;0.000000;293.945404
253.000000;34159.000000;22970.000000;0.000000;309322.000000;34493.000000;0.000000;295.315216
254.000000;34159.000000;21324.000000;0.000000;402410.000000;34493.000000;0.000000;296.902344
255.000000;34159.000000;22465.000000;0.000000;384214.000000;34493.000000;0.000000;298.562469
256.000000;34159.000000;22812.000000;0.000000;377671.000000;34493.000000;0.000000;300.030670
257.000000;34159.000000;22879.000000;0.000000;319560.000000;34493.000000;0.000000;301.397308
258.000000;34159.000000;22126.000000;0.000000;370923.000000;34493.000000;0.000000;302.760315
259.000000;34159.000000;22494.000000;0.000000;307582.000000;34493.000000;0.000000;304.121979
260.000000;34159.000000;22805.000000;0.000000;385721.000000;34493.000000;0.000000;305.484772
261.000000;34159.000000;22983.000000;0.000000;304732.000000;34493.000000;0.000000;306.869812
262.000000;34159.000000;21288.000000;0.000000;385861.000000;34493.000000;0.000000;308.264130
263.000000;34159.000000;22362.000000;0.000000;312826.000000;34493.000000;0.000000;309.685486
264.000000;34159.000000;23450.000000;0.000000;329516.000000;34493.000000;0.000000;311.049957
265.000000;34159.000000;22482.000000;0.000000;380316.000000;34493.000000;0.000000;312.419128
266.000000;34159.000000;22244.000000;0.000000;411288.000000;34493.000000;0.000000;313.781738
267.000000;34159.000000;21403.000000;0.000000;369198.000000;34493.000000;0.000000;315.149109
268.000000;34159.000000;21784.000000;0.000000;396912.000000;34493.000000;0.000000;316.514099
269.000000;34159.000000;21351.000000;0.000000;398058.000000;34493.000000;0.000000;317.892548
270.000000;34159.000000;24299.000000;0.000000;302772.000000;34493.000000;0.000000;319.349731
271.000000;34159.000000;23031.000000;0.000000;285175.000000;34493.000000;0.000000;320.739929
272.000000;34159.000000;22127.000000;0.000000;416788.000000;34493.000000;0.000000;322.129639
273.000000;34159.000000;22909.000000;0.000000;350186.000000;34493.000000;0.000000;323.514343
274.000000;34159.000000;20698.000000;0.000000;447863.000000;34493.000000;0.000000;324.793854
275.000000;34159.000000;22414.000000;0.000000;415797.000000;34493.000000;0.000000;326.013550
276.000000;34159.000000;22943.000000;0.000000;349391.000000;34493.000000;0.000000;327.242676
277.000000;34159.000000;22542.000000;0.000000;324464.000000;34493.000000;0.000000;328.469452
278.000000;34159.000000;23397.000000;0.000000;357194.000000;34493.000000;0.000000;329.729248
279.000000;34159.000000;22609.000000;0.000000;378778.000000;34493.000000;0.000000;330.970428
280.000000;34159.000000;22891.000000;0.000000;337946.000000;34493.000000;0.000000;332.194336
281.000000;34159.000000;23561.000000;0.000000;361020.000000;34493.000000;0.000000;333.738556
282.000000;34159.000000;21619.000000;0.000000;388579.000000;34493.000000;0.000000;335.164429
283.000000;34159.000000;20868.000000;0.000000;426794.000000;34493.000000;0.000000;336.580170
284.000000;34159.000000;22499.000000;0.000000;287202.000000;34493.000000;0.000000;337.976471
285.000000;34159.000000;21879.000000;0.000000;409584.000000;34493.000000;0.000000;339.393402
286.000000;34159.000000;21685.000000;0.000000;399621.000000;34493.000000;0.000000;340.918579
287.000000;34159.000000;22020.000000;0.000000;369155.000000;34493.000000;0.000000;342.304535
288.000000;34159.000000;23441.000000;0.000000;291920.000000;34493.000000;0.000000;343.798431
289.000000;34159.000000;20478.000000;0.000000;413195.000000;34493.000000;0.000000;345.181274
290.000000;34159.000000;25249.000000;0.000000;247317.000000;34493.000000;0.000000;346.602783
291.000000;34159.000000;21263.000000;0.000000;425353.000000;34493.000000;0.000000;348.011993
292.000000;34159.000000;20964.000000;0.000000;419884.000000;34493.000000;0.000000;349.463654
293.000000;34159.000000;21923.000000;0.000000;368139.000000;34493.000000;0.000000;350.867584
294.000000;34159.000000;21454.000000;0.000000;372562.000000;34493.000000;0.000000;352.221832
295.000000;34159.000000;20694.000000;0.000000;390128.000000;34493.000000;0.000000;353.448547
296.000000;34159.000000;21382.000000;0.000000;391971.000000;34493.000000;0.000000;354.667419
297.000000;34159.000000;23203.000000;0.000000;377326.000000;34493.000000;0.000000;355.885132
298.000000;34159.000000;21359.000000;0.000000;413623.000000;34493.000000;0.000000;357.113983
299.000000;34159.000000;21447.000000;0.000000;397153.000000;34493.000000;0.000000;358.341827
300.000000;34159.000000;21804.000000;0.000000;403683.000000;34493.000000;0.000000;359.610748
301.000000;34159.000000;23315.000000;0.000000;333605.000000;34493.000000;0.000000;361.160370
302.000000;34159.000000;22407.000000;0.000000;384633.000000;34493.000000;0.000000;362.582092
303.000000;34159.000000;21839.000000;0.000000;393125.000000;34493.000000;0.000000;364.011047
304.000000;34159.000000;22922.000000;0.000000;391033.000000;34493.000000;0.000000;365.422180
305.000000;34159.000000;22851.000000;0.000000;347261.000000;34493.000000;0.000000;366.888580
306.000000;34159.000000;20889.000000;0.000000;436290.000000;34493.000000;0.000000;368.287750
307.000000;34159.000000;22780.000000;0.000000;411578.000000;34493.000000;0.000000;369.714844
308.000000;34159.000000;22032.000000;0.000000;378470.000000;34493.000000;0.000000;371.115875
309.000000;34159.000000;22041.000000;0.000000;420822.000000;34493.000000;0.000000;372.508057
310.000000;34159.000000;21325.000000;0.000000;388540.000000;34493.000000;0.000000;373.947113
311.000000;34159.000000;23345.000000;0.000000;303960.000000;34493.000000;0.000000;375.368683
312.000000;34159.000000;24574.000000;0.000000;333357.000000;34493.000000;0.000000;376.783630
313.000000;34159.000000;20161.000000;0.000000;427305.000000;34493.000000;0.000000;378.196716
314.000000;34159.000000;22694.000000;0.000000;366301.000000;34493.000000;0.000000;379.611938
315.000000;34159.000000;22960.000000;0.000000;394778.000000;34493.000000;0.000000;380.853241
316.000000;34159.000000;22368.000000;0.000000;399217.000000;34493.000000;0.000000;382.088593
317.000000;34159.000000;21229.000000;0.000000;381781.000000;34493.000000;0.000000;383.322083
318.000000;34159.000000;23347.000000;0.000000;297103.000000;34493.000000;0.000000;384.557220
319.000000;34159.000000;20667.000000;0.000000;440815.000000;34493.000000;0.000000;385.793091
320.000000;34159.000000;22361.000000;0.000000;316505.000000;34493.000000;0.000000;387.038849
321.000000;34159.000000;21030.000000;0.000000;407555.000000;34493.000000;0.000000;388.644867
322.000000;34159.000000;21970.000000;0.000000;359215.000000;34493.000000;0.000000;390.124023
323.000000;34159.000000;22687.000000;0.000000;373272.000000;34493.000000;0.000000;391.580292
324.000000;34159.000000;21570.000000;0.000000;371784.000000;34493.000000;0.000000;393.008698
325.000000;34159.000000;22532.000000;0.000000;364891.000000;34493.000000;0.000000;394.425781
326.000000;34159.000000;21798.000000;0.000000;360687.000000;34493.000000;0.000000;395.840271
327.000000;34159.000000;22072.000000;0.000000;361495.000000;34493.000000;0.000000;397.261444
328.000000;34159.000000;21801.000000;0.000000;388043.000000;34493.000000;0.000000;398.671234
329.000000;34159.000000;22824.000000;0.000000;326487.000000;34493.000000;0.000000;400.174469
330.000000;34159.000000;21715.000000;0.000000;414272.000000;34493.000000;0.000000;401.650940
331.000000;34159.000000;21939.000000;0.000000;365492.000000;34493.000000;0.000000;403.178528
332.000000;34159.000000;22999.000000;0.000000;352313.000000;34493.000000;0.000000;404.632416
333.000000;34159.000000;24612.000000;0.000000;325670.000000;34493.000000;0.000000;406.061249
334.000000;34159.000000;21756.000000;0.000000;397215.000000;34493.000000;0.000000;407.392426
335.000000;34159.000000;21712.000000;0.000000;400270.000000;34493.000000;0.000000;408.636444
336.000000;34159.000000;21851.000000;0.000000;410650.000000;34493.000000;0.000000;409.935516
337.000000;34159.000000;19946.000000;0.000000;424995.000000;34493.000000;0.000000;411.183563
338.000000;34159.000000;21099.000000;0.000000;403071.000000;34493.000000;0.000000;412.419800
339.000000;34159.000000;22154.000000;0.000000;339307.000000;34493.000000;0.000000;413.664276
340.000000;34159.000000;23129.000000;0.000000;415267.000000;34493.000000;0.000000;414.899780
341.000000;34159.000000;22032.000000;0.000000;368692.000000;34493.000000;0.000000;416.466431
342.000000;34159.000000;22457.000000;0.000000;343034.000000;34493.000000;0.000000;417.917877
343.000000;34159.000000;22961.000000;0.000000;347056.000000;34493.000000;0.000000;419.385376
344.000000;34159.000000;24292.000000;0.000000;312374.000000;34493.000000;0.000000;420.841827
345.000000;34159.000000;21384.000000;0.000000;372266.000000;34493.000000;0.000000;422.265564
346.000000;34159.000000;22082.000000;0.000000;354273.000000;34493.000000;0.000000;423.689911
347.000000;34159.000000;22473.000000;0.000000;362801.000000;34493.000000;0.000000;425.427002
348.000000;34159.000000;23269.000000;0.000000;327273.000000;34493.000000;0.000000;427.077454
349.000000;34159.000000;21635.000000;0.000000;359666.000000;34493.000000;0.000000;428.779816
350.000000;34159.000000;21899.000000;0.000000;373307.000000;34493.000000;0.000000;430.544800
351.000000;34159.000000;21627.000000;0.000000;396378.000000;34493.000000;0.000000;432.093475
352.000000;34159.000000;23174.000000;0.000000;335666.000000;34493.000000;0.000000;433.533234
353.000000;34159.000000;20260.000000;0.000000;416359.000000;34493.000000;0.000000;434.988525
354.000000;34159.000000;23284.000000;0.000000;369763.000000;34493.000000;0.000000;436.448151
355.000000;34159.000000;21420.000000;0.000000;402400.000000;34493.000000;0.000000;438.456665
356.000000;34159.000000;24298.000000;0.000000;365433.000000;34493.000000;0.000000;439.734802
357.000000;34159.000000;20157.000000;0.000000;410845.000000;34493.000000;0.000000;441.025726
358.000000;34159.000000;22587.000000;0.000000;433159.000000;34493.000000;0.000000;442.295990
359.000000;34159.000000;23135.000000;0.000000;398474.000000;34493.000000;0.000000;443.552704
360.000000;34159.000000;23023.000000;0.000000;315058.000000;34493.000000;0.000000;444.808624
361.000000;34159.000000;22405.000000;0.000000;341898.000000;34493.000000;0.000000;446.378967
362.000000;34159.000000;21753.000000;0.000000;354086.000000;34493.000000;0.000000;447.832092
363.000000;34159.000000;22102.000000;0.000000;360577.000000;34493.000000;0.000000;449.289856
364.000000;34159.000000;23424.000000;0.000000;312430.000000;34493.000000;0.000000;450.764954
365.000000;34159.000000;23335.000000;0.000000;353786.000000;34493.000000;0.000000;452.197693
366.000000;34159.000000;23447.000000;0.000000;320065.000000;34493.000000;0.000000;453.631836
367.000000;34159.000000;21681.000000;0.000000;347311.000000;34493.000000;0.000000;455.063690
368.000000;34159.000000;21922.000000;0.000000;365380.000000;34493.000000;0.000000;456.501129
369.000000;34159.000000;22424.000000;0.000000;341014.000000;34493.000000;0.000000;457.932983
370.000000;34159.000000;22206.000000;0.000000;360976.000000;34493.000000;0.000000;459.411133
371.000000;34159.000000;20975.000000;0.000000;456417.000000;34493.000000;0.000000;460.892639
372.000000;34159.000000;22655.000000;0.000000;344813.000000;34493.000000;0.000000;462.343140
373.000000;34159.000000;23207.000000;0.000000;359959.000000;34493.000000;0.000000;463.829315
374.000000;34159.000000;22596.000000;0.000000;369719.000000;34493.000000;0.000000;465.202271
375.000000;34159.000000;22811.000000;0.000000;387481.000000;34493.000000;0.000000;466.479675
376.000000;34159.000000;22967.000000;0.000000;379254.000000;34493.000000;0.000000;467.749939
377.000000;34159.000000;22131.000000;0.000000;381626.000000;34493.000000;0.000000;469.018738
378.000000;34159.000000;21366.000000;0.000000;400825.000000;34493.000000;0.000000;470.318878
379.000000;34159.000000;22369.000000;0.000000;342291.000000;34493.000000;0.000000;471.589661
380.000000;34159.000000;20602.000000;0.000000;439095.000000;34493.000000;0.000000;472.859344
381.000000;34159.000000;21090.000000;0.000000;431882.000000;34493.000000;0.000000;474.454193
382.000000;34159.000000;21587.000000;0.000000;431219.000000;34493.000000;0.000000;475.915314
383.000000;34159.000000;23273.000000;0.000000;318328.000000;34493.000000;0.000000;477.391724
384.000000;34159.000000;24347.000000;0.000000;312984.000000;34493.000000;0.000000;478.855255
385.000000;34159.000000;20630.000000;0.000000;397799.000000;34493.000000;0.000000;480.344849
386.000000;34159.000000;22090.000000;0.000000;354014.000000;34493.000000;0.000000;481.799438
387.000000;34159.000000;23185.000000;0.000000;326503.000000;34493.000000;0.000000;483.247467
388.000000;34159.000000;21783.000000;0.000000;374214.000000;34493.000000;0.000000;484.693817
389.000000;34159.000000;22519.000000;0.000000;394378.000000;34493.000000;0.000000;486.144348
390.000000;34159.000000;19784.000000;0.000000;427408.000000;34493.000000;0.000000;487.643982
391.000000;34159.000000;23022.000000;0.000000;387755.000000;34493.000000;0.000000;489.115997
392.000000;34159.000000;21216.000000;0.000000;404172.000000;34493.000000;0.000000;490.630066
393.000000;34159.000000;23259.000000;0.000000;299625.000000;34493.000000;0.000000;492.141815
394.000000;34159.000000;22210.000000;0.000000;384698.000000;34493.000000;0.000000;493.488983
395.000000;34159.000000;21832.000000;0.000000;410765.000000;34493.000000;0.000000;494.781342
396.000000;34159.000000;21748.000000;0.000000;379282.000000;34493.000000;0.000000;496.079468
397.000000;34159.000000;23671.000000;0.000000;353204.000000;34493.000000;0.000000;497.366119
398.000000;34159.000000;21812.000000;0.000000;370397.000000;34493.000000;0.000000;498.652893
399.000000;34159.000000;22572.000000;0.000000;375041.000000;34493.000000;0.000000;499.956055
400.000000;34159.000000;22112.000000;0.000000;360430.000000;34493.000000;0.000000;501.262543
401.000000;34159.000000;21463.000000;0.000000;382062.000000;34493.000000;0.000000;502.882355
402.000000;34159.000000;19914.000000;0.000000;468419.000000;34493.000000;0.000000;504.371063
403.000000;34159.000000;22232.000000;0.000000;374677.000000;34493.000000;0.000000;505.860626
404.000000;34159.000000;22145.000000;0.000000;335222.000000;34493.000000;0.000000;507.351929
405.000000;34159.000000;23039.000000;0.000000;358003.000000;34493.000000;0.000000;508.825134
406.000000;34159.000000;23700.000000;0.000000;330553.000000;34493.000000;0.000000;510.317139
407.000000;34159.000000;22278.000000;0.000000;398666.000000;34493.000000;0.000000;511.785248
408.000000;34159.000000;23306.000000;0.000000;390777.000000;34493.000000;0.000000;513.257751
409.000000;34159.000000;20385.000000;0.000000;419894.000000;34493.000000;0.000000;514.724670
410.000000;34159.000000;22636.000000;0.000000;372634.000000;34493.000000;0.000000;516.245789
411.000000;34159.000000;21195.000000;0.000000;404562.000000;34493.000000;0.000000;517.788940
412.000000;34159.000000;23565.000000;0.000000;339448.000000;34493.000000;0.000000;519.363342
413.000000;34159.000000;20729.000000;0.000000;417106.000000;34493.000000;0.000000;520.854736
414.000000;34159.000000;21714.000000;0.000000;382761.000000;34493.000000;0.000000;522.380554
415.000000;34159.000000;20351.000000;0.000000;420843.000000;34493.000000;0.000000;523.903687
416.000000;34159.000000;23730.000000;0.000000;306704.000000;34493.000000;0.000000;525.393555
417.000000;34159.000000;21548.000000;0.000000;403704.000000;34493.000000;0.000000;526.895996
418.000000;34159.000000;21468.000000;0.000000;439463.000000;34493.000000;0.000000;528.250610
419.000000;34159.000000;21213.000000;0.000000;394799.000000;34493.000000;0.000000;529.567078
420.000000;34159.000000;21739.000000;0.000000;388853.000000;34493.000000;0.000000;530.913147
421.000000;34159.000000;22989.000000;0.000000;295355.000000;34493.000000;0.000000;532.548767
422.000000;34159.000000;22293.000000;0.000000;330923.000000;34493.000000;0.000000;534.051636
423.000000;34159.000000;21367.000000;0.000000;378849.000000;34493.000000;0.000000;535.549622
424.000000;34159.000000;21693.000000;0.000000;450894.000000;34493.000000;0.000000;537.000366
425.000000;34159.000000;22329.000000;0.000000;356202.000000;34493.000000;0.000000;538.428345
426.000000;34159.000000;20069.000000;0.000000;434186.000000;34493.000000;0.000000;539.858398
427.000000;34159.000000;20391.000000;0.000000;421189.000000;34493.000000;0.000000;541.313232
428.000000;34159.000000;21666.000000;0.000000;381288.000000;34493.000000;0.000000;542.749756
429.000000;34159.000000;21470.000000;0.000000;349139.000000;34493.000000;0.000000;544.233337
430.000000;34159.000000;23341.000000;0.000000;339913.000000;34493.000000;0.000000;545.683777
431.000000;34159.000000;22923.000000;0.000000;364209.000000;34493.000000;0.000000;547.137634
432.000000;34159.000000;20329.000000;0.000000;358980.000000;34493.000000;0.000000;548.591248
433.000000;34159.000000;21915.000000;0.000000;364894.000000;34493.000000;0.000000;549.995605
434.000000;34159.000000;20068.000000;0.000000;415353.000000;34493.000000;0.000000;551.339600
435.000000;34159.000000;21198.000000;0.000000;363285.000000;34493.000000;0.000000;552.676575
436.000000;34159.000000;21225.000000;0.000000;370981.000000;34493.000000;0.000000;553.974426
437.000000;34159.000000;21221.000000;0.000000;407309.000000;34493.000000;0.000000;555.299316
438.000000;34159.000000;23040.000000;0.000000;354663.000000;34493.000000;0.000000;556.585388
439.000000;34159.000000;24471.000000;0.000000;291357.000000;34493.000000;0.000000;557.861572
440.000000;34159.000000;20814.000000;0.000000;419220.000000;34493.000000;0.000000;559.136841
441.000000;34159.000000;22509.000000;0.000000;370172.000000;34493.000000;0.000000;560.755371
442.000000;34159.000000;23294.000000;0.000000;387781.000000;34493.000000;0.000000;562.227722
443.000000;34159.000000;20869.000000;0.000000;431470.000000;34493.000000;0.000000;563.683044
444.000000;34159.000000;21607.000000;0.000000;363362.000000;34493.000000;0.000000;565.126587
445.000000;34159.000000;21812.000000;0.000000;385251.000000;34493.000000;0.000000;566.543701
446.000000;34159.000000;23905.000000;0.000000;347392.000000;34493.000000;0.000000;567.936646
447.000000;34159.000000;20697.000000;0.000000;450720.000000;34493.000000;0.000000;569.331909
448.000000;34159.000000;21121.000000;0.000000;392322.000000;34493.000000;0.000000;570.772583
449.000000;34159.000000;23014.000000;0.000000;348469.000000;34493.000000;0.000000;572.174438
450.000000;34159.000000;20752.000000;0.000000;412151.000000;34493.000000;0.000000;573.624451
451.000000;34159.000000;24627.000000;0.000000;304074.000000;34493.000000;0.000000;575.073853
452.000000;34159.000000;20974.000000;0.000000;369454.000000;34493.000000;0.000000;576.495056
453.000000;34159.000000;22777.000000;0.000000;342618.000000;34493.000000;0.000000;577.909668
454.000000;34159.000000;21370.000000;0.000000;380576.000000;34493.000000;0.000000;579.271423
455.000000;34159.000000;21302.000000;0.000000;453008.000000;34493.000000;0.000000;580.533325
456.000000;34159.000000;21444.000000;0.000000;379523.000000;34493.000000;0.000000;581.796082
457.000000;34159.000000;21973.000000;0.000000;376021.000000;34493.000000;0.000000;583.048828
458.000000;34159.000000;22088.000000;0.000000;388638.000000;34493.000000;0.000000;584.328491
459.000000;34159.000000;21159.000000;0.000000;399458.000000;34493.000000;0.000000;585.567566
460.000000;34159.000000;23142.000000;0.000000;355669.000000;34493.000000;0.000000;586.805603
461.000000;34159.000000;20700.000000;0.000000;427054.000000;34493.000000;0.000000;588.354492
462.000000;34159.000000;23269.000000;0.000000;290921.000000;34493.000000;0.000000;589.782532
463.000000;34159.000000;22745.000000;0.000000;331409.000000;34493.000000;0.000000;591.239746
464.000000;34159.000000;21869.000000;0.000000;332546.000000;34493.000000;0.000000;592.645386
465.000000;34159.000000;21015.000000;0.000000;398228.000000;34493.000000;0.000000;594.039490
466.000000;34159.000000;21073.000000;0.000000;466341.000000;34493.000000;0.000000;595.432739
467.000000;34159.000000;21309.000000;0.000000;419244.000000;34493.000000;0.000000;596.816284
468.000000;34159.000000;21356.000000;0.000000;373264.000000;34493.000000;0.000000;598.190247
469.000000;34159.000000;23581.000000;0.000000;336060.000000;34493.000000;0.000000;599.552734
470.000000;34159.000000;22955.000000;0.000000;394205.000000;34493.000000;0.000000;600.985657
471.000000;34159.000000;22657.000000;0.000000;400828.000000;34493.000000;0.000000;602.365967
472.000000;34159.000000;21631.000000;0.000000;383819.000000;34493.000000;0.000000;603.745850
473.000000;34159.000000;22095.000000;0.000000;387805.000000;34493.000000;0.000000;605.126831
474.000000;34159.000000;21427.000000;0.000000;338319.000000;34493.000000;0.000000;606.483948
475.000000;34159.000000;21537.000000;0.000000;361359.000000;34493.000000;0.000000;607.709106
476.000000;34159.000000;21962.000000;0.000000;355723.000000;34493.000000;0.000000;608.938904
477.000000;34159.000000;23528.000000;0.000000;323552.000000;34493.000000;0.000000;610.160828
478.000000;34159.000000;23792.000000;0.000000;293000.000000;34493.000000;0.000000;611.422668
479.000000;34159.000000;23164.000000;0.000000;345145.000000;34493.000000;0.000000;612.640564
480.000000;34159.000000;25267.000000;0.000000;288490.000000;34493.000000;0.000000;613.860901
481.000000;34159.000000;22032.000000;0.000000;363531.000000;34493.000000;0.000000;615.650696
482.000000;34159.000000;23091.000000;0.000000;361243.000000;34493.000000;0.000000;617.519470
483.000000;34159.000000;25316.000000;0.000000;273229.000000;34493.000000;0.000000;619.517761
484.000000;34159.000000;22556.000000;0.000000;355543.000000;34493.000000;0.000000;621.572998
485.000000;34159.000000;21670.000000;0.000000;399444.000000;34493.000000;0.000000;623.149353
486.000000;34159.000000;22720.000000;0.000000;351322.000000;34493.000000;0.000000;624.987732
487.000000;34159.000000;20861.000000;0.000000;387126.000000;34493.000000;0.000000;627.074646
488.000000;34159.000000;22655.000000;0.000000;356117.000000;34493.000000;0.000000;629.033325
489.000000;34159.000000;22951.000000;0.000000;355314.000000;34493.000000;0.000000;631.056458
490.000000;34159.000000;22061.000000;0.000000;371548.000000;34493.000000;0.000000;633.259338
491.000000;34159.000000;21680.000000;0.000000;392908.000000;34493.000000;0.000000;635.201843
492.000000;34159.000000;20664.000000;0.000000;428424.000000;34493.000000;0.000000;637.099609
493.000000;34159.000000;22120.000000;0.000000;382141.000000;34493.000000;0.000000;638.917419
494.000000;34159.000000;22929.000000;0.000000;375079.000000;34493.000000;0.000000;640.891235
495.000000;34159.000000;21357.000000;0.000000;376893.000000;34493.000000;0.000000;642.579163
496.000000;34159.000000;22024.000000;0.000000;364734.000000;34493.000000;0.000000;644.442322
497.000000;34159.000000;21142.000000;0.000000;459358.000000;34493.000000;0.000000;646.652405
498.000000;34159.000000;22449.000000;0.000000;339749.000000;34493.000000;0.000000;648.748413
499.000000;34159.000000;23002.000000;0.000000;365058.000000;34493.000000;0.000000;650.792419
500.000000;34159.000000;22091.000000;0.000000;380364.000000;34493.000000;0.000000;652.790283
501.000000;34159.000000;21255.000000;0.000000;345317.000000;34493.000000;0.000000;654.824097
502.000000;34159.000000;22439.000000;0.000000;357082.000000;34493.000000;0.000000;656.773438
503.000000;34159.000000;21728.000000;0.000000;358648.000000;34493.000000;0.000000;658.762329
504.000000;34159.000000;21633.000000;0.000000;401511.000000;34493.000000;0.000000;660.510315
505.000000;34159.000000;22150.000000;0.000000;355816.000000;34493.000000;0.000000;662.108337
506.000000;34159.000000;23525.000000;0.000000;353080.000000;34493.000000;0.000000;663.698669
507.000000;34159.000000;24459.000000;0.000000;306667.000000;34493.000000;0.000000;665.393311
508.000000;34159.000000;21281.000000;0.000000;365090.000000;34493.000000;0.000000;667.205994
509.000000;34159.000000;24049.000000;0.000000;331928.000000;34493.000000;0.000000;668.907043
510.000000;34159.000000;22980.000000;0.000000;391395.000000;34493.000000;0.000000;670.710938
511.000000;34159.000000;21890.000000;0.000000;376541.000000;34493.000000;0.000000;672.501648
512.000000;34159.000000;22899.000000;0.000000;388492.000000;34493.000000;0.000000;674.411743
513.000000;34159.000000;21821.000000;0.000000;405181.000000;34493.000000;0.000000;676.271179
514.000000;34159.000000;19751.000000;0.000000;433492.000000;34493.000000;0.000000;678.300354
515.000000;34159.000000;22613.000000;0.000000;329981.000000;34493.000000;0.000000;680.275818
516.000000;34159.000000;21161.000000;0.000000;417168.000000;34493.000000;0.000000;682.467041
517.000000;34159.000000;23638.000000;0.000000;303714.000000;34493.000000;0.000000;684.751282
518.000000;34159.000000;23723.000000;0.000000;344651.000000;34493.000000;0.000000;686.863953
519.000000;34159.000000;20476.000000;0.000000;446594.000000;34493.000000;0.000000;689.006531
520.000000;34159.000000;23749.000000;0.000000;297207.000000;34493.000000;0.000000;691.164062
521.000000;34159.000000;20991.000000;0.000000;417120.000000;34493.000000;0.000000;693.030640
522.000000;34159.000000;24895.000000;0.000000;308893.000000;34493.000000;0.000000;694.958984
523.000000;34159.000000;22313.000000;0.000000;416914.000000;34493.000000;0.000000;696.676880
524.000000;34159.000000;22591.000000;0.000000;340726.000000;34493.000000;0.000000;698.265320
525.000000;34159.000000;22642.000000;0.000000;358308.000000;34493.000000;0.000000;699.991089
526.000000;34159.000000;22429.000000;0.000000;393684.000000;34493.000000;0.000000;701.386108
527.000000;34159.000000;22529.000000;0.000000;388044.000000;34493.000000;0.000000;702.809021
528.000000;34159.000000;23276.000000;0.000000;387795.000000;34493.000000;0.000000;704.289124
529.000000;34159.000000;21708.000000;0.000000;380281.000000;34493.000000;0.000000;705.681213
530.000000;34159.000000;21313.000000;0.000000;407329.000000;34493.000000;0.000000;707.098022
531.000000;34159.000000;24248.000000;0.000000;292745.000000;34493.000000;0.000000;708.507080
532.000000;34159.000000;21727.000000;0.000000;406560.000000;34493.000000;0.000000;709.891479
533.000000;34159.000000;21728.000000;0.000000;399830.000000;34493.000000;0.000000;711.135254
534.000000;34159.000000;22534.000000;0.000000;381965.000000;34493.000000;0.000000;712.378113
535.000000;34159.000000;22588.000000;0.000000;310605.000000;34493.000000;0.000000;713.597839
536.000000;34159.000000;21070.000000;0.000000;410819.000000;34493.000000;0.000000;714.812744
537.000000;34159.000000;23434.000000;0.000000;293375.000000;34493.000000;0.000000;716.031799
538.000000;34159.000000;21970.000000;0.000000;389468.000000;34493.000000;0.000000;717.262390
539.000000;34159.000000;22837.000000;0.000000;386032.000000;34493.000000;0.000000;718.490540
540.000000;34159.000000;22910.000000;0.000000;334280.000000;34493.000000;0.000000;719.717773
541.000000;34159.000000;22310.000000;0.000000;372785.000000;34493.000000;0.000000;721.405762
542.000000;34159.000000;21653.000000;0.000000;337064.000000;34493.000000;0.000000;722.963989
543.000000;34159.000000;24174.000000;0.000000;337095.000000;34493.000000;0.000000;724.376282
544.000000;34159.000000;21721.000000;0.000000;345237.000000;34493.000000;0.000000;725.777710
545.000000;34159.000000;25688.000000;0.000000;270182.000000;34493.000000;0.000000;727.169800
546.000000;34159.000000;23120.000000;0.000000;338889.000000;34493.000000;0.000000;728.555542
547.000000;34159.000000;20789.000000;0.000000;386257.000000;34493.000000;0.000000;729.936829
548.000000;34159.000000;24196.000000;0.000000;284229.000000;34493.000000;0.000000;731.314026
549.000000;34159.000000;22944.000000;0.000000;377450.000000;34493.000000;0.000000;732.714111
550.000000;34159.000000;22480.000000;0.000000;368643.000000;34493.000000;0.000000;734.158264
551.000000;34159.000000;21684.000000;0.000000;388374.000000;34493.000000;0.000000;735.569031
552.000000;34159.000000;21114.000000;0.000000;416638.000000;34493.000000;0.000000;736.987366
553.000000;34159.000000;21808.000000;0.000000;348053.000000;34493.000000;0.000000;738.399292
554.000000;34159.000000;22267.000000;0.000000;353552.000000;34493.000000;0.000000;739.779785
555.000000;34159.000000;24398.000000;0.000000;316602.000000;34493.000000;0.000000;741.026306
556.000000;34159.000000;22141.000000;0.000000;353661.000000;34493.000000;0.000000;742.296814
557.000000;34159.000000;21037.000000;0.000000;379658.000000;34493.000000;0.000000;743.537781
558.000000;34159.000000;20875.000000;0.000000;390964.000000;34493.000000;0.000000;744.780212
559.000000;34159.000000;24309.000000;0.000000;312824.000000;34493.000000;0.000000;746.022766
560.000000;34159.000000;20597.000000;0.000000;396357.000000;34493.000000;0.000000;747.268921
561.000000;34159.000000;22626.000000;0.000000;364683.000000;34493.000000;0.000000;748.821960
562.000000;34159.000000;20662.000000;0.000000;413239.000000;34493.000000;0.000000;750.242981
563.000000;34159.000000;20601.000000;0.000000;434187.000000;34493.000000;0.000000;751.676270
564.000000;34159.000000;23161.000000;0.000000;291831.000000;34493.000000;0.000000;753.112793
565.000000;34159.000000;22740.000000;0.000000;369020.000000;34493.000000;0.000000;754.514893
566.000000;34159.000000;22134.000000;0.000000;340814.000000;34493.000000;0.000000;755.911011
567.000000;34159.000000;21717.000000;0.000000;388327.000000;34493.000000;0.000000;757.312744
568.000000;34159.000000;20047.000000;0.000000;463707.000000;34493.000000;0.000000;758.706970
569.000000;34159.000000;20826.000000;0.000000;409467.000000;34493.000000;0.000000;760.102905
570.000000;34159.000000;22834.000000;0.000000;355280.000000;34493.000000;0.000000;761.541260
571.000000;34159.000000;20907.000000;0.000000;419751.000000;34493.000000;0.000000;762.980835
572.000000;34159.000000;20497.000000;0.000000;373828.000000;34493.000000;0.000000;764.488159
573.000000;34159.000000;22011.000000;0.000000;388083.000000;34493.000000;0.000000;765.899353
574.000000;34159.000000;23503.000000;0.000000;311693.000000;34493.000000;0.000000;767.278625
575.000000;34159.000000;22777.000000;0.000000;340456.000000;34493.000000;0.000000;768.531189
576.000000;34159.000000;22102.000000;0.000000;414045.000000;34493.000000;0.000000;769.793213
577.000000;34159.000000;22144.000000;0.000000;371925.000000;34493.000000;0.000000;771.033630
578.000000;34159.000000;21080.000000;0.000000;392461.000000;34493.000000;0.000000;772.306702
579.000000;34159.000000;21482.000000;0.000000;383394.000000;34493.000000;0.000000;773.550049
580.000000;34159.000000;21287.000000;0.000000;352959.000000;34493.000000;0.000000;774.788025
581.000000;34159.000000;22256.000000;0.000000;370151.000000;34493.000000;0.000000;776.421753
582.000000;34159.000000;23354.000000;0.000000;340101.000000;34493.000000;0.000000;777.862793
583.000000;34159.000000;21991.000000;0.000000;403177.000000;34493.000000;0.000000;779.304626
584.000000;34159.000000;23831.000000;0.000000;308502.000000;34493.000000;0.000000;780.726807
585.000000;34159.000000;22500.000000;0.000000;348420.000000;34493.000000;0.000000;782.193237
586.000000;34159.000000;21550.000000;0.000000;379008.000000;34493.000000;0.000000;783.617126
587.000000;34159.000000;23829.000000;0.000000;352392.000000;34493.000000;0.000000;785.025513
588.000000;34159.000000;22649.000000;0.000000;346842.000000;34493.000000;0.000000;786.443359
589.000000;34159.000000;22759.000000;0.000000;382971.000000;34493.000000;0.000000;787.851562
590.000000;34159.000000;20651.000000;0.000000;442438.000000;34493.000000;0.000000;789.318970
591.000000;34159.000000;20906.000000;0.000000;447681.000000;34493.000000;0.000000;790.754700
592.000000;34159.000000;20625.000000;0.000000;420994.000000;34493.000000;0.000000;792.226685
593.000000;34159.000000;21331.000000;0.000000;393320.000000;34493.000000;0.000000;793.659546
594.000000;34159.000000;22599.000000;0.000000;401074.000000;34493.000000;0.000000;795.007812
595.000000;34159.000000;24460.000000;0.000000;297287.000000;34493.000000;0.000000;796.264648
596.000000;34159.000000;21869.000000;0.000000;354336.000000;34493.000000;0.000000;797.532776
597.000000;34159.000000;21997.000000;0.000000;400932.000000;34493.000000;0.000000;798.804504
598.000000;34159.000000;20503.000000;0.000000;431724.000000;34493.000000;0.000000;800.059998
599.000000;34159.000000;21624.000000;0.000000;420896.000000;34493.000000;0.000000;801.315369
600.000000;34159.000000;20650.000000;0.000000;398794.000000;34493.000000;0.000000;802.606323
601.000000;34159.000000;21759.000000;0.000000;372826.000000;34493.000000;0.000000;804.183899
602.000000;34159.000000;22277.000000;0.000000;387878.000000;34493.000000;0.000000;805.622864
603.000000;34159.000000;22304.000000;0.000000;332542.000000;34493.000000;0.000000;807.190491
604.000000;34159.000000;23490.000000;0.000000;367479.000000;34493.000000;0.000000;808.646729
605.000000;34159.000000;21851.000000;0.000000;369437.000000;34493.000000;0.000000;810.078491
606.000000;34159.000000;22617.000000;0.000000;344501.000000;34493.000000;0.000000;811.508850
607.000000;34159.000000;23503.000000;0.000000;334580.000000;34493.000000;0.000000;812.979431
608.000000;34159.000000;22103.000000;0.000000;379819.000000;34493.000000;0.000000;814.439209
609.000000;34159.000000;20219.000000;0.000000;390063.000000;34493.000000;0.000000;815.872803
610.000000;34159.000000;20264.000000;0.000000;413492.000000;34493.000000;0.000000;817.364014
611.000000;34159.000000;21697.000000;0.000000;420700.000000;34493.000000;0.000000;819.022644
612.000000;34159.000000;21438.000000;0.000000;353989.000000;34493.000000;0.000000;820.423706
613.000000;34159.000000;21372.000000;0.000000;396917.000000;34493.000000;0.000000;821.844482
614.000000;34159.000000;21269.000000;0.000000;410214.000000;34493.000000;0.000000;823.315430
615.000000;34159.000000;22400.000000;0.000000;341566.000000;34493.000000;0.000000;824.766907
616.000000;34159.000000;22616.000000;0.000000;354866.000000;34493.000000;0.000000;826.204346
617.000000;34159.000000;23278.000000;0.000000;348889.000000;34493.000000;0.000000;827.639771
618.000000;34159.000000;22275.000000;0.000000;363815.000000;34493.000000;0.000000;829.070862
619.000000;34159.000000;23642.000000;0.000000;368709.000000;34493.000000;0.000000;830.493225
620.000000;34159.000000;22292.000000;0.000000;359266.000000;34493.000000;0.000000;831.967041
621.000000;34159.000000;20826.000000;0.000000;429714.000000;34493.000000;0.000000;833.624939
622.000000;34159.000000;21783.000000;0.000000;397095.000000;34493.000000;0.000000;835.088135
623.000000;34159.000000;22629.000000;0.000000;382058.000000;34493.000000;0.000000;836.533630
624.000000;34159.000000;21994.000000;0.000000;397882.000000;34493.000000;0.000000;837.932007
625.000000;34159.000000;21874.000000;0.000000;440192.000000;34493.000000;0.000000;839.322388
626.000000;34159.000000;21342.000000;0.000000;395402.000000;34493.000000;0.000000;840.714539
627.000000;34159.000000;21206.000000;0.000000;415300.000000;34493.000000;0.000000;842.106262
628.000000;34159.000000;23171.000000;0.000000;369153.000000;34493.000000;0.000000;843.535889
629.000000;34159.000000;23486.000000;0.000000;317728.000000;34493.000000;0.000000;844.929016
630.000000;34159.000000;21440.000000;0.000000;400921.000000;34493.000000;0.000000;846.383240
631.000000;34159.000000;21963.000000;0.000000;388619.000000;34493.000000;0.000000;847.800537
632.000000;34159.000000;22125.000000;0.000000;362184.000000;34493.000000;0.000000;849.229492
633.000000;34159.000000;23314.000000;0.000000;373997.000000;34493.000000;0.000000;850.652283
634.000000;34159.000000;21393.000000;0.000000;395775.000000;34493.000000;0.000000;851.961426
635.000000;34159.000000;21051.000000;0.000000;392575.000000;34493.000000;0.000000;853.240234
636.000000;34159.000000;22805.000000;0.000000;352187.000000;34493.000000;0.000000;854.487854
637.000000;34159.000000;21355.000000;0.000000;401836.000000;34493.000000;0.000000;855.738037
638.000000;34159.000000;22453.000000;0.000000;329363.000000;34493.000000;0.000000;856.987732
639.000000;34159.000000;21709.000000;0.000000;345262.000000;34493.000000;0.000000;858.248474
640.000000;34159.000000;20487.000000;0.000000;397783.000000;34493.000000;0.000000;859.496643
641.000000;34159.000000;22006.000000;0.000000;426607.000000;34493.000000;0.000000;861.051941
642.000000;34159.000000;21118.000000;0.000000;409362.000000;34493.000000;0.000000;862.481750
643.000000;34159.000000;23177.000000;0.000000;348917.000000;34493.000000;0.000000;863.930908
644.000000;34159.000000;24934.000000;0.000000;309295.000000;34493.000000;0.000000;865.355530
645.000000;34159.000000;24206.000000;0.000000;261523.000000;34493.000000;0.000000;866.744141
646.000000;34159.000000;25088.000000;0.000000;307217.000000;34493.000000;0.000000;868.114319
647.000000;34159.000000;24206.000000;0.000000;298441.000000;34493.000000;0.000000;869.486389
648.000000;34159.000000;23308.000000;0.000000;343351.000000;34493.000000;0.000000;870.854492
649.000000;34159.000000;21122.000000;0.000000;421432.000000;34493.000000;0.000000;872.220459
650.000000;34159.000000;21522.000000;0.000000;421430.000000;34493.000000;0.000000;873.660950
651.000000;34159.000000;22860.000000;0.000000;317233.000000;34493.000000;0.000000;875.058655
652.000000;34159.000000;21550.000000;0.000000;395871.000000;34493.000000;0.000000;876.479553
653.000000;34159.000000;21546.000000;0.000000;420595.000000;34493.000000;0.000000;877.866028
654.000000;34159.000000;22511.000000;0.000000;372960.000000;34493.000000;0.000000;879.242859
655.000000;34159.000000;22605.000000;0.000000;352349.000000;34493.000000;0.000000;880.473938
656.000000;34159.000000;21059.000000;0.000000;414348.000000;34493.000000;0.000000;881.707703
657.000000;34159.000000;21933.000000;0.000000;353176.000000;34493.000000;0.000000;882.971130
658.000000;34159.000000;21760.000000;0.000000;419407.000000;34493.000000;0.000000;884.266357
659.000000;34159.000000;21383.000000;0.000000;428523.000000;34493.000000;0.000000;885.482544
660.000000;34159.000000;20585.000000;0.000000;484386.000000;34493.000000;0.000000;886.702759
661.000000;34159.000000;22100.000000;0.000000;392982.000000;34493.000000;0.000000;888.203003
662.000000;34159.000000;22596.000000;0.000000;404197.000000;34493.000000;0.000000;889.591003
663.000000;34159.000000;20665.000000;0.000000;394614.000000;34493.000000;0.000000;890.982849
664.000000;34159.000000;21515.000000;0.000000;392384.000000;34493.000000;0.000000;892.367432
665.000000;34159.000000;22351.000000;0.000000;365860.000000;34493.000000;0.000000;893.767700
666.000000;34159.000000;23072.000000;0.000000;318349.000000;34493.000000;0.000000;895.132690
667.000000;34159.000000;21501.000000;0.000000;387254.000000;34493.000000;0.000000;896.489014
668.000000;34159.000000;20258.000000;0.000000;407387.000000;34493.000000;0.000000;897.836243
669.000000;34159.000000;21283.000000;0.000000;371238.000000;34493.000000;0.000000;899.174561
670.000000;34159.000000;20324.000000;0.000000;403548.000000;34493.000000;0.000000;900.531067
671.000000;34159.000000;21402.000000;0.000000;401074.000000;34493.000000;0.000000;901.896362
672.000000;34159.000000;21742.000000;0.000000;407854.000000;34493.000000;0.000000;903.279114
673.000000;34159.000000;21715.000000;0.000000;399640.000000;34493.000000;0.000000;904.632141
674.000000;34159.000000;21095.000000;0.000000;374625.000000;34493.000000;0.000000;905.994995
675.000000;34159.000000;22387.000000;0.000000;408050.000000;34493.000000;0.000000;907.242920
676.000000;34159.000000;20870.000000;0.000000;457008.000000;34493.000000;0.000000;908.451233
677.000000;34159.000000;20386.000000;0.000000;443473.000000;34493.000000;0.000000;909.645325
678.000000;34159.000000;23937.000000;0.000000;342429.000000;34493.000000;0.000000;910.840576
679.000000;34159.000000;21059.000000;0.000000;372746.000000;34493.000000;0.000000;912.032349
680.000000;34159.000000;23524.000000;0.000000;355297.000000;34493.000000;0.000000;913.252869
681.000000;34159.000000;23099.000000;0.000000;298166.000000;34493.000000;0.000000;914.733826
682.000000;34159.000000;21362.000000;0.000000;389792.000000;34493.000000;0.000000;916.104248
683.000000;34159.000000;22357.000000;0.000000;311471.000000;34493.000000;0.000000;917.473511
684.000000;34159.000000;22923.000000;0.000000;377688.000000;34493.000000;0.000000;918.846680
685.000000;34159.000000;21492.000000;0.000000;401339.000000;34493.000000;0.000000;920.196472
686.000000;34159.000000;21374.000000;0.000000;408848.000000;34493.000000;0.000000;921.546753
687.000000;34159.000000;23833.000000;0.000000;312337.000000;34493.000000;0.000000;922.901855
688.000000;34159.000000;22545.000000;0.000000;392169.000000;34493.000000;0.000000;924.272583
689.000000;34159.000000;22416.000000;0.000000;391111.000000;34493.000000;0.000000;925.620850
690.000000;34159.000000;20099.000000;0.000000;455691.000000;34493.000000;0.000000;927.007385
691.000000;34159.000000;24057.000000;0.000000;326263.000000;34493.000000;0.000000;928.409485
692.000000;34159.000000;20976.000000;0.000000;366432.000000;34493.000000;0.000000;929.790894
693.000000;34159.000000;22377.000000;0.000000;353919.000000;34493.000000;0.000000;931.168152
694.000000;34159.000000;24411.000000;0.000000;268412.000000;34493.000000;0.000000;932.541565
695.000000;34159.000000;23054.000000;0.000000;374385.000000;34493.000000;0.000000;933.809326
696.000000;34159.000000;21725.000000;0.000000;347731.000000;34493.000000;0.000000;935.024597
697.000000;34159.000000;21432.000000;0.000000;401296.000000;34493.000000;0.000000;936.240295
698.000000;34159.000000;21292.000000;0.000000;369416.000000;34493.000000;0.000000;937.520752
699.000000;34159.000000;25221.000000;0.000000;254198.000000;34493.000000;0.000000;938.737244
700.000000;34159.000000;21242.000000;0.000000;355581.000000;34493.000000;0.000000;939.954956
701.000000;34159.000000;22258.000000;0.000000;367458.000000;34493.000000;0.000000;941.594910
702.000000;34159.000000;24243.000000;0.000000;318733.000000;34493.000000;0.000000;942.960388
703.000000;34159.000000;23160.000000;0.000000;348407.000000;34493.000000;0.000000;944.426331
704.000000;34159.000000;23943.000000;0.000000;296363.000000;34493.000000;0.000000;945.797913
705.000000;34159.000000;22668.000000;0.000000;393138.000000;34493.000000;0.000000;947.160950
706.000000;34159.000000;21315.000000;0.000000;411222.000000;34493.000000;0.000000;948.522522
707.000000;34159.000000;21187.000000;0.000000;412426.000000;34493.000000;0.000000;949.881775
708.000000;34159.000000;23279.000000;0.000000;381536.000000;34493.000000;0.000000;951.243347
709.000000;34159.000000;23469.000000;0.000000;344585.000000;34493.000000;0.000000;952.601685
710.000000;34159.000000;22682.000000;0.000000;357585.000000;34493.000000;0.000000;954.024353
711.000000;34159.000000;22386.000000;0.000000;398066.000000;34493.000000;0.000000;955.410767
712.000000;34159.000000;22163.000000;0.000000;337655.000000;34493.000000;0.000000;956.798096
713.000000;34159.000000;21330.000000;0.000000;387691.000000;34493.000000;0.000000;958.197021
714.000000;34159.000000;22535.000000;0.000000;370989.000000;34493.000000;0.000000;959.581116
715.000000;34159.000000;20647.000000;0.000000;408007.000000;34493.000000;0.000000;960.805664
716.000000;34159.000000;21616.000000;0.000000;367971.000000;34493.000000;0.000000;962.025635
717.000000;34159.000000;22911.000000;0.000000;371938.000000;34493.000000;0.000000;963.259399
718.000000;34159.000000;22939.000000;0.000000;310495.000000;34493.000000;0.000000;964.483887
719.000000;34159.000000;25598.000000;0.000000;249988.000000;34493.000000;0.000000;965.699341
720.000000;34159.000000;22917.000000;0.000000;333165.000000;34493.000000;0.000000;966.928345
721.000000;34159.000000;21359.000000;0.000000;367548.000000;34493.000000;0.000000;968.455750
722.000000;34159.000000;23638.000000;0.000000;295985.000000;34493.000000;0.000000;969.864197
723.000000;34159.000000;21208.000000;0.000000;406542.000000;34493.000000;0.000000;971.263611
724.000000;34159.000000;23013.000000;0.000000;364414.000000;34493.000000;0.000000;972.647888
725.000000;34159.000000;23765.000000;0.000000;306396.000000;34493.000000;0.000000;974.045837
726.000000;34159.000000;22774.000000;0.000000;365957.000000;34493.000000;0.000000;975.430054
727.000000;34159.000000;22370.000000;0.000000;321674.000000;34493.000000;0.000000;976.812744
728.000000;34159.000000;23247.000000;0.000000;320911.000000;34493.000000;0.000000;978.197754
729.000000;34159.000000;20712.000000;0.000000;423795.000000;34493.000000;0.000000;979.573853
730.000000;34159.000000;21024.000000;0.000000;408619.000000;34493.000000;0.000000;980.954468
731.000000;34159.000000;22806.000000;0.000000;340365.000000;34493.000000;0.000000;982.341003
732.000000;34159.000000;22334.000000;0.000000;377835.000000;34493.000000;0.000000;983.754333
733.000000;34159.000000;25410.000000;0.000000;264119.000000;34493.000000;0.000000;985.171753
734.000000;34159.000000;21620.000000;0.000000;393469.000000;34493.000000;0.000000;986.579590
735.000000;34159.000000;21634.000000;0.000000;372213.000000;34493.000000;0.000000;987.995911
736.000000;34159.000000;22009.000000;0.000000;384468.000000;34493.000000;0.000000;989.407959
737.000000;34159.000000;21646.000000;0.000000;420931.000000;34493.000000;0.000000;990.818665
738.000000;34159.000000;22069.000000;0.000000;381682.000000;34493.000000;0.000000;992.068481
739.000000;34159.000000;21678.000000;0.000000;352700.000000;34493.000000;0.000000;993.304016
740.000000;34159.000000;22618.000000;0.000000;401793.000000;34493.000000;0.000000;994.583496
741.000000;34159.000000;23601.000000;0.000000;305783.000000;34493.000000;0.000000;996.132263
742.000000;34159.000000;23708.000000;0.000000;286324.000000;34493.000000;0.000000;997.544678
743.000000;34159.000000;20861.000000;0.000000;436706.000000;34493.000000;0.000000;998.964783
744.000000;34159.000000;22900.000000;0.000000;321544.000000;34493.000000;0.000000;1000.437073
745.000000;34159.000000;20954.000000;0.000000;417483.000000;34493.000000;0.000000;1001.838379
746.000000;34159.000000;21610.000000;0.000000;364919.000000;34493.000000;0.000000;1003.293945
747.000000;34159.000000;22590.000000;0.000000;374513.000000;34493.000000;0.000000;1004.735229
748.000000;34159.000000;21157.000000;0.000000;401275.000000;34493.000000;0.000000;1006.125793
749.000000;34159.000000;20588.000000;0.000000;399006.000000;34493.000000;0.000000;1007.518066
750.000000;34159.000000;19647.000000;0.000000;486405.000000;34493.000000;0.000000;1008.956299
751.000000;34159.000000;22680.000000;0.000000;333051.000000;34493.000000;0.000000;1010.388184
752.000000;34159.000000;21900.000000;0.000000;372178.000000;34493.000000;0.000000;1011.799988
753.000000;34159.000000;22830.000000;0.000000;349874.000000;34493.000000;0.000000;1013.211304
754.000000;34159.000000;23199.000000;0.000000;372154.000000;34493.000000;0.000000;1014.594482
755.000000;34159.000000;20737.000000;0.000000;426057.000000;34493.000000;0.000000;1015.834778
756.000000;34159.000000;23145.000000;0.000000;338160.000000;34493.000000;0.000000;1017.085266
757.000000;34159.000000;21884.000000;0.000000;352032.000000;34493.000000;0.000000;1018.332825
758.000000;34159.000000;21777.000000;0.000000;424269.000000;34493.000000;0.000000;1019.583801
759.000000;34159.000000;19831.000000;0.000000;440685.000000;34493.000000;0.000000;1020.838867
760.000000;34159.000000;21570.000000;0.000000;385216.000000;34493.000000;0.000000;1022.098633
761.000000;34159.000000;21058.000000;0.000000;428067.000000;34493.000000;0.000000;1023.688904
762.000000;34159.000000;24368.000000;0.000000;332134.000000;34493.000000;0.000000;1025.132935
763.000000;34159.000000;21312.000000;0.000000;402859.000000;34493.000000;0.000000;1026.587158
764.000000;34159.000000;22752.000000;0.000000;316149.000000;34493.000000;0.000000;1028.012329
765.000000;34159.000000;21099.000000;0.000000;395294.000000;34493.000000;0.000000;1029.429199
766.000000;34159.000000;21461.000000;0.000000;415392.000000;34493.000000;0.000000;1030.843628
767.000000;34159.000000;22097.000000;0.000000;393397.000000;34493.000000;0.000000;1032.250488
768.000000;34159.000000;21483.000000;0.000000;417617.000000;34493.000000;0.000000;1033.666748
769.000000;34159.000000;21668.000000;0.000000;404743.000000;34493.000000;0.000000;1035.097046
770.000000;34159.000000;22731.000000;0.000000;347152.000000;34493.000000;0.000000;1036.555420
771.000000;34159.000000;24845.000000;0.000000;290294.000000;34493.000000;0.000000;1037.988525
772.000000;34159.000000;22803.000000;0.000000;376503.000000;34493.000000;0.000000;1039.419067
773.000000;34159.000000;24127.000000;0.000000;344236.000000;34493.000000;0.000000;1040.851685
774.000000;34159.000000;21897.000000;0.000000;378441.000000;34493.000000;0.000000;1042.219971
775.000000;34159.000000;22416.000000;0.000000;400616.000000;34493.000000;0.000000;1043.477661
776.000000;34159.000000;23929.000000;0.000000;306502.000000;34493.000000;0.000000;1044.755493
777.000000;34159.000000;21601.000000;0.000000;376311.000000;34493.000000;0.000000;1046.000610
778.000000;34159.000000;21480.000000;0.000000;402746.000000;34493.000000;0.000000;1047.260620
779.000000;34159.000000;21122.000000;0.000000;403171.000000;34493.000000;0.000000;1048.528442
780.000000;34159.000000;21350.000000;0.000000;387480.000000;34493.000000;0.000000;1049.796631
781.000000;34159.000000;22899.000000;0.000000;361686.000000;34493.000000;0.000000;1051.380859
782.000000;34159.000000;20790.000000;0.000000;413465.000000;34493.000000;0.000000;1052.826538
783.000000;34159.000000;23762.000000;0.000000;321367.000000;34493.000000;0.000000;1054.300171
784.000000;34159.000000;23781.000000;0.000000;324462.000000;34493.000000;0.000000;1055.739624
785.000000;34159.000000;20877.000000;0.000000;386553.000000;34493.000000;0.000000;1057.168335
786.000000;34159.000000;22728.000000;0.000000;333545.000000;34493.000000;0.000000;1058.587158
787.000000;34159.000000;23745.000000;0.000000;301894.000000;34493.000000;0.000000;1060.025024
788.000000;34159.000000;21644.000000;0.000000;367261.000000;34493.000000;0.000000;1061.459351
789.000000;34159.000000;22726.000000;0.000000;329207.000000;34493.000000;0.000000;1062.883423
790.000000;34159.000000;22265.000000;0.000000;413692.000000;34493.000000;0.000000;1064.482056
791.000000;34159.000000;24069.000000;0.000000;309437.000000;34493.000000;0.000000;1065.932983
792.000000;34159.000000;22420.000000;0.000000;373370.000000;34493.000000;0.000000;1067.447266
793.000000;34159.000000;24254.000000;0.000000;312804.000000;34493.000000;0.000000;1068.902588
794.000000;34159.000000;21852.000000;0.000000;395749.000000;34493.000000;0.000000;1070.242432
795.000000;34159.000000;23066.000000;0.000000;360330.000000;34493.000000;0.000000;1071.509277
796.000000;34159.000000;21861.000000;0.000000;405627.000000;34493.000000;0.000000;1072.779785
797.000000;34159.000000;21125.000000;0.000000;413992.000000;34493.000000;0.000000;1074.076050
798.000000;34159.000000;20330.000000;0.000000;446689.000000;34493.000000;0.000000;1075.349976
799.000000;34159.000000;22915.000000;0.000000;352305.000000;34493.000000;0.000000;1076.619385
800.000000;34159.000000;21821.000000;0.000000;398264.000000;34493.000000;0.000000;1077.896484
801.000000;34159.000000;22512.000000;0.000000;364469.000000;34493.000000;0.000000;1079.506714
802.000000;34159.000000;23212.000000;0.000000;359475.000000;34493.000000;0.000000;1080.978271
803.000000;34159.000000;23947.000000;0.000000;299080.000000;34493.000000;0.000000;1082.452881
804.000000;34159.000000;21950.000000;0.000000;406510.000000;34493.000000;0.000000;1083.903564
805.000000;34159.000000;22255.000000;0.000000;377712.000000;34493.000000;0.000000;1085.392212
806.000000;34159.000000;21430.000000;0.000000;369641.000000;34493.000000;0.000000;1086.839478
807.000000;34159.000000;22467.000000;0.000000;362593.000000;34493.000000;0.000000;1088.286011
808.000000;34159.000000;23031.000000;0.000000;354796.000000;34493.000000;0.000000;1089.728882
809.000000;34159.000000;21389.000000;0.000000;423381.000000;34493.000000;0.000000;1091.175415
810.000000;34159.000000;22106.000000;0.000000;398026.000000;34493.000000;0.000000;1092.672119
811.000000;34159.000000;21119.000000;0.000000;409439.000000;34493.000000;0.000000;1094.143311
812.000000;34159.000000;23001.000000;0.000000;332078.000000;34493.000000;0.000000;1095.622314
813.000000;34159.000000;21307.000000;0.000000;358869.000000;34493.000000;0.000000;1097.083130
814.000000;34159.000000;21634.000000;0.000000;420065.000000;34493.000000;0.000000;1098.422852
815.000000;34159.000000;24400.000000;0.000000;305438.000000;34493.000000;0.000000;1099.712769
816.000000;34159.000000;23719.000000;0.000000;339305.000000;34493.000000;0.000000;1100.993408
817.000000;34159.000000;22412.000000;0.000000;378990.000000;34493.000000;0.000000;1102.276978
818.000000;34159.000000;21167.000000;0.000000;433212.000000;34493.000000;0.000000;1103.564087
819.000000;34159.000000;21858.000000;0.000000;367602.000000;34493.000000;0.000000;1104.879028
820.000000;34159.000000;21239.000000;0.000000;407624.000000;34493.000000;0.000000;1106.165283
821.000000;34159.000000;22940.000000;0.000000;330792.000000;34493.000000;0.000000;1107.793579
822.000000;34159.000000;23331.000000;0.000000;337212.000000;34493.000000;0.000000;1109.288208
823.000000;34159.000000;26272.000000;0.000000;272069.000000;34493.000000;0.000000;1110.784668
824.000000;34159.000000;24066.000000;0.000000;272686.000000;34493.000000;0.000000;1112.261230
825.000000;34159.000000;22013.000000;0.000000;430058.000000;34493.000000;0.000000;1113.725342
826.000000;34159.000000;22806.000000;0.000000;375022.000000;34493.000000;0.000000;1115.223145
827.000000;34159.000000;23118.000000;0.000000;334818.000000;34493.000000;0.000000;1116.688354
828.000000;34159.000000;21710.000000;0.000000;385804.000000;34493.000000;0.000000;1118.143311
829.000000;34159.000000;21861.000000;0.000000;372833.000000;34493.000000;0.000000;1119.608521
830.000000;34159.000000;20104.000000;0.000000;397194.000000;34493.000000;0.000000;1121.127808
831.000000;34159.000000;22779.000000;0.000000;352965.000000;34493.000000;0.000000;1122.612549
832.000000;34159.000000;21679.000000;0.000000;344623.000000;34493.000000;0.000000;1124.219116
833.000000;34159.000000;22248.000000;0.000000;362693.000000;34493.000000;0.000000;1125.736206
834.000000;34159.000000;22823.000000;0.000000;336190.000000;34493.000000;0.000000;1127.038452
835.000000;34159.000000;20993.000000;0.000000;369749.000000;34493.000000;0.000000;1128.329712
836.000000;34159.000000;23644.000000;0.000000;338931.000000;34493.000000;0.000000;1129.634277
837.000000;34159.000000;22343.000000;0.000000;387872.000000;34493.000000;0.000000;1130.929199
838.000000;34159.000000;24635.000000;0.000000;294051.000000;34493.000000;0.000000;1132.220337
839.000000;34159.000000;22225.000000;0.000000;377340.000000;34493.000000;0.000000;1133.521606
840.000000;34159.000000;22156.000000;0.000000;409028.000000;34493.000000;0.000000;1134.837280
841.000000;34159.000000;21539.000000;0.000000;344141.000000;34493.000000;0.000000;1136.549927
842.000000;34159.000000;22230.000000;0.000000;361627.000000;34493.000000;0.000000;1138.062744
843.000000;34159.000000;22236.000000;0.000000;357926.000000;34493.000000;0.000000;1139.577148
844.000000;34159.000000;19990.000000;0.000000;447281.000000;34493.000000;0.000000;1141.067505
845.000000;34159.000000;23365.000000;0.000000;361060.000000;34493.000000;0.000000;1142.542603
846.000000;34159.000000;21339.000000;0.000000;357661.000000;34493.000000;0.000000;1144.023682
847.000000;34159.000000;22222.000000;0.000000;402853.000000;34493.000000;0.000000;1145.532104
848.000000;34159.000000;21232.000000;0.000000;448088.000000;34493.000000;0.000000;1147.021362
849.000000;34159.000000;23348.000000;0.000000;378668.000000;34493.000000;0.000000;1148.503174
850.000000;34159.000000;21651.000000;0.000000;376091.000000;34493.000000;0.000000;1150.048218
851.000000;34159.000000;21006.000000;0.000000;422645.000000;34493.000000;0.000000;1151.552002
852.000000;34159.000000;21948.000000;0.000000;370979.000000;34493.000000;0.000000;1153.056274
853.000000;34159.000000;21046.000000;0.000000;423995.000000;34493.000000;0.000000;1154.590698
854.000000;34159.000000;20829.000000;0.000000;434902.000000;34493.000000;0.000000;1155.924316
855.000000;34159.000000;21971.000000;0.000000;426084.000000;34493.000000;0.000000;1157.228760
856.000000;34159.000000;21549.000000;0.000000;440524.000000;34493.000000;0.000000;1158.541870
857.000000;34159.000000;25318.000000;0.000000;287612.000000;34493.000000;0.000000;1159.853149
858.000000;34159.000000;19896.000000;0.000000;427725.000000;34493.000000;0.000000;1161.213257
859.000000;34159.000000;24340.000000;0.000000;281410.000000;34493.000000;0.000000;1162.524780
860.000000;34159.000000;21523.000000;0.000000;390763.000000;34493.000000;0.000000;1163.841187
861.000000;34159.000000;23428.000000;0.000000;296538.000000;34493.000000;0.000000;1165.532715
862.000000;34159.000000;21322.000000;0.000000;394640.000000;34493.000000;0.000000;1167.029053
863.000000;34159.000000;24683.000000;0.000000;264749.000000;34493.000000;0.000000;1168.493286
864.000000;34159.000000;21256.000000;0.000000;353210.000000;34493.000000;0.000000;1169.936157
865.000000;34159.000000;22469.000000;0.000000;343471.000000;34493.000000;0.000000;1171.381470
866.000000;34159.000000;20775.000000;0.000000;438933.000000;34493.000000;0.000000;1172.829224
867.000000;34159.000000;23853.000000;0.000000;321417.000000;34493.000000;0.000000;1174.402954
868.000000;34159.000000;21769.000000;0.000000;400108.000000;34493.000000;0.000000;1175.888550
869.000000;34159.000000;20900.000000;0.000000;394486.000000;34493.000000;0.000000;1177.325439
870.000000;34159.000000;19749.000000;0.000000;431157.000000;34493.000000;0.000000;1178.811523
871.000000;34159.000000;22413.000000;0.000000;348273.000000;34493.000000;0.000000;1180.277466
872.000000;34159.000000;21315.000000;0.000000;392613.000000;34493.000000;0.000000;1181.738159
873.000000;34159.000000;23844.000000;0.000000;323506.000000;34493.000000;0.000000;1183.223022
874.000000;34159.000000;21888.000000;0.000000;422111.000000;34493.000000;0.000000;1184.614136
875.000000;34159.000000;23274.000000;0.000000;336242.000000;34493.000000;0.000000;1185.919556
876.000000;34159.000000;22283.000000;0.000000;402276.000000;34493.000000;0.000000;1187.200562
877.000000;34159.000000;24037.000000;0.000000;337612.000000;34493.000000;0.000000;1188.479248
878.000000;34159.000000;22630.000000;0.000000;343194.000000;34493.000000;0.000000;1189.753906
879.000000;34159.000000;21685.000000;0.000000;369259.000000;34493.000000;0.000000;1191.037964
880.000000;34159.000000;23590.000000;0.000000;364735.000000;34493.000000;0.000000;1192.313354
881.000000;34159.000000;21891.000000;0.000000;355707.000000;34493.000000;0.000000;1193.915894
882.000000;34159.000000;20956.000000;0.000000;391087.000000;34493.000000;0.000000;1195.413086
883.000000;34159.000000;22189.000000;0.000000;360655.000000;34493.000000;0.000000;1196.870972
884.000000;34159.000000;23271.000000;0.000000;339775.000000;34493.000000;0.000000;1198.363037
885.000000;34159.000000;21915.000000;0.000000;400461.000000;34493.000000;0.000000;1199.766724
886.000000;34159.000000;23252.000000;0.000000;340522.000000;34493.000000;0.000000;1201.351440
887.000000;34159.000000;21086.000000;0.000000;416737.000000;34493.000000;0.000000;1202.774902
888.000000;34159.000000;23696.000000;0.000000;332778.000000;34493.000000;0.000000;1204.178223
889.000000;34159.000000;21824.000000;0.000000;368163.000000;34493.000000;0.000000;1205.620239
890.000000;34159.000000;20985.000000;0.000000;425259.000000;34493.000000;0.000000;1207.076294
891.000000;34159.000000;21062.000000;0.000000;408463.000000;34493.000000;0.000000;1208.498413
892.000000;34159.000000;21336.000000;0.000000;383065.000000;34493.000000;0.000000;1209.920654
893.000000;34159.000000;22379.000000;0.000000;374076.000000;34493.000000;0.000000;1211.346924
894.000000;34159.000000;22726.000000;0.000000;346364.000000;34493.000000;0.000000;1212.681885
895.000000;34159.000000;21920.000000;0.000000;346997.000000;34493.000000;0.000000;1213.926392
896.000000;34159.000000;20408.000000;0.000000;403542.000000;34493.000000;0.000000;1215.230591
897.000000;34159.000000;21845.000000;0.000000;409486.000000;34493.000000;0.000000;1216.481689
898.000000;34159.000000;21297.000000;0.000000;428325.000000;34493.000000;0.000000;1217.729858
899.000000;34159.000000;20696.000000;0.000000;418812.000000;34493.000000;0.000000;1218.986206
900.000000;34159.000000;21980.000000;0.000000;409372.000000;34493.000000;0.000000;1220.249512
901.000000;34159.000000;21867.000000;0.000000;389547.000000;34493.000000;0.000000;1221.809448
902.000000;34159.000000;22732.000000;0.000000;346642.000000;34493.000000;0.000000;1223.230347
903.000000;34159.000000;22270.000000;0.000000;352724.000000;34493.000000;0.000000;1224.659668
904.000000;34159.000000;22898.000000;0.000000;354126.000000;34493.000000;0.000000;1226.099609
905.000000;34159.000000;23454.000000;0.000000;331160.000000;34493.000000;0.000000;1227.477173
906.000000;34159.000000;21751.000000;0.000000;370021.000000;34493.000000;0.000000;1228.851196
907.000000;34159.000000;23159.000000;0.000000;330347.000000;34493.000000;0.000000;1230.223022
908.000000;34159.000000;20406.000000;0.000000;419811.000000;34493.000000;0.000000;1231.594116
909.000000;34159.000000;21225.000000;0.000000;441095.000000;34493.000000;0.000000;1232.968384
910.000000;34159.000000;22234.000000;0.000000;382895.000000;34493.000000;0.000000;1234.401245
911.000000;34159.000000;20938.000000;0.000000;459441.000000;34493.000000;0.000000;1235.826416
912.000000;34159.000000;23619.000000;0.000000;329623.000000;34493.000000;0.000000;1237.224854
913.000000;34159.000000;21858.000000;0.000000;394172.000000;34493.000000;0.000000;1238.619507
914.000000;34159.000000;25091.000000;0.000000;268291.000000;34493.000000;0.000000;1239.989746
915.000000;34159.000000;22100.000000;0.000000;378483.000000;34493.000000;0.000000;1241.320068
916.000000;34159.000000;22303.000000;0.000000;331456.000000;34493.000000;0.000000;1242.544556
917.000000;34159.000000;23284.000000;0.000000;300972.000000;34493.000000;0.000000;1243.870728
918.000000;34159.000000;21981.000000;0.000000;371707.000000;34493.000000;0.000000;1245.093140
919.000000;34159.000000;22190.000000;0.000000;316678.000000;34493.000000;0.000000;1246.331299
920.000000;34159.000000;20923.000000;0.000000;457793.000000;34493.000000;0.000000;1247.546509
921.000000;34159.000000;21377.000000;0.000000;362559.000000;34493.000000;0.000000;1249.072510
922.000000;34159.000000;22138.000000;0.000000;363319.000000;34493.000000;0.000000;1250.475342
923.000000;34159.000000;21673.000000;0.000000;347300.000000;34493.000000;0.000000;1251.882080
924.000000;34159.000000;20182.000000;0.000000;474840.000000;34493.000000;0.000000;1253.270508
925.000000;34159.000000;21998.000000;0.000000;346268.000000;34493.000000;0.000000;1254.649292
926.000000;34159.000000;22489.000000;0.000000;299282.000000;34493.000000;0.000000;1256.058960
927.000000;34159.000000;20905.000000;0.000000;411825.000000;34493.000000;0.000000;1257.410034
928.000000;34159.000000;21737.000000;0.000000;387125.000000;34493.000000;0.000000;1258.757446
929.000000;34159.000000;21305.000000;0.000000;412726.000000;34493.000000;0.000000;1260.106689
930.000000;34159.000000;22055.000000;0.000000;341806.000000;34493.000000;0.000000;1261.454590
931.000000;34159.000000;21888.000000;0.000000;387471.000000;34493.000000;0.000000;1262.802612
932.000000;34159.000000;21430.000000;0.000000;379623.000000;34493.000000;0.000000;1264.148682
933.000000;34159.000000;21037.000000;0.000000;410548.000000;34493.000000;0.000000;1265.527100
934.000000;34159.000000;20778.000000;0.000000;457129.000000;34493.000000;0.000000;1266.883301
935.000000;34159.000000;21647.000000;0.000000;407621.000000;34493.000000;0.000000;1268.262695
936.000000;34159.000000;22281.000000;0.000000;388650.000000;34493.000000;0.000000;1269.629395
937.000000;34159.000000;21018.000000;0.000000;435895.000000;34493.000000;0.000000;1270.988892
938.000000;34159.000000;23710.000000;0.000000;301203.000000;34493.000000;0.000000;1272.350708
939.000000;34159.000000;22676.000000;0.000000;377551.000000;34493.000000;0.000000;1273.711670
940.000000;34159.000000;23904.000000;0.000000;321922.000000;34493.000000;0.000000;1274.936646
941.000000;34159.000000;20445.000000;0.000000;431654.000000;34493.000000;0.000000;1276.431152
942.000000;34159.000000;21771.000000;0.000000;385587.000000;34493.000000;0.000000;1277.798462
943.000000;34159.000000;23414.000000;0.000000;349522.000000;34493.000000;0.000000;1279.159424
944.000000;34159.000000;24337.000000;0.000000;299636.000000;34493.000000;0.000000;1280.513062
945.000000;34159.000000;21249.000000;0.000000;384437.000000;34493.000000;0.000000;1281.863159
946.000000;34159.000000;23773.000000;0.000000;349021.000000;34493.000000;0.000000;1283.211426
947.000000;34159.000000;21687.000000;0.000000;410993.000000;34493.000000;0.000000;1284.558472
948.000000;34159.000000;23410.000000;0.000000;341129.000000;34493.000000;0.000000;1285.932861
949.000000;34159.000000;22524.000000;0.000000;310776.000000;34493.000000;0.000000;1287.263550
950.000000;34159.000000;21481.000000;0.000000;405735.000000;34493.000000;0.000000;1288.661621
951.000000;34159.000000;22698.000000;0.000000;386545.000000;34493.000000;0.000000;1290.030762
952.000000;34159.000000;21575.000000;0.000000;417922.000000;34493.000000;0.000000;1291.375610
953.000000;34159.000000;22609.000000;0.000000;330692.000000;34493.000000;0.000000;1292.714966
954.000000;34159.000000;21853.000000;0.000000;408551.000000;34493.000000;0.000000;1294.052612
955.000000;34159.000000;22400.000000;0.000000;335635.000000;34493.000000;0.000000;1295.302490
956.000000;34159.000000;23002.000000;0.000000;391304.000000;34493.000000;0.000000;1296.536255
957.000000;34159.000000;21863.000000;0.000000;347052.000000;34493.000000;0.000000;1297.718872
958.000000;34159.000000;22162.000000;0.000000;422597.000000;34493.000000;0.000000;1298.890991
959.000000;34159.000000;23235.000000;0.000000;333958.000000;34493.000000;0.000000;1300.114868
960.000000;34159.000000;21559.000000;0.000000;410371.000000;34493.000000;0.000000;1301.322266
961.000000;34159.000000;20922.000000;0.000000;371301.000000;34493.000000;0.000000;1302.967896
962.000000;34159.000000;21356.000000;0.000000;370068.000000;34493.000000;0.000000;1304.438843
963.000000;34159.000000;20600.000000;0.000000;395231.000000;34493.000000;0.000000;1305.804321
964.000000;34159.000000;22556.000000;0.000000;361163.000000;34493.000000;0.000000;1307.133911
965.000000;34159.000000;22228.000000;0.000000;346260.000000;34493.000000;0.000000;1308.453369
966.000000;34159.000000;22040.000000;0.000000;336059.000000;34493.000000;0.000000;1309.785034
967.000000;34159.000000;22298.000000;0.000000;403191.000000;34493.000000;0.000000;1311.113403
968.000000;34159.000000;25758.000000;0.000000;301492.000000;34493.000000;0.000000;1312.443970
969.000000;34159.000000;21110.000000;0.000000;384847.000000;34493.000000;0.000000;1313.770996
970.000000;34159.000000;21320.000000;0.000000;425663.000000;34493.000000;0.000000;1315.117065
971.000000;34159.000000;21976.000000;0.000000;371781.000000;34493.000000;0.000000;1316.503906
972.000000;34159.000000;21523.000000;0.000000;386116.000000;34493.000000;0.000000;1317.859375
973.000000;34159.000000;21874.000000;0.000000;381828.000000;34493.000000;0.000000;1319.209839
974.000000;34159.000000;22517.000000;0.000000;341100.000000;34493.000000;0.000000;1320.562622
975.000000;34159.000000;20707.000000;0.000000;404764.000000;34493.000000;0.000000;1321.793945
976.000000;34159.000000;22079.000000;0.000000;355943.000000;34493.000000;0.000000;1322.985596
977.000000;34159.000000;20525.000000;0.000000;426749.000000;34493.000000;0.000000;1324.169800
978.000000;34159.000000;22203.000000;0.000000;400004.000000;34493.000000;0.000000;1325.370605
979.000000;34159.000000;22334.000000;0.000000;357934.000000;34493.000000;0.000000;1326.595459
980.000000;34159.000000;22480.000000;0.000000;356556.000000;34493.000000;0.000000;1327.854492
981.000000;34159.000000;21261.000000;0.000000;434955.000000;34493.000000;0.000000;1329.330933
982.000000;34159.000000;21669.000000;0.000000;364162.000000;34493.000000;0.000000;1330.699707
983.000000;34159.000000;23738.000000;0.000000;338657.000000;34493.000000;0.000000;1332.067627
984.000000;34159.000000;21764.000000;0.000000;395002.000000;34493.000000;0.000000;1333.420410
985.000000;34159.000000;22597.000000;0.000000;381105.000000;34493.000000;0.000000;1334.768433
986.000000;34159.000000;23297.000000;0.000000;377601.000000;34493.000000;0.000000;1336.132812
987.000000;34159.000000;22222.000000;0.000000;391215.000000;34493.000000;0.000000;1337.936890
988.000000;34159.000000;22800.000000;0.000000;325427.000000;34493.000000;0.000000;1339.334229
989.000000;34159.000000;21084.000000;0.000000;409786.000000;34493.000000;0.000000;1340.678223
990.000000;34159.000000;22537.000000;0.000000;391036.000000;34493.000000;0.000000;1342.052246
991.000000;34159.000000;21886.000000;0.000000;364483.000000;34493.000000;0.000000;1343.408691
992.000000;34159.000000;22215.000000;0.000000;413642.000000;34493.000000;0.000000;1344.762451
993.000000;34159.000000;22831.000000;0.000000;394023.000000;34493.000000;0.000000;1346.136108
994.000000;34159.000000;21556.000000;0.000000;411334.000000;34493.000000;0.000000;1347.479980
995.000000;34159.000000;21947.000000;0.000000;373288.000000;34493.000000;0.000000;1348.680176
996.000000;34159.000000;23663.000000;0.000000;311244.000000;34493.000000;0.000000;1349.874390
997.000000;34159.000000;23124.000000;0.000000;330158.000000;34493.000000;0.000000;1351.069946
998.000000;34159.000000;23094.000000;0.000000;351411.000000;34493.000000;0.000000;1352.271362
999.000000;34159.000000;21829.000000;0.000000;376435.000000;34493.000000;0.000000;1353.475952
1000.000000;34159.000000;22884.000000;0.000000;335427.000000;34493.000000;0.000000;1354.697632
1001.000000;34159.000000;23000.000000;0.000000;356896.000000;34493.000000;0.000000;1356.218018
1002.000000;34159.000000;21967.000000;0.000000;423493.000000;34493.000000;0.000000;1357.591187
1003.000000;34159.000000;21619.000000;0.000000;381961.000000;34493.000000;0.000000;1358.964844
1004.000000;34159.000000;22287.000000;0.000000;368686.000000;34493.000000;0.000000;1360.329712
1005.000000;34159.000000;22032.000000;0.000000;394512.000000;34493.000000;0.000000;1361.686035
1006.000000;34159.000000;21632.000000;0.000000;382614.000000;34493.000000;0.000000;1363.041504
1007.000000;34159.000000;23665.000000;0.000000;353125.000000;34493.000000;0.000000;1364.469360
1008.000000;34159.000000;21884.000000;0.000000;378669.000000;34493.000000;0.000000;1365.842773
1009.000000;34159.000000;22098.000000;0.000000;385135.000000;34493.000000;0.000000;1367.217896
1010.000000;34159.000000;20597.000000;0.000000;439955.000000;34493.000000;0.000000;1368.597534
1011.000000;34159.000000;21787.000000;0.000000;384690.000000;34493.000000;0.000000;1369.964600
1012.000000;34159.000000;22730.000000;0.000000;357547.000000;34493.000000;0.000000;1371.324951
1013.000000;34159.000000;21314.000000;0.000000;399761.000000;34493.000000;0.000000;1372.689087
1014.000000;34159.000000;21556.000000;0.000000;357195.000000;34493.000000;0.000000;1374.050659
1015.000000;34159.000000;21753.000000;0.000000;409134.000000;34493.000000;0.000000;1375.281982
1016.000000;34159.000000;22038.000000;0.000000;361419.000000;34493.000000;0.000000;1376.522461
1017.000000;34159.000000;21998.000000;0.000000;364027.000000;34493.000000;0.000000;1377.737061
1018.000000;34159.000000;21128.000000;0.000000;433519.000000;34493.000000;0.000000;1378.951172
1019.000000;34159.000000;22374.000000;0.000000;405931.000000;34493.000000;0.000000;1380.166870
1020.000000;34159.000000;21335.000000;0.000000;389726.000000;34493.000000;0.000000;1381.382690
1021.000000;34159.000000;22715.000000;0.000000;355817.000000;34493.000000;0.000000;1382.884399
1022.000000;34159.000000;22526.000000;0.000000;372776.000000;34493.000000;0.000000;1384.372559
1023.000000;34159.000000;21584.000000;0.000000;360190.000000;34493.000000;0.000000;1385.787354
1024.000000;34159.000000;21049.000000;0.000000;437439.000000;34493.000000;0.000000;1387.186035
1025.000000;34159.000000;21624.000000;0.000000;373095.000000;34493.000000;0.000000;1388.553833
1026.000000;34159.000000;20824.000000;0.000000;383708.000000;34493.000000;0.000000;1389.919556
1027.000000;34159.000000;23108.000000;0.000000;345062.000000;34493.000000;0.000000;1391.288208
1028.000000;34159.000000;22522.000000;0.000000;364537.000000;34493.000000;0.000000;1392.656372
1029.000000;34159.000000;22424.000000;0.000000;386929.000000;34493.000000;0.000000;1394.024902
1030.000000;34159.000000;22066.000000;0.000000;420768.000000;34493.000000;0.000000;1395.431763
1031.000000;34159.000000;22687.000000;0.000000;336627.000000;34493.000000;0.000000;1396.852783
1032.000000;34159.000000;22463.000000;0.000000;361738.000000;34493.000000;0.000000;1398.238159
1033.000000;34159.000000;22682.000000;0.000000;334768.000000;34493.000000;0.000000;1399.621460
1034.000000;34159.000000;22033.000000;0.000000;384856.000000;34493.000000;0.000000;1400.996948
1035.000000;34159.000000;21168.000000;0.000000;354931.000000;34493.000000;0.000000;1402.226807
1036.000000;34159.000000;23692.000000;0.000000;373792.000000;34493.000000;0.000000;1403.438965
1037.000000;34159.000000;25338.000000;0.000000;310465.000000;34493.000000;0.000000;1404.651367
1038.000000;34159.000000;22335.000000;0.000000;374338.000000;34493.000000;0.000000;1405.865723
1039.000000;34159.000000;22211.000000;0.000000;353225.000000;34493.000000;0.000000;1407.111816
1040.000000;34159.000000;21915.000000;0.000000;384939.000000;34493.000000;0.000000;1408.327881
1041.000000;34159.000000;22587.000000;0.000000;372360.000000;34493.000000;0.000000;1409.848511
1042.000000;34159.000000;21842.000000;0.000000;390179.000000;34493.000000;0.000000;1411.262817
1043.000000;34159.000000;23913.000000;0.000000;331606.000000;34493.000000;0.000000;1412.673584
1044.000000;34159.000000;21952.000000;0.000000;378855.000000;34493.000000;0.000000;1414.063599
1045.000000;34159.000000;20471.000000;0.000000;424726.000000;34493.000000;0.000000;1415.457275
1046.000000;34159.000000;21157.000000;0.000000;392197.000000;34493.000000;0.000000;1416.946167
1047.000000;34159.000000;22382.000000;0.000000;343866.000000;34493.000000;0.000000;1418.331787
1048.000000;34159.000000;21676.000000;0.000000;400348.000000;34493.000000;0.000000;1419.714600
1049.000000;34159.000000;22144.000000;0.000000;402105.000000;34493.000000;0.000000;1421.095703
1050.000000;34159.000000;22716.000000;0.000000;359848.000000;34493.000000;0.000000;1422.542480
1051.000000;34159.000000;21916.000000;0.000000;399811.000000;34493.000000;0.000000;1424.062866
1052.000000;34159.000000;23466.000000;0.000000;317065.000000;34493.000000;0.000000;1425.465454
1053.000000;34159.000000;23604.000000;0.000000;359788.000000;34493.000000;0.000000;1426.900757
1054.000000;34159.000000;21730.000000;0.000000;370404.000000;34493.000000;0.000000;1428.239502
1055.000000;34159.000000;22208.000000;0.000000;328935.000000;34493.000000;0.000000;1429.455322
1056.000000;34159.000000;20493.000000;0.000000;417425.000000;34493.000000;0.000000;1430.669556
1057.000000;34159.000000;21738.000000;0.000000;399866.000000;34493.000000;0.000000;1431.884644
1058.000000;34159.000000;22397.000000;0.000000;400972.000000;34493.000000;0.000000;1433.101929
1059.000000;34159.000000;22344.000000;0.000000;352194.000000;34493.000000;0.000000;1434.317993
1060.000000;34159.000000;20631.000000;0.000000;409544.000000;34493.000000;0.000000;1435.531860
1061.000000;34159.000000;23742.000000;0.000000;341768.000000;34493.000000;0.000000;1437.080200
1062.000000;34159.000000;21534.000000;0.000000;419088.000000;34493.000000;0.000000;1438.495361
1063.000000;34159.000000;21519.000000;0.000000;404251.000000;34493.000000;0.000000;1439.918091
1064.000000;34159.000000;21693.000000;0.000000;377459.000000;34493.000000;0.000000;1441.324707
1065.000000;34159.000000;23015.000000;0.000000;324149.000000;34493.000000;0.000000;1442.723267
1066.000000;34159.000000;21064.000000;0.000000;390083.000000;34493.000000;0.000000;1444.118408
1067.000000;34159.000000;21719.000000;0.000000;429859.000000;34493.000000;0.000000;1445.510010
1068.000000;34159.000000;24165.000000;0.000000;287934.000000;34493.000000;0.000000;1446.937988
1069.000000;34159.000000;22845.000000;0.000000;352571.000000;34493.000000;0.000000;1448.333496
1070.000000;34159.000000;21120.000000;0.000000;435284.000000;34493.000000;0.000000;1449.729736
1071.000000;34159.000000;22502.000000;0.000000;362818.000000;34493.000000;0.000000;1451.125000
1072.000000;34159.000000;22575.000000;0.000000;364912.000000;34493.000000;0.000000;1452.519531
1073.000000;34159.000000;21619.000000;0.000000;398200.000000;34493.000000;0.000000;1453.958374
1074.000000;34159.000000;24564.000000;0.000000;307379.000000;34493.000000;0.000000;1455.375000
1075.000000;34159.000000;22061.000000;0.000000;351858.000000;34493.000000;0.000000;1456.821899
1076.000000;34159.000000;21611.000000;0.000000;389218.000000;34493.000000;0.000000;1458.294800
1077.000000;34159.000000;21477.000000;0.000000;370937.000000;34493.000000;0.000000;1459.641357
1078.000000;34159.000000;22770.000000;0.000000;342468.000000;34493.000000;0.000000;1460.874146
1079.000000;34159.000000;21351.000000;0.000000;387463.000000;34493.000000;0.000000;1462.103394
1080.000000;34159.000000;22662.000000;0.000000;407504.000000;34493.000000;0.000000;1463.341431
1081.000000;34159.000000;22455.000000;0.000000;395228.000000;34493.000000;0.000000;1464.873657
1082.000000;34159.000000;21870.000000;0.000000;292742.000000;34493.000000;0.000000;1466.295898
1083.000000;34159.000000;21681.000000;0.000000;414321.000000;34493.000000;0.000000;1467.763794
1084.000000;34159.000000;23559.000000;0.000000;325697.000000;34493.000000;0.000000;1469.191040
1085.000000;34159.000000;23365.000000;0.000000;307558.000000;34493.000000;0.000000;1470.602051
1086.000000;34159.000000;22275.000000;0.000000;376280.000000;34493.000000;0.000000;1472.010742
1087.000000;34159.000000;23309.000000;0.000000;336978.000000;34493.000000;0.000000;1473.426514
1088.000000;34159.000000;21935.000000;0.000000;343440.000000;34493.000000;0.000000;1474.861328
1089.000000;34159.000000;24779.000000;0.000000;296226.000000;34493.000000;0.000000;1476.274658
1090.000000;34159.000000;22534.000000;0.000000;363350.000000;34493.000000;0.000000;1477.758423
1091.000000;34159.000000;23040.000000;0.000000;305056.000000;34493.000000;0.000000;1479.189087
1092.000000;34159.000000;21563.000000;0.000000;371149.000000;34493.000000;0.000000;1480.618408
1093.000000;34159.000000;21788.000000;0.000000;386170.000000;34493.000000;0.000000;1482.046875
1094.000000;34159.000000;22782.000000;0.000000;357727.000000;34493.000000;0.000000;1483.454102
1095.000000;34159.000000;21679.000000;0.000000;380197.000000;34493.000000;0.000000;1484.731934
1096.000000;34159.000000;23316.000000;0.000000;348552.000000;34493.000000;0.000000;1485.980591
1097.000000;34159.000000;21929.000000;0.000000;384897.000000;34493.000000;0.000000;1487.253662
1098.000000;34159.000000;22336.000000;0.000000;359262.000000;34493.000000;0.000000;1488.494385
1099.000000;34159.000000;23233.000000;0.000000;364188.000000;34493.000000;0.000000;1489.731445
1100.000000;34159.000000;21809.000000;0.000000;355485.000000;34493.000000;0.000000;1490.969849
1101.000000;34159.000000;23314.000000;0.000000;346628.000000;34493.000000;0.000000;1492.534058
1102.000000;34159.000000;22787.000000;0.000000;367208.000000;34493.000000;0.000000;1493.979614
1103.000000;34159.000000;24091.000000;0.000000;322648.000000;34493.000000;0.000000;1495.415283
1104.000000;34159.000000;22092.000000;0.000000;386155.000000;34493.000000;0.000000;1496.848267
1105.000000;34159.000000;23322.000000;0.000000;301367.000000;34493.000000;0.000000;1498.307739
1106.000000;34159.000000;21928.000000;0.000000;399020.000000;34493.000000;0.000000;1499.734497
1107.000000;34159.000000;25089.000000;0.000000;312916.000000;34493.000000;0.000000;1501.184082
1108.000000;34159.000000;20573.000000;0.000000;442531.000000;34493.000000;0.000000;1502.633545
1109.000000;34159.000000;23501.000000;0.000000;310247.000000;34493.000000;0.000000;1504.052856
1110.000000;34159.000000;24584.000000;0.000000;294954.000000;34493.000000;0.000000;1505.527588
1111.000000;34159.000000;20944.000000;0.000000;414690.000000;34493.000000;0.000000;1506.984619
1112.000000;34159.000000;21753.000000;0.000000;383524.000000;34493.000000;0.000000;1508.447510
1113.000000;34159.000000;21273.000000;0.000000;472837.000000;34493.000000;0.000000;1509.896729
1114.000000;34159.000000;21613.000000;0.000000;396126.000000;34493.000000;0.000000;1511.233276
1115.000000;34159.000000;22802.000000;0.000000;341390.000000;34493.000000;0.000000;1512.498901
1116.000000;34159.000000;22909.000000;0.000000;331971.000000;34493.000000;0.000000;1513.765137
1117.000000;34159.000000;23779.000000;0.000000;329951.000000;34493.000000;0.000000;1515.039062
1118.000000;34159.000000;21366.000000;0.000000;388388.000000;34493.000000;0.000000;1516.300781
1119.000000;34159.000000;20450.000000;0.000000;449270.000000;34493.000000;0.000000;1517.596802
1120.000000;34159.000000;21806.000000;0.000000;402765.000000;34493.000000;0.000000;1518.962769
1121.000000;34159.000000;23237.000000;0.000000;309477.000000;34493.000000;0.000000;1520.734985
1122.000000;34159.000000;20637.000000;0.000000;414314.000000;34493.000000;0.000000;1522.485596
1123.000000;34159.000000;21622.000000;0.000000;395087.000000;34493.000000;0.000000;1524.695679
1124.000000;34159.000000;19838.000000;0.000000;502648.000000;34493.000000;0.000000;1526.615601
1125.000000;34159.000000;21023.000000;0.000000;432114.000000;34493.000000;0.000000;1528.161743
1126.000000;34159.000000;24785.000000;0.000000;337013.000000;34493.000000;0.000000;1529.605469
1127.000000;34159.000000;23581.000000;0.000000;366696.000000;34493.000000;0.000000;1531.048584
1128.000000;34159.000000;23049.000000;0.000000;326032.000000;34493.000000;0.000000;1532.496948
1129.000000;34159.000000;22338.000000;0.000000;365258.000000;34493.000000;0.000000;1533.995605
1130.000000;34159.000000;21857.000000;0.000000;369657.000000;34493.000000;0.000000;1535.471436
1131.000000;34159.000000;24677.000000;0.000000;296117.000000;34493.000000;0.000000;1537.038452
1132.000000;34159.000000;22728.000000;0.000000;347405.000000;34493.000000;0.000000;1538.976440
1133.000000;34159.000000;19634.000000;0.000000;429078.000000;34493.000000;0.000000;1540.653198
1134.000000;34159.000000;20784.000000;0.000000;408758.000000;34493.000000;0.000000;1541.917236
1135.000000;34159.000000;23293.000000;0.000000;311262.000000;34493.000000;0.000000;1543.220947
1136.000000;34159.000000;21898.000000;0.000000;365493.000000;34493.000000;0.000000;1544.562622
1137.000000;34159.000000;22784.000000;0.000000;394050.000000;34493.000000;0.000000;1545.839844
1138.000000;34159.000000;23270.000000;0.000000;349088.000000;34493.000000;0.000000;1547.119629
1139.000000;34159.000000;21838.000000;0.000000;353659.000000;34493.000000;0.000000;1548.428955
1140.000000;34159.000000;21468.000000;0.000000;327352.000000;34493.000000;0.000000;1549.712524
1141.000000;34159.000000;22523.000000;0.000000;348834.000000;34493.000000;0.000000;1551.392456
1142.000000;34159.000000;21222.000000;0.000000;366575.000000;34493.000000;0.000000;1552.869751
1143.000000;34159.000000;21415.000000;0.000000;401150.000000;34493.000000;0.000000;1554.343872
1144.000000;34159.000000;20884.000000;0.000000;375054.000000;34493.000000;0.000000;1555.811035
1145.000000;34159.000000;20850.000000;0.000000;450529.000000;34493.000000;0.000000;1557.266235
1146.000000;34159.000000;21122.000000;0.000000;421333.000000;34493.000000;0.000000;1558.751709
1147.000000;34159.000000;21219.000000;0.000000;400218.000000;34493.000000;0.000000;1560.212158
1148.000000;34159.000000;21279.000000;0.000000;406916.000000;34493.000000;0.000000;1561.673462
1149.000000;34159.000000;21630.000000;0.000000;427922.000000;34493.000000;0.000000;1563.136108
1150.000000;34159.000000;21202.000000;0.000000;377411.000000;34493.000000;0.000000;1564.655029
1151.000000;34159.000000;23764.000000;0.000000;343426.000000;34493.000000;0.000000;1566.131836
1152.000000;34159.000000;20253.000000;0.000000;434144.000000;34493.000000;0.000000;1567.655029
1153.000000;34159.000000;23597.000000;0.000000;325897.000000;34493.000000;0.000000;1569.139526
1154.000000;34159.000000;24817.000000;0.000000;307848.000000;34493.000000;0.000000;1570.482422
1155.000000;34159.000000;23561.000000;0.000000;335744.000000;34493.000000;0.000000;1571.772827
1156.000000;34159.000000;23952.000000;0.000000;348987.000000;34493.000000;0.000000;1573.071777
1157.000000;34159.000000;22638.000000;0.000000;356220.000000;34493.000000;0.000000;1574.368530
1158.000000;34159.000000;22020.000000;0.000000;372051.000000;34493.000000;0.000000;1575.669434
1159.000000;34159.000000;25074.000000;0.000000;273470.000000;34493.000000;0.000000;1576.968506
1160.000000;34159.000000;23421.000000;0.000000;350665.000000;34493.000000;0.000000;1578.295288
1161.000000;34159.000000;21595.000000;0.000000;370635.000000;34493.000000;0.000000;1579.938110
1162.000000;34159.000000;23077.000000;0.000000;299334.000000;34493.000000;0.000000;1581.432617
1163.000000;34159.000000;22735.000000;0.000000;362970.000000;34493.000000;0.000000;1582.931152
1164.000000;34159.000000;21521.000000;0.000000;398069.000000;34493.000000;0.000000;1584.410767
1165.000000;34159.000000;22763.000000;0.000000;298262.000000;34493.000000;0.000000;1585.877319
1166.000000;34159.000000;21149.000000;0.000000;463146.000000;34493.000000;0.000000;1587.357422
1167.000000;34159.000000;21840.000000;0.000000;354197.000000;34493.000000;0.000000;1588.822632
1168.000000;34159.000000;21236.000000;0.000000;376869.000000;34493.000000;0.000000;1590.250488
1169.000000;34159.000000;21934.000000;0.000000;423229.000000;34493.000000;0.000000;1591.675903
1170.000000;34159.000000;22998.000000;0.000000;352149.000000;34493.000000;0.000000;1593.195435
1171.000000;34159.000000;22606.000000;0.000000;361431.000000;34493.000000;0.000000;1594.637329
1172.000000;34159.000000;23540.000000;0.000000;368686.000000;34493.000000;0.000000;1596.078735
1173.000000;34159.000000;23596.000000;0.000000;290891.000000;34493.000000;0.000000;1597.531616
1174.000000;34159.000000;20550.000000;0.000000;429884.000000;34493.000000;0.000000;1598.857056
1175.000000;34159.000000;22796.000000;0.000000;300739.000000;34493.000000;0.000000;1600.113892
1176.000000;34159.000000;21555.000000;0.000000;402985.000000;34493.000000;0.000000;1601.443726
1177.000000;34159.000000;22301.000000;0.000000;311388.000000;34493.000000;0.000000;1602.705444
1178.000000;34159.000000;21589.000000;0.000000;456643.000000;34493.000000;0.000000;1604.060059
1179.000000;34159.000000;22358.000000;0.000000;377053.000000;34493.000000;0.000000;1605.323853
1180.000000;34159.000000;21202.000000;0.000000;382909.000000;34493.000000;0.000000;1606.585205
1181.000000;34159.000000;21267.000000;0.000000;371220.000000;34493.000000;0.000000;1608.186768
1182.000000;34159.000000;21196.000000;0.000000;410730.000000;34493.000000;0.000000;1609.626709
1183.000000;34159.000000;21265.000000;0.000000;375377.000000;34493.000000;0.000000;1611.073730
1184.000000;34159.000000;22092.000000;0.000000;409831.000000;34493.000000;0.000000;1612.506714
1185.000000;34159.000000;22004.000000;0.000000;402360.000000;34493.000000;0.000000;1613.927856
1186.000000;34159.000000;22324.000000;0.000000;383440.000000;34493.000000;0.000000;1615.344360
1187.000000;34159.000000;22792.000000;0.000000;288711.000000;34493.000000;0.000000;1616.745361
1188.000000;34159.000000;22109.000000;0.000000;388325.000000;34493.000000;0.000000;1618.168823
1189.000000;34159.000000;23122.000000;0.000000;338846.000000;34493.000000;0.000000;1619.549927
1190.000000;34159.000000;23055.000000;0.000000;353421.000000;34493.000000;0.000000;1620.976074
1191.000000;34159.000000;22077.000000;0.000000;359944.000000;34493.000000;0.000000;1622.379761
1192.000000;34159.000000;20580.000000;0.000000;406761.000000;34493.000000;0.000000;1623.776611
1193.000000;34159.000000;21244.000000;0.000000;402645.000000;34493.000000;0.000000;1625.191772
1194.000000;34159.000000;20936.000000;0.000000;390518.000000;34493.000000;0.000000;1626.767822
1195.000000;34159.000000;21915.000000;0.000000;422271.000000;34493.000000;0.000000;1628.082153
1196.000000;34159.000000;21385.000000;0.000000;403095.000000;34493.000000;0.000000;1629.324463
1197.000000;34159.000000;24722.000000;0.000000;321529.000000;34493.000000;0.000000;1630.559814
1198.000000;34159.000000;22123.000000;0.000000;374032.000000;34493.000000;0.000000;1631.795288
1199.000000;34159.000000;21989.000000;0.000000;388395.000000;34493.000000;0.000000;1633.031738
1200.000000;34159.000000;22323.000000;0.000000;375671.000000;34493.000000;0.000000;1634.263916
1201.000000;34159.000000;22940.000000;0.000000;393022.000000;34493.000000;0.000000;1635.812256
1202.000000;34159.000000;22446.000000;0.000000;365629.000000;34493.000000;0.000000;1637.220459
1203.000000;34159.000000;20888.000000;0.000000;453971.000000;34493.000000;0.000000;1638.662231
1204.000000;34159.000000;23037.000000;0.000000;330010.000000;34493.000000;0.000000;1640.058472
1205.000000;34159.000000;22641.000000;0.000000;399213.000000;34493.000000;0.000000;1641.447876
1206.000000;34159.000000;21870.000000;0.000000;414938.000000;34493.000000;0.000000;1642.832886
1207.000000;34159.000000;20560.000000;0.000000;452199.000000;34493.000000;0.000000;1644.216187
1208.000000;34159.000000;21517.000000;0.000000;408677.000000;34493.000000;0.000000;1645.599121
1209.000000;34159.000000;23047.000000;0.000000;350166.000000;34493.000000;0.000000;1646.989868
1210.000000;34159.000000;21782.000000;0.000000;382179.000000;34493.000000;0.000000;1648.411987
1211.000000;34159.000000;22819.000000;0.000000;371046.000000;34493.000000;0.000000;1649.792114
1212.000000;34159.000000;24674.000000;0.000000;241064.000000;34493.000000;0.000000;1651.171265
1213.000000;34159.000000;22990.000000;0.000000;378814.000000;34493.000000;0.000000;1652.545166
1214.000000;34159.000000;22820.000000;0.000000;307194.000000;34493.000000;0.000000;1653.792114
1215.000000;34159.000000;21624.000000;0.000000;431359.000000;34493.000000;0.000000;1655.004028
1216.000000;34159.000000;25476.000000;0.000000;239111.000000;34493.000000;0.000000;1656.221069
1217.000000;34159.000000;23413.000000;0.000000;336781.000000;34493.000000;0.000000;1657.461426
1218.000000;34159.000000;25993.000000;0.000000;253372.000000;34493.000000;0.000000;1658.703247
1219.000000;34159.000000;21771.000000;0.000000;381431.000000;34493.000000;0.000000;1659.911255
1220.000000;34159.000000;22403.000000;0.000000;316023.000000;34493.000000;0.000000;1661.122314
1221.000000;34159.000000;21024.000000;0.000000;420404.000000;34493.000000;0.000000;1662.618530
1222.000000;34159.000000;23252.000000;0.000000;326337.000000;34493.000000;0.000000;1664.061646
1223.000000;34159.000000;22613.000000;0.000000;361510.000000;34493.000000;0.000000;1665.444580
1224.000000;34159.000000;20116.000000;0.000000;418531.000000;34493.000000;0.000000;1666.817139
1225.000000;34159.000000;21424.000000;0.000000;416229.000000;34493.000000;0.000000;1668.198486
1226.000000;34159.000000;20524.000000;0.000000;440396.000000;34493.000000;0.000000;1669.557617
1227.000000;34159.000000;23305.000000;0.000000;323138.000000;34493.000000;0.000000;1670.908325
1228.000000;34159.000000;22357.000000;0.000000;433509.000000;34493.000000;0.000000;1672.256836
1229.000000;34159.000000;23751.000000;0.000000;322793.000000;34493.000000;0.000000;1673.606323
1230.000000;34159.000000;22282.000000;0.000000;362858.000000;34493.000000;0.000000;1674.990845
1231.000000;34159.000000;21868.000000;0.000000;400006.000000;34493.000000;0.000000;1676.366211
1232.000000;34159.000000;20570.000000;0.000000;419596.000000;34493.000000;0.000000;1677.748291
1233.000000;34159.000000;23168.000000;0.000000;354459.000000;34493.000000;0.000000;1679.157959
1234.000000;34159.000000;23133.000000;0.000000;344927.000000;34493.000000;0.000000;1680.541626
1235.000000;34159.000000;21379.000000;0.000000;446692.000000;34493.000000;0.000000;1681.789185
1236.000000;34159.000000;21024.000000;0.000000;399853.000000;34493.000000;0.000000;1683.015137
1237.000000;34159.000000;20076.000000;0.000000;432718.000000;34493.000000;0.000000;1684.245239
1238.000000;34159.000000;23131.000000;0.000000;320848.000000;34493.000000;0.000000;1685.474243
1239.000000;34159.000000;24477.000000;0.000000;303859.000000;34493.000000;0.000000;1686.717041
1240.000000;34159.000000;22156.000000;0.000000;405488.000000;34493.000000;0.000000;1687.984985
1241.000000;34159.000000;21439.000000;0.000000;366760.000000;34493.000000;0.000000;1689.526001
1242.000000;34159.000000;21819.000000;0.000000;404506.000000;34493.000000;0.000000;1690.929199
1243.000000;34159.000000;21004.000000;0.000000;364750.000000;34493.000000;0.000000;1692.338867
1244.000000;34159.000000;20392.000000;0.000000;430516.000000;34493.000000;0.000000;1693.739746
1245.000000;34159.000000;20972.000000;0.000000;383991.000000;34493.000000;0.000000;1695.130615
1246.000000;34159.000000;22633.000000;0.000000;388535.000000;34493.000000;0.000000;1696.502441
1247.000000;34159.000000;21496.000000;0.000000;364616.000000;34493.000000;0.000000;1697.872192
1248.000000;34159.000000;20401.000000;0.000000;412628.000000;34493.000000;0.000000;1699.267090
1249.000000;34159.000000;19712.000000;0.000000;423458.000000;34493.000000;0.000000;1700.646240
1250.000000;34159.000000;22975.000000;0.000000;351566.000000;34493.000000;0.000000;1702.057007
1251.000000;34159.000000;19996.000000;0.000000;479051.000000;34493.000000;0.000000;1703.453857
1252.000000;34159.000000;21264.000000;0.000000;436181.000000;34493.000000;0.000000;1704.869995
1253.000000;34159.000000;22165.000000;0.000000;387323.000000;34493.000000;0.000000;1706.267700
1254.000000;34159.000000;22859.000000;0.000000;380970.000000;34493.000000;0.000000;1707.723999
1255.000000;34159.000000;23466.000000;0.000000;275152.000000;34493.000000;0.000000;1709.008423
1256.000000;34159.000000;20874.000000;0.000000;427882.000000;34493.000000;0.000000;1710.242188
1257.000000;34159.000000;24095.000000;0.000000;323879.000000;34493.000000;0.000000;1711.478271
1258.000000;34159.000000;22078.000000;0.000000;352963.000000;34493.000000;0.000000;1712.714233
1259.000000;34159.000000;22266.000000;0.000000;323912.000000;34493.000000;0.000000;1713.950684
1260.000000;34159.000000;20821.000000;0.000000;431876.000000;34493.000000;0.000000;1715.199219
1261.000000;34159.000000;22820.000000;0.000000;428530.000000;34493.000000;0.000000;1716.748047
1262.000000;34159.000000;23757.000000;0.000000;356423.000000;34493.000000;0.000000;1718.157959
1263.000000;34159.000000;22741.000000;0.000000;360944.000000;34493.000000;0.000000;1719.598999
1264.000000;34159.000000;24121.000000;0.000000;281163.000000;34493.000000;0.000000;1720.996338
1265.000000;34159.000000;20658.000000;0.000000;464848.000000;34493.000000;0.000000;1722.384644
1266.000000;34159.000000;22424.000000;0.000000;344441.000000;34493.000000;0.000000;1723.800781
1267.000000;34159.000000;20929.000000;0.000000;393953.000000;34493.000000;0.000000;1725.186768
1268.000000;34159.000000;21757.000000;0.000000;363663.000000;34493.000000;0.000000;1726.576416
1269.000000;34159.000000;22663.000000;0.000000;367802.000000;34493.000000;0.000000;1727.961060
1270.000000;34159.000000;22086.000000;0.000000;420341.000000;34493.000000;0.000000;1729.387817
1271.000000;34159.000000;22524.000000;0.000000;375771.000000;34493.000000;0.000000;1730.780884
1272.000000;34159.000000;22504.000000;0.000000;393314.000000;34493.000000;0.000000;1732.166870
1273.000000;34159.000000;22233.000000;0.000000;356099.000000;34493.000000;0.000000;1733.603516
1274.000000;34159.000000;21231.000000;0.000000;445147.000000;34493.000000;0.000000;1735.016113
1275.000000;34159.000000;24092.000000;0.000000;321918.000000;34493.000000;0.000000;1736.426025
1276.000000;34159.000000;20446.000000;0.000000;434030.000000;34493.000000;0.000000;1737.851196
1277.000000;34159.000000;24227.000000;0.000000;260721.000000;34493.000000;0.000000;1739.252075
1278.000000;34159.000000;22076.000000;0.000000;370905.000000;34493.000000;0.000000;1740.508423
1279.000000;34159.000000;20793.000000;0.000000;433632.000000;34493.000000;0.000000;1741.754761
1280.000000;34159.000000;22758.000000;0.000000;370384.000000;34493.000000;0.000000;1742.999634
1281.000000;34159.000000;23030.000000;0.000000;334439.000000;34493.000000;0.000000;1744.552856
1282.000000;34159.000000;22553.000000;0.000000;350221.000000;34493.000000;0.000000;1745.977661
1283.000000;34159.000000;23825.000000;0.000000;295140.000000;34493.000000;0.000000;1747.412964
1284.000000;34159.000000;20606.000000;0.000000;406527.000000;34493.000000;0.000000;1748.873413
1285.000000;34159.000000;21364.000000;0.000000;387653.000000;34493.000000;0.000000;1750.290894
1286.000000;34159.000000;21603.000000;0.000000;420920.000000;34493.000000;0.000000;1751.696655
1287.000000;34159.000000;22826.000000;0.000000;365957.000000;34493.000000;0.000000;1753.102539
1288.000000;34159.000000;21376.000000;0.000000;415387.000000;34493.000000;0.000000;1754.509521
1289.000000;34159.000000;23021.000000;0.000000;373923.000000;34493.000000;0.000000;1755.943115
1290.000000;34159.000000;22831.000000;0.000000;374177.000000;34493.000000;0.000000;1757.377808
1291.000000;34159.000000;21719.000000;0.000000;420051.000000;34493.000000;0.000000;1758.831909
1292.000000;34159.000000;22072.000000;0.000000;405067.000000;34493.000000;0.000000;1760.262817
1293.000000;34159.000000;21157.000000;0.000000;426556.000000;34493.000000;0.000000;1761.682129
1294.000000;34159.000000;23540.000000;0.000000;348703.000000;34493.000000;0.000000;1762.943970
1295.000000;34159.000000;21729.000000;0.000000;373432.000000;34493.000000;0.000000;1764.196899
1296.000000;34159.000000;21376.000000;0.000000;424880.000000;34493.000000;0.000000;1765.442627
1297.000000;34159.000000;22905.000000;0.000000;372872.000000;34493.000000;0.000000;1766.695923
1298.000000;34159.000000;22776.000000;0.000000;331535.000000;34493.000000;0.000000;1767.958618
1299.000000;34159.000000;21985.000000;0.000000;389341.000000;34493.000000;0.000000;1769.257446
1300.000000;34159.000000;24247.000000;0.000000;328074.000000;34493.000000;0.000000;1770.523438
1301.000000;34159.000000;22506.000000;0.000000;380325.000000;34493.000000;0.000000;1772.096191
1302.000000;34159.000000;21878.000000;0.000000;396097.000000;34493.000000;0.000000;1773.542236
1303.000000;34159.000000;22137.000000;0.000000;395619.000000;34493.000000;0.000000;1774.993164
1304.000000;34159.000000;20742.000000;0.000000;442343.000000;34493.000000;0.000000;1776.432495
1305.000000;34159.000000;20446.000000;0.000000;373397.000000;34493.000000;0.000000;1777.859741
1306.000000;34159.000000;22396.000000;0.000000;393149.000000;34493.000000;0.000000;1779.315430
1307.000000;34159.000000;23339.000000;0.000000;356478.000000;34493.000000;0.000000;1780.738159
1308.000000;34159.000000;22428.000000;0.000000;364440.000000;34493.000000;0.000000;1782.155762
1309.000000;34159.000000;21977.000000;0.000000;377007.000000;34493.000000;0.000000;1783.585938
1310.000000;34159.000000;24675.000000;0.000000;303830.000000;34493.000000;0.000000;1785.068604
1311.000000;34159.000000;21566.000000;0.000000;381476.000000;34493.000000;0.000000;1786.502686
1312.000000;34159.000000;22850.000000;0.000000;334509.000000;34493.000000;0.000000;1787.941040
1313.000000;34159.000000;22587.000000;0.000000;373529.000000;34493.000000;0.000000;1789.411133
1314.000000;34159.000000;21643.000000;0.000000;351304.000000;34493.000000;0.000000;1790.762451
1315.000000;34159.000000;24023.000000;0.000000;320561.000000;34493.000000;0.000000;1792.030762
1316.000000;34159.000000;19814.000000;0.000000;441894.000000;34493.000000;0.000000;1793.297852
1317.000000;34159.000000;22960.000000;0.000000;343523.000000;34493.000000;0.000000;1794.560669
1318.000000;34159.000000;22009.000000;0.000000;338105.000000;34493.000000;0.000000;1795.824097
1319.000000;34159.000000;23011.000000;0.000000;440689.000000;34493.000000;0.000000;1797.098267
1320.000000;34159.000000;22298.000000;0.000000;345026.000000;34493.000000;0.000000;1798.388306
1321.000000;34159.000000;21972.000000;0.000000;391586.000000;34493.000000;0.000000;1800.010132
1322.000000;34159.000000;21926.000000;0.000000;390673.000000;34493.000000;0.000000;1801.475830
1323.000000;34159.000000;22311.000000;0.000000;385442.000000;34493.000000;0.000000;1802.939941
1324.000000;34159.000000;21994.000000;0.000000;342430.000000;34493.000000;0.000000;1804.387329
1325.000000;34159.000000;23146.000000;0.000000;401065.000000;34493.000000;0.000000;1805.823486
1326.000000;34159.000000;21981.000000;0.000000;329510.000000;34493.000000;0.000000;1807.258423
1327.000000;34159.000000;22800.000000;0.000000;348718.000000;34493.000000;0.000000;1808.689453
1328.000000;34159.000000;21867.000000;0.000000;387192.000000;34493.000000;0.000000;1810.148315
1329.000000;34159.000000;23251.000000;0.000000;345898.000000;34493.000000;0.000000;1811.577759
1330.000000;34159.000000;22455.000000;0.000000;368843.000000;34493.000000;0.000000;1813.067261
1331.000000;34159.000000;22915.000000;0.000000;382142.000000;34493.000000;0.000000;1814.529785
1332.000000;34159.000000;20740.000000;0.000000;423939.000000;34493.000000;0.000000;1815.990967
1333.000000;34159.000000;22311.000000;0.000000;390076.000000;34493.000000;0.000000;1817.446411
1334.000000;34159.000000;22499.000000;0.000000;374695.000000;34493.000000;0.000000;1818.816650
1335.000000;34159.000000;22035.000000;0.000000;356923.000000;34493.000000;0.000000;1820.125122
1336.000000;34159.000000;20540.000000;0.000000;416689.000000;34493.000000;0.000000;1821.402710
1337.000000;34159.000000;23061.000000;0.000000;338657.000000;34493.000000;0.000000;1822.679932
1338.000000;34159.000000;20351.000000;0.000000;376376.000000;34493.000000;0.000000;1823.954468
1339.000000;34159.000000;23456.000000;0.000000;323030.000000;34493.000000;0.000000;1825.231567
1340.000000;34159.000000;22374.000000;0.000000;384120.000000;34493.000000;0.000000;1826.509399
1341.000000;34159.000000;20294.000000;0.000000;469036.000000;34493.000000;0.000000;1828.142944
1342.000000;34159.000000;20464.000000;0.000000;449847.000000;34493.000000;0.000000;1829.655273
1343.000000;34159.000000;22791.000000;0.000000;349976.000000;34493.000000;0.000000;1831.142822
1344.000000;34159.000000;22932.000000;0.000000;361166.000000;34493.000000;0.000000;1832.610229
1345.000000;34159.000000;21383.000000;0.000000;404001.000000;34493.000000;0.000000;1834.070557
1346.000000;34159.000000;20942.000000;0.000000;407100.000000;34493.000000;0.000000;1835.527344
1347.000000;34159.000000;21827.000000;0.000000;376810.000000;34493.000000;0.000000;1837.072632
1348.000000;34159.000000;21562.000000;0.000000;398501.000000;34493.000000;0.000000;1838.551514
1349.000000;34159.000000;22928.000000;0.000000;360924.000000;34493.000000;0.000000;1840.061035
1350.000000;34159.000000;22576.000000;0.000000;394597.000000;34493.000000;0.000000;1841.686157
1351.000000;34159.000000;20803.000000;0.000000;378522.000000;34493.000000;0.000000;1843.169678
1352.000000;34159.000000;22651.000000;0.000000;363381.000000;34493.000000;0.000000;1844.689819
1353.000000;34159.000000;22426.000000;0.000000;375621.000000;34493.000000;0.000000;1846.164062
1354.000000;34159.000000;20818.000000;0.000000;377838.000000;34493.000000;0.000000;1847.486938
1355.000000;34159.000000;22387.000000;0.000000;358214.000000;34493.000000;0.000000;1848.780884
1356.000000;34159.000000;23293.000000;0.000000;319748.000000;34493.000000;0.000000;1850.107422
1357.000000;34159.000000;21266.000000;0.000000;405156.000000;34493.000000;0.000000;1851.392212
1358.000000;34159.000000;20668.000000;0.000000;449488.000000;34493.000000;0.000000;1852.673218
1359.000000;34159.000000;21309.000000;0.000000;387248.000000;34493.000000;0.000000;1853.964844
1360.000000;34159.000000;22564.000000;0.000000;385936.000000;34493.000000;0.000000;1855.255615
1361.000000;34159.000000;23171.000000;0.000000;337180.000000;34493.000000;0.000000;1856.891602
1362.000000;34159.000000;21298.000000;0.000000;389393.000000;34493.000000;0.000000;1858.401733
1363.000000;34159.000000;22530.000000;0.000000;393269.000000;34493.000000;0.000000;1859.950195
1364.000000;34159.000000;21316.000000;0.000000;388174.000000;34493.000000;0.000000;1861.435791
1365.000000;34159.000000;22819.000000;0.000000;318995.000000;34493.000000;0.000000;1862.914551
1366.000000;34159.000000;25945.000000;0.000000;228109.000000;34493.000000;0.000000;1864.384766
1367.000000;34159.000000;20179.000000;0.000000;397512.000000;34493.000000;0.000000;1865.853027
1368.000000;34159.000000;21696.000000;0.000000;416504.000000;34493.000000;0.000000;1867.326904
1369.000000;34159.000000;20945.000000;0.000000;403990.000000;34493.000000;0.000000;1868.805786
1370.000000;34159.000000;23103.000000;0.000000;319373.000000;34493.000000;0.000000;1870.388550
1371.000000;34159.000000;21624.000000;0.000000;432783.000000;34493.000000;0.000000;1871.896118
1372.000000;34159.000000;21277.000000;0.000000;407771.000000;34493.000000;0.000000;1873.404541
1373.000000;34159.000000;23601.000000;0.000000;371120.000000;34493.000000;0.000000;1874.912598
1374.000000;34159.000000;21675.000000;0.000000;400519.000000;34493.000000;0.000000;1876.246948
1375.000000;34159.000000;21927.000000;0.000000;384004.000000;34493.000000;0.000000;1877.559692
1376.000000;34159.000000;21585.000000;0.000000;421845.000000;34493.000000;0.000000;1878.870728
1377.000000;34159.000000;21080.000000;0.000000;391939.000000;34493.000000;0.000000;1880.215088
1378.000000;34159.000000;21709.000000;0.000000;381520.000000;34493.000000;0.000000;1881.528687
1379.000000;34159.000000;25221.000000;0.000000;297928.000000;34493.000000;0.000000;1882.840576
1380.000000;34159.000000;22146.000000;0.000000;383378.000000;34493.000000;0.000000;1884.148438
1381.000000;34159.000000;24092.000000;0.000000;288150.000000;34493.000000;0.000000;1885.801880
1382.000000;34159.000000;22138.000000;0.000000;390387.000000;34493.000000;0.000000;1887.281738
1383.000000;34159.000000;23103.000000;0.000000;351570.000000;34493.000000;0.000000;1888.751953
1384.000000;34159.000000;21876.000000;0.000000;374919.000000;34493.000000;0.000000;1890.229858
1385.000000;34159.000000;21684.000000;0.000000;414263.000000;34493.000000;0.000000;1891.662109
1386.000000;34159.000000;22946.000000;0.000000;304045.000000;34493.000000;0.000000;1893.096924
1387.000000;34159.000000;21197.000000;0.000000;371813.000000;34493.000000;0.000000;1894.530273
1388.000000;34159.000000;23968.000000;0.000000;332173.000000;34493.000000;0.000000;1895.972900
1389.000000;34159.000000;24272.000000;0.000000;305839.000000;34493.000000;0.000000;1897.459595
1390.000000;34159.000000;22021.000000;0.000000;351831.000000;34493.000000;0.000000;1898.921753
1391.000000;34159.000000;22906.000000;0.000000;355973.000000;34493.000000;0.000000;1900.435303
1392.000000;34159.000000;21808.000000;0.000000;371551.000000;34493.000000;0.000000;1902.003906
1393.000000;34159.000000;20578.000000;0.000000;426267.000000;34493.000000;0.000000;1903.388550
1394.000000;34159.000000;23322.000000;0.000000;352002.000000;34493.000000;0.000000;1904.794189
1395.000000;34159.000000;21665.000000;0.000000;371541.000000;34493.000000;0.000000;1906.070312
1396.000000;34159.000000;20730.000000;0.000000;442842.000000;34493.000000;0.000000;1907.339844
1397.000000;34159.000000;22683.000000;0.000000;369011.000000;34493.000000;0.000000;1908.614258
1398.000000;34159.000000;24974.000000;0.000000;265335.000000;34493.000000;0.000000;1909.928955
1399.000000;34159.000000;22456.000000;0.000000;329348.000000;34493.000000;0.000000;1911.210693
1400.000000;34159.000000;22041.000000;0.000000;396595.000000;34493.000000;0.000000;1912.489990
1401.000000;34159.000000;22140.000000;0.000000;384904.000000;34493.000000;0.000000;1914.098267
1402.000000;34159.000000;22683.000000;0.000000;364096.000000;34493.000000;0.000000;1915.945068
1403.000000;34159.000000;23691.000000;0.000000;338047.000000;34493.000000;0.000000;1917.531128
1404.000000;34159.000000;23161.000000;0.000000;343368.000000;34493.000000;0.000000;1918.958130
1405.000000;34159.000000;20967.000000;0.000000;407878.000000;34493.000000;0.000000;1920.396240
1406.000000;34159.000000;20513.000000;0.000000;453721.000000;34493.000000;0.000000;1921.792969
1407.000000;34159.000000;22751.000000;0.000000;378471.000000;34493.000000;0.000000;1923.192383
1408.000000;34159.000000;23734.000000;0.000000;298048.000000;34493.000000;0.000000;1924.589600
1409.000000;34159.000000;21275.000000;0.000000;363231.000000;34493.000000;0.000000;1925.987549
1410.000000;34159.000000;21636.000000;0.000000;359959.000000;34493.000000;0.000000;1927.452148
1411.000000;34159.000000;21138.000000;0.000000;381903.000000;34493.000000;0.000000;1928.878906
1412.000000;34159.000000;21454.000000;0.000000;409942.000000;34493.000000;0.000000;1930.344482
1413.000000;34159.000000;22768.000000;0.000000;343034.000000;34493.000000;0.000000;1931.769043
1414.000000;34159.000000;22025.000000;0.000000;396189.000000;34493.000000;0.000000;1933.068237
1415.000000;34159.000000;21999.000000;0.000000;370033.000000;34493.000000;0.000000;1934.314209
1416.000000;34159.000000;23125.000000;0.000000;350897.000000;34493.000000;0.000000;1935.567749
1417.000000;34159.000000;23780.000000;0.000000;276785.000000;34493.000000;0.000000;1936.815308
1418.000000;34159.000000;21463.000000;0.000000;391549.000000;34493.000000;0.000000;1938.070801
1419.000000;34159.000000;20098.000000;0.000000;479076.000000;34493.000000;0.000000;1939.329346
1420.000000;34159.000000;22419.000000;0.000000;388476.000000;34493.000000;0.000000;1940.629028
1421.000000;34159.000000;21672.000000;0.000000;392779.000000;34493.000000;0.000000;1942.190552
1422.000000;34159.000000;21602.000000;0.000000;356464.000000;34493.000000;0.000000;1943.622681
1423.000000;34159.000000;21761.000000;0.000000;367296.000000;34493.000000;0.000000;1945.062500
1424.000000;34159.000000;21345.000000;0.000000;350655.000000;34493.000000;0.000000;1946.479858
1425.000000;34159.000000;19598.000000;0.000000;415315.000000;34493.000000;0.000000;1947.855103
1426.000000;34159.000000;20861.000000;0.000000;412191.000000;34493.000000;0.000000;1949.233521
1427.000000;34159.000000;22445.000000;0.000000;346791.000000;34493.000000;0.000000;1950.650513
1428.000000;34159.000000;21192.000000;0.000000;385921.000000;34493.000000;0.000000;1952.032104
1429.000000;34159.000000;22768.000000;0.000000;373085.000000;34493.000000;0.000000;1953.443604
1430.000000;34159.000000;20370.000000;0.000000;464839.000000;34493.000000;0.000000;1954.851196
1431.000000;34159.000000;22648.000000;0.000000;395049.000000;34493.000000;0.000000;1956.255981
1432.000000;34159.000000;21662.000000;0.000000;404942.000000;34493.000000;0.000000;1957.657715
1433.000000;34159.000000;22445.000000;0.000000;369107.000000;34493.000000;0.000000;1959.211914
1434.000000;34159.000000;24483.000000;0.000000;291752.000000;34493.000000;0.000000;1960.484009
1435.000000;34159.000000;24061.000000;0.000000;290208.000000;34493.000000;0.000000;1961.708374
1436.000000;34159.000000;22074.000000;0.000000;340015.000000;34493.000000;0.000000;1962.933472
1437.000000;34159.000000;22787.000000;0.000000;402490.000000;34493.000000;0.000000;1964.193970
1438.000000;34159.000000;23407.000000;0.000000;330656.000000;34493.000000;0.000000;1965.421387
1439.000000;34159.000000;23365.000000;0.000000;348730.000000;34493.000000;0.000000;1966.644897
1440.000000;34159.000000;20987.000000;0.000000;421396.000000;34493.000000;0.000000;1967.931152
1441.000000;34159.000000;24866.000000;0.000000;261333.000000;34493.000000;0.000000;1969.447021
1442.000000;34159.000000;22819.000000;0.000000;354366.000000;34493.000000;0.000000;1970.891235
1443.000000;34159.000000;21773.000000;0.000000;375351.000000;34493.000000;0.000000;1972.297485
1444.000000;34159.000000;22522.000000;0.000000;383691.000000;34493.000000;0.000000;1973.686279
1445.000000;34159.000000;22529.000000;0.000000;338482.000000;34493.000000;0.000000;1975.061401
1446.000000;34159.000000;21835.000000;0.000000;419276.000000;34493.000000;0.000000;1976.437744
1447.000000;34159.000000;23317.000000;0.000000;338167.000000;34493.000000;0.000000;1977.790771
1448.000000;34159.000000;21800.000000;0.000000;380456.000000;34493.000000;0.000000;1979.142090
1449.000000;34159.000000;22141.000000;0.000000;423747.000000;34493.000000;0.000000;1980.539062
1450.000000;34159.000000;23342.000000;0.000000;351319.000000;34493.000000;0.000000;1981.940186
1451.000000;34159.000000;23266.000000;0.000000;340104.000000;34493.000000;0.000000;1983.307983
1452.000000;34159.000000;22636.000000;0.000000;317369.000000;34493.000000;0.000000;1984.679688
1453.000000;34159.000000;24443.000000;0.000000;306941.000000;34493.000000;0.000000;1986.045532
1454.000000;34159.000000;22447.000000;0.000000;364615.000000;34493.000000;0.000000;1987.319092
1455.000000;34159.000000;21766.000000;0.000000;393354.000000;34493.000000;0.000000;1988.522827
1456.000000;34159.000000;20701.000000;0.000000;410548.000000;34493.000000;0.000000;1989.716675
1457.000000;34159.000000;21329.000000;0.000000;378279.000000;34493.000000;0.000000;1990.939941
1458.000000;34159.000000;21701.000000;0.000000;374110.000000;34493.000000;0.000000;1992.129517
1459.000000;34159.000000;20729.000000;0.000000;446855.000000;34493.000000;0.000000;1993.320679
1460.000000;34159.000000;22852.000000;0.000000;370308.000000;34493.000000;0.000000;1994.517944
1461.000000;34159.000000;20828.000000;0.000000;438885.000000;34493.000000;0.000000;1996.000366
1462.000000;34159.000000;23972.000000;0.000000;314725.000000;34493.000000;0.000000;1997.375000
1463.000000;34159.000000;21873.000000;0.000000;390065.000000;34493.000000;0.000000;1998.749268
1464.000000;34159.000000;21360.000000;0.000000;423120.000000;34493.000000;0.000000;2000.112427
1465.000000;34159.000000;20673.000000;0.000000;391695.000000;34493.000000;0.000000;2001.487915
1466.000000;34159.000000;20600.000000;0.000000;378551.000000;34493.000000;0.000000;2002.841431
1467.000000;34159.000000;20778.000000;0.000000;402376.000000;34493.000000;0.000000;2004.195435
1468.000000;34159.000000;20523.000000;0.000000;434145.000000;34493.000000;0.000000;2005.549561
1469.000000;34159.000000;26151.000000;0.000000;251861.000000;34493.000000;0.000000;2006.894043
1470.000000;34159.000000;22590.000000;0.000000;382347.000000;34493.000000;0.000000;2008.219849
1471.000000;34159.000000;25140.000000;0.000000;281204.000000;34493.000000;0.000000;2009.548218
1472.000000;34159.000000;22418.000000;0.000000;378165.000000;34493.000000;0.000000;2010.917847
1473.000000;34159.000000;24744.000000;0.000000;311097.000000;34493.000000;0.000000;2012.243286
1474.000000;34159.000000;20676.000000;0.000000;412224.000000;34493.000000;0.000000;2013.571167
1475.000000;34159.000000;22174.000000;0.000000;397256.000000;34493.000000;0.000000;2014.899902
1476.000000;34159.000000;23134.000000;0.000000;352566.000000;34493.000000;0.000000;2016.232178
1477.000000;34159.000000;22416.000000;0.000000;369958.000000;34493.000000;0.000000;2017.597412
1478.000000;34159.000000;22601.000000;0.000000;353544.000000;34493.000000;0.000000;2018.937744
1479.000000;34159.000000;21743.000000;0.000000;351563.000000;34493.000000;0.000000;2020.274292
1480.000000;34159.000000;20858.000000;0.000000;473268.000000;34493.000000;0.000000;2021.632812
1481.000000;34159.000000;22442.000000;0.000000;342030.000000;34493.000000;0.000000;2023.120117
1482.000000;34159.000000;22033.000000;0.000000;319514.000000;34493.000000;0.000000;2024.508545
1483.000000;34159.000000;19925.000000;0.000000;426051.000000;34493.000000;0.000000;2025.859741
1484.000000;34159.000000;22405.000000;0.000000;374209.000000;34493.000000;0.000000;2027.196655
1485.000000;34159.000000;21714.000000;0.000000;365293.000000;34493.000000;0.000000;2028.527832
1486.000000;34159.000000;23858.000000;0.000000;325444.000000;34493.000000;0.000000;2029.858887
1487.000000;34159.000000;21989.000000;0.000000;328957.000000;34493.000000;0.000000;2031.214111
1488.000000;34159.000000;23657.000000;0.000000;380352.000000;34493.000000;0.000000;2032.540527
1489.000000;34159.000000;22057.000000;0.000000;337535.000000;34493.000000;0.000000;2033.870361
1490.000000;34159.000000;22366.000000;0.000000;359545.000000;34493.000000;0.000000;2035.233643
1491.000000;34159.000000;21396.000000;0.000000;390372.000000;34493.000000;0.000000;2036.589111
1492.000000;34159.000000;22891.000000;0.000000;306855.000000;34493.000000;0.000000;2037.949951
1493.000000;34159.000000;21206.000000;0.000000;388541.000000;34493.000000;0.000000;2039.311646
1494.000000;34159.000000;21812.000000;0.000000;370388.000000;34493.000000;0.000000;2040.703979
1495.000000;34159.000000;23336.000000;0.000000;323629.000000;34493.000000;0.000000;2041.919922
1496.000000;34159.000000;22351.000000;0.000000;348097.000000;34493.000000;0.000000;2043.114868
1497.000000;34159.000000;20900.000000;0.000000;372456.000000;34493.000000;0.000000;2044.314331
1498.000000;34159.000000;22872.000000;0.000000;384564.000000;34493.000000;0.000000;2045.511108
1499.000000;34159.000000;22261.000000;0.000000;353714.000000;34493.000000;0.000000;2046.708130
1500.000000;34159.000000;20348.000000;0.000000;438942.000000;34493.000000;0.000000;2047.894287
1501.000000;34159.000000;20269.000000;0.000000;433986.000000;34493.000000;0.000000;2049.361084
1502.000000;34159.000000;21852.000000;0.000000;386266.000000;34493.000000;0.000000;2050.753906
1503.000000;34159.000000;22181.000000;0.000000;392292.000000;34493.000000;0.000000;2052.115479
1504.000000;34159.000000;21799.000000;0.000000;440848.000000;34493.000000;0.000000;2053.470215
1505.000000;34159.000000;21073.000000;0.000000;387317.000000;34493.000000;0.000000;2054.818604
1506.000000;34159.000000;21868.000000;0.000000;424509.000000;34493.000000;0.000000;2056.163574
1507.000000;34159.000000;19891.000000;0.000000;444488.000000;34493.000000;0.000000;2057.505859
1508.000000;34159.000000;22093.000000;0.000000;382681.000000;34493.000000;0.000000;2058.847412
1509.000000;34159.000000;22451.000000;0.000000;345979.000000;34493.000000;0.000000;2060.188965
1510.000000;34159.000000;22118.000000;0.000000;370713.000000;34493.000000;0.000000;2061.568848
1511.000000;34159.000000;20963.000000;0.000000;377511.000000;34493.000000;0.000000;2062.939209
1512.000000;34159.000000;22535.000000;0.000000;346307.000000;34493.000000;0.000000;2064.298096
1513.000000;34159.000000;22239.000000;0.000000;354105.000000;34493.000000;0.000000;2065.655273
1514.000000;34159.000000;22020.000000;0.000000;386862.000000;34493.000000;0.000000;2067.025635
1515.000000;34159.000000;22798.000000;0.000000;384567.000000;34493.000000;0.000000;2068.284180
1516.000000;34159.000000;20679.000000;0.000000;453623.000000;34493.000000;0.000000;2069.493652
1517.000000;34159.000000;23814.000000;0.000000;317674.000000;34493.000000;0.000000;2070.720459
1518.000000;34159.000000;21406.000000;0.000000;442533.000000;34493.000000;0.000000;2071.933350
1519.000000;34159.000000;20102.000000;0.000000;391674.000000;34493.000000;0.000000;2073.126953
1520.000000;34159.000000;21425.000000;0.000000;372456.000000;34493.000000;0.000000;2074.478516
1521.000000;34159.000000;22120.000000;0.000000;378294.000000;34493.000000;0.000000;2075.989014
1522.000000;34159.000000;20223.000000;0.000000;405516.000000;34493.000000;0.000000;2077.374512
1523.000000;34159.000000;22795.000000;0.000000;384362.000000;34493.000000;0.000000;2078.755371
1524.000000;34159.000000;21594.000000;0.000000;409454.000000;34493.000000;0.000000;2080.125244
1525.000000;34159.000000;21903.000000;0.000000;410901.000000;34493.000000;0.000000;2081.519531
1526.000000;34159.000000;21551.000000;0.000000;424233.000000;34493.000000;0.000000;2082.876709
1527.000000;34159.000000;21400.000000;0.000000;418802.000000;34493.000000;0.000000;2084.256348
1528.000000;34159.000000;23721.000000;0.000000;333887.000000;34493.000000;0.000000;2085.610596
1529.000000;34159.000000;22054.000000;0.000000;404394.000000;34493.000000;0.000000;2086.964111
1530.000000;34159.000000;21721.000000;0.000000;419489.000000;34493.000000;0.000000;2088.347656
1531.000000;34159.000000;23167.000000;0.000000;388238.000000;34493.000000;0.000000;2089.724609
1532.000000;34159.000000;22131.000000;0.000000;395073.000000;34493.000000;0.000000;2091.121582
1533.000000;34159.000000;21940.000000;0.000000;434304.000000;34493.000000;0.000000;2092.492676
1534.000000;34159.000000;21110.000000;0.000000;400644.000000;34493.000000;0.000000;2093.863525
1535.000000;34159.000000;21298.000000;0.000000;426435.000000;34493.000000;0.000000;2095.093018
1536.000000;34159.000000;20944.000000;0.000000;400888.000000;34493.000000;0.000000;2096.300781
1537.000000;34159.000000;20483.000000;0.000000;366406.000000;34493.000000;0.000000;2097.583496
1538.000000;34159.000000;20926.000000;0.000000;416330.000000;34493.000000;0.000000;2098.812500
1539.000000;34159.000000;23606.000000;0.000000;319451.000000;34493.000000;0.000000;2100.032471
1540.000000;34159.000000;21730.000000;0.000000;354227.000000;34493.000000;0.000000;2101.286377
1541.000000;34159.000000;22236.000000;0.000000;406302.000000;34493.000000;0.000000;2102.807861
1542.000000;34159.000000;20818.000000;0.000000;410867.000000;34493.000000;0.000000;2104.190430
1543.000000;34159.000000;20002.000000;0.000000;416520.000000;34493.000000;0.000000;2105.581299
1544.000000;34159.000000;21284.000000;0.000000;392785.000000;34493.000000;0.000000;2106.969971
1545.000000;34159.000000;24197.000000;0.000000;285364.000000;34493.000000;0.000000;2108.338135
1546.000000;34159.000000;21615.000000;0.000000;375124.000000;34493.000000;0.000000;2109.707031
1547.000000;34159.000000;20605.000000;0.000000;381194.000000;34493.000000;0.000000;2111.122070
1548.000000;34159.000000;22226.000000;0.000000;365253.000000;34493.000000;0.000000;2112.490479
1549.000000;34159.000000;22612.000000;0.000000;399086.000000;34493.000000;0.000000;2113.860107
1550.000000;34159.000000;22655.000000;0.000000;322326.000000;34493.000000;0.000000;2115.234619
1551.000000;34159.000000;21004.000000;0.000000;451805.000000;34493.000000;0.000000;2116.598145
1552.000000;34159.000000;21291.000000;0.000000;380381.000000;34493.000000;0.000000;2117.970459
1553.000000;34159.000000;20483.000000;0.000000;401259.000000;34493.000000;0.000000;2119.349609
1554.000000;34159.000000;21998.000000;0.000000;370688.000000;34493.000000;0.000000;2120.766357
1555.000000;34159.000000;23911.000000;0.000000;370155.000000;34493.000000;0.000000;2122.173340
1556.000000;34159.000000;21649.000000;0.000000;380140.000000;34493.000000;0.000000;2123.557129
1557.000000;34159.000000;22704.000000;0.000000;380655.000000;34493.000000;0.000000;2124.946533
1558.000000;34159.000000;23827.000000;0.000000;299087.000000;34493.000000;0.000000;2126.244873
1559.000000;34159.000000;23797.000000;0.000000;345089.000000;34493.000000;0.000000;2127.460693
1560.000000;34159.000000;22840.000000;0.000000;350125.000000;34493.000000;0.000000;2128.682861
1561.000000;34159.000000;21527.000000;0.000000;410284.000000;34493.000000;0.000000;2130.219238
1562.000000;34159.000000;20068.000000;0.000000;435750.000000;34493.000000;0.000000;2131.666748
1563.000000;34159.000000;24821.000000;0.000000;306778.000000;34493.000000;0.000000;2133.072266
1564.000000;34159.000000;22574.000000;0.000000;371517.000000;34493.000000;0.000000;2134.484619
1565.000000;34159.000000;22987.000000;0.000000;362484.000000;34493.000000;0.000000;2135.884033
1566.000000;34159.000000;21180.000000;0.000000;364438.000000;34493.000000;0.000000;2137.313965
1567.000000;34159.000000;21236.000000;0.000000;404722.000000;34493.000000;0.000000;2138.705811
1568.000000;34159.000000;21581.000000;0.000000;413690.000000;34493.000000;0.000000;2140.109131
1569.000000;34159.000000;21862.000000;0.000000;368485.000000;34493.000000;0.000000;2141.624756
1570.000000;34159.000000;22064.000000;0.000000;353976.000000;34493.000000;0.000000;2143.057861
1571.000000;34159.000000;23723.000000;0.000000;303930.000000;34493.000000;0.000000;2144.494141
1572.000000;34159.000000;21838.000000;0.000000;397742.000000;34493.000000;0.000000;2145.901855
1573.000000;34159.000000;22999.000000;0.000000;360066.000000;34493.000000;0.000000;2147.312744
1574.000000;34159.000000;21506.000000;0.000000;395022.000000;34493.000000;0.000000;2148.660156
1575.000000;34159.000000;21978.000000;0.000000;352741.000000;34493.000000;0.000000;2149.886963
1576.000000;34159.000000;21945.000000;0.000000;393876.000000;34493.000000;0.000000;2151.112549
1577.000000;34159.000000;23018.000000;0.000000;333569.000000;34493.000000;0.000000;2152.365723
1578.000000;34159.000000;20147.000000;0.000000;437216.000000;34493.000000;0.000000;2153.601562
1579.000000;34159.000000;20483.000000;0.000000;472978.000000;34493.000000;0.000000;2154.832520
1580.000000;34159.000000;23555.000000;0.000000;310908.000000;34493.000000;0.000000;2156.068359
1581.000000;34159.000000;19595.000000;0.000000;472162.000000;34493.000000;0.000000;2157.597412
1582.000000;34159.000000;22337.000000;0.000000;317874.000000;34493.000000;0.000000;2159.011475
1583.000000;34159.000000;21426.000000;0.000000;437190.000000;34493.000000;0.000000;2160.432861
1584.000000;34159.000000;20519.000000;0.000000;419010.000000;34493.000000;0.000000;2161.879150
1585.000000;34159.000000;19792.000000;0.000000;439536.000000;34493.000000;0.000000;2163.489746
1586.000000;34159.000000;22487.000000;0.000000;376594.000000;34493.000000;0.000000;2165.565918
1587.000000;34159.000000;22967.000000;0.000000;359869.000000;34493.000000;0.000000;2167.652344
1588.000000;34159.000000;24543.000000;0.000000;271161.000000;34493.000000;0.000000;2169.815186
1589.000000;34159.000000;21718.000000;0.000000;402435.000000;34493.000000;0.000000;2171.954834
1590.000000;34159.000000;23375.000000;0.000000;315235.000000;34493.000000;0.000000;2174.084229
1591.000000;34159.000000;21956.000000;0.000000;343557.000000;34493.000000;0.000000;2176.182617
1592.000000;34159.000000;23542.000000;0.000000;318980.000000;34493.000000;0.000000;2177.865479
1593.000000;34159.000000;21644.000000;0.000000;427147.000000;34493.000000;0.000000;2179.101074
1594.000000;34159.000000;21830.000000;0.000000;380728.000000;34493.000000;0.000000;2180.334229
1595.000000;34159.000000;21070.000000;0.000000;446985.000000;34493.000000;0.000000;2181.598389
1596.000000;34159.000000;23965.000000;0.000000;322276.000000;34493.000000;0.000000;2182.849365
1597.000000;34159.000000;21431.000000;0.000000;383461.000000;34493.000000;0.000000;2184.092529
1598.000000;34159.000000;21843.000000;0.000000;380982.000000;34493.000000;0.000000;2185.338623
1599.000000;34159.000000;19963.000000;0.000000;431718.000000;34493.000000;0.000000;2186.585205
1600.000000;34159.000000;26695.000000;0.000000;220582.000000;34493.000000;0.000000;2187.853027
1601.000000;34159.000000;20899.000000;0.000000;425751.000000;34493.000000;0.000000;2189.471191
1602.000000;34159.000000;22607.000000;0.000000;329460.000000;34493.000000;0.000000;2190.926514
1603.000000;34159.000000;21116.000000;0.000000;363611.000000;34493.000000;0.000000;2192.399170
1604.000000;34159.000000;23382.000000;0.000000;320278.000000;34493.000000;0.000000;2193.825684
1605.000000;34159.000000;21397.000000;0.000000;392731.000000;34493.000000;0.000000;2195.248779
1606.000000;34159.000000;23684.000000;0.000000;353361.000000;34493.000000;0.000000;2196.679199
1607.000000;34159.000000;22062.000000;0.000000;358485.000000;34493.000000;0.000000;2198.103516
1608.000000;34159.000000;23802.000000;0.000000;364271.000000;34493.000000;0.000000;2199.519043
1609.000000;34159.000000;23049.000000;0.000000;337474.000000;34493.000000;0.000000;2201.017334
1610.000000;34159.000000;22964.000000;0.000000;321588.000000;34493.000000;0.000000;2202.503418
1611.000000;34159.000000;21155.000000;0.000000;475008.000000;34493.000000;0.000000;2203.971680
1612.000000;34159.000000;21268.000000;0.000000;423703.000000;34493.000000;0.000000;2205.415283
1613.000000;34159.000000;22941.000000;0.000000;351516.000000;34493.000000;0.000000;2206.833740
1614.000000;34159.000000;21262.000000;0.000000;405698.000000;34493.000000;0.000000;2208.252930
1615.000000;34159.000000;22098.000000;0.000000;340656.000000;34493.000000;0.000000;2209.691406
1616.000000;34159.000000;22583.000000;0.000000;353233.000000;34493.000000;0.000000;2211.144531
1617.000000;34159.000000;21961.000000;0.000000;350891.000000;34493.000000;0.000000;2212.599609
1618.000000;34159.000000;22769.000000;0.000000;343674.000000;34493.000000;0.000000;2214.031250
1619.000000;34159.000000;24047.000000;0.000000;321788.000000;34493.000000;0.000000;2215.459473
1620.000000;34159.000000;23075.000000;0.000000;354495.000000;34493.000000;0.000000;2216.741455
1621.000000;34159.000000;23654.000000;0.000000;314399.000000;34493.000000;0.000000;2218.316406
1622.000000;34159.000000;22791.000000;0.000000;377717.000000;34493.000000;0.000000;2219.760742
1623.000000;34159.000000;20721.000000;0.000000;482754.000000;34493.000000;0.000000;2221.213135
1624.000000;34159.000000;22233.000000;0.000000;365212.000000;34493.000000;0.000000;2222.682129
1625.000000;34159.000000;20965.000000;0.000000;392222.000000;34493.000000;0.000000;2224.103271
1626.000000;34159.000000;21834.000000;0.000000;401409.000000;34493.000000;0.000000;2225.522705
1627.000000;34159.000000;23193.000000;0.000000;426437.000000;34493.000000;0.000000;2226.967041
1628.000000;34159.000000;23416.000000;0.000000;338771.000000;34493.000000;0.000000;2228.434570
1629.000000;34159.000000;20669.000000;0.000000;362323.000000;34493.000000;0.000000;2229.864502
1630.000000;34159.000000;22887.000000;0.000000;303468.000000;34493.000000;0.000000;2231.345215
1631.000000;34159.000000;22257.000000;0.000000;417765.000000;34493.000000;0.000000;2232.823730
1632.000000;34159.000000;21024.000000;0.000000;395835.000000;34493.000000;0.000000;2234.272461
1633.000000;34159.000000;23122.000000;0.000000;307270.000000;34493.000000;0.000000;2235.725098
1634.000000;34159.000000;21309.000000;0.000000;427345.000000;34493.000000;0.000000;2237.283691
1635.000000;34159.000000;21130.000000;0.000000;429641.000000;34493.000000;0.000000;2239.084961
1636.000000;34159.000000;24311.000000;0.000000;328787.000000;34493.000000;0.000000;2240.353516
1637.000000;34159.000000;22197.000000;0.000000;335041.000000;34493.000000;0.000000;2241.617676
1638.000000;34159.000000;23719.000000;0.000000;371814.000000;34493.000000;0.000000;2242.908447
1639.000000;34159.000000;21407.000000;0.000000;382495.000000;34493.000000;0.000000;2244.176514
1640.000000;34159.000000;20063.000000;0.000000;433908.000000;34493.000000;0.000000;2245.442139
1641.000000;34159.000000;22527.000000;0.000000;436186.000000;34493.000000;0.000000;2247.036865
1642.000000;34159.000000;21892.000000;0.000000;369611.000000;34493.000000;0.000000;2248.502441
1643.000000;34159.000000;20013.000000;0.000000;386683.000000;34493.000000;0.000000;2249.975342
1644.000000;34159.000000;21840.000000;0.000000;367375.000000;34493.000000;0.000000;2251.422852
1645.000000;34159.000000;22377.000000;0.000000;380352.000000;34493.000000;0.000000;2252.897949
1646.000000;34159.000000;20375.000000;0.000000;406715.000000;34493.000000;0.000000;2254.336182
1647.000000;34159.000000;21679.000000;0.000000;408650.000000;34493.000000;0.000000;2255.794434
1648.000000;34159.000000;21567.000000;0.000000;429552.000000;34493.000000;0.000000;2257.244629
1649.000000;34159.000000;21652.000000;0.000000;380114.000000;34493.000000;0.000000;2258.686768
1650.000000;34159.000000;20099.000000;0.000000;449444.000000;34493.000000;0.000000;2260.186035
1651.000000;34159.000000;22046.000000;0.000000;387165.000000;34493.000000;0.000000;2261.650146
1652.000000;34159.000000;20681.000000;0.000000;384016.000000;34493.000000;0.000000;2263.133545
1653.000000;34159.000000;23997.000000;0.000000;356090.000000;34493.000000;0.000000;2264.623535
1654.000000;34159.000000;20835.000000;0.000000;405371.000000;34493.000000;0.000000;2265.962158
1655.000000;34159.000000;20551.000000;0.000000;433956.000000;34493.000000;0.000000;2267.254639
1656.000000;34159.000000;21618.000000;0.000000;403897.000000;34493.000000;0.000000;2268.541504
1657.000000;34159.000000;21973.000000;0.000000;376016.000000;34493.000000;0.000000;2269.826904
1658.000000;34159.000000;21159.000000;0.000000;425727.000000;34493.000000;0.000000;2271.100830
1659.000000;34159.000000;21799.000000;0.000000;363981.000000;34493.000000;0.000000;2272.409668
1660.000000;34159.000000;20439.000000;0.000000;404487.000000;34493.000000;0.000000;2273.688232
1661.000000;34159.000000;19962.000000;0.000000;410418.000000;34493.000000;0.000000;2275.364014
1662.000000;34159.000000;20924.000000;0.000000;375724.000000;34493.000000;0.000000;2276.838135
1663.000000;34159.000000;21432.000000;0.000000;412240.000000;34493.000000;0.000000;2278.322754
1664.000000;34159.000000;22057.000000;0.000000;370873.000000;34493.000000;0.000000;2279.874268
1665.000000;34159.000000;22148.000000;0.000000;332257.000000;34493.000000;0.000000;2281.419678
1666.000000;34159.000000;22193.000000;0.000000;378140.000000;34493.000000;0.000000;2283.013916
1667.000000;34159.000000;23417.000000;0.000000;341312.000000;34493.000000;0.000000;2284.500977
1668.000000;34159.000000;23168.000000;0.000000;325808.000000;34493.000000;0.000000;2285.953369
1669.000000;34159.000000;21008.000000;0.000000;413788.000000;34493.000000;0.000000;2287.416748
1670.000000;34159.000000;21451.000000;0.000000;411388.000000;34493.000000;0.000000;2288.919678
1671.000000;34159.000000;23091.000000;0.000000;307098.000000;34493.000000;0.000000;2290.395996
1672.000000;34159.000000;23540.000000;0.000000;319663.000000;34493.000000;0.000000;2291.872803
1673.000000;34159.000000;20628.000000;0.000000;420059.000000;34493.000000;0.000000;2293.367432
1674.000000;34159.000000;23672.000000;0.000000;381552.000000;34493.000000;0.000000;2294.688965
1675.000000;34159.000000;20841.000000;0.000000;386694.000000;34493.000000;0.000000;2295.981934
1676.000000;34159.000000;22627.000000;0.000000;344237.000000;34493.000000;0.000000;2297.272705
1677.000000;34159.000000;19865.000000;0.000000;453727.000000;34493.000000;0.000000;2298.561279
1678.000000;34159.000000;23161.000000;0.000000;344840.000000;34493.000000;0.000000;2299.855225
1679.000000;34159.000000;22987.000000;0.000000;352385.000000;34493.000000;0.000000;2301.151611
1680.000000;34159.000000;22227.000000;0.000000;381110.000000;34493.000000;0.000000;2302.475586
1681.000000;34159.000000;22621.000000;0.000000;349951.000000;34493.000000;0.000000;2304.106934
1682.000000;34159.000000;22319.000000;0.000000;322333.000000;34493.000000;0.000000;2305.595947
1683.000000;34159.000000;24222.000000;0.000000;319004.000000;34493.000000;0.000000;2307.066406
1684.000000;34159.000000;21324.000000;0.000000;401403.000000;34493.000000;0.000000;2308.497070
1685.000000;34159.000000;21689.000000;0.000000;383411.000000;34493.000000;0.000000;2309.910645
1686.000000;34159.000000;19567.000000;0.000000;433427.000000;34493.000000;0.000000;2311.326416
1687.000000;34159.000000;21788.000000;0.000000;357409.000000;34493.000000;0.000000;2312.788818
1688.000000;34159.000000;22680.000000;0.000000;358609.000000;34493.000000;0.000000;2314.210938
1689.000000;34159.000000;24512.000000;0.000000;313640.000000;34493.000000;0.000000;2315.635498
1690.000000;34159.000000;21001.000000;0.000000;433010.000000;34493.000000;0.000000;2317.233643
1691.000000;34159.000000;22785.000000;0.000000;310520.000000;34493.000000;0.000000;2318.669678
1692.000000;34159.000000;22162.000000;0.000000;398692.000000;34493.000000;0.000000;2320.090332
1693.000000;34159.000000;22476.000000;0.000000;351230.000000;34493.000000;0.000000;2321.509277
1694.000000;34159.000000;21988.000000;0.000000;353606.000000;34493.000000;0.000000;2322.960938
1695.000000;34159.000000;21621.000000;0.000000;415462.000000;34493.000000;0.000000;2324.410400
1696.000000;34159.000000;23285.000000;0.000000;322078.000000;34493.000000;0.000000;2325.831299
1697.000000;34159.000000;22490.000000;0.000000;390188.000000;34493.000000;0.000000;2327.250732
1698.000000;34159.000000;20532.000000;0.000000;440232.000000;34493.000000;0.000000;2328.680664
1699.000000;34159.000000;23120.000000;0.000000;316597.000000;34493.000000;0.000000;2330.138428
1700.000000;34159.000000;21982.000000;0.000000;374792.000000;34493.000000;0.000000;2331.577148
1701.000000;34159.000000;20590.000000;0.000000;426634.000000;34493.000000;0.000000;2333.215332
1702.000000;34159.000000;20349.000000;0.000000;416044.000000;34493.000000;0.000000;2334.663818
1703.000000;34159.000000;22829.000000;0.000000;384963.000000;34493.000000;0.000000;2336.109131
1704.000000;34159.000000;22318.000000;0.000000;349445.000000;34493.000000;0.000000;2337.505859
1705.000000;34159.000000;21215.000000;0.000000;407476.000000;34493.000000;0.000000;2338.888428
1706.000000;34159.000000;23160.000000;0.000000;345395.000000;34493.000000;0.000000;2340.277832
1707.000000;34159.000000;21218.000000;0.000000;393228.000000;34493.000000;0.000000;2341.665771
1708.000000;34159.000000;21974.000000;0.000000;358261.000000;34493.000000;0.000000;2343.080566
1709.000000;34159.000000;22638.000000;0.000000;373166.000000;34493.000000;0.000000;2344.467773
1710.000000;34159.000000;21621.000000;0.000000;403089.000000;34493.000000;0.000000;2345.904053
1711.000000;34159.000000;22301.000000;0.000000;358834.000000;34493.000000;0.000000;2347.312500
1712.000000;34159.000000;23143.000000;0.000000;336924.000000;34493.000000;0.000000;2348.715820
1713.000000;34159.000000;21990.000000;0.000000;373970.000000;34493.000000;0.000000;2350.110840
1714.000000;34159.000000;21959.000000;0.000000;398399.000000;34493.000000;0.000000;2351.438477
1715.000000;34159.000000;22579.000000;0.000000;382238.000000;34493.000000;0.000000;2352.768066
1716.000000;34159.000000;23679.000000;0.000000;324990.000000;34493.000000;0.000000;2354.011230
1717.000000;34159.000000;20738.000000;0.000000;376714.000000;34493.000000;0.000000;2355.250000
1718.000000;34159.000000;22318.000000;0.000000;336592.000000;34493.000000;0.000000;2356.483643
1719.000000;34159.000000;20231.000000;0.000000;427164.000000;34493.000000;0.000000;2357.779541
1720.000000;34159.000000;23214.000000;0.000000;346833.000000;34493.000000;0.000000;2359.012695
1721.000000;34159.000000;23246.000000;0.000000;308556.000000;34493.000000;0.000000;2360.542480
1722.000000;34159.000000;23258.000000;0.000000;312002.000000;34493.000000;0.000000;2361.956787
1723.000000;34159.000000;22416.000000;0.000000;387344.000000;34493.000000;0.000000;2363.410156
1724.000000;34159.000000;21966.000000;0.000000;410455.000000;34493.000000;0.000000;2364.807617
1725.000000;34159.000000;21357.000000;0.000000;386052.000000;34493.000000;0.000000;2366.192139
1726.000000;34159.000000;22517.000000;0.000000;330922.000000;34493.000000;0.000000;2367.550049
1727.000000;34159.000000;22584.000000;0.000000;371267.000000;34493.000000;0.000000;2368.906250
1728.000000;34159.000000;22394.000000;0.000000;385074.000000;34493.000000;0.000000;2370.260498
1729.000000;34159.000000;22002.000000;0.000000;395794.000000;34493.000000;0.000000;2371.613770
1730.000000;34159.000000;23599.000000;0.000000;315237.000000;34493.000000;0.000000;2373.037598
1731.000000;34159.000000;21612.000000;0.000000;404993.000000;34493.000000;0.000000;2374.416748
1732.000000;34159.000000;23202.000000;0.000000;361851.000000;34493.000000;0.000000;2375.795166
1733.000000;34159.000000;24211.000000;0.000000;298869.000000;34493.000000;0.000000;2377.184570
1734.000000;34159.000000;22547.000000;0.000000;306675.000000;34493.000000;0.000000;2378.561279
1735.000000;34159.000000;22005.000000;0.000000;376892.000000;34493.000000;0.000000;2379.788086
1736.000000;34159.000000;22475.000000;0.000000;370077.000000;34493.000000;0.000000;2380.999268
1737.000000;34159.000000;20468.000000;0.000000;439105.000000;34493.000000;0.000000;2382.206787
1738.000000;34159.000000;21617.000000;0.000000;390571.000000;34493.000000;0.000000;2383.452637
1739.000000;34159.000000;22044.000000;0.000000;340604.000000;34493.000000;0.000000;2384.694824
1740.000000;34159.000000;21491.000000;0.000000;383875.000000;34493.000000;0.000000;2385.904785
1741.000000;34159.000000;22055.000000;0.000000;324018.000000;34493.000000;0.000000;2387.405029
1742.000000;34159.000000;24105.000000;0.000000;313802.000000;34493.000000;0.000000;2388.776123
1743.000000;34159.000000;24061.000000;0.000000;319942.000000;34493.000000;0.000000;2390.153076
1744.000000;34159.000000;23810.000000;0.000000;301351.000000;34493.000000;0.000000;2391.519775
1745.000000;34159.000000;21899.000000;0.000000;392105.000000;34493.000000;0.000000;2392.904541
1746.000000;34159.000000;24740.000000;0.000000;258885.000000;34493.000000;0.000000;2394.264160
1747.000000;34159.000000;21111.000000;0.000000;408469.000000;34493.000000;0.000000;2395.617920
1748.000000;34159.000000;24175.000000;0.000000;338287.000000;34493.000000;0.000000;2396.962402
1749.000000;34159.000000;21046.000000;0.000000;413979.000000;34493.000000;0.000000;2398.294922
1750.000000;34159.000000;22753.000000;0.000000;402425.000000;34493.000000;0.000000;2399.645996
1751.000000;34159.000000;21305.000000;0.000000;437357.000000;34493.000000;0.000000;2401.001221
1752.000000;34159.000000;25593.000000;0.000000;295488.000000;34493.000000;0.000000;2402.346191
1753.000000;34159.000000;23818.000000;0.000000;315756.000000;34493.000000;0.000000;2403.737793
1754.000000;34159.000000;23838.000000;0.000000;352752.000000;34493.000000;0.000000;2405.080811
1755.000000;34159.000000;21665.000000;0.000000;381094.000000;34493.000000;0.000000;2406.317871
1756.000000;34159.000000;23097.000000;0.000000;332864.000000;34493.000000;0.000000;2407.510986
1757.000000;34159.000000;24365.000000;0.000000;297544.000000;34493.000000;0.000000;2408.699707
1758.000000;34159.000000;23478.000000;0.000000;369951.000000;34493.000000;0.000000;2409.892334
1759.000000;34159.000000;22067.000000;0.000000;392935.000000;34493.000000;0.000000;2411.085449
1760.000000;34159.000000;22258.000000;0.000000;390514.000000;34493.000000;0.000000;2412.279541
1761.000000;34159.000000;21734.000000;0.000000;401609.000000;34493.000000;0.000000;2413.787598
1762.000000;34159.000000;21972.000000;0.000000;391683.000000;34493.000000;0.000000;2415.147949
1763.000000;34159.000000;21006.000000;0.000000;427565.000000;34493.000000;0.000000;2416.502686
1764.000000;34159.000000;21549.000000;0.000000;433791.000000;34493.000000;0.000000;2417.851318
1765.000000;34159.000000;21886.000000;0.000000;409280.000000;34493.000000;0.000000;2419.191650
1766.000000;34159.000000;22180.000000;0.000000;398862.000000;34493.000000;0.000000;2420.522461
1767.000000;34159.000000;21945.000000;0.000000;384178.000000;34493.000000;0.000000;2421.855469
1768.000000;34159.000000;21830.000000;0.000000;378385.000000;34493.000000;0.000000;2423.208252
1769.000000;34159.000000;21624.000000;0.000000;370257.000000;34493.000000;0.000000;2424.542480
1770.000000;34159.000000;22705.000000;0.000000;359047.000000;34493.000000;0.000000;2425.885254
1771.000000;34159.000000;20876.000000;0.000000;346450.000000;34493.000000;0.000000;2427.267822
1772.000000;34159.000000;23093.000000;0.000000;345269.000000;34493.000000;0.000000;2428.631104
1773.000000;34159.000000;22608.000000;0.000000;393960.000000;34493.000000;0.000000;2429.998779
1774.000000;34159.000000;24238.000000;0.000000;360187.000000;34493.000000;0.000000;2431.365967
1775.000000;34159.000000;24988.000000;0.000000;307581.000000;34493.000000;0.000000;2432.627197
1776.000000;34159.000000;22328.000000;0.000000;383321.000000;34493.000000;0.000000;2433.854492
1777.000000;34159.000000;23130.000000;0.000000;392348.000000;34493.000000;0.000000;2435.053467
1778.000000;34159.000000;20683.000000;0.000000;398146.000000;34493.000000;0.000000;2436.261963
1779.000000;34159.000000;22768.000000;0.000000;349594.000000;34493.000000;0.000000;2437.463135
1780.000000;34159.000000;23636.000000;0.000000;325553.000000;34493.000000;0.000000;2438.662842
1781.000000;34159.000000;20504.000000;0.000000;406670.000000;34493.000000;0.000000;2440.159668
1782.000000;34159.000000;22835.000000;0.000000;374464.000000;34493.000000;0.000000;2441.845459
1783.000000;34159.000000;20450.000000;0.000000;399844.000000;34493.000000;0.000000;2443.385986
1784.000000;34159.000000;22437.000000;0.000000;381773.000000;34493.000000;0.000000;2444.864014
1785.000000;34159.000000;23023.000000;0.000000;361030.000000;34493.000000;0.000000;2446.237061
1786.000000;34159.000000;22589.000000;0.000000;407333.000000;34493.000000;0.000000;2447.660645
1787.000000;34159.000000;22613.000000;0.000000;328232.000000;34493.000000;0.000000;2449.038330
1788.000000;34159.000000;22117.000000;0.000000;357029.000000;34493.000000;0.000000;2450.379883
1789.000000;34159.000000;22998.000000;0.000000;331142.000000;34493.000000;0.000000;2451.720947
1790.000000;34159.000000;20700.000000;0.000000;412460.000000;34493.000000;0.000000;2453.107910
1791.000000;34159.000000;21180.000000;0.000000;382979.000000;34493.000000;0.000000;2454.506836
1792.000000;34159.000000;21937.000000;0.000000;398357.000000;34493.000000;0.000000;2455.879883
1793.000000;34159.000000;22976.000000;0.000000;351089.000000;34493.000000;0.000000;2457.254883
1794.000000;34159.000000;21423.000000;0.000000;383557.000000;34493.000000;0.000000;2458.589111
1795.000000;34159.000000;22280.000000;0.000000;321134.000000;34493.000000;0.000000;2459.797363
1796.000000;34159.000000;21192.000000;0.000000;371968.000000;34493.000000;0.000000;2461.003418
1797.000000;34159.000000;23885.000000;0.000000;375996.000000;34493.000000;0.000000;2462.209961
1798.000000;34159.000000;20661.000000;0.000000;401610.000000;34493.000000;0.000000;2463.453857
1799.000000;34159.000000;21485.000000;0.000000;405898.000000;34493.000000;0.000000;2464.669434
1800.000000;34159.000000;20255.000000;0.000000;414327.000000;34493.000000;0.000000;2465.877930
1801.000000;34159.000000;21435.000000;0.000000;427053.000000;34493.000000;0.000000;2467.378418
1802.000000;34159.000000;22056.000000;0.000000;379804.000000;34493.000000;0.000000;2468.756592
1803.000000;34159.000000;23056.000000;0.000000;350307.000000;34493.000000;0.000000;2470.141846
1804.000000;34159.000000;22226.000000;0.000000;386517.000000;34493.000000;0.000000;2471.517822
1805.000000;34159.000000;19833.000000;0.000000;476026.000000;34493.000000;0.000000;2472.869873
1806.000000;34159.000000;24621.000000;0.000000;243993.000000;34493.000000;0.000000;2474.260254
1807.000000;34159.000000;21473.000000;0.000000;401064.000000;34493.000000;0.000000;2475.625000
1808.000000;34159.000000;22637.000000;0.000000;325587.000000;34493.000000;0.000000;2476.981201
1809.000000;34159.000000;23448.000000;0.000000;365545.000000;34493.000000;0.000000;2478.335693
1810.000000;34159.000000;21849.000000;0.000000;381439.000000;34493.000000;0.000000;2479.689941
1811.000000;34159.000000;22206.000000;0.000000;366036.000000;34493.000000;0.000000;2481.043945
1812.000000;34159.000000;21565.000000;0.000000;360714.000000;34493.000000;0.000000;2482.397949
1813.000000;34159.000000;21421.000000;0.000000;389403.000000;34493.000000;0.000000;2483.783203
1814.000000;34159.000000;20656.000000;0.000000;405433.000000;34493.000000;0.000000;2485.187500
1815.000000;34159.000000;22529.000000;0.000000;381133.000000;34493.000000;0.000000;2486.559814
1816.000000;34159.000000;21541.000000;0.000000;403757.000000;34493.000000;0.000000;2488.192139
1817.000000;34159.000000;22942.000000;0.000000;333202.000000;34493.000000;0.000000;2489.580322
1818.000000;34159.000000;20219.000000;0.000000;366209.000000;34493.000000;0.000000;2490.844971
1819.000000;34159.000000;23981.000000;0.000000;361821.000000;34493.000000;0.000000;2492.066406
1820.000000;34159.000000;23564.000000;0.000000;352960.000000;34493.000000;0.000000;2493.291748
1821.000000;34159.000000;22186.000000;0.000000;379794.000000;34493.000000;0.000000;2494.840088
1822.000000;34159.000000;23191.000000;0.000000;361760.000000;34493.000000;0.000000;2496.250977
1823.000000;34159.000000;21224.000000;0.000000;410072.000000;34493.000000;0.000000;2497.657471
1824.000000;34159.000000;20688.000000;0.000000;385443.000000;34493.000000;0.000000;2499.054199
1825.000000;34159.000000;22036.000000;0.000000;382803.000000;34493.000000;0.000000;2500.436768
1826.000000;34159.000000;22115.000000;0.000000;400624.000000;34493.000000;0.000000;2501.905029
1827.000000;34159.000000;19879.000000;0.000000;415651.000000;34493.000000;0.000000;2503.289307
1828.000000;34159.000000;21958.000000;0.000000;383382.000000;34493.000000;0.000000;2504.772949
1829.000000;34159.000000;23444.000000;0.000000;339381.000000;34493.000000;0.000000;2506.149414
1830.000000;34159.000000;22061.000000;0.000000;357900.000000;34493.000000;0.000000;2507.562988
1831.000000;34159.000000;23690.000000;0.000000;381018.000000;34493.000000;0.000000;2508.954346
1832.000000;34159.000000;23102.000000;0.000000;332250.000000;34493.000000;0.000000;2510.345947
1833.000000;34159.000000;20146.000000;0.000000;408936.000000;34493.000000;0.000000;2511.739014
1834.000000;34159.000000;21719.000000;0.000000;375519.000000;34493.000000;0.000000;2513.104248
1835.000000;34159.000000;20410.000000;0.000000;405266.000000;34493.000000;0.000000;2514.360352
1836.000000;34159.000000;22224.000000;0.000000;347968.000000;34493.000000;0.000000;2515.577393
1837.000000;34159.000000;25028.000000;0.000000;307960.000000;34493.000000;0.000000;2516.799316
1838.000000;34159.000000;20937.000000;0.000000;441952.000000;34493.000000;0.000000;2518.028809
1839.000000;34159.000000;23998.000000;0.000000;314074.000000;34493.000000;0.000000;2519.258057
1840.000000;34159.000000;22940.000000;0.000000;409413.000000;34493.000000;0.000000;2520.489502
1841.000000;34159.000000;23797.000000;0.000000;319608.000000;34493.000000;0.000000;2522.031738
1842.000000;34159.000000;21651.000000;0.000000;360696.000000;34493.000000;0.000000;2523.450928
1843.000000;34159.000000;22119.000000;0.000000;356108.000000;34493.000000;0.000000;2524.907471
1844.000000;34159.000000;21777.000000;0.000000;400010.000000;34493.000000;0.000000;2526.314209
1845.000000;34159.000000;22104.000000;0.000000;370575.000000;34493.000000;0.000000;2527.723633
1846.000000;34159.000000;20560.000000;0.000000;392623.000000;34493.000000;0.000000;2529.107422
1847.000000;34159.000000;22585.000000;0.000000;347084.000000;34493.000000;0.000000;2530.493164
1848.000000;34159.000000;21948.000000;0.000000;331227.000000;34493.000000;0.000000;2531.877686
1849.000000;34159.000000;23736.000000;0.000000;326941.000000;34493.000000;0.000000;2533.259766
1850.000000;34159.000000;22299.000000;0.000000;356252.000000;34493.000000;0.000000;2534.717773
1851.000000;34159.000000;24071.000000;0.000000;325746.000000;34493.000000;0.000000;2536.130127
1852.000000;34159.000000;22222.000000;0.000000;364622.000000;34493.000000;0.000000;2537.539062
1853.000000;34159.000000;23745.000000;0.000000;354550.000000;34493.000000;0.000000;2538.949707
1854.000000;34159.000000;21325.000000;0.000000;444448.000000;34493.000000;0.000000;2540.328613
1855.000000;34159.000000;21313.000000;0.000000;383160.000000;34493.000000;0.000000;2541.569092
1856.000000;34159.000000;23627.000000;0.000000;278350.000000;34493.000000;0.000000;2542.806152
1857.000000;34159.000000;21151.000000;0.000000;445984.000000;34493.000000;0.000000;2544.071777
1858.000000;34159.000000;23188.000000;0.000000;354619.000000;34493.000000;0.000000;2545.316895
1859.000000;34159.000000;24496.000000;0.000000;278783.000000;34493.000000;0.000000;2546.554688
1860.000000;34159.000000;21060.000000;0.000000;408562.000000;34493.000000;0.000000;2547.805420
1861.000000;34159.000000;24348.000000;0.000000;342659.000000;34493.000000;0.000000;2549.362549
1862.000000;34159.000000;22178.000000;0.000000;371944.000000;34493.000000;0.000000;2550.795898
1863.000000;34159.000000;21538.000000;0.000000;411343.000000;34493.000000;0.000000;2552.240479
1864.000000;34159.000000;22472.000000;0.000000;359961.000000;34493.000000;0.000000;2553.665527
1865.000000;34159.000000;22454.000000;0.000000;361435.000000;34493.000000;0.000000;2555.100342
1866.000000;34159.000000;22752.000000;0.000000;371513.000000;34493.000000;0.000000;2556.516602
1867.000000;34159.000000;22486.000000;0.000000;377327.000000;34493.000000;0.000000;2557.927490
1868.000000;34159.000000;21209.000000;0.000000;401353.000000;34493.000000;0.000000;2559.327881
1869.000000;34159.000000;23940.000000;0.000000;321766.000000;34493.000000;0.000000;2560.733887
1870.000000;34159.000000;21203.000000;0.000000;413372.000000;34493.000000;0.000000;2562.179932
1871.000000;34159.000000;24542.000000;0.000000;338394.000000;34493.000000;0.000000;2563.614990
1872.000000;34159.000000;23578.000000;0.000000;330045.000000;34493.000000;0.000000;2565.105713
1873.000000;34159.000000;24309.000000;0.000000;291135.000000;34493.000000;0.000000;2566.536865
1874.000000;34159.000000;21368.000000;0.000000;412682.000000;34493.000000;0.000000;2567.910645
1875.000000;34159.000000;22161.000000;0.000000;357491.000000;34493.000000;0.000000;2569.211670
1876.000000;34159.000000;21240.000000;0.000000;446599.000000;34493.000000;0.000000;2570.457764
1877.000000;34159.000000;22444.000000;0.000000;332821.000000;34493.000000;0.000000;2571.695312
1878.000000;34159.000000;22077.000000;0.000000;368044.000000;34493.000000;0.000000;2572.943359
1879.000000;34159.000000;23397.000000;0.000000;355602.000000;34493.000000;0.000000;2574.217773
1880.000000;34159.000000;23211.000000;0.000000;340464.000000;34493.000000;0.000000;2575.474609
1881.000000;34159.000000;23098.000000;0.000000;351618.000000;34493.000000;0.000000;2577.041992
1882.000000;34159.000000;23423.000000;0.000000;356962.000000;34493.000000;0.000000;2578.496094
1883.000000;34159.000000;21738.000000;0.000000;383905.000000;34493.000000;0.000000;2579.956543
1884.000000;34159.000000;21576.000000;0.000000;376332.000000;34493.000000;0.000000;2581.401611
1885.000000;34159.000000;24791.000000;0.000000;289385.000000;34493.000000;0.000000;2582.828857
1886.000000;34159.000000;23417.000000;0.000000;331222.000000;34493.000000;0.000000;2584.280518
1887.000000;34159.000000;22037.000000;0.000000;393594.000000;34493.000000;0.000000;2585.709717
1888.000000;34159.000000;22750.000000;0.000000;342970.000000;34493.000000;0.000000;2587.136963
1889.000000;34159.000000;22435.000000;0.000000;368459.000000;34493.000000;0.000000;2588.563232
1890.000000;34159.000000;20919.000000;0.000000;379822.000000;34493.000000;0.000000;2590.036133
1891.000000;34159.000000;20891.000000;0.000000;446394.000000;34493.000000;0.000000;2591.493896
1892.000000;34159.000000;22981.000000;0.000000;348558.000000;34493.000000;0.000000;2592.954590
1893.000000;34159.000000;23115.000000;0.000000;355209.000000;34493.000000;0.000000;2594.444580
1894.000000;34159.000000;22762.000000;0.000000;346903.000000;34493.000000;0.000000;2595.806396
1895.000000;34159.000000;22551.000000;0.000000;345423.000000;34493.000000;0.000000;2597.068848
1896.000000;34159.000000;23421.000000;0.000000;359324.000000;34493.000000;0.000000;2598.329346
1897.000000;34159.000000;25291.000000;0.000000;290553.000000;34493.000000;0.000000;2599.589111
1898.000000;34159.000000;21206.000000;0.000000;430687.000000;34493.000000;0.000000;2600.849609
1899.000000;34159.000000;20900.000000;0.000000;424615.000000;34493.000000;0.000000;2602.112305
1900.000000;34159.000000;20767.000000;0.000000;418535.000000;34493.000000;0.000000;2603.374268
1901.000000;34159.000000;22819.000000;0.000000;385190.000000;34493.000000;0.000000;2604.991455
1902.000000;34159.000000;22408.000000;0.000000;359740.000000;34493.000000;0.000000;2606.440918
1903.000000;34159.000000;22615.000000;0.000000;420630.000000;34493.000000;0.000000;2607.974609
1904.000000;34159.000000;21454.000000;0.000000;406519.000000;34493.000000;0.000000;2609.427002
1905.000000;34159.000000;20784.000000;0.000000;417600.000000;34493.000000;0.000000;2610.871826
1906.000000;34159.000000;21921.000000;0.000000;374890.000000;34493.000000;0.000000;2612.315186
1907.000000;34159.000000;21666.000000;0.000000;358934.000000;34493.000000;0.000000;2613.753174
1908.000000;34159.000000;21781.000000;0.000000;374516.000000;34493.000000;0.000000;2615.224121
1909.000000;34159.000000;21944.000000;0.000000;400688.000000;34493.000000;0.000000;2616.683594
1910.000000;34159.000000;22883.000000;0.000000;312560.000000;34493.000000;0.000000;2618.189697
1911.000000;34159.000000;20544.000000;0.000000;409127.000000;34493.000000;0.000000;2619.660400
1912.000000;34159.000000;23217.000000;0.000000;303707.000000;34493.000000;0.000000;2621.131836
1913.000000;34159.000000;23037.000000;0.000000;345148.000000;34493.000000;0.000000;2622.596924
1914.000000;34159.000000;22697.000000;0.000000;335577.000000;34493.000000;0.000000;2623.960693
1915.000000;34159.000000;26539.000000;0.000000;238668.000000;34493.000000;0.000000;2625.278809
1916.000000;34159.000000;22761.000000;0.000000;362185.000000;34493.000000;0.000000;2626.557373
1917.000000;34159.000000;21532.000000;0.000000;391951.000000;34493.000000;0.000000;2627.832764
1918.000000;34159.000000;20012.000000;0.000000;425804.000000;34493.000000;0.000000;2629.117188
1919.000000;34159.000000;22072.000000;0.000000;354107.000000;34493.000000;0.000000;2630.404053
1920.000000;34159.000000;24635.000000;0.000000;340891.000000;34493.000000;0.000000;2631.691650
1921.000000;34159.000000;23301.000000;0.000000;330861.000000;34493.000000;0.000000;2633.297363
1922.000000;34159.000000;21197.000000;0.000000;393684.000000;34493.000000;0.000000;2634.812744
1923.000000;34159.000000;21926.000000;0.000000;382917.000000;34493.000000;0.000000;2636.296143
1924.000000;34159.000000;21533.000000;0.000000;397311.000000;34493.000000;0.000000;2637.763916
1925.000000;34159.000000;22338.000000;0.000000;381351.000000;34493.000000;0.000000;2639.226318
1926.000000;34159.000000;22057.000000;0.000000;352118.000000;34493.000000;0.000000;2640.691406
1927.000000;34159.000000;20529.000000;0.000000;425473.000000;34493.000000;0.000000;2642.157227
1928.000000;34159.000000;22108.000000;0.000000;390125.000000;34493.000000;0.000000;2643.622314
1929.000000;34159.000000;21456.000000;0.000000;414721.000000;34493.000000;0.000000;2645.118408
1930.000000;34159.000000;20301.000000;0.000000;429311.000000;34493.000000;0.000000;2646.648682
1931.000000;34159.000000;20553.000000;0.000000;387931.000000;34493.000000;0.000000;2648.135742
1932.000000;34159.000000;21184.000000;0.000000;342349.000000;34493.000000;0.000000;2649.621582
1933.000000;34159.000000;21841.000000;0.000000;390462.000000;34493.000000;0.000000;2651.106689
1934.000000;34159.000000;22110.000000;0.000000;337573.000000;34493.000000;0.000000;2652.449219
1935.000000;34159.000000;22919.000000;0.000000;293324.000000;34493.000000;0.000000;2653.755371
1936.000000;34159.000000;22769.000000;0.000000;380077.000000;34493.000000;0.000000;2655.095947
1937.000000;34159.000000;21388.000000;0.000000;378571.000000;34493.000000;0.000000;2656.397949
1938.000000;34159.000000;22807.000000;0.000000;350290.000000;34493.000000;0.000000;2657.697998
1939.000000;34159.000000;22439.000000;0.000000;368368.000000;34493.000000;0.000000;2659.167236
1940.000000;34159.000000;23333.000000;0.000000;314016.000000;34493.000000;0.000000;2660.479736
1941.000000;34159.000000;21157.000000;0.000000;395540.000000;34493.000000;0.000000;2662.185303
1942.000000;34159.000000;21388.000000;0.000000;379411.000000;34493.000000;0.000000;2663.692139
1943.000000;34159.000000;19853.000000;0.000000;405509.000000;34493.000000;0.000000;2665.233154
1944.000000;34159.000000;22784.000000;0.000000;339542.000000;34493.000000;0.000000;2666.687256
1945.000000;34159.000000;24761.000000;0.000000;333572.000000;34493.000000;0.000000;2668.110596
1946.000000;34159.000000;21438.000000;0.000000;400261.000000;34493.000000;0.000000;2669.539551
1947.000000;34159.000000;24227.000000;0.000000;313406.000000;34493.000000;0.000000;2670.962646
1948.000000;34159.000000;22215.000000;0.000000;414826.000000;34493.000000;0.000000;2672.460938
1949.000000;34159.000000;22189.000000;0.000000;394562.000000;34493.000000;0.000000;2673.885742
1950.000000;34159.000000;21346.000000;0.000000;411531.000000;34493.000000;0.000000;2675.382812
1951.000000;34159.000000;22301.000000;0.000000;386245.000000;34493.000000;0.000000;2676.877197
1952.000000;34159.000000;21692.000000;0.000000;396601.000000;34493.000000;0.000000;2678.326660
1953.000000;34159.000000;22916.000000;0.000000;368183.000000;34493.000000;0.000000;2679.772461
1954.000000;34159.000000;22545.000000;0.000000;343671.000000;34493.000000;0.000000;2681.191895
1955.000000;34159.000000;24100.000000;0.000000;332863.000000;34493.000000;0.000000;2682.451904
1956.000000;34159.000000;24285.000000;0.000000;320427.000000;34493.000000;0.000000;2683.769287
1957.000000;34159.000000;21760.000000;0.000000;367251.000000;34493.000000;0.000000;2685.069336
1958.000000;34159.000000;22921.000000;0.000000;342643.000000;34493.000000;0.000000;2686.322021
1959.000000;34159.000000;22587.000000;0.000000;385555.000000;34493.000000;0.000000;2687.572510
1960.000000;34159.000000;20395.000000;0.000000;413548.000000;34493.000000;0.000000;2688.824219
1961.000000;34159.000000;20857.000000;0.000000;431562.000000;34493.000000;0.000000;2690.415039
1962.000000;34159.000000;23981.000000;0.000000;298411.000000;34493.000000;0.000000;2691.870850
1963.000000;34159.000000;21610.000000;0.000000;397032.000000;34493.000000;0.000000;2693.330322
1964.000000;34159.000000;21524.000000;0.000000;370338.000000;34493.000000;0.000000;2694.782959
1965.000000;34159.000000;22174.000000;0.000000;403342.000000;34493.000000;0.000000;2696.237793
1966.000000;34159.000000;21367.000000;0.000000;398880.000000;34493.000000;0.000000;2697.632324
1967.000000;34159.000000;21351.000000;0.000000;433553.000000;34493.000000;0.000000;2699.031982
1968.000000;34159.000000;21702.000000;0.000000;380714.000000;34493.000000;0.000000;2700.422852
1969.000000;34159.000000;22177.000000;0.000000;370197.000000;34493.000000;0.000000;2701.809326
1970.000000;34159.000000;21839.000000;0.000000;379153.000000;34493.000000;0.000000;2703.243652
1971.000000;34159.000000;22758.000000;0.000000;347450.000000;34493.000000;0.000000;2704.656250
1972.000000;34159.000000;21617.000000;0.000000;371155.000000;34493.000000;0.000000;2706.251709
1973.000000;34159.000000;23374.000000;0.000000;335724.000000;34493.000000;0.000000;2707.730225
1974.000000;34159.000000;23442.000000;0.000000;299456.000000;34493.000000;0.000000;2709.043213
1975.000000;34159.000000;24133.000000;0.000000;314453.000000;34493.000000;0.000000;2710.277832
1976.000000;34159.000000;22208.000000;0.000000;407249.000000;34493.000000;0.000000;2711.509277
1977.000000;34159.000000;22699.000000;0.000000;324960.000000;34493.000000;0.000000;2712.741211
1978.000000;34159.000000;23013.000000;0.000000;364368.000000;34493.000000;0.000000;2713.977051
1979.000000;34159.000000;22476.000000;0.000000;394368.000000;34493.000000;0.000000;2715.263916
1980.000000;34159.000000;22075.000000;0.000000;430611.000000;34493.000000;0.000000;2716.506592
1981.000000;34159.000000;22197.000000;0.000000;371725.000000;34493.000000;0.000000;2718.525635
1982.000000;34159.000000;20205.000000;0.000000;439351.000000;34493.000000;0.000000;2720.003662
1983.000000;34159.000000;26101.000000;0.000000;287240.000000;34493.000000;0.000000;2721.420654
1984.000000;34159.000000;21282.000000;0.000000;393915.000000;34493.000000;0.000000;2722.817627
1985.000000;34159.000000;22727.000000;0.000000;402267.000000;34493.000000;0.000000;2724.213623
1986.000000;34159.000000;22087.000000;0.000000;369402.000000;34493.000000;0.000000;2725.647461
1987.000000;34159.000000;23756.000000;0.000000;327332.000000;34493.000000;0.000000;2727.033936
1988.000000;34159.000000;22702.000000;0.000000;357427.000000;34493.000000;0.000000;2728.411865
1989.000000;34159.000000;24070.000000;0.000000;313035.000000;34493.000000;0.000000;2729.870361
1990.000000;34159.000000;20996.000000;0.000000;415191.000000;34493.000000;0.000000;2731.239258
1991.000000;34159.000000;22365.000000;0.000000;340255.000000;34493.000000;0.000000;2732.626953
1992.000000;34159.000000;21894.000000;0.000000;390707.000000;34493.000000;0.000000;2734.030029
1993.000000;34159.000000;22510.000000;0.000000;374486.000000;34493.000000;0.000000;2735.427979
1994.000000;34159.000000;22603.000000;0.000000;406004.000000;34493.000000;0.000000;2736.852783
1995.000000;34159.000000;24429.000000;0.000000;297547.000000;34493.000000;0.000000;2738.277100
1996.000000;34159.000000;20981.000000;0.000000;422001.000000;34493.000000;0.000000;2739.528320
1997.000000;34159.000000;22373.000000;0.000000;334214.000000;34493.000000;0.000000;2740.858887
1998.000000;34159.000000;20694.000000;0.000000;418684.000000;34493.000000;0.000000;2742.064941
1999.000000;34159.000000;20849.000000;0.000000;483691.000000;34493.000000;0.000000;2743.269775
2000.000000;34159.000000;22808.000000;0.000000;356946.000000;34493.000000;0.000000;2744.536865
2001.000000;34159.000000;21637.000000;0.000000;440248.000000;34493.000000;0.000000;2746.048096
2002.000000;34159.000000;21500.000000;0.000000;423469.000000;34493.000000;0.000000;2747.455811
2003.000000;34159.000000;22532.000000;0.000000;350300.000000;34493.000000;0.000000;2748.857910
2004.000000;34159.000000;21808.000000;0.000000;416751.000000;34493.000000;0.000000;2750.244141
2005.000000;34159.000000;22975.000000;0.000000;385017.000000;34493.000000;0.000000;2751.619141
2006.000000;34159.000000;21357.000000;0.000000;366223.000000;34493.000000;0.000000;2752.992188
2007.000000;34159.000000;24090.000000;0.000000;316974.000000;34493.000000;0.000000;2754.363037
2008.000000;34159.000000;21220.000000;0.000000;375099.000000;34493.000000;0.000000;2755.880615
2009.000000;34159.000000;22739.000000;0.000000;367599.000000;34493.000000;0.000000;2757.243652
2010.000000;34159.000000;23155.000000;0.000000;340978.000000;34493.000000;0.000000;2758.590088
2011.000000;34159.000000;24208.000000;0.000000;342007.000000;34493.000000;0.000000;2760.030762
2012.000000;34159.000000;20794.000000;0.000000;419097.000000;34493.000000;0.000000;2761.376953
2013.000000;34159.000000;23023.000000;0.000000;389391.000000;34493.000000;0.000000;2762.718018
2014.000000;34159.000000;21151.000000;0.000000;386202.000000;34493.000000;0.000000;2764.061523
2015.000000;34159.000000;21988.000000;0.000000;386156.000000;34493.000000;0.000000;2765.466064
2016.000000;34159.000000;22194.000000;0.000000;370013.000000;34493.000000;0.000000;2766.829590
2017.000000;34159.000000;22009.000000;0.000000;380689.000000;34493.000000;0.000000;2768.186523
2018.000000;34159.000000;22494.000000;0.000000;343162.000000;34493.000000;0.000000;2769.540771
2019.000000;34159.000000;21359.000000;0.000000;433559.000000;34493.000000;0.000000;2770.890869
2020.000000;34159.000000;21469.000000;0.000000;400037.000000;34493.000000;0.000000;2772.097900
2021.000000;34159.000000;22577.000000;0.000000;352427.000000;34493.000000;0.000000;2773.566650
2022.000000;34159.000000;20905.000000;0.000000;427083.000000;34493.000000;0.000000;2774.931641
2023.000000;34159.000000;24051.000000;0.000000;326090.000000;34493.000000;0.000000;2776.319824
2024.000000;34159.000000;22127.000000;0.000000;364862.000000;34493.000000;0.000000;2777.671143
2025.000000;34159.000000;22075.000000;0.000000;355650.000000;34493.000000;0.000000;2779.017578
2026.000000;34159.000000;22585.000000;0.000000;380568.000000;34493.000000;0.000000;2780.355225
2027.000000;34159.000000;21645.000000;0.000000;375546.000000;34493.000000;0.000000;2781.695801
2028.000000;34159.000000;22877.000000;0.000000;345355.000000;34493.000000;0.000000;2783.037842
2029.000000;34159.000000;22933.000000;0.000000;346903.000000;34493.000000;0.000000;2784.378662
2030.000000;34159.000000;24472.000000;0.000000;297887.000000;34493.000000;0.000000;2785.758301
2031.000000;34159.000000;21838.000000;0.000000;354466.000000;34493.000000;0.000000;2787.150391
2032.000000;34159.000000;21816.000000;0.000000;415451.000000;34493.000000;0.000000;2788.526123
2033.000000;34159.000000;24031.000000;0.000000;338963.000000;34493.000000;0.000000;2789.895508
2034.000000;34159.000000;24717.000000;0.000000;335068.000000;34493.000000;0.000000;2791.266357
2035.000000;34159.000000;23786.000000;0.000000;281771.000000;34493.000000;0.000000;2792.521240
2036.000000;34159.000000;23094.000000;0.000000;340676.000000;34493.000000;0.000000;2793.729980
2037.000000;34159.000000;22170.000000;0.000000;333518.000000;34493.000000;0.000000;2794.936523
2038.000000;34159.000000;21898.000000;0.000000;378516.000000;34493.000000;0.000000;2796.173340
2039.000000;34159.000000;20077.000000;0.000000;386526.000000;34493.000000;0.000000;2797.390137
2040.000000;34159.000000;22047.000000;0.000000;389959.000000;34493.000000;0.000000;2798.597900
2041.000000;34159.000000;22958.000000;0.000000;392210.000000;34493.000000;0.000000;2800.094482
2042.000000;34159.000000;22124.000000;0.000000;371420.000000;34493.000000;0.000000;2801.473877
2043.000000;34159.000000;21830.000000;0.000000;412563.000000;34493.000000;0.000000;2802.909912
2044.000000;34159.000000;22505.000000;0.000000;357190.000000;34493.000000;0.000000;2804.299072
2045.000000;34159.000000;23475.000000;0.000000;326766.000000;34493.000000;0.000000;2805.743896
2046.000000;34159.000000;23861.000000;0.000000;342650.000000;34493.000000;0.000000;2807.098145
2047.000000;34159.000000;21770.000000;0.000000;371372.000000;34493.000000;0.000000;2808.452881
2048.000000;34159.000000;20716.000000;0.000000;404528.000000;34493.000000;0.000000;2809.804443
2049.000000;34159.000000;22822.000000;0.000000;348509.000000;34493.000000;0.000000;2811.172607
2050.000000;34159.000000;22983.000000;0.000000;299903.000000;34493.000000;0.000000;2812.559814
2051.000000;34159.000000;23862.000000;0.000000;331672.000000;34493.000000;0.000000;2813.926758
2052.000000;34159.000000;22879.000000;0.000000;330074.000000;34493.000000;0.000000;2815.295654
2053.000000;34159.000000;22134.000000;0.000000;405142.000000;34493.000000;0.000000;2816.695801
2054.000000;34159.000000;22172.000000;0.000000;417947.000000;34493.000000;0.000000;2817.964111
2055.000000;34159.000000;22212.000000;0.000000;390946.000000;34493.000000;0.000000;2819.179199
2056.000000;34159.000000;22116.000000;0.000000;405349.000000;34493.000000;0.000000;2820.396484
2057.000000;34159.000000;21678.000000;0.000000;390761.000000;34493.000000;0.000000;2821.611572
2058.000000;34159.000000;20747.000000;0.000000;422061.000000;34493.000000;0.000000;2822.814209
2059.000000;34159.000000;19401.000000;0.000000;467443.000000;34493.000000;0.000000;2824.017578
2060.000000;34159.000000;22492.000000;0.000000;334483.000000;34493.000000;0.000000;2825.220215
2061.000000;34159.000000;20817.000000;0.000000;394694.000000;34493.000000;0.000000;2826.743896
2062.000000;34159.000000;21199.000000;0.000000;408996.000000;34493.000000;0.000000;2828.129639
2063.000000;34159.000000;21121.000000;0.000000;389908.000000;34493.000000;0.000000;2829.521484
2064.000000;34159.000000;25876.000000;0.000000;250625.000000;34493.000000;0.000000;2830.903564
2065.000000;34159.000000;23798.000000;0.000000;350704.000000;34493.000000;0.000000;2832.269775
2066.000000;34159.000000;21341.000000;0.000000;412906.000000;34493.000000;0.000000;2833.634277
2067.000000;34159.000000;22857.000000;0.000000;359846.000000;34493.000000;0.000000;2835.005859
2068.000000;34159.000000;20959.000000;0.000000;391696.000000;34493.000000;0.000000;2836.402100
2069.000000;34159.000000;23208.000000;0.000000;375757.000000;34493.000000;0.000000;2837.767578
2070.000000;34159.000000;21037.000000;0.000000;404151.000000;34493.000000;0.000000;2839.164307
2071.000000;34159.000000;21705.000000;0.000000;383252.000000;34493.000000;0.000000;2840.548340
2072.000000;34159.000000;24159.000000;0.000000;328928.000000;34493.000000;0.000000;2841.926514
2073.000000;34159.000000;25481.000000;0.000000;243319.000000;34493.000000;0.000000;2843.302734
2074.000000;34159.000000;20284.000000;0.000000;432341.000000;34493.000000;0.000000;2844.676025
2075.000000;34159.000000;22350.000000;0.000000;315507.000000;34493.000000;0.000000;2845.922607
2076.000000;34159.000000;21035.000000;0.000000;365899.000000;34493.000000;0.000000;2847.203369
2077.000000;34159.000000;21021.000000;0.000000;395641.000000;34493.000000;0.000000;2848.436523
2078.000000;34159.000000;22595.000000;0.000000;324040.000000;34493.000000;0.000000;2849.665039
2079.000000;34159.000000;24734.000000;0.000000;326161.000000;34493.000000;0.000000;2850.890137
2080.000000;34159.000000;20171.000000;0.000000;414138.000000;34493.000000;0.000000;2852.115723
2081.000000;34159.000000;21101.000000;0.000000;412096.000000;34493.000000;0.000000;2853.646729
2082.000000;34159.000000;22106.000000;0.000000;326532.000000;34493.000000;0.000000;2855.050537
2083.000000;34159.000000;22110.000000;0.000000;352743.000000;34493.000000;0.000000;2856.495605
2084.000000;34159.000000;22297.000000;0.000000;360070.000000;34493.000000;0.000000;2857.888184
2085.000000;34159.000000;23816.000000;0.000000;324321.000000;34493.000000;0.000000;2859.267822
2086.000000;34159.000000;27473.000000;0.000000;229216.000000;34493.000000;0.000000;2860.650146
2087.000000;34159.000000;22967.000000;0.000000;346056.000000;34493.000000;0.000000;2862.035889
2088.000000;34159.000000;21609.000000;0.000000;370500.000000;34493.000000;0.000000;2863.416504
2089.000000;34159.000000;21240.000000;0.000000;366772.000000;34493.000000;0.000000;2864.826172
2090.000000;34159.000000;22701.000000;0.000000;405628.000000;34493.000000;0.000000;2866.289062
2091.000000;34159.000000;22952.000000;0.000000;360401.000000;34493.000000;0.000000;2867.756104
2092.000000;34159.000000;21360.000000;0.000000;449976.000000;34493.000000;0.000000;2869.158936
2093.000000;34159.000000;22433.000000;0.000000;359015.000000;34493.000000;0.000000;2870.560547
2094.000000;34159.000000;21996.000000;0.000000;419722.000000;34493.000000;0.000000;2871.940430
2095.000000;34159.000000;20693.000000;0.000000;453406.000000;34493.000000;0.000000;2873.160400
2096.000000;34159.000000;23258.000000;0.000000;354793.000000;34493.000000;0.000000;2874.379150
2097.000000;34159.000000;21633.000000;0.000000;401024.000000;34493.000000;0.000000;2875.595459
2098.000000;34159.000000;21579.000000;0.000000;413475.000000;34493.000000;0.000000;2876.856445
2099.000000;34159.000000;23188.000000;0.000000;355086.000000;34493.000000;0.000000;2878.090820
2100.000000;34159.000000;22515.000000;0.000000;364726.000000;34493.000000;0.000000;2879.323730
2101.000000;34159.000000;24385.000000;0.000000;316091.000000;34493.000000;0.000000;2880.870361
2102.000000;34159.000000;22392.000000;0.000000;353421.000000;34493.000000;0.000000;2882.289062
2103.000000;34159.000000;22966.000000;0.000000;314165.000000;34493.000000;0.000000;2883.712402
2104.000000;34159.000000;23726.000000;0.000000;393472.000000;34493.000000;0.000000;2885.115234
2105.000000;34159.000000;21723.000000;0.000000;356949.000000;34493.000000;0.000000;2886.540771
2106.000000;34159.000000;21572.000000;0.000000;374419.000000;34493.000000;0.000000;2887.940918
2107.000000;34159.000000;23346.000000;0.000000;354093.000000;34493.000000;0.000000;2889.338379
2108.000000;34159.000000;21813.000000;0.000000;396731.000000;34493.000000;0.000000;2890.736572
2109.000000;34159.000000;22270.000000;0.000000;388857.000000;34493.000000;0.000000;2892.127930
2110.000000;34159.000000;21976.000000;0.000000;362361.000000;34493.000000;0.000000;2893.570801
2111.000000;34159.000000;22344.000000;0.000000;372654.000000;34493.000000;0.000000;2894.992188
2112.000000;34159.000000;22132.000000;0.000000;369867.000000;34493.000000;0.000000;2896.439941
2113.000000;34159.000000;21093.000000;0.000000;396781.000000;34493.000000;0.000000;2897.851807
2114.000000;34159.000000;22769.000000;0.000000;375577.000000;34493.000000;0.000000;2899.236572
2115.000000;34159.000000;22528.000000;0.000000;339731.000000;34493.000000;0.000000;2900.481934
2116.000000;34159.000000;21861.000000;0.000000;363731.000000;34493.000000;0.000000;2901.726074
2117.000000;34159.000000;22868.000000;0.000000;362908.000000;34493.000000;0.000000;2902.965576
2118.000000;34159.000000;21947.000000;0.000000;422840.000000;34493.000000;0.000000;2904.203369
2119.000000;34159.000000;21083.000000;0.000000;477580.000000;34493.000000;0.000000;2905.512695
2120.000000;34159.000000;22314.000000;0.000000;343604.000000;34493.000000;0.000000;2907.048340
2121.000000;34159.000000;21190.000000;0.000000;335793.000000;34493.000000;0.000000;2908.618164
2122.000000;34159.000000;22631.000000;0.000000;351940.000000;34493.000000;0.000000;2910.060791
2123.000000;34159.000000;21402.000000;0.000000;384196.000000;34493.000000;0.000000;2911.502441
2124.000000;34159.000000;22271.000000;0.000000;350544.000000;34493.000000;0.000000;2912.920166
2125.000000;34159.000000;22465.000000;0.000000;341194.000000;34493.000000;0.000000;2914.337402
2126.000000;34159.000000;22342.000000;0.000000;364733.000000;34493.000000;0.000000;2915.751709
2127.000000;34159.000000;22458.000000;0.000000;420876.000000;34493.000000;0.000000;2917.219727
2128.000000;34159.000000;20665.000000;0.000000;379441.000000;34493.000000;0.000000;2918.632812
2129.000000;34159.000000;21457.000000;0.000000;429277.000000;34493.000000;0.000000;2920.043457
2130.000000;34159.000000;22933.000000;0.000000;329032.000000;34493.000000;0.000000;2921.506592
2131.000000;34159.000000;21881.000000;0.000000;371282.000000;34493.000000;0.000000;2922.933838
2132.000000;34159.000000;22977.000000;0.000000;366715.000000;34493.000000;0.000000;2924.596924
2133.000000;34159.000000;21082.000000;0.000000;409676.000000;34493.000000;0.000000;2926.160889
2134.000000;34159.000000;21993.000000;0.000000;392854.000000;34493.000000;0.000000;2927.455078
2135.000000;34159.000000;21329.000000;0.000000;421694.000000;34493.000000;0.000000;2928.706787
2136.000000;34159.000000;22101.000000;0.000000;380398.000000;34493.000000;0.000000;2929.978760
2137.000000;34159.000000;21341.000000;0.000000;422022.000000;34493.000000;0.000000;2931.343506
2138.000000;34159.000000;22147.000000;0.000000;377406.000000;34493.000000;0.000000;2932.591797
2139.000000;34159.000000;21575.000000;0.000000;365635.000000;34493.000000;0.000000;2933.840088
2140.000000;34159.000000;21250.000000;0.000000;381412.000000;34493.000000;0.000000;2935.092041
2141.000000;34159.000000;21977.000000;0.000000;371964.000000;34493.000000;0.000000;2936.699707
2142.000000;34159.000000;22954.000000;0.000000;390906.000000;34493.000000;0.000000;2938.149414
2143.000000;34159.000000;22389.000000;0.000000;317627.000000;34493.000000;0.000000;2939.607666
2144.000000;34159.000000;23548.000000;0.000000;321216.000000;34493.000000;0.000000;2941.052002
2145.000000;34159.000000;21654.000000;0.000000;320078.000000;34493.000000;0.000000;2942.478271
2146.000000;34159.000000;22413.000000;0.000000;352280.000000;34493.000000;0.000000;2943.906982
2147.000000;34159.000000;21213.000000;0.000000;358878.000000;34493.000000;0.000000;2945.331787
2148.000000;34159.000000;24543.000000;0.000000;289242.000000;34493.000000;0.000000;2946.788330
2149.000000;34159.000000;20512.000000;0.000000;395466.000000;34493.000000;0.000000;2948.215332
2150.000000;34159.000000;22979.000000;0.000000;311326.000000;34493.000000;0.000000;2949.641846
2151.000000;34159.000000;20855.000000;0.000000;407044.000000;34493.000000;0.000000;2951.077637
2152.000000;34159.000000;23055.000000;0.000000;405797.000000;34493.000000;0.000000;2952.550537
2153.000000;34159.000000;22255.000000;0.000000;369793.000000;34493.000000;0.000000;2953.998047
2154.000000;34159.000000;22394.000000;0.000000;356942.000000;34493.000000;0.000000;2955.452881
2155.000000;34159.000000;20923.000000;0.000000;402965.000000;34493.000000;0.000000;2956.933838
2156.000000;34159.000000;23014.000000;0.000000;365888.000000;34493.000000;0.000000;2958.229736
2157.000000;34159.000000;22487.000000;0.000000;332546.000000;34493.000000;0.000000;2959.495361
2158.000000;34159.000000;22780.000000;0.000000;378972.000000;34493.000000;0.000000;2960.761475
2159.000000;34159.000000;21210.000000;0.000000;422178.000000;34493.000000;0.000000;2962.033203
2160.000000;34159.000000;21801.000000;0.000000;343010.000000;34493.000000;0.000000;2963.293701
2161.000000;34159.000000;20580.000000;0.000000;412082.000000;34493.000000;0.000000;2964.885010
2162.000000;34159.000000;24205.000000;0.000000;310273.000000;34493.000000;0.000000;2966.339600
2163.000000;34159.000000;21884.000000;0.000000;409205.000000;34493.000000;0.000000;2967.839844
2164.000000;34159.000000;22379.000000;0.000000;379560.000000;34493.000000;0.000000;2969.300537
2165.000000;34159.000000;20672.000000;0.000000;442448.000000;34493.000000;0.000000;2970.745605
2166.000000;34159.000000;21896.000000;0.000000;347579.000000;34493.000000;0.000000;2972.186523
2167.000000;34159.000000;21760.000000;0.000000;358438.000000;34493.000000;0.000000;2973.642090
2168.000000;34159.000000;22839.000000;0.000000;349739.000000;34493.000000;0.000000;2975.200439
2169.000000;34159.000000;21350.000000;0.000000;345147.000000;34493.000000;0.000000;2976.668213
2170.000000;34159.000000;23704.000000;0.000000;336877.000000;34493.000000;0.000000;2978.180176
2171.000000;34159.000000;22008.000000;0.000000;428144.000000;34493.000000;0.000000;2979.646484
2172.000000;34159.000000;23993.000000;0.000000;334168.000000;34493.000000;0.000000;2981.111328
2173.000000;34159.000000;22283.000000;0.000000;388076.000000;34493.000000;0.000000;2982.579346
2174.000000;34159.000000;20198.000000;0.000000;482622.000000;34493.000000;0.000000;2983.957031
2175.000000;34159.000000;22442.000000;0.000000;372142.000000;34493.000000;0.000000;2985.263672
2176.000000;34159.000000;22376.000000;0.000000;371085.000000;34493.000000;0.000000;2986.549316
2177.000000;34159.000000;24249.000000;0.000000;304524.000000;34493.000000;0.000000;2987.868408
2178.000000;34159.000000;20836.000000;0.000000;370725.000000;34493.000000;0.000000;2989.143799
2179.000000;34159.000000;24504.000000;0.000000;321016.000000;34493.000000;0.000000;2990.423340
2180.000000;34159.000000;22588.000000;0.000000;340816.000000;34493.000000;0.000000;2991.713867
2181.000000;34159.000000;25202.000000;0.000000;254293.000000;34493.000000;0.000000;2993.321533
2182.000000;34159.000000;23491.000000;0.000000;320194.000000;34493.000000;0.000000;2994.800537
2183.000000;34159.000000;22970.000000;0.000000;321325.000000;34493.000000;0.000000;2996.281494
2184.000000;34159.000000;20804.000000;0.000000;426857.000000;34493.000000;0.000000;2997.903809
2185.000000;34159.000000;23062.000000;0.000000;284057.000000;34493.000000;0.000000;2999.373535
2186.000000;34159.000000;20847.000000;0.000000;430109.000000;34493.000000;0.000000;3000.837646
2187.000000;34159.000000;21925.000000;0.000000;384766.000000;34493.000000;0.000000;3002.296387
2188.000000;34159.000000;22176.000000;0.000000;354521.000000;34493.000000;0.000000;3003.755371
2189.000000;34159.000000;21895.000000;0.000000;393501.000000;34493.000000;0.000000;3005.270752
2190.000000;34159.000000;21695.000000;0.000000;402576.000000;34493.000000;0.000000;3006.776123
2191.000000;34159.000000;22523.000000;0.000000;383495.000000;34493.000000;0.000000;3008.287354
2192.000000;34159.000000;20458.000000;0.000000;447766.000000;34493.000000;0.000000;3009.779785
2193.000000;34159.000000;22490.000000;0.000000;366088.000000;34493.000000;0.000000;3011.142578
2194.000000;34159.000000;20780.000000;0.000000;422315.000000;34493.000000;0.000000;3012.439453
2195.000000;34159.000000;23555.000000;0.000000;345731.000000;34493.000000;0.000000;3013.735596
2196.000000;34159.000000;21949.000000;0.000000;379214.000000;34493.000000;0.000000;3015.045654
2197.000000;34159.000000;23219.000000;0.000000;331288.000000;34493.000000;0.000000;3016.360596
2198.000000;34159.000000;22775.000000;0.000000;297340.000000;34493.000000;0.000000;3017.695312
2199.000000;34159.000000;22804.000000;0.000000;364420.000000;34493.000000;0.000000;3019.036621
2200.000000;34159.000000;21283.000000;0.000000;416625.000000;34493.000000;0.000000;3020.338867
2201.000000;34159.000000;20685.000000;0.000000;456826.000000;34493.000000;0.000000;3021.982422
2202.000000;34159.000000;22270.000000;0.000000;387655.000000;34493.000000;0.000000;3023.477783
2203.000000;34159.000000;21950.000000;0.000000;401143.000000;34493.000000;0.000000;3024.976562
2204.000000;34159.000000;21213.000000;0.000000;433012.000000;34493.000000;0.000000;3026.456299
2205.000000;34159.000000;22089.000000;0.000000;346274.000000;34493.000000;0.000000;3027.918457
2206.000000;34159.000000;21851.000000;0.000000;392837.000000;34493.000000;0.000000;3029.350830
2207.000000;34159.000000;22245.000000;0.000000;358149.000000;34493.000000;0.000000;3030.773193
2208.000000;34159.000000;24093.000000;0.000000;305935.000000;34493.000000;0.000000;3032.192627
2209.000000;34159.000000;23042.000000;0.000000;309061.000000;34493.000000;0.000000;3033.611328
2210.000000;34159.000000;20362.000000;0.000000;446157.000000;34493.000000;0.000000;3035.062744
2211.000000;34159.000000;23360.000000;0.000000;375212.000000;34493.000000;0.000000;3036.497559
2212.000000;34159.000000;22957.000000;0.000000;331447.000000;34493.000000;0.000000;3037.953125
2213.000000;34159.000000;25232.000000;0.000000;253146.000000;34493.000000;0.000000;3039.377930
2214.000000;34159.000000;21147.000000;0.000000;388778.000000;34493.000000;0.000000;3040.969971
2215.000000;34159.000000;20767.000000;0.000000;434354.000000;34493.000000;0.000000;3042.447998
2216.000000;34159.000000;25289.000000;0.000000;284342.000000;34493.000000;0.000000;3043.913330
2217.000000;34159.000000;21927.000000;0.000000;311605.000000;34493.000000;0.000000;3045.372803
2218.000000;34159.000000;21820.000000;0.000000;401275.000000;34493.000000;0.000000;3046.813477
2219.000000;34159.000000;22546.000000;0.000000;379816.000000;34493.000000;0.000000;3048.133789
2220.000000;34159.000000;22582.000000;0.000000;369851.000000;34493.000000;0.000000;3049.403564
2221.000000;34159.000000;24342.000000;0.000000;335021.000000;34493.000000;0.000000;3051.060547
2222.000000;34159.000000;21123.000000;0.000000;396574.000000;34493.000000;0.000000;3052.511230
2223.000000;34159.000000;26058.000000;0.000000;269413.000000;34493.000000;0.000000;3053.969482
2224.000000;34159.000000;24912.000000;0.000000;317330.000000;34493.000000;0.000000;3055.414551
2225.000000;34159.000000;24135.000000;0.000000;317730.000000;34493.000000;0.000000;3056.837646
2226.000000;34159.000000;20946.000000;0.000000;377172.000000;34493.000000;0.000000;3058.261475
2227.000000;34159.000000;20747.000000;0.000000;401818.000000;34493.000000;0.000000;3059.659424
2228.000000;34159.000000;23845.000000;0.000000;337213.000000;34493.000000;0.000000;3061.055420
2229.000000;34159.000000;21268.000000;0.000000;364362.000000;34493.000000;0.000000;3062.453125
2230.000000;34159.000000;21521.000000;0.000000;400860.000000;34493.000000;0.000000;3063.893311
2231.000000;34159.000000;22215.000000;0.000000;319501.000000;34493.000000;0.000000;3065.311768
2232.000000;34159.000000;21932.000000;0.000000;393510.000000;34493.000000;0.000000;3066.733398
2233.000000;34159.000000;22125.000000;0.000000;390198.000000;34493.000000;0.000000;3068.185303
2234.000000;34159.000000;21629.000000;0.000000;406029.000000;34493.000000;0.000000;3069.541016
2235.000000;34159.000000;22952.000000;0.000000;410896.000000;34493.000000;0.000000;3070.783936
2236.000000;34159.000000;22396.000000;0.000000;414303.000000;34493.000000;0.000000;3072.023193
2237.000000;34159.000000;23927.000000;0.000000;396512.000000;34493.000000;0.000000;3073.263428
2238.000000;34159.000000;22327.000000;0.000000;423230.000000;34493.000000;0.000000;3074.502930
2239.000000;34159.000000;24213.000000;0.000000;325775.000000;34493.000000;0.000000;3075.749512
2240.000000;34159.000000;20983.000000;0.000000;433703.000000;34493.000000;0.000000;3076.990234
2241.000000;34159.000000;22078.000000;0.000000;379203.000000;34493.000000;0.000000;3078.570557
2242.000000;34159.000000;23574.000000;0.000000;315461.000000;34493.000000;0.000000;3079.998535
2243.000000;34159.000000;23051.000000;0.000000;381218.000000;34493.000000;0.000000;3081.427490
2244.000000;34159.000000;22004.000000;0.000000;413723.000000;34493.000000;0.000000;3082.832275
2245.000000;34159.000000;22744.000000;0.000000;378996.000000;34493.000000;0.000000;3084.231445
2246.000000;34159.000000;20441.000000;0.000000;471979.000000;34493.000000;0.000000;3085.631836
2247.000000;34159.000000;21992.000000;0.000000;394688.000000;34493.000000;0.000000;3087.021240
2248.000000;34159.000000;20161.000000;0.000000;486057.000000;34493.000000;0.000000;3088.432373
2249.000000;34159.000000;20731.000000;0.000000;431138.000000;34493.000000;0.000000;3089.820557
2250.000000;34159.000000;20199.000000;0.000000;421492.000000;34493.000000;0.000000;3091.237305
2251.000000;34159.000000;23800.000000;0.000000;314542.000000;34493.000000;0.000000;3092.626465
2252.000000;34159.000000;23614.000000;0.000000;350298.000000;34493.000000;0.000000;3094.015625
2253.000000;34159.000000;24972.000000;0.000000;300553.000000;34493.000000;0.000000;3095.405273
2254.000000;34159.000000;23424.000000;0.000000;356751.000000;34493.000000;0.000000;3096.793213
2255.000000;34159.000000;22874.000000;0.000000;333141.000000;34493.000000;0.000000;3098.066162
2256.000000;34159.000000;23393.000000;0.000000;382929.000000;34493.000000;0.000000;3099.281006
2257.000000;34159.000000;21139.000000;0.000000;384162.000000;34493.000000;0.000000;3100.501221
2258.000000;34159.000000;22110.000000;0.000000;364348.000000;34493.000000;0.000000;3101.734619
2259.000000;34159.000000;20606.000000;0.000000;379199.000000;34493.000000;0.000000;3103.045654
2260.000000;34159.000000;23364.000000;0.000000;291141.000000;34493.000000;0.000000;3104.373047
2261.000000;34159.000000;20849.000000;0.000000;448567.000000;34493.000000;0.000000;3105.944336
2262.000000;34159.000000;22505.000000;0.000000;358433.000000;34493.000000;0.000000;3107.338135
2263.000000;34159.000000;23150.000000;0.000000;331298.000000;34493.000000;0.000000;3108.756592
2264.000000;34159.000000;22106.000000;0.000000;373292.000000;34493.000000;0.000000;3110.139648
2265.000000;34159.000000;23479.000000;0.000000;312555.000000;34493.000000;0.000000;3111.510010
2266.000000;34159.000000;21372.000000;0.000000;362461.000000;34493.000000;0.000000;3112.874756
2267.000000;34159.000000;21883.000000;0.000000;412311.000000;34493.000000;0.000000;3114.239014
2268.000000;34159.000000;21645.000000;0.000000;378085.000000;34493.000000;0.000000;3115.612305
2269.000000;34159.000000;24439.000000;0.000000;274772.000000;34493.000000;0.000000;3116.974121
2270.000000;34159.000000;19951.000000;0.000000;464426.000000;34493.000000;0.000000;3118.391602
2271.000000;34159.000000;21736.000000;0.000000;404620.000000;34493.000000;0.000000;3119.752441
2272.000000;34159.000000;21376.000000;0.000000;427793.000000;34493.000000;0.000000;3121.111816
2273.000000;34159.000000;22410.000000;0.000000;370944.000000;34493.000000;0.000000;3122.473145
2274.000000;34159.000000;20807.000000;0.000000;387440.000000;34493.000000;0.000000;3123.830811
2275.000000;34159.000000;22503.000000;0.000000;335237.000000;34493.000000;0.000000;3125.041992
2276.000000;34159.000000;21193.000000;0.000000;413594.000000;34493.000000;0.000000;3126.238281
2277.000000;34159.000000;22393.000000;0.000000;396373.000000;34493.000000;0.000000;3127.496826
2278.000000;34159.000000;23234.000000;0.000000;351703.000000;34493.000000;0.000000;3128.709961
2279.000000;34159.000000;24061.000000;0.000000;309478.000000;34493.000000;0.000000;3129.894287
2280.000000;34159.000000;23150.000000;0.000000;385927.000000;34493.000000;0.000000;3131.078613
2281.000000;34159.000000;22721.000000;0.000000;340724.000000;34493.000000;0.000000;3132.544678
2282.000000;34159.000000;21382.000000;0.000000;425567.000000;34493.000000;0.000000;3133.909180
2283.000000;34159.000000;21176.000000;0.000000;396600.000000;34493.000000;0.000000;3135.283203
2284.000000;34159.000000;20371.000000;0.000000;396880.000000;34493.000000;0.000000;3136.735840
2285.000000;34159.000000;22105.000000;0.000000;418049.000000;34493.000000;0.000000;3138.490967
2286.000000;34159.000000;22500.000000;0.000000;349878.000000;34493.000000;0.000000;3139.866455
2287.000000;34159.000000;20124.000000;0.000000;463850.000000;34493.000000;0.000000;3141.205566
2288.000000;34159.000000;21996.000000;0.000000;359636.000000;34493.000000;0.000000;3142.543945
2289.000000;34159.000000;22037.000000;0.000000;390075.000000;34493.000000;0.000000;3143.882568
2290.000000;34159.000000;22545.000000;0.000000;344471.000000;34493.000000;0.000000;3145.254883
2291.000000;34159.000000;19754.000000;0.000000;460529.000000;34493.000000;0.000000;3146.610840
2292.000000;34159.000000;21618.000000;0.000000;377611.000000;34493.000000;0.000000;3148.015625
2293.000000;34159.000000;21278.000000;0.000000;420651.000000;34493.000000;0.000000;3149.389893
2294.000000;34159.000000;20878.000000;0.000000;392047.000000;34493.000000;0.000000;3150.756592
2295.000000;34159.000000;22809.000000;0.000000;372634.000000;34493.000000;0.000000;3151.973389
2296.000000;34159.000000;22255.000000;0.000000;335689.000000;34493.000000;0.000000;3153.178711
2297.000000;34159.000000;21336.000000;0.000000;438107.000000;34493.000000;0.000000;3154.386719
2298.000000;34159.000000;22469.000000;0.000000;355262.000000;34493.000000;0.000000;3155.593506
2299.000000;34159.000000;22668.000000;0.000000;362780.000000;34493.000000;0.000000;3156.815674
2300.000000;34159.000000;23143.000000;0.000000;353539.000000;34493.000000;0.000000;3158.058105
2301.000000;34159.000000;22364.000000;0.000000;394026.000000;34493.000000;0.000000;3159.562500
2302.000000;34159.000000;20780.000000;0.000000;429436.000000;34493.000000;0.000000;3160.937744
2303.000000;34159.000000;21976.000000;0.000000;359850.000000;34493.000000;0.000000;3162.315186
2304.000000;34159.000000;21530.000000;0.000000;377465.000000;34493.000000;0.000000;3163.685791
2305.000000;34159.000000;22057.000000;0.000000;331307.000000;34493.000000;0.000000;3165.070801
2306.000000;34159.000000;21247.000000;0.000000;401400.000000;34493.000000;0.000000;3166.428223
2307.000000;34159.000000;23636.000000;0.000000;337250.000000;34493.000000;0.000000;3167.784912
2308.000000;34159.000000;22507.000000;0.000000;376093.000000;34493.000000;0.000000;3169.161133
2309.000000;34159.000000;21246.000000;0.000000;400098.000000;34493.000000;0.000000;3170.513672
2310.000000;34159.000000;19592.000000;0.000000;394663.000000;34493.000000;0.000000;3171.899658
2311.000000;34159.000000;22121.000000;0.000000;377142.000000;34493.000000;0.000000;3173.274902
2312.000000;34159.000000;20536.000000;0.000000;458442.000000;34493.000000;0.000000;3174.649170
2313.000000;34159.000000;20896.000000;0.000000;379887.000000;34493.000000;0.000000;3176.024170
2314.000000;34159.000000;22226.000000;0.000000;345508.000000;34493.000000;0.000000;3177.406006
2315.000000;34159.000000;22603.000000;0.000000;360939.000000;34493.000000;0.000000;3178.669434
2316.000000;34159.000000;21468.000000;0.000000;419179.000000;34493.000000;0.000000;3179.881836
2317.000000;34159.000000;23426.000000;0.000000;315331.000000;34493.000000;0.000000;3181.099854
2318.000000;34159.000000;21318.000000;0.000000;383071.000000;34493.000000;0.000000;3182.310547
2319.000000;34159.000000;21232.000000;0.000000;371077.000000;34493.000000;0.000000;3183.523193
2320.000000;34159.000000;22708.000000;0.000000;318322.000000;34493.000000;0.000000;3184.778564
2321.000000;34159.000000;20299.000000;0.000000;478673.000000;34493.000000;0.000000;3186.288086
2322.000000;34159.000000;22104.000000;0.000000;401940.000000;34493.000000;0.000000;3187.677246
2323.000000;34159.000000;21447.000000;0.000000;380435.000000;34493.000000;0.000000;3189.099365
2324.000000;34159.000000;22210.000000;0.000000;359191.000000;34493.000000;0.000000;3190.490967
2325.000000;34159.000000;23208.000000;0.000000;341308.000000;34493.000000;0.000000;3191.861572
2326.000000;34159.000000;23423.000000;0.000000;310233.000000;34493.000000;0.000000;3193.233154
2327.000000;34159.000000;21846.000000;0.000000;374801.000000;34493.000000;0.000000;3194.601562
2328.000000;34159.000000;21398.000000;0.000000;383623.000000;34493.000000;0.000000;3195.973389
2329.000000;34159.000000;22320.000000;0.000000;391977.000000;34493.000000;0.000000;3197.343994
2330.000000;34159.000000;22415.000000;0.000000;344766.000000;34493.000000;0.000000;3198.784424
2331.000000;34159.000000;21292.000000;0.000000;419858.000000;34493.000000;0.000000;3200.179443
2332.000000;34159.000000;24892.000000;0.000000;318481.000000;34493.000000;0.000000;3201.563721
2333.000000;34159.000000;22337.000000;0.000000;410740.000000;34493.000000;0.000000;3202.950195
2334.000000;34159.000000;23171.000000;0.000000;337265.000000;34493.000000;0.000000;3204.327393
2335.000000;34159.000000;22364.000000;0.000000;385989.000000;34493.000000;0.000000;3205.562256
2336.000000;34159.000000;22061.000000;0.000000;343837.000000;34493.000000;0.000000;3206.786621
2337.000000;34159.000000;21472.000000;0.000000;360428.000000;34493.000000;0.000000;3208.019531
2338.000000;34159.000000;23153.000000;0.000000;344529.000000;34493.000000;0.000000;3209.285645
2339.000000;34159.000000;21612.000000;0.000000;371134.000000;34493.000000;0.000000;3210.518799
2340.000000;34159.000000;22559.000000;0.000000;352172.000000;34493.000000;0.000000;3211.749756
2341.000000;34159.000000;21403.000000;0.000000;381008.000000;34493.000000;0.000000;3213.267578
2342.000000;34159.000000;21523.000000;0.000000;357695.000000;34493.000000;0.000000;3214.672119
2343.000000;34159.000000;22431.000000;0.000000;387519.000000;34493.000000;0.000000;3216.080078
2344.000000;34159.000000;22080.000000;0.000000;385791.000000;34493.000000;0.000000;3217.527100
2345.000000;34159.000000;20667.000000;0.000000;373645.000000;34493.000000;0.000000;3218.951660
2346.000000;34159.000000;19884.000000;0.000000;442479.000000;34493.000000;0.000000;3220.338379
2347.000000;34159.000000;21141.000000;0.000000;385761.000000;34493.000000;0.000000;3221.721680
2348.000000;34159.000000;22281.000000;0.000000;357206.000000;34493.000000;0.000000;3223.102539
2349.000000;34159.000000;23491.000000;0.000000;327915.000000;34493.000000;0.000000;3224.515137
2350.000000;34159.000000;21650.000000;0.000000;407823.000000;34493.000000;0.000000;3225.898682
2351.000000;34159.000000;23372.000000;0.000000;368697.000000;34493.000000;0.000000;3227.276611
2352.000000;34159.000000;22542.000000;0.000000;316987.000000;34493.000000;0.000000;3228.690430
2353.000000;34159.000000;21900.000000;0.000000;373549.000000;34493.000000;0.000000;3230.111084
2354.000000;34159.000000;23639.000000;0.000000;340423.000000;34493.000000;0.000000;3231.507080
2355.000000;34159.000000;22560.000000;0.000000;334001.000000;34493.000000;0.000000;3232.909424
2356.000000;34159.000000;22666.000000;0.000000;351539.000000;34493.000000;0.000000;3234.308594
2357.000000;34159.000000;21327.000000;0.000000;352643.000000;34493.000000;0.000000;3235.697510
2358.000000;34159.000000;22359.000000;0.000000;334004.000000;34493.000000;0.000000;3236.933838
2359.000000;34159.000000;24613.000000;0.000000;261204.000000;34493.000000;0.000000;3238.171387
2360.000000;34159.000000;21768.000000;0.000000;367218.000000;34493.000000;0.000000;3239.431641
2361.000000;34159.000000;22025.000000;0.000000;370183.000000;34493.000000;0.000000;3240.974609
2362.000000;34159.000000;22824.000000;0.000000;364949.000000;34493.000000;0.000000;3242.396973
2363.000000;34159.000000;21732.000000;0.000000;346420.000000;34493.000000;0.000000;3243.818848
2364.000000;34159.000000;23640.000000;0.000000;322044.000000;34493.000000;0.000000;3245.225830
2365.000000;34159.000000;21525.000000;0.000000;458060.000000;34493.000000;0.000000;3246.624023
2366.000000;34159.000000;21524.000000;0.000000;374654.000000;34493.000000;0.000000;3248.023438
2367.000000;34159.000000;20489.000000;0.000000;476251.000000;34493.000000;0.000000;3249.448975
2368.000000;34159.000000;23641.000000;0.000000;336688.000000;34493.000000;0.000000;3250.845459
2369.000000;34159.000000;21306.000000;0.000000;392463.000000;34493.000000;0.000000;3252.244385
2370.000000;34159.000000;21007.000000;0.000000;428708.000000;34493.000000;0.000000;3253.685059
2371.000000;34159.000000;21450.000000;0.000000;391862.000000;34493.000000;0.000000;3255.119141
2372.000000;34159.000000;23328.000000;0.000000;341876.000000;34493.000000;0.000000;3256.534424
2373.000000;34159.000000;21304.000000;0.000000;450884.000000;34493.000000;0.000000;3258.011963
2374.000000;34159.000000;23746.000000;0.000000;321153.000000;34493.000000;0.000000;3259.404297
2375.000000;34159.000000;20421.000000;0.000000;460804.000000;34493.000000;0.000000;3260.648193
2376.000000;34159.000000;21347.000000;0.000000;409986.000000;34493.000000;0.000000;3261.888672
2377.000000;34159.000000;21802.000000;0.000000;343824.000000;34493.000000;0.000000;3263.129150
2378.000000;34159.000000;22405.000000;0.000000;359765.000000;34493.000000;0.000000;3264.362549
2379.000000;34159.000000;23004.000000;0.000000;343271.000000;34493.000000;0.000000;3265.597900
2380.000000;34159.000000;22948.000000;0.000000;373127.000000;34493.000000;0.000000;3266.837646
2381.000000;34159.000000;21749.000000;0.000000;355390.000000;34493.000000;0.000000;3268.409180
2382.000000;34159.000000;23984.000000;0.000000;343601.000000;34493.000000;0.000000;3269.871094
2383.000000;34159.000000;22444.000000;0.000000;378102.000000;34493.000000;0.000000;3271.314697
2384.000000;34159.000000;23510.000000;0.000000;312032.000000;34493.000000;0.000000;3272.741455
2385.000000;34159.000000;21746.000000;0.000000;406973.000000;34493.000000;0.000000;3274.187256
2386.000000;34159.000000;21442.000000;0.000000;370842.000000;34493.000000;0.000000;3275.611084
2387.000000;34159.000000;21755.000000;0.000000;390589.000000;34493.000000;0.000000;3277.034180
2388.000000;34159.000000;21428.000000;0.000000;398531.000000;34493.000000;0.000000;3278.444824
2389.000000;34159.000000;20786.000000;0.000000;435627.000000;34493.000000;0.000000;3279.905762
2390.000000;34159.000000;22529.000000;0.000000;391369.000000;34493.000000;0.000000;3281.364258
2391.000000;34159.000000;23098.000000;0.000000;355161.000000;34493.000000;0.000000;3282.801025
2392.000000;34159.000000;22878.000000;0.000000;364040.000000;34493.000000;0.000000;3284.266113
2393.000000;34159.000000;22803.000000;0.000000;379607.000000;34493.000000;0.000000;3285.706055
2394.000000;34159.000000;22770.000000;0.000000;354768.000000;34493.000000;0.000000;3287.050293
2395.000000;34159.000000;23376.000000;0.000000;305792.000000;34493.000000;0.000000;3288.302979
2396.000000;34159.000000;21022.000000;0.000000;436818.000000;34493.000000;0.000000;3289.588379
2397.000000;34159.000000;20596.000000;0.000000;416327.000000;34493.000000;0.000000;3290.843994
2398.000000;34159.000000;22060.000000;0.000000;358947.000000;34493.000000;0.000000;3292.094238
2399.000000;34159.000000;23363.000000;0.000000;327471.000000;34493.000000;0.000000;3293.350098
2400.000000;34159.000000;22039.000000;0.000000;365474.000000;34493.000000;0.000000;3294.602783
2401.000000;34159.000000;23839.000000;0.000000;301835.000000;34493.000000;0.000000;3296.158691
2402.000000;34159.000000;21496.000000;0.000000;397652.000000;34493.000000;0.000000;3297.603760
2403.000000;34159.000000;24595.000000;0.000000;314642.000000;34493.000000;0.000000;3299.101562
2404.000000;34159.000000;22720.000000;0.000000;316078.000000;34493.000000;0.000000;3300.539307
2405.000000;34159.000000;22337.000000;0.000000;384049.000000;34493.000000;0.000000;3301.967529
2406.000000;34159.000000;20631.000000;0.000000;380567.000000;34493.000000;0.000000;3303.394287
2407.000000;34159.000000;20613.000000;0.000000;388360.000000;34493.000000;0.000000;3304.827393
2408.000000;34159.000000;20959.000000;0.000000;444896.000000;34493.000000;0.000000;3306.256836
2409.000000;34159.000000;21268.000000;0.000000;440084.000000;34493.000000;0.000000;3307.688477
2410.000000;34159.000000;22683.000000;0.000000;361731.000000;34493.000000;0.000000;3309.200684
2411.000000;34159.000000;22036.000000;0.000000;376102.000000;34493.000000;0.000000;3310.659424
2412.000000;34159.000000;22824.000000;0.000000;349714.000000;34493.000000;0.000000;3312.109863
2413.000000;34159.000000;21587.000000;0.000000;370421.000000;34493.000000;0.000000;3313.561523
2414.000000;34159.000000;22489.000000;0.000000;405682.000000;34493.000000;0.000000;3314.935547
2415.000000;34159.000000;20980.000000;0.000000;407203.000000;34493.000000;0.000000;3316.207031
2416.000000;34159.000000;19736.000000;0.000000;416505.000000;34493.000000;0.000000;3317.472656
2417.000000;34159.000000;22433.000000;0.000000;370237.000000;34493.000000;0.000000;3318.740234
2418.000000;34159.000000;22062.000000;0.000000;390230.000000;34493.000000;0.000000;3320.038086
2419.000000;34159.000000;20228.000000;0.000000;449388.000000;34493.000000;0.000000;3321.302002
2420.000000;34159.000000;20973.000000;0.000000;460070.000000;34493.000000;0.000000;3322.567871
2421.000000;34159.000000;20782.000000;0.000000;406200.000000;34493.000000;0.000000;3324.157959
2422.000000;34159.000000;22172.000000;0.000000;399081.000000;34493.000000;0.000000;3325.615479
2423.000000;34159.000000;23908.000000;0.000000;320655.000000;34493.000000;0.000000;3327.077148
2424.000000;34159.000000;21685.000000;0.000000;391791.000000;34493.000000;0.000000;3328.534912
2425.000000;34159.000000;21529.000000;0.000000;413448.000000;34493.000000;0.000000;3330.007324
2426.000000;34159.000000;23802.000000;0.000000;271395.000000;34493.000000;0.000000;3331.453613
2427.000000;34159.000000;21841.000000;0.000000;353348.000000;34493.000000;0.000000;3332.896484
2428.000000;34159.000000;22949.000000;0.000000;356796.000000;34493.000000;0.000000;3334.336914
2429.000000;34159.000000;20738.000000;0.000000;450435.000000;34493.000000;0.000000;3335.781250
2430.000000;34159.000000;21315.000000;0.000000;379970.000000;34493.000000;0.000000;3337.295166
2431.000000;34159.000000;25118.000000;0.000000;305755.000000;34493.000000;0.000000;3338.759033
2432.000000;34159.000000;20823.000000;0.000000;366135.000000;34493.000000;0.000000;3340.342041
2433.000000;34159.000000;23872.000000;0.000000;350860.000000;34493.000000;0.000000;3341.830566
2434.000000;34159.000000;22545.000000;0.000000;369220.000000;34493.000000;0.000000;3343.148926
2435.000000;34159.000000;22382.000000;0.000000;413697.000000;34493.000000;0.000000;3344.472900
2436.000000;34159.000000;21155.000000;0.000000;378564.000000;34493.000000;0.000000;3345.819580
2437.000000;34159.000000;22281.000000;0.000000;352226.000000;34493.000000;0.000000;3347.754395
2438.000000;34159.000000;23286.000000;0.000000;317501.000000;34493.000000;0.000000;3349.228027
2439.000000;34159.000000;22644.000000;0.000000;385241.000000;34493.000000;0.000000;3350.620361
2440.000000;34159.000000;22502.000000;0.000000;348594.000000;34493.000000;0.000000;3351.880371
2441.000000;34159.000000;20874.000000;0.000000;443858.000000;34493.000000;0.000000;3353.478760
2442.000000;34159.000000;22772.000000;0.000000;353432.000000;34493.000000;0.000000;3354.954102
2443.000000;34159.000000;23012.000000;0.000000;352099.000000;34493.000000;0.000000;3356.441162
2444.000000;34159.000000;22398.000000;0.000000;341393.000000;34493.000000;0.000000;3357.917480
2445.000000;34159.000000;23182.000000;0.000000;381135.000000;34493.000000;0.000000;3359.417725
2446.000000;34159.000000;21318.000000;0.000000;386478.000000;34493.000000;0.000000;3360.881836
2447.000000;34159.000000;23345.000000;0.000000;380372.000000;34493.000000;0.000000;3362.342773
2448.000000;34159.000000;20760.000000;0.000000;440627.000000;34493.000000;0.000000;3363.803955
2449.000000;34159.000000;22940.000000;0.000000;365577.000000;34493.000000;0.000000;3365.259766
2450.000000;34159.000000;20680.000000;0.000000;412342.000000;34493.000000;0.000000;3366.786133
2451.000000;34159.000000;21060.000000;0.000000;410557.000000;34493.000000;0.000000;3368.271973
2452.000000;34159.000000;21857.000000;0.000000;351777.000000;34493.000000;0.000000;3369.792480
2453.000000;34159.000000;21490.000000;0.000000;378155.000000;34493.000000;0.000000;3371.281250
2454.000000;34159.000000;21928.000000;0.000000;390829.000000;34493.000000;0.000000;3372.623779
2455.000000;34159.000000;21939.000000;0.000000;404590.000000;34493.000000;0.000000;3373.925293
2456.000000;34159.000000;20699.000000;0.000000;389079.000000;34493.000000;0.000000;3375.230469
2457.000000;34159.000000;21607.000000;0.000000;370864.000000;34493.000000;0.000000;3376.533203
2458.000000;34159.000000;22167.000000;0.000000;368847.000000;34493.000000;0.000000;3377.828125
2459.000000;34159.000000;21550.000000;0.000000;433185.000000;34493.000000;0.000000;3379.129639
2460.000000;34159.000000;22806.000000;0.000000;344626.000000;34493.000000;0.000000;3380.469238
2461.000000;34159.000000;21924.000000;0.000000;436542.000000;34493.000000;0.000000;3382.113770
2462.000000;34159.000000;22150.000000;0.000000;358923.000000;34493.000000;0.000000;3383.600830
2463.000000;34159.000000;22637.000000;0.000000;368590.000000;34493.000000;0.000000;3385.096436
2464.000000;34159.000000;21999.000000;0.000000;369965.000000;34493.000000;0.000000;3386.560791
2465.000000;34159.000000;23102.000000;0.000000;358785.000000;34493.000000;0.000000;3388.069824
2466.000000;34159.000000;24594.000000;0.000000;297998.000000;34493.000000;0.000000;3389.513916
2467.000000;34159.000000;22066.000000;0.000000;427504.000000;34493.000000;0.000000;3390.949219
2468.000000;34159.000000;21709.000000;0.000000;398853.000000;34493.000000;0.000000;3392.367920
2469.000000;34159.000000;22123.000000;0.000000;377796.000000;34493.000000;0.000000;3393.791992
2470.000000;34159.000000;24229.000000;0.000000;328033.000000;34493.000000;0.000000;3395.269287
2471.000000;34159.000000;21426.000000;0.000000;416769.000000;34493.000000;0.000000;3396.725830
2472.000000;34159.000000;23457.000000;0.000000;323090.000000;34493.000000;0.000000;3398.178467
2473.000000;34159.000000;23947.000000;0.000000;325400.000000;34493.000000;0.000000;3399.751221
2474.000000;34159.000000;22312.000000;0.000000;389463.000000;34493.000000;0.000000;3401.146484
2475.000000;34159.000000;22382.000000;0.000000;349053.000000;34493.000000;0.000000;3402.456787
2476.000000;34159.000000;21615.000000;0.000000;361009.000000;34493.000000;0.000000;3403.738525
2477.000000;34159.000000;21711.000000;0.000000;360339.000000;34493.000000;0.000000;3405.038574
2478.000000;34159.000000;21316.000000;0.000000;438771.000000;34493.000000;0.000000;3406.358398
2479.000000;34159.000000;21570.000000;0.000000;374977.000000;34493.000000;0.000000;3407.613525
2480.000000;34159.000000;22198.000000;0.000000;404381.000000;34493.000000;0.000000;3408.875732
2481.000000;34159.000000;21695.000000;0.000000;387467.000000;34493.000000;0.000000;3410.575684
2482.000000;34159.000000;23774.000000;0.000000;342303.000000;34493.000000;0.000000;3412.031006
2483.000000;34159.000000;21989.000000;0.000000;434216.000000;34493.000000;0.000000;3413.482178
2484.000000;34159.000000;21820.000000;0.000000;417091.000000;34493.000000;0.000000;3414.916504
2485.000000;34159.000000;20471.000000;0.000000;384897.000000;34493.000000;0.000000;3416.345947
2486.000000;34159.000000;21830.000000;0.000000;354597.000000;34493.000000;0.000000;3417.749268
2487.000000;34159.000000;22359.000000;0.000000;396089.000000;34493.000000;0.000000;3419.144287
2488.000000;34159.000000;21900.000000;0.000000;383701.000000;34493.000000;0.000000;3420.560303
2489.000000;34159.000000;22529.000000;0.000000;356299.000000;34493.000000;0.000000;3421.948242
2490.000000;34159.000000;22375.000000;0.000000;387593.000000;34493.000000;0.000000;3423.383057
2491.000000;34159.000000;21910.000000;0.000000;328491.000000;34493.000000;0.000000;3424.797852
2492.000000;34159.000000;22174.000000;0.000000;412028.000000;34493.000000;0.000000;3426.206299
2493.000000;34159.000000;23958.000000;0.000000;344229.000000;34493.000000;0.000000;3427.620850
2494.000000;34159.000000;22311.000000;0.000000;374828.000000;34493.000000;0.000000;3428.995117
2495.000000;34159.000000;25445.000000;0.000000;289303.000000;34493.000000;0.000000;3430.283203
2496.000000;34159.000000;21981.000000;0.000000;387206.000000;34493.000000;0.000000;3431.527832
2497.000000;34159.000000;21981.000000;0.000000;409357.000000;34493.000000;0.000000;3432.767090
2498.000000;34159.000000;21825.000000;0.000000;357263.000000;34493.000000;0.000000;3434.008057
2499.000000;34159.000000;22482.000000;0.000000;351724.000000;34493.000000;0.000000;3435.258789
2500.000000;34159.000000;22909.000000;0.000000;352676.000000;34493.000000;0.000000;3436.502441
2501.000000;34159.000000;23219.000000;0.000000;337742.000000;34493.000000;0.000000;3438.046143
2502.000000;34159.000000;26577.000000;0.000000;255246.000000;34493.000000;0.000000;3439.461670
2503.000000;34159.000000;21074.000000;0.000000;412124.000000;34493.000000;0.000000;3440.907227
2504.000000;34159.000000;22930.000000;0.000000;331737.000000;34493.000000;0.000000;3442.312500
2505.000000;34159.000000;21746.000000;0.000000;399327.000000;34493.000000;0.000000;3443.707764
2506.000000;34159.000000;21787.000000;0.000000;392317.000000;34493.000000;0.000000;3445.104004
2507.000000;34159.000000;22659.000000;0.000000;331006.000000;34493.000000;0.000000;3446.497803
2508.000000;34159.000000;21330.000000;0.000000;417469.000000;34493.000000;0.000000;3447.871094
2509.000000;34159.000000;22988.000000;0.000000;356258.000000;34493.000000;0.000000;3449.237549
2510.000000;34159.000000;22507.000000;0.000000;405229.000000;34493.000000;0.000000;3450.671875
2511.000000;34159.000000;22626.000000;0.000000;356090.000000;34493.000000;0.000000;3452.056885
2512.000000;34159.000000;22926.000000;0.000000;396210.000000;34493.000000;0.000000;3453.438721
2513.000000;34159.000000;24303.000000;0.000000;373330.000000;34493.000000;0.000000;3454.825195
2514.000000;34159.000000;20986.000000;0.000000;375420.000000;34493.000000;0.000000;3456.186279
2515.000000;34159.000000;22241.000000;0.000000;413048.000000;34493.000000;0.000000;3457.406494
2516.000000;34159.000000;21969.000000;0.000000;356237.000000;34493.000000;0.000000;3458.606689
2517.000000;34159.000000;22625.000000;0.000000;371316.000000;34493.000000;0.000000;3459.822266
2518.000000;34159.000000;20304.000000;0.000000;452352.000000;34493.000000;0.000000;3461.065674
2519.000000;34159.000000;22566.000000;0.000000;373670.000000;34493.000000;0.000000;3462.279541
2520.000000;34159.000000;22102.000000;0.000000;382366.000000;34493.000000;0.000000;3463.492188
2521.000000;34159.000000;21561.000000;0.000000;375790.000000;34493.000000;0.000000;3465.032227
2522.000000;34159.000000;19761.000000;0.000000;433346.000000;34493.000000;0.000000;3466.415283
2523.000000;34159.000000;21263.000000;0.000000;379287.000000;34493.000000;0.000000;3467.803955
2524.000000;34159.000000;24484.000000;0.000000;335810.000000;34493.000000;0.000000;3469.180420
2525.000000;34159.000000;21676.000000;0.000000;346107.000000;34493.000000;0.000000;3470.572510
2526.000000;34159.000000;21931.000000;0.000000;429874.000000;34493.000000;0.000000;3471.938232
2527.000000;34159.000000;23286.000000;0.000000;322236.000000;34493.000000;0.000000;3473.301758
2528.000000;34159.000000;23025.000000;0.000000;344844.000000;34493.000000;0.000000;3474.669678
2529.000000;34159.000000;22172.000000;0.000000;357756.000000;34493.000000;0.000000;3476.037109
2530.000000;34159.000000;21820.000000;0.000000;402777.000000;34493.000000;0.000000;3477.426025
2531.000000;34159.000000;21482.000000;0.000000;381049.000000;34493.000000;0.000000;3478.786377
2532.000000;34159.000000;21860.000000;0.000000;400493.000000;34493.000000;0.000000;3480.165039
2533.000000;34159.000000;21198.000000;0.000000;413447.000000;34493.000000;0.000000;3481.521484
2534.000000;34159.000000;21416.000000;0.000000;391218.000000;34493.000000;0.000000;3482.871094
2535.000000;34159.000000;23706.000000;0.000000;328274.000000;34493.000000;0.000000;3484.080322
2536.000000;34159.000000;22859.000000;0.000000;361603.000000;34493.000000;0.000000;3485.273926
2537.000000;34159.000000;22265.000000;0.000000;358752.000000;34493.000000;0.000000;3486.465820
2538.000000;34159.000000;20927.000000;0.000000;393778.000000;34493.000000;0.000000;3487.658936
2539.000000;34159.000000;21315.000000;0.000000;371224.000000;34493.000000;0.000000;3488.849854
2540.000000;34159.000000;21822.000000;0.000000;374995.000000;34493.000000;0.000000;3490.050049
2541.000000;34159.000000;20773.000000;0.000000;441613.000000;34493.000000;0.000000;3491.545654
2542.000000;34159.000000;23004.000000;0.000000;353346.000000;34493.000000;0.000000;3492.907959
2543.000000;34159.000000;21182.000000;0.000000;423968.000000;34493.000000;0.000000;3494.270508
2544.000000;34159.000000;21973.000000;0.000000;375549.000000;34493.000000;0.000000;3495.628906
2545.000000;34159.000000;23430.000000;0.000000;331647.000000;34493.000000;0.000000;3496.973633
2546.000000;34159.000000;21448.000000;0.000000;414018.000000;34493.000000;0.000000;3498.316895
2547.000000;34159.000000;21959.000000;0.000000;360157.000000;34493.000000;0.000000;3499.657959
2548.000000;34159.000000;22724.000000;0.000000;348062.000000;34493.000000;0.000000;3501.026367
2549.000000;34159.000000;21049.000000;0.000000;424671.000000;34493.000000;0.000000;3502.366943
2550.000000;34159.000000;21649.000000;0.000000;400816.000000;34493.000000;0.000000;3503.709961
2551.000000;34159.000000;20899.000000;0.000000;396883.000000;34493.000000;0.000000;3505.047852
2552.000000;34159.000000;25794.000000;0.000000;281435.000000;34493.000000;0.000000;3506.384766
2553.000000;34159.000000;22465.000000;0.000000;325987.000000;34493.000000;0.000000;3507.784668
2554.000000;34159.000000;25084.000000;0.000000;262948.000000;34493.000000;0.000000;3509.136230
2555.000000;34159.000000;22053.000000;0.000000;348961.000000;34493.000000;0.000000;3510.516113
2556.000000;34159.000000;21967.000000;0.000000;350831.000000;34493.000000;0.000000;3511.867676
2557.000000;34159.000000;22500.000000;0.000000;382035.000000;34493.000000;0.000000;3513.220947
2558.000000;34159.000000;23742.000000;0.000000;311113.000000;34493.000000;0.000000;3514.623535
2559.000000;34159.000000;21996.000000;0.000000;366591.000000;34493.000000;0.000000;3515.998291
2560.000000;34159.000000;22108.000000;0.000000;365841.000000;34493.000000;0.000000;3517.383301
2561.000000;34159.000000;22073.000000;0.000000;367280.000000;34493.000000;0.000000;3518.902832
2562.000000;34159.000000;21682.000000;0.000000;384619.000000;34493.000000;0.000000;3520.307129
2563.000000;34159.000000;20779.000000;0.000000;468167.000000;34493.000000;0.000000;3521.700928
2564.000000;34159.000000;21687.000000;0.000000;380877.000000;34493.000000;0.000000;3523.065918
2565.000000;34159.000000;23927.000000;0.000000;307541.000000;34493.000000;0.000000;3524.451660
2566.000000;34159.000000;20792.000000;0.000000;402872.000000;34493.000000;0.000000;3525.809082
2567.000000;34159.000000;22507.000000;0.000000;343086.000000;34493.000000;0.000000;3527.166748
2568.000000;34159.000000;21230.000000;0.000000;455838.000000;34493.000000;0.000000;3528.524414
2569.000000;34159.000000;22830.000000;0.000000;378488.000000;34493.000000;0.000000;3529.882080
2570.000000;34159.000000;20226.000000;0.000000;396247.000000;34493.000000;0.000000;3531.309082
2571.000000;34159.000000;21718.000000;0.000000;397444.000000;34493.000000;0.000000;3532.685059
2572.000000;34159.000000;19389.000000;0.000000;440359.000000;34493.000000;0.000000;3534.059814
2573.000000;34159.000000;22128.000000;0.000000;385466.000000;34493.000000;0.000000;3535.440430
2574.000000;34159.000000;23102.000000;0.000000;341714.000000;34493.000000;0.000000;3536.793457
2575.000000;34159.000000;22912.000000;0.000000;341212.000000;34493.000000;0.000000;3538.015381
2576.000000;34159.000000;24277.000000;0.000000;328566.000000;34493.000000;0.000000;3539.234863
2577.000000;34159.000000;21780.000000;0.000000;322540.000000;34493.000000;0.000000;3540.471680
2578.000000;34159.000000;23455.000000;0.000000;333649.000000;34493.000000;0.000000;3541.700928
2579.000000;34159.000000;23263.000000;0.000000;343140.000000;34493.000000;0.000000;3542.917236
2580.000000;34159.000000;21045.000000;0.000000;415889.000000;34493.000000;0.000000;3544.135986
2581.000000;34159.000000;22029.000000;0.000000;372760.000000;34493.000000;0.000000;3545.649414
2582.000000;34159.000000;23677.000000;0.000000;325846.000000;34493.000000;0.000000;3547.040527
2583.000000;34159.000000;23465.000000;0.000000;320625.000000;34493.000000;0.000000;3548.605469
2584.000000;34159.000000;20188.000000;0.000000;426062.000000;34493.000000;0.000000;3549.998291
2585.000000;34159.000000;23272.000000;0.000000;366379.000000;34493.000000;0.000000;3551.398682
2586.000000;34159.000000;21993.000000;0.000000;353550.000000;34493.000000;0.000000;3552.771973
2587.000000;34159.000000;20510.000000;0.000000;476703.000000;34493.000000;0.000000;3554.137939
2588.000000;34159.000000;20661.000000;0.000000;413398.000000;34493.000000;0.000000;3555.642334
2589.000000;34159.000000;22502.000000;0.000000;373762.000000;34493.000000;0.000000;3557.049316
2590.000000;34159.000000;22192.000000;0.000000;353585.000000;34493.000000;0.000000;3558.461914
2591.000000;34159.000000;20173.000000;0.000000;426307.000000;34493.000000;0.000000;3559.849121
2592.000000;34159.000000;24151.000000;0.000000;332708.000000;34493.000000;0.000000;3561.278076
2593.000000;34159.000000;21843.000000;0.000000;420805.000000;34493.000000;0.000000;3562.667480
2594.000000;34159.000000;22882.000000;0.000000;317572.000000;34493.000000;0.000000;3564.006348
2595.000000;34159.000000;22127.000000;0.000000;404471.000000;34493.000000;0.000000;3565.236084
2596.000000;34159.000000;23780.000000;0.000000;367115.000000;34493.000000;0.000000;3566.451660
2597.000000;34159.000000;21309.000000;0.000000;414714.000000;34493.000000;0.000000;3567.676270
2598.000000;34159.000000;22644.000000;0.000000;351357.000000;34493.000000;0.000000;3568.905029
2599.000000;34159.000000;22542.000000;0.000000;402874.000000;34493.000000;0.000000;3570.130127
2600.000000;34159.000000;22532.000000;0.000000;356666.000000;34493.000000;0.000000;3571.384033
2601.000000;34159.000000;24244.000000;0.000000;308675.000000;34493.000000;0.000000;3572.921631
2602.000000;34159.000000;21709.000000;0.000000;395090.000000;34493.000000;0.000000;3574.328613
2603.000000;34159.000000;21819.000000;0.000000;364361.000000;34493.000000;0.000000;3575.742920
2604.000000;34159.000000;21842.000000;0.000000;371281.000000;34493.000000;0.000000;3577.144775
2605.000000;34159.000000;21353.000000;0.000000;398921.000000;34493.000000;0.000000;3578.526367
2606.000000;34159.000000;23807.000000;0.000000;328847.000000;34493.000000;0.000000;3579.909912
2607.000000;34159.000000;21621.000000;0.000000;358790.000000;34493.000000;0.000000;3581.321777
2608.000000;34159.000000;23931.000000;0.000000;366084.000000;34493.000000;0.000000;3582.701416
2609.000000;34159.000000;24274.000000;0.000000;300951.000000;34493.000000;0.000000;3584.106689
2610.000000;34159.000000;22352.000000;0.000000;379063.000000;34493.000000;0.000000;3585.540039
2611.000000;34159.000000;21175.000000;0.000000;394485.000000;34493.000000;0.000000;3586.942627
2612.000000;34159.000000;23014.000000;0.000000;331937.000000;34493.000000;0.000000;3588.338623
2613.000000;34159.000000;23736.000000;0.000000;310842.000000;34493.000000;0.000000;3589.788330
2614.000000;34159.000000;22153.000000;0.000000;368035.000000;34493.000000;0.000000;3591.191162
2615.000000;34159.000000;21782.000000;0.000000;358440.000000;34493.000000;0.000000;3592.410645
2616.000000;34159.000000;23042.000000;0.000000;344640.000000;34493.000000;0.000000;3593.628418
2617.000000;34159.000000;21528.000000;0.000000;388780.000000;34493.000000;0.000000;3594.847656
2618.000000;34159.000000;22669.000000;0.000000;367920.000000;34493.000000;0.000000;3596.072510
2619.000000;34159.000000;20441.000000;0.000000;449383.000000;34493.000000;0.000000;3597.299316
2620.000000;34159.000000;23164.000000;0.000000;336478.000000;34493.000000;0.000000;3598.532715
2621.000000;34159.000000;23886.000000;0.000000;336891.000000;34493.000000;0.000000;3600.081299
0.000000;0.000000;0.000000;0.000000;0.000000;0.000000;0.000000;0.000000
0.000000;0.000000;0.000000;0.000000;0.000000;0.000000;0.000000;0.000000
0.000000;0.000000;0.000000;0.000000;0.000000;0.000000;0.000000;0.000000
0.000000;0.000000;0.000000;0.000000;0.000000;0.000000;0.000000;0.000000
0.000000;0.000000;0.000000;0.000000;0.000000;0.000000;0.000000;0.000000
0.000000;0.000000;0.000000;0.000000;0.000000;0.000000;0.000000;0.000000
0.000000;0.000000;0.000000;0.000000;0.000000;0.000000;0.000000;0.000000
0.000000;0.000000;0.000000;0.000000;0.000000;0.000000;0.000000;0.000000
0.000000;0.000000;0.000000;0.000000;0.000000;0.000000;0.000000;0.000000
0.000000;0.000000;0.000000;0.000000;0.000000;0.000000;0.000000;0.000000
0.000000;0.000000;0.000000;0.000000;0.000000;0.000000;0.000000;0.000000
0.000000;0.000000;0.000000;0.000000;0.000000;0.000000;0.000000;0.000000
0.000000;0.000000;0.000000;0.000000;0.000000;0.000000;0.000000;0.000000
0.000000;0.000000;0.000000;0.000000;0.000000;0.000000;0.000000;0.000000
0.000000;0.000000;0.000000;0.000000;0.000000;0.000000;0.000000;0.000000
0.000000;0.000000;0.000000;0.000000;0.000000;0.000000;0.000000;0.000000
0.000000;0.000000;0.000000;0.000000;0.000000;0.000000;0.000000;0.000000
0.000000;0.000000;0.000000;0.000000;0.000000;0.000000;0.000000;0.000000
0.000000;0.000000;0.000000;0.000000;0.000000;0.000000;0.000000;0.000000
0.000000;0.000000;0.000000;0.000000;0.000000;0.000000;0.000000;0.000000
0.000000;0.000000;0.000000;0.000000;0.000000;0.000000;0.000000;0.000000
0.000000;0.000000;0.000000;0.000000;0.000000;0.000000;0.000000;0.000000
0.000000;0.000000;0.000000;0.000000;0.000000;0.000000;0.000000;0.000000
0.000000;0.000000;0.000000;0.000000;0.000000;0.000000;0.000000;0.000000
0.000000;0.000000;0.000000;0.000000;0.000000;0.000000;0.000000;0.000000
0.000000;0.000000;0.000000;0.000000;0.000000;0.000000;0.000000;0.000000
0.000000;0.000000;0.000000;0.000000;0.000000;0.000000;0.000000;0.000000
0.000000;0.000000;0.000000;0.000000;0.000000;0.000000;0.000000;0.000000
0.000000;0.000000;0.000000;0.000000;0.000000;0.000000;0.000000;0.000000
0.000000;0.000000;0.000000;0.000000;0.000000;0.000000;0.000000;0.000000
0.000000;0.000000;0.000000;0.000000;0.000000;0.000000;0.000000;0.000000
0.000000;0.000000;0.000000;0.000000;0.000000;0.000000;0.000000;0.000000
0.000000;0.000000;0.000000;0.000000;0.000000;0.000000;0.000000;0.000000
0.000000;0.000000;0.000000;0.000000;0.000000;0.000000;0.000000;0.000000
0.000000;0.000000;0.000000;0.000000;0.000000;0.000000;0.000000;0.000000
0.000000;0.000000;0.000000;0.000000;0.000000;0.000000;0.000000;0.000000
0.000000;0.000000;0.000000;0.000000;0.000000;0.000000;0.000000;0.000000
0.000000;0.000000;0.000000;0.000000;0.000000;0.000000;0.000000;0.000000
0.000000;0.000000;0.000000;0.000000;0.000000;0.000000;0.000000;0.000000
0.000000;0.000000;0.000000;0.000000;0.000000;0.000000;0.000000;0.000000
0.000000;0.000000;0.000000;0.000000;0.000000;0.000000;0.000000;0.000000
0.000000;0.000000;0.000000;0.000000;0.000000;0.000000;0.000000;0.000000
0.000000;0.000000;0.000000;0.000000;0.000000;0.000000;0.000000;0.000000
0.000000;0.000000;0.000000;0.000000;0.000000;0.000000;0.000000;0.000000
0.000000;0.000000;0.000000;0.000000;0.000000;0.000000;0.000000;0.000000
0.000000;0.000000;0.000000;0.000000;0.000000;0.000000;0.000000;0.000000
0.000000;0.000000;0.000000;0.000000;0.000000;0.000000;0.000000;0.000000
0.000000;0.000000;0.000000;0.000000;0.000000;0.000000;0.000000;0.000000
0.000000;0.000000;0.000000;0.000000;0.000000;0.000000;0.000000;0.000000
0.000000;0.000000;0.000000;0.000000;0.000000;0.000000;0.000000;0.000000
0.000000;0.000000;0.000000;0.000000;0.000000;0.000000;0.000000;0.000000
0.000000;0.000000;0.000000;0.000000;0.000000;0.000000;0.000000;0.000000
0.000000;0.000000;0.000000;0.000000;0.000000;0.000000;0.000000;0.000000
0.000000;0.000000;0.000000;0.000000;0.000000;0.000000;0.000000;0.000000
0.000000;0.000000;0.000000;0.000000;0.000000;0.000000;0.000000;0.000000
0.000000;0.000000;0.000000;0.000000;0.000000;0.000000;0.000000;0.000000
0.000000;0.000000;0.000000;0.000000;0.000000;0.000000;0.000000;0.000000
0.000000;0.000000;0.000000;0.000000;0.000000;0.000000;0.000000;0.000000
0.000000;0.000000;0.000000;0.000000;0.000000;0.000000;0.000000;0.000000
0.000000;0.000000;0.000000;0.000000;0.000000;0.000000;0.000000;0.000000
0.000000;0.000000;0.000000;0.000000;0.000000;0.000000;0.000000;0.000000
0.000000;0.000000;0.000000;0.000000;0.000000;0.000000;0.000000;0.000000
0.000000;0.000000;0.000000;0.000000;0.000000;0.000000;0.000000;0.000000
0.000000;0.000000;0.000000;0.000000;0.000000;0.000000;0.000000;0.000000
0.000000;0.000000;0.000000;0.000000;0.000000;0.000000;0.000000;0.000000
0.000000;0.000000;0.000000;0.000000;0.000000;0.000000;0.000000;0.000000
0.000000;0.000000;0.000000;0.000000;0.000000;0.000000;0.000000;0.000000
0.000000;0.000000;0.000000;0.000000;0.000000;0.000000;0.000000;0.000000
0.000000;0.000000;0.000000;0.000000;0.000000;0.000000;0.000000;0.000000
0.000000;0.000000;0.000000;0.000000;0.000000;0.000000;0.000000;0.000000
0.000000;0.000000;0.000000;0.000000;0.000000;0.000000;0.000000;0.000000
0.000000;0.000000;0.000000;0.000000;0.000000;0.000000;0.000000;0.000000
0.000000;0.000000;0.000000;0.000000;0.000000;0.000000;0.000000;0.000000
0.000000;0.000000;0.000000;0.000000;0.000000;0.000000;0.000000;0.000000
0.000000;0.000000;0.000000;0.000000;0.000000;0.000000;0.000000;0.000000
0.000000;0.000000;0.000000;0.000000;0.000000;0.000000;0.000000;0.000000
0.000000;0.000000;0.000000;0.000000;0.000000;0.000000;0.000000;0.000000
0.000000;0.000000;0.000000;0.000000;0.000000;0.000000;0.000000;0.000000
0.000000;0.000000;0.000000;0.000000;0.000000;0.000000;0.000000;0.000000
0.000000;0.000000;0.000000;0.000000;0.000000;0.000000;0.000000;0.000000
0.000000;0.000000;0.000000;0.000000;0.000000;0.000000;0.000000;0.000000
0.000000;0.000000;0.000000;0.000000;0.000000;0.000000;0.000000;0.000000
0.000000;0.000000;0.000000;0.000000;0.000000;0.000000;0.000000;0.000000
0.000000;0.000000;0.000000;0.000000;0.000000;0.000000;0.000000;0.000000
0.000000;0.000000;0.000000;0.000000;0.000000;0.000000;0.000000;0.000000
0.000000;0.000000;0.000000;0.000000;0.000000;0.000000;0.000000;0.000000
0.000000;0.000000;0.000000;0.000000;0.000000;0.000000;0.000000;0.000000
0.000000;0.000000;0.000000;0.000000;0.000000;0.000000;0.000000;0.000000
0.000000;0.000000;0.000000;0.000000;0.000000;0.000000;0.000000;0.000000
0.000000;0.000000;0.000000;0.000000;0.000000;0.000000;0.000000;0.000000
0.000000;0.000000;0.000000;0.000000;0.000000;0.000000;0.000000;0.000000
0.000000;0.000000;0.000000;0.000000;0.000000;0.000000;0.000000;0.000000
0.000000;0.000000;0.000000;0.000000;0.000000;0.000000;0.000000;0.000000
0.000000;0.000000;0.000000;0.000000;0.000000;0.000000;0.000000;0.000000
0.000000;0.000000;0.000000;0.000000;0.000000;0.000000;0.000000;0.000000
0.000000;0.000000;0.000000;0.000000;0.000000;0.000000;0.000000;0.000000
0.000000;0.000000;0.000000;0.000000;0.000000;0.000000;0.000000;0.000000
0.000000;0.000000;0.000000;0.000000;0.000000;0.000000;0.000000;0.000000
0.000000;0.000000;0.000000;0.000000;0.000000;0.000000;0.000000;0.000000
0.000000;0.000000;0.000000;0.000000;0.000000;0.000000;0.000000;0.000000
0.000000;0.000000;0.000000;0.000000;0.000000;0.000000;0.000000;0.000000
0.000000;0.000000;0.000000;0.000000;0.000000;0.000000;0.000000;0.000000
0.000000;0.000000;0.000000;0.000000;0.000000;0.000000;0.000000;0.000000
0.000000;0.000000;0.000000;0.000000;0.000000;0.000000;0.000000;0.000000
0.000000;0.000000;0.000000;0.000000;0.000000;0.000000;0.000000;0.000000
0.000000;0.000000;0.000000;0.000000;0.000000;0.000000;0.000000;0.000000
0.000000;0.000000;0.000000;0.000000;0.000000;0.000000;0.000000;0.000000
0.000000;0.000000;0.000000;0.000000;0.000000;0.000000;0.000000;0.000000
0.000000;0.000000;0.000000;0.000000;0.000000;0.000000;0.000000;0.000000
0.000000;0.000000;0.000000;0.000000;0.000000;0.000000;0.000000;0.000000
0.000000;0.000000;0.000000;0.000000;0.000000;0.000000;0.000000;0.000000
0.000000;0.000000;0.000000;0.000000;0.000000;0.000000;0.000000;0.000000
0.000000;0.000000;0.000000;0.000000;0.000000;0.000000;0.000000;0.000000
0.000000;0.000000;0.000000;0.000000;0.000000;0.000000;0.000000;0.000000
0.000000;0.000000;0.000000;0.000000;0.000000;0.000000;0.000000;0.000000
0.000000;0.000000;0.000000;0.000000;0.000000;0.000000;0.000000;0.000000
0.000000;0.000000;0.000000;0.000000;0.000000;0.000000;0.000000;0.000000
0.000000;0.000000;0.000000;0.000000;0.000000;0.000000;0.000000;0.000000
0.000000;0.000000;0.000000;0.000000;0.000000;0.000000;0.000000;0.000000
0.000000;0.000000;0.000000;0.000000;0.000000;0.000000;0.000000;0.000000
0.000000;0.000000;0.000000;0.000000;0.000000;0.000000;0.000000;0.000000
0.000000;0.000000;0.000000;0.000000;0.000000;0.000000;0.000000;0.000000
0.000000;0.000000;0.000000;0.000000;0.000000;0.000000;0.000000;0.000000
0.000000;0.000000;0.000000;0.000000;0.000000;0.000000;0.000000;0.000000
0.000000;0.000000;0.000000;0.000000;0.000000;0.000000;0.000000;0.000000
0.000000;0.000000;0.000000;0.000000;0.000000;0.000000;0.000000;0.000000
0.000000;0.000000;0.000000;0.000000;0.000000;0.000000;0.000000;0.000000
0.000000;0.000000;0.000000;0.000000;0.000000;0.000000;0.000000;0.000000
0.000000;0.000000;0.000000;0.000000;0.000000;0.000000;0.000000;0.000000
0.000000;0.000000;0.000000;0.000000;0.000000;0.000000;0.000000;0.000000
0.000000;0.000000;0.000000;0.000000;0.000000;0.000000;0.000000;0.000000
0.000000;0.000000;0.000000;0.000000;0.000000;0.000000;0.000000;0.000000
0.000000;0.000000;0.000000;0.000000;0.000000;0.000000;0.000000;0.000000
0.000000;0.000000;0.000000;0.000000;0.000000;0.000000;0.000000;0.000000
0.000000;0.000000;0.000000;0.000000;0.000000;0.000000;0.000000;0.000000
0.000000;0.000000;0.000000;0.000000;0.000000;0.000000;0.000000;0.000000
0.000000;0.000000;0.000000;0.000000;0.000000;0.000000;0.000000;0.000000
0.000000;0.000000;0.000000;0.000000;0.000000;0.000000;0.000000;0.000000
0.000000;0.000000;0.000000;0.000000;0.000000;0.000000;0.000000;0.000000
0.000000;0.000000;0.000000;0.000000;0.000000;0.000000;0.000000;0.000000
0.000000;0.000000;0.000000;0.000000;0.000000;0.000000;0.000000;0.000000
0.000000;0.000000;0.000000;0.000000;0.000000;0.000000;0.000000;0.000000
0.000000;0.000000;0.000000;0.000000;0.000000;0.000000;0.000000;0.000000
0.000000;0.000000;0.000000;0.000000;0.000000;0.000000;0.000000;0.000000
0.000000;0.000000;0.000000;0.000000;0.000000;0.000000;0.000000;0.000000
0.000000;0.000000;0.000000;0.000000;0.000000;0.000000;0.000000;0.000000
0.000000;0.000000;0.000000;0.000000;0.000000;0.000000;0.000000;0.000000
0.000000;0.000000;0.000000;0.000000;0.000000;0.000000;0.000000;0.000000
0.000000;0.000000;0.000000;0.000000;0.000000;0.000000;0.000000;0.000000
0.000000;0.000000;0.000000;0.000000;0.000000;0.000000;0.000000;0.000000
0.000000;0.000000;0.000000;0.000000;0.000000;0.000000;0.000000;0.000000
0.000000;0.000000;0.000000;0.000000;0.000000;0.000000;0.000000;0.000000
0.000000;0.000000;0.000000;0.000000;0.000000;0.000000;0.000000;0.000000
0.000000;0.000000;0.000000;0.000000;0.000000;0.000000;0.000000;0.000000
0.000000;0.000000;0.000000;0.000000;0.000000;0.000000;0.000000;0.000000
0.000000;0.000000;0.000000;0.000000;0.000000;0.000000;0.000000;0.000000
0.000000;0.000000;0.000000;0.000000;0.000000;0.000000;0.000000;0.000000
0.000000;0.000000;0.000000;0.000000;0.000000;0.000000;0.000000;0.000000
0.000000;0.000000;0.000000;0.000000;0.000000;0.000000;0.000000;0.000000
0.000000;0.000000;0.000000;0.000000;0.000000;0.000000;0.000000;0.000000
0.000000;0.000000;0.000000;0.000000;0.000000;0.000000;0.000000;0.000000
0.000000;0.000000;0.000000;0.000000;0.000000;0.000000;0.000000;0.000000
0.000000;0.000000;0.000000;0.000000;0.000000;0.000000;0.000000;0.000000
0.000000;0.000000;0.000000;0.000000;0.000000;0.000000;0.000000;0.000000
0.000000;0.000000;0.000000;0.000000;0.000000;0.000000;0.000000;0.000000
0.000000;0.000000;0.000000;0.000000;0.000000;0.000000;0.000000;0.000000
0.000000;0.000000;0.000000;0.000000;0.000000;0.000000;0.000000;0.000000
0.000000;0.000000;0.000000;0.000000;0.000000;0.000000;0.000000;0.000000
0.000000;0.000000;0.000000;0.000000;0.000000;0.000000;0.000000;0.000000
0.000000;0.000000;0.000000;0.000000;0.000000;0.000000;0.000000;0.000000
0.000000;0.000000;0.000000;0.000000;0.000000;0.000000;0.000000;0.000000
0.000000;0.000000;0.000000;0.000000;0.000000;0.000000;0.000000;0.000000
0.000000;0.000000;0.000000;0.000000;0.000000;0.000000;0.000000;0.000000
0.000000;0.000000;0.000000;0.000000;0.000000;0.000000;0.000000;0.000000
0.000000;0.000000;0.000000;0.000000;0.000000;0.000000;0.000000;0.000000
0.000000;0.000000;0.000000;0.000000;0.000000;0.000000;0.000000;0.000000
0.000000;0.000000;0.000000;0.000000;0.000000;0.000000;0.000000;0.000000
0.000000;0.000000;0.000000;0.000000;0.000000;0.000000;0.000000;0.000000
0.000000;0.000000;0.000000;0.000000;0.000000;0.000000;0.000000;0.000000
0.000000;0.000000;0.000000;0.000000;0.000000;0.000000;0.000000;0.000000
0.000000;0.000000;0.000000;0.000000;0.000000;0.000000;0.000000;0.000000
0.000000;0.000000;0.000000;0.000000;0.000000;0.000000;0.000000;0.000000
0.000000;0.000000;0.000000;0.000000;0.000000;0.000000;0.000000;0.000000
0.000000;0.000000;0.000000;0.000000;0.000000;0.000000;0.000000;0.000000
0.000000;0.000000;0.000000;0.000000;0.000000;0.000000;0.000000;0.000000
0.000000;0.000000;0.000000;0.000000;0.000000;0.000000;0.000000;0.000000
0.000000;0.000000;0.000000;0.000000;0.000000;0.000000;0.000000;0.000000
0.000000;0.000000;0.000000;0.000000;0.000000;0.000000;0.000000;0.000000
0.000000;0.000000;0.000000;0.000000;0.000000;0.000000;0.000000;0.000000
0.000000;0.000000;0.000000;0.000000;0.000000;0.000000;0.000000;0.000000
0.000000;0.000000;0.000000;0.000000;0.000000;0.000000;0.000000;0.000000
0.000000;0.000000;0.000000;0.000000;0.000000;0.000000;0.000000;0.000000
0.000000;0.000000;0.000000;0.000000;0.000000;0.000000;0.000000;0.000000
0.000000;0.000000;0.000000;0.000000;0.000000;0.000000;0.000000;0.000000
0.000000;0.000000;0.000000;0.000000;0.000000;0.000000;0.000000;0.000000
0.000000;0.000000;0.000000;0.000000;0.000000;0.000000;0.000000;0.000000
0.000000;0.000000;0.000000;0.000000;0.000000;0.000000;0.000000;0.000000
0.000000;0.000000;0.000000;0.000000;0.000000;0.000000;0.000000;0.000000
0.000000;0.000000;0.000000;0.000000;0.000000;0.000000;0.000000;0.000000
0.000000;0.000000;0.000000;0.000000;0.000000;0.000000;0.000000;0.000000
0.000000;0.000000;0.000000;0.000000;0.000000;0.000000;0.000000;0.000000
0.000000;0.000000;0.000000;0.000000;0.000000;0.000000;0.000000;0.000000
0.000000;0.000000;0.000000;0.000000;0.000000;0.000000;0.000000;0.000000
0.000000;0.000000;0.000000;0.000000;0.000000;0.000000;0.000000;0.000000
0.000000;0.000000;0.000000;0.000000;0.000000;0.000000;0.000000;0.000000
0.000000;0.000000;0.000000;0.000000;0.000000;0.000000;0.000000;0.000000
0.000000;0.000000;0.000000;0.000000;0.000000;0.000000;0.000000;0.000000
0.000000;0.000000;0.000000;0.000000;0.000000;0.000000;0.000000;0.000000
0.000000;0.000000;0.000000;0.000000;0.000000;0.000000;0.000000;0.000000
0.000000;0.000000;0.000000;0.000000;0.000000;0.000000;0.000000;0.000000
0.000000;0.000000;0.000000;0.000000;0.000000;0.000000;0.000000;0.000000
0.000000;0.000000;0.000000;0.000000;0.000000;0.000000;0.000000;0.000000
0.000000;0.000000;0.000000;0.000000;0.000000;0.000000;0.000000;0.000000
0.000000;0.000000;0.000000;0.000000;0.000000;0.000000;0.000000;0.000000
0.000000;0.000000;0.000000;0.000000;0.000000;0.000000;0.000000;0.000000
0.000000;0.000000;0.000000;0.000000;0.000000;0.000000;0.000000;0.000000
0.000000;0.000000;0.000000;0.000000;0.000000;0.000000;0.000000;0.000000
0.000000;0.000000;0.000000;0.000000;0.000000;0.000000;0.000000;0.000000
0.000000;0.000000;0.000000;0.000000;0.000000;0.000000;0.000000;0.000000
0.000000;0.000000;0.000000;0.000000;0.000000;0.000000;0.000000;0.000000
0.000000;0.000000;0.000000;0.000000;0.000000;0.000000;0.000000;0.000000
0.000000;0.000000;0.000000;0.000000;0.000000;0.000000;0.000000;0.000000
0.000000;0.000000;0.000000;0.000000;0.000000;0.000000;0.000000;0.000000
0.000000;0.000000;0.000000;0.000000;0.000000;0.000000;0.000000;0.000000
0.000000;0.000000;0.000000;0.000000;0.000000;0.000000;0.000000;0.000000
0.000000;0.000000;0.000000;0.000000;0.000000;0.000000;0.000000;0.000000
0.000000;0.000000;0.000000;0.000000;0.000000;0.000000;0.000000;0.000000
0.000000;0.000000;0.000000;0.000000;0.000000;0.000000;0.000000;0.000000
0.000000;0.000000;0.000000;0.000000;0.000000;0.000000;0.000000;0.000000
0.000000;0.000000;0.000000;0.000000;0.000000;0.000000;0.000000;0.000000
0.000000;0.000000;0.000000;0.000000;0.000000;0.000000;0.000000;0.000000
0.000000;0.000000;0.000000;0.000000;0.000000;0.000000;0.000000;0.000000
0.000000;0.000000;0.000000;0.000000;0.000000;0.000000;0.000000;0.000000
0.000000;0.000000;0.000000;0.000000;0.000000;0.000000;0.000000;0.000000
0.000000;0.000000;0.000000;0.000000;0.000000;0.000000;0.000000;0.000000
0.000000;0.000000;0.000000;0.000000;0.000000;0.000000;0.000000;0.000000
0.000000;0.000000;0.000000;0.000000;0.000000;0.000000;0.000000;0.000000
0.000000;0.000000;0.000000;0.000000;0.000000;0.000000;0.000000;0.000000
0.000000;0.000000;0.000000;0.000000;0.000000;0.000000;0.000000;0.000000
0.000000;0.000000;0.000000;0.000000;0.000000;0.000000;0.000000;0.000000
0.000000;0.000000;0.000000;0.000000;0.000000;0.000000;0.000000;0.000000
0.000000;0.000000;0.000000;0.000000;0.000000;0.000000;0.000000;0.000000
0.000000;0.000000;0.000000;0.000000;0.000000;0.000000;0.000000;0.000000
0.000000;0.000000;0.000000;0.000000;0.000000;0.000000;0.000000;0.000000
0.000000;0.000000;0.000000;0.000000;0.000000;0.000000;0.000000;0.000000
0.000000;0.000000;0.000000;0.000000;0.000000;0.000000;0.000000;0.000000
0.000000;0.000000;0.000000;0.000000;0.000000;0.000000;0.000000;0.000000
0.000000;0.000000;0.000000;0.000000;0.000000;0.000000;0.000000;0.000000
0.000000;0.000000;0.000000;0.000000;0.000000;0.000000;0.000000;0.000000
0.000000;0.000000;0.000000;0.000000;0.000000;0.000000;0.000000;0.000000
0.000000;0.000000;0.000000;0.000000;0.000000;0.000000;0.000000;0.000000
0.000000;0.000000;0.000000;0.000000;0.000000;0.000000;0.000000;0.000000
0.000000;0.000000;0.000000;0.000000;0.000000;0.000000;0.000000;0.000000
0.000000;0.000000;0.000000;0.000000;0.000000;0.000000;0.000000;0.000000
0.000000;0.000000;0.000000;0.000000;0.000000;0.000000;0.000000;0.000000
0.000000;0.000000;0.000000;0.000000;0.000000;0.000000;0.000000;0.000000
0.000000;0.000000;0.000000;0.000000;0.000000;0.000000;0.000000;0.000000
0.000000;0.000000;0.000000;0.000000;0.000000;0.000000;0.000000;0.000000
0.000000;0.000000;0.000000;0.000000;0.000000;0.000000;0.000000;0.000000
0.000000;0.000000;0.000000;0.000000;0.000000;0.000000;0.000000;0.000000
0.000000;0.000000;0.000000;0.000000;0.000000;0.000000;0.000000;0.000000
0.000000;0.000000;0.000000;0.000000;0.000000;0.000000;0.000000;0.000000
0.000000;0.000000;0.000000;0.000000;0.000000;0.000000;0.000000;0.000000
0.000000;0.000000;0.000000;0.000000;0.000000;0.000000;0.000000;0.000000
0.000000;0.000000;0.000000;0.000000;0.000000;0.000000;0.000000;0.000000
0.000000;0.000000;0.000000;0.000000;0.000000;0.000000;0.000000;0.000000
0.000000;0.000000;0.000000;0.000000;0.000000;0.000000;0.000000;0.000000
0.000000;0.000000;0.000000;0.000000;0.000000;0.000000;0.000000;0.000000
0.000000;0.000000;0.000000;0.000000;0.000000;0.000000;0.000000;0.000000
0.000000;0.000000;0.000000;0.000000;0.000000;0.000000;0.000000;0.000000
0.000000;0.000000;0.000000;0.000000;0.000000;0.000000;0.000000;0.000000
0.000000;0.000000;0.000000;0.000000;0.000000;0.000000;0.000000;0.000000
0.000000;0.000000;0.000000;0.000000;0.000000;0.000000;0.000000;0.000000
0.000000;0.000000;0.000000;0.000000;0.000000;0.000000;0.000000;0.000000
0.000000;0.000000;0.000000;0.000000;0.000000;0.000000;0.000000;0.000000
0.000000;0.000000;0.000000;0.000000;0.000000;0.000000;0.000000;0.000000
0.000000;0.000000;0.000000;0.000000;0.000000;0.000000;0.000000;0.000000
0.000000;0.000000;0.000000;0.000000;0.000000;0.000000;0.000000;0.000000
0.000000;0.000000;0.000000;0.000000;0.000000;0.000000;0.000000;0.000000
0.000000;0.000000;0.000000;0.000000;0.000000;0.000000;0.000000;0.000000
0.000000;0.000000;0.000000;0.000000;0.000000;0.000000;0.000000;0.000000
0.000000;0.000000;0.000000;0.000000;0.000000;0.000000;0.000000;0.000000
0.000000;0.000000;0.000000;0.000000;0.000000;0.000000;0.000000;0.000000
0.000000;0.000000;0.000000;0.000000;0.000000;0.000000;0.000000;0.000000
0.000000;0.000000;0.000000;0.000000;0.000000;0.000000;0.000000;0.000000
0.000000;0.000000;0.000000;0.000000;0.000000;0.000000;0.000000;0.000000
0.000000;0.000000;0.000000;0.000000;0.000000;0.000000;0.000000;0.000000
0.000000;0.000000;0.000000;0.000000;0.000000;0.000000;0.000000;0.000000
0.000000;0.000000;0.000000;0.000000;0.000000;0.000000;0.000000;0.000000
0.000000;0.000000;0.000000;0.000000;0.000000;0.000000;0.000000;0.000000
0.000000;0.000000;0.000000;0.000000;0.000000;0.000000;0.000000;0.000000
0.000000;0.000000;0.000000;0.000000;0.000000;0.000000;0.000000;0.000000
0.000000;0.000000;0.000000;0.000000;0.000000;0.000000;0.000000;0.000000
0.000000;0.000000;0.000000;0.000000;0.000000;0.000000;0.000000;0.000000
0.000000;0.000000;0.000000;0.000000;0.000000;0.000000;0.000000;0.000000
0.000000;0.000000;0.000000;0.000000;0.000000;0.000000;0.000000;0.000000
0.000000;0.000000;0.000000;0.000000;0.000000;0.000000;0.000000;0.000000
0.000000;0.000000;0.000000;0.000000;0.000000;0.000000;0.000000;0.000000
0.000000;0.000000;0.000000;0.000000;0.000000;0.000000;0.000000;0.000000
0.000000;0.000000;0.000000;0.000000;0.000000;0.000000;0.000000;0.000000
0.000000;0.000000;0.000000;0.000000;0.000000;0.000000;0.000000;0.000000
0.000000;0.000000;0.000000;0.000000;0.000000;0.000000;0.000000;0.000000
0.000000;0.000000;0.000000;0.000000;0.000000;0.000000;0.000000;0.000000
0.000000;0.000000;0.000000;0.000000;0.000000;0.000000;0.000000;0.000000
0.000000;0.000000;0.000000;0.000000;0.000000;0.000000;0.000000;0.000000
0.000000;0.000000;0.000000;0.000000;0.000000;0.000000;0.000000;0.000000
0.000000;0.000000;0.000000;0.000000;0.000000;0.000000;0.000000;0.000000
0.000000;0.000000;0.000000;0.000000;0.000000;0.000000;0.000000;0.000000
0.000000;0.000000;0.000000;0.000000;0.000000;0.000000;0.000000;0.000000
0.000000;0.000000;0.000000;0.000000;0.000000;0.000000;0.000000;0.000000
0.000000;0.000000;0.000000;0.000000;0.000000;0.000000;0.000000;0.000000
0.000000;0.000000;0.000000;0.000000;0.000000;0.000000;0.000000;0.000000
0.000000;0.000000;0.000000;0.000000;0.000000;0.000000;0.000000;0.000000
0.000000;0.000000;0.000000;0.000000;0.000000;0.000000;0.000000;0.000000
0.000000;0.000000;0.000000;0.000000;0.000000;0.000000;0.000000;0.000000
0.000000;0.000000;0.000000;0.000000;0.000000;0.000000;0.000000;0.000000
0.000000;0.000000;0.000000;0.000000;0.000000;0.000000;0.000000;0.000000
0.000000;0.000000;0.000000;0.000000;0.000000;0.000000;0.000000;0.000000
0.000000;0.000000;0.000000;0.000000;0.000000;0.000000;0.000000;0.000000
0.000000;0.000000;0.000000;0.000000;0.000000;0.000000;0.000000;0.000000
0.000000;0.000000;0.000000;0.000000;0.000000;0.000000;0.000000;0.000000
0.000000;0.000000;0.000000;0.000000;0.000000;0.000000;0.000000;0.000000
0.000000;0.000000;0.000000;0.000000;0.000000;0.000000;0.000000;0.000000
0.000000;0.000000;0.000000;0.000000;0.000000;0.000000;0.000000;0.000000
0.000000;0.000000;0.000000;0.000000;0.000000;0.000000;0.000000;0.000000
0.000000;0.000000;0.000000;0.000000;0.000000;0.000000;0.000000;0.000000
0.000000;0.000000;0.000000;0.000000;0.000000;0.000000;0.000000;0.000000
0.000000;0.000000;0.000000;0.000000;0.000000;0.000000;0.000000;0.000000
0.000000;0.000000;0.000000;0.000000;0.000000;0.000000;0.000000;0.000000
0.000000;0.000000;0.000000;0.000000;0.000000;0.000000;0.000000;0.000000
0.000000;0.000000;0.000000;0.000000;0.000000;0.000000;0.000000;0.000000
0.000000;0.000000;0.000000;0.000000;0.000000;0.000000;0.000000;0.000000
0.000000;0.000000;0.000000;0.000000;0.000000;0.000000;0.000000;0.000000
0.000000;0.000000;0.000000;0.000000;0.000000;0.000000;0.000000;0.000000
0.000000;0.000000;0.000000;0.000000;0.000000;0.000000;0.000000;0.000000
0.000000;0.000000;0.000000;0.000000;0.000000;0.000000;0.000000;0.000000
0.000000;0.000000;0.000000;0.000000;0.000000;0.000000;0.000000;0.000000
0.000000;0.000000;0.000000;0.000000;0.000000;0.000000;0.000000;0.000000
0.000000;0.000000;0.000000;0.000000;0.000000;0.000000;0.000000;0.000000
0.000000;0.000000;0.000000;0.000000;0.000000;0.000000;0.000000;0.000000
0.000000;0.000000;0.000000;0.000000;0.000000;0.000000;0.000000;0.000000
0.000000;0.000000;0.000000;0.000000;0.000000;0.000000;0.000000;0.000000
0.000000;0.000000;0.000000;0.000000;0.000000;0.000000;0.000000;0.000000
0.000000;0.000000;0.000000;0.000000;0.000000;0.000000;0.000000;0.000000
0.000000;0.000000;0.000000;0.000000;0.000000;0.000000;0.000000;0.000000
0.000000;0.000000;0.000000;0.000000;0.000000;0.000000;0.000000;0.000000
0.000000;0.000000;0.000000;0.000000;0.000000;0.000000;0.000000;0.000000
0.000000;0.000000;0.000000;0.000000;0.000000;0.000000;0.000000;0.000000
0.000000;0.000000;0.000000;0.000000;0.000000;0.000000;0.000000;0.000000
0.000000;0.000000;0.000000;0.000000;0.000000;0.000000;0.000000;0.000000
0.000000;0.000000;0.000000;0.000000;0.000000;0.000000;0.000000;0.000000
0.000000;0.000000;0.000000;0.000000;0.000000;0.000000;0.000000;0.000000
0.000000;0.000000;0.000000;0.000000;0.000000;0.000000;0.000000;0.000000
0.000000;0.000000;0.000000;0.000000;0.000000;0.000000;0.000000;0.000000
0.000000;0.000000;0.000000;0.000000;0.000000;0.000000;0.000000;0.000000
0.000000;0.000000;0.000000;0.000000;0.000000;0.000000;0.000000;0.000000
0.000000;0.000000;0.000000;0.000000;0.000000;0.000000;0.000000;0.000000
0.000000;0.000000;0.000000;0.000000;0.000000;0.000000;0.000000;0.000000
0.000000;0.000000;0.000000;0.000000;0.000000;0.000000;0.000000;0.000000
0.000000;0.000000;0.000000;0.000000;0.000000;0.000000;0.000000;0.000000
0.000000;0.000000;0.000000;0.000000;0.000000;0.000000;0.000000;0.000000
0.000000;0.000000;0.000000;0.000000;0.000000;0.000000;0.000000;0.000000
0.000000;0.000000;0.000000;0.000000;0.000000;0.000000;0.000000;0.000000
0.000000;0.000000;0.000000;0.000000;0.000000;0.000000;0.000000;0.000000
0.000000;0.000000;0.000000;0.000000;0.000000;0.000000;0.000000;0.000000
0.000000;0.000000;0.000000;0.000000;0.000000;0.000000;0.000000;0.000000
0.000000;0.000000;0.000000;0.000000;0.000000;0.000000;0.000000;0.000000
0.000000;0.000000;0.000000;0.000000;0.000000;0.000000;0.000000;0.000000
0.000000;0.000000;0.000000;0.000000;0.000000;0.000000;0.000000;0.000000
0.000000;0.000000;0.000000;0.000000;0.000000;0.000000;0.000000;0.000000
0.000000;0.000000;0.000000;0.000000;0.000000;0.000000;0.000000;0.000000
0.000000;0.000000;0.000000;0.000000;0.000000;0.000000;0.000000;0.000000
0.000000;0.000000;0.000000;0.000000;0.000000;0.000000;0.000000;0.000000
0.000000;0.000000;0.000000;0.000000;0.000000;0.000000;0.000000;0.000000
0.000000;0.000000;0.000000;0.000000;0.000000;0.000000;0.000000;0.000000
0.000000;0.000000;0.000000;0.000000;0.000000;0.000000;0.000000;0.000000
0.000000;0.000000;0.000000;0.000000;0.000000;0.000000;0.000000;0.000000
0.000000;0.000000;0.000000;0.000000;0.000000;0.000000;0.000000;0.000000
0.000000;0.000000;0.000000;0.000000;0.000000;0.000000;0.000000;0.000000
0.000000;0.000000;0.000000;0.000000;0.000000;0.000000;0.000000;0.000000
0.000000;0.000000;0.000000;0.000000;0.000000;0.000000;0.000000;0.000000
0.000000;0.000000;0.000000;0.000000;0.000000;0.000000;0.000000;0.000000
0.000000;0.000000;0.000000;0.000000;0.000000;0.000000;0.000000;0.000000
0.000000;0.000000;0.000000;0.000000;0.000000;0.000000;0.000000;0.000000
0.000000;0.000000;0.000000;0.000000;0.000000;0.000000;0.000000;0.000000
0.000000;0.000000;0.000000;0.000000;0.000000;0.000000;0.000000;0.000000
0.000000;0.000000;0.000000;0.000000;0.000000;0.000000;0.000000;0.000000
0.000000;0.000000;0.000000;0.000000;0.000000;0.000000;0.000000;0.000000
0.000000;0.000000;0.000000;0.000000;0.000000;0.000000;0.000000;0.000000
0.000000;0.000000;0.000000;0.000000;0.000000;0.000000;0.000000;0.000000
0.000000;0.000000;0.000000;0.000000;0.000000;0.000000;0.000000;0.000000
0.000000;0.000000;0.000000;0.000000;0.000000;0.000000;0.000000;0.000000
0.000000;0.000000;0.000000;0.000000;0.000000;0.000000;0.000000;0.000000
0.000000;0.000000;0.000000;0.000000;0.000000;0.000000;0.000000;0.000000
0.000000;0.000000;0.000000;0.000000;0.000000;0.000000;0.000000;0.000000
0.000000;0.000000;0.000000;0.000000;0.000000;0.000000;0.000000;0.000000
0.000000;0.000000;0.000000;0.000000;0.000000;0.000000;0.000000;0.000000
0.000000;0.000000;0.000000;0.000000;0.000000;0.000000;0.000000;0.000000
0.000000;0.000000;0.000000;0.000000;0.000000;0.000000;0.000000;0.000000
0.000000;0.000000;0.000000;0.000000;0.000000;0.000000;0.000000;0.000000
0.000000;0.000000;0.000000;0.000000;0.000000;0.000000;0.000000;0.000000
0.000000;0.000000;0.000000;0.000000;0.000000;0.000000;0.000000;0.000000
0.000000;0.000000;0.000000;0.000000;0.000000;0.000000;0.000000;0.000000
0.000000;0.000000;0.000000;0.000000;0.000000;0.000000;0.000000;0.000000
0.000000;0.000000;0.000000;0.000000;0.000000;0.000000;0.000000;0.000000
0.000000;0.000000;0.000000;0.000000;0.000000;0.000000;0.000000;0.000000
0.000000;0.000000;0.000000;0.000000;0.000000;0.000000;0.000000;0.000000
0.000000;0.000000;0.000000;0.000000;0.000000;0.000000;0.000000;0.000000
0.000000;0.000000;0.000000;0.000000;0.000000;0.000000;0.000000;0.000000
0.000000;0.000000;0.000000;0.000000;0.000000;0.000000;0.000000;0.000000
0.000000;0.000000;0.000000;0.000000;0.000000;0.000000;0.000000;0.000000
0.000000;0.000000;0.000000;0.000000;0.000000;0.000000;0.000000;0.000000
0.000000;0.000000;0.000000;0.000000;0.000000;0.000000;0.000000;0.000000
0.000000;0.000000;0.000000;0.000000;0.000000;0.000000;0.000000;0.000000
0.000000;0.000000;0.000000;0.000000;0.000000;0.000000;0.000000;0.000000
0.000000;0.000000;0.000000;0.000000;0.000000;0.000000;0.000000;0.000000
0.000000;0.000000;0.000000;0.000000;0.000000;0.000000;0.000000;0.000000
0.000000;0.000000;0.000000;0.000000;0.000000;0.000000;0.000000;0.000000
0.000000;0.000000;0.000000;0.000000;0.000000;0.000000;0.000000;0.000000
0.000000;0.000000;0.000000;0.000000;0.000000;0.000000;0.000000;0.000000
0.000000;0.000000;0.000000;0.000000;0.000000;0.000000;0.000000;0.000000
0.000000;0.000000;0.000000;0.000000;0.000000;0.000000;0.000000;0.000000
0.000000;0.000000;0.000000;0.000000;0.000000;0.000000;0.000000;0.000000
0.000000;0.000000;0.000000;0.000000;0.000000;0.000000;0.000000;0.000000
0.000000;0.000000;0.000000;0.000000;0.000000;0.000000;0.000000;0.000000
0.000000;0.000000;0.000000;0.000000;0.000000;0.000000;0.000000;0.000000
0.000000;0.000000;0.000000;0.000000;0.000000;0.000000;0.000000;0.000000
0.000000;0.000000;0.000000;0.000000;0.000000;0.000000;0.000000;0.000000
0.000000;0.000000;0.000000;0.000000;0.000000;0.000000;0.000000;0.000000
0.000000;0.000000;0.000000;0.000000;0.000000;0.000000;0.000000;0.000000
0.000000;0.000000;0.000000;0.000000;0.000000;0.000000;0.000000;0.000000
0.000000;0.000000;0.000000;0.000000;0.000000;0.000000;0.000000;0.000000
0.000000;0.000000;0.000000;0.000000;0.000000;0.000000;0.000000;0.000000
0.000000;0.000000;0.000000;0.000000;0.000000;0.000000;0.000000;0.000000
0.000000;0.000000;0.000000;0.000000;0.000000;0.000000;0.000000;0.000000
0.000000;0.000000;0.000000;0.000000;0.000000;0.000000;0.000000;0.000000
0.000000;0.000000;0.000000;0.000000;0.000000;0.000000;0.000000;0.000000
0.000000;0.000000;0.000000;0.000000;0.000000;0.000000;0.000000;0.000000
0.000000;0.000000;0.000000;0.000000;0.000000;0.000000;0.000000;0.000000
0.000000;0.000000;0.000000;0.000000;0.000000;0.000000;0.000000;0.000000
0.000000;0.000000;0.000000;0.000000;0.000000;0.000000;0.000000;0.000000
0.000000;0.000000;0.000000;0.000000;0.000000;0.000000;0.000000;0.000000
0.000000;0.000000;0.000000;0.000000;0.000000;0.000000;0.000000;0.000000
0.000000;0.000000;0.000000;0.000000;0.000000;0.000000;0.000000;0.000000
0.000000;0.000000;0.000000;0.000000;0.000000;0.000000;0.000000;0.000000
0.000000;0.000000;0.000000;0.000000;0.000000;0.000000;0.000000;0.000000
0.000000;0.000000;0.000000;0.000000;0.000000;0.000000;0.000000;0.000000
0.000000;0.000000;0.000000;0.000000;0.000000;0.000000;0.000000;0.000000
0.000000;0.000000;0.000000;0.000000;0.000000;0.000000;0.000000;0.000000
0.000000;0.000000;0.000000;0.000000;0.000000;0.000000;0.000000;0.000000
0.000000;0.000000;0.000000;0.000000;0.000000;0.000000;0.000000;0.000000
0.000000;0.000000;0.000000;0.000000;0.000000;0.000000;0.000000;0.000000
0.000000;0.000000;0.000000;0.000000;0.000000;0.000000;0.000000;0.000000
0.000000;0.000000;0.000000;0.000000;0.000000;0.000000;0.000000;0.000000
0.000000;0.000000;0.000000;0.000000;0.000000;0.000000;0.000000;0.000000
0.000000;0.000000;0.000000;0.000000;0.000000;0.000000;0.000000;0.000000
0.000000;0.000000;0.000000;0.000000;0.000000;0.000000;0.000000;0.000000
0.000000;0.000000;0.000000;0.000000;0.000000;0.000000;0.000000;0.000000
0.000000;0.000000;0.000000;0.000000;0.000000;0.000000;0.000000;0.000000
0.000000;0.000000;0.000000;0.000000;0.000000;0.000000;0.000000;0.000000
0.000000;0.000000;0.000000;0.000000;0.000000;0.000000;0.000000;0.000000
0.000000;0.000000;0.000000;0.000000;0.000000;0.000000;0.000000;0.000000
0.000000;0.000000;0.000000;0.000000;0.000000;0.000000;0.000000;0.000000
0.000000;0.000000;0.000000;0.000000;0.000000;0.000000;0.000000;0.000000
0.000000;0.000000;0.000000;0.000000;0.000000;0.000000;0.000000;0.000000
0.000000;0.000000;0.000000;0.000000;0.000000;0.000000;0.000000;0.000000
0.000000;0.000000;0.000000;0.000000;0.000000;0.000000;0.000000;0.000000
0.000000;0.000000;0.000000;0.000000;0.000000;0.000000;0.000000;0.000000
0.000000;0.000000;0.000000;0.000000;0.000000;0.000000;0.000000;0.000000
0.000000;0.000000;0.000000;0.000000;0.000000;0.000000;0.000000;0.000000
0.000000;0.000000;0.000000;0.000000;0.000000;0.000000;0.000000;0.000000
0.000000;0.000000;0.000000;0.000000;0.000000;0.000000;0.000000;0.000000
0.000000;0.000000;0.000000;0.000000;0.000000;0.000000;0.000000;0.000000
0.000000;0.000000;0.000000;0.000000;0.000000;0.000000;0.000000;0.000000
0.000000;0.000000;0.000000;0.000000;0.000000;0.000000;0.000000;0.000000
0.000000;0.000000;0.000000;0.000000;0.000000;0.000000;0.000000;0.000000
0.000000;0.000000;0.000000;0.000000;0.000000;0.000000;0.000000;0.000000
0.000000;0.000000;0.000000;0.000000;0.000000;0.000000;0.000000;0.000000
0.000000;0.000000;0.000000;0.000000;0.000000;0.000000;0.000000;0.000000
0.000000;0.000000;0.000000;0.000000;0.000000;0.000000;0.000000;0.000000
0.000000;0.000000;0.000000;0.000000;0.000000;0.000000;0.000000;0.000000
0.000000;0.000000;0.000000;0.000000;0.000000;0.000000;0.000000;0.000000
0.000000;0.000000;0.000000;0.000000;0.000000;0.000000;0.000000;0.000000
0.000000;0.000000;0.000000;0.000000;0.000000;0.000000;0.000000;0.000000
0.000000;0.000000;0.000000;0.000000;0.000000;0.000000;0.000000;0.000000
0.000000;0.000000;0.000000;0.000000;0.000000;0.000000;0.000000;0.000000
0.000000;0.000000;0.000000;0.000000;0.000000;0.000000;0.000000;0.000000
0.000000;0.000000;0.000000;0.000000;0.000000;0.000000;0.000000;0.000000
0.000000;0.000000;0.000000;0.000000;0.000000;0.000000;0.000000;0.000000
0.000000;0.000000;0.000000;0.000000;0.000000;0.000000;0.000000;0.000000
0.000000;0.000000;0.000000;0.000000;0.000000;0.000000;0.000000;0.000000
0.000000;0.000000;0.000000;0.000000;0.000000;0.000000;0.000000;0.000000
0.000000;0.000000;0.000000;0.000000;0.000000;0.000000;0.000000;0.000000
0.000000;0.000000;0.000000;0.000000;0.000000;0.000000;0.000000;0.000000
0.000000;0.000000;0.000000;0.000000;0.000000;0.000000;0.000000;0.000000
0.000000;0.000000;0.000000;0.000000;0.000000;0.000000;0.000000;0.000000
0.000000;0.000000;0.000000;0.000000;0.000000;0.000000;0.000000;0.000000
0.000000;0.000000;0.000000;0.000000;0.000000;0.000000;0.000000;0.000000
0.000000;0.000000;0.000000;0.000000;0.000000;0.000000;0.000000;0.000000
0.000000;0.000000;0.000000;0.000000;0.000000;0.000000;0.000000;0.000000
0.000000;0.000000;0.000000;0.000000;0.000000;0.000000;0.000000;0.000000
0.000000;0.000000;0.000000;0.000000;0.000000;0.000000;0.000000;0.000000
0.000000;0.000000;0.000000;0.000000;0.000000;0.000000;0.000000;0.000000
0.000000;0.000000;0.000000;0.000000;0.000000;0.000000;0.000000;0.000000
0.000000;0.000000;0.000000;0.000000;0.000000;0.000000;0.000000;0.000000
0.000000;0.000000;0.000000;0.000000;0.000000;0.000000;0.000000;0.000000
0.000000;0.000000;0.000000;0.000000;0.000000;0.000000;0.000000;0.000000
0.000000;0.000000;0.000000;0.000000;0.000000;0.000000;0.000000;0.000000
0.000000;0.000000;0.000000;0.000000;0.000000;0.000000;0.000000;0.000000
0.000000;0.000000;0.000000;0.000000;0.000000;0.000000;0.000000;0.000000
0.000000;0.000000;0.000000;0.000000;0.000000;0.000000;0.000000;0.000000
0.000000;0.000000;0.000000;0.000000;0.000000;0.000000;0.000000;0.000000
0.000000;0.000000;0.000000;0.000000;0.000000;0.000000;0.000000;0.000000
0.000000;0.000000;0.000000;0.000000;0.000000;0.000000;0.000000;0.000000
0.000000;0.000000;0.000000;0.000000;0.000000;0.000000;0.000000;0.000000
0.000000;0.000000;0.000000;0.000000;0.000000;0.000000;0.000000;0.000000
0.000000;0.000000;0.000000;0.000000;0.000000;0.000000;0.000000;0.000000
0.000000;0.000000;0.000000;0.000000;0.000000;0.000000;0.000000;0.000000
0.000000;0.000000;0.000000;0.000000;0.000000;0.000000;0.000000;0.000000
0.000000;0.000000;0.000000;0.000000;0.000000;0.000000;0.000000;0.000000
0.000000;0.000000;0.000000;0.000000;0.000000;0.000000;0.000000;0.000000
0.000000;0.000000;0.000000;0.000000;0.000000;0.000000;0.000000;0.000000
0.000000;0.000000;0.000000;0.000000;0.000000;0.000000;0.000000;0.000000
0.000000;0.000000;0.000000;0.000000;0.000000;0.000000;0.000000;0.000000
0.000000;0.000000;0.000000;0.000000;0.000000;0.000000;0.000000;0.000000
0.000000;0.000000;0.000000;0.000000;0.000000;0.000000;0.000000;0.000000
0.000000;0.000000;0.000000;0.000000;0.000000;0.000000;0.000000;0.000000
0.000000;0.000000;0.000000;0.000000;0.000000;0.000000;0.000000;0.000000
0.000000;0.000000;0.000000;0.000000;0.000000;0.000000;0.000000;0.000000
0.000000;0.000000;0.000000;0.000000;0.000000;0.000000;0.000000;0.000000
0.000000;0.000000;0.000000;0.000000;0.000000;0.000000;0.000000;0.000000
0.000000;0.000000;0.000000;0.000000;0.000000;0.000000;0.000000;0.000000
0.000000;0.000000;0.000000;0.000000;0.000000;0.000000;0.000000;0.000000
0.000000;0.000000;0.000000;0.000000;0.000000;0.000000;0.000000;0.000000
0.000000;0.000000;0.000000;0.000000;0.000000;0.000000;0.000000;0.000000
0.000000;0.000000;0.000000;0.000000;0.000000;0.000000;0.000000;0.000000
0.000000;0.000000;0.000000;0.000000;0.000000;0.000000;0.000000;0.000000
0.000000;0.000000;0.000000;0.000000;0.000000;0.000000;0.000000;0.000000
0.000000;0.000000;0.000000;0.000000;0.000000;0.000000;0.000000;0.000000
0.000000;0.000000;0.000000;0.000000;0.000000;0.000000;0.000000;0.000000
0.000000;0.000000;0.000000;0.000000;0.000000;0.000000;0.000000;0.000000
0.000000;0.000000;0.000000;0.000000;0.000000;0.000000;0.000000;0.000000
0.000000;0.000000;0.000000;0.000000;0.000000;0.000000;0.000000;0.000000
0.000000;0.000000;0.000000;0.000000;0.000000;0.000000;0.000000;0.000000
0.000000;0.000000;0.000000;0.000000;0.000000;0.000000;0.000000;0.000000
0.000000;0.000000;0.000000;0.000000;0.000000;0.000000;0.000000;0.000000
0.000000;0.000000;0.000000;0.000000;0.000000;0.000000;0.000000;0.000000
0.000000;0.000000;0.000000;0.000000;0.000000;0.000000;0.000000;0.000000
0.000000;0.000000;0.000000;0.000000;0.000000;0.000000;0.000000;0.000000
0.000000;0.000000;0.000000;0.000000;0.000000;0.000000;0.000000;0.000000
0.000000;0.000000;0.000000;0.000000;0.000000;0.000000;0.000000;0.000000
0.000000;0.000000;0.000000;0.000000;0.000000;0.000000;0.000000;0.000000
0.000000;0.000000;0.000000;0.000000;0.000000;0.000000;0.000000;0.000000
0.000000;0.000000;0.000000;0.000000;0.000000;0.000000;0.000000;0.000000
0.000000;0.000000;0.000000;0.000000;0.000000;0.000000;0.000000;0.000000
0.000000;0.000000;0.000000;0.000000;0.000000;0.000000;0.000000;0.000000
0.000000;0.000000;0.000000;0.000000;0.000000;0.000000;0.000000;0.000000
0.000000;0.000000;0.000000;0.000000;0.000000;0.000000;0.000000;0.000000
0.000000;0.000000;0.000000;0.000000;0.000000;0.000000;0.000000;0.000000
0.000000;0.000000;0.000000;0.000000;0.000000;0.000000;0.000000;0.000000
0.000000;0.000000;0.000000;0.000000;0.000000;0.000000;0.000000;0.000000
0.000000;0.000000;0.000000;0.000000;0.000000;0.000000;0.000000;0.000000
0.000000;0.000000;0.000000;0.000000;0.000000;0.000000;0.000000;0.000000
0.000000;0.000000;0.000000;0.000000;0.000000;0.000000;0.000000;0.000000
0.000000;0.000000;0.000000;0.000000;0.000000;0.000000;0.000000;0.000000
0.000000;0.000000;0.000000;0.000000;0.000000;0.000000;0.000000;0.000000
0.000000;0.000000;0.000000;0.000000;0.000000;0.000000;0.000000;0.000000
0.000000;0.000000;0.000000;0.000000;0.000000;0.000000;0.000000;0.000000
0.000000;0.000000;0.000000;0.000000;0.000000;0.000000;0.000000;0.000000
0.000000;0.000000;0.000000;0.000000;0.000000;0.000000;0.000000;0.000000
0.000000;0.000000;0.000000;0.000000;0.000000;0.000000;0.000000;0.000000
0.000000;0.000000;0.000000;0.000000;0.000000;0.000000;0.000000;0.000000
0.000000;0.000000;0.000000;0.000000;0.000000;0.000000;0.000000;0.000000
0.000000;0.000000;0.000000;0.000000;0.000000;0.000000;0.000000;0.000000
0.000000;0.000000;0.000000;0.000000;0.000000;0.000000;0.000000;0.000000
0.000000;0.000000;0.000000;0.000000;0.000000;0.000000;0.000000;0.000000
0.000000;0.000000;0.000000;0.000000;0.000000;0.000000;0.000000;0.000000
0.000000;0.000000;0.000000;0.000000;0.000000;0.000000;0.000000;0.000000
0.000000;0.000000;0.000000;0.000000;0.000000;0.000000;0.000000;0.000000
0.000000;0.000000;0.000000;0.000000;0.000000;0.000000;0.000000;0.000000
0.000000;0.000000;0.000000;0.000000;0.000000;0.000000;0.000000;0.000000
0.000000;0.000000;0.000000;0.000000;0.000000;0.000000;0.000000;0.000000
0.000000;0.000000;0.000000;0.000000;0.000000;0.000000;0.000000;0.000000
0.000000;0.000000;0.000000;0.000000;0.000000;0.000000;0.000000;0.000000
0.000000;0.000000;0.000000;0.000000;0.000000;0.000000;0.000000;0.000000
0.000000;0.000000;0.000000;0.000000;0.000000;0.000000;0.000000;0.000000
0.000000;0.000000;0.000000;0.000000;0.000000;0.000000;0.000000;0.000000
0.000000;0.000000;0.000000;0.000000;0.000000;0.000000;0.000000;0.000000
0.000000;0.000000;0.000000;0.000000;0.000000;0.000000;0.000000;0.000000
0.000000;0.000000;0.000000;0.000000;0.000000;0.000000;0.000000;0.000000
0.000000;0.000000;0.000000;0.000000;0.000000;0.000000;0.000000;0.000000
0.000000;0.000000;0.000000;0.000000;0.000000;0.000000;0.000000;0.000000
0.000000;0.000000;0.000000;0.000000;0.000000;0.000000;0.000000;0.000000
0.000000;0.000000;0.000000;0.000000;0.000000;0.000000;0.000000;0.000000
0.000000;0.000000;0.000000;0.000000;0.000000;0.000000;0.000000;0.000000
0.000000;0.000000;0.000000;0.000000;0.000000;0.000000;0.000000;0.000000
0.000000;0.000000;0.000000;0.000000;0.000000;0.000000;0.000000;0.000000
0.000000;0.000000;0.000000;0.000000;0.000000;0.000000;0.000000;0.000000
0.000000;0.000000;0.000000;0.000000;0.000000;0.000000;0.000000;0.000000
0.000000;0.000000;0.000000;0.000000;0.000000;0.000000;0.000000;0.000000
0.000000;0.000000;0.000000;0.000000;0.000000;0.000000;0.000000;0.000000
0.000000;0.000000;0.000000;0.000000;0.000000;0.000000;0.000000;0.000000
0.000000;0.000000;0.000000;0.000000;0.000000;0.000000;0.000000;0.000000
0.000000;0.000000;0.000000;0.000000;0.000000;0.000000;0.000000;0.000000
0.000000;0.000000;0.000000;0.000000;0.000000;0.000000;0.000000;0.000000
0.000000;0.000000;0.000000;0.000000;0.000000;0.000000;0.000000;0.000000
0.000000;0.000000;0.000000;0.000000;0.000000;0.000000;0.000000;0.000000
0.000000;0.000000;0.000000;0.000000;0.000000;0.000000;0.000000;0.000000
0.000000;0.000000;0.000000;0.000000;0.000000;0.000000;0.000000;0.000000
0.000000;0.000000;0.000000;0.000000;0.000000;0.000000;0.000000;0.000000
0.000000;0.000000;0.000000;0.000000;0.000000;0.000000;0.000000;0.000000
0.000000;0.000000;0.000000;0.000000;0.000000;0.000000;0.000000;0.000000
0.000000;0.000000;0.000000;0.000000;0.000000;0.000000;0.000000;0.000000
0.000000;0.000000;0.000000;0.000000;0.000000;0.000000;0.000000;0.000000
0.000000;0.000000;0.000000;0.000000;0.000000;0.000000;0.000000;0.000000
0.000000;0.000000;0.000000;0.000000;0.000000;0.000000;0.000000;0.000000
0.000000;0.000000;0.000000;0.000000;0.000000;0.000000;0.000000;0.000000
0.000000;0.000000;0.000000;0.000000;0.000000;0.000000;0.000000;0.000000
0.000000;0.000000;0.000000;0.000000;0.000000;0.000000;0.000000;0.000000
0.000000;0.000000;0.000000;0.000000;0.000000;0.000000;0.000000;0.000000
0.000000;0.000000;0.000000;0.000000;0.000000;0.000000;0.000000;0.000000
0.000000;0.000000;0.000000;0.000000;0.000000;0.000000;0.000000;0.000000
0.000000;0.000000;0.000000;0.000000;0.000000;0.000000;0.000000;0.000000
0.000000;0.000000;0.000000;0.000000;0.000000;0.000000;0.000000;0.000000
0.000000;0.000000;0.000000;0.000000;0.000000;0.000000;0.000000;0.000000
0.000000;0.000000;0.000000;0.000000;0.000000;0.000000;0.000000;0.000000
0.000000;0.000000;0.000000;0.000000;0.000000;0.000000;0.000000;0.000000
0.000000;0.000000;0.000000;0.000000;0.000000;0.000000;0.000000;0.000000
0.000000;0.000000;0.000000;0.000000;0.000000;0.000000;0.000000;0.000000
0.000000;0.000000;0.000000;0.000000;0.000000;0.000000;0.000000;0.000000
0.000000;0.000000;0.000000;0.000000;0.000000;0.000000;0.000000;0.000000
0.000000;0.000000;0.000000;0.000000;0.000000;0.000000;0.000000;0.000000
0.000000;0.000000;0.000000;0.000000;0.000000;0.000000;0.000000;0.000000
0.000000;0.000000;0.000000;0.000000;0.000000;0.000000;0.000000;0.000000
0.000000;0.000000;0.000000;0.000000;0.000000;0.000000;0.000000;0.000000
0.000000;0.000000;0.000000;0.000000;0.000000;0.000000;0.000000;0.000000
0.000000;0.000000;0.000000;0.000000;0.000000;0.000000;0.000000;0.000000
0.000000;0.000000;0.000000;0.000000;0.000000;0.000000;0.000000;0.000000
0.000000;0.000000;0.000000;0.000000;0.000000;0.000000;0.000000;0.000000
0.000000;0.000000;0.000000;0.000000;0.000000;0.000000;0.000000;0.000000
0.000000;0.000000;0.000000;0.000000;0.000000;0.000000;0.000000;0.000000
0.000000;0.000000;0.000000;0.000000;0.000000;0.000000;0.000000;0.000000
0.000000;0.000000;0.000000;0.000000;0.000000;0.000000;0.000000;0.000000
0.000000;0.000000;0.000000;0.000000;0.000000;0.000000;0.000000;0.000000
0.000000;0.000000;0.000000;0.000000;0.000000;0.000000;0.000000;0.000000
0.000000;0.000000;0.000000;0.000000;0.000000;0.000000;0.000000;0.000000
0.000000;0.000000;0.000000;0.000000;0.000000;0.000000;0.000000;0.000000
0.000000;0.000000;0.000000;0.000000;0.000000;0.000000;0.000000;0.000000
0.000000;0.000000;0.000000;0.000000;0.000000;0.000000;0.000000;0.000000
0.000000;0.000000;0.000000;0.000000;0.000000;0.000000;0.000000;0.000000
0.000000;0.000000;0.000000;0.000000;0.000000;0.000000;0.000000;0.000000
0.000000;0.000000;0.000000;0.000000;0.000000;0.000000;0.000000;0.000000
0.000000;0.000000;0.000000;0.000000;0.000000;0.000000;0.000000;0.000000
0.000000;0.000000;0.000000;0.000000;0.000000;0.000000;0.000000;0.000000
0.000000;0.000000;0.000000;0.000000;0.000000;0.000000;0.000000;0.000000
0.000000;0.000000;0.000000;0.000000;0.000000;0.000000;0.000000;0.000000
0.000000;0.000000;0.000000;0.000000;0.000000;0.000000;0.000000;0.000000
0.000000;0.000000;0.000000;0.000000;0.000000;0.000000;0.000000;0.000000
0.000000;0.000000;0.000000;0.000000;0.000000;0.000000;0.000000;0.000000
0.000000;0.000000;0.000000;0.000000;0.000000;0.000000;0.000000;0.000000
0.000000;0.000000;0.000000;0.000000;0.000000;0.000000;0.000000;0.000000
0.000000;0.000000;0.000000;0.000000;0.000000;0.000000;0.000000;0.000000
0.000000;0.000000;0.000000;0.000000;0.000000;0.000000;0.000000;0.000000
0.000000;0.000000;0.000000;0.000000;0.000000;0.000000;0.000000;0.000000
0.000000;0.000000;0.000000;0.000000;0.000000;0.000000;0.000000;0.000000
0.000000;0.000000;0.000000;0.000000;0.000000;0.000000;0.000000;0.000000
0.000000;0.000000;0.000000;0.000000;0.000000;0.000000;0.000000;0.000000
0.000000;0.000000;0.000000;0.000000;0.000000;0.000000;0.000000;0.000000
0.000000;0.000000;0.000000;0.000000;0.000000;0.000000;0.000000;0.000000
0.000000;0.000000;0.000000;0.000000;0.000000;0.000000;0.000000;0.000000
0.000000;0.000000;0.000000;0.000000;0.000000;0.000000;0.000000;0.000000
0.000000;0.000000;0.000000;0.000000;0.000000;0.000000;0.000000;0.000000
0.000000;0.000000;0.000000;0.000000;0.000000;0.000000;0.000000;0.000000
0.000000;0.000000;0.000000;0.000000;0.000000;0.000000;0.000000;0.000000
0.000000;0.000000;0.000000;0.000000;0.000000;0.000000;0.000000;0.000000
0.000000;0.000000;0.000000;0.000000;0.000000;0.000000;0.000000;0.000000
0.000000;0.000000;0.000000;0.000000;0.000000;0.000000;0.000000;0.000000
0.000000;0.000000;0.000000;0.000000;0.000000;0.000000;0.000000;0.000000
0.000000;0.000000;0.000000;0.000000;0.000000;0.000000;0.000000;0.000000
0.000000;0.000000;0.000000;0.000000;0.000000;0.000000;0.000000;0.000000
0.000000;0.000000;0.000000;0.000000;0.000000;0.000000;0.000000;0.000000
0.000000;0.000000;0.000000;0.000000;0.000000;0.000000;0.000000;0.000000
0.000000;0.000000;0.000000;0.000000;0.000000;0.000000;0.000000;0.000000
0.000000;0.000000;0.000000;0.000000;0.000000;0.000000;0.000000;0.000000
0.000000;0.000000;0.000000;0.000000;0.000000;0.000000;0.000000;0.000000
0.000000;0.000000;0.000000;0.000000;0.000000;0.000000;0.000000;0.000000
0.000000;0.000000;0.000000;0.000000;0.000000;0.000000;0.000000;0.000000
0.000000;0.000000;0.000000;0.000000;0.000000;0.000000;0.000000;0.000000
0.000000;0.000000;0.000000;0.000000;0.000000;0.000000;0.000000;0.000000
0.000000;0.000000;0.000000;0.000000;0.000000;0.000000;0.000000;0.000000
0.000000;0.000000;0.000000;0.000000;0.000000;0.000000;0.000000;0.000000
0.000000;0.000000;0.000000;0.000000;0.000000;0.000000;0.000000;0.000000
0.000000;0.000000;0.000000;0.000000;0.000000;0.000000;0.000000;0.000000
0.000000;0.000000;0.000000;0.000000;0.000000;0.000000;0.000000;0.000000
0.000000;0.000000;0.000000;0.000000;0.000000;0.000000;0.000000;0.000000
0.000000;0.000000;0.000000;0.000000;0.000000;0.000000;0.000000;0.000000
0.000000;0.000000;0.000000;0.000000;0.000000;0.000000;0.000000;0.000000
0.000000;0.000000;0.000000;0.000000;0.000000;0.000000;0.000000;0.000000
0.000000;0.000000;0.000000;0.000000;0.000000;0.000000;0.000000;0.000000
0.000000;0.000000;0.000000;0.000000;0.000000;0.000000;0.000000;0.000000
0.000000;0.000000;0.000000;0.000000;0.000000;0.000000;0.000000;0.000000
0.000000;0.000000;0.000000;0.000000;0.000000;0.000000;0.000000;0.000000
0.000000;0.000000;0.000000;0.000000;0.000000;0.000000;0.000000;0.000000
0.000000;0.000000;0.000000;0.000000;0.000000;0.000000;0.000000;0.000000
0.000000;0.000000;0.000000;0.000000;0.000000;0.000000;0.000000;0.000000
0.000000;0.000000;0.000000;0.000000;0.000000;0.000000;0.000000;0.000000
0.000000;0.000000;0.000000;0.000000;0.000000;0.000000;0.000000;0.000000
0.000000;0.000000;0.000000;0.000000;0.000000;0.000000;0.000000;0.000000
0.000000;0.000000;0.000000;0.000000;0.000000;0.000000;0.000000;0.000000
0.000000;0.000000;0.000000;0.000000;0.000000;0.000000;0.000000;0.000000
0.000000;0.000000;0.000000;0.000000;0.000000;0.000000;0.000000;0.000000
0.000000;0.000000;0.000000;0.000000;0.000000;0.000000;0.000000;0.000000
0.000000;0.000000;0.000000;0.000000;0.000000;0.000000;0.000000;0.000000
0.000000;0.000000;0.000000;0.000000;0.000000;0.000000;0.000000;0.000000
0.000000;0.000000;0.000000;0.000000;0.000000;0.000000;0.000000;0.000000
0.000000;0.000000;0.000000;0.000000;0.000000;0.000000;0.000000;0.000000
0.000000;0.000000;0.000000;0.000000;0.000000;0.000000;0.000000;0.000000
0.000000;0.000000;0.000000;0.000000;0.000000;0.000000;0.000000;0.000000
0.000000;0.000000;0.000000;0.000000;0.000000;0.000000;0.000000;0.000000
0.000000;0.000000;0.000000;0.000000;0.000000;0.000000;0.000000;0.000000
0.000000;0.000000;0.000000;0.000000;0.000000;0.000000;0.000000;0.000000
0.000000;0.000000;0.000000;0.000000;0.000000;0.000000;0.000000;0.000000
0.000000;0.000000;0.000000;0.000000;0.000000;0.000000;0.000000;0.000000
0.000000;0.000000;0.000000;0.000000;0.000000;0.000000;0.000000;0.000000
0.000000;0.000000;0.000000;0.000000;0.000000;0.000000;0.000000;0.000000
0.000000;0.000000;0.000000;0.000000;0.000000;0.000000;0.000000;0.000000
0.000000;0.000000;0.000000;0.000000;0.000000;0.000000;0.000000;0.000000
0.000000;0.000000;0.000000;0.000000;0.000000;0.000000;0.000000;0.000000
0.000000;0.000000;0.000000;0.000000;0.000000;0.000000;0.000000;0.000000
0.000000;0.000000;0.000000;0.000000;0.000000;0.000000;0.000000;0.000000
0.000000;0.000000;0.000000;0.000000;0.000000;0.000000;0.000000;0.000000
0.000000;0.000000;0.000000;0.000000;0.000000;0.000000;0.000000;0.000000
0.000000;0.000000;0.000000;0.000000;0.000000;0.000000;0.000000;0.000000
0.000000;0.000000;0.000000;0.000000;0.000000;0.000000;0.000000;0.000000
0.000000;0.000000;0.000000;0.000000;0.000000;0.000000;0.000000;0.000000
0.000000;0.000000;0.000000;0.000000;0.000000;0.000000;0.000000;0.000000
0.000000;0.000000;0.000000;0.000000;0.000000;0.000000;0.000000;0.000000
0.000000;0.000000;0.000000;0.000000;0.000000;0.000000;0.000000;0.000000
0.000000;0.000000;0.000000;0.000000;0.000000;0.000000;0.000000;0.000000
0.000000;0.000000;0.000000;0.000000;0.000000;0.000000;0.000000;0.000000
0.000000;0.000000;0.000000;0.000000;0.000000;0.000000;0.000000;0.000000
0.000000;0.000000;0.000000;0.000000;0.000000;0.000000;0.000000;0.000000
0.000000;0.000000;0.000000;0.000000;0.000000;0.000000;0.000000;0.000000
0.000000;0.000000;0.000000;0.000000;0.000000;0.000000;0.000000;0.000000
0.000000;0.000000;0.000000;0.000000;0.000000;0.000000;0.000000;0.000000
0.000000;0.000000;0.000000;0.000000;0.000000;0.000000;0.000000;0.000000
0.000000;0.000000;0.000000;0.000000;0.000000;0.000000;0.000000;0.000000
0.000000;0.000000;0.000000;0.000000;0.000000;0.000000;0.000000;0.000000
0.000000;0.000000;0.000000;0.000000;0.000000;0.000000;0.000000;0.000000
0.000000;0.000000;0.000000;0.000000;0.000000;0.000000;0.000000;0.000000
0.000000;0.000000;0.000000;0.000000;0.000000;0.000000;0.000000;0.000000
0.000000;0.000000;0.000000;0.000000;0.000000;0.000000;0.000000;0.000000
0.000000;0.000000;0.000000;0.000000;0.000000;0.000000;0.000000;0.000000
0.000000;0.000000;0.000000;0.000000;0.000000;0.000000;0.000000;0.000000
0.000000;0.000000;0.000000;0.000000;0.000000;0.000000;0.000000;0.000000
0.000000;0.000000;0.000000;0.000000;0.000000;0.000000;0.000000;0.000000
0.000000;0.000000;0.000000;0.000000;0.000000;0.000000;0.000000;0.000000
0.000000;0.000000;0.000000;0.000000;0.000000;0.000000;0.000000;0.000000
0.000000;0.000000;0.000000;0.000000;0.000000;0.000000;0.000000;0.000000
0.000000;0.000000;0.000000;0.000000;0.000000;0.000000;0.000000;0.000000
0.000000;0.000000;0.000000;0.000000;0.000000;0.000000;0.000000;0.000000
0.000000;0.000000;0.000000;0.000000;0.000000;0.000000;0.000000;0.000000
0.000000;0.000000;0.000000;0.000000;0.000000;0.000000;0.000000;0.000000
0.000000;0.000000;0.000000;0.000000;0.000000;0.000000;0.000000;0.000000
0.000000;0.000000;0.000000;0.000000;0.000000;0.000000;0.000000;0.000000
0.000000;0.000000;0.000000;0.000000;0.000000;0.000000;0.000000;0.000000
0.000000;0.000000;0.000000;0.000000;0.000000;0.000000;0.000000;0.000000
0.000000;0.000000;0.000000;0.000000;0.000000;0.000000;0.000000;0.000000
0.000000;0.000000;0.000000;0.000000;0.000000;0.000000;0.000000;0.000000
0.000000;0.000000;0.000000;0.000000;0.000000;0.000000;0.000000;0.000000
0.000000;0.000000;0.000000;0.000000;0.000000;0.000000;0.000000;0.000000
0.000000;0.000000;0.000000;0.000000;0.000000;0.000000;0.000000;0.000000
0.000000;0.000000;0.000000;0.000000;0.000000;0.000000;0.000000;0.000000
0.000000;0.000000;0.000000;0.000000;0.000000;0.000000;0.000000;0.000000
0.000000;0.000000;0.000000;0.000000;0.000000;0.000000;0.000000;0.000000
0.000000;0.000000;0.000000;0.000000;0.000000;0.000000;0.000000;0.000000
0.000000;0.000000;0.000000;0.000000;0.000000;0.000000;0.000000;0.000000
0.000000;0.000000;0.000000;0.000000;0.000000;0.000000;0.000000;0.000000
0.000000;0.000000;0.000000;0.000000;0.000000;0.000000;0.000000;0.000000
0.000000;0.000000;0.000000;0.000000;0.000000;0.000000;0.000000;0.000000
0.000000;0.000000;0.000000;0.000000;0.000000;0.000000;0.000000;0.000000
0.000000;0.000000;0.000000;0.000000;0.000000;0.000000;0.000000;0.000000
0.000000;0.000000;0.000000;0.000000;0.000000;0.000000;0.000000;0.000000
0.000000;0.000000;0.000000;0.000000;0.000000;0.000000;0.000000;0.000000
0.000000;0.000000;0.000000;0.000000;0.000000;0.000000;0.000000;0.000000
0.000000;0.000000;0.000000;0.000000;0.000000;0.000000;0.000000;0.000000
0.000000;0.000000;0.000000;0.000000;0.000000;0.000000;0.000000;0.000000
0.000000;0.000000;0.000000;0.000000;0.000000;0.000000;0.000000;0.000000
0.000000;0.000000;0.000000;0.000000;0.000000;0.000000;0.000000;0.000000
0.000000;0.000000;0.000000;0.000000;0.000000;0.000000;0.000000;0.000000
0.000000;0.000000;0.000000;0.000000;0.000000;0.000000;0.000000;0.000000
0.000000;0.000000;0.000000;0.000000;0.000000;0.000000;0.000000;0.000000
0.000000;0.000000;0.000000;0.000000;0.000000;0.000000;0.000000;0.000000
0.000000;0.000000;0.000000;0.000000;0.000000;0.000000;0.000000;0.000000
0.000000;0.000000;0.000000;0.000000;0.000000;0.000000;0.000000;0.000000
0.000000;0.000000;0.000000;0.000000;0.000000;0.000000;0.000000;0.000000
0.000000;0.000000;0.000000;0.000000;0.000000;0.000000;0.000000;0.000000
0.000000;0.000000;0.000000;0.000000;0.000000;0.000000;0.000000;0.000000
0.000000;0.000000;0.000000;0.000000;0.000000;0.000000;0.000000;0.000000
0.000000;0.000000;0.000000;0.000000;0.000000;0.000000;0.000000;0.000000
0.000000;0.000000;0.000000;0.000000;0.000000;0.000000;0.000000;0.000000
0.000000;0.000000;0.000000;0.000000;0.000000;0.000000;0.000000;0.000000
0.000000;0.000000;0.000000;0.000000;0.000000;0.000000;0.000000;0.000000
0.000000;0.000000;0.000000;0.000000;0.000000;0.000000;0.000000;0.000000
0.000000;0.000000;0.000000;0.000000;0.000000;0.000000;0.000000;0.000000
0.000000;0.000000;0.000000;0.000000;0.000000;0.000000;0.000000;0.000000
0.000000;0.000000;0.000000;0.000000;0.000000;0.000000;0.000000;0.000000
0.000000;0.000000;0.000000;0.000000;0.000000;0.000000;0.000000;0.000000
0.000000;0.000000;0.000000;0.000000;0.000000;0.000000;0.000000;0.000000
0.000000;0.000000;0.000000;0.000000;0.000000;0.000000;0.000000;0.000000
0.000000;0.000000;0.000000;0.000000;0.000000;0.000000;0.000000;0.000000
0.000000;0.000000;0.000000;0.000000;0.000000;0.000000;0.000000;0.000000
0.000000;0.000000;0.000000;0.000000;0.000000;0.000000;0.000000;0.000000
0.000000;0.000000;0.000000;0.000000;0.000000;0.000000;0.000000;0.000000
0.000000;0.000000;0.000000;0.000000;0.000000;0.000000;0.000000;0.000000
0.000000;0.000000;0.000000;0.000000;0.000000;0.000000;0.000000;0.000000
0.000000;0.000000;0.000000;0.000000;0.000000;0.000000;0.000000;0.000000
0.000000;0.000000;0.000000;0.000000;0.000000;0.000000;0.000000;0.000000
0.000000;0.000000;0.000000;0.000000;0.000000;0.000000;0.000000;0.000000
0.000000;0.000000;0.000000;0.000000;0.000000;0.000000;0.000000;0.000000
0.000000;0.000000;0.000000;0.000000;0.000000;0.000000;0.000000;0.000000
0.000000;0.000000;0.000000;0.000000;0.000000;0.000000;0.000000;0.000000
0.000000;0.000000;0.000000;0.000000;0.000000;0.000000;0.000000;0.000000
0.000000;0.000000;0.000000;0.000000;0.000000;0.000000;0.000000;0.000000
0.000000;0.000000;0.000000;0.000000;0.000000;0.000000;0.000000;0.000000
0.000000;0.000000;0.000000;0.000000;0.000000;0.000000;0.000000;0.000000
0.000000;0.000000;0.000000;0.000000;0.000000;0.000000;0.000000;0.000000
0.000000;0.000000;0.000000;0.000000;0.000000;0.000000;0.000000;0.000000
0.000000;0.000000;0.000000;0.000000;0.000000;0.000000;0.000000;0.000000
0.000000;0.000000;0.000000;0.000000;0.000000;0.000000;0.000000;0.000000
0.000000;0.000000;0.000000;0.000000;0.000000;0.000000;0.000000;0.000000
0.000000;0.000000;0.000000;0.000000;0.000000;0.000000;0.000000;0.000000
0.000000;0.000000;0.000000;0.000000;0.000000;0.000000;0.000000;0.000000
0.000000;0.000000;0.000000;0.000000;0.000000;0.000000;0.000000;0.000000
0.000000;0.000000;0.000000;0.000000;0.000000;0.000000;0.000000;0.000000
0.000000;0.000000;0.000000;0.000000;0.000000;0.000000;0.000000;0.000000
0.000000;0.000000;0.000000;0.000000;0.000000;0.000000;0.000000;0.000000
0.000000;0.000000;0.000000;0.000000;0.000000;0.000000;0.000000;0.000000
0.000000;0.000000;0.000000;0.000000;0.000000;0.000000;0.000000;0.000000
0.000000;0.000000;0.000000;0.000000;0.000000;0.000000;0.000000;0.000000
0.000000;0.000000;0.000000;0.000000;0.000000;0.000000;0.000000;0.000000
0.000000;0.000000;0.000000;0.000000;0.000000;0.000000;0.000000;0.000000
0.000000;0.000000;0.000000;0.000000;0.000000;0.000000;0.000000;0.000000
0.000000;0.000000;0.000000;0.000000;0.000000;0.000000;0.000000;0.000000
0.000000;0.000000;0.000000;0.000000;0.000000;0.000000;0.000000;0.000000
0.000000;0.000000;0.000000;0.000000;0.000000;0.000000;0.000000;0.000000
0.000000;0.000000;0.000000;0.000000;0.000000;0.000000;0.000000;0.000000
0.000000;0.000000;0.000000;0.000000;0.000000;0.000000;0.000000;0.000000
0.000000;0.000000;0.000000;0.000000;0.000000;0.000000;0.000000;0.000000
0.000000;0.000000;0.000000;0.000000;0.000000;0.000000;0.000000;0.000000
0.000000;0.000000;0.000000;0.000000;0.000000;0.000000;0.000000;0.000000
0.000000;0.000000;0.000000;0.000000;0.000000;0.000000;0.000000;0.000000
0.000000;0.000000;0.000000;0.000000;0.000000;0.000000;0.000000;0.000000
0.000000;0.000000;0.000000;0.000000;0.000000;0.000000;0.000000;0.000000
0.000000;0.000000;0.000000;0.000000;0.000000;0.000000;0.000000;0.000000
0.000000;0.000000;0.000000;0.000000;0.000000;0.000000;0.000000;0.000000
0.000000;0.000000;0.000000;0.000000;0.000000;0.000000;0.000000;0.000000
0.000000;0.000000;0.000000;0.000000;0.000000;0.000000;0.000000;0.000000
0.000000;0.000000;0.000000;0.000000;0.000000;0.000000;0.000000;0.000000
0.000000;0.000000;0.000000;0.000000;0.000000;0.000000;0.000000;0.000000
0.000000;0.000000;0.000000;0.000000;0.000000;0.000000;0.000000;0.000000
0.000000;0.000000;0.000000;0.000000;0.000000;0.000000;0.000000;0.000000
0.000000;0.000000;0.000000;0.000000;0.000000;0.000000;0.000000;0.000000
0.000000;0.000000;0.000000;0.000000;0.000000;0.000000;0.000000;0.000000
0.000000;0.000000;0.000000;0.000000;0.000000;0.000000;0.000000;0.000000
0.000000;0.000000;0.000000;0.000000;0.000000;0.000000;0.000000;0.000000
0.000000;0.000000;0.000000;0.000000;0.000000;0.000000;0.000000;0.000000
0.000000;0.000000;0.000000;0.000000;0.000000;0.000000;0.000000;0.000000
0.000000;0.000000;0.000000;0.000000;0.000000;0.000000;0.000000;0.000000
0.000000;0.000000;0.000000;0.000000;0.000000;0.000000;0.000000;0.000000
0.000000;0.000000;0.000000;0.000000;0.000000;0.000000;0.000000;0.000000
0.000000;0.000000;0.000000;0.000000;0.000000;0.000000;0.000000;0.000000
0.000000;0.000000;0.000000;0.000000;0.000000;0.000000;0.000000;0.000000
0.000000;0.000000;0.000000;0.000000;0.000000;0.000000;0.000000;0.000000
0.000000;0.000000;0.000000;0.000000;0.000000;0.000000;0.000000;0.000000
0.000000;0.000000;0.000000;0.000000;0.000000;0.000000;0.000000;0.000000
0.000000;0.000000;0.000000;0.000000;0.000000;0.000000;0.000000;0.000000
0.000000;0.000000;0.000000;0.000000;0.000000;0.000000;0.000000;0.000000
0.000000;0.000000;0.000000;0.000000;0.000000;0.000000;0.000000;0.000000
0.000000;0.000000;0.000000;0.000000;0.000000;0.000000;0.000000;0.000000
0.000000;0.000000;0.000000;0.000000;0.000000;0.000000;0.000000;0.000000
0.000000;0.000000;0.000000;0.000000;0.000000;0.000000;0.000000;0.000000
0.000000;0.000000;0.000000;0.000000;0.000000;0.000000;0.000000;0.000000
0.000000;0.000000;0.000000;0.000000;0.000000;0.000000;0.000000;0.000000
0.000000;0.000000;0.000000;0.000000;0.000000;0.000000;0.000000;0.000000
0.000000;0.000000;0.000000;0.000000;0.000000;0.000000;0.000000;0.000000
0.000000;0.000000;0.000000;0.000000;0.000000;0.000000;0.000000;0.000000
0.000000;0.000000;0.000000;0.000000;0.000000;0.000000;0.000000;0.000000
0.000000;0.000000;0.000000;0.000000;0.000000;0.000000;0.000000;0.000000
0.000000;0.000000;0.000000;0.000000;0.000000;0.000000;0.000000;0.000000
0.000000;0.000000;0.000000;0.000000;0.000000;0.000000;0.000000;0.000000
0.000000;0.000000;0.000000;0.000000;0.000000;0.000000;0.000000;0.000000
0.000000;0.000000;0.000000;0.000000;0.000000;0.000000;0.000000;0.000000
0.000000;0.000000;0.000000;0.000000;0.000000;0.000000;0.000000;0.000000
0.000000;0.000000;0.000000;0.000000;0.000000;0.000000;0.000000;0.000000
0.000000;0.000000;0.000000;0.000000;0.000000;0.000000;0.000000;0.000000
0.000000;0.000000;0.000000;0.000000;0.000000;0.000000;0.000000;0.000000
0.000000;0.000000;0.000000;0.000000;0.000000;0.000000;0.000000;0.000000
0.000000;0.000000;0.000000;0.000000;0.000000;0.000000;0.000000;0.000000
0.000000;0.000000;0.000000;0.000000;0.000000;0.000000;0.000000;0.000000
0.000000;0.000000;0.000000;0.000000;0.000000;0.000000;0.000000;0.000000
0.000000;0.000000;0.000000;0.000000;0.000000;0.000000;0.000000;0.000000
0.000000;0.000000;0.000000;0.000000;0.000000;0.000000;0.000000;0.000000
0.000000;0.000000;0.000000;0.000000;0.000000;0.000000;0.000000;0.000000
0.000000;0.000000;0.000000;0.000000;0.000000;0.000000;0.000000;0.000000
0.000000;0.000000;0.000000;0.000000;0.000000;0.000000;0.000000;0.000000
0.000000;0.000000;0.000000;0.000000;0.000000;0.000000;0.000000;0.000000
0.000000;0.000000;0.000000;0.000000;0.000000;0.000000;0.000000;0.000000
0.000000;0.000000;0.000000;0.000000;0.000000;0.000000;0.000000;0.000000
0.000000;0.000000;0.000000;0.000000;0.000000;0.000000;0.000000;0.000000
0.000000;0.000000;0.000000;0.000000;0.000000;0.000000;0.000000;0.000000
0.000000;0.000000;0.000000;0.000000;0.000000;0.000000;0.000000;0.000000
0.000000;0.000000;0.000000;0.000000;0.000000;0.000000;0.000000;0.000000
0.000000;0.000000;0.000000;0.000000;0.000000;0.000000;0.000000;0.000000
0.000000;0.000000;0.000000;0.000000;0.000000;0.000000;0.000000;0.000000
0.000000;0.000000;0.000000;0.000000;0.000000;0.000000;0.000000;0.000000
0.000000;0.000000;0.000000;0.000000;0.000000;0.000000;0.000000;0.000000
0.000000;0.000000;0.000000;0.000000;0.000000;0.000000;0.000000;0.000000
0.000000;0.000000;0.000000;0.000000;0.000000;0.000000;0.000000;0.000000
0.000000;0.000000;0.000000;0.000000;0.000000;0.000000;0.000000;0.000000
0.000000;0.000000;0.000000;0.000000;0.000000;0.000000;0.000000;0.000000
0.000000;0.000000;0.000000;0.000000;0.000000;0.000000;0.000000;0.000000
0.000000;0.000000;0.000000;0.000000;0.000000;0.000000;0.000000;0.000000
0.000000;0.000000;0.000000;0.000000;0.000000;0.000000;0.000000;0.000000
0.000000;0.000000;0.000000;0.000000;0.000000;0.000000;0.000000;0.000000
0.000000;0.000000;0.000000;0.000000;0.000000;0.000000;0.000000;0.000000
0.000000;0.000000;0.000000;0.000000;0.000000;0.000000;0.000000;0.000000
0.000000;0.000000;0.000000;0.000000;0.000000;0.000000;0.000000;0.000000
0.000000;0.000000;0.000000;0.000000;0.000000;0.000000;0.000000;0.000000
0.000000;0.000000;0.000000;0.000000;0.000000;0.000000;0.000000;0.000000
0.000000;0.000000;0.000000;0.000000;0.000000;0.000000;0.000000;0.000000
0.000000;0.000000;0.000000;0.000000;0.000000;0.000000;0.000000;0.000000
0.000000;0.000000;0.000000;0.000000;0.000000;0.000000;0.000000;0.000000
0.000000;0.000000;0.000000;0.000000;0.000000;0.000000;0.000000;0.000000
0.000000;0.000000;0.000000;0.000000;0.000000;0.000000;0.000000;0.000000
0.000000;0.000000;0.000000;0.000000;0.000000;0.000000;0.000000;0.000000
0.000000;0.000000;0.000000;0.000000;0.000000;0.000000;0.000000;0.000000
0.000000;0.000000;0.000000;0.000000;0.000000;0.000000;0.000000;0.000000
0.000000;0.000000;0.000000;0.000000;0.000000;0.000000;0.000000;0.000000
0.000000;0.000000;0.000000;0.000000;0.000000;0.000000;0.000000;0.000000
0.000000;0.000000;0.000000;0.000000;0.000000;0.000000;0.000000;0.000000
0.000000;0.000000;0.000000;0.000000;0.000000;0.000000;0.000000;0.000000
0.000000;0.000000;0.000000;0.000000;0.000000;0.000000;0.000000;0.000000
0.000000;0.000000;0.000000;0.000000;0.000000;0.000000;0.000000;0.000000
0.000000;0.000000;0.000000;0.000000;0.000000;0.000000;0.000000;0.000000
0.000000;0.000000;0.000000;0.000000;0.000000;0.000000;0.000000;0.000000
0.000000;0.000000;0.000000;0.000000;0.000000;0.000000;0.000000;0.000000
0.000000;0.000000;0.000000;0.000000;0.000000;0.000000;0.000000;0.000000
0.000000;0.000000;0.000000;0.000000;0.000000;0.000000;0.000000;0.000000
0.000000;0.000000;0.000000;0.000000;0.000000;0.000000;0.000000;0.000000
0.000000;0.000000;0.000000;0.000000;0.000000;0.000000;0.000000;0.000000
0.000000;0.000000;0.000000;0.000000;0.000000;0.000000;0.000000;0.000000
0.000000;0.000000;0.000000;0.000000;0.000000;0.000000;0.000000;0.000000
0.000000;0.000000;0.000000;0.000000;0.000000;0.000000;0.000000;0.000000
0.000000;0.000000;0.000000;0.000000;0.000000;0.000000;0.000000;0.000000
0.000000;0.000000;0.000000;0.000000;0.000000;0.000000;0.000000;0.000000
0.000000;0.000000;0.000000;0.000000;0.000000;0.000000;0.000000;0.000000
0.000000;0.000000;0.000000;0.000000;0.000000;0.000000;0.000000;0.000000
0.000000;0.000000;0.000000;0.000000;0.000000;0.000000;0.000000;0.000000
0.000000;0.000000;0.000000;0.000000;0.000000;0.000000;0.000000;0.000000
0.000000;0.000000;0.000000;0.000000;0.000000;0.000000;0.000000;0.000000
0.000000;0.000000;0.000000;0.000000;0.000000;0.000000;0.000000;0.000000
0.000000;0.000000;0.000000;0.000000;0.000000;0.000000;0.000000;0.000000
0.000000;0.000000;0.000000;0.000000;0.000000;0.000000;0.000000;0.000000
0.000000;0.000000;0.000000;0.000000;0.000000;0.000000;0.000000;0.000000
0.000000;0.000000;0.000000;0.000000;0.000000;0.000000;0.000000;0.000000
0.000000;0.000000;0.000000;0.000000;0.000000;0.000000;0.000000;0.000000
0.000000;0.000000;0.000000;0.000000;0.000000;0.000000;0.000000;0.000000
0.000000;0.000000;0.000000;0.000000;0.000000;0.000000;0.000000;0.000000
0.000000;0.000000;0.000000;0.000000;0.000000;0.000000;0.000000;0.000000
0.000000;0.000000;0.000000;0.000000;0.000000;0.000000;0.000000;0.000000
0.000000;0.000000;0.000000;0.000000;0.000000;0.000000;0.000000;0.000000
0.000000;0.000000;0.000000;0.000000;0.000000;0.000000;0.000000;0.000000
0.000000;0.000000;0.000000;0.000000;0.000000;0.000000;0.000000;0.000000
0.000000;0.000000;0.000000;0.000000;0.000000;0.000000;0.000000;0.000000
0.000000;0.000000;0.000000;0.000000;0.000000;0.000000;0.000000;0.000000
0.000000;0.000000;0.000000;0.000000;0.000000;0.000000;0.000000;0.000000
0.000000;0.000000;0.000000;0.000000;0.000000;0.000000;0.000000;0.000000
