0.000000;-1.000000;19040.000000;0.000000;523999.000000;0.000000;0.000000;0.548150
1.000000;-1.000000;27653.000000;0.000000;236772.000000;0.000000;0.000000;1.300002
2.000000;-1.000000;21725.000000;0.000000;421172.000000;0.000000;0.000000;2.063522
3.000000;-1.000000;27538.000000;0.000000;261668.000000;0.000000;0.000000;2.762333
4.000000;-1.000000;24285.000000;0.000000;346085.000000;0.000000;0.000000;3.530687
5.000000;-1.000000;26016.000000;0.000000;304965.000000;0.000000;0.000000;4.235460
6.000000;-1.000000;27092.000000;0.000000;287664.000000;0.000000;0.000000;4.943789
7.000000;-1.000000;25460.000000;0.000000;339120.000000;0.000000;0.000000;5.680809
8.000000;-1.000000;25348.000000;0.000000;317942.000000;0.000000;0.000000;6.387154
9.000000;-1.000000;24839.000000;0.000000;314849.000000;0.000000;0.000000;7.093400
10.000000;-1.000000;24568.000000;0.000000;310714.000000;0.000000;0.000000;7.826682
11.000000;-1.000000;25531.000000;0.000000;351351.000000;0.000000;0.000000;8.528163
12.000000;-1.000000;24001.000000;0.000000;336280.000000;0.000000;0.000000;9.240845
13.000000;-1.000000;22883.000000;0.000000;414262.000000;0.000000;0.000000;9.939339
14.000000;-1.000000;23457.000000;0.000000;358423.000000;0.000000;0.000000;10.643189
15.000000;-1.000000;25573.000000;0.000000;298302.000000;0.000000;0.000000;11.357960
16.000000;-1.000000;25227.000000;0.000000;311912.000000;0.000000;0.000000;12.066751
17.000000;-1.000000;26347.000000;0.000000;275922.000000;0.000000;0.000000;12.729084
18.000000;-1.000000;25350.000000;0.000000;337407.000000;0.000000;0.000000;13.424540
19.000000;-1.000000;24101.000000;0.000000;372749.000000;0.000000;0.000000;14.115188
20.000000;-1.000000;26714.000000;0.000000;279532.000000;0.000000;0.000000;14.925102
21.000000;-1.000000;24917.000000;0.000000;332698.000000;0.000000;0.000000;15.864747
22.000000;-1.000000;25240.000000;0.000000;310487.000000;0.000000;0.000000;16.614328
23.000000;-1.000000;24528.000000;0.000000;361765.000000;0.000000;0.000000;17.377863
24.000000;-1.000000;23617.000000;0.000000;366189.000000;0.000000;0.000000;18.141558
25.000000;-1.000000;24492.000000;0.000000;357005.000000;0.000000;0.000000;18.894606
26.000000;-1.000000;25155.000000;0.000000;302879.000000;0.000000;0.000000;19.746735
27.000000;-1.000000;24874.000000;0.000000;359103.000000;0.000000;0.000000;20.727013
28.000000;-1.000000;25401.000000;0.000000;326126.000000;0.000000;0.000000;21.638861
29.000000;-1.000000;24398.000000;0.000000;361949.000000;0.000000;0.000000;22.612255
30.000000;-1.000000;25892.000000;0.000000;280149.000000;0.000000;0.000000;23.384624
31.000000;-1.000000;24459.000000;0.000000;336331.000000;0.000000;0.000000;24.137854
32.000000;-1.000000;25183.000000;0.000000;346637.000000;0.000000;0.000000;24.891256
33.000000;-1.000000;22938.000000;0.000000;372778.000000;0.000000;0.000000;25.620174
34.000000;-1.000000;24844.000000;0.000000;295387.000000;0.000000;0.000000;26.394203
35.000000;-1.000000;25562.000000;0.000000;276739.000000;0.000000;0.000000;27.135798
36.000000;-1.000000;23613.000000;0.000000;339709.000000;0.000000;0.000000;28.004972
37.000000;-1.000000;24762.000000;0.000000;384048.000000;0.000000;0.000000;28.768263
38.000000;-1.000000;23806.000000;0.000000;357766.000000;0.000000;0.000000;29.515781
39.000000;-1.000000;25163.000000;0.000000;329432.000000;0.000000;0.000000;30.246439
40.000000;-1.000000;23349.000000;0.000000;382121.000000;0.000000;0.000000;31.093290
41.000000;-1.000000;25423.000000;0.000000;329980.000000;0.000000;0.000000;32.029736
42.000000;-1.000000;23137.000000;0.000000;381631.000000;0.000000;0.000000;33.018482
43.000000;-1.000000;25998.000000;0.000000;269107.000000;0.000000;0.000000;33.980343
44.000000;-1.000000;25357.000000;0.000000;306350.000000;0.000000;0.000000;34.861507
45.000000;-1.000000;25121.000000;0.000000;314330.000000;0.000000;0.000000;35.776646
46.000000;-1.000000;24884.000000;0.000000;308687.000000;0.000000;0.000000;36.715347
47.000000;-1.000000;23737.000000;0.000000;400893.000000;0.000000;0.000000;37.552013
48.000000;-1.000000;25371.000000;0.000000;283639.000000;0.000000;0.000000;38.432064
49.000000;-1.000000;26061.000000;0.000000;273819.000000;0.000000;0.000000;39.264603
50.000000;-1.000000;25282.000000;0.000000;325357.000000;0.000000;0.000000;40.122833
51.000000;-1.000000;24336.000000;0.000000;334753.000000;0.000000;0.000000;40.975010
52.000000;-1.000000;25591.000000;0.000000;302900.000000;0.000000;0.000000;41.842720
53.000000;-1.000000;23313.000000;0.000000;364499.000000;0.000000;0.000000;42.671177
54.000000;-1.000000;25620.000000;0.000000;334317.000000;0.000000;0.000000;43.527924
55.000000;-1.000000;23446.000000;0.000000;379187.000000;0.000000;0.000000;44.401409
56.000000;-1.000000;23900.000000;0.000000;387564.000000;0.000000;0.000000;45.251205
57.000000;-1.000000;24070.000000;0.000000;335995.000000;0.000000;0.000000;46.124161
58.000000;-1.000000;24904.000000;0.000000;309327.000000;0.000000;0.000000;46.994156
59.000000;-1.000000;24334.000000;0.000000;340966.000000;0.000000;0.000000;47.868500
60.000000;-1.000000;25377.000000;0.000000;313705.000000;0.000000;0.000000;48.976837
61.000000;-1.000000;24187.000000;0.000000;362890.000000;0.000000;0.000000;50.441986
62.000000;-1.000000;23589.000000;0.000000;389855.000000;0.000000;0.000000;51.557648
63.000000;-1.000000;24434.000000;0.000000;359327.000000;0.000000;0.000000;52.820732
64.000000;-1.000000;26979.000000;0.000000;293644.000000;0.000000;0.000000;53.864552
65.000000;-1.000000;25938.000000;0.000000;282220.000000;0.000000;0.000000;55.001221
66.000000;-1.000000;24138.000000;0.000000;357292.000000;0.000000;0.000000;56.022247
67.000000;-1.000000;25873.000000;0.000000;296809.000000;0.000000;0.000000;56.976818
68.000000;-1.000000;25368.000000;0.000000;327174.000000;0.000000;0.000000;57.879784
69.000000;-1.000000;25632.000000;0.000000;261077.000000;0.000000;0.000000;58.788464
70.000000;-1.000000;25824.000000;0.000000;327474.000000;0.000000;0.000000;59.682632
71.000000;-1.000000;24255.000000;0.000000;354114.000000;0.000000;0.000000;60.570950
72.000000;-1.000000;23926.000000;0.000000;340745.000000;0.000000;0.000000;61.467163
73.000000;-1.000000;25449.000000;0.000000;284400.000000;0.000000;0.000000;62.391602
74.000000;-1.000000;25842.000000;0.000000;318671.000000;0.000000;0.000000;63.299702
75.000000;-1.000000;26176.000000;0.000000;310964.000000;0.000000;0.000000;64.210869
76.000000;-1.000000;23574.000000;0.000000;354742.000000;0.000000;0.000000;65.117790
77.000000;-1.000000;22593.000000;0.000000;389011.000000;0.000000;0.000000;66.032280
78.000000;-1.000000;25909.000000;0.000000;295185.000000;0.000000;0.000000;66.946365
79.000000;-1.000000;23761.000000;0.000000;342263.000000;0.000000;0.000000;67.840286
80.000000;-1.000000;24495.000000;0.000000;330671.000000;0.000000;0.000000;69.038155
81.000000;-1.000000;24946.000000;0.000000;340497.000000;0.000000;0.000000;70.461411
82.000000;-1.000000;24405.000000;0.000000;367817.000000;0.000000;0.000000;71.743500
83.000000;-1.000000;25256.000000;0.000000;337566.000000;0.000000;0.000000;73.032318
84.000000;-1.000000;24198.000000;0.000000;384209.000000;0.000000;0.000000;74.326103
85.000000;-1.000000;24320.000000;0.000000;364035.000000;0.000000;0.000000;75.611000
86.000000;-1.000000;24072.000000;0.000000;369220.000000;0.000000;0.000000;77.041351
87.000000;-1.000000;23677.000000;0.000000;375966.000000;0.000000;0.000000;78.372421
88.000000;-1.000000;24452.000000;0.000000;315661.000000;0.000000;0.000000;79.671082
89.000000;-1.000000;24787.000000;0.000000;366649.000000;0.000000;0.000000;80.964798
90.000000;-1.000000;25452.000000;0.000000;319471.000000;0.000000;0.000000;82.341301
91.000000;-1.000000;23096.000000;0.000000;406212.000000;0.000000;0.000000;83.612862
92.000000;-1.000000;24459.000000;0.000000;366140.000000;0.000000;0.000000;84.903435
93.000000;-1.000000;24968.000000;0.000000;283354.000000;0.000000;0.000000;86.192062
94.000000;-1.000000;25605.000000;0.000000;324684.000000;0.000000;0.000000;87.475990
95.000000;-1.000000;26427.000000;0.000000;285233.000000;0.000000;0.000000;88.824135
96.000000;-1.000000;23894.000000;0.000000;368306.000000;0.000000;0.000000;90.100349
97.000000;-1.000000;24605.000000;0.000000;397048.000000;0.000000;0.000000;91.386330
98.000000;-1.000000;24629.000000;0.000000;348043.000000;0.000000;0.000000;92.713669
99.000000;-1.000000;23355.000000;0.000000;337286.000000;0.000000;0.000000;94.018707
100.000000;-1.000000;23912.000000;0.000000;344080.000000;0.000000;0.000000;95.513298
101.000000;-1.000000;25877.000000;0.000000;332065.000000;0.000000;0.000000;97.084724
102.000000;-1.000000;24152.000000;0.000000;396462.000000;0.000000;0.000000;98.632858
103.000000;-1.000000;25526.000000;0.000000;325110.000000;0.000000;0.000000;100.167938
104.000000;-1.000000;23721.000000;0.000000;363473.000000;0.000000;0.000000;101.677956
105.000000;-1.000000;26504.000000;0.000000;321638.000000;0.000000;0.000000;103.162445
106.000000;-1.000000;23397.000000;0.000000;373533.000000;0.000000;0.000000;104.674751
107.000000;-1.000000;24732.000000;0.000000;358615.000000;0.000000;0.000000;106.161858
108.000000;-1.000000;24560.000000;0.000000;362344.000000;0.000000;0.000000;107.652298
109.000000;-1.000000;24884.000000;0.000000;285071.000000;0.000000;0.000000;109.225319
110.000000;-1.000000;24696.000000;0.000000;341928.000000;0.000000;0.000000;110.743446
111.000000;-1.000000;26139.000000;0.000000;290394.000000;0.000000;0.000000;112.252464
112.000000;-1.000000;24526.000000;0.000000;371417.000000;0.000000;0.000000;113.752388
113.000000;-1.000000;24690.000000;0.000000;298774.000000;0.000000;0.000000;115.195747
114.000000;-1.000000;26514.000000;0.000000;243053.000000;0.000000;0.000000;116.536674
115.000000;-1.000000;22367.000000;0.000000;446107.000000;0.000000;0.000000;117.872467
116.000000;-1.000000;26375.000000;0.000000;302057.000000;0.000000;0.000000;119.259842
117.000000;-1.000000;27241.000000;0.000000;302065.000000;0.000000;0.000000;120.597450
118.000000;-1.000000;24581.000000;0.000000;358570.000000;0.000000;0.000000;121.931976
119.000000;-1.000000;24389.000000;0.000000;358350.000000;0.000000;0.000000;123.265976
120.000000;-1.000000;22435.000000;0.000000;394501.000000;0.000000;0.000000;124.605019
121.000000;-1.000000;23315.000000;0.000000;380260.000000;0.000000;0.000000;126.276749
122.000000;-1.000000;25894.000000;0.000000;281320.000000;0.000000;0.000000;127.806007
123.000000;-1.000000;24158.000000;0.000000;367397.000000;0.000000;0.000000;129.349167
124.000000;-1.000000;24947.000000;0.000000;346077.000000;0.000000;0.000000;130.845871
125.000000;-1.000000;24081.000000;0.000000;359213.000000;0.000000;0.000000;132.344879
126.000000;-1.000000;26039.000000;0.000000;319609.000000;0.000000;0.000000;133.838730
127.000000;-1.000000;22908.000000;0.000000;406813.000000;0.000000;0.000000;135.352844
128.000000;-1.000000;25974.000000;0.000000;284055.000000;0.000000;0.000000;136.868469
129.000000;-1.000000;26442.000000;0.000000;260400.000000;0.000000;0.000000;138.404190
130.000000;-1.000000;27607.000000;0.000000;223216.000000;0.000000;0.000000;139.987305
131.000000;-1.000000;24711.000000;0.000000;356619.000000;0.000000;0.000000;141.506287
132.000000;-1.000000;24392.000000;0.000000;353960.000000;0.000000;0.000000;143.191208
133.000000;-1.000000;25345.000000;0.000000;317414.000000;0.000000;0.000000;144.690735
134.000000;-1.000000;22783.000000;0.000000;373448.000000;0.000000;0.000000;146.184341
135.000000;-1.000000;24395.000000;0.000000;308168.000000;0.000000;0.000000;147.689865
136.000000;-1.000000;23393.000000;0.000000;320659.000000;0.000000;0.000000;149.230820
137.000000;-1.000000;25473.000000;0.000000;357800.000000;0.000000;0.000000;150.731247
138.000000;-1.000000;27936.000000;0.000000;256902.000000;0.000000;0.000000;152.237061
139.000000;-1.000000;23545.000000;0.000000;389197.000000;0.000000;0.000000;153.795090
140.000000;-1.000000;26674.000000;0.000000;287687.000000;0.000000;0.000000;155.320404
141.000000;-1.000000;24345.000000;0.000000;355394.000000;0.000000;0.000000;156.926147
142.000000;-1.000000;25635.000000;0.000000;269286.000000;0.000000;0.000000;158.544266
143.000000;-1.000000;26097.000000;0.000000;295133.000000;0.000000;0.000000;160.140182
144.000000;-1.000000;24644.000000;0.000000;359113.000000;0.000000;0.000000;161.681915
145.000000;-1.000000;25560.000000;0.000000;332666.000000;0.000000;0.000000;163.200897
146.000000;-1.000000;24508.000000;0.000000;361208.000000;0.000000;0.000000;164.752014
147.000000;-1.000000;24560.000000;0.000000;358665.000000;0.000000;0.000000;166.275711
148.000000;-1.000000;24084.000000;0.000000;336120.000000;0.000000;0.000000;167.788254
149.000000;-1.000000;26768.000000;0.000000;293336.000000;0.000000;0.000000;169.369293
150.000000;-1.000000;25780.000000;0.000000;297144.000000;0.000000;0.000000;170.900177
151.000000;-1.000000;22348.000000;0.000000;433851.000000;0.000000;0.000000;172.439972
152.000000;-1.000000;26813.000000;0.000000;260457.000000;0.000000;0.000000;173.986954
153.000000;-1.000000;24346.000000;0.000000;340545.000000;0.000000;0.000000;175.407028
154.000000;-1.000000;25440.000000;0.000000;378540.000000;0.000000;0.000000;176.768616
155.000000;-1.000000;27050.000000;0.000000;271394.000000;0.000000;0.000000;178.136124
156.000000;-1.000000;24864.000000;0.000000;332177.000000;0.000000;0.000000;179.539719
157.000000;-1.000000;25726.000000;0.000000;290675.000000;0.000000;0.000000;180.909561
158.000000;-1.000000;23858.000000;0.000000;379441.000000;0.000000;0.000000;182.282745
159.000000;-1.000000;23392.000000;0.000000;363472.000000;0.000000;0.000000;183.647949
160.000000;-1.000000;25002.000000;0.000000;346991.000000;0.000000;0.000000;185.016708
161.000000;-1.000000;26042.000000;0.000000;272559.000000;0.000000;0.000000;186.714157
162.000000;-1.000000;25678.000000;0.000000;308645.000000;0.000000;0.000000;188.283676
163.000000;-1.000000;25100.000000;0.000000;331579.000000;0.000000;0.000000;189.880447
164.000000;-1.000000;27489.000000;0.000000;289144.000000;0.000000;0.000000;191.405640
165.000000;-1.000000;25454.000000;0.000000;293510.000000;0.000000;0.000000;192.933990
166.000000;-1.000000;26137.000000;0.000000;287391.000000;0.000000;0.000000;194.459503
167.000000;-1.000000;25354.000000;0.000000;281105.000000;0.000000;0.000000;195.984055
168.000000;-1.000000;26284.000000;0.000000;317396.000000;0.000000;0.000000;197.517090
169.000000;-1.000000;23087.000000;0.000000;384302.000000;0.000000;0.000000;199.133118
170.000000;-1.000000;24504.000000;0.000000;372073.000000;0.000000;0.000000;200.718323
171.000000;-1.000000;23569.000000;0.000000;366652.000000;0.000000;0.000000;202.427383
172.000000;-1.000000;22944.000000;0.000000;429663.000000;0.000000;0.000000;203.981766
173.000000;-1.000000;25600.000000;0.000000;323226.000000;0.000000;0.000000;205.501785
174.000000;-1.000000;26575.000000;0.000000;275819.000000;0.000000;0.000000;207.029327
175.000000;-1.000000;23952.000000;0.000000;368892.000000;0.000000;0.000000;208.572739
176.000000;-1.000000;28783.000000;0.000000;240092.000000;0.000000;0.000000;210.134720
177.000000;-1.000000;23797.000000;0.000000;396592.000000;0.000000;0.000000;211.671173
178.000000;-1.000000;26960.000000;0.000000;300380.000000;0.000000;0.000000;213.250595
179.000000;-1.000000;23596.000000;0.000000;389502.000000;0.000000;0.000000;214.817139
180.000000;-1.000000;24482.000000;0.000000;311899.000000;0.000000;0.000000;216.414566
181.000000;-1.000000;23818.000000;0.000000;406119.000000;0.000000;0.000000;218.088318
182.000000;-1.000000;26930.000000;0.000000;288695.000000;0.000000;0.000000;219.714462
183.000000;-1.000000;24628.000000;0.000000;289579.000000;0.000000;0.000000;221.297897
184.000000;-1.000000;25003.000000;0.000000;306849.000000;0.000000;0.000000;222.849014
185.000000;-1.000000;23857.000000;0.000000;384072.000000;0.000000;0.000000;224.415909
186.000000;-1.000000;26740.000000;0.000000;271832.000000;0.000000;0.000000;225.976395
187.000000;-1.000000;23756.000000;0.000000;375114.000000;0.000000;0.000000;227.541946
188.000000;-1.000000;25112.000000;0.000000;338905.000000;0.000000;0.000000;229.096313
189.000000;-1.000000;25878.000000;0.000000;310822.000000;0.000000;0.000000;230.708374
190.000000;-1.000000;24681.000000;0.000000;352531.000000;0.000000;0.000000;232.285828
191.000000;-1.000000;27617.000000;0.000000;259197.000000;0.000000;0.000000;233.849854
192.000000;-1.000000;23828.000000;0.000000;354837.000000;0.000000;0.000000;235.410782
193.000000;-1.000000;25731.000000;0.000000;290817.000000;0.000000;0.000000;236.838562
194.000000;-1.000000;23676.000000;0.000000;374114.000000;0.000000;0.000000;238.228546
195.000000;-1.000000;25047.000000;0.000000;343163.000000;0.000000;0.000000;239.645325
196.000000;-1.000000;24529.000000;0.000000;349691.000000;0.000000;0.000000;241.036911
197.000000;-1.000000;23335.000000;0.000000;353775.000000;0.000000;0.000000;242.428726
198.000000;-1.000000;22679.000000;0.000000;396085.000000;0.000000;0.000000;243.820480
199.000000;-1.000000;23734.000000;0.000000;361253.000000;0.000000;0.000000;245.212555
200.000000;-1.000000;24201.000000;0.000000;368840.000000;0.000000;0.000000;246.617996
201.000000;-1.000000;24123.000000;0.000000;351710.000000;0.000000;0.000000;248.346207
202.000000;-1.000000;24883.000000;0.000000;336541.000000;0.000000;0.000000;249.974228
203.000000;-1.000000;24883.000000;0.000000;348062.000000;0.000000;0.000000;251.557846
204.000000;-1.000000;24815.000000;0.000000;367853.000000;0.000000;0.000000;253.145966
205.000000;-1.000000;26469.000000;0.000000;322860.000000;0.000000;0.000000;254.703323
206.000000;-1.000000;25604.000000;0.000000;316415.000000;0.000000;0.000000;256.263489
207.000000;-1.000000;24006.000000;0.000000;310508.000000;0.000000;0.000000;257.811462
208.000000;-1.000000;26598.000000;0.000000;239630.000000;0.000000;0.000000;259.381348
209.000000;-1.000000;27951.000000;0.000000;256746.000000;0.000000;0.000000;261.009430
210.000000;-1.000000;27261.000000;0.000000;261513.000000;0.000000;0.000000;262.716370
211.000000;-1.000000;24879.000000;0.000000;320690.000000;0.000000;0.000000;264.367126
212.000000;-1.000000;26144.000000;0.000000;275374.000000;0.000000;0.000000;265.901276
213.000000;-1.000000;23591.000000;0.000000;429174.000000;0.000000;0.000000;267.416138
214.000000;-1.000000;23983.000000;0.000000;340448.000000;0.000000;0.000000;268.930145
215.000000;-1.000000;23998.000000;0.000000;368254.000000;0.000000;0.000000;270.478333
216.000000;-1.000000;25168.000000;0.000000;369738.000000;0.000000;0.000000;271.999451
217.000000;-1.000000;23753.000000;0.000000;390684.000000;0.000000;0.000000;273.554443
218.000000;-1.000000;24488.000000;0.000000;380952.000000;0.000000;0.000000;275.111115
219.000000;-1.000000;22246.000000;0.000000;392215.000000;0.000000;0.000000;276.665558
220.000000;-1.000000;27273.000000;0.000000;272000.000000;0.000000;0.000000;278.233521
221.000000;-1.000000;23749.000000;0.000000;374182.000000;0.000000;0.000000;279.924469
222.000000;-1.000000;26717.000000;0.000000;315001.000000;0.000000;0.000000;281.501068
223.000000;-1.000000;23565.000000;0.000000;417211.000000;0.000000;0.000000;283.053711
224.000000;-1.000000;23577.000000;0.000000;365906.000000;0.000000;0.000000;284.751221
225.000000;-1.000000;24707.000000;0.000000;366531.000000;0.000000;0.000000;286.371033
226.000000;-1.000000;25167.000000;0.000000;343755.000000;0.000000;0.000000;288.061523
227.000000;-1.000000;25475.000000;0.000000;325811.000000;0.000000;0.000000;289.729218
228.000000;-1.000000;28018.000000;0.000000;227634.000000;0.000000;0.000000;291.274841
229.000000;-1.000000;23529.000000;0.000000;386474.000000;0.000000;0.000000;292.848724
230.000000;-1.000000;25006.000000;0.000000;341824.000000;0.000000;0.000000;294.397827
231.000000;-1.000000;23788.000000;0.000000;365599.000000;0.000000;0.000000;295.937103
232.000000;-1.000000;24816.000000;0.000000;308322.000000;33472.000000;0.000000;297.437897
233.000000;-1.000000;24125.000000;0.000000;356645.000000;0.000000;0.000000;298.773407
234.000000;-1.000000;25428.000000;0.000000;314851.000000;0.000000;0.000000;300.145569
235.000000;-1.000000;26114.000000;0.000000;302604.000000;0.000000;0.000000;301.631775
236.000000;-1.000000;27000.000000;0.000000;228482.000000;0.000000;0.000000;303.264709
237.000000;-1.000000;25061.000000;0.000000;337596.000000;0.000000;0.000000;304.954590
238.000000;-1.000000;27198.000000;0.000000;257658.000000;0.000000;0.000000;306.471954
239.000000;-1.000000;23767.000000;0.000000;371145.000000;0.000000;0.000000;307.971252
240.000000;-1.000000;25358.000000;0.000000;306202.000000;0.000000;0.000000;309.469421
241.000000;-1.000000;24363.000000;0.000000;374409.000000;0.000000;0.000000;311.011108
242.000000;-1.000000;25589.000000;0.000000;337437.000000;0.000000;0.000000;312.512573
243.000000;-1.000000;27519.000000;0.000000;249774.000000;0.000000;0.000000;314.010620
244.000000;-1.000000;25409.000000;0.000000;334236.000000;0.000000;0.000000;315.507629
245.000000;-1.000000;25561.000000;0.000000;279051.000000;0.000000;0.000000;317.031250
246.000000;-1.000000;24724.000000;0.000000;381590.000000;0.000000;0.000000;318.527740
247.000000;-1.000000;25175.000000;0.000000;335208.000000;0.000000;0.000000;320.080139
248.000000;-1.000000;25491.000000;0.000000;317826.000000;0.000000;0.000000;321.642853
249.000000;-1.000000;25898.000000;0.000000;275442.000000;0.000000;0.000000;323.170776
250.000000;-1.000000;26071.000000;0.000000;327012.000000;0.000000;0.000000;324.668274
251.000000;-1.000000;23882.000000;0.000000;373631.000000;0.000000;0.000000;326.193848
252.000000;-1.000000;25338.000000;0.000000;295506.000000;0.000000;0.000000;327.701233
253.000000;-1.000000;27307.000000;0.000000;195036.000000;0.000000;0.000000;329.211700
254.000000;-1.000000;23898.000000;0.000000;383343.000000;0.000000;0.000000;330.749268
255.000000;-1.000000;25373.000000;0.000000;308026.000000;0.000000;0.000000;332.321899
256.000000;-1.000000;24148.000000;0.000000;388558.000000;0.000000;0.000000;333.859833
257.000000;-1.000000;24385.000000;0.000000;336988.000000;0.000000;0.000000;335.383148
258.000000;-1.000000;25707.000000;0.000000;320783.000000;0.000000;0.000000;336.916779
259.000000;-1.000000;23605.000000;0.000000;381645.000000;0.000000;0.000000;338.371765
260.000000;-1.000000;24711.000000;0.000000;349545.000000;0.000000;0.000000;339.720123
261.000000;-1.000000;23383.000000;0.000000;417861.000000;0.000000;0.000000;341.342072
262.000000;-1.000000;25204.000000;0.000000;352337.000000;0.000000;0.000000;342.898071
263.000000;-1.000000;27770.000000;0.000000;246737.000000;0.000000;0.000000;344.467773
264.000000;-1.000000;27042.000000;0.000000;322915.000000;0.000000;0.000000;346.123505
265.000000;-1.000000;24104.000000;0.000000;377363.000000;0.000000;0.000000;347.642914
266.000000;-1.000000;23429.000000;0.000000;370733.000000;0.000000;0.000000;349.177673
267.000000;-1.000000;23554.000000;0.000000;360396.000000;0.000000;0.000000;350.745270
268.000000;-1.000000;23910.000000;0.000000;361462.000000;0.000000;0.000000;352.256256
269.000000;-1.000000;24279.000000;0.000000;373191.000000;0.000000;0.000000;353.822876
270.000000;-1.000000;25665.000000;0.000000;303767.000000;0.000000;0.000000;355.365601
271.000000;-1.000000;24083.000000;0.000000;419009.000000;0.000000;0.000000;356.916321
272.000000;-1.000000;25032.000000;0.000000;326745.000000;0.000000;0.000000;358.812042
273.000000;-1.000000;26960.000000;0.000000;271729.000000;0.000000;0.000000;360.402069
274.000000;-1.000000;23999.000000;0.000000;365573.000000;0.000000;0.000000;361.766876
275.000000;-1.000000;24505.000000;0.000000;331605.000000;0.000000;0.000000;363.144806
276.000000;-1.000000;25307.000000;0.000000;319007.000000;0.000000;0.000000;364.494019
277.000000;-1.000000;23637.000000;0.000000;382508.000000;0.000000;0.000000;365.856140
278.000000;-1.000000;24605.000000;0.000000;303781.000000;0.000000;0.000000;367.216919
279.000000;-1.000000;23685.000000;0.000000;392984.000000;0.000000;0.000000;368.574982
280.000000;-1.000000;25112.000000;0.000000;378317.000000;0.000000;0.000000;369.926788
281.000000;-1.000000;24894.000000;0.000000;354006.000000;0.000000;0.000000;371.634491
282.000000;-1.000000;24190.000000;0.000000;328909.000000;0.000000;0.000000;373.198212
283.000000;-1.000000;25864.000000;0.000000;320935.000000;0.000000;0.000000;374.756042
284.000000;-1.000000;26288.000000;0.000000;300175.000000;0.000000;0.000000;376.295807
285.000000;-1.000000;26048.000000;0.000000;305038.000000;0.000000;0.000000;377.820648
286.000000;-1.000000;23642.000000;0.000000;364485.000000;0.000000;0.000000;379.345123
287.000000;-1.000000;23467.000000;0.000000;403432.000000;0.000000;0.000000;380.918549
288.000000;-1.000000;23701.000000;0.000000;381492.000000;0.000000;0.000000;382.549652
289.000000;-1.000000;24528.000000;0.000000;381731.000000;0.000000;0.000000;384.092224
290.000000;-1.000000;25837.000000;0.000000;356561.000000;0.000000;0.000000;385.623016
291.000000;-1.000000;27305.000000;0.000000;252428.000000;0.000000;0.000000;387.175781
292.000000;-1.000000;24786.000000;0.000000;357861.000000;0.000000;0.000000;388.716797
293.000000;-1.000000;24528.000000;0.000000;378555.000000;0.000000;0.000000;390.276917
294.000000;-1.000000;23320.000000;0.000000;379387.000000;0.000000;0.000000;391.853119
295.000000;-1.000000;23674.000000;0.000000;399585.000000;0.000000;0.000000;393.456207
296.000000;-1.000000;26481.000000;0.000000;296021.000000;0.000000;0.000000;395.081543
297.000000;-1.000000;25811.000000;0.000000;330283.000000;0.000000;0.000000;396.662140
298.000000;-1.000000;26607.000000;0.000000;272384.000000;0.000000;0.000000;398.221375
299.000000;-1.000000;24435.000000;0.000000;344373.000000;0.000000;0.000000;399.611176
300.000000;-1.000000;25229.000000;0.000000;351538.000000;0.000000;0.000000;401.027679
301.000000;-1.000000;23423.000000;0.000000;414804.000000;0.000000;0.000000;402.904846
302.000000;-1.000000;25724.000000;0.000000;322961.000000;0.000000;0.000000;404.695221
303.000000;-1.000000;25970.000000;0.000000;282124.000000;0.000000;0.000000;406.591888
304.000000;-1.000000;23927.000000;0.000000;377426.000000;0.000000;0.000000;408.122498
305.000000;-1.000000;24519.000000;0.000000;354291.000000;0.000000;0.000000;409.720886
306.000000;-1.000000;29082.000000;0.000000;177697.000000;0.000000;0.000000;411.295624
307.000000;-1.000000;24120.000000;0.000000;371685.000000;0.000000;0.000000;412.836273
308.000000;-1.000000;24510.000000;0.000000;326880.000000;0.000000;0.000000;414.375641
309.000000;-1.000000;24414.000000;0.000000;355267.000000;0.000000;0.000000;415.962128
310.000000;-1.000000;27122.000000;0.000000;257993.000000;0.000000;0.000000;417.493286
311.000000;-1.000000;24195.000000;0.000000;333346.000000;0.000000;0.000000;419.030823
312.000000;-1.000000;24178.000000;0.000000;342582.000000;0.000000;0.000000;420.583954
313.000000;-1.000000;24297.000000;0.000000;370479.000000;0.000000;0.000000;421.955719
314.000000;-1.000000;25743.000000;0.000000;322287.000000;0.000000;0.000000;423.300568
315.000000;-1.000000;23558.000000;0.000000;401213.000000;0.000000;0.000000;424.643188
316.000000;-1.000000;25387.000000;0.000000;305978.000000;0.000000;0.000000;425.994263
317.000000;-1.000000;22739.000000;0.000000;413632.000000;0.000000;0.000000;427.345184
318.000000;-1.000000;26741.000000;0.000000;267984.000000;0.000000;0.000000;428.687225
319.000000;-1.000000;23240.000000;0.000000;366469.000000;0.000000;0.000000;430.031158
320.000000;-1.000000;26210.000000;0.000000;262835.000000;0.000000;0.000000;431.411987
321.000000;-1.000000;22939.000000;0.000000;383989.000000;0.000000;0.000000;433.075958
322.000000;-1.000000;24541.000000;0.000000;360751.000000;0.000000;0.000000;434.614594
323.000000;-1.000000;25061.000000;0.000000;340433.000000;0.000000;0.000000;436.161926
324.000000;-1.000000;21445.000000;0.000000;459803.000000;0.000000;0.000000;437.698090
325.000000;-1.000000;24547.000000;0.000000;374519.000000;0.000000;0.000000;439.661224
326.000000;-1.000000;24449.000000;0.000000;359052.000000;0.000000;0.000000;441.260925
327.000000;-1.000000;22624.000000;0.000000;394543.000000;0.000000;0.000000;442.963684
328.000000;-1.000000;23777.000000;0.000000;357904.000000;0.000000;0.000000;444.483490
329.000000;-1.000000;24217.000000;0.000000;359465.000000;0.000000;0.000000;446.006378
330.000000;-1.000000;24256.000000;0.000000;330092.000000;0.000000;0.000000;447.525909
331.000000;-1.000000;24449.000000;0.000000;345767.000000;0.000000;0.000000;449.048523
332.000000;-1.000000;23253.000000;0.000000;395440.000000;0.000000;0.000000;450.569427
333.000000;-1.000000;25412.000000;0.000000;303138.000000;0.000000;0.000000;452.147888
334.000000;-1.000000;25424.000000;0.000000;347522.000000;0.000000;0.000000;453.715363
335.000000;-1.000000;22881.000000;0.000000;369406.000000;0.000000;0.000000;455.275574
336.000000;-1.000000;28371.000000;0.000000;244237.000000;0.000000;0.000000;456.832977
337.000000;-1.000000;23615.000000;0.000000;368524.000000;0.000000;0.000000;458.380524
338.000000;-1.000000;26132.000000;0.000000;305435.000000;0.000000;0.000000;459.874573
339.000000;-1.000000;24301.000000;0.000000;379323.000000;0.000000;0.000000;461.272339
340.000000;-1.000000;28502.000000;0.000000;225844.000000;0.000000;0.000000;462.657837
341.000000;-1.000000;25311.000000;0.000000;320894.000000;0.000000;0.000000;464.273041
342.000000;-1.000000;26361.000000;0.000000;307143.000000;0.000000;0.000000;465.876465
343.000000;-1.000000;25515.000000;0.000000;266370.000000;0.000000;0.000000;467.456573
344.000000;-1.000000;25184.000000;0.000000;290010.000000;0.000000;0.000000;468.978790
345.000000;-1.000000;25743.000000;0.000000;316590.000000;0.000000;0.000000;470.511383
346.000000;-1.000000;23896.000000;0.000000;361757.000000;0.000000;0.000000;472.082642
347.000000;-1.000000;25015.000000;0.000000;353909.000000;0.000000;0.000000;473.612366
348.000000;-1.000000;23319.000000;0.000000;409338.000000;0.000000;0.000000;475.143280
349.000000;-1.000000;25663.000000;0.000000;310990.000000;0.000000;0.000000;476.737274
350.000000;-1.000000;26568.000000;0.000000;258918.000000;0.000000;0.000000;478.313538
351.000000;-1.000000;26333.000000;0.000000;247398.000000;0.000000;0.000000;479.892395
352.000000;-1.000000;27410.000000;0.000000;272478.000000;0.000000;0.000000;481.489410
353.000000;-1.000000;23995.000000;0.000000;349778.000000;0.000000;0.000000;482.961090
354.000000;-1.000000;26575.000000;0.000000;291050.000000;0.000000;0.000000;484.332367
355.000000;-1.000000;23958.000000;0.000000;336850.000000;0.000000;0.000000;485.704376
356.000000;-1.000000;23094.000000;0.000000;412635.000000;0.000000;0.000000;487.079376
357.000000;-1.000000;23282.000000;0.000000;381845.000000;0.000000;0.000000;488.445862
358.000000;-1.000000;23951.000000;0.000000;395267.000000;0.000000;0.000000;489.815796
359.000000;-1.000000;23833.000000;0.000000;370231.000000;0.000000;0.000000;491.205109
360.000000;-1.000000;25165.000000;0.000000;344635.000000;0.000000;0.000000;492.578400
361.000000;-1.000000;26280.000000;0.000000;307336.000000;0.000000;0.000000;494.303436
362.000000;-1.000000;24282.000000;0.000000;378839.000000;0.000000;0.000000;495.901093
363.000000;-1.000000;25470.000000;0.000000;296510.000000;0.000000;0.000000;497.485138
364.000000;-1.000000;24180.000000;0.000000;393664.000000;0.000000;0.000000;499.045654
365.000000;-1.000000;23928.000000;0.000000;350138.000000;0.000000;0.000000;500.610229
366.000000;-1.000000;26468.000000;0.000000;281057.000000;0.000000;0.000000;502.306976
367.000000;-1.000000;26427.000000;0.000000;296115.000000;0.000000;0.000000;503.858429
368.000000;-1.000000;25286.000000;0.000000;314935.000000;0.000000;0.000000;505.409332
369.000000;-1.000000;24463.000000;0.000000;344982.000000;0.000000;0.000000;506.949158
370.000000;-1.000000;25168.000000;0.000000;393126.000000;0.000000;0.000000;508.501190
371.000000;-1.000000;26439.000000;0.000000;307950.000000;0.000000;0.000000;510.197174
372.000000;-1.000000;23687.000000;0.000000;388833.000000;0.000000;0.000000;511.802216
373.000000;-1.000000;23975.000000;0.000000;361253.000000;0.000000;0.000000;513.348022
374.000000;-1.000000;24717.000000;0.000000;341811.000000;0.000000;0.000000;514.896179
375.000000;-1.000000;23338.000000;0.000000;358222.000000;0.000000;0.000000;516.433899
376.000000;-1.000000;26955.000000;0.000000;256390.000000;0.000000;0.000000;517.919861
377.000000;-1.000000;24880.000000;0.000000;379236.000000;0.000000;0.000000;519.289307
378.000000;-1.000000;26890.000000;0.000000;285852.000000;0.000000;0.000000;520.636536
379.000000;-1.000000;24669.000000;0.000000;342917.000000;0.000000;0.000000;522.030579
380.000000;-1.000000;24633.000000;0.000000;341152.000000;0.000000;0.000000;523.392212
381.000000;-1.000000;23208.000000;0.000000;394909.000000;0.000000;0.000000;525.091064
382.000000;-1.000000;25089.000000;0.000000;319599.000000;0.000000;0.000000;526.676697
383.000000;-1.000000;23918.000000;0.000000;347653.000000;0.000000;0.000000;528.243347
384.000000;-1.000000;23145.000000;0.000000;393300.000000;0.000000;0.000000;529.759766
385.000000;-1.000000;26100.000000;0.000000;308927.000000;0.000000;0.000000;531.280029
386.000000;-1.000000;26187.000000;0.000000;302489.000000;0.000000;0.000000;532.812866
387.000000;-1.000000;24919.000000;0.000000;318358.000000;0.000000;0.000000;534.339111
388.000000;-1.000000;27178.000000;0.000000;238885.000000;0.000000;0.000000;535.858032
389.000000;-1.000000;25682.000000;0.000000;359564.000000;0.000000;0.000000;537.425537
390.000000;-1.000000;24848.000000;0.000000;283111.000000;0.000000;0.000000;539.036133
391.000000;-1.000000;24317.000000;0.000000;336606.000000;0.000000;0.000000;540.595642
392.000000;-1.000000;23546.000000;0.000000;381031.000000;0.000000;0.000000;542.201111
393.000000;-1.000000;26283.000000;0.000000;298032.000000;0.000000;0.000000;543.668274
394.000000;-1.000000;24478.000000;0.000000;279449.000000;0.000000;0.000000;545.028625
395.000000;-1.000000;25656.000000;0.000000;332245.000000;0.000000;0.000000;546.395569
396.000000;-1.000000;24676.000000;0.000000;379213.000000;0.000000;0.000000;547.745361
397.000000;-1.000000;23150.000000;0.000000;372213.000000;0.000000;0.000000;549.116577
398.000000;-1.000000;26712.000000;0.000000;289829.000000;0.000000;0.000000;550.471741
399.000000;-1.000000;25400.000000;0.000000;309278.000000;0.000000;0.000000;551.869202
400.000000;-1.000000;24102.000000;0.000000;342813.000000;0.000000;0.000000;553.226929
401.000000;-1.000000;25956.000000;0.000000;279156.000000;0.000000;0.000000;554.922363
402.000000;-1.000000;26622.000000;0.000000;304140.000000;0.000000;0.000000;556.518311
403.000000;-1.000000;26604.000000;0.000000;289119.000000;0.000000;0.000000;558.079956
404.000000;-1.000000;25907.000000;0.000000;320786.000000;0.000000;0.000000;559.631226
405.000000;-1.000000;25189.000000;0.000000;361336.000000;0.000000;0.000000;561.169373
406.000000;-1.000000;26308.000000;0.000000;293580.000000;0.000000;0.000000;562.844482
407.000000;-1.000000;24166.000000;0.000000;359030.000000;0.000000;0.000000;564.371338
408.000000;-1.000000;23153.000000;0.000000;376772.000000;0.000000;0.000000;565.880737
409.000000;-1.000000;23419.000000;0.000000;341955.000000;0.000000;0.000000;567.387146
410.000000;-1.000000;25439.000000;0.000000;346044.000000;0.000000;0.000000;568.873230
411.000000;-1.000000;24476.000000;0.000000;343744.000000;0.000000;0.000000;570.374390
412.000000;-1.000000;25772.000000;0.000000;343265.000000;0.000000;0.000000;571.914429
413.000000;-1.000000;24950.000000;0.000000;318566.000000;0.000000;0.000000;573.456970
414.000000;-1.000000;23681.000000;0.000000;421602.000000;0.000000;0.000000;574.965332
415.000000;-1.000000;25709.000000;0.000000;286425.000000;0.000000;0.000000;576.488953
416.000000;-1.000000;23763.000000;0.000000;378122.000000;0.000000;0.000000;578.012939
417.000000;-1.000000;25252.000000;0.000000;345827.000000;0.000000;0.000000;579.374023
418.000000;-1.000000;22351.000000;0.000000;381779.000000;0.000000;0.000000;580.719299
419.000000;-1.000000;24893.000000;0.000000;322321.000000;0.000000;0.000000;582.104309
420.000000;-1.000000;24480.000000;0.000000;331663.000000;0.000000;0.000000;583.448059
421.000000;-1.000000;23621.000000;0.000000;391810.000000;0.000000;0.000000;585.124695
422.000000;-1.000000;27778.000000;0.000000;291105.000000;0.000000;0.000000;586.677734
423.000000;-1.000000;24573.000000;0.000000;306135.000000;0.000000;0.000000;588.222656
424.000000;-1.000000;24471.000000;0.000000;335960.000000;0.000000;0.000000;589.723145
425.000000;-1.000000;24758.000000;0.000000;361648.000000;0.000000;0.000000;591.238342
426.000000;-1.000000;24510.000000;0.000000;370877.000000;0.000000;0.000000;592.775696
427.000000;-1.000000;23228.000000;0.000000;391714.000000;0.000000;0.000000;594.304565
428.000000;-1.000000;23986.000000;0.000000;342693.000000;0.000000;0.000000;595.808899
429.000000;-1.000000;26266.000000;0.000000;267915.000000;0.000000;0.000000;597.357910
430.000000;-1.000000;24843.000000;0.000000;353534.000000;0.000000;0.000000;598.910034
431.000000;-1.000000;24449.000000;0.000000;314920.000000;0.000000;0.000000;600.452454
432.000000;-1.000000;25159.000000;0.000000;313314.000000;0.000000;0.000000;602.095886
433.000000;-1.000000;24826.000000;0.000000;325599.000000;0.000000;0.000000;603.625061
434.000000;-1.000000;24729.000000;0.000000;378611.000000;0.000000;0.000000;605.081726
435.000000;-1.000000;26527.000000;0.000000;276677.000000;0.000000;0.000000;606.464050
436.000000;-1.000000;24147.000000;0.000000;358343.000000;0.000000;0.000000;607.838379
437.000000;-1.000000;24264.000000;0.000000;387041.000000;0.000000;0.000000;609.186340
438.000000;-1.000000;24680.000000;0.000000;336991.000000;0.000000;0.000000;610.532288
439.000000;-1.000000;25052.000000;0.000000;318836.000000;0.000000;0.000000;611.906067
440.000000;-1.000000;25012.000000;0.000000;339549.000000;0.000000;0.000000;613.281250
441.000000;-1.000000;24701.000000;0.000000;361427.000000;0.000000;0.000000;614.982605
442.000000;-1.000000;23554.000000;0.000000;371941.000000;0.000000;0.000000;616.544495
443.000000;-1.000000;23705.000000;0.000000;392338.000000;0.000000;0.000000;618.091370
444.000000;-1.000000;23460.000000;0.000000;351546.000000;0.000000;0.000000;619.623047
445.000000;-1.000000;24312.000000;0.000000;340042.000000;0.000000;0.000000;621.150879
446.000000;-1.000000;23465.000000;0.000000;355028.000000;0.000000;0.000000;622.903503
447.000000;-1.000000;24173.000000;0.000000;429090.000000;0.000000;0.000000;624.415955
448.000000;-1.000000;23993.000000;0.000000;378828.000000;0.000000;0.000000;625.931335
449.000000;-1.000000;24829.000000;0.000000;358006.000000;0.000000;0.000000;627.452942
450.000000;-1.000000;23683.000000;0.000000;407579.000000;0.000000;0.000000;628.979187
451.000000;-1.000000;25259.000000;0.000000;301046.000000;0.000000;0.000000;630.515259
452.000000;-1.000000;23669.000000;0.000000;387986.000000;0.000000;0.000000;632.122253
453.000000;-1.000000;24795.000000;0.000000;280834.000000;0.000000;0.000000;633.685364
454.000000;-1.000000;23159.000000;0.000000;396389.000000;0.000000;0.000000;635.239502
455.000000;-1.000000;26838.000000;0.000000;267355.000000;0.000000;0.000000;636.803406
456.000000;-1.000000;24626.000000;0.000000;350403.000000;0.000000;0.000000;638.288757
457.000000;-1.000000;25681.000000;0.000000;337279.000000;0.000000;0.000000;639.668457
458.000000;-1.000000;26050.000000;0.000000;269450.000000;0.000000;0.000000;641.026367
459.000000;-1.000000;25165.000000;0.000000;318637.000000;0.000000;0.000000;642.417114
460.000000;-1.000000;24941.000000;0.000000;343786.000000;0.000000;0.000000;643.799500
461.000000;-1.000000;27049.000000;0.000000;301611.000000;0.000000;0.000000;645.571411
462.000000;-1.000000;24853.000000;0.000000;325015.000000;0.000000;0.000000;647.262817
463.000000;-1.000000;24278.000000;0.000000;349253.000000;0.000000;0.000000;648.811035
464.000000;-1.000000;24576.000000;0.000000;334436.000000;0.000000;0.000000;650.346191
465.000000;-1.000000;28313.000000;0.000000;209802.000000;0.000000;0.000000;652.047913
466.000000;-1.000000;24772.000000;0.000000;314906.000000;0.000000;0.000000;653.610901
467.000000;-1.000000;26671.000000;0.000000;287329.000000;0.000000;0.000000;655.145508
468.000000;-1.000000;25503.000000;0.000000;270046.000000;0.000000;0.000000;656.688477
469.000000;-1.000000;24621.000000;0.000000;346932.000000;0.000000;0.000000;658.286682
470.000000;-1.000000;24704.000000;0.000000;350323.000000;0.000000;0.000000;659.877441
471.000000;-1.000000;25934.000000;0.000000;345613.000000;0.000000;0.000000;661.458252
472.000000;-1.000000;24410.000000;0.000000;379112.000000;0.000000;0.000000;663.070129
473.000000;-1.000000;24291.000000;0.000000;348885.000000;0.000000;0.000000;664.492432
474.000000;-1.000000;23415.000000;0.000000;355257.000000;0.000000;0.000000;665.866028
475.000000;-1.000000;24737.000000;0.000000;349041.000000;0.000000;0.000000;667.245850
476.000000;-1.000000;25808.000000;0.000000;336465.000000;0.000000;0.000000;668.660400
477.000000;-1.000000;24904.000000;0.000000;360438.000000;0.000000;0.000000;670.079651
478.000000;-1.000000;25292.000000;0.000000;275197.000000;0.000000;0.000000;671.475525
479.000000;-1.000000;25207.000000;0.000000;374593.000000;0.000000;0.000000;672.925842
480.000000;-1.000000;24203.000000;0.000000;337841.000000;0.000000;0.000000;674.302795
481.000000;-1.000000;24911.000000;0.000000;364272.000000;0.000000;0.000000;676.090271
482.000000;-1.000000;25073.000000;0.000000;360470.000000;0.000000;0.000000;678.017700
483.000000;-1.000000;27980.000000;0.000000;279013.000000;0.000000;0.000000;680.606262
484.000000;-1.000000;25705.000000;0.000000;281471.000000;0.000000;0.000000;683.121033
485.000000;-1.000000;23849.000000;0.000000;340376.000000;0.000000;0.000000;685.629272
486.000000;-1.000000;23617.000000;0.000000;371999.000000;0.000000;0.000000;688.178894
487.000000;-1.000000;23993.000000;0.000000;395982.000000;0.000000;0.000000;690.726196
488.000000;-1.000000;24320.000000;0.000000;351185.000000;0.000000;0.000000;693.010986
489.000000;-1.000000;25258.000000;0.000000;342468.000000;0.000000;0.000000;694.632629
490.000000;-1.000000;23815.000000;0.000000;367529.000000;0.000000;0.000000;696.212219
491.000000;-1.000000;27257.000000;0.000000;247525.000000;0.000000;0.000000;697.788757
492.000000;-1.000000;26139.000000;0.000000;312572.000000;0.000000;0.000000;699.212891
493.000000;-1.000000;26458.000000;0.000000;284529.000000;0.000000;0.000000;700.592651
494.000000;-1.000000;26787.000000;0.000000;257350.000000;0.000000;0.000000;701.983765
495.000000;-1.000000;25179.000000;0.000000;327055.000000;0.000000;0.000000;703.413147
496.000000;-1.000000;25548.000000;0.000000;297482.000000;0.000000;0.000000;704.831360
497.000000;-1.000000;25468.000000;0.000000;302764.000000;0.000000;0.000000;706.221008
498.000000;-1.000000;23647.000000;0.000000;343564.000000;0.000000;0.000000;707.605591
499.000000;-1.000000;27430.000000;0.000000;262386.000000;0.000000;0.000000;708.983582
500.000000;-1.000000;23880.000000;0.000000;375345.000000;0.000000;0.000000;710.369080
501.000000;-1.000000;27413.000000;0.000000;262446.000000;0.000000;0.000000;712.035461
502.000000;-1.000000;25606.000000;0.000000;300854.000000;0.000000;0.000000;713.715088
503.000000;-1.000000;26002.000000;0.000000;329844.000000;0.000000;0.000000;715.332336
504.000000;-1.000000;23850.000000;0.000000;337901.000000;0.000000;0.000000;716.926575
505.000000;-1.000000;25544.000000;0.000000;298685.000000;0.000000;0.000000;718.515259
506.000000;-1.000000;25474.000000;0.000000;332415.000000;0.000000;0.000000;720.105774
507.000000;-1.000000;25129.000000;0.000000;307281.000000;0.000000;0.000000;721.708984
508.000000;-1.000000;25969.000000;0.000000;300183.000000;0.000000;0.000000;723.340637
509.000000;-1.000000;24722.000000;0.000000;353322.000000;0.000000;0.000000;724.985474
510.000000;-1.000000;24314.000000;0.000000;330865.000000;0.000000;0.000000;726.595398
511.000000;-1.000000;26168.000000;0.000000;280355.000000;0.000000;0.000000;728.208679
512.000000;-1.000000;24401.000000;0.000000;337191.000000;0.000000;0.000000;729.811462
513.000000;-1.000000;25011.000000;0.000000;311191.000000;0.000000;0.000000;731.235474
514.000000;-1.000000;24403.000000;0.000000;342330.000000;0.000000;0.000000;732.653442
515.000000;-1.000000;25712.000000;0.000000;326177.000000;0.000000;0.000000;734.107971
516.000000;-1.000000;26014.000000;0.000000;295227.000000;0.000000;0.000000;735.526001
517.000000;-1.000000;25742.000000;0.000000;365702.000000;0.000000;0.000000;736.945679
518.000000;-1.000000;26618.000000;0.000000;304933.000000;0.000000;0.000000;738.359253
519.000000;-1.000000;23189.000000;0.000000;378874.000000;0.000000;0.000000;739.769165
520.000000;-1.000000;26554.000000;0.000000;298159.000000;0.000000;0.000000;741.212524
521.000000;-1.000000;26636.000000;0.000000;295449.000000;0.000000;0.000000;743.089722
522.000000;-1.000000;24368.000000;0.000000;349910.000000;0.000000;0.000000;744.715210
523.000000;-1.000000;25203.000000;0.000000;317799.000000;0.000000;0.000000;746.348511
524.000000;-1.000000;24512.000000;0.000000;331885.000000;0.000000;0.000000;747.963867
525.000000;-1.000000;25033.000000;0.000000;326389.000000;0.000000;0.000000;749.576294
526.000000;-1.000000;25913.000000;0.000000;325259.000000;0.000000;0.000000;751.191040
527.000000;-1.000000;25706.000000;0.000000;351858.000000;0.000000;0.000000;752.828918
528.000000;-1.000000;24926.000000;0.000000;317587.000000;0.000000;0.000000;754.451782
529.000000;-1.000000;26800.000000;0.000000;255737.000000;0.000000;0.000000;756.127930
530.000000;-1.000000;25267.000000;0.000000;288409.000000;0.000000;0.000000;757.773376
531.000000;-1.000000;25385.000000;0.000000;279177.000000;0.000000;0.000000;759.401428
532.000000;-1.000000;25758.000000;0.000000;297547.000000;0.000000;0.000000;760.978088
533.000000;-1.000000;23875.000000;0.000000;391680.000000;0.000000;0.000000;762.397400
534.000000;-1.000000;22892.000000;0.000000;404795.000000;0.000000;0.000000;763.861145
535.000000;-1.000000;26623.000000;0.000000;293581.000000;0.000000;0.000000;765.369873
536.000000;-1.000000;25321.000000;0.000000;297409.000000;0.000000;0.000000;766.796326
537.000000;-1.000000;23602.000000;0.000000;358721.000000;0.000000;0.000000;768.241211
538.000000;-1.000000;24957.000000;0.000000;345158.000000;0.000000;0.000000;769.685791
539.000000;-1.000000;24353.000000;0.000000;371861.000000;0.000000;0.000000;771.116699
540.000000;-1.000000;24721.000000;0.000000;347138.000000;0.000000;0.000000;772.559692
541.000000;-1.000000;23382.000000;0.000000;368870.000000;0.000000;0.000000;774.936890
542.000000;-1.000000;24495.000000;0.000000;368980.000000;0.000000;0.000000;776.559998
543.000000;-1.000000;25428.000000;0.000000;319332.000000;0.000000;0.000000;778.157104
544.000000;-1.000000;23036.000000;0.000000;390495.000000;0.000000;0.000000;779.742126
545.000000;-1.000000;24431.000000;0.000000;369704.000000;0.000000;0.000000;781.312012
546.000000;-1.000000;23742.000000;0.000000;372335.000000;0.000000;0.000000;782.884033
547.000000;-1.000000;25864.000000;0.000000;304976.000000;0.000000;0.000000;784.584290
548.000000;-1.000000;23097.000000;0.000000;427114.000000;0.000000;0.000000;786.206787
549.000000;-1.000000;26651.000000;0.000000;289159.000000;0.000000;0.000000;787.816162
550.000000;-1.000000;25339.000000;0.000000;302642.000000;0.000000;0.000000;789.402710
551.000000;-1.000000;24776.000000;0.000000;341439.000000;0.000000;0.000000;791.083435
552.000000;-1.000000;23706.000000;0.000000;394286.000000;0.000000;0.000000;792.670593
553.000000;-1.000000;23382.000000;0.000000;355377.000000;0.000000;0.000000;794.191284
554.000000;-1.000000;24088.000000;0.000000;394748.000000;0.000000;0.000000;795.586792
555.000000;-1.000000;25430.000000;0.000000;307040.000000;0.000000;0.000000;797.008606
556.000000;-1.000000;24528.000000;0.000000;384779.000000;0.000000;0.000000;798.431458
557.000000;-1.000000;25592.000000;0.000000;308732.000000;0.000000;0.000000;799.837158
558.000000;-1.000000;25389.000000;0.000000;305246.000000;0.000000;0.000000;801.231689
559.000000;-1.000000;25272.000000;0.000000;351054.000000;33472.000000;0.000000;802.839233
560.000000;-1.000000;25830.000000;0.000000;330788.000000;0.000000;0.000000;804.498413
561.000000;-1.000000;24827.000000;0.000000;317721.000000;0.000000;0.000000;806.086609
562.000000;-1.000000;24670.000000;0.000000;310378.000000;0.000000;0.000000;807.678833
563.000000;-1.000000;24438.000000;0.000000;330563.000000;0.000000;0.000000;809.244995
564.000000;-1.000000;23976.000000;0.000000;352848.000000;0.000000;0.000000;810.913879
565.000000;-1.000000;23738.000000;0.000000;426141.000000;0.000000;0.000000;812.480652
566.000000;-1.000000;24243.000000;0.000000;336074.000000;0.000000;0.000000;814.043091
567.000000;-1.000000;24928.000000;0.000000;324200.000000;0.000000;0.000000;815.586914
568.000000;-1.000000;24154.000000;0.000000;354802.000000;0.000000;0.000000;817.178101
569.000000;-1.000000;24566.000000;0.000000;379958.000000;0.000000;0.000000;818.895813
570.000000;-1.000000;24111.000000;0.000000;342726.000000;0.000000;0.000000;820.451660
571.000000;-1.000000;25422.000000;0.000000;275530.000000;0.000000;0.000000;822.022522
572.000000;-1.000000;23291.000000;0.000000;401143.000000;0.000000;0.000000;823.642029
573.000000;-1.000000;24945.000000;0.000000;345621.000000;0.000000;0.000000;825.413635
574.000000;-1.000000;25840.000000;0.000000;269251.000000;0.000000;0.000000;826.927979
575.000000;-1.000000;23518.000000;0.000000;410238.000000;0.000000;0.000000;828.461243
576.000000;-1.000000;26787.000000;0.000000;262901.000000;0.000000;0.000000;829.988281
577.000000;-1.000000;24181.000000;0.000000;304713.000000;0.000000;0.000000;831.519714
578.000000;-1.000000;24649.000000;0.000000;326138.000000;0.000000;0.000000;833.066345
579.000000;-1.000000;23259.000000;0.000000;396959.000000;0.000000;0.000000;834.639526
580.000000;-1.000000;25538.000000;0.000000;330718.000000;0.000000;0.000000;836.171082
581.000000;-1.000000;26882.000000;0.000000;252299.000000;0.000000;0.000000;837.778015
582.000000;-1.000000;27178.000000;0.000000;273695.000000;0.000000;0.000000;839.290222
583.000000;-1.000000;23816.000000;0.000000;387744.000000;0.000000;0.000000;840.794006
584.000000;-1.000000;24083.000000;0.000000;331650.000000;0.000000;0.000000;842.289368
585.000000;-1.000000;23494.000000;0.000000;376982.000000;0.000000;0.000000;843.819397
586.000000;-1.000000;23788.000000;0.000000;389845.000000;0.000000;0.000000;845.316895
587.000000;-1.000000;24791.000000;0.000000;329803.000000;0.000000;0.000000;846.833862
588.000000;-1.000000;24467.000000;0.000000;354991.000000;0.000000;0.000000;848.332764
589.000000;-1.000000;25744.000000;0.000000;295628.000000;0.000000;0.000000;849.854858
590.000000;-1.000000;24396.000000;0.000000;369358.000000;0.000000;0.000000;851.370361
591.000000;-1.000000;24179.000000;0.000000;375537.000000;0.000000;0.000000;852.889282
592.000000;-1.000000;23807.000000;0.000000;377154.000000;0.000000;0.000000;854.452026
593.000000;-1.000000;23018.000000;0.000000;384954.000000;0.000000;0.000000;855.937134
594.000000;-1.000000;25175.000000;0.000000;304132.000000;0.000000;0.000000;857.270386
595.000000;-1.000000;23902.000000;0.000000;339783.000000;0.000000;0.000000;858.600159
596.000000;-1.000000;24754.000000;0.000000;337550.000000;0.000000;0.000000;859.940857
597.000000;-1.000000;23896.000000;0.000000;357625.000000;0.000000;0.000000;861.281250
598.000000;-1.000000;24387.000000;0.000000;340783.000000;0.000000;0.000000;862.995056
599.000000;-1.000000;24871.000000;0.000000;365216.000000;0.000000;0.000000;864.598389
600.000000;-1.000000;24235.000000;0.000000;309151.000000;0.000000;0.000000;866.098511
601.000000;-1.000000;26237.000000;0.000000;294369.000000;0.000000;0.000000;867.590881
602.000000;-1.000000;24637.000000;0.000000;340736.000000;0.000000;0.000000;869.083008
603.000000;-1.000000;26397.000000;0.000000;315781.000000;0.000000;0.000000;870.573425
604.000000;-1.000000;23452.000000;0.000000;364780.000000;0.000000;0.000000;872.046082
605.000000;-1.000000;26248.000000;0.000000;321498.000000;0.000000;0.000000;873.524597
606.000000;-1.000000;23615.000000;0.000000;391846.000000;0.000000;0.000000;875.019043
607.000000;-1.000000;24319.000000;0.000000;355406.000000;0.000000;0.000000;876.511475
608.000000;-1.000000;24455.000000;0.000000;343517.000000;0.000000;0.000000;877.995789
609.000000;-1.000000;24146.000000;0.000000;355500.000000;0.000000;0.000000;879.519104
610.000000;-1.000000;22322.000000;0.000000;371775.000000;0.000000;0.000000;881.023193
611.000000;-1.000000;24530.000000;0.000000;366446.000000;0.000000;0.000000;882.520386
612.000000;-1.000000;24487.000000;0.000000;289871.000000;0.000000;0.000000;884.040649
613.000000;-1.000000;23911.000000;0.000000;353450.000000;0.000000;0.000000;885.443359
614.000000;-1.000000;22891.000000;0.000000;385471.000000;0.000000;0.000000;886.758301
615.000000;-1.000000;22660.000000;0.000000;430485.000000;0.000000;0.000000;888.074463
616.000000;-1.000000;26513.000000;0.000000;282262.000000;0.000000;0.000000;889.385193
617.000000;-1.000000;24187.000000;0.000000;368293.000000;0.000000;0.000000;890.699463
618.000000;-1.000000;25116.000000;0.000000;364568.000000;0.000000;0.000000;892.012268
619.000000;-1.000000;26174.000000;0.000000;280560.000000;0.000000;0.000000;893.335266
620.000000;-1.000000;25939.000000;0.000000;296323.000000;0.000000;0.000000;894.683228
621.000000;-1.000000;23905.000000;0.000000;347640.000000;0.000000;0.000000;896.310730
622.000000;-1.000000;24726.000000;0.000000;344117.000000;0.000000;0.000000;897.792053
623.000000;-1.000000;24209.000000;0.000000;346580.000000;0.000000;0.000000;899.271606
624.000000;-1.000000;25035.000000;0.000000;301516.000000;0.000000;0.000000;900.733704
625.000000;-1.000000;26481.000000;0.000000;309131.000000;0.000000;0.000000;902.240967
626.000000;-1.000000;27875.000000;0.000000;256753.000000;0.000000;0.000000;903.694214
627.000000;-1.000000;26231.000000;0.000000;316732.000000;0.000000;0.000000;905.205383
628.000000;-1.000000;24413.000000;0.000000;334156.000000;0.000000;0.000000;906.647888
629.000000;-1.000000;24932.000000;0.000000;361303.000000;0.000000;0.000000;908.101624
630.000000;-1.000000;24619.000000;0.000000;331396.000000;0.000000;0.000000;909.591919
631.000000;-1.000000;24897.000000;0.000000;300957.000000;0.000000;0.000000;911.053467
632.000000;-1.000000;22742.000000;0.000000;388561.000000;0.000000;0.000000;912.521118
633.000000;-1.000000;23745.000000;0.000000;400599.000000;0.000000;0.000000;913.983337
634.000000;-1.000000;22284.000000;0.000000;411833.000000;0.000000;0.000000;915.326355
635.000000;-1.000000;25673.000000;0.000000;268429.000000;0.000000;0.000000;916.609924
636.000000;-1.000000;21843.000000;0.000000;436401.000000;0.000000;0.000000;917.900024
637.000000;-1.000000;24872.000000;0.000000;339444.000000;0.000000;0.000000;919.201782
638.000000;-1.000000;24766.000000;0.000000;348100.000000;0.000000;0.000000;920.590027
639.000000;-1.000000;25597.000000;0.000000;338802.000000;0.000000;0.000000;921.884827
640.000000;-1.000000;27200.000000;0.000000;248706.000000;0.000000;0.000000;923.499634
641.000000;-1.000000;25289.000000;0.000000;306545.000000;0.000000;0.000000;925.001831
642.000000;-1.000000;24716.000000;0.000000;339588.000000;0.000000;0.000000;926.489746
643.000000;-1.000000;24687.000000;0.000000;364317.000000;0.000000;0.000000;927.967224
644.000000;-1.000000;24661.000000;0.000000;369555.000000;0.000000;0.000000;929.446289
645.000000;-1.000000;25712.000000;0.000000;337009.000000;0.000000;0.000000;930.909180
646.000000;-1.000000;23441.000000;0.000000;373852.000000;0.000000;0.000000;932.361816
647.000000;-1.000000;25359.000000;0.000000;341962.000000;0.000000;0.000000;933.826660
648.000000;-1.000000;25092.000000;0.000000;333414.000000;0.000000;0.000000;935.307739
649.000000;-1.000000;24876.000000;0.000000;361939.000000;0.000000;0.000000;936.828491
650.000000;-1.000000;24411.000000;0.000000;344956.000000;0.000000;0.000000;938.305298
651.000000;-1.000000;25157.000000;0.000000;325709.000000;0.000000;0.000000;939.782104
652.000000;-1.000000;24199.000000;0.000000;381129.000000;0.000000;0.000000;941.257751
653.000000;-1.000000;26037.000000;0.000000;279339.000000;0.000000;0.000000;942.651428
654.000000;-1.000000;25038.000000;0.000000;329231.000000;0.000000;0.000000;943.983887
655.000000;-1.000000;26215.000000;0.000000;286152.000000;0.000000;0.000000;945.368347
656.000000;-1.000000;23313.000000;0.000000;343212.000000;0.000000;0.000000;946.804321
657.000000;-1.000000;23864.000000;0.000000;408668.000000;0.000000;0.000000;948.113525
658.000000;-1.000000;24923.000000;0.000000;294202.000000;0.000000;0.000000;949.424805
659.000000;-1.000000;25936.000000;0.000000;259504.000000;0.000000;0.000000;950.727478
660.000000;-1.000000;24163.000000;0.000000;372804.000000;0.000000;0.000000;952.032715
661.000000;-1.000000;23867.000000;0.000000;404230.000000;0.000000;0.000000;953.636780
662.000000;-1.000000;23950.000000;0.000000;381264.000000;0.000000;0.000000;955.167969
663.000000;-1.000000;24818.000000;0.000000;346015.000000;0.000000;0.000000;956.657959
664.000000;-1.000000;26040.000000;0.000000;301433.000000;0.000000;0.000000;958.136353
665.000000;-1.000000;24109.000000;0.000000;361420.000000;0.000000;0.000000;959.606323
666.000000;-1.000000;23147.000000;0.000000;367241.000000;0.000000;0.000000;961.080933
667.000000;-1.000000;24227.000000;0.000000;338016.000000;0.000000;0.000000;962.556580
668.000000;-1.000000;24554.000000;0.000000;334878.000000;0.000000;0.000000;964.057129
669.000000;-1.000000;26431.000000;0.000000;266294.000000;0.000000;0.000000;965.580811
670.000000;-1.000000;25796.000000;0.000000;320222.000000;0.000000;0.000000;967.107361
671.000000;-1.000000;23851.000000;0.000000;355685.000000;0.000000;0.000000;968.615295
672.000000;-1.000000;24049.000000;0.000000;336993.000000;0.000000;0.000000;970.129211
673.000000;-1.000000;24701.000000;0.000000;329320.000000;0.000000;0.000000;971.627075
674.000000;-1.000000;25303.000000;0.000000;340046.000000;0.000000;0.000000;972.954224
675.000000;-1.000000;24911.000000;0.000000;279806.000000;0.000000;0.000000;974.293396
676.000000;-1.000000;25311.000000;0.000000;312819.000000;0.000000;0.000000;975.661621
677.000000;-1.000000;25997.000000;0.000000;294809.000000;0.000000;0.000000;976.975220
678.000000;-1.000000;25403.000000;0.000000;343900.000000;0.000000;0.000000;978.284424
679.000000;-1.000000;24784.000000;0.000000;354846.000000;0.000000;0.000000;979.610596
680.000000;-1.000000;26506.000000;0.000000;278150.000000;0.000000;0.000000;980.943604
681.000000;-1.000000;25814.000000;0.000000;297071.000000;0.000000;0.000000;982.570679
682.000000;-1.000000;25411.000000;0.000000;299419.000000;0.000000;0.000000;984.081055
683.000000;-1.000000;25895.000000;0.000000;331357.000000;0.000000;0.000000;985.629700
684.000000;-1.000000;26279.000000;0.000000;252972.000000;0.000000;0.000000;987.136414
685.000000;-1.000000;25376.000000;0.000000;324986.000000;0.000000;0.000000;988.636414
686.000000;-1.000000;23338.000000;0.000000;379648.000000;0.000000;0.000000;990.137085
687.000000;-1.000000;24893.000000;0.000000;326620.000000;0.000000;0.000000;991.630615
688.000000;-1.000000;26717.000000;0.000000;275160.000000;0.000000;0.000000;993.116699
689.000000;-1.000000;23448.000000;0.000000;385470.000000;0.000000;0.000000;994.651733
690.000000;-1.000000;23425.000000;0.000000;370886.000000;0.000000;0.000000;996.179810
691.000000;-1.000000;24056.000000;0.000000;376883.000000;0.000000;0.000000;997.683594
692.000000;-1.000000;26913.000000;0.000000;252663.000000;0.000000;0.000000;999.200317
693.000000;-1.000000;24013.000000;0.000000;347150.000000;0.000000;0.000000;1000.677612
694.000000;-1.000000;24958.000000;0.000000;323732.000000;0.000000;0.000000;1002.017517
695.000000;-1.000000;23072.000000;0.000000;381317.000000;0.000000;0.000000;1003.352844
696.000000;-1.000000;25593.000000;0.000000;324215.000000;0.000000;0.000000;1004.787415
697.000000;-1.000000;24954.000000;0.000000;332114.000000;0.000000;0.000000;1006.151367
698.000000;-1.000000;25186.000000;0.000000;367337.000000;0.000000;0.000000;1007.473450
699.000000;-1.000000;27402.000000;0.000000;236627.000000;0.000000;0.000000;1008.806946
700.000000;-1.000000;24796.000000;0.000000;337536.000000;0.000000;0.000000;1010.140381
701.000000;-1.000000;25491.000000;0.000000;282051.000000;0.000000;0.000000;1011.859314
702.000000;-1.000000;26774.000000;0.000000;297413.000000;0.000000;0.000000;1013.381409
703.000000;-1.000000;25630.000000;0.000000;345457.000000;0.000000;0.000000;1014.935547
704.000000;-1.000000;25270.000000;0.000000;363873.000000;0.000000;0.000000;1016.442322
705.000000;-1.000000;26781.000000;0.000000;304637.000000;0.000000;0.000000;1017.945618
706.000000;-1.000000;23348.000000;0.000000;407681.000000;0.000000;0.000000;1019.442993
707.000000;-1.000000;25089.000000;0.000000;354594.000000;0.000000;0.000000;1020.944458
708.000000;-1.000000;25307.000000;0.000000;324811.000000;0.000000;0.000000;1022.450012
709.000000;-1.000000;25749.000000;0.000000;277258.000000;0.000000;0.000000;1023.956299
710.000000;-1.000000;23258.000000;0.000000;377640.000000;0.000000;0.000000;1025.569092
711.000000;-1.000000;26929.000000;0.000000;274040.000000;0.000000;0.000000;1027.109497
712.000000;-1.000000;25403.000000;0.000000;328717.000000;0.000000;0.000000;1028.632935
713.000000;-1.000000;26606.000000;0.000000;274403.000000;0.000000;0.000000;1030.153687
714.000000;-1.000000;24598.000000;0.000000;332674.000000;0.000000;0.000000;1031.511841
715.000000;-1.000000;23385.000000;0.000000;359906.000000;0.000000;0.000000;1032.864136
716.000000;-1.000000;25728.000000;0.000000;313128.000000;0.000000;0.000000;1034.199829
717.000000;-1.000000;24796.000000;0.000000;345621.000000;0.000000;0.000000;1035.567505
718.000000;-1.000000;24947.000000;0.000000;337773.000000;0.000000;0.000000;1036.909424
719.000000;-1.000000;25367.000000;0.000000;300730.000000;0.000000;0.000000;1038.259033
720.000000;-1.000000;24719.000000;0.000000;311095.000000;0.000000;0.000000;1039.597168
721.000000;-1.000000;24133.000000;0.000000;338052.000000;0.000000;0.000000;1041.275635
722.000000;-1.000000;24736.000000;0.000000;355455.000000;0.000000;0.000000;1042.814819
723.000000;-1.000000;23127.000000;0.000000;377062.000000;0.000000;0.000000;1044.344360
724.000000;-1.000000;25811.000000;0.000000;338951.000000;0.000000;0.000000;1045.909912
725.000000;-1.000000;24051.000000;0.000000;361746.000000;0.000000;0.000000;1047.427124
726.000000;-1.000000;24351.000000;0.000000;343062.000000;0.000000;0.000000;1048.950684
727.000000;-1.000000;25801.000000;0.000000;275707.000000;0.000000;0.000000;1050.578369
728.000000;-1.000000;23891.000000;0.000000;398634.000000;0.000000;0.000000;1052.106689
729.000000;-1.000000;23703.000000;0.000000;395877.000000;0.000000;0.000000;1053.665405
730.000000;-1.000000;25193.000000;0.000000;324292.000000;0.000000;0.000000;1055.236084
731.000000;-1.000000;24639.000000;0.000000;376470.000000;0.000000;0.000000;1056.781372
732.000000;-1.000000;27229.000000;0.000000;244419.000000;0.000000;0.000000;1058.324219
733.000000;-1.000000;23967.000000;0.000000;362799.000000;0.000000;0.000000;1059.679565
734.000000;-1.000000;24713.000000;0.000000;329810.000000;0.000000;0.000000;1061.018677
735.000000;-1.000000;23763.000000;0.000000;360142.000000;0.000000;0.000000;1062.372925
736.000000;-1.000000;25685.000000;0.000000;319479.000000;0.000000;0.000000;1063.733154
737.000000;-1.000000;25383.000000;0.000000;316216.000000;0.000000;0.000000;1065.213623
738.000000;-1.000000;24818.000000;0.000000;323772.000000;0.000000;0.000000;1066.571899
739.000000;-1.000000;24463.000000;0.000000;331190.000000;0.000000;0.000000;1067.910645
740.000000;-1.000000;23909.000000;0.000000;373097.000000;0.000000;0.000000;1069.252319
741.000000;-1.000000;24230.000000;0.000000;390744.000000;0.000000;0.000000;1070.923340
742.000000;-1.000000;24306.000000;0.000000;350230.000000;0.000000;0.000000;1072.484741
743.000000;-1.000000;25872.000000;0.000000;317850.000000;0.000000;0.000000;1074.033813
744.000000;-1.000000;25695.000000;0.000000;333998.000000;0.000000;0.000000;1075.595581
745.000000;-1.000000;23837.000000;0.000000;315470.000000;0.000000;0.000000;1077.133789
746.000000;-1.000000;24265.000000;0.000000;359801.000000;0.000000;0.000000;1078.671509
747.000000;-1.000000;23577.000000;0.000000;370582.000000;0.000000;0.000000;1080.214478
748.000000;-1.000000;23660.000000;0.000000;350491.000000;0.000000;0.000000;1081.742432
749.000000;-1.000000;24625.000000;0.000000;333173.000000;0.000000;0.000000;1083.306519
750.000000;-1.000000;24090.000000;0.000000;380701.000000;0.000000;0.000000;1084.865356
751.000000;-1.000000;24316.000000;0.000000;350185.000000;0.000000;0.000000;1086.457886
752.000000;-1.000000;25060.000000;0.000000;292341.000000;0.000000;0.000000;1088.009888
753.000000;-1.000000;26199.000000;0.000000;315613.000000;0.000000;0.000000;1089.473633
754.000000;-1.000000;23799.000000;0.000000;368950.000000;0.000000;0.000000;1090.842163
755.000000;-1.000000;23857.000000;0.000000;353338.000000;0.000000;0.000000;1092.210205
756.000000;-1.000000;25328.000000;0.000000;326112.000000;0.000000;0.000000;1093.580933
757.000000;-1.000000;25157.000000;0.000000;310589.000000;0.000000;0.000000;1094.946289
758.000000;-1.000000;23117.000000;0.000000;425284.000000;0.000000;0.000000;1096.341919
759.000000;-1.000000;26526.000000;0.000000;282275.000000;0.000000;0.000000;1097.716675
760.000000;-1.000000;25449.000000;0.000000;336845.000000;0.000000;0.000000;1099.078003
761.000000;-1.000000;24182.000000;0.000000;399763.000000;0.000000;0.000000;1100.772095
762.000000;-1.000000;24708.000000;0.000000;373490.000000;0.000000;0.000000;1102.344238
763.000000;-1.000000;27059.000000;0.000000;301989.000000;0.000000;0.000000;1103.898071
764.000000;-1.000000;23052.000000;0.000000;369652.000000;0.000000;0.000000;1105.482666
765.000000;-1.000000;25130.000000;0.000000;348999.000000;0.000000;0.000000;1107.043091
766.000000;-1.000000;23372.000000;0.000000;361103.000000;0.000000;0.000000;1108.592285
767.000000;-1.000000;25852.000000;0.000000;338544.000000;0.000000;0.000000;1110.138916
768.000000;-1.000000;24247.000000;0.000000;357755.000000;0.000000;0.000000;1111.690308
769.000000;-1.000000;25539.000000;0.000000;282981.000000;0.000000;0.000000;1113.247925
770.000000;-1.000000;24322.000000;0.000000;345898.000000;0.000000;0.000000;1114.851440
771.000000;-1.000000;25199.000000;0.000000;330170.000000;0.000000;0.000000;1116.472534
772.000000;-1.000000;23917.000000;0.000000;410368.000000;0.000000;0.000000;1118.070801
773.000000;-1.000000;24558.000000;0.000000;340955.000000;0.000000;0.000000;1119.641602
774.000000;-1.000000;24615.000000;0.000000;350521.000000;0.000000;0.000000;1121.102539
775.000000;-1.000000;23909.000000;0.000000;336430.000000;0.000000;0.000000;1122.490601
776.000000;-1.000000;23449.000000;0.000000;385973.000000;0.000000;0.000000;1123.858643
777.000000;-1.000000;27402.000000;0.000000;220056.000000;0.000000;0.000000;1125.270264
778.000000;-1.000000;26426.000000;0.000000;315175.000000;0.000000;0.000000;1126.674927
779.000000;-1.000000;23517.000000;0.000000;349811.000000;0.000000;0.000000;1128.047974
780.000000;-1.000000;24086.000000;0.000000;378296.000000;0.000000;0.000000;1129.428833
781.000000;-1.000000;26008.000000;0.000000;329978.000000;0.000000;0.000000;1131.117188
782.000000;-1.000000;25827.000000;0.000000;285159.000000;0.000000;0.000000;1132.700439
783.000000;-1.000000;24034.000000;0.000000;400465.000000;0.000000;0.000000;1134.277954
784.000000;-1.000000;22748.000000;0.000000;426517.000000;0.000000;0.000000;1135.867676
785.000000;-1.000000;23980.000000;0.000000;402584.000000;0.000000;0.000000;1137.432251
786.000000;-1.000000;23227.000000;0.000000;324198.000000;0.000000;0.000000;1138.987183
787.000000;-1.000000;25348.000000;0.000000;331108.000000;0.000000;0.000000;1140.548584
788.000000;-1.000000;24667.000000;0.000000;345564.000000;0.000000;0.000000;1142.114868
789.000000;-1.000000;26034.000000;0.000000;300316.000000;0.000000;0.000000;1143.679932
790.000000;-1.000000;25230.000000;0.000000;369108.000000;0.000000;0.000000;1145.302246
791.000000;-1.000000;24010.000000;0.000000;381714.000000;0.000000;0.000000;1146.929443
792.000000;-1.000000;24842.000000;0.000000;324367.000000;0.000000;0.000000;1148.520020
793.000000;-1.000000;23810.000000;0.000000;377993.000000;0.000000;0.000000;1150.114624
794.000000;-1.000000;27014.000000;0.000000;242021.000000;0.000000;0.000000;1151.537720
795.000000;-1.000000;24046.000000;0.000000;392903.000000;0.000000;0.000000;1152.923462
796.000000;-1.000000;26199.000000;0.000000;289731.000000;0.000000;0.000000;1154.310669
797.000000;-1.000000;24640.000000;0.000000;317639.000000;0.000000;0.000000;1155.725464
798.000000;-1.000000;26724.000000;0.000000;258354.000000;0.000000;0.000000;1157.148804
799.000000;-1.000000;26900.000000;0.000000;303244.000000;0.000000;0.000000;1158.543335
800.000000;-1.000000;24578.000000;0.000000;345041.000000;0.000000;0.000000;1159.944946
801.000000;-1.000000;24178.000000;0.000000;353251.000000;0.000000;0.000000;1161.722534
802.000000;-1.000000;24339.000000;0.000000;351399.000000;0.000000;0.000000;1163.322388
803.000000;-1.000000;25023.000000;0.000000;306580.000000;0.000000;0.000000;1164.925293
804.000000;-1.000000;23938.000000;0.000000;378488.000000;0.000000;0.000000;1166.575195
805.000000;-1.000000;22965.000000;0.000000;390286.000000;0.000000;0.000000;1168.179077
806.000000;-1.000000;24010.000000;0.000000;361756.000000;0.000000;0.000000;1169.769653
807.000000;-1.000000;24635.000000;0.000000;379413.000000;0.000000;0.000000;1171.349487
808.000000;-1.000000;25386.000000;0.000000;369445.000000;0.000000;0.000000;1172.934204
809.000000;-1.000000;24396.000000;0.000000;281051.000000;0.000000;0.000000;1174.573730
810.000000;-1.000000;24429.000000;0.000000;390363.000000;0.000000;0.000000;1176.229492
811.000000;-1.000000;23499.000000;0.000000;391907.000000;0.000000;0.000000;1177.838013
812.000000;-1.000000;25724.000000;0.000000;289153.000000;0.000000;0.000000;1179.510742
813.000000;-1.000000;24289.000000;0.000000;346607.000000;0.000000;0.000000;1180.933594
814.000000;-1.000000;27158.000000;0.000000;280181.000000;0.000000;0.000000;1182.343506
815.000000;-1.000000;24568.000000;0.000000;312167.000000;0.000000;0.000000;1183.750122
816.000000;-1.000000;23779.000000;0.000000;333721.000000;0.000000;0.000000;1185.210938
817.000000;-1.000000;23797.000000;0.000000;365890.000000;0.000000;0.000000;1186.683960
818.000000;-1.000000;23679.000000;0.000000;368746.000000;0.000000;0.000000;1188.116333
819.000000;-1.000000;24226.000000;0.000000;380591.000000;0.000000;0.000000;1189.545654
820.000000;-1.000000;21290.000000;0.000000;424861.000000;0.000000;0.000000;1190.956909
821.000000;-1.000000;26024.000000;0.000000;304138.000000;0.000000;0.000000;1192.737793
822.000000;-1.000000;24053.000000;0.000000;322855.000000;0.000000;0.000000;1194.368408
823.000000;-1.000000;24727.000000;0.000000;317781.000000;0.000000;0.000000;1195.999512
824.000000;-1.000000;22358.000000;0.000000;415528.000000;0.000000;0.000000;1197.632935
825.000000;-1.000000;23817.000000;0.000000;374184.000000;0.000000;0.000000;1199.238770
826.000000;-1.000000;22800.000000;0.000000;423062.000000;0.000000;0.000000;1200.835938
827.000000;-1.000000;25586.000000;0.000000;276853.000000;0.000000;0.000000;1202.528442
828.000000;-1.000000;24213.000000;0.000000;363870.000000;0.000000;0.000000;1204.134399
829.000000;-1.000000;26830.000000;0.000000;286781.000000;0.000000;0.000000;1206.012695
830.000000;-1.000000;25986.000000;0.000000;316629.000000;0.000000;0.000000;1207.678467
831.000000;-1.000000;28303.000000;0.000000;214502.000000;0.000000;0.000000;1209.308960
832.000000;-1.000000;25703.000000;0.000000;317665.000000;0.000000;0.000000;1210.891724
833.000000;-1.000000;23035.000000;0.000000;411326.000000;0.000000;0.000000;1212.324707
834.000000;-1.000000;25156.000000;0.000000;331209.000000;0.000000;0.000000;1213.752686
835.000000;-1.000000;23478.000000;0.000000;364445.000000;0.000000;0.000000;1215.171753
836.000000;-1.000000;25066.000000;0.000000;339248.000000;0.000000;0.000000;1216.629150
837.000000;-1.000000;24285.000000;0.000000;364125.000000;0.000000;0.000000;1218.053955
838.000000;-1.000000;26713.000000;0.000000;250072.000000;0.000000;0.000000;1219.504761
839.000000;-1.000000;23761.000000;0.000000;391499.000000;0.000000;0.000000;1220.940186
840.000000;-1.000000;26195.000000;0.000000;306822.000000;0.000000;0.000000;1222.553955
841.000000;-1.000000;23239.000000;0.000000;399465.000000;0.000000;0.000000;1224.370850
842.000000;-1.000000;25590.000000;0.000000;352790.000000;0.000000;0.000000;1226.002319
843.000000;-1.000000;23865.000000;0.000000;356917.000000;0.000000;0.000000;1227.598999
844.000000;-1.000000;24294.000000;0.000000;336884.000000;0.000000;0.000000;1229.176514
845.000000;-1.000000;25830.000000;0.000000;271817.000000;0.000000;0.000000;1230.763184
846.000000;-1.000000;24416.000000;0.000000;324376.000000;0.000000;0.000000;1232.318604
847.000000;-1.000000;23380.000000;0.000000;381410.000000;0.000000;0.000000;1233.879028
848.000000;-1.000000;24468.000000;0.000000;346731.000000;0.000000;0.000000;1235.486816
849.000000;-1.000000;25579.000000;0.000000;320097.000000;0.000000;0.000000;1237.135376
850.000000;-1.000000;25055.000000;0.000000;315408.000000;0.000000;0.000000;1238.729492
851.000000;-1.000000;25551.000000;0.000000;330621.000000;0.000000;0.000000;1240.310181
852.000000;-1.000000;24276.000000;0.000000;334181.000000;0.000000;0.000000;1241.789185
853.000000;-1.000000;25721.000000;0.000000;332198.000000;0.000000;0.000000;1243.178101
854.000000;-1.000000;24716.000000;0.000000;311753.000000;0.000000;0.000000;1244.616943
855.000000;-1.000000;24495.000000;0.000000;348158.000000;0.000000;0.000000;1246.162598
856.000000;-1.000000;25407.000000;0.000000;339039.000000;0.000000;0.000000;1247.612427
857.000000;-1.000000;23303.000000;0.000000;360986.000000;0.000000;0.000000;1249.003418
858.000000;-1.000000;24366.000000;0.000000;326123.000000;0.000000;0.000000;1250.402466
859.000000;-1.000000;26627.000000;0.000000;298341.000000;0.000000;0.000000;1251.799683
860.000000;-1.000000;25108.000000;0.000000;340496.000000;0.000000;0.000000;1253.187256
861.000000;-1.000000;23932.000000;0.000000;352116.000000;0.000000;0.000000;1254.923096
862.000000;-1.000000;25141.000000;0.000000;338781.000000;0.000000;0.000000;1256.527954
863.000000;-1.000000;25846.000000;0.000000;338912.000000;0.000000;0.000000;1258.091064
864.000000;-1.000000;25538.000000;0.000000;319610.000000;0.000000;0.000000;1259.626709
865.000000;-1.000000;24962.000000;0.000000;367043.000000;0.000000;0.000000;1261.170532
866.000000;-1.000000;24196.000000;0.000000;351069.000000;0.000000;0.000000;1262.692627
867.000000;-1.000000;24659.000000;0.000000;352894.000000;0.000000;0.000000;1264.225342
868.000000;-1.000000;24603.000000;0.000000;388145.000000;0.000000;0.000000;1265.749878
869.000000;-1.000000;24851.000000;0.000000;389212.000000;0.000000;0.000000;1267.372437
870.000000;-1.000000;23100.000000;0.000000;442980.000000;0.000000;0.000000;1268.920288
871.000000;-1.000000;24488.000000;0.000000;338545.000000;0.000000;0.000000;1270.470215
872.000000;-1.000000;28009.000000;0.000000;239731.000000;0.000000;0.000000;1272.027710
873.000000;-1.000000;25150.000000;0.000000;326853.000000;0.000000;0.000000;1273.495483
874.000000;-1.000000;24367.000000;0.000000;349832.000000;0.000000;0.000000;1274.864258
875.000000;-1.000000;24152.000000;0.000000;379197.000000;0.000000;0.000000;1276.225952
876.000000;-1.000000;23981.000000;0.000000;327203.000000;0.000000;0.000000;1277.620728
877.000000;-1.000000;24248.000000;0.000000;398567.000000;0.000000;0.000000;1278.984863
878.000000;-1.000000;25727.000000;0.000000;329601.000000;0.000000;0.000000;1280.353638
879.000000;-1.000000;25362.000000;0.000000;326376.000000;0.000000;0.000000;1281.825439
880.000000;-1.000000;26532.000000;0.000000;287799.000000;0.000000;0.000000;1283.551880
881.000000;-1.000000;25071.000000;0.000000;341580.000000;0.000000;0.000000;1285.094971
882.000000;-1.000000;23404.000000;0.000000;351138.000000;0.000000;0.000000;1286.643311
883.000000;-1.000000;23147.000000;0.000000;350827.000000;0.000000;0.000000;1288.170898
884.000000;-1.000000;24221.000000;0.000000;411681.000000;0.000000;0.000000;1289.673706
885.000000;-1.000000;26775.000000;0.000000;292155.000000;0.000000;0.000000;1291.166504
886.000000;-1.000000;25956.000000;0.000000;289549.000000;0.000000;0.000000;1292.662964
887.000000;-1.000000;24429.000000;0.000000;332888.000000;0.000000;0.000000;1294.227783
888.000000;-1.000000;25941.000000;0.000000;343499.000000;0.000000;0.000000;1295.742676
889.000000;-1.000000;27165.000000;0.000000;299156.000000;0.000000;0.000000;1297.331299
890.000000;-1.000000;25205.000000;0.000000;314003.000000;0.000000;0.000000;1298.855957
891.000000;-1.000000;24880.000000;0.000000;330941.000000;0.000000;0.000000;1300.401001
892.000000;-1.000000;24948.000000;0.000000;348755.000000;0.000000;0.000000;1301.923828
893.000000;-1.000000;23509.000000;0.000000;379723.000000;0.000000;0.000000;1303.285522
894.000000;-1.000000;24898.000000;0.000000;338292.000000;0.000000;0.000000;1304.640259
895.000000;-1.000000;25301.000000;0.000000;308437.000000;0.000000;0.000000;1306.015991
896.000000;-1.000000;23457.000000;0.000000;354084.000000;0.000000;0.000000;1307.718384
897.000000;-1.000000;24196.000000;0.000000;311292.000000;0.000000;0.000000;1309.518921
898.000000;-1.000000;24052.000000;0.000000;358644.000000;0.000000;0.000000;1311.194458
899.000000;-1.000000;25984.000000;0.000000;284960.000000;0.000000;0.000000;1312.504761
900.000000;-1.000000;25166.000000;0.000000;380198.000000;0.000000;0.000000;1313.831543
901.000000;-1.000000;26739.000000;0.000000;254382.000000;0.000000;0.000000;1315.492676
902.000000;-1.000000;27239.000000;0.000000;284754.000000;0.000000;0.000000;1317.016479
903.000000;-1.000000;25768.000000;0.000000;297089.000000;0.000000;0.000000;1318.533447
904.000000;-1.000000;24926.000000;0.000000;282488.000000;0.000000;0.000000;1320.010498
905.000000;-1.000000;26031.000000;0.000000;288397.000000;0.000000;0.000000;1321.480103
906.000000;-1.000000;25065.000000;0.000000;309533.000000;0.000000;0.000000;1322.951416
907.000000;-1.000000;26798.000000;0.000000;305626.000000;0.000000;0.000000;1324.428589
908.000000;-1.000000;25280.000000;0.000000;319044.000000;0.000000;0.000000;1325.893555
909.000000;-1.000000;25910.000000;0.000000;317204.000000;0.000000;0.000000;1327.415161
910.000000;-1.000000;23760.000000;0.000000;353985.000000;0.000000;0.000000;1328.915649
911.000000;-1.000000;23827.000000;0.000000;378425.000000;0.000000;0.000000;1330.399536
912.000000;-1.000000;23531.000000;0.000000;311415.000000;0.000000;0.000000;1331.884521
913.000000;-1.000000;26808.000000;0.000000;312571.000000;0.000000;0.000000;1333.358154
914.000000;-1.000000;26212.000000;0.000000;295536.000000;0.000000;0.000000;1334.669434
915.000000;-1.000000;24564.000000;0.000000;302636.000000;0.000000;0.000000;1335.972168
916.000000;-1.000000;24515.000000;0.000000;354729.000000;0.000000;0.000000;1337.306030
917.000000;-1.000000;24914.000000;0.000000;326402.000000;0.000000;0.000000;1338.855591
918.000000;-1.000000;24071.000000;0.000000;369934.000000;0.000000;0.000000;1340.359741
919.000000;-1.000000;24057.000000;0.000000;370151.000000;0.000000;0.000000;1341.774536
920.000000;-1.000000;26578.000000;0.000000;289117.000000;0.000000;0.000000;1343.477783
921.000000;-1.000000;23174.000000;0.000000;364154.000000;0.000000;0.000000;1345.055664
922.000000;-1.000000;24044.000000;0.000000;358647.000000;0.000000;0.000000;1346.542969
923.000000;-1.000000;24917.000000;0.000000;312599.000000;0.000000;0.000000;1348.032593
924.000000;-1.000000;26792.000000;0.000000;286187.000000;0.000000;0.000000;1349.483521
925.000000;-1.000000;24580.000000;0.000000;346860.000000;0.000000;0.000000;1350.918335
926.000000;-1.000000;25080.000000;0.000000;357517.000000;0.000000;0.000000;1352.358276
927.000000;-1.000000;27014.000000;0.000000;261719.000000;0.000000;0.000000;1353.821777
928.000000;-1.000000;23949.000000;0.000000;336032.000000;0.000000;0.000000;1355.272583
929.000000;-1.000000;24766.000000;0.000000;339694.000000;0.000000;0.000000;1356.767822
930.000000;-1.000000;24317.000000;0.000000;362419.000000;0.000000;0.000000;1358.267578
931.000000;-1.000000;23855.000000;0.000000;328945.000000;0.000000;0.000000;1359.825439
932.000000;-1.000000;25719.000000;0.000000;323736.000000;0.000000;0.000000;1361.288940
933.000000;-1.000000;25559.000000;0.000000;285233.000000;0.000000;0.000000;1362.641968
934.000000;-1.000000;24340.000000;0.000000;354323.000000;0.000000;0.000000;1363.929199
935.000000;-1.000000;25138.000000;0.000000;321035.000000;0.000000;0.000000;1365.260620
936.000000;-1.000000;25346.000000;0.000000;323243.000000;0.000000;0.000000;1366.552368
937.000000;-1.000000;25473.000000;0.000000;303534.000000;0.000000;0.000000;1367.876221
938.000000;-1.000000;25542.000000;0.000000;286514.000000;0.000000;0.000000;1369.184326
939.000000;-1.000000;23901.000000;0.000000;364796.000000;0.000000;0.000000;1370.503662
940.000000;-1.000000;22971.000000;0.000000;420013.000000;0.000000;0.000000;1371.798828
941.000000;-1.000000;22317.000000;0.000000;376282.000000;0.000000;0.000000;1373.380615
942.000000;-1.000000;24469.000000;0.000000;350568.000000;0.000000;0.000000;1374.850586
943.000000;-1.000000;24897.000000;0.000000;350853.000000;0.000000;0.000000;1376.333130
944.000000;-1.000000;25665.000000;0.000000;312181.000000;0.000000;0.000000;1377.846680
945.000000;-1.000000;24621.000000;0.000000;358007.000000;0.000000;0.000000;1379.302979
946.000000;-1.000000;26194.000000;0.000000;295052.000000;0.000000;0.000000;1380.750244
947.000000;-1.000000;25226.000000;0.000000;363895.000000;0.000000;0.000000;1382.203125
948.000000;-1.000000;26376.000000;0.000000;297963.000000;0.000000;0.000000;1383.663086
949.000000;-1.000000;24079.000000;0.000000;374290.000000;0.000000;0.000000;1385.124146
950.000000;-1.000000;25427.000000;0.000000;326478.000000;0.000000;0.000000;1386.640625
951.000000;-1.000000;23468.000000;0.000000;341724.000000;0.000000;0.000000;1388.177246
952.000000;-1.000000;24889.000000;0.000000;333230.000000;0.000000;0.000000;1389.661743
953.000000;-1.000000;23541.000000;0.000000;377202.000000;0.000000;0.000000;1391.118042
954.000000;-1.000000;24950.000000;0.000000;328363.000000;0.000000;0.000000;1392.438477
955.000000;-1.000000;24371.000000;0.000000;373044.000000;0.000000;0.000000;1393.735229
956.000000;-1.000000;24898.000000;0.000000;335471.000000;0.000000;0.000000;1395.035278
957.000000;-1.000000;24387.000000;0.000000;347960.000000;0.000000;0.000000;1396.333252
958.000000;-1.000000;25274.000000;0.000000;296801.000000;0.000000;0.000000;1397.661865
959.000000;-1.000000;25388.000000;0.000000;318734.000000;0.000000;0.000000;1398.964233
960.000000;-1.000000;23121.000000;0.000000;389877.000000;0.000000;0.000000;1400.259399
961.000000;-1.000000;24576.000000;0.000000;343131.000000;0.000000;0.000000;1401.873047
962.000000;-1.000000;24216.000000;0.000000;349564.000000;0.000000;0.000000;1403.360962
963.000000;-1.000000;25233.000000;0.000000;328542.000000;0.000000;0.000000;1404.840088
964.000000;-1.000000;23987.000000;0.000000;397192.000000;0.000000;0.000000;1406.305542
965.000000;-1.000000;24204.000000;0.000000;363805.000000;0.000000;0.000000;1407.850952
966.000000;-1.000000;24317.000000;0.000000;350637.000000;0.000000;0.000000;1409.328857
967.000000;-1.000000;24435.000000;0.000000;378477.000000;0.000000;0.000000;1410.793335
968.000000;-1.000000;23526.000000;0.000000;400947.000000;0.000000;0.000000;1412.271118
969.000000;-1.000000;24328.000000;0.000000;390151.000000;0.000000;0.000000;1413.753174
970.000000;-1.000000;25615.000000;0.000000;311130.000000;0.000000;0.000000;1415.260620
971.000000;-1.000000;23028.000000;0.000000;396029.000000;0.000000;0.000000;1416.753662
972.000000;-1.000000;24741.000000;0.000000;342333.000000;0.000000;0.000000;1418.268677
973.000000;-1.000000;23606.000000;0.000000;386652.000000;0.000000;0.000000;1419.764648
974.000000;-1.000000;25789.000000;0.000000;291269.000000;0.000000;0.000000;1421.095581
975.000000;-1.000000;24137.000000;0.000000;371758.000000;0.000000;0.000000;1422.408203
976.000000;-1.000000;25751.000000;0.000000;314003.000000;0.000000;0.000000;1423.727173
977.000000;-1.000000;24605.000000;0.000000;322664.000000;0.000000;0.000000;1425.132568
978.000000;-1.000000;23566.000000;0.000000;360895.000000;0.000000;0.000000;1426.443481
979.000000;-1.000000;24968.000000;0.000000;366001.000000;0.000000;0.000000;1427.805420
980.000000;-1.000000;23741.000000;0.000000;387121.000000;0.000000;0.000000;1429.119873
981.000000;-1.000000;25183.000000;0.000000;328809.000000;0.000000;0.000000;1430.742554
982.000000;-1.000000;24505.000000;0.000000;355672.000000;0.000000;0.000000;1432.245361
983.000000;-1.000000;26213.000000;0.000000;297536.000000;0.000000;0.000000;1433.739502
984.000000;-1.000000;24103.000000;0.000000;371110.000000;0.000000;0.000000;1435.224243
985.000000;-1.000000;25369.000000;0.000000;291070.000000;0.000000;0.000000;1436.704468
986.000000;-1.000000;24459.000000;0.000000;345781.000000;0.000000;0.000000;1438.229736
987.000000;-1.000000;25969.000000;0.000000;258499.000000;0.000000;0.000000;1439.779297
988.000000;-1.000000;22622.000000;0.000000;391679.000000;0.000000;0.000000;1441.272217
989.000000;-1.000000;24194.000000;0.000000;341755.000000;0.000000;0.000000;1442.776489
990.000000;-1.000000;24712.000000;0.000000;351923.000000;0.000000;0.000000;1444.303711
991.000000;-1.000000;27082.000000;0.000000;280625.000000;0.000000;0.000000;1445.811157
992.000000;-1.000000;25645.000000;0.000000;329789.000000;0.000000;0.000000;1447.336548
993.000000;-1.000000;22817.000000;0.000000;422924.000000;0.000000;0.000000;1448.858887
994.000000;-1.000000;23205.000000;0.000000;377391.000000;0.000000;0.000000;1450.176758
995.000000;-1.000000;23644.000000;0.000000;389324.000000;0.000000;0.000000;1451.490723
996.000000;-1.000000;23753.000000;0.000000;345662.000000;0.000000;0.000000;1452.806641
997.000000;-1.000000;23409.000000;0.000000;394059.000000;0.000000;0.000000;1454.124878
998.000000;-1.000000;25157.000000;0.000000;303422.000000;0.000000;0.000000;1455.446045
999.000000;-1.000000;23377.000000;0.000000;416291.000000;0.000000;0.000000;1456.770020
1000.000000;-1.000000;26639.000000;0.000000;278700.000000;0.000000;0.000000;1458.111450
1001.000000;-1.000000;24480.000000;0.000000;337328.000000;0.000000;0.000000;1459.755493
1002.000000;-1.000000;25596.000000;0.000000;287429.000000;0.000000;0.000000;1461.279663
1003.000000;-1.000000;25767.000000;0.000000;307257.000000;0.000000;0.000000;1462.881592
1004.000000;-1.000000;24638.000000;0.000000;363499.000000;0.000000;0.000000;1464.465942
1005.000000;-1.000000;23540.000000;0.000000;406345.000000;0.000000;0.000000;1465.955078
1006.000000;-1.000000;22854.000000;0.000000;401781.000000;0.000000;0.000000;1467.452271
1007.000000;-1.000000;27270.000000;0.000000;250952.000000;0.000000;0.000000;1468.991577
1008.000000;-1.000000;24207.000000;0.000000;319430.000000;0.000000;0.000000;1470.500000
1009.000000;-1.000000;25113.000000;0.000000;327446.000000;0.000000;0.000000;1471.994385
1010.000000;-1.000000;23784.000000;0.000000;382767.000000;0.000000;0.000000;1473.557495
1011.000000;-1.000000;25351.000000;0.000000;346689.000000;0.000000;0.000000;1475.090576
1012.000000;-1.000000;26434.000000;0.000000;250772.000000;0.000000;0.000000;1476.624023
1013.000000;-1.000000;23055.000000;0.000000;379738.000000;0.000000;0.000000;1478.179810
1014.000000;-1.000000;23121.000000;0.000000;423657.000000;0.000000;0.000000;1479.538818
1015.000000;-1.000000;24914.000000;0.000000;335492.000000;0.000000;0.000000;1480.885986
1016.000000;-1.000000;25766.000000;0.000000;313137.000000;0.000000;0.000000;1482.214966
1017.000000;-1.000000;25747.000000;0.000000;306456.000000;0.000000;0.000000;1483.543579
1018.000000;-1.000000;25013.000000;0.000000;334545.000000;0.000000;0.000000;1484.903687
1019.000000;-1.000000;24376.000000;0.000000;362263.000000;0.000000;0.000000;1486.243408
1020.000000;-1.000000;24964.000000;0.000000;290773.000000;0.000000;0.000000;1487.575806
1021.000000;-1.000000;24742.000000;0.000000;328384.000000;0.000000;0.000000;1489.183838
1022.000000;-1.000000;27129.000000;0.000000;263938.000000;0.000000;0.000000;1490.740234
1023.000000;-1.000000;25462.000000;0.000000;305009.000000;0.000000;0.000000;1492.274414
1024.000000;-1.000000;24273.000000;0.000000;356589.000000;0.000000;0.000000;1493.790039
1025.000000;-1.000000;25302.000000;0.000000;326008.000000;0.000000;0.000000;1495.288818
1026.000000;-1.000000;24422.000000;0.000000;366063.000000;0.000000;0.000000;1496.801758
1027.000000;-1.000000;24856.000000;0.000000;331680.000000;0.000000;0.000000;1498.340454
1028.000000;-1.000000;24621.000000;0.000000;336551.000000;0.000000;0.000000;1499.854004
1029.000000;-1.000000;24892.000000;0.000000;328534.000000;0.000000;0.000000;1501.366455
1030.000000;-1.000000;23723.000000;0.000000;387548.000000;0.000000;0.000000;1502.947144
1031.000000;-1.000000;24082.000000;0.000000;343739.000000;0.000000;0.000000;1504.458008
1032.000000;-1.000000;24138.000000;0.000000;348187.000000;0.000000;0.000000;1506.074219
1033.000000;-1.000000;22903.000000;0.000000;362321.000000;0.000000;0.000000;1507.640015
1034.000000;-1.000000;28530.000000;0.000000;204770.000000;0.000000;0.000000;1509.206299
1035.000000;-1.000000;26508.000000;0.000000;290674.000000;0.000000;0.000000;1510.743164
1036.000000;-1.000000;28824.000000;0.000000;211007.000000;0.000000;0.000000;1512.181396
1037.000000;-1.000000;23906.000000;0.000000;429202.000000;0.000000;0.000000;1513.531982
1038.000000;-1.000000;23259.000000;0.000000;351883.000000;0.000000;0.000000;1514.876587
1039.000000;-1.000000;24392.000000;0.000000;331150.000000;0.000000;0.000000;1516.219971
1040.000000;-1.000000;24491.000000;0.000000;337437.000000;0.000000;0.000000;1517.573120
1041.000000;-1.000000;24460.000000;0.000000;370657.000000;0.000000;0.000000;1519.305176
1042.000000;-1.000000;24774.000000;0.000000;363716.000000;0.000000;0.000000;1520.883789
1043.000000;-1.000000;23212.000000;0.000000;378606.000000;0.000000;0.000000;1522.545532
1044.000000;-1.000000;22590.000000;0.000000;399533.000000;0.000000;0.000000;1524.061523
1045.000000;-1.000000;23259.000000;0.000000;352192.000000;0.000000;0.000000;1525.569580
1046.000000;-1.000000;25802.000000;0.000000;309881.000000;0.000000;0.000000;1527.099976
1047.000000;-1.000000;24947.000000;0.000000;342429.000000;0.000000;0.000000;1528.669922
1048.000000;-1.000000;24278.000000;0.000000;285055.000000;0.000000;0.000000;1530.201538
1049.000000;-1.000000;24215.000000;0.000000;337878.000000;0.000000;0.000000;1531.732056
1050.000000;-1.000000;23383.000000;0.000000;390882.000000;0.000000;0.000000;1533.314941
1051.000000;-1.000000;26575.000000;0.000000;295465.000000;0.000000;0.000000;1534.855347
1052.000000;-1.000000;22800.000000;0.000000;420086.000000;0.000000;0.000000;1536.410767
1053.000000;-1.000000;25104.000000;0.000000;370319.000000;0.000000;0.000000;1537.944580
1054.000000;-1.000000;23567.000000;0.000000;370751.000000;0.000000;0.000000;1539.357422
1055.000000;-1.000000;25823.000000;0.000000;318484.000000;0.000000;0.000000;1540.723755
1056.000000;-1.000000;24174.000000;0.000000;388285.000000;0.000000;0.000000;1542.084473
1057.000000;-1.000000;29295.000000;0.000000;218095.000000;0.000000;0.000000;1543.448486
1058.000000;-1.000000;23225.000000;0.000000;375613.000000;0.000000;0.000000;1544.835693
1059.000000;-1.000000;24401.000000;0.000000;336040.000000;0.000000;0.000000;1546.338501
1060.000000;-1.000000;25302.000000;0.000000;311612.000000;0.000000;0.000000;1547.705322
1061.000000;-1.000000;26076.000000;0.000000;317545.000000;0.000000;0.000000;1549.348022
1062.000000;-1.000000;23528.000000;0.000000;378129.000000;0.000000;0.000000;1550.929199
1063.000000;-1.000000;23461.000000;0.000000;382113.000000;0.000000;0.000000;1552.485840
1064.000000;-1.000000;25669.000000;0.000000;287887.000000;0.000000;0.000000;1554.038086
1065.000000;-1.000000;23832.000000;0.000000;360897.000000;0.000000;0.000000;1555.573486
1066.000000;-1.000000;24608.000000;0.000000;353866.000000;0.000000;0.000000;1557.115112
1067.000000;-1.000000;23397.000000;0.000000;400719.000000;0.000000;0.000000;1558.708130
1068.000000;-1.000000;25393.000000;0.000000;348601.000000;0.000000;0.000000;1560.262329
1069.000000;-1.000000;24390.000000;0.000000;365585.000000;0.000000;0.000000;1561.806274
1070.000000;-1.000000;24816.000000;0.000000;353184.000000;0.000000;0.000000;1563.353638
1071.000000;-1.000000;23516.000000;0.000000;403121.000000;0.000000;0.000000;1564.895874
1072.000000;-1.000000;24503.000000;0.000000;325902.000000;0.000000;0.000000;1566.497437
1073.000000;-1.000000;25322.000000;0.000000;343083.000000;0.000000;0.000000;1568.065063
1074.000000;-1.000000;25044.000000;0.000000;337850.000000;0.000000;0.000000;1569.732544
1075.000000;-1.000000;23949.000000;0.000000;346325.000000;0.000000;0.000000;1571.289062
1076.000000;-1.000000;23772.000000;0.000000;381002.000000;0.000000;0.000000;1572.680298
1077.000000;-1.000000;23459.000000;0.000000;354839.000000;0.000000;0.000000;1574.048950
1078.000000;-1.000000;23321.000000;0.000000;408302.000000;0.000000;0.000000;1575.417480
1079.000000;-1.000000;24967.000000;0.000000;337719.000000;0.000000;0.000000;1576.798584
1080.000000;-1.000000;23202.000000;0.000000;382746.000000;0.000000;0.000000;1578.166260
1081.000000;-1.000000;25540.000000;0.000000;344832.000000;0.000000;0.000000;1579.930786
1082.000000;-1.000000;25612.000000;0.000000;343919.000000;0.000000;0.000000;1581.550415
1083.000000;-1.000000;24962.000000;0.000000;328993.000000;0.000000;0.000000;1583.130127
1084.000000;-1.000000;25714.000000;0.000000;305669.000000;0.000000;0.000000;1584.782593
1085.000000;-1.000000;26944.000000;0.000000;269858.000000;0.000000;0.000000;1586.339111
1086.000000;-1.000000;24665.000000;0.000000;370526.000000;0.000000;0.000000;1587.915161
1087.000000;-1.000000;26282.000000;0.000000;293665.000000;0.000000;0.000000;1589.512085
1088.000000;-1.000000;25792.000000;0.000000;287975.000000;0.000000;0.000000;1591.070312
1089.000000;-1.000000;24689.000000;0.000000;321647.000000;0.000000;0.000000;1592.679810
1090.000000;-1.000000;22754.000000;0.000000;354106.000000;0.000000;0.000000;1594.266113
1091.000000;-1.000000;23847.000000;0.000000;359108.000000;0.000000;0.000000;1595.858765
1092.000000;-1.000000;23004.000000;0.000000;352189.000000;0.000000;0.000000;1597.455688
1093.000000;-1.000000;23202.000000;0.000000;368738.000000;0.000000;0.000000;1598.925049
1094.000000;-1.000000;24403.000000;0.000000;368361.000000;0.000000;0.000000;1600.317383
1095.000000;-1.000000;23518.000000;0.000000;374195.000000;0.000000;0.000000;1601.700684
1096.000000;-1.000000;24635.000000;0.000000;336727.000000;0.000000;0.000000;1603.083740
1097.000000;-1.000000;23881.000000;0.000000;377484.000000;0.000000;0.000000;1604.466064
1098.000000;-1.000000;24467.000000;0.000000;339132.000000;0.000000;0.000000;1605.906372
1099.000000;-1.000000;24724.000000;0.000000;311860.000000;0.000000;0.000000;1607.298828
1100.000000;-1.000000;25922.000000;0.000000;284637.000000;0.000000;0.000000;1608.684082
1101.000000;-1.000000;23827.000000;0.000000;407189.000000;0.000000;0.000000;1610.373779
1102.000000;-1.000000;23937.000000;0.000000;352347.000000;0.000000;0.000000;1612.004272
1103.000000;-1.000000;24902.000000;0.000000;364646.000000;0.000000;0.000000;1613.612549
1104.000000;-1.000000;26260.000000;0.000000;289114.000000;0.000000;0.000000;1615.197388
1105.000000;-1.000000;24467.000000;0.000000;343403.000000;0.000000;0.000000;1616.753296
1106.000000;-1.000000;25862.000000;0.000000;279027.000000;0.000000;0.000000;1618.285034
1107.000000;-1.000000;23267.000000;0.000000;373806.000000;0.000000;0.000000;1619.872803
1108.000000;-1.000000;24483.000000;0.000000;379395.000000;0.000000;0.000000;1621.416626
1109.000000;-1.000000;24689.000000;0.000000;346551.000000;0.000000;0.000000;1622.997803
1110.000000;-1.000000;23787.000000;0.000000;373734.000000;0.000000;0.000000;1624.552246
1111.000000;-1.000000;25776.000000;0.000000;289662.000000;0.000000;0.000000;1626.111694
1112.000000;-1.000000;25332.000000;0.000000;320823.000000;0.000000;0.000000;1627.683838
1113.000000;-1.000000;24723.000000;0.000000;348350.000000;0.000000;0.000000;1629.128540
1114.000000;-1.000000;22980.000000;0.000000;406301.000000;0.000000;0.000000;1630.512451
1115.000000;-1.000000;24416.000000;0.000000;351591.000000;0.000000;0.000000;1631.870361
1116.000000;-1.000000;22024.000000;0.000000;409123.000000;0.000000;0.000000;1633.234375
1117.000000;-1.000000;25157.000000;0.000000;330741.000000;0.000000;0.000000;1634.599609
1118.000000;-1.000000;23711.000000;0.000000;402580.000000;0.000000;0.000000;1635.975464
1119.000000;-1.000000;28623.000000;0.000000;228379.000000;0.000000;0.000000;1637.328003
1120.000000;-1.000000;28824.000000;0.000000;233008.000000;0.000000;0.000000;1638.678589
1121.000000;-1.000000;26711.000000;0.000000;237443.000000;0.000000;0.000000;1640.417969
1122.000000;-1.000000;27976.000000;0.000000;215303.000000;0.000000;0.000000;1641.994629
1123.000000;-1.000000;23518.000000;0.000000;360048.000000;0.000000;0.000000;1643.565063
1124.000000;-1.000000;25791.000000;0.000000;341746.000000;0.000000;0.000000;1645.104126
1125.000000;-1.000000;23561.000000;0.000000;354321.000000;0.000000;0.000000;1646.628296
1126.000000;-1.000000;24128.000000;0.000000;308392.000000;0.000000;0.000000;1648.131836
1127.000000;-1.000000;25120.000000;0.000000;310070.000000;0.000000;0.000000;1649.682861
1128.000000;-1.000000;26257.000000;0.000000;305196.000000;0.000000;0.000000;1651.186768
1129.000000;-1.000000;24394.000000;0.000000;349688.000000;0.000000;0.000000;1652.697754
1130.000000;-1.000000;24813.000000;0.000000;362791.000000;0.000000;0.000000;1654.197510
1131.000000;-1.000000;28353.000000;0.000000;237397.000000;0.000000;0.000000;1655.737549
1132.000000;-1.000000;25184.000000;0.000000;301548.000000;0.000000;0.000000;1657.277710
1133.000000;-1.000000;24871.000000;0.000000;344787.000000;0.000000;0.000000;1658.794067
1134.000000;-1.000000;24109.000000;0.000000;378642.000000;0.000000;0.000000;1660.348145
1135.000000;-1.000000;25757.000000;0.000000;298983.000000;0.000000;0.000000;1661.823853
1136.000000;-1.000000;26387.000000;0.000000;310508.000000;0.000000;0.000000;1663.169556
1137.000000;-1.000000;24429.000000;0.000000;341492.000000;0.000000;0.000000;1664.515015
1138.000000;-1.000000;25581.000000;0.000000;313562.000000;0.000000;0.000000;1665.880737
1139.000000;-1.000000;26104.000000;0.000000;293269.000000;0.000000;0.000000;1667.213867
1140.000000;-1.000000;24102.000000;0.000000;333632.000000;0.000000;0.000000;1668.550415
1141.000000;-1.000000;23762.000000;0.000000;324306.000000;0.000000;0.000000;1670.225830
1142.000000;-1.000000;23465.000000;0.000000;349273.000000;0.000000;0.000000;1671.765381
1143.000000;-1.000000;23241.000000;0.000000;363788.000000;0.000000;0.000000;1673.293701
1144.000000;-1.000000;24486.000000;0.000000;338410.000000;0.000000;0.000000;1674.806152
1145.000000;-1.000000;24584.000000;0.000000;360208.000000;0.000000;0.000000;1676.313477
1146.000000;-1.000000;23920.000000;0.000000;416505.000000;0.000000;0.000000;1677.836182
1147.000000;-1.000000;24435.000000;0.000000;323178.000000;0.000000;0.000000;1679.353638
1148.000000;-1.000000;25597.000000;0.000000;359249.000000;0.000000;0.000000;1680.888184
1149.000000;-1.000000;24340.000000;0.000000;358127.000000;0.000000;0.000000;1682.411377
1150.000000;-1.000000;24575.000000;0.000000;310758.000000;0.000000;0.000000;1683.931152
1151.000000;-1.000000;27307.000000;0.000000;302140.000000;0.000000;0.000000;1685.477051
1152.000000;-1.000000;23831.000000;0.000000;376136.000000;0.000000;0.000000;1687.026123
1153.000000;-1.000000;27225.000000;0.000000;235091.000000;0.000000;0.000000;1688.570435
1154.000000;-1.000000;25060.000000;0.000000;337047.000000;0.000000;0.000000;1690.156738
1155.000000;-1.000000;26399.000000;0.000000;294487.000000;0.000000;0.000000;1691.649536
1156.000000;-1.000000;23902.000000;0.000000;373550.000000;0.000000;0.000000;1693.005981
1157.000000;-1.000000;24206.000000;0.000000;352920.000000;0.000000;0.000000;1694.361206
1158.000000;-1.000000;24454.000000;0.000000;324714.000000;0.000000;0.000000;1695.707153
1159.000000;-1.000000;25086.000000;0.000000;309185.000000;0.000000;0.000000;1697.045776
1160.000000;-1.000000;26188.000000;0.000000;306194.000000;0.000000;0.000000;1698.387817
1161.000000;-1.000000;26398.000000;0.000000;259098.000000;0.000000;0.000000;1700.185547
1162.000000;-1.000000;24841.000000;0.000000;336868.000000;0.000000;0.000000;1701.744507
1163.000000;-1.000000;25155.000000;0.000000;307626.000000;0.000000;0.000000;1703.282471
1164.000000;-1.000000;24223.000000;0.000000;362821.000000;0.000000;0.000000;1704.800537
1165.000000;-1.000000;23953.000000;0.000000;338258.000000;0.000000;0.000000;1706.321655
1166.000000;-1.000000;24452.000000;0.000000;354725.000000;0.000000;0.000000;1707.862793
1167.000000;-1.000000;22832.000000;0.000000;343226.000000;0.000000;0.000000;1709.404297
1168.000000;-1.000000;26046.000000;0.000000;327291.000000;0.000000;0.000000;1710.969849
1169.000000;-1.000000;23655.000000;0.000000;415028.000000;0.000000;0.000000;1712.543701
1170.000000;-1.000000;23972.000000;0.000000;378826.000000;0.000000;0.000000;1714.116211
1171.000000;-1.000000;23185.000000;0.000000;418271.000000;0.000000;0.000000;1715.671753
1172.000000;-1.000000;23793.000000;0.000000;356697.000000;0.000000;0.000000;1717.283081
1173.000000;-1.000000;23564.000000;0.000000;368182.000000;0.000000;0.000000;1718.739014
1174.000000;-1.000000;23591.000000;0.000000;373884.000000;0.000000;0.000000;1720.135010
1175.000000;-1.000000;24884.000000;0.000000;329130.000000;0.000000;0.000000;1721.497559
1176.000000;-1.000000;23907.000000;0.000000;367120.000000;0.000000;0.000000;1722.854248
1177.000000;-1.000000;23120.000000;0.000000;425849.000000;0.000000;0.000000;1724.216553
1178.000000;-1.000000;25832.000000;0.000000;311116.000000;0.000000;0.000000;1725.663818
1179.000000;-1.000000;24801.000000;0.000000;309590.000000;0.000000;0.000000;1727.014404
1180.000000;-1.000000;26308.000000;0.000000;302740.000000;0.000000;0.000000;1728.374634
1181.000000;-1.000000;24036.000000;0.000000;374938.000000;0.000000;0.000000;1730.097900
1182.000000;-1.000000;26312.000000;0.000000;310785.000000;0.000000;0.000000;1731.682495
1183.000000;-1.000000;26240.000000;0.000000;297530.000000;0.000000;0.000000;1733.253418
1184.000000;-1.000000;24275.000000;0.000000;328998.000000;0.000000;0.000000;1734.793457
1185.000000;-1.000000;23829.000000;0.000000;347297.000000;0.000000;0.000000;1736.334595
1186.000000;-1.000000;25310.000000;0.000000;351203.000000;0.000000;0.000000;1737.890381
1187.000000;-1.000000;24825.000000;0.000000;358884.000000;0.000000;0.000000;1739.444214
1188.000000;-1.000000;24174.000000;0.000000;338620.000000;0.000000;0.000000;1741.049316
1189.000000;-1.000000;24875.000000;0.000000;361458.000000;0.000000;0.000000;1742.603027
1190.000000;-1.000000;24207.000000;0.000000;334239.000000;0.000000;0.000000;1744.151367
1191.000000;-1.000000;24573.000000;0.000000;413067.000000;0.000000;0.000000;1745.736450
1192.000000;-1.000000;23964.000000;0.000000;347180.000000;0.000000;0.000000;1747.312012
1193.000000;-1.000000;24737.000000;0.000000;384237.000000;0.000000;0.000000;1748.870972
1194.000000;-1.000000;25258.000000;0.000000;292213.000000;0.000000;0.000000;1750.480469
1195.000000;-1.000000;25162.000000;0.000000;265709.000000;0.000000;0.000000;1751.982300
1196.000000;-1.000000;23219.000000;0.000000;380122.000000;0.000000;0.000000;1753.362671
1197.000000;-1.000000;26769.000000;0.000000;248127.000000;0.000000;0.000000;1754.743286
1198.000000;-1.000000;24422.000000;0.000000;312223.000000;0.000000;0.000000;1756.134766
1199.000000;-1.000000;23678.000000;0.000000;336325.000000;0.000000;0.000000;1757.509277
1200.000000;-1.000000;25372.000000;0.000000;315400.000000;0.000000;0.000000;1758.885864
1201.000000;-1.000000;25918.000000;0.000000;326986.000000;0.000000;0.000000;1760.629883
1202.000000;-1.000000;27378.000000;0.000000;260492.000000;0.000000;0.000000;1762.224731
1203.000000;-1.000000;26165.000000;0.000000;294038.000000;0.000000;0.000000;1763.820557
1204.000000;-1.000000;22753.000000;0.000000;420380.000000;0.000000;0.000000;1765.367920
1205.000000;-1.000000;25088.000000;0.000000;371422.000000;0.000000;0.000000;1766.897095
1206.000000;-1.000000;25803.000000;0.000000;271524.000000;0.000000;0.000000;1768.421265
1207.000000;-1.000000;24152.000000;0.000000;353378.000000;0.000000;0.000000;1769.944824
1208.000000;-1.000000;23836.000000;0.000000;387776.000000;0.000000;0.000000;1771.506714
1209.000000;-1.000000;25378.000000;0.000000;333112.000000;0.000000;0.000000;1773.071655
1210.000000;-1.000000;24616.000000;0.000000;368924.000000;0.000000;0.000000;1774.614136
1211.000000;-1.000000;24066.000000;0.000000;384656.000000;0.000000;0.000000;1776.148926
1212.000000;-1.000000;24794.000000;0.000000;347431.000000;0.000000;0.000000;1777.684448
1213.000000;-1.000000;25749.000000;0.000000;349477.000000;0.000000;0.000000;1779.135620
1214.000000;-1.000000;24701.000000;0.000000;351932.000000;0.000000;0.000000;1780.512451
1215.000000;-1.000000;25714.000000;0.000000;329970.000000;0.000000;0.000000;1781.892944
1216.000000;-1.000000;25625.000000;0.000000;295462.000000;0.000000;0.000000;1783.317017
1217.000000;-1.000000;24770.000000;0.000000;348192.000000;0.000000;0.000000;1785.018311
1218.000000;-1.000000;24767.000000;0.000000;335922.000000;0.000000;0.000000;1786.541260
1219.000000;-1.000000;25417.000000;0.000000;331471.000000;0.000000;0.000000;1788.065796
1220.000000;-1.000000;24551.000000;0.000000;335272.000000;0.000000;0.000000;1789.599976
1221.000000;-1.000000;25182.000000;0.000000;324931.000000;0.000000;0.000000;1791.242798
1222.000000;-1.000000;26367.000000;0.000000;303020.000000;0.000000;0.000000;1792.801147
1223.000000;-1.000000;25582.000000;0.000000;321782.000000;0.000000;0.000000;1794.369263
1224.000000;-1.000000;26249.000000;0.000000;302660.000000;0.000000;0.000000;1795.912842
1225.000000;-1.000000;23410.000000;0.000000;380121.000000;0.000000;0.000000;1797.448975
1226.000000;-1.000000;23644.000000;0.000000;371522.000000;0.000000;0.000000;1798.994507
1227.000000;-1.000000;24282.000000;0.000000;325153.000000;0.000000;0.000000;1800.577515
1228.000000;-1.000000;24850.000000;0.000000;403205.000000;0.000000;0.000000;1802.150757
1229.000000;-1.000000;24406.000000;0.000000;359920.000000;0.000000;0.000000;1803.790894
1230.000000;-1.000000;28311.000000;0.000000;243284.000000;0.000000;0.000000;1805.396362
1231.000000;-1.000000;23336.000000;0.000000;413930.000000;0.000000;0.000000;1806.975586
1232.000000;-1.000000;27177.000000;0.000000;252043.000000;0.000000;0.000000;1808.483276
1233.000000;-1.000000;24004.000000;0.000000;378565.000000;0.000000;0.000000;1809.851807
1234.000000;-1.000000;25534.000000;0.000000;293303.000000;0.000000;0.000000;1811.254883
1235.000000;-1.000000;26707.000000;0.000000;321072.000000;0.000000;0.000000;1812.622803
1236.000000;-1.000000;24317.000000;0.000000;353219.000000;0.000000;0.000000;1813.985718
1237.000000;-1.000000;23379.000000;0.000000;346276.000000;0.000000;0.000000;1815.349976
1238.000000;-1.000000;25899.000000;0.000000;295899.000000;0.000000;0.000000;1816.721069
1239.000000;-1.000000;23512.000000;0.000000;350642.000000;0.000000;0.000000;1818.075439
1240.000000;-1.000000;25033.000000;0.000000;344172.000000;0.000000;0.000000;1819.450439
1241.000000;-1.000000;24556.000000;0.000000;359836.000000;0.000000;0.000000;1821.205811
1242.000000;-1.000000;24584.000000;0.000000;315535.000000;0.000000;0.000000;1822.801880
1243.000000;-1.000000;26426.000000;0.000000;309984.000000;0.000000;0.000000;1824.356567
1244.000000;-1.000000;22019.000000;0.000000;403698.000000;0.000000;0.000000;1825.896729
1245.000000;-1.000000;26216.000000;0.000000;288449.000000;0.000000;0.000000;1827.443359
1246.000000;-1.000000;22808.000000;0.000000;379940.000000;0.000000;0.000000;1829.052612
1247.000000;-1.000000;22586.000000;0.000000;384528.000000;0.000000;0.000000;1830.624146
1248.000000;-1.000000;24750.000000;0.000000;325401.000000;0.000000;0.000000;1832.178711
1249.000000;-1.000000;24316.000000;0.000000;356383.000000;0.000000;0.000000;1833.775635
1250.000000;-1.000000;25551.000000;0.000000;309777.000000;0.000000;0.000000;1835.342163
1251.000000;-1.000000;24383.000000;0.000000;347847.000000;0.000000;0.000000;1836.918213
1252.000000;-1.000000;25895.000000;0.000000;311061.000000;0.000000;0.000000;1838.482788
1253.000000;-1.000000;22856.000000;0.000000;380799.000000;0.000000;0.000000;1839.920044
1254.000000;-1.000000;25632.000000;0.000000;334673.000000;0.000000;0.000000;1841.334106
1255.000000;-1.000000;24636.000000;0.000000;332885.000000;0.000000;0.000000;1842.700684
1256.000000;-1.000000;25211.000000;0.000000;352856.000000;0.000000;0.000000;1844.064697
1257.000000;-1.000000;23893.000000;0.000000;365171.000000;0.000000;0.000000;1845.474609
1258.000000;-1.000000;24772.000000;0.000000;380967.000000;0.000000;0.000000;1846.967896
1259.000000;-1.000000;25585.000000;0.000000;289125.000000;0.000000;0.000000;1848.342407
1260.000000;-1.000000;22144.000000;0.000000;424311.000000;0.000000;0.000000;1849.715454
1261.000000;-1.000000;26301.000000;0.000000;298817.000000;0.000000;0.000000;1851.471802
1262.000000;-1.000000;24034.000000;0.000000;345314.000000;0.000000;0.000000;1853.053955
1263.000000;-1.000000;24878.000000;0.000000;377025.000000;0.000000;0.000000;1854.632568
1264.000000;-1.000000;23159.000000;0.000000;414315.000000;0.000000;0.000000;1856.177124
1265.000000;-1.000000;23646.000000;0.000000;387587.000000;0.000000;0.000000;1857.707764
1266.000000;-1.000000;24073.000000;0.000000;422699.000000;0.000000;0.000000;1859.237061
1267.000000;-1.000000;24026.000000;0.000000;389022.000000;0.000000;0.000000;1860.793213
1268.000000;-1.000000;24335.000000;0.000000;354734.000000;0.000000;0.000000;1862.321899
1269.000000;-1.000000;25527.000000;0.000000;308730.000000;0.000000;0.000000;1863.826904
1270.000000;-1.000000;25456.000000;0.000000;305769.000000;0.000000;0.000000;1865.341553
1271.000000;-1.000000;26967.000000;0.000000;287664.000000;0.000000;0.000000;1866.911987
1272.000000;-1.000000;28324.000000;0.000000;267176.000000;0.000000;0.000000;1868.439819
1273.000000;-1.000000;25424.000000;0.000000;294801.000000;0.000000;0.000000;1869.974121
1274.000000;-1.000000;27789.000000;0.000000;278491.000000;0.000000;0.000000;1871.536621
1275.000000;-1.000000;23632.000000;0.000000;339320.000000;0.000000;0.000000;1872.894775
1276.000000;-1.000000;24144.000000;0.000000;368849.000000;0.000000;0.000000;1874.241821
1277.000000;-1.000000;24755.000000;0.000000;300684.000000;0.000000;0.000000;1875.611328
1278.000000;-1.000000;23338.000000;0.000000;399942.000000;0.000000;0.000000;1876.970581
1279.000000;-1.000000;25952.000000;0.000000;308860.000000;0.000000;0.000000;1878.316406
1280.000000;-1.000000;24140.000000;0.000000;365602.000000;0.000000;0.000000;1879.666748
1281.000000;-1.000000;25956.000000;0.000000;298391.000000;0.000000;0.000000;1881.377686
1282.000000;-1.000000;23810.000000;0.000000;360849.000000;0.000000;0.000000;1882.946533
1283.000000;-1.000000;25989.000000;0.000000;336195.000000;0.000000;0.000000;1884.497192
1284.000000;-1.000000;25037.000000;0.000000;311232.000000;0.000000;0.000000;1886.017090
1285.000000;-1.000000;25779.000000;0.000000;343772.000000;0.000000;0.000000;1887.510132
1286.000000;-1.000000;26329.000000;0.000000;352471.000000;0.000000;0.000000;1889.005249
1287.000000;-1.000000;27068.000000;0.000000;254368.000000;0.000000;0.000000;1890.497314
1288.000000;-1.000000;26396.000000;0.000000;289721.000000;0.000000;0.000000;1892.028442
1289.000000;-1.000000;25629.000000;0.000000;277574.000000;0.000000;0.000000;1893.545410
1290.000000;-1.000000;24052.000000;0.000000;379304.000000;0.000000;0.000000;1895.057617
1291.000000;-1.000000;24515.000000;0.000000;322466.000000;0.000000;0.000000;1896.565552
1292.000000;-1.000000;27077.000000;0.000000;256453.000000;0.000000;0.000000;1898.084106
1293.000000;-1.000000;24814.000000;0.000000;322702.000000;0.000000;0.000000;1899.552734
1294.000000;-1.000000;22680.000000;0.000000;383408.000000;0.000000;0.000000;1900.869385
1295.000000;-1.000000;24866.000000;0.000000;311204.000000;0.000000;0.000000;1902.232666
1296.000000;-1.000000;25506.000000;0.000000;301249.000000;0.000000;0.000000;1903.556885
1297.000000;-1.000000;24456.000000;0.000000;319984.000000;0.000000;0.000000;1904.901245
1298.000000;-1.000000;24424.000000;0.000000;324820.000000;0.000000;0.000000;1906.240479
1299.000000;-1.000000;24369.000000;0.000000;363582.000000;0.000000;0.000000;1907.559448
1300.000000;-1.000000;24302.000000;0.000000;348792.000000;0.000000;0.000000;1908.879272
1301.000000;-1.000000;25074.000000;0.000000;331212.000000;0.000000;0.000000;1910.520264
1302.000000;-1.000000;23396.000000;0.000000;404396.000000;0.000000;0.000000;1912.090332
1303.000000;-1.000000;25519.000000;0.000000;307886.000000;0.000000;0.000000;1913.805908
1304.000000;-1.000000;27079.000000;0.000000;242103.000000;0.000000;0.000000;1915.651489
1305.000000;-1.000000;26249.000000;0.000000;238122.000000;0.000000;0.000000;1917.151611
1306.000000;-1.000000;25135.000000;0.000000;384588.000000;0.000000;0.000000;1918.657715
1307.000000;-1.000000;22958.000000;0.000000;330294.000000;0.000000;0.000000;1920.161743
1308.000000;-1.000000;26260.000000;0.000000;331460.000000;0.000000;0.000000;1921.696167
1309.000000;-1.000000;25433.000000;0.000000;354983.000000;0.000000;0.000000;1923.199585
1310.000000;-1.000000;24822.000000;0.000000;372087.000000;0.000000;0.000000;1924.714600
1311.000000;-1.000000;25650.000000;0.000000;355245.000000;0.000000;0.000000;1926.268311
1312.000000;-1.000000;23838.000000;0.000000;384276.000000;0.000000;0.000000;1927.814819
1313.000000;-1.000000;25663.000000;0.000000;325984.000000;0.000000;0.000000;1929.345215
1314.000000;-1.000000;24083.000000;0.000000;359459.000000;0.000000;0.000000;1930.864502
1315.000000;-1.000000;23963.000000;0.000000;407480.000000;0.000000;0.000000;1932.279663
1316.000000;-1.000000;22616.000000;0.000000;405479.000000;0.000000;0.000000;1933.604858
1317.000000;-1.000000;23310.000000;0.000000;393915.000000;0.000000;0.000000;1934.954590
1318.000000;-1.000000;23713.000000;0.000000;382872.000000;0.000000;0.000000;1936.293457
1319.000000;-1.000000;24831.000000;0.000000;307009.000000;0.000000;0.000000;1937.640015
1320.000000;-1.000000;25824.000000;0.000000;299651.000000;0.000000;0.000000;1938.988159
1321.000000;-1.000000;24826.000000;0.000000;355284.000000;0.000000;0.000000;1940.676514
1322.000000;-1.000000;23739.000000;0.000000;367150.000000;0.000000;0.000000;1942.240601
1323.000000;-1.000000;23347.000000;0.000000;387199.000000;0.000000;0.000000;1943.787354
1324.000000;-1.000000;26415.000000;0.000000;321037.000000;0.000000;0.000000;1945.303589
1325.000000;-1.000000;22918.000000;0.000000;393417.000000;0.000000;0.000000;1946.835571
1326.000000;-1.000000;25600.000000;0.000000;289854.000000;0.000000;0.000000;1948.360596
1327.000000;-1.000000;23384.000000;0.000000;442307.000000;0.000000;0.000000;1949.878540
1328.000000;-1.000000;22516.000000;0.000000;411140.000000;0.000000;0.000000;1951.607300
1329.000000;-1.000000;27409.000000;0.000000;271400.000000;0.000000;0.000000;1953.180420
1330.000000;-1.000000;23729.000000;0.000000;387166.000000;0.000000;0.000000;1954.731567
1331.000000;-1.000000;25304.000000;0.000000;349834.000000;0.000000;0.000000;1956.279297
1332.000000;-1.000000;23210.000000;0.000000;350292.000000;0.000000;0.000000;1957.822876
1333.000000;-1.000000;24884.000000;0.000000;333913.000000;0.000000;0.000000;1959.335693
1334.000000;-1.000000;22580.000000;0.000000;409223.000000;0.000000;0.000000;1960.691284
1335.000000;-1.000000;25695.000000;0.000000;324855.000000;0.000000;0.000000;1962.083618
1336.000000;-1.000000;23815.000000;0.000000;386733.000000;0.000000;0.000000;1963.437012
1337.000000;-1.000000;25163.000000;0.000000;321689.000000;0.000000;0.000000;1964.806641
1338.000000;-1.000000;26697.000000;0.000000;269261.000000;0.000000;0.000000;1966.177246
1339.000000;-1.000000;25461.000000;0.000000;313387.000000;0.000000;0.000000;1967.529663
1340.000000;-1.000000;24469.000000;0.000000;374956.000000;0.000000;0.000000;1968.877197
1341.000000;-1.000000;25604.000000;0.000000;322657.000000;0.000000;0.000000;1970.561646
1342.000000;-1.000000;24695.000000;0.000000;368671.000000;0.000000;0.000000;1972.157715
1343.000000;-1.000000;25968.000000;0.000000;269506.000000;0.000000;0.000000;1973.717651
1344.000000;-1.000000;25333.000000;0.000000;383309.000000;0.000000;0.000000;1975.258423
1345.000000;-1.000000;27564.000000;0.000000;243322.000000;0.000000;0.000000;1976.800171
1346.000000;-1.000000;24589.000000;0.000000;356566.000000;0.000000;0.000000;1978.340942
1347.000000;-1.000000;25471.000000;0.000000;311586.000000;0.000000;0.000000;1979.881470
1348.000000;-1.000000;22686.000000;0.000000;367117.000000;0.000000;0.000000;1981.429810
1349.000000;-1.000000;24151.000000;0.000000;325610.000000;0.000000;0.000000;1983.051636
1350.000000;-1.000000;24732.000000;0.000000;330522.000000;0.000000;0.000000;1984.620728
1351.000000;-1.000000;27108.000000;0.000000;281939.000000;0.000000;0.000000;1986.185913
1352.000000;-1.000000;24194.000000;0.000000;396603.000000;0.000000;0.000000;1987.750610
1353.000000;-1.000000;25947.000000;0.000000;270202.000000;0.000000;0.000000;1989.193726
1354.000000;-1.000000;24141.000000;0.000000;343434.000000;0.000000;0.000000;1990.541138
1355.000000;-1.000000;24797.000000;0.000000;279426.000000;0.000000;0.000000;1991.939453
1356.000000;-1.000000;24022.000000;0.000000;387428.000000;0.000000;0.000000;1993.309570
1357.000000;-1.000000;24609.000000;0.000000;377096.000000;0.000000;0.000000;1994.669312
1358.000000;-1.000000;24693.000000;0.000000;337752.000000;0.000000;0.000000;1996.032227
1359.000000;-1.000000;23570.000000;0.000000;398580.000000;0.000000;0.000000;1997.399902
1360.000000;-1.000000;24937.000000;0.000000;300018.000000;0.000000;0.000000;1998.773682
1361.000000;-1.000000;24802.000000;0.000000;333401.000000;0.000000;0.000000;2000.490601
1362.000000;-1.000000;23241.000000;0.000000;386775.000000;0.000000;0.000000;2002.107422
1363.000000;-1.000000;24650.000000;0.000000;335564.000000;0.000000;0.000000;2003.669434
1364.000000;-1.000000;25802.000000;0.000000;310696.000000;0.000000;0.000000;2005.327637
1365.000000;-1.000000;25498.000000;0.000000;265231.000000;0.000000;0.000000;2007.042725
1366.000000;-1.000000;24945.000000;0.000000;321765.000000;0.000000;0.000000;2008.589722
1367.000000;-1.000000;25587.000000;0.000000;301148.000000;0.000000;0.000000;2010.137329
1368.000000;-1.000000;26270.000000;0.000000;310483.000000;0.000000;0.000000;2011.705688
1369.000000;-1.000000;23805.000000;0.000000;385862.000000;0.000000;0.000000;2013.293579
1370.000000;-1.000000;24733.000000;0.000000;329097.000000;0.000000;0.000000;2014.837036
1371.000000;-1.000000;24240.000000;0.000000;344734.000000;0.000000;0.000000;2016.452148
1372.000000;-1.000000;25542.000000;0.000000;326008.000000;0.000000;0.000000;2018.054565
1373.000000;-1.000000;23099.000000;0.000000;429638.000000;0.000000;0.000000;2019.628052
1374.000000;-1.000000;26387.000000;0.000000;332713.000000;0.000000;0.000000;2021.205444
1375.000000;-1.000000;23565.000000;0.000000;354707.000000;0.000000;0.000000;2022.663086
1376.000000;-1.000000;24166.000000;0.000000;362705.000000;0.000000;0.000000;2024.036011
1377.000000;-1.000000;24302.000000;0.000000;307001.000000;0.000000;0.000000;2025.489502
1378.000000;-1.000000;23875.000000;0.000000;397377.000000;0.000000;0.000000;2026.858276
1379.000000;-1.000000;23573.000000;0.000000;381533.000000;0.000000;0.000000;2028.234131
1380.000000;-1.000000;25632.000000;0.000000;326676.000000;0.000000;0.000000;2029.612549
1381.000000;-1.000000;25912.000000;0.000000;329604.000000;0.000000;0.000000;2031.247803
1382.000000;-1.000000;24595.000000;0.000000;356242.000000;0.000000;0.000000;2032.888672
1383.000000;-1.000000;24234.000000;0.000000;352289.000000;0.000000;0.000000;2034.482056
1384.000000;-1.000000;24958.000000;0.000000;343272.000000;0.000000;0.000000;2036.065308
1385.000000;-1.000000;24440.000000;0.000000;344521.000000;0.000000;0.000000;2037.603516
1386.000000;-1.000000;24901.000000;0.000000;319959.000000;0.000000;0.000000;2039.129639
1387.000000;-1.000000;24530.000000;0.000000;307380.000000;0.000000;0.000000;2040.655151
1388.000000;-1.000000;24844.000000;0.000000;347230.000000;0.000000;0.000000;2042.212769
1389.000000;-1.000000;25215.000000;0.000000;313716.000000;0.000000;0.000000;2043.740234
1390.000000;-1.000000;23992.000000;0.000000;354406.000000;0.000000;0.000000;2045.261475
1391.000000;-1.000000;24325.000000;0.000000;379882.000000;0.000000;0.000000;2046.877319
1392.000000;-1.000000;25642.000000;0.000000;314808.000000;0.000000;0.000000;2048.429443
1393.000000;-1.000000;23749.000000;0.000000;383844.000000;0.000000;0.000000;2049.965088
1394.000000;-1.000000;28273.000000;0.000000;221139.000000;0.000000;0.000000;2051.506104
1395.000000;-1.000000;24722.000000;0.000000;366878.000000;0.000000;0.000000;2052.895752
1396.000000;-1.000000;25172.000000;0.000000;342955.000000;0.000000;0.000000;2054.242920
1397.000000;-1.000000;26778.000000;0.000000;310923.000000;0.000000;0.000000;2055.583740
1398.000000;-1.000000;24301.000000;0.000000;352097.000000;0.000000;0.000000;2056.927734
1399.000000;-1.000000;24976.000000;0.000000;344023.000000;0.000000;0.000000;2058.276855
1400.000000;-1.000000;24510.000000;0.000000;327934.000000;0.000000;0.000000;2059.632324
1401.000000;-1.000000;25201.000000;0.000000;323423.000000;0.000000;0.000000;2061.330078
1402.000000;-1.000000;22267.000000;0.000000;416955.000000;0.000000;0.000000;2062.944092
1403.000000;-1.000000;25971.000000;0.000000;267668.000000;0.000000;0.000000;2064.494141
1404.000000;-1.000000;22027.000000;0.000000;430290.000000;0.000000;0.000000;2066.028809
1405.000000;-1.000000;24091.000000;0.000000;361047.000000;0.000000;0.000000;2067.570801
1406.000000;-1.000000;24670.000000;0.000000;363292.000000;0.000000;0.000000;2069.136719
1407.000000;-1.000000;25462.000000;0.000000;295501.000000;0.000000;0.000000;2070.681885
1408.000000;-1.000000;23332.000000;0.000000;388366.000000;0.000000;0.000000;2072.258789
1409.000000;-1.000000;25200.000000;0.000000;312254.000000;0.000000;0.000000;2073.854004
1410.000000;-1.000000;25472.000000;0.000000;341844.000000;0.000000;0.000000;2075.416992
1411.000000;-1.000000;24284.000000;0.000000;350348.000000;0.000000;0.000000;2077.017090
1412.000000;-1.000000;25567.000000;0.000000;310710.000000;0.000000;0.000000;2078.638428
1413.000000;-1.000000;26774.000000;0.000000;256830.000000;0.000000;0.000000;2080.071533
1414.000000;-1.000000;23953.000000;0.000000;350019.000000;0.000000;0.000000;2081.444336
1415.000000;-1.000000;24096.000000;0.000000;328306.000000;0.000000;0.000000;2082.845459
1416.000000;-1.000000;25861.000000;0.000000;311833.000000;0.000000;0.000000;2084.208740
1417.000000;-1.000000;24939.000000;0.000000;326599.000000;0.000000;0.000000;2085.665527
1418.000000;-1.000000;25312.000000;0.000000;342342.000000;0.000000;0.000000;2087.031250
1419.000000;-1.000000;25339.000000;0.000000;308540.000000;0.000000;0.000000;2088.395264
1420.000000;-1.000000;25904.000000;0.000000;245352.000000;0.000000;0.000000;2089.756348
1421.000000;-1.000000;23539.000000;0.000000;400500.000000;0.000000;0.000000;2091.439453
1422.000000;-1.000000;23816.000000;0.000000;387126.000000;0.000000;0.000000;2093.037842
1423.000000;-1.000000;24190.000000;0.000000;316874.000000;0.000000;0.000000;2094.593750
1424.000000;-1.000000;26254.000000;0.000000;289024.000000;0.000000;0.000000;2096.124023
1425.000000;-1.000000;24919.000000;0.000000;369578.000000;0.000000;0.000000;2097.641113
1426.000000;-1.000000;26119.000000;0.000000;318466.000000;0.000000;0.000000;2099.147461
1427.000000;-1.000000;23975.000000;0.000000;370559.000000;0.000000;0.000000;2100.651367
1428.000000;-1.000000;25252.000000;0.000000;341871.000000;0.000000;0.000000;2102.156250
1429.000000;-1.000000;24935.000000;0.000000;326024.000000;0.000000;0.000000;2103.761963
1430.000000;-1.000000;24576.000000;0.000000;314336.000000;0.000000;0.000000;2105.277588
1431.000000;-1.000000;23366.000000;0.000000;404126.000000;0.000000;0.000000;2106.883789
1432.000000;-1.000000;24563.000000;0.000000;367302.000000;0.000000;0.000000;2108.424561
1433.000000;-1.000000;25603.000000;0.000000;288580.000000;0.000000;0.000000;2109.962646
1434.000000;-1.000000;24665.000000;0.000000;379972.000000;0.000000;0.000000;2111.469238
1435.000000;-1.000000;25414.000000;0.000000;323813.000000;0.000000;0.000000;2112.831055
1436.000000;-1.000000;23415.000000;0.000000;382757.000000;0.000000;0.000000;2114.152832
1437.000000;-1.000000;23088.000000;0.000000;415165.000000;0.000000;0.000000;2115.484863
1438.000000;-1.000000;26170.000000;0.000000;331084.000000;0.000000;0.000000;2116.826660
1439.000000;-1.000000;25274.000000;0.000000;372937.000000;0.000000;0.000000;2118.164795
1440.000000;-1.000000;24643.000000;0.000000;283304.000000;0.000000;0.000000;2119.517090
1441.000000;-1.000000;24414.000000;0.000000;326943.000000;0.000000;0.000000;2121.193848
1442.000000;-1.000000;25534.000000;0.000000;317132.000000;0.000000;0.000000;2122.772461
1443.000000;-1.000000;24365.000000;0.000000;344533.000000;0.000000;0.000000;2124.310059
1444.000000;-1.000000;25500.000000;0.000000;315344.000000;0.000000;0.000000;2125.826416
1445.000000;-1.000000;24354.000000;0.000000;380090.000000;0.000000;0.000000;2127.348389
1446.000000;-1.000000;23924.000000;0.000000;334090.000000;0.000000;0.000000;2128.867188
1447.000000;-1.000000;25462.000000;0.000000;344096.000000;0.000000;0.000000;2130.396973
1448.000000;-1.000000;24461.000000;0.000000;361404.000000;0.000000;0.000000;2131.917725
1449.000000;-1.000000;24869.000000;0.000000;351539.000000;0.000000;0.000000;2133.543213
1450.000000;-1.000000;23954.000000;0.000000;393421.000000;0.000000;0.000000;2135.092041
1451.000000;-1.000000;24376.000000;0.000000;351460.000000;0.000000;0.000000;2136.638672
1452.000000;-1.000000;23706.000000;0.000000;404710.000000;0.000000;0.000000;2138.195312
1453.000000;-1.000000;23291.000000;0.000000;391321.000000;0.000000;0.000000;2139.648438
1454.000000;-1.000000;26299.000000;0.000000;271621.000000;0.000000;0.000000;2141.001709
1455.000000;-1.000000;24016.000000;0.000000;370023.000000;0.000000;0.000000;2142.409912
1456.000000;-1.000000;23708.000000;0.000000;354512.000000;0.000000;0.000000;2143.809326
1457.000000;-1.000000;25183.000000;0.000000;307252.000000;0.000000;0.000000;2145.205566
1458.000000;-1.000000;24902.000000;0.000000;381946.000000;0.000000;0.000000;2146.696045
1459.000000;-1.000000;24343.000000;0.000000;306433.000000;0.000000;0.000000;2148.053223
1460.000000;-1.000000;23639.000000;0.000000;358961.000000;0.000000;0.000000;2149.405762
1461.000000;-1.000000;24633.000000;0.000000;335325.000000;0.000000;0.000000;2151.085205
1462.000000;-1.000000;23662.000000;0.000000;336536.000000;0.000000;0.000000;2152.647705
1463.000000;-1.000000;24774.000000;0.000000;354181.000000;0.000000;0.000000;2154.217773
1464.000000;-1.000000;23202.000000;0.000000;401381.000000;0.000000;0.000000;2155.744141
1465.000000;-1.000000;22712.000000;0.000000;410228.000000;0.000000;0.000000;2157.284180
1466.000000;-1.000000;23892.000000;0.000000;359292.000000;0.000000;0.000000;2158.816650
1467.000000;-1.000000;26547.000000;0.000000;291779.000000;0.000000;0.000000;2160.351562
1468.000000;-1.000000;26492.000000;0.000000;263692.000000;0.000000;0.000000;2161.888672
1469.000000;-1.000000;23870.000000;0.000000;358000.000000;0.000000;0.000000;2163.871094
1470.000000;-1.000000;24386.000000;0.000000;350991.000000;0.000000;0.000000;2165.466309
1471.000000;-1.000000;25488.000000;0.000000;311814.000000;0.000000;0.000000;2167.019775
1472.000000;-1.000000;26124.000000;0.000000;287992.000000;0.000000;0.000000;2168.572754
1473.000000;-1.000000;24926.000000;0.000000;359045.000000;0.000000;0.000000;2169.973145
1474.000000;-1.000000;23445.000000;0.000000;353900.000000;0.000000;0.000000;2171.340088
1475.000000;-1.000000;26316.000000;0.000000;280506.000000;0.000000;0.000000;2172.706787
1476.000000;-1.000000;23920.000000;0.000000;383809.000000;0.000000;0.000000;2174.102539
1477.000000;-1.000000;23939.000000;0.000000;386841.000000;0.000000;0.000000;2175.455322
1478.000000;-1.000000;22589.000000;0.000000;413474.000000;0.000000;0.000000;2176.811768
1479.000000;-1.000000;24598.000000;0.000000;355165.000000;0.000000;0.000000;2178.175781
1480.000000;-1.000000;25443.000000;0.000000;288104.000000;0.000000;0.000000;2179.533447
1481.000000;-1.000000;25214.000000;0.000000;354783.000000;0.000000;0.000000;2181.243652
1482.000000;-1.000000;23419.000000;0.000000;365372.000000;0.000000;0.000000;2182.818604
1483.000000;-1.000000;24372.000000;0.000000;329562.000000;0.000000;0.000000;2184.396973
1484.000000;-1.000000;22263.000000;0.000000;418256.000000;0.000000;0.000000;2185.934570
1485.000000;-1.000000;22936.000000;0.000000;366994.000000;0.000000;0.000000;2187.486328
1486.000000;-1.000000;23655.000000;0.000000;389178.000000;0.000000;0.000000;2189.052246
1487.000000;-1.000000;23761.000000;0.000000;346646.000000;0.000000;0.000000;2190.615479
1488.000000;-1.000000;23619.000000;0.000000;376794.000000;0.000000;0.000000;2192.172852
1489.000000;-1.000000;24149.000000;0.000000;335533.000000;0.000000;0.000000;2193.766113
1490.000000;-1.000000;24202.000000;0.000000;377006.000000;0.000000;0.000000;2195.384521
1491.000000;-1.000000;23997.000000;0.000000;351859.000000;0.000000;0.000000;2197.031982
1492.000000;-1.000000;25163.000000;0.000000;340223.000000;0.000000;0.000000;2198.615723
1493.000000;-1.000000;25538.000000;0.000000;249939.000000;0.000000;0.000000;2200.185303
1494.000000;-1.000000;24899.000000;0.000000;342940.000000;0.000000;0.000000;2201.743652
1495.000000;-1.000000;23464.000000;0.000000;373094.000000;0.000000;0.000000;2203.152832
1496.000000;-1.000000;24589.000000;0.000000;360760.000000;0.000000;0.000000;2204.556396
1497.000000;-1.000000;26187.000000;0.000000;314248.000000;0.000000;0.000000;2206.003906
1498.000000;-1.000000;26404.000000;0.000000;270092.000000;0.000000;0.000000;2207.395752
1499.000000;-1.000000;25963.000000;0.000000;266735.000000;0.000000;0.000000;2208.834229
1500.000000;-1.000000;25103.000000;0.000000;364598.000000;0.000000;0.000000;2210.218994
1501.000000;-1.000000;23999.000000;0.000000;349135.000000;0.000000;0.000000;2211.949463
1502.000000;-1.000000;24678.000000;0.000000;373172.000000;0.000000;0.000000;2213.845703
1503.000000;-1.000000;26701.000000;0.000000;256830.000000;0.000000;0.000000;2215.596436
1504.000000;-1.000000;25226.000000;0.000000;317788.000000;0.000000;0.000000;2217.132324
1505.000000;-1.000000;25031.000000;0.000000;324962.000000;0.000000;0.000000;2218.702148
1506.000000;-1.000000;24427.000000;0.000000;315675.000000;0.000000;0.000000;2220.277100
1507.000000;-1.000000;23133.000000;0.000000;424096.000000;0.000000;0.000000;2221.842041
1508.000000;-1.000000;24137.000000;0.000000;359062.000000;0.000000;0.000000;2223.446289
1509.000000;-1.000000;23581.000000;0.000000;377257.000000;0.000000;0.000000;2225.028564
1510.000000;-1.000000;23835.000000;0.000000;369827.000000;0.000000;0.000000;2226.657227
1511.000000;-1.000000;22588.000000;0.000000;384433.000000;0.000000;0.000000;2228.255127
1512.000000;-1.000000;25019.000000;0.000000;402132.000000;0.000000;0.000000;2229.855225
1513.000000;-1.000000;26881.000000;0.000000;274920.000000;0.000000;0.000000;2231.437012
1514.000000;-1.000000;24382.000000;0.000000;357391.000000;0.000000;0.000000;2232.829346
1515.000000;-1.000000;26124.000000;0.000000;261906.000000;0.000000;0.000000;2234.250244
1516.000000;-1.000000;24873.000000;0.000000;323090.000000;0.000000;0.000000;2235.647949
1517.000000;-1.000000;26282.000000;0.000000;293114.000000;0.000000;0.000000;2237.040771
1518.000000;-1.000000;24597.000000;0.000000;337411.000000;0.000000;0.000000;2238.456787
1519.000000;-1.000000;22737.000000;0.000000;365497.000000;0.000000;0.000000;2240.422363
1520.000000;-1.000000;25263.000000;0.000000;318141.000000;0.000000;0.000000;2242.150879
1521.000000;-1.000000;24211.000000;0.000000;333218.000000;0.000000;0.000000;2243.905518
1522.000000;-1.000000;24305.000000;0.000000;309547.000000;0.000000;0.000000;2245.504883
1523.000000;-1.000000;23142.000000;0.000000;353611.000000;0.000000;0.000000;2247.093506
1524.000000;-1.000000;25264.000000;0.000000;328035.000000;0.000000;0.000000;2248.674072
1525.000000;-1.000000;23281.000000;0.000000;400241.000000;0.000000;0.000000;2250.275146
1526.000000;-1.000000;24782.000000;0.000000;353518.000000;0.000000;0.000000;2251.875977
1527.000000;-1.000000;26891.000000;0.000000;279663.000000;0.000000;0.000000;2253.491699
1528.000000;-1.000000;24581.000000;0.000000;369226.000000;0.000000;0.000000;2255.143311
1529.000000;-1.000000;23257.000000;0.000000;375771.000000;0.000000;0.000000;2256.763672
1530.000000;-1.000000;25068.000000;0.000000;338196.000000;0.000000;0.000000;2258.394043
1531.000000;-1.000000;25101.000000;0.000000;294044.000000;0.000000;0.000000;2260.091797
1532.000000;-1.000000;22316.000000;0.000000;418647.000000;0.000000;0.000000;2261.584473
1533.000000;-1.000000;24104.000000;0.000000;332153.000000;0.000000;0.000000;2263.001221
1534.000000;-1.000000;23933.000000;0.000000;377779.000000;0.000000;0.000000;2264.456543
1535.000000;-1.000000;25942.000000;0.000000;357083.000000;0.000000;0.000000;2265.889160
1536.000000;-1.000000;24889.000000;0.000000;364005.000000;0.000000;0.000000;2267.277344
1537.000000;-1.000000;25667.000000;0.000000;315696.000000;0.000000;0.000000;2268.683105
1538.000000;-1.000000;22932.000000;0.000000;371948.000000;0.000000;0.000000;2270.091797
1539.000000;-1.000000;24608.000000;0.000000;344918.000000;0.000000;0.000000;2271.500000
1540.000000;-1.000000;23542.000000;0.000000;387819.000000;0.000000;0.000000;2272.906006
1541.000000;-1.000000;23951.000000;0.000000;371941.000000;0.000000;0.000000;2274.726562
1542.000000;-1.000000;25845.000000;0.000000;315537.000000;0.000000;0.000000;2276.361816
1543.000000;-1.000000;23521.000000;0.000000;355779.000000;0.000000;0.000000;2278.000244
1544.000000;-1.000000;24844.000000;0.000000;320117.000000;0.000000;0.000000;2279.615479
1545.000000;-1.000000;25168.000000;0.000000;315899.000000;0.000000;0.000000;2281.211670
1546.000000;-1.000000;24910.000000;0.000000;395030.000000;0.000000;0.000000;2282.812744
1547.000000;-1.000000;23866.000000;0.000000;385789.000000;0.000000;0.000000;2284.454834
1548.000000;-1.000000;24327.000000;0.000000;361364.000000;0.000000;0.000000;2286.109131
1549.000000;-1.000000;25177.000000;0.000000;308461.000000;0.000000;0.000000;2287.743164
1550.000000;-1.000000;24855.000000;0.000000;329933.000000;0.000000;0.000000;2289.372559
1551.000000;-1.000000;24822.000000;0.000000;354360.000000;0.000000;0.000000;2291.010010
1552.000000;-1.000000;23622.000000;0.000000;399643.000000;0.000000;0.000000;2292.510010
1553.000000;-1.000000;24757.000000;0.000000;373275.000000;0.000000;0.000000;2293.976074
1554.000000;-1.000000;23146.000000;0.000000;389219.000000;0.000000;0.000000;2295.422119
1555.000000;-1.000000;24453.000000;0.000000;313650.000000;0.000000;0.000000;2296.847900
1556.000000;-1.000000;27285.000000;0.000000;277342.000000;0.000000;0.000000;2298.268066
1557.000000;-1.000000;25024.000000;0.000000;341981.000000;0.000000;0.000000;2299.690430
1558.000000;-1.000000;24476.000000;0.000000;333860.000000;0.000000;0.000000;2301.117432
1559.000000;-1.000000;24216.000000;0.000000;345932.000000;0.000000;0.000000;2302.798828
1560.000000;-1.000000;25498.000000;0.000000;342584.000000;0.000000;0.000000;2304.575439
1561.000000;-1.000000;24793.000000;0.000000;345442.000000;0.000000;0.000000;2306.174316
1562.000000;-1.000000;24515.000000;0.000000;305945.000000;0.000000;0.000000;2307.790039
1563.000000;-1.000000;23567.000000;0.000000;378304.000000;0.000000;0.000000;2309.393066
1564.000000;-1.000000;26519.000000;0.000000;267424.000000;0.000000;0.000000;2310.960693
1565.000000;-1.000000;25160.000000;0.000000;324994.000000;0.000000;0.000000;2312.524658
1566.000000;-1.000000;27776.000000;0.000000;258500.000000;0.000000;0.000000;2314.118896
1567.000000;-1.000000;25421.000000;0.000000;271888.000000;0.000000;0.000000;2315.684326
1568.000000;-1.000000;24089.000000;0.000000;345089.000000;0.000000;0.000000;2317.290771
1569.000000;-1.000000;25587.000000;0.000000;357247.000000;0.000000;0.000000;2318.904297
1570.000000;-1.000000;24373.000000;0.000000;365025.000000;0.000000;0.000000;2320.530762
1571.000000;-1.000000;24071.000000;0.000000;395911.000000;0.000000;0.000000;2322.127197
1572.000000;-1.000000;23197.000000;0.000000;327307.000000;0.000000;0.000000;2323.626953
1573.000000;-1.000000;27318.000000;0.000000;247062.000000;0.000000;0.000000;2325.141357
1574.000000;-1.000000;24544.000000;0.000000;313325.000000;0.000000;0.000000;2326.533691
1575.000000;-1.000000;25327.000000;0.000000;294679.000000;0.000000;0.000000;2327.931885
1576.000000;-1.000000;25884.000000;0.000000;327153.000000;0.000000;0.000000;2329.318359
1577.000000;-1.000000;24490.000000;0.000000;370212.000000;0.000000;0.000000;2330.706299
1578.000000;-1.000000;25551.000000;0.000000;337675.000000;0.000000;0.000000;2332.092529
1579.000000;-1.000000;25255.000000;0.000000;312096.000000;0.000000;0.000000;2333.531738
1580.000000;-1.000000;24850.000000;0.000000;364398.000000;0.000000;0.000000;2334.971680
1581.000000;-1.000000;24036.000000;0.000000;327449.000000;0.000000;0.000000;2336.697754
1582.000000;-1.000000;23959.000000;0.000000;347899.000000;0.000000;0.000000;2338.264893
1583.000000;-1.000000;24215.000000;0.000000;374231.000000;0.000000;0.000000;2339.930664
1584.000000;-1.000000;25258.000000;0.000000;329416.000000;0.000000;0.000000;2341.465820
1585.000000;-1.000000;26222.000000;0.000000;297951.000000;0.000000;0.000000;2342.989746
1586.000000;-1.000000;25937.000000;0.000000;312283.000000;0.000000;0.000000;2344.538086
1587.000000;-1.000000;25484.000000;0.000000;306327.000000;0.000000;0.000000;2346.069336
1588.000000;-1.000000;25093.000000;0.000000;299044.000000;0.000000;0.000000;2347.602295
1589.000000;-1.000000;23482.000000;0.000000;359422.000000;0.000000;0.000000;2349.164062
1590.000000;-1.000000;24921.000000;0.000000;317150.000000;0.000000;0.000000;2350.715088
1591.000000;-1.000000;24694.000000;0.000000;388424.000000;0.000000;0.000000;2352.263428
1592.000000;-1.000000;24223.000000;0.000000;371870.000000;0.000000;0.000000;2353.804688
1593.000000;-1.000000;22145.000000;0.000000;432275.000000;0.000000;0.000000;2355.268799
1594.000000;-1.000000;23683.000000;0.000000;375346.000000;0.000000;0.000000;2356.632324
1595.000000;-1.000000;25824.000000;0.000000;297850.000000;0.000000;0.000000;2357.983154
1596.000000;-1.000000;24960.000000;0.000000;328243.000000;0.000000;0.000000;2359.340576
1597.000000;-1.000000;25617.000000;0.000000;340003.000000;0.000000;0.000000;2360.699951
1598.000000;-1.000000;24120.000000;0.000000;381232.000000;0.000000;0.000000;2362.264404
1599.000000;-1.000000;24897.000000;0.000000;317935.000000;0.000000;0.000000;2363.926758
1600.000000;-1.000000;26804.000000;0.000000;269765.000000;0.000000;0.000000;2365.494629
1601.000000;-1.000000;26347.000000;0.000000;302106.000000;0.000000;0.000000;2367.033936
1602.000000;-1.000000;24240.000000;0.000000;356134.000000;0.000000;0.000000;2368.561768
1603.000000;-1.000000;24986.000000;0.000000;311449.000000;0.000000;0.000000;2370.068359
1604.000000;-1.000000;24673.000000;0.000000;359166.000000;0.000000;0.000000;2371.569336
1605.000000;-1.000000;24536.000000;0.000000;331261.000000;0.000000;0.000000;2373.069824
1606.000000;-1.000000;25630.000000;0.000000;336043.000000;0.000000;0.000000;2374.590576
1607.000000;-1.000000;26242.000000;0.000000;258299.000000;0.000000;0.000000;2376.099854
1608.000000;-1.000000;25179.000000;0.000000;347561.000000;0.000000;0.000000;2377.595947
1609.000000;-1.000000;24681.000000;0.000000;353565.000000;0.000000;0.000000;2379.159424
1610.000000;-1.000000;26164.000000;0.000000;292100.000000;0.000000;0.000000;2380.684082
1611.000000;-1.000000;25389.000000;0.000000;330652.000000;0.000000;0.000000;2382.201416
1612.000000;-1.000000;25705.000000;0.000000;280186.000000;0.000000;0.000000;2383.721191
1613.000000;-1.000000;25474.000000;0.000000;311593.000000;0.000000;0.000000;2385.197266
1614.000000;-1.000000;24414.000000;0.000000;336646.000000;0.000000;0.000000;2386.541504
1615.000000;-1.000000;24933.000000;0.000000;355907.000000;0.000000;0.000000;2387.885254
1616.000000;-1.000000;24458.000000;0.000000;342919.000000;0.000000;0.000000;2389.226074
1617.000000;-1.000000;26187.000000;0.000000;314909.000000;0.000000;0.000000;2390.557373
1618.000000;-1.000000;25024.000000;0.000000;323138.000000;0.000000;0.000000;2391.896729
1619.000000;-1.000000;22315.000000;0.000000;384608.000000;0.000000;0.000000;2393.235596
1620.000000;-1.000000;25706.000000;0.000000;309542.000000;0.000000;0.000000;2394.593750
1621.000000;-1.000000;25648.000000;0.000000;300262.000000;0.000000;0.000000;2396.255371
1622.000000;-1.000000;25185.000000;0.000000;316089.000000;0.000000;0.000000;2397.775391
1623.000000;-1.000000;24217.000000;0.000000;336598.000000;0.000000;0.000000;2399.267090
1624.000000;-1.000000;24362.000000;0.000000;318422.000000;0.000000;0.000000;2400.764160
1625.000000;-1.000000;24021.000000;0.000000;369370.000000;0.000000;0.000000;2402.227783
1626.000000;-1.000000;24566.000000;0.000000;306283.000000;0.000000;0.000000;2403.758545
1627.000000;-1.000000;25496.000000;0.000000;319177.000000;0.000000;0.000000;2405.255127
1628.000000;-1.000000;25653.000000;0.000000;307594.000000;0.000000;0.000000;2406.784424
1629.000000;-1.000000;26055.000000;0.000000;310821.000000;0.000000;0.000000;2408.286621
1630.000000;-1.000000;26447.000000;0.000000;266552.000000;0.000000;0.000000;2409.806641
1631.000000;-1.000000;23214.000000;0.000000;357079.000000;0.000000;0.000000;2411.291260
1632.000000;-1.000000;23608.000000;0.000000;386164.000000;0.000000;0.000000;2412.783936
1633.000000;-1.000000;25314.000000;0.000000;306282.000000;0.000000;0.000000;2414.254150
1634.000000;-1.000000;24520.000000;0.000000;340882.000000;0.000000;0.000000;2415.593750
1635.000000;-1.000000;24623.000000;0.000000;365352.000000;0.000000;0.000000;2416.898438
1636.000000;-1.000000;23923.000000;0.000000;381250.000000;0.000000;0.000000;2418.208984
1637.000000;-1.000000;25364.000000;0.000000;288293.000000;0.000000;0.000000;2419.542725
1638.000000;-1.000000;25660.000000;0.000000;327375.000000;0.000000;0.000000;2420.909668
1639.000000;-1.000000;24405.000000;0.000000;325309.000000;0.000000;0.000000;2422.281494
1640.000000;-1.000000;25512.000000;0.000000;339957.000000;0.000000;0.000000;2423.925049
1641.000000;-1.000000;25282.000000;0.000000;324694.000000;0.000000;0.000000;2425.441406
1642.000000;-1.000000;25479.000000;0.000000;329190.000000;0.000000;0.000000;2426.924561
1643.000000;-1.000000;25008.000000;0.000000;348538.000000;0.000000;0.000000;2428.384033
1644.000000;-1.000000;24284.000000;0.000000;344286.000000;0.000000;0.000000;2429.825195
1645.000000;-1.000000;23889.000000;0.000000;371060.000000;0.000000;0.000000;2431.272217
1646.000000;-1.000000;25272.000000;0.000000;344120.000000;0.000000;0.000000;2432.721680
1647.000000;-1.000000;24258.000000;0.000000;334668.000000;0.000000;0.000000;2434.168457
1648.000000;-1.000000;24376.000000;0.000000;331742.000000;0.000000;0.000000;2435.646240
1649.000000;-1.000000;23675.000000;0.000000;327720.000000;0.000000;0.000000;2437.141602
1650.000000;-1.000000;24540.000000;0.000000;292157.000000;0.000000;0.000000;2438.600098
1651.000000;-1.000000;23916.000000;0.000000;305539.000000;0.000000;0.000000;2440.069092
1652.000000;-1.000000;26465.000000;0.000000;296031.000000;0.000000;0.000000;2441.532715
1653.000000;-1.000000;24053.000000;0.000000;373822.000000;0.000000;0.000000;2442.926758
1654.000000;-1.000000;24611.000000;0.000000;342226.000000;0.000000;0.000000;2444.214844
1655.000000;-1.000000;26479.000000;0.000000;306378.000000;0.000000;0.000000;2445.604980
1656.000000;-1.000000;24314.000000;0.000000;409768.000000;0.000000;0.000000;2446.996826
1657.000000;-1.000000;23520.000000;0.000000;332565.000000;0.000000;0.000000;2448.277832
1658.000000;-1.000000;22411.000000;0.000000;414282.000000;0.000000;0.000000;2449.577393
1659.000000;-1.000000;23971.000000;0.000000;348484.000000;0.000000;0.000000;2450.865967
1660.000000;-1.000000;25702.000000;0.000000;297620.000000;0.000000;0.000000;2452.258789
1661.000000;-1.000000;23859.000000;0.000000;361259.000000;0.000000;0.000000;2453.990967
1662.000000;-1.000000;24405.000000;0.000000;326196.000000;0.000000;0.000000;2455.549561
1663.000000;-1.000000;24212.000000;0.000000;356314.000000;0.000000;0.000000;2457.026611
1664.000000;-1.000000;24644.000000;0.000000;354038.000000;0.000000;0.000000;2458.496094
1665.000000;-1.000000;25722.000000;0.000000;301665.000000;0.000000;0.000000;2459.966064
1666.000000;-1.000000;24225.000000;0.000000;356198.000000;0.000000;0.000000;2461.427002
1667.000000;-1.000000;23516.000000;0.000000;374082.000000;0.000000;0.000000;2462.877686
1668.000000;-1.000000;26364.000000;0.000000;308283.000000;0.000000;0.000000;2464.340576
1669.000000;-1.000000;25722.000000;0.000000;347994.000000;0.000000;0.000000;2465.833252
1670.000000;-1.000000;26282.000000;0.000000;293605.000000;0.000000;0.000000;2467.333984
1671.000000;-1.000000;25908.000000;0.000000;297316.000000;0.000000;0.000000;2468.810059
1672.000000;-1.000000;27649.000000;0.000000;231787.000000;0.000000;0.000000;2470.356689
1673.000000;-1.000000;23357.000000;0.000000;407459.000000;0.000000;0.000000;2471.823486
1674.000000;-1.000000;25442.000000;0.000000;309387.000000;0.000000;0.000000;2473.165039
1675.000000;-1.000000;25324.000000;0.000000;337550.000000;0.000000;0.000000;2474.469727
1676.000000;-1.000000;26239.000000;0.000000;325392.000000;0.000000;0.000000;2475.802246
1677.000000;-1.000000;24200.000000;0.000000;329476.000000;0.000000;0.000000;2477.118896
1678.000000;-1.000000;27043.000000;0.000000;238186.000000;0.000000;0.000000;2478.417480
1679.000000;-1.000000;24286.000000;0.000000;376491.000000;0.000000;0.000000;2479.725098
1680.000000;-1.000000;24967.000000;0.000000;350732.000000;0.000000;0.000000;2481.048828
1681.000000;-1.000000;25189.000000;0.000000;316824.000000;0.000000;0.000000;2482.657715
1682.000000;-1.000000;23354.000000;0.000000;403578.000000;0.000000;0.000000;2484.146240
1683.000000;-1.000000;25055.000000;0.000000;320690.000000;0.000000;0.000000;2485.660400
1684.000000;-1.000000;24802.000000;0.000000;354447.000000;0.000000;0.000000;2487.135254
1685.000000;-1.000000;23733.000000;0.000000;381924.000000;0.000000;0.000000;2488.600586
1686.000000;-1.000000;25450.000000;0.000000;322074.000000;0.000000;0.000000;2490.086426
1687.000000;-1.000000;24290.000000;0.000000;335225.000000;0.000000;0.000000;2491.555420
1688.000000;-1.000000;24502.000000;0.000000;368794.000000;0.000000;0.000000;2493.022705
1689.000000;-1.000000;24148.000000;0.000000;362295.000000;0.000000;0.000000;2494.507812
1690.000000;-1.000000;23410.000000;0.000000;384531.000000;0.000000;0.000000;2496.072510
1691.000000;-1.000000;26690.000000;0.000000;326744.000000;0.000000;0.000000;2497.558350
1692.000000;-1.000000;23871.000000;0.000000;397925.000000;0.000000;0.000000;2499.036133
1693.000000;-1.000000;27108.000000;0.000000;267427.000000;0.000000;0.000000;2500.520508
1694.000000;-1.000000;23887.000000;0.000000;390248.000000;0.000000;0.000000;2501.847412
1695.000000;-1.000000;25134.000000;0.000000;257195.000000;0.000000;0.000000;2503.151123
1696.000000;-1.000000;24011.000000;0.000000;357547.000000;0.000000;0.000000;2504.460693
1697.000000;-1.000000;23694.000000;0.000000;322450.000000;0.000000;0.000000;2505.842285
1698.000000;-1.000000;25929.000000;0.000000;327937.000000;0.000000;0.000000;2507.149414
1699.000000;-1.000000;24701.000000;0.000000;315433.000000;0.000000;0.000000;2508.457031
1700.000000;-1.000000;25191.000000;0.000000;339527.000000;0.000000;0.000000;2509.760498
1701.000000;-1.000000;23528.000000;0.000000;366019.000000;0.000000;0.000000;2511.381592
1702.000000;-1.000000;25332.000000;0.000000;302445.000000;0.000000;0.000000;2512.881104
1703.000000;-1.000000;26438.000000;0.000000;291709.000000;0.000000;0.000000;2514.399170
1704.000000;-1.000000;26334.000000;0.000000;289499.000000;0.000000;0.000000;2515.906738
1705.000000;-1.000000;25035.000000;0.000000;287412.000000;0.000000;0.000000;2517.392822
1706.000000;-1.000000;25245.000000;0.000000;335656.000000;0.000000;0.000000;2518.877686
1707.000000;-1.000000;27695.000000;0.000000;272679.000000;0.000000;0.000000;2520.368408
1708.000000;-1.000000;24100.000000;0.000000;342345.000000;0.000000;0.000000;2521.857178
1709.000000;-1.000000;22135.000000;0.000000;428538.000000;0.000000;0.000000;2523.387207
1710.000000;-1.000000;24166.000000;0.000000;361360.000000;0.000000;0.000000;2524.887939
1711.000000;-1.000000;24113.000000;0.000000;322009.000000;0.000000;0.000000;2526.421387
1712.000000;-1.000000;22685.000000;0.000000;407256.000000;0.000000;0.000000;2527.925049
1713.000000;-1.000000;25745.000000;0.000000;314527.000000;0.000000;0.000000;2529.298584
1714.000000;-1.000000;23295.000000;0.000000;414005.000000;0.000000;0.000000;2530.616211
1715.000000;-1.000000;24364.000000;0.000000;353865.000000;0.000000;0.000000;2531.948242
1716.000000;-1.000000;26007.000000;0.000000;308969.000000;0.000000;0.000000;2533.288086
1717.000000;-1.000000;24280.000000;0.000000;344788.000000;0.000000;0.000000;2534.615723
1718.000000;-1.000000;27059.000000;0.000000;286056.000000;0.000000;0.000000;2535.981689
1719.000000;-1.000000;27014.000000;0.000000;285691.000000;0.000000;0.000000;2537.306396
1720.000000;-1.000000;22129.000000;0.000000;415768.000000;0.000000;0.000000;2538.635742
1721.000000;-1.000000;26481.000000;0.000000;289452.000000;0.000000;0.000000;2540.278564
1722.000000;-1.000000;24026.000000;0.000000;344224.000000;0.000000;0.000000;2541.820068
1723.000000;-1.000000;26416.000000;0.000000;297763.000000;0.000000;0.000000;2543.427490
1724.000000;-1.000000;27917.000000;0.000000;288233.000000;0.000000;0.000000;2544.911133
1725.000000;-1.000000;24617.000000;0.000000;353490.000000;0.000000;0.000000;2546.415283
1726.000000;-1.000000;23359.000000;0.000000;382017.000000;0.000000;0.000000;2547.906738
1727.000000;-1.000000;27113.000000;0.000000;284622.000000;0.000000;0.000000;2549.401123
1728.000000;-1.000000;27377.000000;0.000000;254833.000000;0.000000;0.000000;2550.895996
1729.000000;-1.000000;26176.000000;0.000000;304139.000000;0.000000;0.000000;2552.421387
1730.000000;-1.000000;23912.000000;0.000000;316449.000000;0.000000;0.000000;2553.964355
1731.000000;-1.000000;25607.000000;0.000000;348448.000000;0.000000;0.000000;2555.485352
1732.000000;-1.000000;24031.000000;0.000000;367067.000000;0.000000;0.000000;2557.028320
1733.000000;-1.000000;25345.000000;0.000000;341560.000000;0.000000;0.000000;2558.509521
1734.000000;-1.000000;24661.000000;0.000000;320863.000000;0.000000;0.000000;2559.861084
1735.000000;-1.000000;26356.000000;0.000000;282477.000000;0.000000;0.000000;2561.190918
1736.000000;-1.000000;23056.000000;0.000000;345983.000000;0.000000;0.000000;2562.519531
1737.000000;-1.000000;24860.000000;0.000000;311853.000000;0.000000;0.000000;2563.851318
1738.000000;-1.000000;24673.000000;0.000000;355111.000000;0.000000;0.000000;2565.229736
1739.000000;-1.000000;23153.000000;0.000000;380060.000000;0.000000;0.000000;2566.608887
1740.000000;-1.000000;24303.000000;0.000000;363788.000000;0.000000;0.000000;2567.955078
1741.000000;-1.000000;24139.000000;0.000000;341417.000000;0.000000;0.000000;2569.567871
1742.000000;-1.000000;25046.000000;0.000000;312424.000000;0.000000;0.000000;2571.144043
1743.000000;-1.000000;25064.000000;0.000000;383136.000000;0.000000;0.000000;2572.680664
1744.000000;-1.000000;25774.000000;0.000000;324230.000000;0.000000;0.000000;2574.207275
1745.000000;-1.000000;26403.000000;0.000000;294978.000000;0.000000;0.000000;2575.796631
1746.000000;-1.000000;26202.000000;0.000000;319787.000000;0.000000;0.000000;2577.325928
1747.000000;-1.000000;25132.000000;0.000000;303115.000000;0.000000;0.000000;2578.873291
1748.000000;-1.000000;25044.000000;0.000000;338216.000000;0.000000;0.000000;2580.419678
1749.000000;-1.000000;24595.000000;0.000000;358538.000000;0.000000;0.000000;2581.935059
1750.000000;-1.000000;23327.000000;0.000000;365130.000000;0.000000;0.000000;2583.469238
1751.000000;-1.000000;24483.000000;0.000000;357875.000000;0.000000;0.000000;2584.996826
1752.000000;-1.000000;24776.000000;0.000000;354260.000000;0.000000;0.000000;2586.600830
1753.000000;-1.000000;26372.000000;0.000000;287368.000000;0.000000;0.000000;2588.148438
1754.000000;-1.000000;25264.000000;0.000000;313834.000000;0.000000;0.000000;2589.688232
1755.000000;-1.000000;23162.000000;0.000000;369148.000000;0.000000;0.000000;2591.222168
1756.000000;-1.000000;25140.000000;0.000000;338079.000000;0.000000;0.000000;2592.701660
1757.000000;-1.000000;24776.000000;0.000000;314099.000000;0.000000;0.000000;2594.058838
1758.000000;-1.000000;24345.000000;0.000000;330214.000000;0.000000;0.000000;2595.422607
1759.000000;-1.000000;24172.000000;0.000000;404986.000000;0.000000;0.000000;2596.822998
1760.000000;-1.000000;26191.000000;0.000000;313990.000000;0.000000;0.000000;2598.178711
1761.000000;-1.000000;25397.000000;0.000000;287455.000000;0.000000;0.000000;2599.908936
1762.000000;-1.000000;27046.000000;0.000000;281304.000000;0.000000;0.000000;2601.483643
1763.000000;-1.000000;25469.000000;0.000000;326404.000000;0.000000;0.000000;2603.037109
1764.000000;-1.000000;25296.000000;0.000000;332174.000000;0.000000;0.000000;2604.654297
1765.000000;-1.000000;23942.000000;0.000000;306240.000000;0.000000;0.000000;2606.222168
1766.000000;-1.000000;24938.000000;0.000000;326887.000000;0.000000;0.000000;2607.755127
1767.000000;-1.000000;26299.000000;0.000000;291873.000000;0.000000;0.000000;2609.293457
1768.000000;-1.000000;24114.000000;0.000000;382644.000000;0.000000;0.000000;2610.827393
1769.000000;-1.000000;24211.000000;0.000000;327504.000000;0.000000;0.000000;2612.398682
1770.000000;-1.000000;23902.000000;0.000000;331356.000000;0.000000;0.000000;2613.956543
1771.000000;-1.000000;24196.000000;0.000000;298081.000000;0.000000;0.000000;2615.513916
1772.000000;-1.000000;26072.000000;0.000000;269337.000000;0.000000;0.000000;2617.112305
1773.000000;-1.000000;24744.000000;0.000000;359833.000000;0.000000;0.000000;2618.576416
1774.000000;-1.000000;24059.000000;0.000000;377663.000000;0.000000;0.000000;2619.930664
1775.000000;-1.000000;23876.000000;0.000000;383852.000000;0.000000;0.000000;2621.280518
1776.000000;-1.000000;25453.000000;0.000000;347101.000000;0.000000;0.000000;2622.649414
1777.000000;-1.000000;22450.000000;0.000000;398322.000000;0.000000;0.000000;2624.012695
1778.000000;-1.000000;26146.000000;0.000000;338378.000000;0.000000;0.000000;2625.418457
1779.000000;-1.000000;25031.000000;0.000000;329947.000000;0.000000;0.000000;2626.813477
1780.000000;-1.000000;25213.000000;0.000000;346851.000000;0.000000;0.000000;2628.177979
1781.000000;-1.000000;24010.000000;0.000000;375341.000000;0.000000;0.000000;2629.820557
1782.000000;-1.000000;23196.000000;0.000000;383347.000000;0.000000;0.000000;2631.422852
1783.000000;-1.000000;25617.000000;0.000000;307868.000000;0.000000;0.000000;2632.992920
1784.000000;-1.000000;23365.000000;0.000000;397475.000000;0.000000;0.000000;2634.549805
1785.000000;-1.000000;25466.000000;0.000000;303909.000000;0.000000;0.000000;2636.103027
1786.000000;-1.000000;22478.000000;0.000000;363595.000000;0.000000;0.000000;2637.675293
1787.000000;-1.000000;25350.000000;0.000000;327493.000000;0.000000;0.000000;2639.230957
1788.000000;-1.000000;22880.000000;0.000000;407016.000000;0.000000;0.000000;2640.790283
1789.000000;-1.000000;25363.000000;0.000000;326178.000000;0.000000;0.000000;2642.350586
1790.000000;-1.000000;25784.000000;0.000000;339332.000000;0.000000;0.000000;2643.902588
1791.000000;-1.000000;26927.000000;0.000000;260568.000000;0.000000;0.000000;2645.456299
1792.000000;-1.000000;25090.000000;0.000000;372798.000000;0.000000;0.000000;2647.089111
1793.000000;-1.000000;25616.000000;0.000000;339633.000000;0.000000;0.000000;2648.668213
1794.000000;-1.000000;23714.000000;0.000000;364386.000000;0.000000;0.000000;2650.244385
1795.000000;-1.000000;25214.000000;0.000000;307972.000000;0.000000;0.000000;2651.808838
1796.000000;-1.000000;23134.000000;0.000000;361672.000000;0.000000;0.000000;2653.224609
1797.000000;-1.000000;24968.000000;0.000000;335876.000000;0.000000;0.000000;2654.607666
1798.000000;-1.000000;25997.000000;0.000000;297046.000000;0.000000;0.000000;2655.983154
1799.000000;-1.000000;24916.000000;0.000000;317058.000000;0.000000;0.000000;2657.396484
1800.000000;-1.000000;23660.000000;0.000000;374055.000000;0.000000;0.000000;2658.772461
1801.000000;-1.000000;24468.000000;0.000000;369733.000000;0.000000;0.000000;2660.490967
1802.000000;-1.000000;25559.000000;0.000000;344905.000000;0.000000;0.000000;2662.093018
1803.000000;-1.000000;26049.000000;0.000000;328297.000000;0.000000;0.000000;2663.767334
1804.000000;-1.000000;24660.000000;0.000000;331451.000000;0.000000;0.000000;2665.491455
1805.000000;-1.000000;24267.000000;0.000000;347118.000000;0.000000;0.000000;2667.070557
1806.000000;-1.000000;23575.000000;0.000000;387639.000000;0.000000;0.000000;2668.638672
1807.000000;-1.000000;23302.000000;0.000000;381402.000000;0.000000;0.000000;2670.251953
1808.000000;-1.000000;23581.000000;0.000000;392006.000000;0.000000;0.000000;2671.828369
1809.000000;-1.000000;25412.000000;0.000000;287600.000000;0.000000;0.000000;2673.452881
1810.000000;-1.000000;23651.000000;0.000000;397917.000000;0.000000;0.000000;2675.055908
1811.000000;-1.000000;24378.000000;0.000000;343711.000000;0.000000;0.000000;2676.715332
1812.000000;-1.000000;24871.000000;0.000000;360010.000000;0.000000;0.000000;2678.304688
1813.000000;-1.000000;25461.000000;0.000000;330381.000000;0.000000;0.000000;2679.814209
1814.000000;-1.000000;25718.000000;0.000000;290993.000000;0.000000;0.000000;2681.208008
1815.000000;-1.000000;23923.000000;0.000000;373305.000000;0.000000;0.000000;2682.608643
1816.000000;-1.000000;24228.000000;0.000000;379506.000000;0.000000;0.000000;2683.999512
1817.000000;-1.000000;24441.000000;0.000000;393831.000000;0.000000;0.000000;2685.423584
1818.000000;-1.000000;23889.000000;0.000000;374154.000000;0.000000;0.000000;2686.837891
1819.000000;-1.000000;26172.000000;0.000000;293349.000000;0.000000;0.000000;2688.235107
1820.000000;-1.000000;24405.000000;0.000000;340822.000000;0.000000;0.000000;2689.629395
1821.000000;-1.000000;23557.000000;0.000000;370735.000000;0.000000;0.000000;2691.310791
1822.000000;-1.000000;24083.000000;0.000000;382587.000000;0.000000;0.000000;2692.942383
1823.000000;-1.000000;25397.000000;0.000000;265827.000000;0.000000;0.000000;2694.559326
1824.000000;-1.000000;25519.000000;0.000000;338037.000000;0.000000;0.000000;2696.145996
1825.000000;-1.000000;22299.000000;0.000000;414132.000000;0.000000;0.000000;2697.702393
1826.000000;-1.000000;24766.000000;0.000000;333388.000000;0.000000;0.000000;2699.250244
1827.000000;-1.000000;26590.000000;0.000000;298536.000000;0.000000;0.000000;2700.787598
1828.000000;-1.000000;25389.000000;0.000000;308084.000000;0.000000;0.000000;2702.323730
1829.000000;-1.000000;23180.000000;0.000000;375648.000000;0.000000;0.000000;2703.971191
1830.000000;-1.000000;24074.000000;0.000000;350735.000000;0.000000;0.000000;2705.530029
1831.000000;-1.000000;25560.000000;0.000000;350504.000000;0.000000;0.000000;2707.181885
1832.000000;-1.000000;24496.000000;0.000000;368667.000000;0.000000;0.000000;2708.746094
1833.000000;-1.000000;24943.000000;0.000000;328771.000000;0.000000;0.000000;2710.167236
1834.000000;-1.000000;25775.000000;0.000000;298903.000000;0.000000;0.000000;2711.536377
1835.000000;-1.000000;27034.000000;0.000000;328803.000000;0.000000;0.000000;2712.901855
1836.000000;-1.000000;27038.000000;0.000000;269020.000000;0.000000;0.000000;2714.257080
1837.000000;-1.000000;24029.000000;0.000000;366623.000000;0.000000;0.000000;2715.631592
1838.000000;-1.000000;24511.000000;0.000000;371959.000000;0.000000;0.000000;2717.025391
1839.000000;-1.000000;23143.000000;0.000000;402485.000000;0.000000;0.000000;2718.370850
1840.000000;-1.000000;27001.000000;0.000000;274163.000000;0.000000;0.000000;2719.735107
1841.000000;-1.000000;24511.000000;0.000000;394513.000000;0.000000;0.000000;2721.445068
1842.000000;-1.000000;25191.000000;0.000000;332347.000000;0.000000;0.000000;2723.059570
1843.000000;-1.000000;23691.000000;0.000000;388051.000000;0.000000;0.000000;2724.699219
1844.000000;-1.000000;25700.000000;0.000000;321219.000000;0.000000;0.000000;2726.504150
1845.000000;-1.000000;28422.000000;0.000000;241810.000000;0.000000;0.000000;2728.207520
1846.000000;-1.000000;23565.000000;0.000000;383074.000000;0.000000;0.000000;2729.798584
1847.000000;-1.000000;25316.000000;0.000000;298725.000000;0.000000;0.000000;2731.299805
1848.000000;-1.000000;24480.000000;0.000000;336875.000000;0.000000;0.000000;2732.794678
1849.000000;-1.000000;24573.000000;0.000000;380007.000000;0.000000;0.000000;2734.291016
1850.000000;-1.000000;27828.000000;0.000000;192365.000000;0.000000;0.000000;2735.790527
1851.000000;-1.000000;23949.000000;0.000000;353397.000000;0.000000;0.000000;2737.411377
1852.000000;-1.000000;25557.000000;0.000000;319630.000000;0.000000;0.000000;2738.933105
1853.000000;-1.000000;22710.000000;0.000000;426184.000000;0.000000;0.000000;2740.450684
1854.000000;-1.000000;28301.000000;0.000000;227256.000000;0.000000;0.000000;2741.966064
1855.000000;-1.000000;23360.000000;0.000000;402818.000000;0.000000;0.000000;2743.328613
1856.000000;-1.000000;25275.000000;0.000000;326721.000000;0.000000;0.000000;2744.675049
1857.000000;-1.000000;24040.000000;0.000000;373676.000000;0.000000;0.000000;2746.167236
1858.000000;-1.000000;24491.000000;0.000000;345723.000000;0.000000;0.000000;2747.547852
1859.000000;-1.000000;23382.000000;0.000000;419594.000000;0.000000;0.000000;2748.884033
1860.000000;-1.000000;23943.000000;0.000000;354913.000000;0.000000;0.000000;2750.233643
1861.000000;-1.000000;24967.000000;0.000000;319944.000000;0.000000;0.000000;2751.819092
1862.000000;-1.000000;22869.000000;0.000000;373894.000000;0.000000;0.000000;2753.372314
1863.000000;-1.000000;26571.000000;0.000000;289658.000000;0.000000;0.000000;2754.908447
1864.000000;-1.000000;26987.000000;0.000000;265546.000000;0.000000;0.000000;2756.430908
1865.000000;-1.000000;25046.000000;0.000000;361389.000000;0.000000;0.000000;2758.008545
1866.000000;-1.000000;26862.000000;0.000000;288297.000000;0.000000;0.000000;2759.542725
1867.000000;-1.000000;25289.000000;0.000000;339765.000000;0.000000;0.000000;2761.066895
1868.000000;-1.000000;24889.000000;0.000000;332838.000000;0.000000;0.000000;2762.589355
1869.000000;-1.000000;26216.000000;0.000000;281512.000000;0.000000;0.000000;2764.116699
1870.000000;-1.000000;26401.000000;0.000000;314887.000000;0.000000;0.000000;2765.645020
1871.000000;-1.000000;23037.000000;0.000000;367733.000000;0.000000;0.000000;2767.243896
1872.000000;-1.000000;24641.000000;0.000000;331823.000000;0.000000;0.000000;2768.787354
1873.000000;-1.000000;24752.000000;0.000000;329511.000000;0.000000;0.000000;2770.339111
1874.000000;-1.000000;25559.000000;0.000000;310844.000000;0.000000;0.000000;2771.876221
1875.000000;-1.000000;22904.000000;0.000000;375216.000000;0.000000;0.000000;2773.264648
1876.000000;-1.000000;26322.000000;0.000000;303997.000000;0.000000;0.000000;2774.604492
1877.000000;-1.000000;22776.000000;0.000000;376618.000000;0.000000;0.000000;2775.954834
1878.000000;-1.000000;26313.000000;0.000000;328483.000000;0.000000;0.000000;2777.332764
1879.000000;-1.000000;23282.000000;0.000000;357060.000000;0.000000;0.000000;2778.700928
1880.000000;-1.000000;26043.000000;0.000000;322217.000000;0.000000;0.000000;2780.061768
1881.000000;-1.000000;23452.000000;0.000000;354082.000000;0.000000;0.000000;2781.831787
1882.000000;-1.000000;26199.000000;0.000000;287171.000000;0.000000;0.000000;2783.590576
1883.000000;-1.000000;22980.000000;0.000000;403771.000000;0.000000;0.000000;2785.127930
1884.000000;-1.000000;28136.000000;0.000000;264854.000000;0.000000;0.000000;2786.670898
1885.000000;-1.000000;23920.000000;0.000000;390044.000000;0.000000;0.000000;2788.237305
1886.000000;-1.000000;23565.000000;0.000000;401315.000000;0.000000;0.000000;2789.773193
1887.000000;-1.000000;24445.000000;0.000000;333799.000000;0.000000;0.000000;2791.324951
1888.000000;-1.000000;24858.000000;0.000000;311533.000000;0.000000;0.000000;2792.901123
1889.000000;-1.000000;23555.000000;0.000000;379268.000000;0.000000;0.000000;2794.468994
1890.000000;-1.000000;24179.000000;0.000000;330509.000000;0.000000;0.000000;2796.025391
1891.000000;-1.000000;25151.000000;0.000000;318918.000000;0.000000;0.000000;2797.620117
1892.000000;-1.000000;22944.000000;0.000000;402764.000000;0.000000;0.000000;2799.110352
1893.000000;-1.000000;25817.000000;0.000000;261799.000000;0.000000;0.000000;2800.482910
1894.000000;-1.000000;23789.000000;0.000000;334109.000000;0.000000;0.000000;2801.859131
1895.000000;-1.000000;25043.000000;0.000000;297250.000000;0.000000;0.000000;2803.228271
1896.000000;-1.000000;23516.000000;0.000000;371563.000000;0.000000;0.000000;2804.591309
1897.000000;-1.000000;25700.000000;0.000000;285806.000000;0.000000;0.000000;2805.991455
1898.000000;-1.000000;22570.000000;0.000000;396818.000000;0.000000;0.000000;2807.365234
1899.000000;-1.000000;25293.000000;0.000000;308975.000000;0.000000;0.000000;2808.729004
1900.000000;-1.000000;24668.000000;0.000000;357497.000000;0.000000;0.000000;2810.084473
1901.000000;-1.000000;26810.000000;0.000000;287005.000000;0.000000;0.000000;2811.787842
1902.000000;-1.000000;24317.000000;0.000000;352266.000000;0.000000;0.000000;2813.370117
1903.000000;-1.000000;25871.000000;0.000000;299075.000000;0.000000;0.000000;2814.941650
1904.000000;-1.000000;26146.000000;0.000000;318006.000000;0.000000;0.000000;2816.500000
1905.000000;-1.000000;25902.000000;0.000000;326043.000000;0.000000;0.000000;2818.091797
1906.000000;-1.000000;24183.000000;0.000000;319134.000000;0.000000;0.000000;2819.635254
1907.000000;-1.000000;24687.000000;0.000000;351733.000000;0.000000;0.000000;2821.190430
1908.000000;-1.000000;23810.000000;0.000000;367342.000000;0.000000;0.000000;2822.740479
1909.000000;-1.000000;23846.000000;0.000000;371529.000000;0.000000;0.000000;2824.276123
1910.000000;-1.000000;22766.000000;0.000000;398379.000000;0.000000;0.000000;2825.827637
1911.000000;-1.000000;24936.000000;0.000000;360086.000000;0.000000;0.000000;2827.464844
1912.000000;-1.000000;23479.000000;0.000000;345141.000000;0.000000;0.000000;2829.053955
1913.000000;-1.000000;23522.000000;0.000000;399274.000000;0.000000;0.000000;2830.633789
1914.000000;-1.000000;22606.000000;0.000000;391209.000000;0.000000;0.000000;2832.204590
1915.000000;-1.000000;24646.000000;0.000000;364087.000000;0.000000;0.000000;2833.590332
1916.000000;-1.000000;23431.000000;0.000000;379997.000000;0.000000;0.000000;2834.962891
1917.000000;-1.000000;24546.000000;0.000000;364546.000000;0.000000;0.000000;2836.344238
1918.000000;-1.000000;25105.000000;0.000000;338213.000000;0.000000;0.000000;2837.761475
1919.000000;-1.000000;25470.000000;0.000000;373088.000000;0.000000;0.000000;2839.137451
1920.000000;-1.000000;23778.000000;0.000000;364557.000000;0.000000;0.000000;2840.504150
1921.000000;-1.000000;25498.000000;0.000000;330995.000000;0.000000;0.000000;2842.226318
1922.000000;-1.000000;23814.000000;0.000000;361519.000000;0.000000;0.000000;2843.834229
1923.000000;-1.000000;24275.000000;0.000000;392934.000000;0.000000;0.000000;2845.420166
1924.000000;-1.000000;26263.000000;0.000000;321432.000000;0.000000;0.000000;2846.995850
1925.000000;-1.000000;24344.000000;0.000000;342082.000000;0.000000;0.000000;2848.596680
1926.000000;-1.000000;25115.000000;0.000000;354250.000000;0.000000;0.000000;2850.163818
1927.000000;-1.000000;25603.000000;0.000000;321655.000000;0.000000;0.000000;2851.728516
1928.000000;-1.000000;25949.000000;0.000000;315699.000000;0.000000;0.000000;2853.400146
1929.000000;-1.000000;24679.000000;0.000000;349384.000000;0.000000;0.000000;2855.041504
1930.000000;-1.000000;25945.000000;0.000000;312732.000000;0.000000;0.000000;2856.648682
1931.000000;-1.000000;24565.000000;0.000000;335417.000000;0.000000;0.000000;2858.272949
1932.000000;-1.000000;26473.000000;0.000000;270219.000000;0.000000;0.000000;2859.865723
1933.000000;-1.000000;23948.000000;0.000000;346861.000000;0.000000;0.000000;2861.286865
1934.000000;-1.000000;28232.000000;0.000000;245510.000000;0.000000;0.000000;2862.674072
1935.000000;-1.000000;25094.000000;0.000000;310543.000000;0.000000;0.000000;2864.070068
1936.000000;-1.000000;25939.000000;0.000000;331075.000000;0.000000;0.000000;2865.504395
1937.000000;-1.000000;24355.000000;0.000000;332520.000000;0.000000;0.000000;2866.910645
1938.000000;-1.000000;24403.000000;0.000000;326858.000000;0.000000;0.000000;2868.330322
1939.000000;-1.000000;26939.000000;0.000000;265354.000000;0.000000;0.000000;2869.717041
1940.000000;-1.000000;23744.000000;0.000000;332760.000000;0.000000;0.000000;2871.103027
1941.000000;-1.000000;27399.000000;0.000000;301110.000000;0.000000;0.000000;2872.854004
1942.000000;-1.000000;23552.000000;0.000000;366889.000000;0.000000;0.000000;2874.456299
1943.000000;-1.000000;24218.000000;0.000000;356482.000000;0.000000;0.000000;2876.047607
1944.000000;-1.000000;26334.000000;0.000000;300914.000000;0.000000;0.000000;2877.630127
1945.000000;-1.000000;23341.000000;0.000000;389641.000000;0.000000;0.000000;2879.233398
1946.000000;-1.000000;28109.000000;0.000000;250681.000000;0.000000;0.000000;2880.821777
1947.000000;-1.000000;24225.000000;0.000000;382185.000000;0.000000;0.000000;2882.399414
1948.000000;-1.000000;24503.000000;0.000000;326035.000000;0.000000;0.000000;2883.965820
1949.000000;-1.000000;24059.000000;0.000000;336178.000000;0.000000;0.000000;2885.592529
1950.000000;-1.000000;24884.000000;0.000000;331267.000000;0.000000;0.000000;2887.208008
1951.000000;-1.000000;23823.000000;0.000000;419601.000000;0.000000;0.000000;2888.851318
1952.000000;-1.000000;24092.000000;0.000000;366142.000000;0.000000;0.000000;2890.447266
1953.000000;-1.000000;26094.000000;0.000000;333030.000000;0.000000;0.000000;2891.884277
1954.000000;-1.000000;22782.000000;0.000000;431619.000000;0.000000;0.000000;2893.277344
1955.000000;-1.000000;23880.000000;0.000000;348887.000000;0.000000;0.000000;2894.678223
1956.000000;-1.000000;23586.000000;0.000000;323481.000000;0.000000;0.000000;2896.074219
1957.000000;-1.000000;24944.000000;0.000000;368786.000000;0.000000;0.000000;2897.470703
1958.000000;-1.000000;26579.000000;0.000000;256376.000000;0.000000;0.000000;2898.905273
1959.000000;-1.000000;23909.000000;0.000000;367236.000000;0.000000;0.000000;2900.322510
1960.000000;-1.000000;24143.000000;0.000000;363219.000000;0.000000;0.000000;2901.830322
1961.000000;-1.000000;24595.000000;0.000000;344501.000000;0.000000;0.000000;2903.664795
1962.000000;-1.000000;24867.000000;0.000000;358922.000000;0.000000;0.000000;2905.311523
1963.000000;-1.000000;26044.000000;0.000000;306806.000000;0.000000;0.000000;2906.895264
1964.000000;-1.000000;24623.000000;0.000000;346400.000000;0.000000;0.000000;2908.487305
1965.000000;-1.000000;24214.000000;0.000000;355333.000000;0.000000;0.000000;2910.033691
1966.000000;-1.000000;25690.000000;0.000000;281518.000000;0.000000;0.000000;2911.581543
1967.000000;-1.000000;23035.000000;0.000000;422312.000000;0.000000;0.000000;2913.138184
1968.000000;-1.000000;26535.000000;0.000000;295875.000000;0.000000;0.000000;2914.738281
1969.000000;-1.000000;23190.000000;0.000000;398003.000000;0.000000;0.000000;2916.306396
1970.000000;-1.000000;25240.000000;0.000000;353460.000000;0.000000;0.000000;2917.879395
1971.000000;-1.000000;22986.000000;0.000000;385497.000000;0.000000;0.000000;2919.473389
1972.000000;-1.000000;24683.000000;0.000000;311446.000000;0.000000;0.000000;2920.938232
1973.000000;-1.000000;23384.000000;0.000000;383648.000000;0.000000;0.000000;2922.316895
1974.000000;-1.000000;25120.000000;0.000000;302215.000000;0.000000;0.000000;2923.694092
1975.000000;-1.000000;22346.000000;0.000000;428863.000000;0.000000;0.000000;2925.097168
1976.000000;-1.000000;24383.000000;0.000000;335917.000000;0.000000;0.000000;2926.474854
1977.000000;-1.000000;23659.000000;0.000000;388861.000000;0.000000;0.000000;2927.846924
1978.000000;-1.000000;24942.000000;0.000000;305480.000000;0.000000;0.000000;2929.246338
1979.000000;-1.000000;24270.000000;0.000000;338074.000000;0.000000;0.000000;2930.630615
1980.000000;-1.000000;24938.000000;0.000000;331526.000000;0.000000;0.000000;2931.991455
1981.000000;-1.000000;25441.000000;0.000000;301023.000000;0.000000;0.000000;2933.716553
1982.000000;-1.000000;24090.000000;0.000000;365107.000000;0.000000;0.000000;2935.302002
1983.000000;-1.000000;23445.000000;0.000000;371851.000000;0.000000;0.000000;2936.858154
1984.000000;-1.000000;25725.000000;0.000000;277234.000000;0.000000;0.000000;2938.402588
1985.000000;-1.000000;25777.000000;0.000000;294441.000000;0.000000;0.000000;2939.922119
1986.000000;-1.000000;24675.000000;0.000000;315818.000000;0.000000;0.000000;2941.441162
1987.000000;-1.000000;24480.000000;0.000000;372345.000000;0.000000;0.000000;2942.949219
1988.000000;-1.000000;24709.000000;0.000000;335636.000000;0.000000;0.000000;2944.452881
1989.000000;-1.000000;24495.000000;0.000000;396471.000000;0.000000;0.000000;2945.960693
1990.000000;-1.000000;25081.000000;0.000000;327514.000000;0.000000;0.000000;2947.534180
1991.000000;-1.000000;25763.000000;0.000000;297848.000000;0.000000;0.000000;2949.110840
1992.000000;-1.000000;23480.000000;0.000000;401886.000000;0.000000;0.000000;2950.642578
1993.000000;-1.000000;25324.000000;0.000000;352297.000000;0.000000;0.000000;2952.183838
1994.000000;-1.000000;24333.000000;0.000000;361867.000000;0.000000;0.000000;2953.547852
1995.000000;-1.000000;25793.000000;0.000000;287735.000000;0.000000;0.000000;2954.901855
1996.000000;-1.000000;24082.000000;0.000000;355313.000000;0.000000;0.000000;2956.269775
1997.000000;-1.000000;24195.000000;0.000000;348936.000000;0.000000;0.000000;2957.616943
1998.000000;-1.000000;26423.000000;0.000000;301814.000000;0.000000;0.000000;2958.987793
1999.000000;-1.000000;26300.000000;0.000000;308871.000000;0.000000;0.000000;2960.339600
2000.000000;-1.000000;24519.000000;0.000000;318399.000000;0.000000;0.000000;2961.692871
2001.000000;-1.000000;25345.000000;0.000000;360429.000000;0.000000;0.000000;2963.403564
2002.000000;-1.000000;26356.000000;0.000000;289343.000000;0.000000;0.000000;2964.966797
2003.000000;-1.000000;24060.000000;0.000000;348715.000000;0.000000;0.000000;2966.508789
2004.000000;-1.000000;27432.000000;0.000000;233550.000000;0.000000;0.000000;2968.007812
2005.000000;-1.000000;23316.000000;0.000000;384756.000000;0.000000;0.000000;2969.527588
2006.000000;-1.000000;24957.000000;0.000000;329351.000000;0.000000;0.000000;2971.023926
2007.000000;-1.000000;25328.000000;0.000000;301559.000000;0.000000;0.000000;2972.520996
2008.000000;-1.000000;26000.000000;0.000000;266810.000000;0.000000;0.000000;2974.022949
2009.000000;-1.000000;26870.000000;0.000000;294198.000000;0.000000;0.000000;2975.553467
2010.000000;-1.000000;26487.000000;0.000000;257052.000000;0.000000;0.000000;2977.072510
2011.000000;-1.000000;25111.000000;0.000000;343843.000000;0.000000;0.000000;2978.657227
2012.000000;-1.000000;23184.000000;0.000000;405170.000000;0.000000;0.000000;2980.173340
2013.000000;-1.000000;24685.000000;0.000000;318720.000000;0.000000;0.000000;2981.606934
2014.000000;-1.000000;26159.000000;0.000000;319652.000000;0.000000;0.000000;2982.924805
2015.000000;-1.000000;23973.000000;0.000000;349732.000000;0.000000;0.000000;2984.241699
2016.000000;-1.000000;25164.000000;0.000000;309515.000000;0.000000;0.000000;2985.596436
2017.000000;-1.000000;25292.000000;0.000000;335487.000000;0.000000;0.000000;2986.923584
2018.000000;-1.000000;24708.000000;0.000000;351824.000000;0.000000;0.000000;2988.252441
2019.000000;-1.000000;27194.000000;0.000000;281180.000000;0.000000;0.000000;2989.604980
2020.000000;-1.000000;26456.000000;0.000000;275481.000000;0.000000;0.000000;2990.934082
2021.000000;-1.000000;24841.000000;0.000000;349816.000000;0.000000;0.000000;2992.584229
2022.000000;-1.000000;25638.000000;0.000000;308054.000000;0.000000;0.000000;2994.103271
2023.000000;-1.000000;23782.000000;0.000000;415170.000000;0.000000;0.000000;2995.617188
2024.000000;-1.000000;24461.000000;0.000000;323393.000000;0.000000;0.000000;2997.129639
2025.000000;-1.000000;23439.000000;0.000000;373136.000000;0.000000;0.000000;2998.660645
2026.000000;-1.000000;23909.000000;0.000000;386547.000000;0.000000;0.000000;3000.171143
2027.000000;-1.000000;24690.000000;0.000000;333174.000000;0.000000;0.000000;3001.679932
2028.000000;-1.000000;25185.000000;0.000000;326776.000000;0.000000;0.000000;3003.184326
2029.000000;-1.000000;24526.000000;0.000000;336164.000000;0.000000;0.000000;3004.795654
2030.000000;-1.000000;23376.000000;0.000000;356157.000000;0.000000;0.000000;3006.332031
2031.000000;-1.000000;26235.000000;0.000000;288531.000000;0.000000;0.000000;3007.903320
2032.000000;-1.000000;24368.000000;0.000000;341566.000000;0.000000;0.000000;3009.475586
2033.000000;-1.000000;23992.000000;0.000000;387546.000000;0.000000;0.000000;3010.938477
2034.000000;-1.000000;25639.000000;0.000000;291881.000000;0.000000;0.000000;3012.273926
2035.000000;-1.000000;24969.000000;0.000000;353367.000000;0.000000;0.000000;3013.604248
2036.000000;-1.000000;25966.000000;0.000000;324702.000000;0.000000;0.000000;3014.932617
2037.000000;-1.000000;25400.000000;0.000000;306981.000000;0.000000;0.000000;3016.262939
2038.000000;-1.000000;24917.000000;0.000000;309225.000000;0.000000;0.000000;3017.587646
2039.000000;-1.000000;24997.000000;0.000000;334682.000000;0.000000;0.000000;3018.950928
2040.000000;-1.000000;24526.000000;0.000000;380327.000000;0.000000;0.000000;3020.321045
2041.000000;-1.000000;24579.000000;0.000000;382261.000000;0.000000;0.000000;3022.001709
2042.000000;-1.000000;25551.000000;0.000000;312983.000000;0.000000;0.000000;3023.553955
2043.000000;-1.000000;28283.000000;0.000000;220745.000000;0.000000;0.000000;3025.101807
2044.000000;-1.000000;22437.000000;0.000000;376344.000000;0.000000;0.000000;3026.621338
2045.000000;-1.000000;25112.000000;0.000000;354171.000000;0.000000;0.000000;3028.142822
2046.000000;-1.000000;23042.000000;0.000000;419580.000000;0.000000;0.000000;3029.700439
2047.000000;-1.000000;24179.000000;0.000000;365506.000000;0.000000;0.000000;3031.211914
2048.000000;-1.000000;23782.000000;0.000000;326871.000000;0.000000;0.000000;3032.730957
2049.000000;-1.000000;25468.000000;0.000000;332949.000000;0.000000;0.000000;3034.284180
2050.000000;-1.000000;26244.000000;0.000000;254008.000000;0.000000;0.000000;3035.820312
2051.000000;-1.000000;25097.000000;0.000000;332589.000000;0.000000;0.000000;3037.352051
2052.000000;-1.000000;25793.000000;0.000000;344667.000000;0.000000;0.000000;3038.912354
2053.000000;-1.000000;25704.000000;0.000000;266968.000000;0.000000;0.000000;3040.368164
2054.000000;-1.000000;25501.000000;0.000000;312047.000000;0.000000;0.000000;3041.716553
2055.000000;-1.000000;26137.000000;0.000000;297823.000000;0.000000;0.000000;3043.069580
2056.000000;-1.000000;26112.000000;0.000000;320528.000000;0.000000;0.000000;3044.413818
2057.000000;-1.000000;26421.000000;0.000000;281319.000000;0.000000;0.000000;3045.803711
2058.000000;-1.000000;25162.000000;0.000000;329619.000000;0.000000;0.000000;3047.237061
2059.000000;-1.000000;25881.000000;0.000000;296892.000000;0.000000;0.000000;3048.588867
2060.000000;-1.000000;24892.000000;0.000000;324525.000000;0.000000;0.000000;3049.974609
2061.000000;-1.000000;26493.000000;0.000000;318096.000000;0.000000;0.000000;3051.666748
2062.000000;-1.000000;24373.000000;0.000000;363509.000000;0.000000;0.000000;3053.221680
2063.000000;-1.000000;25382.000000;0.000000;341550.000000;0.000000;0.000000;3054.784180
2064.000000;-1.000000;23447.000000;0.000000;366565.000000;0.000000;0.000000;3056.314941
2065.000000;-1.000000;28111.000000;0.000000;205110.000000;0.000000;0.000000;3057.859131
2066.000000;-1.000000;23664.000000;0.000000;374664.000000;0.000000;0.000000;3059.418213
2067.000000;-1.000000;25323.000000;0.000000;354861.000000;0.000000;0.000000;3060.966309
2068.000000;-1.000000;26805.000000;0.000000;253719.000000;0.000000;0.000000;3062.498291
2069.000000;-1.000000;22837.000000;0.000000;401979.000000;0.000000;0.000000;3064.076660
2070.000000;-1.000000;26757.000000;0.000000;281433.000000;0.000000;0.000000;3065.637939
2071.000000;-1.000000;21966.000000;0.000000;427898.000000;0.000000;0.000000;3067.202393
2072.000000;-1.000000;24213.000000;0.000000;369464.000000;0.000000;0.000000;3068.751709
2073.000000;-1.000000;24087.000000;0.000000;358635.000000;0.000000;0.000000;3070.253906
2074.000000;-1.000000;24035.000000;0.000000;369053.000000;33472.000000;0.000000;3071.620850
2075.000000;-1.000000;24655.000000;0.000000;296081.000000;0.000000;0.000000;3072.981445
2076.000000;-1.000000;24411.000000;0.000000;388574.000000;0.000000;0.000000;3074.713623
2077.000000;-1.000000;23602.000000;0.000000;369565.000000;0.000000;0.000000;3076.100586
2078.000000;-1.000000;23199.000000;0.000000;384057.000000;0.000000;0.000000;3077.466309
2079.000000;-1.000000;25808.000000;0.000000;330208.000000;0.000000;0.000000;3078.824951
2080.000000;-1.000000;23687.000000;0.000000;353161.000000;0.000000;0.000000;3080.233398
2081.000000;-1.000000;24565.000000;0.000000;349534.000000;0.000000;0.000000;3081.945557
2082.000000;-1.000000;23554.000000;0.000000;350381.000000;0.000000;0.000000;3083.536133
2083.000000;-1.000000;25770.000000;0.000000;297069.000000;0.000000;0.000000;3085.093750
2084.000000;-1.000000;24971.000000;0.000000;340882.000000;0.000000;0.000000;3086.640137
2085.000000;-1.000000;26579.000000;0.000000;262360.000000;0.000000;0.000000;3088.197998
2086.000000;-1.000000;26645.000000;0.000000;304802.000000;0.000000;0.000000;3089.782959
2087.000000;-1.000000;25385.000000;0.000000;274914.000000;0.000000;0.000000;3091.355957
2088.000000;-1.000000;24312.000000;0.000000;391446.000000;0.000000;0.000000;3092.912842
2089.000000;-1.000000;25806.000000;0.000000;319878.000000;0.000000;0.000000;3094.537598
2090.000000;-1.000000;25638.000000;0.000000;367618.000000;0.000000;0.000000;3096.113281
2091.000000;-1.000000;25197.000000;0.000000;351926.000000;0.000000;0.000000;3097.744385
2092.000000;-1.000000;23840.000000;0.000000;370374.000000;0.000000;0.000000;3099.349854
2093.000000;-1.000000;25422.000000;0.000000;329447.000000;0.000000;0.000000;3100.941895
2094.000000;-1.000000;24450.000000;0.000000;359359.000000;0.000000;0.000000;3102.507080
2095.000000;-1.000000;23672.000000;0.000000;395641.000000;0.000000;0.000000;3103.889893
2096.000000;-1.000000;25846.000000;0.000000;293256.000000;0.000000;0.000000;3105.288574
2097.000000;-1.000000;25519.000000;0.000000;332650.000000;0.000000;0.000000;3106.661865
2098.000000;-1.000000;25122.000000;0.000000;326383.000000;0.000000;0.000000;3108.042480
2099.000000;-1.000000;23484.000000;0.000000;364603.000000;0.000000;0.000000;3109.528076
2100.000000;-1.000000;24911.000000;0.000000;344308.000000;0.000000;0.000000;3110.902344
2101.000000;-1.000000;24731.000000;0.000000;344072.000000;0.000000;0.000000;3112.616455
2102.000000;-1.000000;23913.000000;0.000000;378222.000000;0.000000;0.000000;3114.207520
2103.000000;-1.000000;27274.000000;0.000000;256908.000000;0.000000;0.000000;3115.812012
2104.000000;-1.000000;25353.000000;0.000000;351788.000000;0.000000;0.000000;3117.532959
2105.000000;-1.000000;23904.000000;0.000000;376180.000000;0.000000;0.000000;3119.207031
2106.000000;-1.000000;23949.000000;0.000000;364217.000000;0.000000;0.000000;3120.846436
2107.000000;-1.000000;22686.000000;0.000000;424397.000000;0.000000;0.000000;3122.332031
2108.000000;-1.000000;25244.000000;0.000000;314947.000000;0.000000;0.000000;3123.847656
2109.000000;-1.000000;25128.000000;0.000000;351891.000000;0.000000;0.000000;3125.366943
2110.000000;-1.000000;24132.000000;0.000000;332991.000000;0.000000;0.000000;3126.941162
2111.000000;-1.000000;25934.000000;0.000000;282951.000000;0.000000;0.000000;3128.472168
2112.000000;-1.000000;24323.000000;0.000000;332732.000000;33472.000000;0.000000;3130.058350
2113.000000;-1.000000;24855.000000;0.000000;315803.000000;0.000000;0.000000;3131.590820
2114.000000;-1.000000;22636.000000;0.000000;409835.000000;0.000000;0.000000;3133.002441
2115.000000;-1.000000;26042.000000;0.000000;295258.000000;0.000000;0.000000;3134.351562
2116.000000;-1.000000;24280.000000;0.000000;349960.000000;0.000000;0.000000;3135.691895
2117.000000;-1.000000;25251.000000;0.000000;325080.000000;0.000000;0.000000;3137.032959
2118.000000;-1.000000;24822.000000;0.000000;342252.000000;0.000000;0.000000;3138.371826
2119.000000;-1.000000;24338.000000;0.000000;339108.000000;0.000000;0.000000;3140.208496
2120.000000;-1.000000;23525.000000;0.000000;377774.000000;0.000000;0.000000;3141.659668
2121.000000;-1.000000;24957.000000;0.000000;364135.000000;0.000000;0.000000;3143.497314
2122.000000;-1.000000;23933.000000;0.000000;395978.000000;0.000000;0.000000;3145.052002
2123.000000;-1.000000;23586.000000;0.000000;388083.000000;0.000000;0.000000;3146.584229
2124.000000;-1.000000;24383.000000;0.000000;389835.000000;0.000000;0.000000;3148.072754
2125.000000;-1.000000;26933.000000;0.000000;259483.000000;0.000000;0.000000;3149.578857
2126.000000;-1.000000;23338.000000;0.000000;380723.000000;0.000000;0.000000;3151.091309
2127.000000;-1.000000;25292.000000;0.000000;309139.000000;0.000000;0.000000;3152.581543
2128.000000;-1.000000;26004.000000;0.000000;310598.000000;0.000000;0.000000;3154.067627
2129.000000;-1.000000;25488.000000;0.000000;325766.000000;0.000000;0.000000;3155.601074
2130.000000;-1.000000;25484.000000;0.000000;346801.000000;0.000000;0.000000;3157.115723
2131.000000;-1.000000;23676.000000;0.000000;351702.000000;0.000000;0.000000;3158.705322
2132.000000;-1.000000;25818.000000;0.000000;299195.000000;0.000000;0.000000;3160.288574
2133.000000;-1.000000;24586.000000;0.000000;333940.000000;0.000000;0.000000;3161.669678
2134.000000;-1.000000;26167.000000;0.000000;286185.000000;0.000000;0.000000;3162.990723
2135.000000;-1.000000;23169.000000;0.000000;369869.000000;0.000000;0.000000;3164.311523
2136.000000;-1.000000;24448.000000;0.000000;350982.000000;0.000000;0.000000;3165.670410
2137.000000;-1.000000;25150.000000;0.000000;357305.000000;0.000000;0.000000;3166.988525
2138.000000;-1.000000;26902.000000;0.000000;281510.000000;0.000000;0.000000;3168.313477
2139.000000;-1.000000;25284.000000;0.000000;341232.000000;0.000000;0.000000;3169.648193
2140.000000;-1.000000;23582.000000;0.000000;411900.000000;0.000000;0.000000;3171.000732
2141.000000;-1.000000;24553.000000;0.000000;343414.000000;0.000000;0.000000;3172.647705
2142.000000;-1.000000;25190.000000;0.000000;336320.000000;0.000000;0.000000;3174.170166
2143.000000;-1.000000;22968.000000;0.000000;383903.000000;0.000000;0.000000;3175.687012
2144.000000;-1.000000;27275.000000;0.000000;252371.000000;0.000000;0.000000;3177.200195
2145.000000;-1.000000;23384.000000;0.000000;404649.000000;0.000000;0.000000;3178.721436
2146.000000;-1.000000;27320.000000;0.000000;250267.000000;0.000000;0.000000;3180.273193
2147.000000;-1.000000;23327.000000;0.000000;331339.000000;0.000000;0.000000;3181.776855
2148.000000;-1.000000;24066.000000;0.000000;371639.000000;0.000000;0.000000;3183.283447
2149.000000;-1.000000;23953.000000;0.000000;366601.000000;0.000000;0.000000;3184.791016
2150.000000;-1.000000;24236.000000;0.000000;315273.000000;0.000000;0.000000;3186.307617
2151.000000;-1.000000;25900.000000;0.000000;289682.000000;0.000000;0.000000;3187.875977
2152.000000;-1.000000;25139.000000;0.000000;323431.000000;0.000000;0.000000;3189.411621
2153.000000;-1.000000;25013.000000;0.000000;324603.000000;0.000000;0.000000;3190.970215
2154.000000;-1.000000;24010.000000;0.000000;336792.000000;0.000000;0.000000;3192.460938
2155.000000;-1.000000;23888.000000;0.000000;337541.000000;0.000000;0.000000;3193.787354
2156.000000;-1.000000;26590.000000;0.000000;297767.000000;0.000000;0.000000;3195.127930
2157.000000;-1.000000;25042.000000;0.000000;304177.000000;0.000000;0.000000;3196.473633
2158.000000;-1.000000;23714.000000;0.000000;401394.000000;0.000000;0.000000;3197.807129
2159.000000;-1.000000;24565.000000;0.000000;399522.000000;0.000000;0.000000;3199.136719
2160.000000;-1.000000;23395.000000;0.000000;415198.000000;0.000000;0.000000;3200.506348
2161.000000;-1.000000;23594.000000;0.000000;406786.000000;0.000000;0.000000;3202.169434
2162.000000;-1.000000;23765.000000;0.000000;355829.000000;0.000000;0.000000;3203.706299
2163.000000;-1.000000;25836.000000;0.000000;316162.000000;0.000000;0.000000;3205.234619
2164.000000;-1.000000;27584.000000;0.000000;264661.000000;0.000000;0.000000;3206.744141
2165.000000;-1.000000;27063.000000;0.000000;268903.000000;0.000000;0.000000;3208.319092
2166.000000;-1.000000;26101.000000;0.000000;299887.000000;0.000000;0.000000;3209.843262
2167.000000;-1.000000;25884.000000;0.000000;340117.000000;0.000000;0.000000;3211.405029
2168.000000;-1.000000;24406.000000;0.000000;330755.000000;0.000000;0.000000;3212.923828
2169.000000;-1.000000;24994.000000;0.000000;319943.000000;0.000000;0.000000;3214.478027
2170.000000;-1.000000;27398.000000;0.000000;210824.000000;0.000000;0.000000;3216.015869
2171.000000;-1.000000;26113.000000;0.000000;295766.000000;0.000000;0.000000;3217.563232
2172.000000;-1.000000;27758.000000;0.000000;248511.000000;0.000000;0.000000;3219.126465
2173.000000;-1.000000;23178.000000;0.000000;386811.000000;0.000000;0.000000;3220.635742
2174.000000;-1.000000;26175.000000;0.000000;316662.000000;0.000000;0.000000;3221.986328
2175.000000;-1.000000;24035.000000;0.000000;388122.000000;0.000000;0.000000;3223.340088
2176.000000;-1.000000;24746.000000;0.000000;346012.000000;0.000000;0.000000;3224.675781
2177.000000;-1.000000;25636.000000;0.000000;290632.000000;0.000000;0.000000;3226.085938
2178.000000;-1.000000;25127.000000;0.000000;307188.000000;0.000000;0.000000;3227.431396
2179.000000;-1.000000;26514.000000;0.000000;272572.000000;0.000000;0.000000;3228.769775
2180.000000;-1.000000;25463.000000;0.000000;300345.000000;0.000000;0.000000;3230.141846
2181.000000;-1.000000;24279.000000;0.000000;317855.000000;0.000000;0.000000;3231.853516
2182.000000;-1.000000;24151.000000;0.000000;271634.000000;0.000000;0.000000;3233.402100
2183.000000;-1.000000;22787.000000;0.000000;386355.000000;0.000000;0.000000;3234.950928
2184.000000;-1.000000;25199.000000;0.000000;354450.000000;0.000000;0.000000;3236.478027
2185.000000;-1.000000;25492.000000;0.000000;293293.000000;0.000000;0.000000;3238.005859
2186.000000;-1.000000;25253.000000;0.000000;328227.000000;0.000000;0.000000;3239.587158
2187.000000;-1.000000;24594.000000;0.000000;399856.000000;0.000000;0.000000;3241.163574
2188.000000;-1.000000;24840.000000;0.000000;362860.000000;0.000000;0.000000;3242.714600
2189.000000;-1.000000;24100.000000;0.000000;350027.000000;0.000000;0.000000;3244.298584
2190.000000;-1.000000;24693.000000;0.000000;343380.000000;0.000000;0.000000;3245.858643
2191.000000;-1.000000;26906.000000;0.000000;278109.000000;0.000000;0.000000;3247.417725
2192.000000;-1.000000;24838.000000;0.000000;354692.000000;0.000000;0.000000;3248.974365
2193.000000;-1.000000;26415.000000;0.000000;295423.000000;0.000000;0.000000;3250.456787
2194.000000;-1.000000;24348.000000;0.000000;383896.000000;0.000000;0.000000;3251.816895
2195.000000;-1.000000;23532.000000;0.000000;372535.000000;0.000000;0.000000;3253.177490
2196.000000;-1.000000;25074.000000;0.000000;333474.000000;0.000000;0.000000;3254.542480
2197.000000;-1.000000;26958.000000;0.000000;285107.000000;0.000000;0.000000;3255.912109
2198.000000;-1.000000;24916.000000;0.000000;342817.000000;0.000000;0.000000;3257.281738
2199.000000;-1.000000;24461.000000;0.000000;352110.000000;0.000000;0.000000;3258.658936
2200.000000;-1.000000;29305.000000;0.000000;202760.000000;0.000000;0.000000;3260.020752
2201.000000;-1.000000;22378.000000;0.000000;431544.000000;0.000000;0.000000;3261.766113
2202.000000;-1.000000;23474.000000;0.000000;367669.000000;0.000000;0.000000;3263.362793
2203.000000;-1.000000;24610.000000;0.000000;370706.000000;0.000000;0.000000;3264.936035
2204.000000;-1.000000;23851.000000;0.000000;345428.000000;0.000000;0.000000;3266.483154
2205.000000;-1.000000;23443.000000;0.000000;394503.000000;0.000000;0.000000;3268.037598
2206.000000;-1.000000;22276.000000;0.000000;415182.000000;0.000000;0.000000;3269.591553
2207.000000;-1.000000;25093.000000;0.000000;359148.000000;0.000000;0.000000;3271.181885
2208.000000;-1.000000;23250.000000;0.000000;364973.000000;0.000000;0.000000;3272.734863
2209.000000;-1.000000;24358.000000;0.000000;356252.000000;0.000000;0.000000;3274.312988
2210.000000;-1.000000;24322.000000;0.000000;365891.000000;0.000000;0.000000;3275.864990
2211.000000;-1.000000;23946.000000;0.000000;378961.000000;0.000000;0.000000;3277.486328
2212.000000;-1.000000;24619.000000;0.000000;337543.000000;0.000000;0.000000;3279.081543
2213.000000;-1.000000;23514.000000;0.000000;377951.000000;0.000000;0.000000;3280.683594
2214.000000;-1.000000;24574.000000;0.000000;305852.000000;0.000000;0.000000;3282.245850
2215.000000;-1.000000;23890.000000;0.000000;367322.000000;0.000000;0.000000;3283.634277
2216.000000;-1.000000;24167.000000;0.000000;356770.000000;0.000000;0.000000;3285.029053
2217.000000;-1.000000;25107.000000;0.000000;284249.000000;0.000000;0.000000;3286.419434
2218.000000;-1.000000;27136.000000;0.000000;244077.000000;0.000000;0.000000;3287.809814
2219.000000;-1.000000;27139.000000;0.000000;315767.000000;0.000000;0.000000;3289.186768
2220.000000;-1.000000;25390.000000;0.000000;294877.000000;0.000000;0.000000;3290.567627
2221.000000;-1.000000;23621.000000;0.000000;404417.000000;0.000000;0.000000;3292.332031
2222.000000;-1.000000;24673.000000;0.000000;309913.000000;0.000000;0.000000;3293.925781
2223.000000;-1.000000;23346.000000;0.000000;380824.000000;0.000000;0.000000;3295.513672
2224.000000;-1.000000;25071.000000;0.000000;327489.000000;0.000000;0.000000;3297.072266
2225.000000;-1.000000;25281.000000;0.000000;353642.000000;0.000000;0.000000;3298.593018
2226.000000;-1.000000;24764.000000;0.000000;318583.000000;0.000000;0.000000;3300.116943
2227.000000;-1.000000;24303.000000;0.000000;311295.000000;0.000000;0.000000;3301.675781
2228.000000;-1.000000;23657.000000;0.000000;356705.000000;0.000000;0.000000;3303.190186
2229.000000;-1.000000;25867.000000;0.000000;274817.000000;0.000000;0.000000;3304.776611
2230.000000;-1.000000;23570.000000;0.000000;357272.000000;0.000000;0.000000;3306.321045
2231.000000;-1.000000;24774.000000;0.000000;342989.000000;0.000000;0.000000;3307.938721
2232.000000;-1.000000;24602.000000;0.000000;344229.000000;0.000000;0.000000;3309.473389
2233.000000;-1.000000;26030.000000;0.000000;308087.000000;0.000000;0.000000;3311.054199
2234.000000;-1.000000;23771.000000;0.000000;310696.000000;0.000000;0.000000;3312.551025
2235.000000;-1.000000;24872.000000;0.000000;308709.000000;0.000000;0.000000;3313.889648
2236.000000;-1.000000;24998.000000;0.000000;340125.000000;0.000000;0.000000;3315.234375
2237.000000;-1.000000;26256.000000;0.000000;286535.000000;0.000000;0.000000;3316.590576
2238.000000;-1.000000;23575.000000;0.000000;371711.000000;0.000000;0.000000;3317.950684
2239.000000;-1.000000;28035.000000;0.000000;281370.000000;0.000000;0.000000;3319.304199
2240.000000;-1.000000;24473.000000;0.000000;335837.000000;0.000000;0.000000;3320.777100
2241.000000;-1.000000;23243.000000;0.000000;467228.000000;0.000000;0.000000;3322.504639
2242.000000;-1.000000;24285.000000;0.000000;366385.000000;0.000000;0.000000;3324.061035
2243.000000;-1.000000;26689.000000;0.000000;323158.000000;0.000000;0.000000;3325.603760
2244.000000;-1.000000;24567.000000;0.000000;385453.000000;0.000000;0.000000;3327.114746
2245.000000;-1.000000;25420.000000;0.000000;351508.000000;0.000000;0.000000;3328.602539
2246.000000;-1.000000;23658.000000;0.000000;382129.000000;0.000000;0.000000;3330.095459
2247.000000;-1.000000;25181.000000;0.000000;331570.000000;0.000000;0.000000;3331.614990
2248.000000;-1.000000;24780.000000;0.000000;347432.000000;0.000000;0.000000;3333.106689
2249.000000;-1.000000;25380.000000;0.000000;344782.000000;0.000000;0.000000;3334.633057
2250.000000;-1.000000;24783.000000;0.000000;306915.000000;0.000000;0.000000;3336.148926
2251.000000;-1.000000;25563.000000;0.000000;323125.000000;0.000000;0.000000;3337.665771
2252.000000;-1.000000;26970.000000;0.000000;249573.000000;0.000000;0.000000;3339.173096
2253.000000;-1.000000;22832.000000;0.000000;416742.000000;0.000000;0.000000;3340.661621
2254.000000;-1.000000;24245.000000;0.000000;346435.000000;0.000000;0.000000;3342.012451
2255.000000;-1.000000;23983.000000;0.000000;353973.000000;0.000000;0.000000;3343.329346
2256.000000;-1.000000;24938.000000;0.000000;335177.000000;0.000000;0.000000;3344.645264
2257.000000;-1.000000;22885.000000;0.000000;375231.000000;0.000000;0.000000;3346.125732
2258.000000;-1.000000;24725.000000;0.000000;347209.000000;0.000000;0.000000;3347.449707
2259.000000;-1.000000;24407.000000;0.000000;364795.000000;0.000000;0.000000;3348.771973
2260.000000;-1.000000;24003.000000;0.000000;362190.000000;0.000000;0.000000;3350.092773
2261.000000;-1.000000;24679.000000;0.000000;340924.000000;0.000000;0.000000;3351.740967
2262.000000;-1.000000;24546.000000;0.000000;344602.000000;0.000000;0.000000;3353.271484
2263.000000;-1.000000;24944.000000;0.000000;320574.000000;0.000000;0.000000;3354.789551
2264.000000;-1.000000;26333.000000;0.000000;299654.000000;0.000000;0.000000;3356.296387
2265.000000;-1.000000;24851.000000;0.000000;345723.000000;0.000000;0.000000;3357.802246
2266.000000;-1.000000;24130.000000;0.000000;357851.000000;0.000000;0.000000;3359.315918
2267.000000;-1.000000;25961.000000;0.000000;348696.000000;0.000000;0.000000;3360.844971
2268.000000;-1.000000;22706.000000;0.000000;419400.000000;0.000000;0.000000;3362.387207
2269.000000;-1.000000;24451.000000;0.000000;347940.000000;0.000000;0.000000;3363.914551
2270.000000;-1.000000;24332.000000;0.000000;383814.000000;0.000000;0.000000;3365.449707
2271.000000;-1.000000;24253.000000;0.000000;401299.000000;0.000000;0.000000;3366.973877
2272.000000;-1.000000;23315.000000;0.000000;383715.000000;0.000000;0.000000;3368.802979
2273.000000;-1.000000;25682.000000;0.000000;291244.000000;0.000000;0.000000;3370.533936
2274.000000;-1.000000;24664.000000;0.000000;355387.000000;0.000000;0.000000;3371.917969
2275.000000;-1.000000;24447.000000;0.000000;291622.000000;0.000000;0.000000;3373.267578
2276.000000;-1.000000;26993.000000;0.000000;279291.000000;0.000000;0.000000;3374.603760
2277.000000;-1.000000;23272.000000;0.000000;350627.000000;0.000000;0.000000;3375.944824
2278.000000;-1.000000;22999.000000;0.000000;367531.000000;0.000000;0.000000;3377.279785
2279.000000;-1.000000;24004.000000;0.000000;379228.000000;0.000000;0.000000;3378.609131
2280.000000;-1.000000;24033.000000;0.000000;338697.000000;0.000000;0.000000;3379.952881
2281.000000;-1.000000;24310.000000;0.000000;353531.000000;0.000000;0.000000;3381.650146
2282.000000;-1.000000;25018.000000;0.000000;389911.000000;0.000000;0.000000;3383.197266
2283.000000;-1.000000;24246.000000;0.000000;339920.000000;0.000000;0.000000;3384.728760
2284.000000;-1.000000;23889.000000;0.000000;386644.000000;0.000000;0.000000;3386.238525
2285.000000;-1.000000;25480.000000;0.000000;290889.000000;0.000000;0.000000;3387.773438
2286.000000;-1.000000;25468.000000;0.000000;315896.000000;0.000000;0.000000;3389.301514
2287.000000;-1.000000;25805.000000;0.000000;294843.000000;0.000000;0.000000;3390.828857
2288.000000;-1.000000;24646.000000;0.000000;343441.000000;0.000000;0.000000;3392.578369
2289.000000;-1.000000;25701.000000;0.000000;285099.000000;0.000000;0.000000;3394.141846
2290.000000;-1.000000;24572.000000;0.000000;342785.000000;0.000000;0.000000;3395.681641
2291.000000;-1.000000;28139.000000;0.000000;262652.000000;0.000000;0.000000;3397.241455
2292.000000;-1.000000;24791.000000;0.000000;350298.000000;0.000000;0.000000;3398.784180
2293.000000;-1.000000;23932.000000;0.000000;373340.000000;0.000000;0.000000;3400.234131
2294.000000;-1.000000;26924.000000;0.000000;285406.000000;0.000000;0.000000;3401.631104
2295.000000;-1.000000;26672.000000;0.000000;270436.000000;0.000000;0.000000;3402.990479
2296.000000;-1.000000;23161.000000;0.000000;369762.000000;0.000000;0.000000;3404.345459
2297.000000;-1.000000;23913.000000;0.000000;338091.000000;0.000000;0.000000;3405.745605
2298.000000;-1.000000;24563.000000;0.000000;351287.000000;0.000000;0.000000;3407.097412
2299.000000;-1.000000;24930.000000;0.000000;360432.000000;0.000000;0.000000;3408.445068
2300.000000;-1.000000;25354.000000;0.000000;324178.000000;0.000000;0.000000;3409.794678
2301.000000;-1.000000;23714.000000;0.000000;365279.000000;0.000000;0.000000;3411.493164
2302.000000;-1.000000;23809.000000;0.000000;406643.000000;0.000000;0.000000;3413.068604
2303.000000;-1.000000;24323.000000;0.000000;359927.000000;0.000000;0.000000;3414.630371
2304.000000;-1.000000;25622.000000;0.000000;341479.000000;0.000000;0.000000;3416.163818
2305.000000;-1.000000;24317.000000;0.000000;379879.000000;0.000000;0.000000;3417.700928
2306.000000;-1.000000;23044.000000;0.000000;400712.000000;0.000000;0.000000;3419.243896
2307.000000;-1.000000;24939.000000;0.000000;325270.000000;0.000000;0.000000;3420.786865
2308.000000;-1.000000;26457.000000;0.000000;277315.000000;0.000000;0.000000;3422.362793
2309.000000;-1.000000;27644.000000;0.000000;248136.000000;0.000000;0.000000;3423.940918
2310.000000;-1.000000;24556.000000;0.000000;334409.000000;0.000000;0.000000;3425.495850
2311.000000;-1.000000;24816.000000;0.000000;343120.000000;0.000000;0.000000;3427.067871
2312.000000;-1.000000;26597.000000;0.000000;298910.000000;0.000000;0.000000;3428.621338
2313.000000;-1.000000;24683.000000;0.000000;337957.000000;0.000000;0.000000;3430.085693
2314.000000;-1.000000;26338.000000;0.000000;258826.000000;0.000000;0.000000;3431.443848
2315.000000;-1.000000;23604.000000;0.000000;344223.000000;0.000000;0.000000;3432.833008
2316.000000;-1.000000;24630.000000;0.000000;315390.000000;0.000000;0.000000;3434.194580
2317.000000;-1.000000;22787.000000;0.000000;411783.000000;0.000000;0.000000;3435.573730
2318.000000;-1.000000;24173.000000;0.000000;358868.000000;0.000000;0.000000;3436.942871
2319.000000;-1.000000;25073.000000;0.000000;325285.000000;0.000000;0.000000;3438.310547
2320.000000;-1.000000;24315.000000;0.000000;378981.000000;0.000000;0.000000;3439.663086
2321.000000;-1.000000;24368.000000;0.000000;337393.000000;0.000000;0.000000;3441.367432
2322.000000;-1.000000;23435.000000;0.000000;382459.000000;0.000000;0.000000;3442.968994
2323.000000;-1.000000;24433.000000;0.000000;380101.000000;0.000000;0.000000;3444.540527
2324.000000;-1.000000;25526.000000;0.000000;339048.000000;0.000000;0.000000;3446.086670
2325.000000;-1.000000;26199.000000;0.000000;287003.000000;0.000000;0.000000;3447.635010
2326.000000;-1.000000;24977.000000;0.000000;376997.000000;0.000000;0.000000;3449.184570
2327.000000;-1.000000;24631.000000;0.000000;327219.000000;0.000000;0.000000;3450.749512
2328.000000;-1.000000;24801.000000;0.000000;331086.000000;0.000000;0.000000;3452.345215
2329.000000;-1.000000;26049.000000;0.000000;330640.000000;0.000000;0.000000;3453.893311
2330.000000;-1.000000;26078.000000;0.000000;278903.000000;0.000000;0.000000;3455.448975
2331.000000;-1.000000;24274.000000;0.000000;360298.000000;0.000000;0.000000;3457.058105
2332.000000;-1.000000;26010.000000;0.000000;288635.000000;0.000000;0.000000;3458.635742
2333.000000;-1.000000;25497.000000;0.000000;303149.000000;0.000000;0.000000;3460.206299
2334.000000;-1.000000;25615.000000;0.000000;330422.000000;0.000000;0.000000;3461.794189
2335.000000;-1.000000;25740.000000;0.000000;299714.000000;0.000000;0.000000;3463.248291
2336.000000;-1.000000;26118.000000;0.000000;275592.000000;0.000000;0.000000;3464.633545
2337.000000;-1.000000;26186.000000;0.000000;323744.000000;0.000000;0.000000;3466.055664
2338.000000;-1.000000;24696.000000;0.000000;322615.000000;0.000000;0.000000;3467.435303
2339.000000;-1.000000;23958.000000;0.000000;390524.000000;0.000000;0.000000;3468.807861
2340.000000;-1.000000;23980.000000;0.000000;382462.000000;0.000000;0.000000;3470.188965
2341.000000;-1.000000;23931.000000;0.000000;387564.000000;0.000000;0.000000;3472.009277
2342.000000;-1.000000;22920.000000;0.000000;387722.000000;0.000000;0.000000;3473.610352
2343.000000;-1.000000;23514.000000;0.000000;368446.000000;0.000000;0.000000;3475.193359
2344.000000;-1.000000;28008.000000;0.000000;275551.000000;0.000000;0.000000;3476.761475
2345.000000;-1.000000;24128.000000;0.000000;348660.000000;0.000000;0.000000;3478.324707
2346.000000;-1.000000;23803.000000;0.000000;361541.000000;0.000000;0.000000;3479.902100
2347.000000;-1.000000;24006.000000;0.000000;371354.000000;0.000000;0.000000;3481.461670
2348.000000;-1.000000;24110.000000;0.000000;380631.000000;0.000000;0.000000;3483.078613
2349.000000;-1.000000;23234.000000;0.000000;358928.000000;0.000000;0.000000;3484.646729
2350.000000;-1.000000;25370.000000;0.000000;281519.000000;0.000000;0.000000;3486.226318
2351.000000;-1.000000;24120.000000;0.000000;360533.000000;0.000000;0.000000;3487.850830
2352.000000;-1.000000;26588.000000;0.000000;293986.000000;0.000000;0.000000;3489.456543
2353.000000;-1.000000;25457.000000;0.000000;345601.000000;0.000000;0.000000;3491.055908
2354.000000;-1.000000;24845.000000;0.000000;341933.000000;0.000000;0.000000;3492.662598
2355.000000;-1.000000;24876.000000;0.000000;373276.000000;0.000000;0.000000;3494.062500
2356.000000;-1.000000;25051.000000;0.000000;299714.000000;0.000000;0.000000;3495.461914
2357.000000;-1.000000;25117.000000;0.000000;267958.000000;0.000000;0.000000;3496.864502
2358.000000;-1.000000;23237.000000;0.000000;392130.000000;0.000000;0.000000;3498.248779
2359.000000;-1.000000;25031.000000;0.000000;369566.000000;0.000000;0.000000;3499.720215
2360.000000;-1.000000;25779.000000;0.000000;228880.000000;0.000000;0.000000;3501.119141
2361.000000;-1.000000;23559.000000;0.000000;344845.000000;0.000000;0.000000;3502.912842
2362.000000;-1.000000;22459.000000;0.000000;441628.000000;0.000000;0.000000;3504.526367
2363.000000;-1.000000;25262.000000;0.000000;301636.000000;0.000000;0.000000;3506.123535
2364.000000;-1.000000;25250.000000;0.000000;360903.000000;0.000000;0.000000;3507.664795
2365.000000;-1.000000;26006.000000;0.000000;281601.000000;0.000000;0.000000;3509.207031
2366.000000;-1.000000;25428.000000;0.000000;317724.000000;0.000000;0.000000;3510.759277
2367.000000;-1.000000;24497.000000;0.000000;336963.000000;0.000000;0.000000;3512.345215
2368.000000;-1.000000;24835.000000;0.000000;335936.000000;0.000000;0.000000;3513.902344
2369.000000;-1.000000;25142.000000;0.000000;328736.000000;0.000000;0.000000;3515.477295
2370.000000;-1.000000;26043.000000;0.000000;303479.000000;0.000000;0.000000;3517.038818
2371.000000;-1.000000;23585.000000;0.000000;355663.000000;0.000000;0.000000;3518.586670
2372.000000;-1.000000;26457.000000;0.000000;309782.000000;0.000000;0.000000;3520.140381
2373.000000;-1.000000;25128.000000;0.000000;290942.000000;0.000000;0.000000;3521.571777
2374.000000;-1.000000;25950.000000;0.000000;316208.000000;0.000000;0.000000;3522.961670
2375.000000;-1.000000;24973.000000;0.000000;331409.000000;0.000000;0.000000;3524.319824
2376.000000;-1.000000;27453.000000;0.000000;249847.000000;0.000000;0.000000;3525.709961
2377.000000;-1.000000;24774.000000;0.000000;364301.000000;0.000000;0.000000;3527.066650
2378.000000;-1.000000;27009.000000;0.000000;283373.000000;0.000000;0.000000;3528.419922
2379.000000;-1.000000;23509.000000;0.000000;404731.000000;0.000000;0.000000;3529.786865
2380.000000;-1.000000;24260.000000;0.000000;341689.000000;0.000000;0.000000;3531.147461
2381.000000;-1.000000;25414.000000;0.000000;336101.000000;0.000000;0.000000;3532.887939
2382.000000;-1.000000;23770.000000;0.000000;339611.000000;0.000000;0.000000;3534.467285
2383.000000;-1.000000;25350.000000;0.000000;311679.000000;0.000000;0.000000;3536.034180
2384.000000;-1.000000;24556.000000;0.000000;341977.000000;0.000000;0.000000;3537.553467
2385.000000;-1.000000;24056.000000;0.000000;381122.000000;0.000000;0.000000;3539.053711
2386.000000;-1.000000;23655.000000;0.000000;379784.000000;0.000000;0.000000;3540.566650
2387.000000;-1.000000;23714.000000;0.000000;386226.000000;0.000000;0.000000;3542.074219
2388.000000;-1.000000;23316.000000;0.000000;368637.000000;0.000000;0.000000;3543.635986
2389.000000;-1.000000;25015.000000;0.000000;331430.000000;0.000000;0.000000;3545.139893
2390.000000;-1.000000;23223.000000;0.000000;370695.000000;0.000000;0.000000;3546.687988
2391.000000;-1.000000;23456.000000;0.000000;415264.000000;0.000000;0.000000;3548.211914
2392.000000;-1.000000;23384.000000;0.000000;359345.000000;0.000000;0.000000;3549.740479
2393.000000;-1.000000;24770.000000;0.000000;348495.000000;0.000000;0.000000;3551.275146
2394.000000;-1.000000;29237.000000;0.000000;240806.000000;0.000000;0.000000;3552.788574
2395.000000;-1.000000;24030.000000;0.000000;367967.000000;0.000000;0.000000;3554.141846
2396.000000;-1.000000;25787.000000;0.000000;309461.000000;0.000000;0.000000;3555.476074
2397.000000;-1.000000;25384.000000;0.000000;339265.000000;0.000000;0.000000;3556.809082
2398.000000;-1.000000;23745.000000;0.000000;353646.000000;0.000000;0.000000;3558.136475
2399.000000;-1.000000;23452.000000;0.000000;372766.000000;0.000000;0.000000;3559.458252
2400.000000;-1.000000;25724.000000;0.000000;308450.000000;0.000000;0.000000;3560.809570
2401.000000;-1.000000;25219.000000;0.000000;333261.000000;0.000000;0.000000;3562.508057
2402.000000;-1.000000;25404.000000;0.000000;312841.000000;0.000000;0.000000;3564.047852
2403.000000;-1.000000;25398.000000;0.000000;299668.000000;0.000000;0.000000;3565.583252
2404.000000;-1.000000;24808.000000;0.000000;344575.000000;0.000000;0.000000;3567.083984
2405.000000;-1.000000;25358.000000;0.000000;322727.000000;0.000000;0.000000;3568.550781
2406.000000;-1.000000;23664.000000;0.000000;334391.000000;0.000000;0.000000;3570.014404
2407.000000;-1.000000;25199.000000;0.000000;346491.000000;0.000000;0.000000;3571.487061
2408.000000;-1.000000;25344.000000;0.000000;328923.000000;0.000000;0.000000;3572.976074
2409.000000;-1.000000;23638.000000;0.000000;335888.000000;0.000000;0.000000;3574.457764
2410.000000;-1.000000;23985.000000;0.000000;366975.000000;0.000000;0.000000;3575.960693
2411.000000;-1.000000;25277.000000;0.000000;314405.000000;0.000000;0.000000;3577.452881
2412.000000;-1.000000;23267.000000;0.000000;417025.000000;0.000000;0.000000;3578.934570
2413.000000;-1.000000;24410.000000;0.000000;387860.000000;0.000000;0.000000;3580.417236
2414.000000;-1.000000;24641.000000;0.000000;314377.000000;0.000000;0.000000;3581.739502
2415.000000;-1.000000;29224.000000;0.000000;226322.000000;0.000000;0.000000;3583.113037
2416.000000;-1.000000;22635.000000;0.000000;408603.000000;0.000000;0.000000;3584.690186
2417.000000;-1.000000;25762.000000;0.000000;286824.000000;0.000000;0.000000;3586.179688
2418.000000;-1.000000;25277.000000;0.000000;322835.000000;0.000000;0.000000;3587.645508
2419.000000;-1.000000;25450.000000;0.000000;256907.000000;0.000000;0.000000;3589.112793
2420.000000;-1.000000;24620.000000;0.000000;362319.000000;0.000000;0.000000;3590.573730
2421.000000;-1.000000;23228.000000;0.000000;414161.000000;0.000000;0.000000;3592.111572
2422.000000;-1.000000;25569.000000;0.000000;318387.000000;0.000000;0.000000;3593.656494
2423.000000;-1.000000;23808.000000;0.000000;302371.000000;0.000000;0.000000;3595.146240
2424.000000;-1.000000;23617.000000;0.000000;381835.000000;0.000000;0.000000;3596.627930
2425.000000;-1.000000;23151.000000;0.000000;369369.000000;0.000000;0.000000;3598.143311
2426.000000;-1.000000;25014.000000;0.000000;340086.000000;0.000000;0.000000;3599.637451
2427.000000;-1.000000;23357.000000;0.000000;371316.000000;0.000000;0.000000;3601.118164
0.000000;0.000000;0.000000;0.000000;0.000000;0.000000;0.000000;0.000000
0.000000;0.000000;0.000000;0.000000;0.000000;0.000000;0.000000;0.000000
0.000000;0.000000;0.000000;0.000000;0.000000;0.000000;0.000000;0.000000
0.000000;0.000000;0.000000;0.000000;0.000000;0.000000;0.000000;0.000000
0.000000;0.000000;0.000000;0.000000;0.000000;0.000000;0.000000;0.000000
0.000000;0.000000;0.000000;0.000000;0.000000;0.000000;0.000000;0.000000
0.000000;0.000000;0.000000;0.000000;0.000000;0.000000;0.000000;0.000000
0.000000;0.000000;0.000000;0.000000;0.000000;0.000000;0.000000;0.000000
0.000000;0.000000;0.000000;0.000000;0.000000;0.000000;0.000000;0.000000
0.000000;0.000000;0.000000;0.000000;0.000000;0.000000;0.000000;0.000000
0.000000;0.000000;0.000000;0.000000;0.000000;0.000000;0.000000;0.000000
0.000000;0.000000;0.000000;0.000000;0.000000;0.000000;0.000000;0.000000
0.000000;0.000000;0.000000;0.000000;0.000000;0.000000;0.000000;0.000000
0.000000;0.000000;0.000000;0.000000;0.000000;0.000000;0.000000;0.000000
0.000000;0.000000;0.000000;0.000000;0.000000;0.000000;0.000000;0.000000
0.000000;0.000000;0.000000;0.000000;0.000000;0.000000;0.000000;0.000000
0.000000;0.000000;0.000000;0.000000;0.000000;0.000000;0.000000;0.000000
0.000000;0.000000;0.000000;0.000000;0.000000;0.000000;0.000000;0.000000
0.000000;0.000000;0.000000;0.000000;0.000000;0.000000;0.000000;0.000000
0.000000;0.000000;0.000000;0.000000;0.000000;0.000000;0.000000;0.000000
0.000000;0.000000;0.000000;0.000000;0.000000;0.000000;0.000000;0.000000
0.000000;0.000000;0.000000;0.000000;0.000000;0.000000;0.000000;0.000000
0.000000;0.000000;0.000000;0.000000;0.000000;0.000000;0.000000;0.000000
0.000000;0.000000;0.000000;0.000000;0.000000;0.000000;0.000000;0.000000
0.000000;0.000000;0.000000;0.000000;0.000000;0.000000;0.000000;0.000000
0.000000;0.000000;0.000000;0.000000;0.000000;0.000000;0.000000;0.000000
0.000000;0.000000;0.000000;0.000000;0.000000;0.000000;0.000000;0.000000
0.000000;0.000000;0.000000;0.000000;0.000000;0.000000;0.000000;0.000000
0.000000;0.000000;0.000000;0.000000;0.000000;0.000000;0.000000;0.000000
0.000000;0.000000;0.000000;0.000000;0.000000;0.000000;0.000000;0.000000
0.000000;0.000000;0.000000;0.000000;0.000000;0.000000;0.000000;0.000000
0.000000;0.000000;0.000000;0.000000;0.000000;0.000000;0.000000;0.000000
0.000000;0.000000;0.000000;0.000000;0.000000;0.000000;0.000000;0.000000
0.000000;0.000000;0.000000;0.000000;0.000000;0.000000;0.000000;0.000000
0.000000;0.000000;0.000000;0.000000;0.000000;0.000000;0.000000;0.000000
0.000000;0.000000;0.000000;0.000000;0.000000;0.000000;0.000000;0.000000
0.000000;0.000000;0.000000;0.000000;0.000000;0.000000;0.000000;0.000000
0.000000;0.000000;0.000000;0.000000;0.000000;0.000000;0.000000;0.000000
0.000000;0.000000;0.000000;0.000000;0.000000;0.000000;0.000000;0.000000
0.000000;0.000000;0.000000;0.000000;0.000000;0.000000;0.000000;0.000000
0.000000;0.000000;0.000000;0.000000;0.000000;0.000000;0.000000;0.000000
0.000000;0.000000;0.000000;0.000000;0.000000;0.000000;0.000000;0.000000
0.000000;0.000000;0.000000;0.000000;0.000000;0.000000;0.000000;0.000000
0.000000;0.000000;0.000000;0.000000;0.000000;0.000000;0.000000;0.000000
0.000000;0.000000;0.000000;0.000000;0.000000;0.000000;0.000000;0.000000
0.000000;0.000000;0.000000;0.000000;0.000000;0.000000;0.000000;0.000000
0.000000;0.000000;0.000000;0.000000;0.000000;0.000000;0.000000;0.000000
0.000000;0.000000;0.000000;0.000000;0.000000;0.000000;0.000000;0.000000
0.000000;0.000000;0.000000;0.000000;0.000000;0.000000;0.000000;0.000000
0.000000;0.000000;0.000000;0.000000;0.000000;0.000000;0.000000;0.000000
0.000000;0.000000;0.000000;0.000000;0.000000;0.000000;0.000000;0.000000
0.000000;0.000000;0.000000;0.000000;0.000000;0.000000;0.000000;0.000000
0.000000;0.000000;0.000000;0.000000;0.000000;0.000000;0.000000;0.000000
0.000000;0.000000;0.000000;0.000000;0.000000;0.000000;0.000000;0.000000
0.000000;0.000000;0.000000;0.000000;0.000000;0.000000;0.000000;0.000000
0.000000;0.000000;0.000000;0.000000;0.000000;0.000000;0.000000;0.000000
0.000000;0.000000;0.000000;0.000000;0.000000;0.000000;0.000000;0.000000
0.000000;0.000000;0.000000;0.000000;0.000000;0.000000;0.000000;0.000000
0.000000;0.000000;0.000000;0.000000;0.000000;0.000000;0.000000;0.000000
0.000000;0.000000;0.000000;0.000000;0.000000;0.000000;0.000000;0.000000
0.000000;0.000000;0.000000;0.000000;0.000000;0.000000;0.000000;0.000000
0.000000;0.000000;0.000000;0.000000;0.000000;0.000000;0.000000;0.000000
0.000000;0.000000;0.000000;0.000000;0.000000;0.000000;0.000000;0.000000
0.000000;0.000000;0.000000;0.000000;0.000000;0.000000;0.000000;0.000000
0.000000;0.000000;0.000000;0.000000;0.000000;0.000000;0.000000;0.000000
0.000000;0.000000;0.000000;0.000000;0.000000;0.000000;0.000000;0.000000
0.000000;0.000000;0.000000;0.000000;0.000000;0.000000;0.000000;0.000000
0.000000;0.000000;0.000000;0.000000;0.000000;0.000000;0.000000;0.000000
0.000000;0.000000;0.000000;0.000000;0.000000;0.000000;0.000000;0.000000
0.000000;0.000000;0.000000;0.000000;0.000000;0.000000;0.000000;0.000000
0.000000;0.000000;0.000000;0.000000;0.000000;0.000000;0.000000;0.000000
0.000000;0.000000;0.000000;0.000000;0.000000;0.000000;0.000000;0.000000
0.000000;0.000000;0.000000;0.000000;0.000000;0.000000;0.000000;0.000000
0.000000;0.000000;0.000000;0.000000;0.000000;0.000000;0.000000;0.000000
0.000000;0.000000;0.000000;0.000000;0.000000;0.000000;0.000000;0.000000
0.000000;0.000000;0.000000;0.000000;0.000000;0.000000;0.000000;0.000000
0.000000;0.000000;0.000000;0.000000;0.000000;0.000000;0.000000;0.000000
0.000000;0.000000;0.000000;0.000000;0.000000;0.000000;0.000000;0.000000
0.000000;0.000000;0.000000;0.000000;0.000000;0.000000;0.000000;0.000000
0.000000;0.000000;0.000000;0.000000;0.000000;0.000000;0.000000;0.000000
0.000000;0.000000;0.000000;0.000000;0.000000;0.000000;0.000000;0.000000
0.000000;0.000000;0.000000;0.000000;0.000000;0.000000;0.000000;0.000000
0.000000;0.000000;0.000000;0.000000;0.000000;0.000000;0.000000;0.000000
0.000000;0.000000;0.000000;0.000000;0.000000;0.000000;0.000000;0.000000
0.000000;0.000000;0.000000;0.000000;0.000000;0.000000;0.000000;0.000000
0.000000;0.000000;0.000000;0.000000;0.000000;0.000000;0.000000;0.000000
0.000000;0.000000;0.000000;0.000000;0.000000;0.000000;0.000000;0.000000
0.000000;0.000000;0.000000;0.000000;0.000000;0.000000;0.000000;0.000000
0.000000;0.000000;0.000000;0.000000;0.000000;0.000000;0.000000;0.000000
0.000000;0.000000;0.000000;0.000000;0.000000;0.000000;0.000000;0.000000
0.000000;0.000000;0.000000;0.000000;0.000000;0.000000;0.000000;0.000000
0.000000;0.000000;0.000000;0.000000;0.000000;0.000000;0.000000;0.000000
0.000000;0.000000;0.000000;0.000000;0.000000;0.000000;0.000000;0.000000
0.000000;0.000000;0.000000;0.000000;0.000000;0.000000;0.000000;0.000000
0.000000;0.000000;0.000000;0.000000;0.000000;0.000000;0.000000;0.000000
0.000000;0.000000;0.000000;0.000000;0.000000;0.000000;0.000000;0.000000
0.000000;0.000000;0.000000;0.000000;0.000000;0.000000;0.000000;0.000000
0.000000;0.000000;0.000000;0.000000;0.000000;0.000000;0.000000;0.000000
0.000000;0.000000;0.000000;0.000000;0.000000;0.000000;0.000000;0.000000
0.000000;0.000000;0.000000;0.000000;0.000000;0.000000;0.000000;0.000000
0.000000;0.000000;0.000000;0.000000;0.000000;0.000000;0.000000;0.000000
0.000000;0.000000;0.000000;0.000000;0.000000;0.000000;0.000000;0.000000
0.000000;0.000000;0.000000;0.000000;0.000000;0.000000;0.000000;0.000000
0.000000;0.000000;0.000000;0.000000;0.000000;0.000000;0.000000;0.000000
0.000000;0.000000;0.000000;0.000000;0.000000;0.000000;0.000000;0.000000
0.000000;0.000000;0.000000;0.000000;0.000000;0.000000;0.000000;0.000000
0.000000;0.000000;0.000000;0.000000;0.000000;0.000000;0.000000;0.000000
0.000000;0.000000;0.000000;0.000000;0.000000;0.000000;0.000000;0.000000
0.000000;0.000000;0.000000;0.000000;0.000000;0.000000;0.000000;0.000000
0.000000;0.000000;0.000000;0.000000;0.000000;0.000000;0.000000;0.000000
0.000000;0.000000;0.000000;0.000000;0.000000;0.000000;0.000000;0.000000
0.000000;0.000000;0.000000;0.000000;0.000000;0.000000;0.000000;0.000000
0.000000;0.000000;0.000000;0.000000;0.000000;0.000000;0.000000;0.000000
0.000000;0.000000;0.000000;0.000000;0.000000;0.000000;0.000000;0.000000
0.000000;0.000000;0.000000;0.000000;0.000000;0.000000;0.000000;0.000000
0.000000;0.000000;0.000000;0.000000;0.000000;0.000000;0.000000;0.000000
0.000000;0.000000;0.000000;0.000000;0.000000;0.000000;0.000000;0.000000
0.000000;0.000000;0.000000;0.000000;0.000000;0.000000;0.000000;0.000000
0.000000;0.000000;0.000000;0.000000;0.000000;0.000000;0.000000;0.000000
0.000000;0.000000;0.000000;0.000000;0.000000;0.000000;0.000000;0.000000
0.000000;0.000000;0.000000;0.000000;0.000000;0.000000;0.000000;0.000000
0.000000;0.000000;0.000000;0.000000;0.000000;0.000000;0.000000;0.000000
0.000000;0.000000;0.000000;0.000000;0.000000;0.000000;0.000000;0.000000
0.000000;0.000000;0.000000;0.000000;0.000000;0.000000;0.000000;0.000000
0.000000;0.000000;0.000000;0.000000;0.000000;0.000000;0.000000;0.000000
0.000000;0.000000;0.000000;0.000000;0.000000;0.000000;0.000000;0.000000
0.000000;0.000000;0.000000;0.000000;0.000000;0.000000;0.000000;0.000000
0.000000;0.000000;0.000000;0.000000;0.000000;0.000000;0.000000;0.000000
0.000000;0.000000;0.000000;0.000000;0.000000;0.000000;0.000000;0.000000
0.000000;0.000000;0.000000;0.000000;0.000000;0.000000;0.000000;0.000000
0.000000;0.000000;0.000000;0.000000;0.000000;0.000000;0.000000;0.000000
0.000000;0.000000;0.000000;0.000000;0.000000;0.000000;0.000000;0.000000
0.000000;0.000000;0.000000;0.000000;0.000000;0.000000;0.000000;0.000000
0.000000;0.000000;0.000000;0.000000;0.000000;0.000000;0.000000;0.000000
0.000000;0.000000;0.000000;0.000000;0.000000;0.000000;0.000000;0.000000
0.000000;0.000000;0.000000;0.000000;0.000000;0.000000;0.000000;0.000000
0.000000;0.000000;0.000000;0.000000;0.000000;0.000000;0.000000;0.000000
0.000000;0.000000;0.000000;0.000000;0.000000;0.000000;0.000000;0.000000
0.000000;0.000000;0.000000;0.000000;0.000000;0.000000;0.000000;0.000000
0.000000;0.000000;0.000000;0.000000;0.000000;0.000000;0.000000;0.000000
0.000000;0.000000;0.000000;0.000000;0.000000;0.000000;0.000000;0.000000
0.000000;0.000000;0.000000;0.000000;0.000000;0.000000;0.000000;0.000000
0.000000;0.000000;0.000000;0.000000;0.000000;0.000000;0.000000;0.000000
0.000000;0.000000;0.000000;0.000000;0.000000;0.000000;0.000000;0.000000
0.000000;0.000000;0.000000;0.000000;0.000000;0.000000;0.000000;0.000000
0.000000;0.000000;0.000000;0.000000;0.000000;0.000000;0.000000;0.000000
0.000000;0.000000;0.000000;0.000000;0.000000;0.000000;0.000000;0.000000
0.000000;0.000000;0.000000;0.000000;0.000000;0.000000;0.000000;0.000000
0.000000;0.000000;0.000000;0.000000;0.000000;0.000000;0.000000;0.000000
0.000000;0.000000;0.000000;0.000000;0.000000;0.000000;0.000000;0.000000
0.000000;0.000000;0.000000;0.000000;0.000000;0.000000;0.000000;0.000000
0.000000;0.000000;0.000000;0.000000;0.000000;0.000000;0.000000;0.000000
0.000000;0.000000;0.000000;0.000000;0.000000;0.000000;0.000000;0.000000
0.000000;0.000000;0.000000;0.000000;0.000000;0.000000;0.000000;0.000000
0.000000;0.000000;0.000000;0.000000;0.000000;0.000000;0.000000;0.000000
0.000000;0.000000;0.000000;0.000000;0.000000;0.000000;0.000000;0.000000
0.000000;0.000000;0.000000;0.000000;0.000000;0.000000;0.000000;0.000000
0.000000;0.000000;0.000000;0.000000;0.000000;0.000000;0.000000;0.000000
0.000000;0.000000;0.000000;0.000000;0.000000;0.000000;0.000000;0.000000
0.000000;0.000000;0.000000;0.000000;0.000000;0.000000;0.000000;0.000000
0.000000;0.000000;0.000000;0.000000;0.000000;0.000000;0.000000;0.000000
0.000000;0.000000;0.000000;0.000000;0.000000;0.000000;0.000000;0.000000
0.000000;0.000000;0.000000;0.000000;0.000000;0.000000;0.000000;0.000000
0.000000;0.000000;0.000000;0.000000;0.000000;0.000000;0.000000;0.000000
0.000000;0.000000;0.000000;0.000000;0.000000;0.000000;0.000000;0.000000
0.000000;0.000000;0.000000;0.000000;0.000000;0.000000;0.000000;0.000000
0.000000;0.000000;0.000000;0.000000;0.000000;0.000000;0.000000;0.000000
0.000000;0.000000;0.000000;0.000000;0.000000;0.000000;0.000000;0.000000
0.000000;0.000000;0.000000;0.000000;0.000000;0.000000;0.000000;0.000000
0.000000;0.000000;0.000000;0.000000;0.000000;0.000000;0.000000;0.000000
0.000000;0.000000;0.000000;0.000000;0.000000;0.000000;0.000000;0.000000
0.000000;0.000000;0.000000;0.000000;0.000000;0.000000;0.000000;0.000000
0.000000;0.000000;0.000000;0.000000;0.000000;0.000000;0.000000;0.000000
0.000000;0.000000;0.000000;0.000000;0.000000;0.000000;0.000000;0.000000
0.000000;0.000000;0.000000;0.000000;0.000000;0.000000;0.000000;0.000000
0.000000;0.000000;0.000000;0.000000;0.000000;0.000000;0.000000;0.000000
0.000000;0.000000;0.000000;0.000000;0.000000;0.000000;0.000000;0.000000
0.000000;0.000000;0.000000;0.000000;0.000000;0.000000;0.000000;0.000000
0.000000;0.000000;0.000000;0.000000;0.000000;0.000000;0.000000;0.000000
0.000000;0.000000;0.000000;0.000000;0.000000;0.000000;0.000000;0.000000
0.000000;0.000000;0.000000;0.000000;0.000000;0.000000;0.000000;0.000000
0.000000;0.000000;0.000000;0.000000;0.000000;0.000000;0.000000;0.000000
0.000000;0.000000;0.000000;0.000000;0.000000;0.000000;0.000000;0.000000
0.000000;0.000000;0.000000;0.000000;0.000000;0.000000;0.000000;0.000000
0.000000;0.000000;0.000000;0.000000;0.000000;0.000000;0.000000;0.000000
0.000000;0.000000;0.000000;0.000000;0.000000;0.000000;0.000000;0.000000
0.000000;0.000000;0.000000;0.000000;0.000000;0.000000;0.000000;0.000000
0.000000;0.000000;0.000000;0.000000;0.000000;0.000000;0.000000;0.000000
0.000000;0.000000;0.000000;0.000000;0.000000;0.000000;0.000000;0.000000
0.000000;0.000000;0.000000;0.000000;0.000000;0.000000;0.000000;0.000000
0.000000;0.000000;0.000000;0.000000;0.000000;0.000000;0.000000;0.000000
0.000000;0.000000;0.000000;0.000000;0.000000;0.000000;0.000000;0.000000
0.000000;0.000000;0.000000;0.000000;0.000000;0.000000;0.000000;0.000000
0.000000;0.000000;0.000000;0.000000;0.000000;0.000000;0.000000;0.000000
0.000000;0.000000;0.000000;0.000000;0.000000;0.000000;0.000000;0.000000
0.000000;0.000000;0.000000;0.000000;0.000000;0.000000;0.000000;0.000000
0.000000;0.000000;0.000000;0.000000;0.000000;0.000000;0.000000;0.000000
0.000000;0.000000;0.000000;0.000000;0.000000;0.000000;0.000000;0.000000
0.000000;0.000000;0.000000;0.000000;0.000000;0.000000;0.000000;0.000000
0.000000;0.000000;0.000000;0.000000;0.000000;0.000000;0.000000;0.000000
0.000000;0.000000;0.000000;0.000000;0.000000;0.000000;0.000000;0.000000
0.000000;0.000000;0.000000;0.000000;0.000000;0.000000;0.000000;0.000000
0.000000;0.000000;0.000000;0.000000;0.000000;0.000000;0.000000;0.000000
0.000000;0.000000;0.000000;0.000000;0.000000;0.000000;0.000000;0.000000
0.000000;0.000000;0.000000;0.000000;0.000000;0.000000;0.000000;0.000000
0.000000;0.000000;0.000000;0.000000;0.000000;0.000000;0.000000;0.000000
0.000000;0.000000;0.000000;0.000000;0.000000;0.000000;0.000000;0.000000
0.000000;0.000000;0.000000;0.000000;0.000000;0.000000;0.000000;0.000000
0.000000;0.000000;0.000000;0.000000;0.000000;0.000000;0.000000;0.000000
0.000000;0.000000;0.000000;0.000000;0.000000;0.000000;0.000000;0.000000
0.000000;0.000000;0.000000;0.000000;0.000000;0.000000;0.000000;0.000000
0.000000;0.000000;0.000000;0.000000;0.000000;0.000000;0.000000;0.000000
0.000000;0.000000;0.000000;0.000000;0.000000;0.000000;0.000000;0.000000
0.000000;0.000000;0.000000;0.000000;0.000000;0.000000;0.000000;0.000000
0.000000;0.000000;0.000000;0.000000;0.000000;0.000000;0.000000;0.000000
0.000000;0.000000;0.000000;0.000000;0.000000;0.000000;0.000000;0.000000
0.000000;0.000000;0.000000;0.000000;0.000000;0.000000;0.000000;0.000000
0.000000;0.000000;0.000000;0.000000;0.000000;0.000000;0.000000;0.000000
0.000000;0.000000;0.000000;0.000000;0.000000;0.000000;0.000000;0.000000
0.000000;0.000000;0.000000;0.000000;0.000000;0.000000;0.000000;0.000000
0.000000;0.000000;0.000000;0.000000;0.000000;0.000000;0.000000;0.000000
0.000000;0.000000;0.000000;0.000000;0.000000;0.000000;0.000000;0.000000
0.000000;0.000000;0.000000;0.000000;0.000000;0.000000;0.000000;0.000000
0.000000;0.000000;0.000000;0.000000;0.000000;0.000000;0.000000;0.000000
0.000000;0.000000;0.000000;0.000000;0.000000;0.000000;0.000000;0.000000
0.000000;0.000000;0.000000;0.000000;0.000000;0.000000;0.000000;0.000000
0.000000;0.000000;0.000000;0.000000;0.000000;0.000000;0.000000;0.000000
0.000000;0.000000;0.000000;0.000000;0.000000;0.000000;0.000000;0.000000
0.000000;0.000000;0.000000;0.000000;0.000000;0.000000;0.000000;0.000000
0.000000;0.000000;0.000000;0.000000;0.000000;0.000000;0.000000;0.000000
0.000000;0.000000;0.000000;0.000000;0.000000;0.000000;0.000000;0.000000
0.000000;0.000000;0.000000;0.000000;0.000000;0.000000;0.000000;0.000000
0.000000;0.000000;0.000000;0.000000;0.000000;0.000000;0.000000;0.000000
0.000000;0.000000;0.000000;0.000000;0.000000;0.000000;0.000000;0.000000
0.000000;0.000000;0.000000;0.000000;0.000000;0.000000;0.000000;0.000000
0.000000;0.000000;0.000000;0.000000;0.000000;0.000000;0.000000;0.000000
0.000000;0.000000;0.000000;0.000000;0.000000;0.000000;0.000000;0.000000
0.000000;0.000000;0.000000;0.000000;0.000000;0.000000;0.000000;0.000000
0.000000;0.000000;0.000000;0.000000;0.000000;0.000000;0.000000;0.000000
0.000000;0.000000;0.000000;0.000000;0.000000;0.000000;0.000000;0.000000
0.000000;0.000000;0.000000;0.000000;0.000000;0.000000;0.000000;0.000000
0.000000;0.000000;0.000000;0.000000;0.000000;0.000000;0.000000;0.000000
0.000000;0.000000;0.000000;0.000000;0.000000;0.000000;0.000000;0.000000
0.000000;0.000000;0.000000;0.000000;0.000000;0.000000;0.000000;0.000000
0.000000;0.000000;0.000000;0.000000;0.000000;0.000000;0.000000;0.000000
0.000000;0.000000;0.000000;0.000000;0.000000;0.000000;0.000000;0.000000
0.000000;0.000000;0.000000;0.000000;0.000000;0.000000;0.000000;0.000000
0.000000;0.000000;0.000000;0.000000;0.000000;0.000000;0.000000;0.000000
0.000000;0.000000;0.000000;0.000000;0.000000;0.000000;0.000000;0.000000
0.000000;0.000000;0.000000;0.000000;0.000000;0.000000;0.000000;0.000000
0.000000;0.000000;0.000000;0.000000;0.000000;0.000000;0.000000;0.000000
0.000000;0.000000;0.000000;0.000000;0.000000;0.000000;0.000000;0.000000
0.000000;0.000000;0.000000;0.000000;0.000000;0.000000;0.000000;0.000000
0.000000;0.000000;0.000000;0.000000;0.000000;0.000000;0.000000;0.000000
0.000000;0.000000;0.000000;0.000000;0.000000;0.000000;0.000000;0.000000
0.000000;0.000000;0.000000;0.000000;0.000000;0.000000;0.000000;0.000000
0.000000;0.000000;0.000000;0.000000;0.000000;0.000000;0.000000;0.000000
0.000000;0.000000;0.000000;0.000000;0.000000;0.000000;0.000000;0.000000
0.000000;0.000000;0.000000;0.000000;0.000000;0.000000;0.000000;0.000000
0.000000;0.000000;0.000000;0.000000;0.000000;0.000000;0.000000;0.000000
0.000000;0.000000;0.000000;0.000000;0.000000;0.000000;0.000000;0.000000
0.000000;0.000000;0.000000;0.000000;0.000000;0.000000;0.000000;0.000000
0.000000;0.000000;0.000000;0.000000;0.000000;0.000000;0.000000;0.000000
0.000000;0.000000;0.000000;0.000000;0.000000;0.000000;0.000000;0.000000
0.000000;0.000000;0.000000;0.000000;0.000000;0.000000;0.000000;0.000000
0.000000;0.000000;0.000000;0.000000;0.000000;0.000000;0.000000;0.000000
0.000000;0.000000;0.000000;0.000000;0.000000;0.000000;0.000000;0.000000
0.000000;0.000000;0.000000;0.000000;0.000000;0.000000;0.000000;0.000000
0.000000;0.000000;0.000000;0.000000;0.000000;0.000000;0.000000;0.000000
0.000000;0.000000;0.000000;0.000000;0.000000;0.000000;0.000000;0.000000
0.000000;0.000000;0.000000;0.000000;0.000000;0.000000;0.000000;0.000000
0.000000;0.000000;0.000000;0.000000;0.000000;0.000000;0.000000;0.000000
0.000000;0.000000;0.000000;0.000000;0.000000;0.000000;0.000000;0.000000
0.000000;0.000000;0.000000;0.000000;0.000000;0.000000;0.000000;0.000000
0.000000;0.000000;0.000000;0.000000;0.000000;0.000000;0.000000;0.000000
0.000000;0.000000;0.000000;0.000000;0.000000;0.000000;0.000000;0.000000
0.000000;0.000000;0.000000;0.000000;0.000000;0.000000;0.000000;0.000000
0.000000;0.000000;0.000000;0.000000;0.000000;0.000000;0.000000;0.000000
0.000000;0.000000;0.000000;0.000000;0.000000;0.000000;0.000000;0.000000
0.000000;0.000000;0.000000;0.000000;0.000000;0.000000;0.000000;0.000000
0.000000;0.000000;0.000000;0.000000;0.000000;0.000000;0.000000;0.000000
0.000000;0.000000;0.000000;0.000000;0.000000;0.000000;0.000000;0.000000
0.000000;0.000000;0.000000;0.000000;0.000000;0.000000;0.000000;0.000000
0.000000;0.000000;0.000000;0.000000;0.000000;0.000000;0.000000;0.000000
0.000000;0.000000;0.000000;0.000000;0.000000;0.000000;0.000000;0.000000
0.000000;0.000000;0.000000;0.000000;0.000000;0.000000;0.000000;0.000000
0.000000;0.000000;0.000000;0.000000;0.000000;0.000000;0.000000;0.000000
0.000000;0.000000;0.000000;0.000000;0.000000;0.000000;0.000000;0.000000
0.000000;0.000000;0.000000;0.000000;0.000000;0.000000;0.000000;0.000000
0.000000;0.000000;0.000000;0.000000;0.000000;0.000000;0.000000;0.000000
0.000000;0.000000;0.000000;0.000000;0.000000;0.000000;0.000000;0.000000
0.000000;0.000000;0.000000;0.000000;0.000000;0.000000;0.000000;0.000000
0.000000;0.000000;0.000000;0.000000;0.000000;0.000000;0.000000;0.000000
0.000000;0.000000;0.000000;0.000000;0.000000;0.000000;0.000000;0.000000
0.000000;0.000000;0.000000;0.000000;0.000000;0.000000;0.000000;0.000000
0.000000;0.000000;0.000000;0.000000;0.000000;0.000000;0.000000;0.000000
0.000000;0.000000;0.000000;0.000000;0.000000;0.000000;0.000000;0.000000
0.000000;0.000000;0.000000;0.000000;0.000000;0.000000;0.000000;0.000000
0.000000;0.000000;0.000000;0.000000;0.000000;0.000000;0.000000;0.000000
0.000000;0.000000;0.000000;0.000000;0.000000;0.000000;0.000000;0.000000
0.000000;0.000000;0.000000;0.000000;0.000000;0.000000;0.000000;0.000000
0.000000;0.000000;0.000000;0.000000;0.000000;0.000000;0.000000;0.000000
0.000000;0.000000;0.000000;0.000000;0.000000;0.000000;0.000000;0.000000
0.000000;0.000000;0.000000;0.000000;0.000000;0.000000;0.000000;0.000000
0.000000;0.000000;0.000000;0.000000;0.000000;0.000000;0.000000;0.000000
0.000000;0.000000;0.000000;0.000000;0.000000;0.000000;0.000000;0.000000
0.000000;0.000000;0.000000;0.000000;0.000000;0.000000;0.000000;0.000000
0.000000;0.000000;0.000000;0.000000;0.000000;0.000000;0.000000;0.000000
0.000000;0.000000;0.000000;0.000000;0.000000;0.000000;0.000000;0.000000
0.000000;0.000000;0.000000;0.000000;0.000000;0.000000;0.000000;0.000000
0.000000;0.000000;0.000000;0.000000;0.000000;0.000000;0.000000;0.000000
0.000000;0.000000;0.000000;0.000000;0.000000;0.000000;0.000000;0.000000
0.000000;0.000000;0.000000;0.000000;0.000000;0.000000;0.000000;0.000000
0.000000;0.000000;0.000000;0.000000;0.000000;0.000000;0.000000;0.000000
0.000000;0.000000;0.000000;0.000000;0.000000;0.000000;0.000000;0.000000
0.000000;0.000000;0.000000;0.000000;0.000000;0.000000;0.000000;0.000000
0.000000;0.000000;0.000000;0.000000;0.000000;0.000000;0.000000;0.000000
0.000000;0.000000;0.000000;0.000000;0.000000;0.000000;0.000000;0.000000
0.000000;0.000000;0.000000;0.000000;0.000000;0.000000;0.000000;0.000000
0.000000;0.000000;0.000000;0.000000;0.000000;0.000000;0.000000;0.000000
0.000000;0.000000;0.000000;0.000000;0.000000;0.000000;0.000000;0.000000
0.000000;0.000000;0.000000;0.000000;0.000000;0.000000;0.000000;0.000000
0.000000;0.000000;0.000000;0.000000;0.000000;0.000000;0.000000;0.000000
0.000000;0.000000;0.000000;0.000000;0.000000;0.000000;0.000000;0.000000
0.000000;0.000000;0.000000;0.000000;0.000000;0.000000;0.000000;0.000000
0.000000;0.000000;0.000000;0.000000;0.000000;0.000000;0.000000;0.000000
0.000000;0.000000;0.000000;0.000000;0.000000;0.000000;0.000000;0.000000
0.000000;0.000000;0.000000;0.000000;0.000000;0.000000;0.000000;0.000000
0.000000;0.000000;0.000000;0.000000;0.000000;0.000000;0.000000;0.000000
0.000000;0.000000;0.000000;0.000000;0.000000;0.000000;0.000000;0.000000
0.000000;0.000000;0.000000;0.000000;0.000000;0.000000;0.000000;0.000000
0.000000;0.000000;0.000000;0.000000;0.000000;0.000000;0.000000;0.000000
0.000000;0.000000;0.000000;0.000000;0.000000;0.000000;0.000000;0.000000
0.000000;0.000000;0.000000;0.000000;0.000000;0.000000;0.000000;0.000000
0.000000;0.000000;0.000000;0.000000;0.000000;0.000000;0.000000;0.000000
0.000000;0.000000;0.000000;0.000000;0.000000;0.000000;0.000000;0.000000
0.000000;0.000000;0.000000;0.000000;0.000000;0.000000;0.000000;0.000000
0.000000;0.000000;0.000000;0.000000;0.000000;0.000000;0.000000;0.000000
0.000000;0.000000;0.000000;0.000000;0.000000;0.000000;0.000000;0.000000
0.000000;0.000000;0.000000;0.000000;0.000000;0.000000;0.000000;0.000000
0.000000;0.000000;0.000000;0.000000;0.000000;0.000000;0.000000;0.000000
0.000000;0.000000;0.000000;0.000000;0.000000;0.000000;0.000000;0.000000
0.000000;0.000000;0.000000;0.000000;0.000000;0.000000;0.000000;0.000000
0.000000;0.000000;0.000000;0.000000;0.000000;0.000000;0.000000;0.000000
0.000000;0.000000;0.000000;0.000000;0.000000;0.000000;0.000000;0.000000
0.000000;0.000000;0.000000;0.000000;0.000000;0.000000;0.000000;0.000000
0.000000;0.000000;0.000000;0.000000;0.000000;0.000000;0.000000;0.000000
0.000000;0.000000;0.000000;0.000000;0.000000;0.000000;0.000000;0.000000
0.000000;0.000000;0.000000;0.000000;0.000000;0.000000;0.000000;0.000000
0.000000;0.000000;0.000000;0.000000;0.000000;0.000000;0.000000;0.000000
0.000000;0.000000;0.000000;0.000000;0.000000;0.000000;0.000000;0.000000
0.000000;0.000000;0.000000;0.000000;0.000000;0.000000;0.000000;0.000000
0.000000;0.000000;0.000000;0.000000;0.000000;0.000000;0.000000;0.000000
0.000000;0.000000;0.000000;0.000000;0.000000;0.000000;0.000000;0.000000
0.000000;0.000000;0.000000;0.000000;0.000000;0.000000;0.000000;0.000000
0.000000;0.000000;0.000000;0.000000;0.000000;0.000000;0.000000;0.000000
0.000000;0.000000;0.000000;0.000000;0.000000;0.000000;0.000000;0.000000
0.000000;0.000000;0.000000;0.000000;0.000000;0.000000;0.000000;0.000000
0.000000;0.000000;0.000000;0.000000;0.000000;0.000000;0.000000;0.000000
0.000000;0.000000;0.000000;0.000000;0.000000;0.000000;0.000000;0.000000
0.000000;0.000000;0.000000;0.000000;0.000000;0.000000;0.000000;0.000000
0.000000;0.000000;0.000000;0.000000;0.000000;0.000000;0.000000;0.000000
0.000000;0.000000;0.000000;0.000000;0.000000;0.000000;0.000000;0.000000
0.000000;0.000000;0.000000;0.000000;0.000000;0.000000;0.000000;0.000000
0.000000;0.000000;0.000000;0.000000;0.000000;0.000000;0.000000;0.000000
0.000000;0.000000;0.000000;0.000000;0.000000;0.000000;0.000000;0.000000
0.000000;0.000000;0.000000;0.000000;0.000000;0.000000;0.000000;0.000000
0.000000;0.000000;0.000000;0.000000;0.000000;0.000000;0.000000;0.000000
0.000000;0.000000;0.000000;0.000000;0.000000;0.000000;0.000000;0.000000
0.000000;0.000000;0.000000;0.000000;0.000000;0.000000;0.000000;0.000000
0.000000;0.000000;0.000000;0.000000;0.000000;0.000000;0.000000;0.000000
0.000000;0.000000;0.000000;0.000000;0.000000;0.000000;0.000000;0.000000
0.000000;0.000000;0.000000;0.000000;0.000000;0.000000;0.000000;0.000000
0.000000;0.000000;0.000000;0.000000;0.000000;0.000000;0.000000;0.000000
0.000000;0.000000;0.000000;0.000000;0.000000;0.000000;0.000000;0.000000
0.000000;0.000000;0.000000;0.000000;0.000000;0.000000;0.000000;0.000000
0.000000;0.000000;0.000000;0.000000;0.000000;0.000000;0.000000;0.000000
0.000000;0.000000;0.000000;0.000000;0.000000;0.000000;0.000000;0.000000
0.000000;0.000000;0.000000;0.000000;0.000000;0.000000;0.000000;0.000000
0.000000;0.000000;0.000000;0.000000;0.000000;0.000000;0.000000;0.000000
0.000000;0.000000;0.000000;0.000000;0.000000;0.000000;0.000000;0.000000
0.000000;0.000000;0.000000;0.000000;0.000000;0.000000;0.000000;0.000000
0.000000;0.000000;0.000000;0.000000;0.000000;0.000000;0.000000;0.000000
0.000000;0.000000;0.000000;0.000000;0.000000;0.000000;0.000000;0.000000
0.000000;0.000000;0.000000;0.000000;0.000000;0.000000;0.000000;0.000000
0.000000;0.000000;0.000000;0.000000;0.000000;0.000000;0.000000;0.000000
0.000000;0.000000;0.000000;0.000000;0.000000;0.000000;0.000000;0.000000
0.000000;0.000000;0.000000;0.000000;0.000000;0.000000;0.000000;0.000000
0.000000;0.000000;0.000000;0.000000;0.000000;0.000000;0.000000;0.000000
0.000000;0.000000;0.000000;0.000000;0.000000;0.000000;0.000000;0.000000
0.000000;0.000000;0.000000;0.000000;0.000000;0.000000;0.000000;0.000000
0.000000;0.000000;0.000000;0.000000;0.000000;0.000000;0.000000;0.000000
0.000000;0.000000;0.000000;0.000000;0.000000;0.000000;0.000000;0.000000
0.000000;0.000000;0.000000;0.000000;0.000000;0.000000;0.000000;0.000000
0.000000;0.000000;0.000000;0.000000;0.000000;0.000000;0.000000;0.000000
0.000000;0.000000;0.000000;0.000000;0.000000;0.000000;0.000000;0.000000
0.000000;0.000000;0.000000;0.000000;0.000000;0.000000;0.000000;0.000000
0.000000;0.000000;0.000000;0.000000;0.000000;0.000000;0.000000;0.000000
0.000000;0.000000;0.000000;0.000000;0.000000;0.000000;0.000000;0.000000
0.000000;0.000000;0.000000;0.000000;0.000000;0.000000;0.000000;0.000000
0.000000;0.000000;0.000000;0.000000;0.000000;0.000000;0.000000;0.000000
0.000000;0.000000;0.000000;0.000000;0.000000;0.000000;0.000000;0.000000
0.000000;0.000000;0.000000;0.000000;0.000000;0.000000;0.000000;0.000000
0.000000;0.000000;0.000000;0.000000;0.000000;0.000000;0.000000;0.000000
0.000000;0.000000;0.000000;0.000000;0.000000;0.000000;0.000000;0.000000
0.000000;0.000000;0.000000;0.000000;0.000000;0.000000;0.000000;0.000000
0.000000;0.000000;0.000000;0.000000;0.000000;0.000000;0.000000;0.000000
0.000000;0.000000;0.000000;0.000000;0.000000;0.000000;0.000000;0.000000
0.000000;0.000000;0.000000;0.000000;0.000000;0.000000;0.000000;0.000000
0.000000;0.000000;0.000000;0.000000;0.000000;0.000000;0.000000;0.000000
0.000000;0.000000;0.000000;0.000000;0.000000;0.000000;0.000000;0.000000
0.000000;0.000000;0.000000;0.000000;0.000000;0.000000;0.000000;0.000000
0.000000;0.000000;0.000000;0.000000;0.000000;0.000000;0.000000;0.000000
0.000000;0.000000;0.000000;0.000000;0.000000;0.000000;0.000000;0.000000
0.000000;0.000000;0.000000;0.000000;0.000000;0.000000;0.000000;0.000000
0.000000;0.000000;0.000000;0.000000;0.000000;0.000000;0.000000;0.000000
0.000000;0.000000;0.000000;0.000000;0.000000;0.000000;0.000000;0.000000
0.000000;0.000000;0.000000;0.000000;0.000000;0.000000;0.000000;0.000000
0.000000;0.000000;0.000000;0.000000;0.000000;0.000000;0.000000;0.000000
0.000000;0.000000;0.000000;0.000000;0.000000;0.000000;0.000000;0.000000
0.000000;0.000000;0.000000;0.000000;0.000000;0.000000;0.000000;0.000000
0.000000;0.000000;0.000000;0.000000;0.000000;0.000000;0.000000;0.000000
0.000000;0.000000;0.000000;0.000000;0.000000;0.000000;0.000000;0.000000
0.000000;0.000000;0.000000;0.000000;0.000000;0.000000;0.000000;0.000000
0.000000;0.000000;0.000000;0.000000;0.000000;0.000000;0.000000;0.000000
0.000000;0.000000;0.000000;0.000000;0.000000;0.000000;0.000000;0.000000
0.000000;0.000000;0.000000;0.000000;0.000000;0.000000;0.000000;0.000000
0.000000;0.000000;0.000000;0.000000;0.000000;0.000000;0.000000;0.000000
0.000000;0.000000;0.000000;0.000000;0.000000;0.000000;0.000000;0.000000
0.000000;0.000000;0.000000;0.000000;0.000000;0.000000;0.000000;0.000000
0.000000;0.000000;0.000000;0.000000;0.000000;0.000000;0.000000;0.000000
0.000000;0.000000;0.000000;0.000000;0.000000;0.000000;0.000000;0.000000
0.000000;0.000000;0.000000;0.000000;0.000000;0.000000;0.000000;0.000000
0.000000;0.000000;0.000000;0.000000;0.000000;0.000000;0.000000;0.000000
0.000000;0.000000;0.000000;0.000000;0.000000;0.000000;0.000000;0.000000
0.000000;0.000000;0.000000;0.000000;0.000000;0.000000;0.000000;0.000000
0.000000;0.000000;0.000000;0.000000;0.000000;0.000000;0.000000;0.000000
0.000000;0.000000;0.000000;0.000000;0.000000;0.000000;0.000000;0.000000
0.000000;0.000000;0.000000;0.000000;0.000000;0.000000;0.000000;0.000000
0.000000;0.000000;0.000000;0.000000;0.000000;0.000000;0.000000;0.000000
0.000000;0.000000;0.000000;0.000000;0.000000;0.000000;0.000000;0.000000
0.000000;0.000000;0.000000;0.000000;0.000000;0.000000;0.000000;0.000000
0.000000;0.000000;0.000000;0.000000;0.000000;0.000000;0.000000;0.000000
0.000000;0.000000;0.000000;0.000000;0.000000;0.000000;0.000000;0.000000
0.000000;0.000000;0.000000;0.000000;0.000000;0.000000;0.000000;0.000000
0.000000;0.000000;0.000000;0.000000;0.000000;0.000000;0.000000;0.000000
0.000000;0.000000;0.000000;0.000000;0.000000;0.000000;0.000000;0.000000
0.000000;0.000000;0.000000;0.000000;0.000000;0.000000;0.000000;0.000000
0.000000;0.000000;0.000000;0.000000;0.000000;0.000000;0.000000;0.000000
0.000000;0.000000;0.000000;0.000000;0.000000;0.000000;0.000000;0.000000
0.000000;0.000000;0.000000;0.000000;0.000000;0.000000;0.000000;0.000000
0.000000;0.000000;0.000000;0.000000;0.000000;0.000000;0.000000;0.000000
0.000000;0.000000;0.000000;0.000000;0.000000;0.000000;0.000000;0.000000
0.000000;0.000000;0.000000;0.000000;0.000000;0.000000;0.000000;0.000000
0.000000;0.000000;0.000000;0.000000;0.000000;0.000000;0.000000;0.000000
0.000000;0.000000;0.000000;0.000000;0.000000;0.000000;0.000000;0.000000
0.000000;0.000000;0.000000;0.000000;0.000000;0.000000;0.000000;0.000000
0.000000;0.000000;0.000000;0.000000;0.000000;0.000000;0.000000;0.000000
0.000000;0.000000;0.000000;0.000000;0.000000;0.000000;0.000000;0.000000
0.000000;0.000000;0.000000;0.000000;0.000000;0.000000;0.000000;0.000000
0.000000;0.000000;0.000000;0.000000;0.000000;0.000000;0.000000;0.000000
0.000000;0.000000;0.000000;0.000000;0.000000;0.000000;0.000000;0.000000
0.000000;0.000000;0.000000;0.000000;0.000000;0.000000;0.000000;0.000000
0.000000;0.000000;0.000000;0.000000;0.000000;0.000000;0.000000;0.000000
0.000000;0.000000;0.000000;0.000000;0.000000;0.000000;0.000000;0.000000
0.000000;0.000000;0.000000;0.000000;0.000000;0.000000;0.000000;0.000000
0.000000;0.000000;0.000000;0.000000;0.000000;0.000000;0.000000;0.000000
0.000000;0.000000;0.000000;0.000000;0.000000;0.000000;0.000000;0.000000
0.000000;0.000000;0.000000;0.000000;0.000000;0.000000;0.000000;0.000000
0.000000;0.000000;0.000000;0.000000;0.000000;0.000000;0.000000;0.000000
0.000000;0.000000;0.000000;0.000000;0.000000;0.000000;0.000000;0.000000
0.000000;0.000000;0.000000;0.000000;0.000000;0.000000;0.000000;0.000000
0.000000;0.000000;0.000000;0.000000;0.000000;0.000000;0.000000;0.000000
0.000000;0.000000;0.000000;0.000000;0.000000;0.000000;0.000000;0.000000
0.000000;0.000000;0.000000;0.000000;0.000000;0.000000;0.000000;0.000000
0.000000;0.000000;0.000000;0.000000;0.000000;0.000000;0.000000;0.000000
0.000000;0.000000;0.000000;0.000000;0.000000;0.000000;0.000000;0.000000
0.000000;0.000000;0.000000;0.000000;0.000000;0.000000;0.000000;0.000000
0.000000;0.000000;0.000000;0.000000;0.000000;0.000000;0.000000;0.000000
0.000000;0.000000;0.000000;0.000000;0.000000;0.000000;0.000000;0.000000
0.000000;0.000000;0.000000;0.000000;0.000000;0.000000;0.000000;0.000000
0.000000;0.000000;0.000000;0.000000;0.000000;0.000000;0.000000;0.000000
0.000000;0.000000;0.000000;0.000000;0.000000;0.000000;0.000000;0.000000
0.000000;0.000000;0.000000;0.000000;0.000000;0.000000;0.000000;0.000000
0.000000;0.000000;0.000000;0.000000;0.000000;0.000000;0.000000;0.000000
0.000000;0.000000;0.000000;0.000000;0.000000;0.000000;0.000000;0.000000
0.000000;0.000000;0.000000;0.000000;0.000000;0.000000;0.000000;0.000000
0.000000;0.000000;0.000000;0.000000;0.000000;0.000000;0.000000;0.000000
0.000000;0.000000;0.000000;0.000000;0.000000;0.000000;0.000000;0.000000
0.000000;0.000000;0.000000;0.000000;0.000000;0.000000;0.000000;0.000000
0.000000;0.000000;0.000000;0.000000;0.000000;0.000000;0.000000;0.000000
0.000000;0.000000;0.000000;0.000000;0.000000;0.000000;0.000000;0.000000
0.000000;0.000000;0.000000;0.000000;0.000000;0.000000;0.000000;0.000000
0.000000;0.000000;0.000000;0.000000;0.000000;0.000000;0.000000;0.000000
0.000000;0.000000;0.000000;0.000000;0.000000;0.000000;0.000000;0.000000
0.000000;0.000000;0.000000;0.000000;0.000000;0.000000;0.000000;0.000000
0.000000;0.000000;0.000000;0.000000;0.000000;0.000000;0.000000;0.000000
0.000000;0.000000;0.000000;0.000000;0.000000;0.000000;0.000000;0.000000
0.000000;0.000000;0.000000;0.000000;0.000000;0.000000;0.000000;0.000000
0.000000;0.000000;0.000000;0.000000;0.000000;0.000000;0.000000;0.000000
0.000000;0.000000;0.000000;0.000000;0.000000;0.000000;0.000000;0.000000
0.000000;0.000000;0.000000;0.000000;0.000000;0.000000;0.000000;0.000000
0.000000;0.000000;0.000000;0.000000;0.000000;0.000000;0.000000;0.000000
0.000000;0.000000;0.000000;0.000000;0.000000;0.000000;0.000000;0.000000
0.000000;0.000000;0.000000;0.000000;0.000000;0.000000;0.000000;0.000000
0.000000;0.000000;0.000000;0.000000;0.000000;0.000000;0.000000;0.000000
0.000000;0.000000;0.000000;0.000000;0.000000;0.000000;0.000000;0.000000
0.000000;0.000000;0.000000;0.000000;0.000000;0.000000;0.000000;0.000000
0.000000;0.000000;0.000000;0.000000;0.000000;0.000000;0.000000;0.000000
0.000000;0.000000;0.000000;0.000000;0.000000;0.000000;0.000000;0.000000
0.000000;0.000000;0.000000;0.000000;0.000000;0.000000;0.000000;0.000000
0.000000;0.000000;0.000000;0.000000;0.000000;0.000000;0.000000;0.000000
0.000000;0.000000;0.000000;0.000000;0.000000;0.000000;0.000000;0.000000
0.000000;0.000000;0.000000;0.000000;0.000000;0.000000;0.000000;0.000000
0.000000;0.000000;0.000000;0.000000;0.000000;0.000000;0.000000;0.000000
0.000000;0.000000;0.000000;0.000000;0.000000;0.000000;0.000000;0.000000
0.000000;0.000000;0.000000;0.000000;0.000000;0.000000;0.000000;0.000000
0.000000;0.000000;0.000000;0.000000;0.000000;0.000000;0.000000;0.000000
0.000000;0.000000;0.000000;0.000000;0.000000;0.000000;0.000000;0.000000
0.000000;0.000000;0.000000;0.000000;0.000000;0.000000;0.000000;0.000000
0.000000;0.000000;0.000000;0.000000;0.000000;0.000000;0.000000;0.000000
0.000000;0.000000;0.000000;0.000000;0.000000;0.000000;0.000000;0.000000
0.000000;0.000000;0.000000;0.000000;0.000000;0.000000;0.000000;0.000000
0.000000;0.000000;0.000000;0.000000;0.000000;0.000000;0.000000;0.000000
0.000000;0.000000;0.000000;0.000000;0.000000;0.000000;0.000000;0.000000
0.000000;0.000000;0.000000;0.000000;0.000000;0.000000;0.000000;0.000000
0.000000;0.000000;0.000000;0.000000;0.000000;0.000000;0.000000;0.000000
0.000000;0.000000;0.000000;0.000000;0.000000;0.000000;0.000000;0.000000
0.000000;0.000000;0.000000;0.000000;0.000000;0.000000;0.000000;0.000000
0.000000;0.000000;0.000000;0.000000;0.000000;0.000000;0.000000;0.000000
0.000000;0.000000;0.000000;0.000000;0.000000;0.000000;0.000000;0.000000
0.000000;0.000000;0.000000;0.000000;0.000000;0.000000;0.000000;0.000000
0.000000;0.000000;0.000000;0.000000;0.000000;0.000000;0.000000;0.000000
0.000000;0.000000;0.000000;0.000000;0.000000;0.000000;0.000000;0.000000
0.000000;0.000000;0.000000;0.000000;0.000000;0.000000;0.000000;0.000000
0.000000;0.000000;0.000000;0.000000;0.000000;0.000000;0.000000;0.000000
0.000000;0.000000;0.000000;0.000000;0.000000;0.000000;0.000000;0.000000
0.000000;0.000000;0.000000;0.000000;0.000000;0.000000;0.000000;0.000000
0.000000;0.000000;0.000000;0.000000;0.000000;0.000000;0.000000;0.000000
0.000000;0.000000;0.000000;0.000000;0.000000;0.000000;0.000000;0.000000
0.000000;0.000000;0.000000;0.000000;0.000000;0.000000;0.000000;0.000000
0.000000;0.000000;0.000000;0.000000;0.000000;0.000000;0.000000;0.000000
0.000000;0.000000;0.000000;0.000000;0.000000;0.000000;0.000000;0.000000
0.000000;0.000000;0.000000;0.000000;0.000000;0.000000;0.000000;0.000000
0.000000;0.000000;0.000000;0.000000;0.000000;0.000000;0.000000;0.000000
0.000000;0.000000;0.000000;0.000000;0.000000;0.000000;0.000000;0.000000
0.000000;0.000000;0.000000;0.000000;0.000000;0.000000;0.000000;0.000000
0.000000;0.000000;0.000000;0.000000;0.000000;0.000000;0.000000;0.000000
0.000000;0.000000;0.000000;0.000000;0.000000;0.000000;0.000000;0.000000
0.000000;0.000000;0.000000;0.000000;0.000000;0.000000;0.000000;0.000000
0.000000;0.000000;0.000000;0.000000;0.000000;0.000000;0.000000;0.000000
0.000000;0.000000;0.000000;0.000000;0.000000;0.000000;0.000000;0.000000
0.000000;0.000000;0.000000;0.000000;0.000000;0.000000;0.000000;0.000000
0.000000;0.000000;0.000000;0.000000;0.000000;0.000000;0.000000;0.000000
0.000000;0.000000;0.000000;0.000000;0.000000;0.000000;0.000000;0.000000
0.000000;0.000000;0.000000;0.000000;0.000000;0.000000;0.000000;0.000000
0.000000;0.000000;0.000000;0.000000;0.000000;0.000000;0.000000;0.000000
0.000000;0.000000;0.000000;0.000000;0.000000;0.000000;0.000000;0.000000
0.000000;0.000000;0.000000;0.000000;0.000000;0.000000;0.000000;0.000000
0.000000;0.000000;0.000000;0.000000;0.000000;0.000000;0.000000;0.000000
0.000000;0.000000;0.000000;0.000000;0.000000;0.000000;0.000000;0.000000
0.000000;0.000000;0.000000;0.000000;0.000000;0.000000;0.000000;0.000000
0.000000;0.000000;0.000000;0.000000;0.000000;0.000000;0.000000;0.000000
0.000000;0.000000;0.000000;0.000000;0.000000;0.000000;0.000000;0.000000
0.000000;0.000000;0.000000;0.000000;0.000000;0.000000;0.000000;0.000000
0.000000;0.000000;0.000000;0.000000;0.000000;0.000000;0.000000;0.000000
0.000000;0.000000;0.000000;0.000000;0.000000;0.000000;0.000000;0.000000
0.000000;0.000000;0.000000;0.000000;0.000000;0.000000;0.000000;0.000000
0.000000;0.000000;0.000000;0.000000;0.000000;0.000000;0.000000;0.000000
0.000000;0.000000;0.000000;0.000000;0.000000;0.000000;0.000000;0.000000
0.000000;0.000000;0.000000;0.000000;0.000000;0.000000;0.000000;0.000000
0.000000;0.000000;0.000000;0.000000;0.000000;0.000000;0.000000;0.000000
0.000000;0.000000;0.000000;0.000000;0.000000;0.000000;0.000000;0.000000
0.000000;0.000000;0.000000;0.000000;0.000000;0.000000;0.000000;0.000000
0.000000;0.000000;0.000000;0.000000;0.000000;0.000000;0.000000;0.000000
0.000000;0.000000;0.000000;0.000000;0.000000;0.000000;0.000000;0.000000
0.000000;0.000000;0.000000;0.000000;0.000000;0.000000;0.000000;0.000000
0.000000;0.000000;0.000000;0.000000;0.000000;0.000000;0.000000;0.000000
0.000000;0.000000;0.000000;0.000000;0.000000;0.000000;0.000000;0.000000
0.000000;0.000000;0.000000;0.000000;0.000000;0.000000;0.000000;0.000000
0.000000;0.000000;0.000000;0.000000;0.000000;0.000000;0.000000;0.000000
0.000000;0.000000;0.000000;0.000000;0.000000;0.000000;0.000000;0.000000
0.000000;0.000000;0.000000;0.000000;0.000000;0.000000;0.000000;0.000000
0.000000;0.000000;0.000000;0.000000;0.000000;0.000000;0.000000;0.000000
0.000000;0.000000;0.000000;0.000000;0.000000;0.000000;0.000000;0.000000
0.000000;0.000000;0.000000;0.000000;0.000000;0.000000;0.000000;0.000000
0.000000;0.000000;0.000000;0.000000;0.000000;0.000000;0.000000;0.000000
0.000000;0.000000;0.000000;0.000000;0.000000;0.000000;0.000000;0.000000
0.000000;0.000000;0.000000;0.000000;0.000000;0.000000;0.000000;0.000000
0.000000;0.000000;0.000000;0.000000;0.000000;0.000000;0.000000;0.000000
0.000000;0.000000;0.000000;0.000000;0.000000;0.000000;0.000000;0.000000
0.000000;0.000000;0.000000;0.000000;0.000000;0.000000;0.000000;0.000000
0.000000;0.000000;0.000000;0.000000;0.000000;0.000000;0.000000;0.000000
0.000000;0.000000;0.000000;0.000000;0.000000;0.000000;0.000000;0.000000
0.000000;0.000000;0.000000;0.000000;0.000000;0.000000;0.000000;0.000000
0.000000;0.000000;0.000000;0.000000;0.000000;0.000000;0.000000;0.000000
0.000000;0.000000;0.000000;0.000000;0.000000;0.000000;0.000000;0.000000
0.000000;0.000000;0.000000;0.000000;0.000000;0.000000;0.000000;0.000000
0.000000;0.000000;0.000000;0.000000;0.000000;0.000000;0.000000;0.000000
0.000000;0.000000;0.000000;0.000000;0.000000;0.000000;0.000000;0.000000
0.000000;0.000000;0.000000;0.000000;0.000000;0.000000;0.000000;0.000000
0.000000;0.000000;0.000000;0.000000;0.000000;0.000000;0.000000;0.000000
0.000000;0.000000;0.000000;0.000000;0.000000;0.000000;0.000000;0.000000
0.000000;0.000000;0.000000;0.000000;0.000000;0.000000;0.000000;0.000000
0.000000;0.000000;0.000000;0.000000;0.000000;0.000000;0.000000;0.000000
0.000000;0.000000;0.000000;0.000000;0.000000;0.000000;0.000000;0.000000
0.000000;0.000000;0.000000;0.000000;0.000000;0.000000;0.000000;0.000000
0.000000;0.000000;0.000000;0.000000;0.000000;0.000000;0.000000;0.000000
0.000000;0.000000;0.000000;0.000000;0.000000;0.000000;0.000000;0.000000
0.000000;0.000000;0.000000;0.000000;0.000000;0.000000;0.000000;0.000000
0.000000;0.000000;0.000000;0.000000;0.000000;0.000000;0.000000;0.000000
0.000000;0.000000;0.000000;0.000000;0.000000;0.000000;0.000000;0.000000
0.000000;0.000000;0.000000;0.000000;0.000000;0.000000;0.000000;0.000000
0.000000;0.000000;0.000000;0.000000;0.000000;0.000000;0.000000;0.000000
0.000000;0.000000;0.000000;0.000000;0.000000;0.000000;0.000000;0.000000
0.000000;0.000000;0.000000;0.000000;0.000000;0.000000;0.000000;0.000000
0.000000;0.000000;0.000000;0.000000;0.000000;0.000000;0.000000;0.000000
0.000000;0.000000;0.000000;0.000000;0.000000;0.000000;0.000000;0.000000
0.000000;0.000000;0.000000;0.000000;0.000000;0.000000;0.000000;0.000000
0.000000;0.000000;0.000000;0.000000;0.000000;0.000000;0.000000;0.000000
0.000000;0.000000;0.000000;0.000000;0.000000;0.000000;0.000000;0.000000
0.000000;0.000000;0.000000;0.000000;0.000000;0.000000;0.000000;0.000000
0.000000;0.000000;0.000000;0.000000;0.000000;0.000000;0.000000;0.000000
0.000000;0.000000;0.000000;0.000000;0.000000;0.000000;0.000000;0.000000
0.000000;0.000000;0.000000;0.000000;0.000000;0.000000;0.000000;0.000000
0.000000;0.000000;0.000000;0.000000;0.000000;0.000000;0.000000;0.000000
0.000000;0.000000;0.000000;0.000000;0.000000;0.000000;0.000000;0.000000
0.000000;0.000000;0.000000;0.000000;0.000000;0.000000;0.000000;0.000000
0.000000;0.000000;0.000000;0.000000;0.000000;0.000000;0.000000;0.000000
0.000000;0.000000;0.000000;0.000000;0.000000;0.000000;0.000000;0.000000
0.000000;0.000000;0.000000;0.000000;0.000000;0.000000;0.000000;0.000000
0.000000;0.000000;0.000000;0.000000;0.000000;0.000000;0.000000;0.000000
0.000000;0.000000;0.000000;0.000000;0.000000;0.000000;0.000000;0.000000
0.000000;0.000000;0.000000;0.000000;0.000000;0.000000;0.000000;0.000000
0.000000;0.000000;0.000000;0.000000;0.000000;0.000000;0.000000;0.000000
0.000000;0.000000;0.000000;0.000000;0.000000;0.000000;0.000000;0.000000
0.000000;0.000000;0.000000;0.000000;0.000000;0.000000;0.000000;0.000000
0.000000;0.000000;0.000000;0.000000;0.000000;0.000000;0.000000;0.000000
0.000000;0.000000;0.000000;0.000000;0.000000;0.000000;0.000000;0.000000
0.000000;0.000000;0.000000;0.000000;0.000000;0.000000;0.000000;0.000000
0.000000;0.000000;0.000000;0.000000;0.000000;0.000000;0.000000;0.000000
0.000000;0.000000;0.000000;0.000000;0.000000;0.000000;0.000000;0.000000
0.000000;0.000000;0.000000;0.000000;0.000000;0.000000;0.000000;0.000000
0.000000;0.000000;0.000000;0.000000;0.000000;0.000000;0.000000;0.000000
0.000000;0.000000;0.000000;0.000000;0.000000;0.000000;0.000000;0.000000
0.000000;0.000000;0.000000;0.000000;0.000000;0.000000;0.000000;0.000000
0.000000;0.000000;0.000000;0.000000;0.000000;0.000000;0.000000;0.000000
0.000000;0.000000;0.000000;0.000000;0.000000;0.000000;0.000000;0.000000
0.000000;0.000000;0.000000;0.000000;0.000000;0.000000;0.000000;0.000000
0.000000;0.000000;0.000000;0.000000;0.000000;0.000000;0.000000;0.000000
0.000000;0.000000;0.000000;0.000000;0.000000;0.000000;0.000000;0.000000
0.000000;0.000000;0.000000;0.000000;0.000000;0.000000;0.000000;0.000000
0.000000;0.000000;0.000000;0.000000;0.000000;0.000000;0.000000;0.000000
0.000000;0.000000;0.000000;0.000000;0.000000;0.000000;0.000000;0.000000
0.000000;0.000000;0.000000;0.000000;0.000000;0.000000;0.000000;0.000000
0.000000;0.000000;0.000000;0.000000;0.000000;0.000000;0.000000;0.000000
0.000000;0.000000;0.000000;0.000000;0.000000;0.000000;0.000000;0.000000
0.000000;0.000000;0.000000;0.000000;0.000000;0.000000;0.000000;0.000000
0.000000;0.000000;0.000000;0.000000;0.000000;0.000000;0.000000;0.000000
0.000000;0.000000;0.000000;0.000000;0.000000;0.000000;0.000000;0.000000
0.000000;0.000000;0.000000;0.000000;0.000000;0.000000;0.000000;0.000000
0.000000;0.000000;0.000000;0.000000;0.000000;0.000000;0.000000;0.000000
0.000000;0.000000;0.000000;0.000000;0.000000;0.000000;0.000000;0.000000
0.000000;0.000000;0.000000;0.000000;0.000000;0.000000;0.000000;0.000000
0.000000;0.000000;0.000000;0.000000;0.000000;0.000000;0.000000;0.000000
0.000000;0.000000;0.000000;0.000000;0.000000;0.000000;0.000000;0.000000
0.000000;0.000000;0.000000;0.000000;0.000000;0.000000;0.000000;0.000000
0.000000;0.000000;0.000000;0.000000;0.000000;0.000000;0.000000;0.000000
0.000000;0.000000;0.000000;0.000000;0.000000;0.000000;0.000000;0.000000
0.000000;0.000000;0.000000;0.000000;0.000000;0.000000;0.000000;0.000000
0.000000;0.000000;0.000000;0.000000;0.000000;0.000000;0.000000;0.000000
0.000000;0.000000;0.000000;0.000000;0.000000;0.000000;0.000000;0.000000
0.000000;0.000000;0.000000;0.000000;0.000000;0.000000;0.000000;0.000000
0.000000;0.000000;0.000000;0.000000;0.000000;0.000000;0.000000;0.000000
0.000000;0.000000;0.000000;0.000000;0.000000;0.000000;0.000000;0.000000
0.000000;0.000000;0.000000;0.000000;0.000000;0.000000;0.000000;0.000000
0.000000;0.000000;0.000000;0.000000;0.000000;0.000000;0.000000;0.000000
0.000000;0.000000;0.000000;0.000000;0.000000;0.000000;0.000000;0.000000
0.000000;0.000000;0.000000;0.000000;0.000000;0.000000;0.000000;0.000000
0.000000;0.000000;0.000000;0.000000;0.000000;0.000000;0.000000;0.000000
0.000000;0.000000;0.000000;0.000000;0.000000;0.000000;0.000000;0.000000
0.000000;0.000000;0.000000;0.000000;0.000000;0.000000;0.000000;0.000000
0.000000;0.000000;0.000000;0.000000;0.000000;0.000000;0.000000;0.000000
0.000000;0.000000;0.000000;0.000000;0.000000;0.000000;0.000000;0.000000
0.000000;0.000000;0.000000;0.000000;0.000000;0.000000;0.000000;0.000000
0.000000;0.000000;0.000000;0.000000;0.000000;0.000000;0.000000;0.000000
0.000000;0.000000;0.000000;0.000000;0.000000;0.000000;0.000000;0.000000
0.000000;0.000000;0.000000;0.000000;0.000000;0.000000;0.000000;0.000000
0.000000;0.000000;0.000000;0.000000;0.000000;0.000000;0.000000;0.000000
0.000000;0.000000;0.000000;0.000000;0.000000;0.000000;0.000000;0.000000
0.000000;0.000000;0.000000;0.000000;0.000000;0.000000;0.000000;0.000000
0.000000;0.000000;0.000000;0.000000;0.000000;0.000000;0.000000;0.000000
0.000000;0.000000;0.000000;0.000000;0.000000;0.000000;0.000000;0.000000
0.000000;0.000000;0.000000;0.000000;0.000000;0.000000;0.000000;0.000000
0.000000;0.000000;0.000000;0.000000;0.000000;0.000000;0.000000;0.000000
0.000000;0.000000;0.000000;0.000000;0.000000;0.000000;0.000000;0.000000
0.000000;0.000000;0.000000;0.000000;0.000000;0.000000;0.000000;0.000000
0.000000;0.000000;0.000000;0.000000;0.000000;0.000000;0.000000;0.000000
0.000000;0.000000;0.000000;0.000000;0.000000;0.000000;0.000000;0.000000
0.000000;0.000000;0.000000;0.000000;0.000000;0.000000;0.000000;0.000000
0.000000;0.000000;0.000000;0.000000;0.000000;0.000000;0.000000;0.000000
0.000000;0.000000;0.000000;0.000000;0.000000;0.000000;0.000000;0.000000
0.000000;0.000000;0.000000;0.000000;0.000000;0.000000;0.000000;0.000000
0.000000;0.000000;0.000000;0.000000;0.000000;0.000000;0.000000;0.000000
0.000000;0.000000;0.000000;0.000000;0.000000;0.000000;0.000000;0.000000
0.000000;0.000000;0.000000;0.000000;0.000000;0.000000;0.000000;0.000000
0.000000;0.000000;0.000000;0.000000;0.000000;0.000000;0.000000;0.000000
0.000000;0.000000;0.000000;0.000000;0.000000;0.000000;0.000000;0.000000
0.000000;0.000000;0.000000;0.000000;0.000000;0.000000;0.000000;0.000000
0.000000;0.000000;0.000000;0.000000;0.000000;0.000000;0.000000;0.000000
0.000000;0.000000;0.000000;0.000000;0.000000;0.000000;0.000000;0.000000
0.000000;0.000000;0.000000;0.000000;0.000000;0.000000;0.000000;0.000000
0.000000;0.000000;0.000000;0.000000;0.000000;0.000000;0.000000;0.000000
0.000000;0.000000;0.000000;0.000000;0.000000;0.000000;0.000000;0.000000
0.000000;0.000000;0.000000;0.000000;0.000000;0.000000;0.000000;0.000000
0.000000;0.000000;0.000000;0.000000;0.000000;0.000000;0.000000;0.000000
0.000000;0.000000;0.000000;0.000000;0.000000;0.000000;0.000000;0.000000
0.000000;0.000000;0.000000;0.000000;0.000000;0.000000;0.000000;0.000000
0.000000;0.000000;0.000000;0.000000;0.000000;0.000000;0.000000;0.000000
0.000000;0.000000;0.000000;0.000000;0.000000;0.000000;0.000000;0.000000
0.000000;0.000000;0.000000;0.000000;0.000000;0.000000;0.000000;0.000000
0.000000;0.000000;0.000000;0.000000;0.000000;0.000000;0.000000;0.000000
0.000000;0.000000;0.000000;0.000000;0.000000;0.000000;0.000000;0.000000
0.000000;0.000000;0.000000;0.000000;0.000000;0.000000;0.000000;0.000000
0.000000;0.000000;0.000000;0.000000;0.000000;0.000000;0.000000;0.000000
0.000000;0.000000;0.000000;0.000000;0.000000;0.000000;0.000000;0.000000
0.000000;0.000000;0.000000;0.000000;0.000000;0.000000;0.000000;0.000000
0.000000;0.000000;0.000000;0.000000;0.000000;0.000000;0.000000;0.000000
0.000000;0.000000;0.000000;0.000000;0.000000;0.000000;0.000000;0.000000
0.000000;0.000000;0.000000;0.000000;0.000000;0.000000;0.000000;0.000000
0.000000;0.000000;0.000000;0.000000;0.000000;0.000000;0.000000;0.000000
0.000000;0.000000;0.000000;0.000000;0.000000;0.000000;0.000000;0.000000
0.000000;0.000000;0.000000;0.000000;0.000000;0.000000;0.000000;0.000000
0.000000;0.000000;0.000000;0.000000;0.000000;0.000000;0.000000;0.000000
0.000000;0.000000;0.000000;0.000000;0.000000;0.000000;0.000000;0.000000
0.000000;0.000000;0.000000;0.000000;0.000000;0.000000;0.000000;0.000000
0.000000;0.000000;0.000000;0.000000;0.000000;0.000000;0.000000;0.000000
0.000000;0.000000;0.000000;0.000000;0.000000;0.000000;0.000000;0.000000
0.000000;0.000000;0.000000;0.000000;0.000000;0.000000;0.000000;0.000000
0.000000;0.000000;0.000000;0.000000;0.000000;0.000000;0.000000;0.000000
0.000000;0.000000;0.000000;0.000000;0.000000;0.000000;0.000000;0.000000
0.000000;0.000000;0.000000;0.000000;0.000000;0.000000;0.000000;0.000000
0.000000;0.000000;0.000000;0.000000;0.000000;0.000000;0.000000;0.000000
0.000000;0.000000;0.000000;0.000000;0.000000;0.000000;0.000000;0.000000
0.000000;0.000000;0.000000;0.000000;0.000000;0.000000;0.000000;0.000000
0.000000;0.000000;0.000000;0.000000;0.000000;0.000000;0.000000;0.000000
0.000000;0.000000;0.000000;0.000000;0.000000;0.000000;0.000000;0.000000
0.000000;0.000000;0.000000;0.000000;0.000000;0.000000;0.000000;0.000000
0.000000;0.000000;0.000000;0.000000;0.000000;0.000000;0.000000;0.000000
0.000000;0.000000;0.000000;0.000000;0.000000;0.000000;0.000000;0.000000
0.000000;0.000000;0.000000;0.000000;0.000000;0.000000;0.000000;0.000000
0.000000;0.000000;0.000000;0.000000;0.000000;0.000000;0.000000;0.000000
0.000000;0.000000;0.000000;0.000000;0.000000;0.000000;0.000000;0.000000
0.000000;0.000000;0.000000;0.000000;0.000000;0.000000;0.000000;0.000000
0.000000;0.000000;0.000000;0.000000;0.000000;0.000000;0.000000;0.000000
0.000000;0.000000;0.000000;0.000000;0.000000;0.000000;0.000000;0.000000
0.000000;0.000000;0.000000;0.000000;0.000000;0.000000;0.000000;0.000000
0.000000;0.000000;0.000000;0.000000;0.000000;0.000000;0.000000;0.000000
0.000000;0.000000;0.000000;0.000000;0.000000;0.000000;0.000000;0.000000
0.000000;0.000000;0.000000;0.000000;0.000000;0.000000;0.000000;0.000000
0.000000;0.000000;0.000000;0.000000;0.000000;0.000000;0.000000;0.000000
0.000000;0.000000;0.000000;0.000000;0.000000;0.000000;0.000000;0.000000
0.000000;0.000000;0.000000;0.000000;0.000000;0.000000;0.000000;0.000000
0.000000;0.000000;0.000000;0.000000;0.000000;0.000000;0.000000;0.000000
0.000000;0.000000;0.000000;0.000000;0.000000;0.000000;0.000000;0.000000
0.000000;0.000000;0.000000;0.000000;0.000000;0.000000;0.000000;0.000000
0.000000;0.000000;0.000000;0.000000;0.000000;0.000000;0.000000;0.000000
0.000000;0.000000;0.000000;0.000000;0.000000;0.000000;0.000000;0.000000
0.000000;0.000000;0.000000;0.000000;0.000000;0.000000;0.000000;0.000000
0.000000;0.000000;0.000000;0.000000;0.000000;0.000000;0.000000;0.000000
0.000000;0.000000;0.000000;0.000000;0.000000;0.000000;0.000000;0.000000
0.000000;0.000000;0.000000;0.000000;0.000000;0.000000;0.000000;0.000000
0.000000;0.000000;0.000000;0.000000;0.000000;0.000000;0.000000;0.000000
0.000000;0.000000;0.000000;0.000000;0.000000;0.000000;0.000000;0.000000
0.000000;0.000000;0.000000;0.000000;0.000000;0.000000;0.000000;0.000000
0.000000;0.000000;0.000000;0.000000;0.000000;0.000000;0.000000;0.000000
0.000000;0.000000;0.000000;0.000000;0.000000;0.000000;0.000000;0.000000
0.000000;0.000000;0.000000;0.000000;0.000000;0.000000;0.000000;0.000000
0.000000;0.000000;0.000000;0.000000;0.000000;0.000000;0.000000;0.000000
0.000000;0.000000;0.000000;0.000000;0.000000;0.000000;0.000000;0.000000
0.000000;0.000000;0.000000;0.000000;0.000000;0.000000;0.000000;0.000000
0.000000;0.000000;0.000000;0.000000;0.000000;0.000000;0.000000;0.000000
0.000000;0.000000;0.000000;0.000000;0.000000;0.000000;0.000000;0.000000
0.000000;0.000000;0.000000;0.000000;0.000000;0.000000;0.000000;0.000000
0.000000;0.000000;0.000000;0.000000;0.000000;0.000000;0.000000;0.000000
0.000000;0.000000;0.000000;0.000000;0.000000;0.000000;0.000000;0.000000
0.000000;0.000000;0.000000;0.000000;0.000000;0.000000;0.000000;0.000000
0.000000;0.000000;0.000000;0.000000;0.000000;0.000000;0.000000;0.000000
0.000000;0.000000;0.000000;0.000000;0.000000;0.000000;0.000000;0.000000
0.000000;0.000000;0.000000;0.000000;0.000000;0.000000;0.000000;0.000000
0.000000;0.000000;0.000000;0.000000;0.000000;0.000000;0.000000;0.000000
0.000000;0.000000;0.000000;0.000000;0.000000;0.000000;0.000000;0.000000
0.000000;0.000000;0.000000;0.000000;0.000000;0.000000;0.000000;0.000000
0.000000;0.000000;0.000000;0.000000;0.000000;0.000000;0.000000;0.000000
0.000000;0.000000;0.000000;0.000000;0.000000;0.000000;0.000000;0.000000
0.000000;0.000000;0.000000;0.000000;0.000000;0.000000;0.000000;0.000000
0.000000;0.000000;0.000000;0.000000;0.000000;0.000000;0.000000;0.000000
0.000000;0.000000;0.000000;0.000000;0.000000;0.000000;0.000000;0.000000
0.000000;0.000000;0.000000;0.000000;0.000000;0.000000;0.000000;0.000000
0.000000;0.000000;0.000000;0.000000;0.000000;0.000000;0.000000;0.000000
0.000000;0.000000;0.000000;0.000000;0.000000;0.000000;0.000000;0.000000
0.000000;0.000000;0.000000;0.000000;0.000000;0.000000;0.000000;0.000000
0.000000;0.000000;0.000000;0.000000;0.000000;0.000000;0.000000;0.000000
0.000000;0.000000;0.000000;0.000000;0.000000;0.000000;0.000000;0.000000
0.000000;0.000000;0.000000;0.000000;0.000000;0.000000;0.000000;0.000000
0.000000;0.000000;0.000000;0.000000;0.000000;0.000000;0.000000;0.000000
0.000000;0.000000;0.000000;0.000000;0.000000;0.000000;0.000000;0.000000
0.000000;0.000000;0.000000;0.000000;0.000000;0.000000;0.000000;0.000000
0.000000;0.000000;0.000000;0.000000;0.000000;0.000000;0.000000;0.000000
0.000000;0.000000;0.000000;0.000000;0.000000;0.000000;0.000000;0.000000
0.000000;0.000000;0.000000;0.000000;0.000000;0.000000;0.000000;0.000000
0.000000;0.000000;0.000000;0.000000;0.000000;0.000000;0.000000;0.000000
0.000000;0.000000;0.000000;0.000000;0.000000;0.000000;0.000000;0.000000
0.000000;0.000000;0.000000;0.000000;0.000000;0.000000;0.000000;0.000000
0.000000;0.000000;0.000000;0.000000;0.000000;0.000000;0.000000;0.000000
0.000000;0.000000;0.000000;0.000000;0.000000;0.000000;0.000000;0.000000
0.000000;0.000000;0.000000;0.000000;0.000000;0.000000;0.000000;0.000000
0.000000;0.000000;0.000000;0.000000;0.000000;0.000000;0.000000;0.000000
0.000000;0.000000;0.000000;0.000000;0.000000;0.000000;0.000000;0.000000
0.000000;0.000000;0.000000;0.000000;0.000000;0.000000;0.000000;0.000000
0.000000;0.000000;0.000000;0.000000;0.000000;0.000000;0.000000;0.000000
0.000000;0.000000;0.000000;0.000000;0.000000;0.000000;0.000000;0.000000
0.000000;0.000000;0.000000;0.000000;0.000000;0.000000;0.000000;0.000000
0.000000;0.000000;0.000000;0.000000;0.000000;0.000000;0.000000;0.000000
0.000000;0.000000;0.000000;0.000000;0.000000;0.000000;0.000000;0.000000
0.000000;0.000000;0.000000;0.000000;0.000000;0.000000;0.000000;0.000000
0.000000;0.000000;0.000000;0.000000;0.000000;0.000000;0.000000;0.000000
0.000000;0.000000;0.000000;0.000000;0.000000;0.000000;0.000000;0.000000
0.000000;0.000000;0.000000;0.000000;0.000000;0.000000;0.000000;0.000000
0.000000;0.000000;0.000000;0.000000;0.000000;0.000000;0.000000;0.000000
0.000000;0.000000;0.000000;0.000000;0.000000;0.000000;0.000000;0.000000
0.000000;0.000000;0.000000;0.000000;0.000000;0.000000;0.000000;0.000000
0.000000;0.000000;0.000000;0.000000;0.000000;0.000000;0.000000;0.000000
0.000000;0.000000;0.000000;0.000000;0.000000;0.000000;0.000000;0.000000
0.000000;0.000000;0.000000;0.000000;0.000000;0.000000;0.000000;0.000000
0.000000;0.000000;0.000000;0.000000;0.000000;0.000000;0.000000;0.000000
0.000000;0.000000;0.000000;0.000000;0.000000;0.000000;0.000000;0.000000
0.000000;0.000000;0.000000;0.000000;0.000000;0.000000;0.000000;0.000000
0.000000;0.000000;0.000000;0.000000;0.000000;0.000000;0.000000;0.000000
0.000000;0.000000;0.000000;0.000000;0.000000;0.000000;0.000000;0.000000
0.000000;0.000000;0.000000;0.000000;0.000000;0.000000;0.000000;0.000000
0.000000;0.000000;0.000000;0.000000;0.000000;0.000000;0.000000;0.000000
0.000000;0.000000;0.000000;0.000000;0.000000;0.000000;0.000000;0.000000
0.000000;0.000000;0.000000;0.000000;0.000000;0.000000;0.000000;0.000000
0.000000;0.000000;0.000000;0.000000;0.000000;0.000000;0.000000;0.000000
0.000000;0.000000;0.000000;0.000000;0.000000;0.000000;0.000000;0.000000
0.000000;0.000000;0.000000;0.000000;0.000000;0.000000;0.000000;0.000000
0.000000;0.000000;0.000000;0.000000;0.000000;0.000000;0.000000;0.000000
0.000000;0.000000;0.000000;0.000000;0.000000;0.000000;0.000000;0.000000
0.000000;0.000000;0.000000;0.000000;0.000000;0.000000;0.000000;0.000000
0.000000;0.000000;0.000000;0.000000;0.000000;0.000000;0.000000;0.000000
0.000000;0.000000;0.000000;0.000000;0.000000;0.000000;0.000000;0.000000
0.000000;0.000000;0.000000;0.000000;0.000000;0.000000;0.000000;0.000000
0.000000;0.000000;0.000000;0.000000;0.000000;0.000000;0.000000;0.000000
0.000000;0.000000;0.000000;0.000000;0.000000;0.000000;0.000000;0.000000
0.000000;0.000000;0.000000;0.000000;0.000000;0.000000;0.000000;0.000000
0.000000;0.000000;0.000000;0.000000;0.000000;0.000000;0.000000;0.000000
0.000000;0.000000;0.000000;0.000000;0.000000;0.000000;0.000000;0.000000
0.000000;0.000000;0.000000;0.000000;0.000000;0.000000;0.000000;0.000000
0.000000;0.000000;0.000000;0.000000;0.000000;0.000000;0.000000;0.000000
0.000000;0.000000;0.000000;0.000000;0.000000;0.000000;0.000000;0.000000
0.000000;0.000000;0.000000;0.000000;0.000000;0.000000;0.000000;0.000000
0.000000;0.000000;0.000000;0.000000;0.000000;0.000000;0.000000;0.000000
0.000000;0.000000;0.000000;0.000000;0.000000;0.000000;0.000000;0.000000
0.000000;0.000000;0.000000;0.000000;0.000000;0.000000;0.000000;0.000000
0.000000;0.000000;0.000000;0.000000;0.000000;0.000000;0.000000;0.000000
0.000000;0.000000;0.000000;0.000000;0.000000;0.000000;0.000000;0.000000
0.000000;0.000000;0.000000;0.000000;0.000000;0.000000;0.000000;0.000000
0.000000;0.000000;0.000000;0.000000;0.000000;0.000000;0.000000;0.000000
0.000000;0.000000;0.000000;0.000000;0.000000;0.000000;0.000000;0.000000
0.000000;0.000000;0.000000;0.000000;0.000000;0.000000;0.000000;0.000000
0.000000;0.000000;0.000000;0.000000;0.000000;0.000000;0.000000;0.000000
0.000000;0.000000;0.000000;0.000000;0.000000;0.000000;0.000000;0.000000
0.000000;0.000000;0.000000;0.000000;0.000000;0.000000;0.000000;0.000000
0.000000;0.000000;0.000000;0.000000;0.000000;0.000000;0.000000;0.000000
0.000000;0.000000;0.000000;0.000000;0.000000;0.000000;0.000000;0.000000
0.000000;0.000000;0.000000;0.000000;0.000000;0.000000;0.000000;0.000000
0.000000;0.000000;0.000000;0.000000;0.000000;0.000000;0.000000;0.000000
0.000000;0.000000;0.000000;0.000000;0.000000;0.000000;0.000000;0.000000
0.000000;0.000000;0.000000;0.000000;0.000000;0.000000;0.000000;0.000000
0.000000;0.000000;0.000000;0.000000;0.000000;0.000000;0.000000;0.000000
0.000000;0.000000;0.000000;0.000000;0.000000;0.000000;0.000000;0.000000
0.000000;0.000000;0.000000;0.000000;0.000000;0.000000;0.000000;0.000000
0.000000;0.000000;0.000000;0.000000;0.000000;0.000000;0.000000;0.000000
0.000000;0.000000;0.000000;0.000000;0.000000;0.000000;0.000000;0.000000
0.000000;0.000000;0.000000;0.000000;0.000000;0.000000;0.000000;0.000000
0.000000;0.000000;0.000000;0.000000;0.000000;0.000000;0.000000;0.000000
0.000000;0.000000;0.000000;0.000000;0.000000;0.000000;0.000000;0.000000
0.000000;0.000000;0.000000;0.000000;0.000000;0.000000;0.000000;0.000000
0.000000;0.000000;0.000000;0.000000;0.000000;0.000000;0.000000;0.000000
0.000000;0.000000;0.000000;0.000000;0.000000;0.000000;0.000000;0.000000
0.000000;0.000000;0.000000;0.000000;0.000000;0.000000;0.000000;0.000000
0.000000;0.000000;0.000000;0.000000;0.000000;0.000000;0.000000;0.000000
0.000000;0.000000;0.000000;0.000000;0.000000;0.000000;0.000000;0.000000
0.000000;0.000000;0.000000;0.000000;0.000000;0.000000;0.000000;0.000000
0.000000;0.000000;0.000000;0.000000;0.000000;0.000000;0.000000;0.000000
0.000000;0.000000;0.000000;0.000000;0.000000;0.000000;0.000000;0.000000
0.000000;0.000000;0.000000;0.000000;0.000000;0.000000;0.000000;0.000000
0.000000;0.000000;0.000000;0.000000;0.000000;0.000000;0.000000;0.000000
0.000000;0.000000;0.000000;0.000000;0.000000;0.000000;0.000000;0.000000
0.000000;0.000000;0.000000;0.000000;0.000000;0.000000;0.000000;0.000000
0.000000;0.000000;0.000000;0.000000;0.000000;0.000000;0.000000;0.000000
0.000000;0.000000;0.000000;0.000000;0.000000;0.000000;0.000000;0.000000
0.000000;0.000000;0.000000;0.000000;0.000000;0.000000;0.000000;0.000000
0.000000;0.000000;0.000000;0.000000;0.000000;0.000000;0.000000;0.000000
0.000000;0.000000;0.000000;0.000000;0.000000;0.000000;0.000000;0.000000
0.000000;0.000000;0.000000;0.000000;0.000000;0.000000;0.000000;0.000000
0.000000;0.000000;0.000000;0.000000;0.000000;0.000000;0.000000;0.000000
0.000000;0.000000;0.000000;0.000000;0.000000;0.000000;0.000000;0.000000
0.000000;0.000000;0.000000;0.000000;0.000000;0.000000;0.000000;0.000000
0.000000;0.000000;0.000000;0.000000;0.000000;0.000000;0.000000;0.000000
0.000000;0.000000;0.000000;0.000000;0.000000;0.000000;0.000000;0.000000
0.000000;0.000000;0.000000;0.000000;0.000000;0.000000;0.000000;0.000000
0.000000;0.000000;0.000000;0.000000;0.000000;0.000000;0.000000;0.000000
0.000000;0.000000;0.000000;0.000000;0.000000;0.000000;0.000000;0.000000
0.000000;0.000000;0.000000;0.000000;0.000000;0.000000;0.000000;0.000000
0.000000;0.000000;0.000000;0.000000;0.000000;0.000000;0.000000;0.000000
0.000000;0.000000;0.000000;0.000000;0.000000;0.000000;0.000000;0.000000
0.000000;0.000000;0.000000;0.000000;0.000000;0.000000;0.000000;0.000000
0.000000;0.000000;0.000000;0.000000;0.000000;0.000000;0.000000;0.000000
0.000000;0.000000;0.000000;0.000000;0.000000;0.000000;0.000000;0.000000
0.000000;0.000000;0.000000;0.000000;0.000000;0.000000;0.000000;0.000000
0.000000;0.000000;0.000000;0.000000;0.000000;0.000000;0.000000;0.000000
0.000000;0.000000;0.000000;0.000000;0.000000;0.000000;0.000000;0.000000
0.000000;0.000000;0.000000;0.000000;0.000000;0.000000;0.000000;0.000000
0.000000;0.000000;0.000000;0.000000;0.000000;0.000000;0.000000;0.000000
0.000000;0.000000;0.000000;0.000000;0.000000;0.000000;0.000000;0.000000
0.000000;0.000000;0.000000;0.000000;0.000000;0.000000;0.000000;0.000000
0.000000;0.000000;0.000000;0.000000;0.000000;0.000000;0.000000;0.000000
0.000000;0.000000;0.000000;0.000000;0.000000;0.000000;0.000000;0.000000
0.000000;0.000000;0.000000;0.000000;0.000000;0.000000;0.000000;0.000000
0.000000;0.000000;0.000000;0.000000;0.000000;0.000000;0.000000;0.000000
0.000000;0.000000;0.000000;0.000000;0.000000;0.000000;0.000000;0.000000
0.000000;0.000000;0.000000;0.000000;0.000000;0.000000;0.000000;0.000000
0.000000;0.000000;0.000000;0.000000;0.000000;0.000000;0.000000;0.000000
0.000000;0.000000;0.000000;0.000000;0.000000;0.000000;0.000000;0.000000
0.000000;0.000000;0.000000;0.000000;0.000000;0.000000;0.000000;0.000000
0.000000;0.000000;0.000000;0.000000;0.000000;0.000000;0.000000;0.000000
0.000000;0.000000;0.000000;0.000000;0.000000;0.000000;0.000000;0.000000
0.000000;0.000000;0.000000;0.000000;0.000000;0.000000;0.000000;0.000000
0.000000;0.000000;0.000000;0.000000;0.000000;0.000000;0.000000;0.000000
0.000000;0.000000;0.000000;0.000000;0.000000;0.000000;0.000000;0.000000
0.000000;0.000000;0.000000;0.000000;0.000000;0.000000;0.000000;0.000000
0.000000;0.000000;0.000000;0.000000;0.000000;0.000000;0.000000;0.000000
0.000000;0.000000;0.000000;0.000000;0.000000;0.000000;0.000000;0.000000
0.000000;0.000000;0.000000;0.000000;0.000000;0.000000;0.000000;0.000000
0.000000;0.000000;0.000000;0.000000;0.000000;0.000000;0.000000;0.000000
0.000000;0.000000;0.000000;0.000000;0.000000;0.000000;0.000000;0.000000
0.000000;0.000000;0.000000;0.000000;0.000000;0.000000;0.000000;0.000000
0.000000;0.000000;0.000000;0.000000;0.000000;0.000000;0.000000;0.000000
0.000000;0.000000;0.000000;0.000000;0.000000;0.000000;0.000000;0.000000
0.000000;0.000000;0.000000;0.000000;0.000000;0.000000;0.000000;0.000000
0.000000;0.000000;0.000000;0.000000;0.000000;0.000000;0.000000;0.000000
0.000000;0.000000;0.000000;0.000000;0.000000;0.000000;0.000000;0.000000
0.000000;0.000000;0.000000;0.000000;0.000000;0.000000;0.000000;0.000000
0.000000;0.000000;0.000000;0.000000;0.000000;0.000000;0.000000;0.000000
0.000000;0.000000;0.000000;0.000000;0.000000;0.000000;0.000000;0.000000
0.000000;0.000000;0.000000;0.000000;0.000000;0.000000;0.000000;0.000000
0.000000;0.000000;0.000000;0.000000;0.000000;0.000000;0.000000;0.000000
0.000000;0.000000;0.000000;0.000000;0.000000;0.000000;0.000000;0.000000
0.000000;0.000000;0.000000;0.000000;0.000000;0.000000;0.000000;0.000000
0.000000;0.000000;0.000000;0.000000;0.000000;0.000000;0.000000;0.000000
0.000000;0.000000;0.000000;0.000000;0.000000;0.000000;0.000000;0.000000
0.000000;0.000000;0.000000;0.000000;0.000000;0.000000;0.000000;0.000000
0.000000;0.000000;0.000000;0.000000;0.000000;0.000000;0.000000;0.000000
0.000000;0.000000;0.000000;0.000000;0.000000;0.000000;0.000000;0.000000
0.000000;0.000000;0.000000;0.000000;0.000000;0.000000;0.000000;0.000000
0.000000;0.000000;0.000000;0.000000;0.000000;0.000000;0.000000;0.000000
0.000000;0.000000;0.000000;0.000000;0.000000;0.000000;0.000000;0.000000
0.000000;0.000000;0.000000;0.000000;0.000000;0.000000;0.000000;0.000000
0.000000;0.000000;0.000000;0.000000;0.000000;0.000000;0.000000;0.000000
0.000000;0.000000;0.000000;0.000000;0.000000;0.000000;0.000000;0.000000
0.000000;0.000000;0.000000;0.000000;0.000000;0.000000;0.000000;0.000000
0.000000;0.000000;0.000000;0.000000;0.000000;0.000000;0.000000;0.000000
0.000000;0.000000;0.000000;0.000000;0.000000;0.000000;0.000000;0.000000
0.000000;0.000000;0.000000;0.000000;0.000000;0.000000;0.000000;0.000000
0.000000;0.000000;0.000000;0.000000;0.000000;0.000000;0.000000;0.000000
0.000000;0.000000;0.000000;0.000000;0.000000;0.000000;0.000000;0.000000
0.000000;0.000000;0.000000;0.000000;0.000000;0.000000;0.000000;0.000000
0.000000;0.000000;0.000000;0.000000;0.000000;0.000000;0.000000;0.000000
0.000000;0.000000;0.000000;0.000000;0.000000;0.000000;0.000000;0.000000
0.000000;0.000000;0.000000;0.000000;0.000000;0.000000;0.000000;0.000000
0.000000;0.000000;0.000000;0.000000;0.000000;0.000000;0.000000;0.000000
0.000000;0.000000;0.000000;0.000000;0.000000;0.000000;0.000000;0.000000
0.000000;0.000000;0.000000;0.000000;0.000000;0.000000;0.000000;0.000000
0.000000;0.000000;0.000000;0.000000;0.000000;0.000000;0.000000;0.000000
0.000000;0.000000;0.000000;0.000000;0.000000;0.000000;0.000000;0.000000
0.000000;0.000000;0.000000;0.000000;0.000000;0.000000;0.000000;0.000000
0.000000;0.000000;0.000000;0.000000;0.000000;0.000000;0.000000;0.000000
0.000000;0.000000;0.000000;0.000000;0.000000;0.000000;0.000000;0.000000
0.000000;0.000000;0.000000;0.000000;0.000000;0.000000;0.000000;0.000000
0.000000;0.000000;0.000000;0.000000;0.000000;0.000000;0.000000;0.000000
0.000000;0.000000;0.000000;0.000000;0.000000;0.000000;0.000000;0.000000
0.000000;0.000000;0.000000;0.000000;0.000000;0.000000;0.000000;0.000000
0.000000;0.000000;0.000000;0.000000;0.000000;0.000000;0.000000;0.000000
0.000000;0.000000;0.000000;0.000000;0.000000;0.000000;0.000000;0.000000
0.000000;0.000000;0.000000;0.000000;0.000000;0.000000;0.000000;0.000000
0.000000;0.000000;0.000000;0.000000;0.000000;0.000000;0.000000;0.000000
0.000000;0.000000;0.000000;0.000000;0.000000;0.000000;0.000000;0.000000
0.000000;0.000000;0.000000;0.000000;0.000000;0.000000;0.000000;0.000000
0.000000;0.000000;0.000000;0.000000;0.000000;0.000000;0.000000;0.000000
0.000000;0.000000;0.000000;0.000000;0.000000;0.000000;0.000000;0.000000
0.000000;0.000000;0.000000;0.000000;0.000000;0.000000;0.000000;0.000000
0.000000;0.000000;0.000000;0.000000;0.000000;0.000000;0.000000;0.000000
0.000000;0.000000;0.000000;0.000000;0.000000;0.000000;0.000000;0.000000
0.000000;0.000000;0.000000;0.000000;0.000000;0.000000;0.000000;0.000000
0.000000;0.000000;0.000000;0.000000;0.000000;0.000000;0.000000;0.000000
0.000000;0.000000;0.000000;0.000000;0.000000;0.000000;0.000000;0.000000
0.000000;0.000000;0.000000;0.000000;0.000000;0.000000;0.000000;0.000000
0.000000;0.000000;0.000000;0.000000;0.000000;0.000000;0.000000;0.000000
0.000000;0.000000;0.000000;0.000000;0.000000;0.000000;0.000000;0.000000
0.000000;0.000000;0.000000;0.000000;0.000000;0.000000;0.000000;0.000000
0.000000;0.000000;0.000000;0.000000;0.000000;0.000000;0.000000;0.000000
0.000000;0.000000;0.000000;0.000000;0.000000;0.000000;0.000000;0.000000
0.000000;0.000000;0.000000;0.000000;0.000000;0.000000;0.000000;0.000000
0.000000;0.000000;0.000000;0.000000;0.000000;0.000000;0.000000;0.000000
0.000000;0.000000;0.000000;0.000000;0.000000;0.000000;0.000000;0.000000
0.000000;0.000000;0.000000;0.000000;0.000000;0.000000;0.000000;0.000000
0.000000;0.000000;0.000000;0.000000;0.000000;0.000000;0.000000;0.000000
0.000000;0.000000;0.000000;0.000000;0.000000;0.000000;0.000000;0.000000
0.000000;0.000000;0.000000;0.000000;0.000000;0.000000;0.000000;0.000000
0.000000;0.000000;0.000000;0.000000;0.000000;0.000000;0.000000;0.000000
0.000000;0.000000;0.000000;0.000000;0.000000;0.000000;0.000000;0.000000
0.000000;0.000000;0.000000;0.000000;0.000000;0.000000;0.000000;0.000000
0.000000;0.000000;0.000000;0.000000;0.000000;0.000000;0.000000;0.000000
0.000000;0.000000;0.000000;0.000000;0.000000;0.000000;0.000000;0.000000
0.000000;0.000000;0.000000;0.000000;0.000000;0.000000;0.000000;0.000000
0.000000;0.000000;0.000000;0.000000;0.000000;0.000000;0.000000;0.000000
0.000000;0.000000;0.000000;0.000000;0.000000;0.000000;0.000000;0.000000
0.000000;0.000000;0.000000;0.000000;0.000000;0.000000;0.000000;0.000000
0.000000;0.000000;0.000000;0.000000;0.000000;0.000000;0.000000;0.000000
0.000000;0.000000;0.000000;0.000000;0.000000;0.000000;0.000000;0.000000
0.000000;0.000000;0.000000;0.000000;0.000000;0.000000;0.000000;0.000000
0.000000;0.000000;0.000000;0.000000;0.000000;0.000000;0.000000;0.000000
0.000000;0.000000;0.000000;0.000000;0.000000;0.000000;0.000000;0.000000
0.000000;0.000000;0.000000;0.000000;0.000000;0.000000;0.000000;0.000000
0.000000;0.000000;0.000000;0.000000;0.000000;0.000000;0.000000;0.000000
0.000000;0.000000;0.000000;0.000000;0.000000;0.000000;0.000000;0.000000
0.000000;0.000000;0.000000;0.000000;0.000000;0.000000;0.000000;0.000000
0.000000;0.000000;0.000000;0.000000;0.000000;0.000000;0.000000;0.000000
0.000000;0.000000;0.000000;0.000000;0.000000;0.000000;0.000000;0.000000
0.000000;0.000000;0.000000;0.000000;0.000000;0.000000;0.000000;0.000000
0.000000;0.000000;0.000000;0.000000;0.000000;0.000000;0.000000;0.000000
0.000000;0.000000;0.000000;0.000000;0.000000;0.000000;0.000000;0.000000
0.000000;0.000000;0.000000;0.000000;0.000000;0.000000;0.000000;0.000000
0.000000;0.000000;0.000000;0.000000;0.000000;0.000000;0.000000;0.000000
0.000000;0.000000;0.000000;0.000000;0.000000;0.000000;0.000000;0.000000
0.000000;0.000000;0.000000;0.000000;0.000000;0.000000;0.000000;0.000000
0.000000;0.000000;0.000000;0.000000;0.000000;0.000000;0.000000;0.000000
0.000000;0.000000;0.000000;0.000000;0.000000;0.000000;0.000000;0.000000
0.000000;0.000000;0.000000;0.000000;0.000000;0.000000;0.000000;0.000000
0.000000;0.000000;0.000000;0.000000;0.000000;0.000000;0.000000;0.000000
0.000000;0.000000;0.000000;0.000000;0.000000;0.000000;0.000000;0.000000
0.000000;0.000000;0.000000;0.000000;0.000000;0.000000;0.000000;0.000000
0.000000;0.000000;0.000000;0.000000;0.000000;0.000000;0.000000;0.000000
0.000000;0.000000;0.000000;0.000000;0.000000;0.000000;0.000000;0.000000
0.000000;0.000000;0.000000;0.000000;0.000000;0.000000;0.000000;0.000000
0.000000;0.000000;0.000000;0.000000;0.000000;0.000000;0.000000;0.000000
0.000000;0.000000;0.000000;0.000000;0.000000;0.000000;0.000000;0.000000
0.000000;0.000000;0.000000;0.000000;0.000000;0.000000;0.000000;0.000000
0.000000;0.000000;0.000000;0.000000;0.000000;0.000000;0.000000;0.000000
0.000000;0.000000;0.000000;0.000000;0.000000;0.000000;0.000000;0.000000
0.000000;0.000000;0.000000;0.000000;0.000000;0.000000;0.000000;0.000000
0.000000;0.000000;0.000000;0.000000;0.000000;0.000000;0.000000;0.000000
0.000000;0.000000;0.000000;0.000000;0.000000;0.000000;0.000000;0.000000
0.000000;0.000000;0.000000;0.000000;0.000000;0.000000;0.000000;0.000000
0.000000;0.000000;0.000000;0.000000;0.000000;0.000000;0.000000;0.000000
0.000000;0.000000;0.000000;0.000000;0.000000;0.000000;0.000000;0.000000
0.000000;0.000000;0.000000;0.000000;0.000000;0.000000;0.000000;0.000000
0.000000;0.000000;0.000000;0.000000;0.000000;0.000000;0.000000;0.000000
0.000000;0.000000;0.000000;0.000000;0.000000;0.000000;0.000000;0.000000
0.000000;0.000000;0.000000;0.000000;0.000000;0.000000;0.000000;0.000000
0.000000;0.000000;0.000000;0.000000;0.000000;0.000000;0.000000;0.000000
0.000000;0.000000;0.000000;0.000000;0.000000;0.000000;0.000000;0.000000
0.000000;0.000000;0.000000;0.000000;0.000000;0.000000;0.000000;0.000000
0.000000;0.000000;0.000000;0.000000;0.000000;0.000000;0.000000;0.000000
0.000000;0.000000;0.000000;0.000000;0.000000;0.000000;0.000000;0.000000
0.000000;0.000000;0.000000;0.000000;0.000000;0.000000;0.000000;0.000000
0.000000;0.000000;0.000000;0.000000;0.000000;0.000000;0.000000;0.000000
0.000000;0.000000;0.000000;0.000000;0.000000;0.000000;0.000000;0.000000
0.000000;0.000000;0.000000;0.000000;0.000000;0.000000;0.000000;0.000000
0.000000;0.000000;0.000000;0.000000;0.000000;0.000000;0.000000;0.000000
0.000000;0.000000;0.000000;0.000000;0.000000;0.000000;0.000000;0.000000
0.000000;0.000000;0.000000;0.000000;0.000000;0.000000;0.000000;0.000000
0.000000;0.000000;0.000000;0.000000;0.000000;0.000000;0.000000;0.000000
0.000000;0.000000;0.000000;0.000000;0.000000;0.000000;0.000000;0.000000
0.000000;0.000000;0.000000;0.000000;0.000000;0.000000;0.000000;0.000000
0.000000;0.000000;0.000000;0.000000;0.000000;0.000000;0.000000;0.000000
0.000000;0.000000;0.000000;0.000000;0.000000;0.000000;0.000000;0.000000
0.000000;0.000000;0.000000;0.000000;0.000000;0.000000;0.000000;0.000000
0.000000;0.000000;0.000000;0.000000;0.000000;0.000000;0.000000;0.000000
0.000000;0.000000;0.000000;0.000000;0.000000;0.000000;0.000000;0.000000
0.000000;0.000000;0.000000;0.000000;0.000000;0.000000;0.000000;0.000000
0.000000;0.000000;0.000000;0.000000;0.000000;0.000000;0.000000;0.000000
0.000000;0.000000;0.000000;0.000000;0.000000;0.000000;0.000000;0.000000
0.000000;0.000000;0.000000;0.000000;0.000000;0.000000;0.000000;0.000000
0.000000;0.000000;0.000000;0.000000;0.000000;0.000000;0.000000;0.000000
0.000000;0.000000;0.000000;0.000000;0.000000;0.000000;0.000000;0.000000
0.000000;0.000000;0.000000;0.000000;0.000000;0.000000;0.000000;0.000000
0.000000;0.000000;0.000000;0.000000;0.000000;0.000000;0.000000;0.000000
0.000000;0.000000;0.000000;0.000000;0.000000;0.000000;0.000000;0.000000
0.000000;0.000000;0.000000;0.000000;0.000000;0.000000;0.000000;0.000000
0.000000;0.000000;0.000000;0.000000;0.000000;0.000000;0.000000;0.000000
0.000000;0.000000;0.000000;0.000000;0.000000;0.000000;0.000000;0.000000
0.000000;0.000000;0.000000;0.000000;0.000000;0.000000;0.000000;0.000000
0.000000;0.000000;0.000000;0.000000;0.000000;0.000000;0.000000;0.000000
0.000000;0.000000;0.000000;0.000000;0.000000;0.000000;0.000000;0.000000
0.000000;0.000000;0.000000;0.000000;0.000000;0.000000;0.000000;0.000000
0.000000;0.000000;0.000000;0.000000;0.000000;0.000000;0.000000;0.000000
0.000000;0.000000;0.000000;0.000000;0.000000;0.000000;0.000000;0.000000
0.000000;0.000000;0.000000;0.000000;0.000000;0.000000;0.000000;0.000000
0.000000;0.000000;0.000000;0.000000;0.000000;0.000000;0.000000;0.000000
0.000000;0.000000;0.000000;0.000000;0.000000;0.000000;0.000000;0.000000
0.000000;0.000000;0.000000;0.000000;0.000000;0.000000;0.000000;0.000000
0.000000;0.000000;0.000000;0.000000;0.000000;0.000000;0.000000;0.000000
0.000000;0.000000;0.000000;0.000000;0.000000;0.000000;0.000000;0.000000
0.000000;0.000000;0.000000;0.000000;0.000000;0.000000;0.000000;0.000000
0.000000;0.000000;0.000000;0.000000;0.000000;0.000000;0.000000;0.000000
0.000000;0.000000;0.000000;0.000000;0.000000;0.000000;0.000000;0.000000
0.000000;0.000000;0.000000;0.000000;0.000000;0.000000;0.000000;0.000000
0.000000;0.000000;0.000000;0.000000;0.000000;0.000000;0.000000;0.000000
0.000000;0.000000;0.000000;0.000000;0.000000;0.000000;0.000000;0.000000
0.000000;0.000000;0.000000;0.000000;0.000000;0.000000;0.000000;0.000000
0.000000;0.000000;0.000000;0.000000;0.000000;0.000000;0.000000;0.000000
0.000000;0.000000;0.000000;0.000000;0.000000;0.000000;0.000000;0.000000
0.000000;0.000000;0.000000;0.000000;0.000000;0.000000;0.000000;0.000000
0.000000;0.000000;0.000000;0.000000;0.000000;0.000000;0.000000;0.000000
0.000000;0.000000;0.000000;0.000000;0.000000;0.000000;0.000000;0.000000
0.000000;0.000000;0.000000;0.000000;0.000000;0.000000;0.000000;0.000000
0.000000;0.000000;0.000000;0.000000;0.000000;0.000000;0.000000;0.000000
0.000000;0.000000;0.000000;0.000000;0.000000;0.000000;0.000000;0.000000
0.000000;0.000000;0.000000;0.000000;0.000000;0.000000;0.000000;0.000000
0.000000;0.000000;0.000000;0.000000;0.000000;0.000000;0.000000;0.000000
0.000000;0.000000;0.000000;0.000000;0.000000;0.000000;0.000000;0.000000
0.000000;0.000000;0.000000;0.000000;0.000000;0.000000;0.000000;0.000000
0.000000;0.000000;0.000000;0.000000;0.000000;0.000000;0.000000;0.000000
0.000000;0.000000;0.000000;0.000000;0.000000;0.000000;0.000000;0.000000
0.000000;0.000000;0.000000;0.000000;0.000000;0.000000;0.000000;0.000000
0.000000;0.000000;0.000000;0.000000;0.000000;0.000000;0.000000;0.000000
0.000000;0.000000;0.000000;0.000000;0.000000;0.000000;0.000000;0.000000
0.000000;0.000000;0.000000;0.000000;0.000000;0.000000;0.000000;0.000000
0.000000;0.000000;0.000000;0.000000;0.000000;0.000000;0.000000;0.000000
0.000000;0.000000;0.000000;0.000000;0.000000;0.000000;0.000000;0.000000
0.000000;0.000000;0.000000;0.000000;0.000000;0.000000;0.000000;0.000000
0.000000;0.000000;0.000000;0.000000;0.000000;0.000000;0.000000;0.000000
0.000000;0.000000;0.000000;0.000000;0.000000;0.000000;0.000000;0.000000
0.000000;0.000000;0.000000;0.000000;0.000000;0.000000;0.000000;0.000000
0.000000;0.000000;0.000000;0.000000;0.000000;0.000000;0.000000;0.000000
0.000000;0.000000;0.000000;0.000000;0.000000;0.000000;0.000000;0.000000
0.000000;0.000000;0.000000;0.000000;0.000000;0.000000;0.000000;0.000000
0.000000;0.000000;0.000000;0.000000;0.000000;0.000000;0.000000;0.000000
0.000000;0.000000;0.000000;0.000000;0.000000;0.000000;0.000000;0.000000
0.000000;0.000000;0.000000;0.000000;0.000000;0.000000;0.000000;0.000000
0.000000;0.000000;0.000000;0.000000;0.000000;0.000000;0.000000;0.000000
0.000000;0.000000;0.000000;0.000000;0.000000;0.000000;0.000000;0.000000
0.000000;0.000000;0.000000;0.000000;0.000000;0.000000;0.000000;0.000000
0.000000;0.000000;0.000000;0.000000;0.000000;0.000000;0.000000;0.000000
0.000000;0.000000;0.000000;0.000000;0.000000;0.000000;0.000000;0.000000
0.000000;0.000000;0.000000;0.000000;0.000000;0.000000;0.000000;0.000000
0.000000;0.000000;0.000000;0.000000;0.000000;0.000000;0.000000;0.000000
0.000000;0.000000;0.000000;0.000000;0.000000;0.000000;0.000000;0.000000
0.000000;0.000000;0.000000;0.000000;0.000000;0.000000;0.000000;0.000000
0.000000;0.000000;0.000000;0.000000;0.000000;0.000000;0.000000;0.000000
0.000000;0.000000;0.000000;0.000000;0.000000;0.000000;0.000000;0.000000
0.000000;0.000000;0.000000;0.000000;0.000000;0.000000;0.000000;0.000000
0.000000;0.000000;0.000000;0.000000;0.000000;0.000000;0.000000;0.000000
0.000000;0.000000;0.000000;0.000000;0.000000;0.000000;0.000000;0.000000
0.000000;0.000000;0.000000;0.000000;0.000000;0.000000;0.000000;0.000000
0.000000;0.000000;0.000000;0.000000;0.000000;0.000000;0.000000;0.000000
0.000000;0.000000;0.000000;0.000000;0.000000;0.000000;0.000000;0.000000
0.000000;0.000000;0.000000;0.000000;0.000000;0.000000;0.000000;0.000000
0.000000;0.000000;0.000000;0.000000;0.000000;0.000000;0.000000;0.000000
