0.000000;-1.000000;8175.000000;0.000000;217401.000000;6718.000000;0.000000;0.387915
1.000000;-1.000000;8308.000000;0.000000;49070.000000;6842.000000;0.000000;0.878611
2.000000;-1.000000;8447.000000;0.000000;229066.000000;5947.000000;0.000000;1.443585
3.000000;-1.000000;9305.000000;0.000000;74432.000000;6725.000000;0.000000;1.920489
4.000000;-1.000000;8492.000000;0.000000;218580.000000;5826.000000;0.000000;2.402924
5.000000;-1.000000;8561.000000;0.000000;205556.000000;7526.000000;0.000000;2.889271
6.000000;7340.000000;8596.000000;0.000000;136065.000000;7340.000000;1.000000;3.377275
7.000000;7819.000000;5845.000000;0.000000;140541.000000;7819.000000;1.000000;3.862127
8.000000;7819.000000;6111.000000;0.000000;287540.000000;7455.000000;1.000000;4.336418
9.000000;7819.000000;6059.000000;0.000000;229303.000000;7787.000000;1.000000;4.813657
10.000000;8281.000000;5692.000000;0.000000;323145.000000;8281.000000;1.000000;5.296260
11.000000;8281.000000;7167.000000;0.000000;167973.000000;5848.000000;0.000000;5.783051
12.000000;8281.000000;6539.000000;0.000000;298723.000000;6399.000000;1.000000;6.272229
13.000000;8281.000000;7369.000000;0.000000;166480.000000;8151.000000;1.000000;6.756189
14.000000;8281.000000;7352.000000;0.000000;303617.000000;8151.000000;1.000000;7.235094
15.000000;8281.000000;7072.000000;0.000000;309182.000000;8151.000000;1.000000;7.714195
16.000000;8281.000000;6375.000000;0.000000;293456.000000;8151.000000;1.000000;8.192984
17.000000;8281.000000;7492.000000;0.000000;205238.000000;8151.000000;1.000000;8.680174
18.000000;8281.000000;6130.000000;0.000000;330496.000000;8151.000000;1.000000;9.160997
19.000000;8281.000000;7354.000000;0.000000;178705.000000;8151.000000;1.000000;9.644520
20.000000;8281.000000;6607.000000;0.000000;243334.000000;8151.000000;0.000000;10.188735
21.000000;8281.000000;7954.000000;0.000000;235936.000000;8151.000000;0.000000;10.709657
22.000000;8281.000000;7054.000000;0.000000;116355.000000;8151.000000;0.000000;11.253165
23.000000;8281.000000;7152.000000;0.000000;236611.000000;8151.000000;0.000000;11.843918
24.000000;8281.000000;6031.000000;0.000000;312179.000000;8151.000000;0.000000;12.375154
25.000000;8281.000000;6221.000000;0.000000;188695.000000;8151.000000;0.000000;12.892002
26.000000;8281.000000;5924.000000;0.000000;402863.000000;8151.000000;0.000000;13.441911
27.000000;8281.000000;7572.000000;0.000000;196434.000000;8151.000000;0.000000;13.969659
28.000000;8281.000000;7048.000000;0.000000;240865.000000;8151.000000;0.000000;14.486521
29.000000;8281.000000;6580.000000;0.000000;293051.000000;8151.000000;0.000000;15.002722
30.000000;8281.000000;6354.000000;0.000000;247900.000000;8151.000000;0.000000;15.518947
31.000000;8281.000000;6169.000000;0.000000;264375.000000;8151.000000;0.000000;16.037861
32.000000;8281.000000;7287.000000;0.000000;228865.000000;8151.000000;0.000000;16.549807
33.000000;8281.000000;6598.000000;0.000000;211757.000000;8151.000000;0.000000;17.068102
34.000000;8281.000000;6249.000000;0.000000;331610.000000;8151.000000;0.000000;17.584545
35.000000;8281.000000;7119.000000;0.000000;188214.000000;8151.000000;0.000000;18.105087
36.000000;8281.000000;6628.000000;0.000000;236215.000000;8151.000000;0.000000;18.621981
37.000000;8281.000000;7301.000000;0.000000;287082.000000;8151.000000;0.000000;19.146341
38.000000;8281.000000;7086.000000;0.000000;164255.000000;8151.000000;0.000000;19.669876
39.000000;8281.000000;6420.000000;0.000000;238494.000000;8151.000000;0.000000;20.207380
40.000000;8281.000000;7063.000000;0.000000;206535.000000;8799.000000;0.000000;20.817434
41.000000;8281.000000;6618.000000;0.000000;243048.000000;8799.000000;0.000000;21.420603
42.000000;8281.000000;6014.000000;0.000000;239694.000000;8799.000000;0.000000;22.022318
43.000000;8281.000000;7740.000000;0.000000;138883.000000;8799.000000;0.000000;22.624636
44.000000;8281.000000;6860.000000;0.000000;152639.000000;8799.000000;0.000000;23.215624
45.000000;8281.000000;7011.000000;0.000000;115380.000000;8799.000000;0.000000;23.821100
46.000000;8281.000000;6877.000000;0.000000;238961.000000;8799.000000;0.000000;24.417883
47.000000;8281.000000;8251.000000;0.000000;190979.000000;8799.000000;0.000000;25.013784
48.000000;8281.000000;7102.000000;0.000000;202817.000000;8799.000000;0.000000;25.620403
49.000000;8281.000000;7113.000000;0.000000;279690.000000;8799.000000;0.000000;26.227198
50.000000;8281.000000;7545.000000;0.000000;178697.000000;8799.000000;0.000000;26.828434
51.000000;8281.000000;6580.000000;0.000000;220386.000000;8799.000000;0.000000;27.504744
52.000000;8281.000000;6658.000000;0.000000;190546.000000;8799.000000;0.000000;28.102625
53.000000;8281.000000;7711.000000;0.000000;170604.000000;8799.000000;0.000000;28.707260
54.000000;8281.000000;7296.000000;0.000000;199656.000000;8799.000000;0.000000;29.311724
55.000000;8281.000000;6350.000000;0.000000;204192.000000;8799.000000;0.000000;29.920740
56.000000;8281.000000;6188.000000;0.000000;287206.000000;8799.000000;0.000000;30.543470
57.000000;8281.000000;5982.000000;0.000000;274341.000000;8799.000000;0.000000;31.142565
58.000000;8281.000000;6662.000000;0.000000;197751.000000;8799.000000;0.000000;31.747831
59.000000;8281.000000;8289.000000;0.000000;247492.000000;8799.000000;0.000000;32.346870
60.000000;8799.000000;5855.000000;0.000000;264034.000000;8799.000000;1.000000;33.105862
61.000000;8799.000000;6808.000000;0.000000;150848.000000;8583.000000;1.000000;33.870895
62.000000;8799.000000;5769.000000;0.000000;290732.000000;8143.000000;1.000000;34.637424
63.000000;9019.000000;6678.000000;0.000000;127904.000000;9019.000000;1.000000;35.397354
64.000000;9019.000000;6544.000000;0.000000;216415.000000;8590.000000;0.000000;36.155491
65.000000;9019.000000;6538.000000;0.000000;315385.000000;8525.000000;1.000000;36.907173
66.000000;9019.000000;6376.000000;0.000000;274512.000000;8829.000000;1.000000;37.662144
67.000000;9019.000000;6919.000000;0.000000;263389.000000;8829.000000;1.000000;38.426620
68.000000;9019.000000;7194.000000;0.000000;306082.000000;8829.000000;1.000000;39.188583
69.000000;9019.000000;6594.000000;0.000000;180686.000000;8829.000000;1.000000;39.942307
70.000000;9019.000000;6218.000000;0.000000;201924.000000;8829.000000;1.000000;40.725986
71.000000;9019.000000;6479.000000;0.000000;298468.000000;8829.000000;1.000000;41.478226
72.000000;9019.000000;6458.000000;0.000000;186620.000000;8829.000000;1.000000;42.300194
73.000000;9019.000000;6811.000000;0.000000;360462.000000;8829.000000;1.000000;43.062984
74.000000;9019.000000;4975.000000;0.000000;308035.000000;8829.000000;1.000000;43.825329
75.000000;9019.000000;8278.000000;0.000000;192335.000000;8829.000000;1.000000;44.576866
76.000000;9019.000000;5736.000000;0.000000;313457.000000;8829.000000;1.000000;45.333702
77.000000;9019.000000;8058.000000;0.000000;326490.000000;8829.000000;1.000000;46.090973
78.000000;9019.000000;6320.000000;0.000000;243031.000000;8829.000000;1.000000;46.849476
79.000000;9019.000000;6742.000000;0.000000;323818.000000;8829.000000;1.000000;47.600021
80.000000;9019.000000;7231.000000;0.000000;225330.000000;8882.000000;0.000000;48.670635
81.000000;9019.000000;7064.000000;0.000000;319081.000000;8882.000000;0.000000;49.757973
82.000000;9019.000000;7472.000000;0.000000;214638.000000;8882.000000;0.000000;50.857300
83.000000;9019.000000;8092.000000;0.000000;244986.000000;8882.000000;0.000000;51.932106
84.000000;9019.000000;5774.000000;0.000000;221151.000000;8882.000000;0.000000;53.006958
85.000000;9019.000000;6381.000000;0.000000;292974.000000;8882.000000;0.000000;54.081459
86.000000;9019.000000;6281.000000;0.000000;210705.000000;8882.000000;0.000000;55.172997
87.000000;9019.000000;6024.000000;0.000000;180602.000000;8882.000000;0.000000;56.247074
88.000000;9019.000000;6237.000000;0.000000;208699.000000;8882.000000;0.000000;57.318954
89.000000;9019.000000;6479.000000;0.000000;283747.000000;8882.000000;0.000000;58.387749
90.000000;9019.000000;5740.000000;0.000000;289164.000000;8882.000000;0.000000;59.460342
91.000000;9019.000000;6166.000000;0.000000;239477.000000;8882.000000;0.000000;60.560535
92.000000;9019.000000;6887.000000;0.000000;232873.000000;8882.000000;0.000000;61.633461
93.000000;9019.000000;5893.000000;0.000000;228271.000000;8882.000000;0.000000;62.710609
94.000000;9019.000000;7401.000000;0.000000;224391.000000;8882.000000;0.000000;63.787811
95.000000;9019.000000;6958.000000;0.000000;171733.000000;8882.000000;0.000000;64.871056
96.000000;9019.000000;6950.000000;0.000000;192078.000000;8882.000000;0.000000;65.959183
97.000000;9019.000000;7058.000000;0.000000;290340.000000;8882.000000;0.000000;67.027397
98.000000;9019.000000;8063.000000;0.000000;245248.000000;8882.000000;0.000000;68.098595
99.000000;9019.000000;6742.000000;0.000000;251542.000000;8882.000000;0.000000;69.174698
100.000000;9019.000000;7263.000000;0.000000;303873.000000;9095.000000;0.000000;70.443855
101.000000;9019.000000;5864.000000;0.000000;255226.000000;9095.000000;0.000000;71.689407
102.000000;9019.000000;7316.000000;0.000000;272569.000000;9095.000000;0.000000;72.932335
103.000000;9019.000000;6962.000000;0.000000;218894.000000;9095.000000;0.000000;74.166824
104.000000;9019.000000;6978.000000;0.000000;301780.000000;9095.000000;0.000000;75.403221
105.000000;9019.000000;5746.000000;0.000000;249491.000000;9095.000000;0.000000;76.638382
106.000000;9019.000000;7017.000000;0.000000;224337.000000;9095.000000;0.000000;77.876945
107.000000;9019.000000;6620.000000;0.000000;177821.000000;9095.000000;0.000000;79.120476
108.000000;9019.000000;6277.000000;0.000000;218230.000000;9095.000000;0.000000;80.389053
109.000000;9019.000000;6693.000000;0.000000;212894.000000;9095.000000;0.000000;81.633118
110.000000;9019.000000;6482.000000;0.000000;301500.000000;9095.000000;0.000000;82.879501
111.000000;9019.000000;6682.000000;0.000000;116293.000000;9095.000000;0.000000;84.120209
112.000000;9019.000000;6959.000000;0.000000;324339.000000;9095.000000;0.000000;85.362534
113.000000;9019.000000;6129.000000;0.000000;163811.000000;9095.000000;0.000000;86.599724
114.000000;9019.000000;6478.000000;0.000000;231925.000000;9095.000000;0.000000;87.837379
115.000000;9019.000000;6328.000000;0.000000;226110.000000;9095.000000;0.000000;89.077507
116.000000;9019.000000;6422.000000;0.000000;263362.000000;9095.000000;0.000000;90.341774
117.000000;9019.000000;7474.000000;0.000000;163625.000000;9095.000000;0.000000;91.600571
118.000000;9019.000000;6569.000000;0.000000;229133.000000;9095.000000;0.000000;92.851753
119.000000;9019.000000;6856.000000;0.000000;131903.000000;9095.000000;0.000000;94.098877
120.000000;9019.000000;8173.000000;0.000000;243836.000000;9095.000000;0.000000;95.337349
121.000000;9019.000000;6240.000000;0.000000;310531.000000;9095.000000;0.000000;96.584442
122.000000;9019.000000;7110.000000;0.000000;263102.000000;9095.000000;0.000000;97.829193
123.000000;9019.000000;6515.000000;0.000000;305907.000000;9095.000000;0.000000;99.081688
124.000000;9019.000000;5929.000000;0.000000;252152.000000;9095.000000;0.000000;100.321152
125.000000;9019.000000;6741.000000;0.000000;243307.000000;9095.000000;0.000000;101.583176
126.000000;9019.000000;7265.000000;0.000000;305543.000000;9095.000000;0.000000;102.886414
127.000000;9019.000000;7316.000000;0.000000;180883.000000;9095.000000;0.000000;104.122360
128.000000;9019.000000;8030.000000;0.000000;258613.000000;9095.000000;0.000000;105.359703
129.000000;9019.000000;6102.000000;0.000000;268359.000000;9095.000000;0.000000;106.599380
130.000000;9019.000000;6397.000000;0.000000;294416.000000;9095.000000;0.000000;107.837425
131.000000;9019.000000;6004.000000;0.000000;171882.000000;9095.000000;0.000000;109.084290
132.000000;9019.000000;7395.000000;0.000000;190496.000000;9095.000000;0.000000;110.336243
133.000000;9019.000000;6081.000000;0.000000;227413.000000;9095.000000;0.000000;111.601372
134.000000;9019.000000;7551.000000;0.000000;131204.000000;9095.000000;0.000000;112.839928
135.000000;9019.000000;6878.000000;0.000000;235193.000000;9095.000000;0.000000;114.083046
136.000000;9019.000000;5978.000000;0.000000;292705.000000;9095.000000;0.000000;115.321861
137.000000;9019.000000;6891.000000;0.000000;230335.000000;9095.000000;0.000000;116.563850
138.000000;9019.000000;6390.000000;0.000000;222604.000000;9095.000000;0.000000;117.802162
139.000000;9019.000000;7153.000000;0.000000;174690.000000;9095.000000;0.000000;119.083229
140.000000;9019.000000;6317.000000;0.000000;235407.000000;9095.000000;0.000000;120.323975
141.000000;9019.000000;7134.000000;0.000000;201721.000000;9095.000000;0.000000;121.617485
142.000000;9019.000000;7757.000000;0.000000;146355.000000;9095.000000;0.000000;122.867310
143.000000;9019.000000;7025.000000;0.000000;231121.000000;9095.000000;0.000000;124.107925
144.000000;9019.000000;6460.000000;0.000000;197529.000000;9095.000000;0.000000;125.356010
145.000000;9019.000000;6418.000000;0.000000;307703.000000;9095.000000;0.000000;126.597542
146.000000;9019.000000;6136.000000;0.000000;225499.000000;9095.000000;0.000000;127.855766
147.000000;9019.000000;6634.000000;0.000000;151516.000000;9095.000000;0.000000;129.098572
148.000000;9019.000000;6457.000000;0.000000;203159.000000;9095.000000;0.000000;130.336044
149.000000;9019.000000;6498.000000;0.000000;301364.000000;9095.000000;0.000000;131.602020
150.000000;9019.000000;6913.000000;0.000000;363655.000000;9095.000000;0.000000;132.851501
151.000000;9019.000000;5646.000000;0.000000;119966.000000;9095.000000;0.000000;134.101074
152.000000;9019.000000;6585.000000;0.000000;237394.000000;9095.000000;0.000000;135.339279
153.000000;9019.000000;5950.000000;0.000000;188780.000000;9095.000000;0.000000;136.578873
154.000000;9019.000000;6883.000000;0.000000;73085.000000;9095.000000;0.000000;137.815552
155.000000;9019.000000;6813.000000;0.000000;257821.000000;9095.000000;0.000000;139.052765
156.000000;9019.000000;6454.000000;0.000000;237711.000000;9095.000000;0.000000;140.292236
157.000000;9019.000000;6761.000000;0.000000;244013.000000;9095.000000;0.000000;141.586472
158.000000;9019.000000;7011.000000;0.000000;202824.000000;9095.000000;0.000000;142.819839
159.000000;9019.000000;6933.000000;0.000000;170790.000000;9095.000000;0.000000;144.069855
160.000000;9019.000000;6284.000000;0.000000;191641.000000;9095.000000;0.000000;145.313629
161.000000;9019.000000;5882.000000;0.000000;217146.000000;9095.000000;0.000000;146.618469
162.000000;9019.000000;6488.000000;0.000000;243182.000000;9095.000000;0.000000;147.876404
163.000000;9019.000000;6282.000000;0.000000;193006.000000;9095.000000;0.000000;149.117859
164.000000;9019.000000;7327.000000;0.000000;307262.000000;9095.000000;0.000000;150.361237
165.000000;9019.000000;6463.000000;0.000000;246699.000000;9095.000000;0.000000;151.615936
166.000000;9019.000000;5915.000000;0.000000;272016.000000;9095.000000;0.000000;152.858170
167.000000;9019.000000;6362.000000;0.000000;235482.000000;9095.000000;0.000000;154.098221
168.000000;9019.000000;5619.000000;0.000000;334963.000000;9095.000000;0.000000;155.336731
169.000000;9019.000000;6271.000000;0.000000;145026.000000;9095.000000;0.000000;156.578537
170.000000;9019.000000;7779.000000;0.000000;191449.000000;9095.000000;0.000000;157.816284
171.000000;9019.000000;6266.000000;0.000000;224059.000000;9095.000000;0.000000;159.063843
172.000000;9019.000000;6361.000000;0.000000;56172.000000;9095.000000;0.000000;160.303482
173.000000;9019.000000;7703.000000;0.000000;132512.000000;9095.000000;0.000000;161.575760
174.000000;9019.000000;6614.000000;0.000000;252760.000000;9095.000000;0.000000;162.826508
175.000000;9019.000000;6517.000000;0.000000;221132.000000;9095.000000;0.000000;164.070419
176.000000;9019.000000;7043.000000;0.000000;168148.000000;9095.000000;0.000000;165.311371
177.000000;9019.000000;6936.000000;0.000000;267296.000000;9095.000000;0.000000;166.564606
178.000000;9019.000000;7282.000000;0.000000;249231.000000;9095.000000;0.000000;167.797409
179.000000;9019.000000;6291.000000;0.000000;258191.000000;9095.000000;0.000000;169.099060
180.000000;9019.000000;7711.000000;0.000000;323755.000000;9095.000000;0.000000;170.350525
181.000000;9019.000000;6801.000000;0.000000;299893.000000;9095.000000;0.000000;171.679047
182.000000;9019.000000;6900.000000;0.000000;186660.000000;9095.000000;0.000000;172.917755
183.000000;9019.000000;6981.000000;0.000000;302930.000000;9095.000000;0.000000;174.542068
184.000000;9019.000000;6576.000000;0.000000;162830.000000;9095.000000;0.000000;176.251129
185.000000;9019.000000;6103.000000;0.000000;240461.000000;9095.000000;0.000000;177.581253
186.000000;9019.000000;7157.000000;0.000000;247053.000000;9095.000000;0.000000;178.812256
187.000000;9019.000000;6636.000000;0.000000;246813.000000;9095.000000;0.000000;180.043823
188.000000;9019.000000;6131.000000;0.000000;265935.000000;9095.000000;0.000000;181.298416
189.000000;9019.000000;5711.000000;0.000000;261440.000000;9095.000000;0.000000;182.535187
190.000000;9019.000000;5860.000000;0.000000;216574.000000;9095.000000;0.000000;183.774902
191.000000;9019.000000;6264.000000;0.000000;243662.000000;9095.000000;0.000000;185.019333
192.000000;9019.000000;6082.000000;0.000000;285422.000000;9095.000000;0.000000;186.258362
193.000000;9019.000000;7752.000000;0.000000;207673.000000;9095.000000;0.000000;187.503830
194.000000;9019.000000;6349.000000;0.000000;222142.000000;9095.000000;0.000000;188.747391
195.000000;9019.000000;6593.000000;0.000000;198452.000000;9095.000000;0.000000;189.983994
196.000000;9019.000000;8015.000000;0.000000;282803.000000;9095.000000;0.000000;191.242981
197.000000;9019.000000;8013.000000;0.000000;48638.000000;9095.000000;0.000000;192.471924
198.000000;9019.000000;6079.000000;0.000000;341739.000000;9095.000000;0.000000;193.704712
199.000000;9019.000000;7312.000000;0.000000;336820.000000;9095.000000;0.000000;194.938324
200.000000;9019.000000;5725.000000;0.000000;238852.000000;9095.000000;0.000000;196.180313
201.000000;9019.000000;6899.000000;0.000000;196770.000000;9095.000000;0.000000;197.416565
202.000000;9019.000000;6464.000000;0.000000;229289.000000;9095.000000;0.000000;198.646118
203.000000;9019.000000;6004.000000;0.000000;194152.000000;9095.000000;0.000000;199.899673
204.000000;9019.000000;6678.000000;0.000000;186235.000000;9095.000000;0.000000;201.155991
205.000000;9019.000000;6668.000000;0.000000;130704.000000;9095.000000;0.000000;202.394958
206.000000;9019.000000;6918.000000;0.000000;199100.000000;9095.000000;0.000000;203.639084
207.000000;9019.000000;7139.000000;0.000000;236962.000000;9095.000000;0.000000;204.889191
208.000000;9019.000000;6789.000000;0.000000;273727.000000;9095.000000;0.000000;206.122192
209.000000;9019.000000;6298.000000;0.000000;155520.000000;9095.000000;0.000000;207.355865
210.000000;9019.000000;6286.000000;0.000000;236363.000000;9095.000000;0.000000;208.595062
211.000000;9019.000000;7420.000000;0.000000;175177.000000;9095.000000;0.000000;209.844406
212.000000;9019.000000;7250.000000;0.000000;237075.000000;9095.000000;0.000000;211.087860
213.000000;9019.000000;6073.000000;0.000000;212653.000000;9095.000000;0.000000;212.342865
214.000000;9019.000000;7566.000000;0.000000;241645.000000;9095.000000;0.000000;213.578354
215.000000;9019.000000;6430.000000;0.000000;189696.000000;9095.000000;0.000000;214.815216
216.000000;9019.000000;6828.000000;0.000000;174643.000000;9095.000000;0.000000;216.055237
217.000000;9019.000000;6537.000000;0.000000;169027.000000;9095.000000;0.000000;217.291168
218.000000;9019.000000;6042.000000;0.000000;277272.000000;9095.000000;0.000000;218.537262
219.000000;9019.000000;6594.000000;0.000000;149380.000000;9095.000000;0.000000;219.787384
220.000000;9019.000000;6449.000000;0.000000;268069.000000;9095.000000;0.000000;221.025955
221.000000;9019.000000;7204.000000;0.000000;267671.000000;9095.000000;0.000000;222.357162
222.000000;9019.000000;6951.000000;0.000000;324190.000000;9095.000000;0.000000;223.605499
223.000000;9019.000000;6879.000000;0.000000;218330.000000;9095.000000;0.000000;224.854004
224.000000;9019.000000;7141.000000;0.000000;244551.000000;9095.000000;0.000000;226.103439
225.000000;9019.000000;6283.000000;0.000000;232441.000000;9095.000000;0.000000;227.339493
226.000000;9019.000000;6241.000000;0.000000;248239.000000;9095.000000;0.000000;228.583023
227.000000;9019.000000;7510.000000;0.000000;226585.000000;9095.000000;0.000000;229.819260
228.000000;9019.000000;6683.000000;0.000000;164975.000000;9095.000000;0.000000;231.061142
229.000000;9019.000000;6940.000000;0.000000;222548.000000;9095.000000;0.000000;232.329300
230.000000;9019.000000;6048.000000;0.000000;230150.000000;9095.000000;0.000000;233.578751
231.000000;9019.000000;7268.000000;0.000000;207212.000000;9095.000000;0.000000;234.819168
232.000000;9019.000000;6561.000000;0.000000;189309.000000;9095.000000;0.000000;236.059204
233.000000;9019.000000;5710.000000;0.000000;233090.000000;9095.000000;0.000000;237.300873
234.000000;9019.000000;6407.000000;0.000000;183422.000000;9095.000000;0.000000;238.549347
235.000000;9019.000000;6754.000000;0.000000;216083.000000;9095.000000;0.000000;239.792221
236.000000;9019.000000;5951.000000;0.000000;237650.000000;9095.000000;0.000000;241.033661
237.000000;9019.000000;6016.000000;0.000000;203823.000000;9095.000000;0.000000;242.295029
238.000000;9019.000000;6692.000000;0.000000;166273.000000;9095.000000;0.000000;243.560135
239.000000;9019.000000;6456.000000;0.000000;240228.000000;9095.000000;0.000000;244.800461
240.000000;9019.000000;6198.000000;0.000000;337382.000000;9095.000000;0.000000;246.042953
241.000000;9019.000000;5799.000000;0.000000;285045.000000;9095.000000;0.000000;247.292633
242.000000;9019.000000;6760.000000;0.000000;202953.000000;9095.000000;0.000000;248.536987
243.000000;9019.000000;6267.000000;0.000000;239627.000000;9095.000000;0.000000;249.782440
244.000000;9019.000000;7374.000000;0.000000;255697.000000;9095.000000;0.000000;251.022598
245.000000;9019.000000;5997.000000;0.000000;130442.000000;9095.000000;0.000000;252.290955
246.000000;9019.000000;7346.000000;0.000000;163102.000000;9095.000000;0.000000;253.528091
247.000000;9019.000000;6429.000000;0.000000;289548.000000;9095.000000;0.000000;254.772781
248.000000;9019.000000;6316.000000;0.000000;196506.000000;9095.000000;0.000000;256.012634
249.000000;9019.000000;5768.000000;0.000000;172349.000000;9095.000000;0.000000;257.255981
250.000000;9019.000000;7973.000000;0.000000;131732.000000;9095.000000;0.000000;258.495148
251.000000;9019.000000;6371.000000;0.000000;131983.000000;9095.000000;0.000000;259.731964
252.000000;9019.000000;6781.000000;0.000000;237276.000000;9095.000000;0.000000;260.984375
253.000000;9019.000000;6889.000000;0.000000;110300.000000;9095.000000;0.000000;262.287048
254.000000;9019.000000;6759.000000;0.000000;227768.000000;9095.000000;0.000000;263.530365
255.000000;9019.000000;7602.000000;0.000000;230094.000000;9095.000000;0.000000;264.773285
256.000000;9019.000000;6280.000000;0.000000;244817.000000;9095.000000;0.000000;266.015228
257.000000;9019.000000;6932.000000;0.000000;249326.000000;9095.000000;0.000000;267.262115
258.000000;9019.000000;7011.000000;0.000000;171107.000000;9095.000000;0.000000;268.506378
259.000000;9019.000000;6879.000000;0.000000;163296.000000;9095.000000;0.000000;269.742554
260.000000;9019.000000;6499.000000;0.000000;253820.000000;9095.000000;0.000000;270.985809
261.000000;9019.000000;6378.000000;0.000000;213032.000000;9095.000000;0.000000;272.260101
262.000000;9019.000000;6942.000000;0.000000;256807.000000;9095.000000;0.000000;273.500763
263.000000;9019.000000;5927.000000;0.000000;217970.000000;9095.000000;0.000000;274.744446
264.000000;9019.000000;7011.000000;0.000000;226433.000000;9095.000000;0.000000;275.980377
265.000000;9019.000000;6732.000000;0.000000;174026.000000;9095.000000;0.000000;277.225067
266.000000;9019.000000;6876.000000;0.000000;222045.000000;9095.000000;0.000000;278.461029
267.000000;9019.000000;5718.000000;0.000000;224372.000000;9095.000000;0.000000;279.692596
268.000000;9019.000000;6225.000000;0.000000;263233.000000;9095.000000;0.000000;280.925323
269.000000;9019.000000;7131.000000;0.000000;178093.000000;9095.000000;0.000000;282.183014
270.000000;9019.000000;7081.000000;0.000000;261409.000000;9095.000000;0.000000;283.558197
271.000000;9019.000000;7012.000000;0.000000;247932.000000;9095.000000;0.000000;284.920502
272.000000;9019.000000;6682.000000;0.000000;219509.000000;9095.000000;0.000000;286.295074
273.000000;9019.000000;6602.000000;0.000000;205119.000000;9095.000000;0.000000;287.640167
274.000000;9019.000000;8791.000000;0.000000;139500.000000;9095.000000;0.000000;288.988892
275.000000;9019.000000;5940.000000;0.000000;192998.000000;9095.000000;0.000000;290.337189
276.000000;9019.000000;6735.000000;0.000000;150478.000000;9095.000000;0.000000;291.693115
277.000000;9019.000000;6339.000000;0.000000;273385.000000;9095.000000;0.000000;293.062958
278.000000;9019.000000;6678.000000;0.000000;237695.000000;9095.000000;0.000000;294.422699
279.000000;9019.000000;7107.000000;0.000000;261167.000000;9095.000000;0.000000;295.775635
280.000000;9019.000000;6828.000000;0.000000;215360.000000;9095.000000;0.000000;297.127563
281.000000;9019.000000;6761.000000;0.000000;234704.000000;9095.000000;0.000000;298.488953
282.000000;9019.000000;6372.000000;0.000000;259574.000000;9095.000000;0.000000;299.846924
283.000000;9019.000000;5784.000000;0.000000;268315.000000;9095.000000;0.000000;301.143280
284.000000;9019.000000;6283.000000;0.000000;315578.000000;9095.000000;0.000000;302.412537
285.000000;9019.000000;6583.000000;0.000000;256266.000000;9095.000000;0.000000;303.657135
286.000000;9019.000000;7757.000000;0.000000;125845.000000;9095.000000;0.000000;304.896973
287.000000;9019.000000;6178.000000;0.000000;191864.000000;9095.000000;0.000000;306.143311
288.000000;9019.000000;6602.000000;0.000000;225935.000000;9095.000000;0.000000;307.376160
289.000000;9019.000000;5500.000000;0.000000;206070.000000;9095.000000;0.000000;308.620758
290.000000;9019.000000;7094.000000;0.000000;229638.000000;9095.000000;0.000000;309.858795
291.000000;9019.000000;5824.000000;0.000000;277129.000000;9095.000000;0.000000;311.134338
292.000000;9019.000000;6086.000000;0.000000;286685.000000;9095.000000;0.000000;312.400085
293.000000;9019.000000;5890.000000;0.000000;196574.000000;9095.000000;0.000000;313.641937
294.000000;9019.000000;6451.000000;0.000000;241483.000000;9095.000000;0.000000;314.872650
295.000000;9019.000000;6006.000000;0.000000;299929.000000;9095.000000;0.000000;316.105103
296.000000;9019.000000;6088.000000;0.000000;239583.000000;9095.000000;0.000000;317.349762
297.000000;9019.000000;7744.000000;0.000000;220526.000000;9095.000000;0.000000;318.595673
298.000000;9019.000000;7058.000000;0.000000;281166.000000;9095.000000;0.000000;319.830872
299.000000;9019.000000;6279.000000;0.000000;223873.000000;9095.000000;0.000000;321.082214
300.000000;9019.000000;5915.000000;0.000000;280529.000000;9095.000000;0.000000;322.345642
301.000000;9019.000000;6658.000000;0.000000;232177.000000;9095.000000;0.000000;323.592102
302.000000;9019.000000;5908.000000;0.000000;304636.000000;9095.000000;0.000000;324.825745
303.000000;9019.000000;5696.000000;0.000000;210415.000000;9095.000000;0.000000;326.059814
304.000000;9019.000000;5712.000000;0.000000;264428.000000;9095.000000;0.000000;327.405579
305.000000;9019.000000;6098.000000;0.000000;284843.000000;9095.000000;0.000000;328.663574
306.000000;9019.000000;6400.000000;0.000000;370284.000000;9095.000000;0.000000;329.898071
307.000000;9019.000000;5670.000000;0.000000;244684.000000;9095.000000;0.000000;331.135498
308.000000;9019.000000;6667.000000;0.000000;216992.000000;9095.000000;0.000000;332.394897
309.000000;9019.000000;5815.000000;0.000000;250600.000000;9095.000000;0.000000;333.642395
310.000000;9019.000000;7127.000000;0.000000;205062.000000;9095.000000;0.000000;334.906281
311.000000;9019.000000;6352.000000;0.000000;180235.000000;9095.000000;0.000000;336.148804
312.000000;9019.000000;5899.000000;0.000000;342227.000000;9095.000000;0.000000;337.387817
313.000000;9019.000000;5659.000000;0.000000;189980.000000;9095.000000;0.000000;338.632538
314.000000;9019.000000;5869.000000;0.000000;325492.000000;9095.000000;0.000000;339.878632
315.000000;9019.000000;5929.000000;0.000000;216548.000000;9095.000000;0.000000;341.120300
316.000000;9019.000000;6487.000000;0.000000;283221.000000;9095.000000;0.000000;342.478424
317.000000;9019.000000;6141.000000;0.000000;259745.000000;9095.000000;0.000000;343.718750
318.000000;9019.000000;6482.000000;0.000000;187608.000000;9095.000000;0.000000;344.962158
319.000000;9019.000000;6745.000000;0.000000;192408.000000;9095.000000;0.000000;346.203705
320.000000;9019.000000;7393.000000;0.000000;305143.000000;9095.000000;0.000000;347.456238
321.000000;9019.000000;6673.000000;0.000000;274645.000000;9095.000000;0.000000;348.702606
322.000000;9019.000000;6480.000000;0.000000;249540.000000;9095.000000;0.000000;349.951874
323.000000;9019.000000;6754.000000;0.000000;214232.000000;9095.000000;0.000000;351.192139
324.000000;9019.000000;6631.000000;0.000000;252604.000000;9095.000000;0.000000;352.478577
325.000000;9019.000000;6551.000000;0.000000;277837.000000;9095.000000;0.000000;353.720764
326.000000;9019.000000;6424.000000;0.000000;254243.000000;9095.000000;0.000000;354.958893
327.000000;9019.000000;5771.000000;0.000000;290878.000000;9095.000000;0.000000;356.197327
328.000000;9019.000000;7162.000000;0.000000;175436.000000;9095.000000;0.000000;357.434296
329.000000;9019.000000;6118.000000;0.000000;258760.000000;9095.000000;0.000000;358.678192
330.000000;9019.000000;6467.000000;0.000000;136597.000000;9095.000000;0.000000;359.913971
331.000000;9019.000000;6441.000000;0.000000;240917.000000;9095.000000;0.000000;361.167358
332.000000;9019.000000;6864.000000;0.000000;198710.000000;9095.000000;0.000000;362.433838
333.000000;9019.000000;7624.000000;0.000000;209905.000000;9095.000000;0.000000;363.674530
334.000000;9019.000000;7322.000000;0.000000;195832.000000;9095.000000;0.000000;364.919403
335.000000;9019.000000;6534.000000;0.000000;210390.000000;9095.000000;0.000000;366.166840
336.000000;9019.000000;6306.000000;0.000000;179203.000000;9095.000000;0.000000;367.411133
337.000000;9019.000000;7540.000000;0.000000;167797.000000;9095.000000;0.000000;368.660950
338.000000;9019.000000;7159.000000;0.000000;283153.000000;9095.000000;0.000000;369.897186
339.000000;9019.000000;6310.000000;0.000000;244758.000000;9095.000000;0.000000;371.166595
340.000000;9019.000000;5854.000000;0.000000;269279.000000;9095.000000;0.000000;372.446381
341.000000;9019.000000;6337.000000;0.000000;281115.000000;9095.000000;0.000000;373.694061
342.000000;9019.000000;8107.000000;0.000000;225905.000000;9095.000000;0.000000;374.932373
343.000000;9019.000000;6213.000000;0.000000;42083.000000;9095.000000;0.000000;376.216736
344.000000;9019.000000;6879.000000;0.000000;279233.000000;9095.000000;0.000000;377.460266
345.000000;9019.000000;6760.000000;0.000000;222468.000000;9095.000000;0.000000;378.710083
346.000000;9019.000000;6190.000000;0.000000;291756.000000;9095.000000;0.000000;379.952698
347.000000;9019.000000;6284.000000;0.000000;227442.000000;9095.000000;0.000000;381.199829
348.000000;9019.000000;7333.000000;0.000000;268701.000000;9095.000000;0.000000;382.463654
349.000000;9019.000000;5442.000000;0.000000;320995.000000;9095.000000;0.000000;383.698456
350.000000;9019.000000;7049.000000;0.000000;234967.000000;9095.000000;0.000000;384.955688
351.000000;9019.000000;7755.000000;0.000000;231260.000000;9095.000000;0.000000;386.200989
352.000000;9019.000000;6826.000000;0.000000;190402.000000;9095.000000;0.000000;387.441986
353.000000;9019.000000;6359.000000;0.000000;317132.000000;9095.000000;0.000000;388.680878
354.000000;9019.000000;7376.000000;0.000000;185476.000000;9095.000000;0.000000;389.929993
355.000000;9019.000000;7856.000000;0.000000;207683.000000;9095.000000;0.000000;391.243408
356.000000;9019.000000;6222.000000;0.000000;264309.000000;9095.000000;0.000000;392.506348
357.000000;9019.000000;5885.000000;0.000000;152336.000000;9095.000000;0.000000;393.739655
358.000000;9019.000000;6726.000000;0.000000;314887.000000;9095.000000;0.000000;394.983154
359.000000;9019.000000;5473.000000;0.000000;322509.000000;9095.000000;0.000000;396.216980
360.000000;9019.000000;7972.000000;0.000000;151053.000000;9095.000000;0.000000;397.459198
361.000000;9019.000000;5636.000000;0.000000;184720.000000;9095.000000;0.000000;398.714996
362.000000;9019.000000;6532.000000;0.000000;157093.000000;9095.000000;0.000000;399.962158
363.000000;9019.000000;5704.000000;0.000000;242300.000000;9095.000000;0.000000;401.197083
364.000000;9019.000000;7497.000000;0.000000;143819.000000;9095.000000;0.000000;402.526825
365.000000;9019.000000;7505.000000;0.000000;178824.000000;9095.000000;0.000000;403.764069
366.000000;9019.000000;5781.000000;0.000000;271400.000000;9095.000000;0.000000;404.999817
367.000000;9019.000000;7239.000000;0.000000;296037.000000;9095.000000;0.000000;406.233795
368.000000;9019.000000;5750.000000;0.000000;196366.000000;9095.000000;0.000000;407.468689
369.000000;9019.000000;7668.000000;0.000000;166125.000000;9095.000000;0.000000;408.703064
370.000000;9019.000000;5900.000000;0.000000;175749.000000;9095.000000;0.000000;409.936951
371.000000;9019.000000;7701.000000;0.000000;219078.000000;9095.000000;0.000000;411.172424
372.000000;9019.000000;5522.000000;0.000000;260210.000000;9095.000000;0.000000;412.407257
373.000000;9019.000000;7006.000000;0.000000;319667.000000;9095.000000;0.000000;413.661652
374.000000;9019.000000;6168.000000;0.000000;278283.000000;9095.000000;0.000000;414.905731
375.000000;9019.000000;7314.000000;0.000000;304215.000000;9095.000000;0.000000;416.140137
376.000000;9019.000000;5196.000000;0.000000;228640.000000;9095.000000;0.000000;417.385559
377.000000;9019.000000;7248.000000;0.000000;142125.000000;9095.000000;0.000000;418.622589
378.000000;9019.000000;8466.000000;0.000000;169671.000000;9095.000000;0.000000;419.854828
379.000000;9019.000000;6792.000000;0.000000;212176.000000;9095.000000;0.000000;421.087280
380.000000;9019.000000;5287.000000;0.000000;240606.000000;9095.000000;0.000000;422.341003
381.000000;9019.000000;6373.000000;0.000000;298088.000000;9095.000000;0.000000;423.672668
382.000000;9019.000000;6632.000000;0.000000;324302.000000;9095.000000;0.000000;424.926544
383.000000;9019.000000;6642.000000;0.000000;262531.000000;9095.000000;0.000000;426.164764
384.000000;9019.000000;6787.000000;0.000000;277926.000000;9095.000000;0.000000;427.398895
385.000000;9019.000000;6329.000000;0.000000;195247.000000;9095.000000;0.000000;428.643250
386.000000;9019.000000;6197.000000;0.000000;306263.000000;9095.000000;0.000000;429.875793
387.000000;9019.000000;5950.000000;0.000000;183321.000000;9095.000000;0.000000;431.140411
388.000000;9019.000000;6209.000000;0.000000;244431.000000;9095.000000;0.000000;432.382019
389.000000;9019.000000;5901.000000;0.000000;296569.000000;9095.000000;0.000000;433.637146
390.000000;9019.000000;6362.000000;0.000000;209623.000000;9095.000000;0.000000;435.200623
391.000000;9019.000000;6206.000000;0.000000;211510.000000;9095.000000;0.000000;436.460236
392.000000;9019.000000;6991.000000;0.000000;217538.000000;9095.000000;0.000000;437.704163
393.000000;9019.000000;7377.000000;0.000000;183765.000000;9095.000000;0.000000;438.944427
394.000000;9019.000000;5963.000000;0.000000;306522.000000;9095.000000;0.000000;440.187134
395.000000;9019.000000;6421.000000;0.000000;286667.000000;9095.000000;0.000000;441.421326
396.000000;9019.000000;6526.000000;0.000000;288837.000000;9095.000000;0.000000;442.673401
397.000000;9019.000000;6258.000000;0.000000;325204.000000;9095.000000;0.000000;443.923950
398.000000;9019.000000;7694.000000;0.000000;237895.000000;9095.000000;0.000000;445.168335
399.000000;9019.000000;6479.000000;0.000000;271891.000000;9095.000000;0.000000;446.400330
400.000000;9019.000000;6895.000000;0.000000;210215.000000;9095.000000;0.000000;447.670868
401.000000;9019.000000;6561.000000;0.000000;234033.000000;9095.000000;0.000000;448.932404
402.000000;9019.000000;5779.000000;0.000000;240841.000000;9095.000000;0.000000;450.196442
403.000000;9019.000000;6105.000000;0.000000;219361.000000;9095.000000;0.000000;451.459747
404.000000;9019.000000;6823.000000;0.000000;241656.000000;9095.000000;0.000000;452.733948
405.000000;9019.000000;6372.000000;0.000000;166896.000000;9095.000000;0.000000;453.978851
406.000000;9019.000000;7353.000000;0.000000;202424.000000;9095.000000;0.000000;455.223785
407.000000;9019.000000;6360.000000;0.000000;184220.000000;9095.000000;0.000000;456.479340
408.000000;9019.000000;6336.000000;0.000000;309751.000000;9095.000000;0.000000;457.717712
409.000000;9019.000000;5938.000000;0.000000;288697.000000;9095.000000;0.000000;458.960114
410.000000;9019.000000;7051.000000;0.000000;197428.000000;9095.000000;0.000000;460.196442
411.000000;9019.000000;6875.000000;0.000000;169536.000000;9095.000000;0.000000;461.430176
412.000000;9019.000000;8158.000000;0.000000;145636.000000;9095.000000;0.000000;462.699097
413.000000;9019.000000;7143.000000;0.000000;271124.000000;9095.000000;0.000000;463.952789
414.000000;9019.000000;6747.000000;0.000000;249022.000000;9095.000000;0.000000;465.188110
415.000000;9019.000000;5700.000000;0.000000;210423.000000;9095.000000;0.000000;466.443909
416.000000;9019.000000;6383.000000;0.000000;221347.000000;9095.000000;0.000000;467.679993
417.000000;9019.000000;6361.000000;0.000000;156698.000000;9095.000000;0.000000;468.977905
418.000000;9019.000000;6137.000000;0.000000;215955.000000;9095.000000;0.000000;470.215668
419.000000;9019.000000;5777.000000;0.000000;156810.000000;9095.000000;0.000000;471.453888
420.000000;9019.000000;6865.000000;0.000000;219767.000000;9095.000000;0.000000;472.744781
421.000000;9019.000000;6349.000000;0.000000;223425.000000;9095.000000;0.000000;474.024261
422.000000;9019.000000;7373.000000;0.000000;179014.000000;9095.000000;0.000000;475.260864
423.000000;9019.000000;6670.000000;0.000000;320560.000000;9095.000000;0.000000;476.492279
424.000000;9019.000000;7264.000000;0.000000;149136.000000;9095.000000;0.000000;477.731171
425.000000;9019.000000;5939.000000;0.000000;301782.000000;9095.000000;0.000000;478.977173
426.000000;9019.000000;5332.000000;0.000000;332971.000000;9095.000000;0.000000;480.212982
427.000000;9019.000000;5885.000000;0.000000;221206.000000;9095.000000;0.000000;481.444061
428.000000;9019.000000;5671.000000;0.000000;195381.000000;9095.000000;0.000000;482.697479
429.000000;9019.000000;7501.000000;0.000000;344116.000000;9095.000000;0.000000;483.956116
430.000000;9019.000000;6855.000000;0.000000;212731.000000;9095.000000;0.000000;485.205383
431.000000;9019.000000;7274.000000;0.000000;291998.000000;9095.000000;0.000000;486.691498
432.000000;9019.000000;5770.000000;0.000000;267486.000000;9095.000000;0.000000;488.069489
433.000000;9019.000000;7200.000000;0.000000;220315.000000;9095.000000;0.000000;489.431915
434.000000;9019.000000;7058.000000;0.000000;253987.000000;9095.000000;0.000000;490.797058
435.000000;9019.000000;6669.000000;0.000000;226612.000000;9095.000000;0.000000;492.150482
436.000000;9019.000000;7689.000000;0.000000;181310.000000;9095.000000;0.000000;493.539825
437.000000;9019.000000;5962.000000;0.000000;236819.000000;9095.000000;0.000000;494.901855
438.000000;9019.000000;7343.000000;0.000000;247062.000000;9095.000000;0.000000;496.267822
439.000000;9019.000000;6732.000000;0.000000;213113.000000;9095.000000;0.000000;497.617554
440.000000;9019.000000;6584.000000;0.000000;271763.000000;9095.000000;0.000000;498.972626
441.000000;9019.000000;5891.000000;0.000000;337129.000000;9095.000000;0.000000;500.335449
442.000000;9019.000000;8102.000000;0.000000;67298.000000;9095.000000;0.000000;501.689911
443.000000;9019.000000;5627.000000;0.000000;229540.000000;9095.000000;0.000000;503.074585
444.000000;9019.000000;6729.000000;0.000000;240179.000000;9095.000000;0.000000;504.427246
445.000000;9019.000000;5896.000000;0.000000;389732.000000;9095.000000;0.000000;505.718597
446.000000;9019.000000;5727.000000;0.000000;175653.000000;9095.000000;0.000000;506.956207
447.000000;9019.000000;6330.000000;0.000000;228918.000000;9095.000000;0.000000;508.205505
448.000000;9019.000000;7818.000000;0.000000;187613.000000;9095.000000;0.000000;509.455200
449.000000;9019.000000;5805.000000;0.000000;333235.000000;9095.000000;0.000000;510.694763
450.000000;9019.000000;6626.000000;0.000000;203677.000000;9095.000000;0.000000;511.930328
451.000000;9019.000000;5905.000000;0.000000;214330.000000;9095.000000;0.000000;513.194946
452.000000;9019.000000;7519.000000;0.000000;211455.000000;9095.000000;0.000000;514.455627
453.000000;9019.000000;5867.000000;0.000000;298062.000000;9095.000000;0.000000;515.713196
454.000000;9019.000000;6837.000000;0.000000;278449.000000;9095.000000;0.000000;516.968018
455.000000;9019.000000;7656.000000;0.000000;182512.000000;9095.000000;0.000000;518.204834
456.000000;9019.000000;6602.000000;0.000000;247581.000000;9095.000000;0.000000;519.444458
457.000000;9019.000000;6642.000000;0.000000;235159.000000;9095.000000;0.000000;520.683472
458.000000;9019.000000;7193.000000;0.000000;184329.000000;9095.000000;0.000000;522.036255
459.000000;9019.000000;5435.000000;0.000000;306298.000000;9095.000000;0.000000;523.348450
460.000000;9019.000000;7951.000000;0.000000;185838.000000;9095.000000;0.000000;524.587158
461.000000;9019.000000;7661.000000;0.000000;185835.000000;9095.000000;0.000000;525.835999
462.000000;9019.000000;6007.000000;0.000000;247493.000000;9095.000000;0.000000;527.148743
463.000000;9019.000000;6291.000000;0.000000;196393.000000;9095.000000;0.000000;528.407227
464.000000;9019.000000;7249.000000;0.000000;280725.000000;9095.000000;0.000000;529.646179
465.000000;9019.000000;6420.000000;0.000000;153546.000000;9095.000000;0.000000;530.890503
466.000000;9019.000000;7103.000000;0.000000;257376.000000;9095.000000;0.000000;532.144592
467.000000;9019.000000;7377.000000;0.000000;183645.000000;9095.000000;0.000000;533.407471
468.000000;9019.000000;8182.000000;0.000000;251745.000000;9095.000000;0.000000;534.641602
469.000000;9019.000000;6724.000000;0.000000;268803.000000;9095.000000;0.000000;535.893127
470.000000;9019.000000;6737.000000;0.000000;264480.000000;9095.000000;0.000000;537.139526
471.000000;9019.000000;5796.000000;0.000000;277463.000000;9095.000000;0.000000;538.372681
472.000000;9019.000000;6808.000000;0.000000;236091.000000;9095.000000;0.000000;539.607178
473.000000;9019.000000;6039.000000;0.000000;266979.000000;9095.000000;0.000000;540.930542
474.000000;9019.000000;6905.000000;0.000000;285487.000000;9095.000000;0.000000;542.302795
475.000000;9019.000000;5424.000000;0.000000;279535.000000;9095.000000;0.000000;543.677612
476.000000;9019.000000;6475.000000;0.000000;254580.000000;9095.000000;0.000000;545.038574
477.000000;9019.000000;6266.000000;0.000000;261230.000000;9095.000000;0.000000;546.382507
478.000000;9019.000000;7208.000000;0.000000;215003.000000;9095.000000;0.000000;547.745789
479.000000;9019.000000;6260.000000;0.000000;206471.000000;9095.000000;0.000000;549.101501
480.000000;9019.000000;7053.000000;0.000000;224080.000000;9095.000000;0.000000;550.446167
481.000000;9019.000000;7579.000000;0.000000;127017.000000;9095.000000;0.000000;551.814636
482.000000;9019.000000;6573.000000;0.000000;239485.000000;9095.000000;0.000000;553.175415
483.000000;9019.000000;6120.000000;0.000000;277606.000000;9095.000000;0.000000;554.542358
484.000000;9019.000000;6417.000000;0.000000;258531.000000;9095.000000;0.000000;555.897827
485.000000;9019.000000;5711.000000;0.000000;225809.000000;9095.000000;0.000000;557.238464
486.000000;9019.000000;6405.000000;0.000000;149548.000000;9095.000000;0.000000;558.476929
487.000000;9019.000000;6292.000000;0.000000;218681.000000;9095.000000;0.000000;559.723206
488.000000;9019.000000;6127.000000;0.000000;269895.000000;9095.000000;0.000000;560.982361
489.000000;9019.000000;6402.000000;0.000000;98026.000000;9095.000000;0.000000;562.230286
490.000000;9019.000000;6281.000000;0.000000;265744.000000;9095.000000;0.000000;563.486816
491.000000;9019.000000;6658.000000;0.000000;315921.000000;9095.000000;0.000000;564.726868
492.000000;9019.000000;5551.000000;0.000000;240984.000000;9095.000000;0.000000;565.972778
493.000000;9019.000000;7039.000000;0.000000;167912.000000;9095.000000;0.000000;567.214172
494.000000;9019.000000;7198.000000;0.000000;144501.000000;9095.000000;0.000000;568.461304
495.000000;9019.000000;7488.000000;0.000000;208375.000000;9095.000000;0.000000;569.704895
496.000000;9019.000000;6659.000000;0.000000;243542.000000;9095.000000;0.000000;570.962036
497.000000;9019.000000;7281.000000;0.000000;208013.000000;9095.000000;0.000000;572.285095
498.000000;9019.000000;7356.000000;0.000000;115906.000000;9095.000000;0.000000;573.541443
499.000000;9019.000000;6511.000000;0.000000;274265.000000;9095.000000;0.000000;574.788391
500.000000;9019.000000;6234.000000;0.000000;288995.000000;9095.000000;0.000000;576.035461
501.000000;9019.000000;6544.000000;0.000000;244068.000000;9095.000000;0.000000;577.285400
502.000000;9019.000000;7348.000000;0.000000;183605.000000;9095.000000;0.000000;578.534790
503.000000;9019.000000;6395.000000;0.000000;224525.000000;9095.000000;0.000000;579.789124
504.000000;9019.000000;7100.000000;0.000000;194220.000000;9095.000000;0.000000;581.025696
505.000000;9019.000000;7462.000000;0.000000;197319.000000;9095.000000;0.000000;582.295898
506.000000;9019.000000;7024.000000;0.000000;229428.000000;9095.000000;0.000000;583.541443
507.000000;9019.000000;6921.000000;0.000000;163986.000000;9095.000000;0.000000;584.797668
508.000000;9019.000000;6255.000000;0.000000;241546.000000;9095.000000;0.000000;586.040466
509.000000;9019.000000;6450.000000;0.000000;282544.000000;9095.000000;0.000000;587.297852
510.000000;9019.000000;6258.000000;0.000000;241260.000000;9095.000000;0.000000;588.537292
511.000000;9019.000000;7079.000000;0.000000;279965.000000;9095.000000;0.000000;589.776855
512.000000;9019.000000;7056.000000;0.000000;177803.000000;9095.000000;0.000000;591.035156
513.000000;9019.000000;7680.000000;0.000000;208099.000000;9095.000000;0.000000;592.267212
514.000000;9019.000000;8641.000000;0.000000;120718.000000;9095.000000;0.000000;593.515137
515.000000;9019.000000;6837.000000;0.000000;251433.000000;9095.000000;0.000000;594.785034
516.000000;9019.000000;6009.000000;0.000000;237326.000000;9095.000000;0.000000;596.032349
517.000000;9019.000000;6367.000000;0.000000;313604.000000;9095.000000;0.000000;597.264160
518.000000;9019.000000;7123.000000;0.000000;261676.000000;9095.000000;0.000000;598.509460
519.000000;9019.000000;6477.000000;0.000000;267113.000000;9095.000000;0.000000;599.755249
520.000000;9019.000000;7727.000000;0.000000;213039.000000;9095.000000;0.000000;601.000732
521.000000;9019.000000;6306.000000;0.000000;209834.000000;9095.000000;0.000000;602.408569
522.000000;9019.000000;6894.000000;0.000000;325845.000000;9095.000000;0.000000;603.663879
523.000000;9019.000000;7997.000000;0.000000;215835.000000;9095.000000;0.000000;604.926819
524.000000;9019.000000;6897.000000;0.000000;226592.000000;9095.000000;0.000000;606.171448
525.000000;9019.000000;6476.000000;0.000000;205209.000000;9095.000000;0.000000;607.412109
526.000000;9019.000000;7059.000000;0.000000;272458.000000;9095.000000;0.000000;608.650085
527.000000;9019.000000;7575.000000;0.000000;288044.000000;9095.000000;0.000000;609.889526
528.000000;9019.000000;6980.000000;0.000000;226042.000000;9095.000000;0.000000;611.136230
529.000000;9019.000000;6220.000000;0.000000;238001.000000;9095.000000;0.000000;612.389343
530.000000;9019.000000;5602.000000;0.000000;229056.000000;9095.000000;0.000000;613.632324
531.000000;9019.000000;7191.000000;0.000000;204642.000000;9095.000000;0.000000;614.894653
532.000000;9019.000000;5835.000000;0.000000;185781.000000;9095.000000;0.000000;616.135071
533.000000;9019.000000;6148.000000;0.000000;234181.000000;9095.000000;0.000000;617.381165
534.000000;9019.000000;7174.000000;0.000000;127755.000000;9095.000000;0.000000;618.632690
535.000000;9019.000000;6959.000000;0.000000;203480.000000;9095.000000;0.000000;619.880066
536.000000;9019.000000;6639.000000;0.000000;210726.000000;9095.000000;0.000000;621.143127
537.000000;9019.000000;7122.000000;0.000000;175957.000000;9095.000000;0.000000;622.392944
538.000000;9019.000000;5523.000000;0.000000;200390.000000;9095.000000;0.000000;623.642456
539.000000;9019.000000;6321.000000;0.000000;287811.000000;9095.000000;0.000000;624.920288
540.000000;9019.000000;6173.000000;0.000000;180198.000000;9095.000000;0.000000;626.168091
541.000000;9019.000000;7250.000000;0.000000;168858.000000;9095.000000;0.000000;627.528015
542.000000;9019.000000;7253.000000;0.000000;179984.000000;9095.000000;0.000000;628.781677
543.000000;9019.000000;5948.000000;0.000000;132144.000000;9095.000000;0.000000;630.020386
544.000000;9019.000000;6345.000000;0.000000;269470.000000;9095.000000;0.000000;631.269958
545.000000;9019.000000;8048.000000;0.000000;137662.000000;9095.000000;0.000000;632.538330
546.000000;9019.000000;6744.000000;0.000000;155666.000000;9095.000000;0.000000;633.797852
547.000000;9019.000000;6389.000000;0.000000;269567.000000;9095.000000;0.000000;635.171326
548.000000;9019.000000;6725.000000;0.000000;261690.000000;9095.000000;0.000000;636.444885
549.000000;9019.000000;6729.000000;0.000000;212420.000000;9095.000000;0.000000;637.694397
550.000000;9019.000000;6637.000000;0.000000;140260.000000;9095.000000;0.000000;638.939880
551.000000;9019.000000;6374.000000;0.000000;305892.000000;9095.000000;0.000000;640.195190
552.000000;9019.000000;6713.000000;0.000000;220386.000000;9095.000000;0.000000;641.434937
553.000000;9019.000000;6339.000000;0.000000;384508.000000;9095.000000;0.000000;642.690491
554.000000;9019.000000;7860.000000;0.000000;198672.000000;9095.000000;0.000000;643.934570
555.000000;9019.000000;7327.000000;0.000000;250909.000000;9095.000000;0.000000;645.202515
556.000000;9019.000000;7531.000000;0.000000;242832.000000;9095.000000;0.000000;646.454895
557.000000;9019.000000;6932.000000;0.000000;282492.000000;9095.000000;0.000000;647.712891
558.000000;9019.000000;6328.000000;0.000000;285390.000000;9095.000000;0.000000;648.969849
559.000000;9019.000000;6087.000000;0.000000;264107.000000;9095.000000;0.000000;650.215393
560.000000;9019.000000;6154.000000;0.000000;200678.000000;9095.000000;0.000000;651.491089
561.000000;9019.000000;6540.000000;0.000000;183432.000000;9095.000000;0.000000;652.735168
562.000000;9019.000000;6255.000000;0.000000;323639.000000;9095.000000;0.000000;653.976013
563.000000;9019.000000;6365.000000;0.000000;289599.000000;9095.000000;0.000000;655.242554
564.000000;9019.000000;7056.000000;0.000000;224138.000000;9095.000000;0.000000;656.538940
565.000000;9019.000000;6401.000000;0.000000;187443.000000;9095.000000;0.000000;657.813049
566.000000;9019.000000;6947.000000;0.000000;243015.000000;9095.000000;0.000000;659.135376
567.000000;9019.000000;6138.000000;0.000000;209678.000000;9095.000000;0.000000;660.613770
568.000000;9019.000000;6623.000000;0.000000;296922.000000;9095.000000;0.000000;662.193726
569.000000;9019.000000;7770.000000;0.000000;222366.000000;9095.000000;0.000000;663.731812
570.000000;9019.000000;7926.000000;0.000000;247450.000000;9095.000000;0.000000;665.411011
571.000000;9019.000000;6892.000000;0.000000;248773.000000;9095.000000;0.000000;667.202759
572.000000;9019.000000;7095.000000;0.000000;231542.000000;9095.000000;0.000000;669.196228
573.000000;9019.000000;5633.000000;0.000000;250420.000000;9095.000000;0.000000;670.838562
574.000000;9019.000000;6639.000000;0.000000;223617.000000;9095.000000;0.000000;672.565674
575.000000;9019.000000;6049.000000;0.000000;192222.000000;9095.000000;0.000000;674.297302
576.000000;9019.000000;6633.000000;0.000000;172787.000000;9095.000000;0.000000;676.070435
577.000000;9019.000000;7504.000000;0.000000;243538.000000;9095.000000;0.000000;678.117310
578.000000;9019.000000;7097.000000;0.000000;321398.000000;9095.000000;0.000000;679.668396
579.000000;9019.000000;6121.000000;0.000000;220709.000000;9095.000000;0.000000;681.243652
580.000000;9019.000000;6712.000000;0.000000;254565.000000;9095.000000;0.000000;683.178284
581.000000;9019.000000;6759.000000;0.000000;193285.000000;9095.000000;0.000000;684.795227
582.000000;9019.000000;7061.000000;0.000000;202830.000000;9095.000000;0.000000;686.379028
583.000000;9019.000000;5694.000000;0.000000;274570.000000;9095.000000;0.000000;687.865417
584.000000;9019.000000;6690.000000;0.000000;137499.000000;9095.000000;0.000000;689.417908
585.000000;9019.000000;6050.000000;0.000000;274440.000000;9095.000000;0.000000;690.894287
586.000000;9019.000000;5868.000000;0.000000;153253.000000;9095.000000;0.000000;692.397644
587.000000;9019.000000;6680.000000;0.000000;231524.000000;9095.000000;0.000000;693.824890
588.000000;9019.000000;6406.000000;0.000000;302713.000000;9095.000000;0.000000;695.395813
589.000000;9019.000000;5869.000000;0.000000;300428.000000;9095.000000;0.000000;697.002319
590.000000;9019.000000;6960.000000;0.000000;184524.000000;9095.000000;0.000000;698.457153
591.000000;9019.000000;5948.000000;0.000000;196195.000000;9095.000000;0.000000;699.902344
592.000000;9019.000000;6238.000000;0.000000;265416.000000;9095.000000;0.000000;701.349609
593.000000;9019.000000;7532.000000;0.000000;145909.000000;9095.000000;0.000000;702.955322
594.000000;9019.000000;6782.000000;0.000000;249360.000000;9095.000000;0.000000;704.458801
595.000000;9019.000000;7217.000000;0.000000;321923.000000;9095.000000;0.000000;705.925476
596.000000;9019.000000;7257.000000;0.000000;196181.000000;9095.000000;0.000000;707.376343
597.000000;9019.000000;7911.000000;0.000000;237592.000000;9095.000000;0.000000;708.875183
598.000000;9019.000000;6477.000000;0.000000;202090.000000;9095.000000;0.000000;710.322144
599.000000;9019.000000;6740.000000;0.000000;235595.000000;9095.000000;0.000000;711.743164
600.000000;9019.000000;7500.000000;0.000000;175239.000000;9095.000000;0.000000;713.449280
601.000000;9019.000000;6832.000000;0.000000;250875.000000;9095.000000;0.000000;715.036499
602.000000;9019.000000;6196.000000;0.000000;257945.000000;9095.000000;0.000000;716.681824
603.000000;9019.000000;7091.000000;0.000000;236984.000000;9095.000000;0.000000;718.146912
604.000000;9019.000000;6856.000000;0.000000;248234.000000;9095.000000;0.000000;719.398560
605.000000;9019.000000;7025.000000;0.000000;277696.000000;9095.000000;0.000000;720.653931
606.000000;9019.000000;6266.000000;0.000000;248525.000000;9095.000000;0.000000;721.903625
607.000000;9019.000000;5557.000000;0.000000;159694.000000;9095.000000;0.000000;723.188782
608.000000;9019.000000;6790.000000;0.000000;277795.000000;9095.000000;0.000000;724.449036
609.000000;9019.000000;6816.000000;0.000000;214328.000000;9095.000000;0.000000;725.716064
610.000000;9019.000000;6184.000000;0.000000;242585.000000;9095.000000;0.000000;726.969360
611.000000;9019.000000;6992.000000;0.000000;158445.000000;9095.000000;0.000000;728.211365
612.000000;9019.000000;6588.000000;0.000000;205578.000000;9095.000000;0.000000;729.474182
613.000000;9019.000000;6468.000000;0.000000;216313.000000;9095.000000;0.000000;730.733398
614.000000;9019.000000;5232.000000;0.000000;388612.000000;9095.000000;0.000000;731.980957
615.000000;9019.000000;8161.000000;0.000000;164835.000000;9095.000000;0.000000;733.229614
616.000000;9019.000000;5982.000000;0.000000;353102.000000;9095.000000;0.000000;734.482483
617.000000;9019.000000;6944.000000;0.000000;214382.000000;9095.000000;0.000000;735.741882
618.000000;9019.000000;6142.000000;0.000000;273430.000000;9095.000000;0.000000;736.987671
619.000000;9019.000000;6615.000000;0.000000;179417.000000;9095.000000;0.000000;738.231934
620.000000;9019.000000;5597.000000;0.000000;206764.000000;9095.000000;0.000000;739.483154
621.000000;9019.000000;7025.000000;0.000000;132931.000000;9095.000000;0.000000;740.732483
622.000000;9019.000000;6070.000000;0.000000;235789.000000;9095.000000;0.000000;741.990112
623.000000;9019.000000;5559.000000;0.000000;252528.000000;9095.000000;0.000000;743.246033
624.000000;9019.000000;6218.000000;0.000000;202002.000000;9095.000000;0.000000;744.497009
625.000000;9019.000000;7175.000000;0.000000;151339.000000;9095.000000;0.000000;745.772949
626.000000;9019.000000;6163.000000;0.000000;217052.000000;9095.000000;0.000000;747.020996
627.000000;9019.000000;7860.000000;0.000000;193266.000000;9095.000000;0.000000;748.264648
628.000000;9019.000000;6151.000000;0.000000;245113.000000;9095.000000;0.000000;749.526428
629.000000;9019.000000;7782.000000;0.000000;168439.000000;9095.000000;0.000000;750.812866
630.000000;9019.000000;7085.000000;0.000000;293432.000000;9095.000000;0.000000;752.066711
631.000000;9019.000000;6505.000000;0.000000;136933.000000;9095.000000;0.000000;753.314514
632.000000;9019.000000;6890.000000;0.000000;221493.000000;9095.000000;0.000000;754.556885
633.000000;9019.000000;6345.000000;0.000000;254587.000000;9095.000000;0.000000;755.829651
634.000000;9019.000000;6269.000000;0.000000;268997.000000;9095.000000;0.000000;757.099243
635.000000;9019.000000;7587.000000;0.000000;190902.000000;9095.000000;0.000000;758.356140
636.000000;9019.000000;6832.000000;0.000000;229582.000000;9095.000000;0.000000;759.601318
637.000000;9019.000000;6769.000000;0.000000;185037.000000;9095.000000;0.000000;760.851013
638.000000;9019.000000;6668.000000;0.000000;229926.000000;9095.000000;0.000000;762.091797
639.000000;9019.000000;6915.000000;0.000000;212456.000000;9095.000000;0.000000;763.359009
640.000000;9019.000000;6787.000000;0.000000;195392.000000;9095.000000;0.000000;764.604126
641.000000;9019.000000;5615.000000;0.000000;292258.000000;9095.000000;0.000000;765.885986
642.000000;9019.000000;7194.000000;0.000000;322449.000000;9095.000000;0.000000;767.124084
643.000000;9019.000000;6102.000000;0.000000;224874.000000;9095.000000;0.000000;768.382690
644.000000;9019.000000;6985.000000;0.000000;252407.000000;9095.000000;0.000000;769.695374
645.000000;9019.000000;6240.000000;0.000000;305734.000000;9095.000000;0.000000;770.946960
646.000000;9019.000000;6654.000000;0.000000;233173.000000;9095.000000;0.000000;772.250061
647.000000;9019.000000;6740.000000;0.000000;327262.000000;9095.000000;0.000000;773.507690
648.000000;9019.000000;6391.000000;0.000000;171045.000000;9095.000000;0.000000;774.753662
649.000000;9019.000000;6830.000000;0.000000;134114.000000;9095.000000;0.000000;776.022888
650.000000;9019.000000;6319.000000;0.000000;294938.000000;9095.000000;0.000000;777.269348
651.000000;9019.000000;7303.000000;0.000000;223478.000000;9095.000000;0.000000;778.513672
652.000000;9019.000000;7415.000000;0.000000;137309.000000;9095.000000;0.000000;779.884644
653.000000;9019.000000;7540.000000;0.000000;130213.000000;9095.000000;0.000000;781.173706
654.000000;9019.000000;6564.000000;0.000000;200971.000000;9095.000000;0.000000;782.439148
655.000000;9019.000000;5789.000000;0.000000;225943.000000;9095.000000;0.000000;783.694885
656.000000;9019.000000;7605.000000;0.000000;177420.000000;9095.000000;0.000000;784.958252
657.000000;9019.000000;5876.000000;0.000000;174363.000000;9095.000000;0.000000;786.241089
658.000000;9019.000000;6345.000000;0.000000;258088.000000;9095.000000;0.000000;787.492737
659.000000;9019.000000;5713.000000;0.000000;313221.000000;9095.000000;0.000000;788.750854
660.000000;9019.000000;6870.000000;0.000000;198031.000000;9095.000000;0.000000;789.993591
661.000000;9019.000000;6179.000000;0.000000;286586.000000;9095.000000;0.000000;791.248108
662.000000;9019.000000;6635.000000;0.000000;234876.000000;9095.000000;0.000000;792.492615
663.000000;9019.000000;6969.000000;0.000000;242962.000000;9095.000000;0.000000;793.763062
664.000000;9019.000000;6916.000000;0.000000;192026.000000;9095.000000;0.000000;795.010254
665.000000;9019.000000;5762.000000;0.000000;253530.000000;9095.000000;0.000000;796.275879
666.000000;9019.000000;6994.000000;0.000000;115389.000000;9095.000000;0.000000;797.527344
667.000000;9019.000000;6689.000000;0.000000;279883.000000;9095.000000;0.000000;798.782471
668.000000;9019.000000;6852.000000;0.000000;226710.000000;9095.000000;0.000000;800.078125
669.000000;9019.000000;5725.000000;0.000000;252507.000000;9095.000000;0.000000;801.320312
670.000000;9019.000000;6357.000000;0.000000;158498.000000;9095.000000;0.000000;802.567932
671.000000;9019.000000;6411.000000;0.000000;279189.000000;9095.000000;0.000000;803.805725
672.000000;9019.000000;5226.000000;0.000000;248081.000000;9095.000000;0.000000;805.161316
673.000000;9019.000000;6220.000000;0.000000;326378.000000;9095.000000;0.000000;806.402771
674.000000;9019.000000;6243.000000;0.000000;174761.000000;9095.000000;0.000000;807.643005
675.000000;9019.000000;8438.000000;0.000000;285428.000000;9095.000000;0.000000;808.883057
676.000000;9019.000000;6419.000000;0.000000;244031.000000;9095.000000;0.000000;810.126160
677.000000;9019.000000;8064.000000;0.000000;208993.000000;9095.000000;0.000000;811.378906
678.000000;9019.000000;6805.000000;0.000000;239587.000000;9095.000000;0.000000;812.625366
679.000000;9019.000000;5829.000000;0.000000;221659.000000;9095.000000;0.000000;813.880737
680.000000;9019.000000;5789.000000;0.000000;130898.000000;9095.000000;0.000000;815.151001
681.000000;9019.000000;6840.000000;0.000000;258835.000000;9095.000000;0.000000;816.408447
682.000000;9019.000000;6860.000000;0.000000;221697.000000;9095.000000;0.000000;817.661987
683.000000;9019.000000;6385.000000;0.000000;179168.000000;9095.000000;0.000000;818.901855
684.000000;9019.000000;7672.000000;0.000000;152752.000000;9095.000000;0.000000;820.170898
685.000000;9019.000000;7133.000000;0.000000;263159.000000;9095.000000;0.000000;821.414429
686.000000;9019.000000;5985.000000;0.000000;234543.000000;9095.000000;0.000000;822.730225
687.000000;9019.000000;5847.000000;0.000000;247493.000000;9095.000000;0.000000;823.973694
688.000000;9019.000000;6133.000000;0.000000;265232.000000;9095.000000;0.000000;825.238037
689.000000;9019.000000;6999.000000;0.000000;107728.000000;9095.000000;0.000000;826.490601
690.000000;9019.000000;7773.000000;0.000000;119150.000000;9095.000000;0.000000;827.731140
691.000000;9019.000000;6124.000000;0.000000;332196.000000;9095.000000;0.000000;828.972534
692.000000;9019.000000;6371.000000;0.000000;209962.000000;9095.000000;0.000000;830.224609
693.000000;9019.000000;5629.000000;0.000000;175556.000000;9095.000000;0.000000;831.471741
694.000000;9019.000000;6958.000000;0.000000;121320.000000;9095.000000;0.000000;832.816833
695.000000;9019.000000;5963.000000;0.000000;184191.000000;9095.000000;0.000000;834.097656
696.000000;9019.000000;5671.000000;0.000000;308027.000000;9095.000000;0.000000;835.351562
697.000000;9019.000000;6794.000000;0.000000;259890.000000;9095.000000;0.000000;836.591248
698.000000;9019.000000;6298.000000;0.000000;274221.000000;9095.000000;0.000000;837.839600
699.000000;9019.000000;7140.000000;0.000000;128238.000000;9095.000000;0.000000;839.081421
700.000000;9019.000000;7256.000000;0.000000;285942.000000;9095.000000;0.000000;840.322144
701.000000;9019.000000;6831.000000;0.000000;241814.000000;9095.000000;0.000000;841.561768
702.000000;9019.000000;7085.000000;0.000000;235663.000000;9095.000000;0.000000;842.796326
703.000000;9019.000000;8716.000000;0.000000;164925.000000;9095.000000;0.000000;844.032654
704.000000;9019.000000;7410.000000;0.000000;195187.000000;9095.000000;0.000000;845.266174
705.000000;9019.000000;6783.000000;0.000000;248647.000000;9095.000000;0.000000;846.527161
706.000000;9019.000000;5574.000000;0.000000;168362.000000;9095.000000;0.000000;847.764648
707.000000;9019.000000;6633.000000;0.000000;427485.000000;9095.000000;0.000000;848.995300
708.000000;9019.000000;5185.000000;0.000000;278515.000000;9095.000000;0.000000;850.239868
709.000000;9019.000000;6450.000000;0.000000;225153.000000;9095.000000;0.000000;851.477783
710.000000;9019.000000;6538.000000;0.000000;264817.000000;9095.000000;0.000000;852.719482
711.000000;9019.000000;7156.000000;0.000000;250713.000000;9095.000000;0.000000;853.964905
712.000000;9019.000000;6037.000000;0.000000;195441.000000;9095.000000;0.000000;855.209656
713.000000;9019.000000;7119.000000;0.000000;261363.000000;9095.000000;0.000000;856.479309
714.000000;9019.000000;6299.000000;0.000000;255709.000000;9095.000000;0.000000;857.719604
715.000000;9019.000000;6757.000000;0.000000;237338.000000;9095.000000;0.000000;858.954224
716.000000;9019.000000;6648.000000;0.000000;245625.000000;9095.000000;0.000000;860.194031
717.000000;9019.000000;5844.000000;0.000000;264464.000000;9095.000000;0.000000;861.432861
718.000000;9019.000000;6782.000000;0.000000;224015.000000;9095.000000;0.000000;862.665222
719.000000;9019.000000;6484.000000;0.000000;419568.000000;9095.000000;0.000000;863.931824
720.000000;9019.000000;5857.000000;0.000000;200818.000000;9095.000000;0.000000;865.178284
721.000000;9019.000000;6597.000000;0.000000;268889.000000;9095.000000;0.000000;866.443298
722.000000;9019.000000;6031.000000;0.000000;198461.000000;9095.000000;0.000000;867.678833
723.000000;9019.000000;7199.000000;0.000000;156062.000000;9095.000000;0.000000;868.913391
724.000000;9019.000000;6318.000000;0.000000;241752.000000;9095.000000;0.000000;870.155457
725.000000;9019.000000;6685.000000;0.000000;250108.000000;9095.000000;0.000000;871.391235
726.000000;9019.000000;5748.000000;0.000000;232225.000000;9095.000000;0.000000;872.626648
727.000000;9019.000000;8451.000000;0.000000;211046.000000;9095.000000;0.000000;873.858521
728.000000;9019.000000;6227.000000;0.000000;224341.000000;9095.000000;0.000000;875.110413
729.000000;9019.000000;6480.000000;0.000000;164798.000000;9095.000000;0.000000;876.379700
730.000000;9019.000000;5818.000000;0.000000;284344.000000;9095.000000;0.000000;877.621216
731.000000;9019.000000;5962.000000;0.000000;115635.000000;9095.000000;0.000000;878.861572
732.000000;9019.000000;6996.000000;0.000000;267029.000000;9095.000000;0.000000;880.114502
733.000000;9019.000000;7378.000000;0.000000;167014.000000;9095.000000;0.000000;881.358398
734.000000;9019.000000;5959.000000;0.000000;240250.000000;9095.000000;0.000000;882.612366
735.000000;9019.000000;7511.000000;0.000000;131824.000000;9095.000000;0.000000;883.849915
736.000000;9019.000000;6391.000000;0.000000;217624.000000;9095.000000;0.000000;885.095581
737.000000;9019.000000;7374.000000;0.000000;252850.000000;9095.000000;0.000000;886.359375
738.000000;9019.000000;5977.000000;0.000000;189843.000000;9095.000000;0.000000;887.593567
739.000000;9019.000000;6416.000000;0.000000;218970.000000;9095.000000;0.000000;888.846008
740.000000;9019.000000;7019.000000;0.000000;192553.000000;9095.000000;0.000000;890.093018
741.000000;9019.000000;7890.000000;0.000000;181860.000000;9095.000000;0.000000;891.336548
742.000000;9019.000000;7163.000000;0.000000;256997.000000;9095.000000;0.000000;892.570923
743.000000;9019.000000;7094.000000;0.000000;243772.000000;9095.000000;0.000000;893.805420
744.000000;9019.000000;7451.000000;0.000000;194263.000000;9095.000000;0.000000;895.043030
745.000000;9019.000000;6703.000000;0.000000;181381.000000;9095.000000;0.000000;896.306763
746.000000;9019.000000;6233.000000;0.000000;200549.000000;9095.000000;0.000000;897.542786
747.000000;9019.000000;6658.000000;0.000000;228823.000000;9095.000000;0.000000;898.790039
748.000000;9019.000000;6469.000000;0.000000;231904.000000;9095.000000;0.000000;900.036560
749.000000;9019.000000;6968.000000;0.000000;233483.000000;9095.000000;0.000000;901.281616
750.000000;9019.000000;7078.000000;0.000000;212013.000000;9095.000000;0.000000;902.530823
751.000000;9019.000000;6461.000000;0.000000;245822.000000;9095.000000;0.000000;903.775269
752.000000;9019.000000;6940.000000;0.000000;99688.000000;9095.000000;0.000000;905.028320
753.000000;9019.000000;7448.000000;0.000000;302454.000000;9095.000000;0.000000;906.312622
754.000000;9019.000000;6744.000000;0.000000;177880.000000;9095.000000;0.000000;907.548950
755.000000;9019.000000;6175.000000;0.000000;233835.000000;9095.000000;0.000000;908.791565
756.000000;9019.000000;6245.000000;0.000000;260591.000000;9095.000000;0.000000;910.049438
757.000000;9019.000000;6695.000000;0.000000;252172.000000;9095.000000;0.000000;911.300903
758.000000;9019.000000;6356.000000;0.000000;241214.000000;9095.000000;0.000000;912.542664
759.000000;9019.000000;6227.000000;0.000000;311480.000000;9095.000000;0.000000;913.789246
760.000000;9019.000000;6154.000000;0.000000;209291.000000;9095.000000;0.000000;915.026917
761.000000;9019.000000;6284.000000;0.000000;210678.000000;9095.000000;0.000000;916.296692
762.000000;9019.000000;6140.000000;0.000000;195423.000000;9095.000000;0.000000;917.529541
763.000000;9019.000000;6034.000000;0.000000;222467.000000;9095.000000;0.000000;918.761169
764.000000;9019.000000;6367.000000;0.000000;238843.000000;9095.000000;0.000000;919.999817
765.000000;9019.000000;6855.000000;0.000000;213880.000000;9095.000000;0.000000;921.234192
766.000000;9019.000000;7390.000000;0.000000;335288.000000;9095.000000;0.000000;922.479736
767.000000;9019.000000;6040.000000;0.000000;186053.000000;9095.000000;0.000000;923.717590
768.000000;9019.000000;6622.000000;0.000000;262137.000000;9095.000000;0.000000;924.951843
769.000000;9019.000000;6956.000000;0.000000;279636.000000;9095.000000;0.000000;926.213257
770.000000;9019.000000;6176.000000;0.000000;207493.000000;9095.000000;0.000000;927.551331
771.000000;9019.000000;6134.000000;0.000000;276702.000000;9095.000000;0.000000;928.795105
772.000000;9019.000000;6192.000000;0.000000;164567.000000;9095.000000;0.000000;930.037842
773.000000;9019.000000;6526.000000;0.000000;227601.000000;9095.000000;0.000000;931.277527
774.000000;9019.000000;6848.000000;0.000000;267782.000000;9095.000000;0.000000;932.510315
775.000000;9019.000000;6150.000000;0.000000;273348.000000;9095.000000;0.000000;933.754639
776.000000;9019.000000;6467.000000;0.000000;282119.000000;9095.000000;0.000000;935.010315
777.000000;9019.000000;7071.000000;0.000000;204976.000000;9095.000000;0.000000;936.281311
778.000000;9019.000000;7214.000000;0.000000;247434.000000;9095.000000;0.000000;937.516174
779.000000;9019.000000;7263.000000;0.000000;307557.000000;9095.000000;0.000000;938.763367
780.000000;9019.000000;6672.000000;0.000000;204916.000000;9095.000000;0.000000;940.000488
781.000000;9019.000000;6841.000000;0.000000;125954.000000;9095.000000;0.000000;941.250366
782.000000;9019.000000;6087.000000;0.000000;288941.000000;9095.000000;0.000000;942.551392
783.000000;9019.000000;5997.000000;0.000000;232888.000000;9095.000000;0.000000;943.793030
784.000000;9019.000000;5912.000000;0.000000;190525.000000;9095.000000;0.000000;945.049805
785.000000;9019.000000;6118.000000;0.000000;143257.000000;9095.000000;0.000000;946.312927
786.000000;9019.000000;7121.000000;0.000000;208982.000000;9095.000000;0.000000;947.547974
787.000000;9019.000000;7406.000000;0.000000;192424.000000;9095.000000;0.000000;948.777222
788.000000;9019.000000;7451.000000;0.000000;237213.000000;9095.000000;0.000000;950.027100
789.000000;9019.000000;5953.000000;0.000000;193075.000000;9095.000000;0.000000;951.270203
790.000000;9019.000000;6950.000000;0.000000;259892.000000;9095.000000;0.000000;952.506592
791.000000;9019.000000;7971.000000;0.000000;105523.000000;9095.000000;0.000000;953.757812
792.000000;9019.000000;5941.000000;0.000000;117987.000000;9095.000000;0.000000;954.991638
793.000000;9019.000000;7075.000000;0.000000;188650.000000;9095.000000;0.000000;956.259888
794.000000;9019.000000;5469.000000;0.000000;336825.000000;9095.000000;0.000000;957.504883
795.000000;9019.000000;6760.000000;0.000000;270492.000000;9095.000000;0.000000;958.739014
796.000000;9019.000000;5928.000000;0.000000;368321.000000;9095.000000;0.000000;959.973633
797.000000;9019.000000;5931.000000;0.000000;134003.000000;9095.000000;0.000000;961.208008
798.000000;9019.000000;6848.000000;0.000000;217398.000000;9095.000000;0.000000;962.446838
799.000000;9019.000000;6999.000000;0.000000;199272.000000;9095.000000;0.000000;963.681335
800.000000;9019.000000;6978.000000;0.000000;239407.000000;9095.000000;0.000000;964.917725
801.000000;9019.000000;6596.000000;0.000000;286228.000000;9095.000000;0.000000;966.189392
802.000000;9019.000000;6130.000000;0.000000;182042.000000;9095.000000;0.000000;967.434204
803.000000;9019.000000;5456.000000;0.000000;250280.000000;9095.000000;0.000000;968.677368
804.000000;9019.000000;6329.000000;0.000000;224155.000000;9095.000000;0.000000;969.916809
805.000000;9019.000000;5896.000000;0.000000;206623.000000;9095.000000;0.000000;971.162354
806.000000;9019.000000;5323.000000;0.000000;205275.000000;9095.000000;0.000000;972.408752
807.000000;9019.000000;6651.000000;0.000000;234397.000000;9095.000000;0.000000;973.674500
808.000000;9019.000000;7641.000000;0.000000;274010.000000;9095.000000;0.000000;974.912781
809.000000;9019.000000;6519.000000;0.000000;285329.000000;9095.000000;0.000000;976.162415
810.000000;9019.000000;7192.000000;0.000000;180475.000000;9095.000000;0.000000;977.401184
811.000000;9019.000000;6374.000000;0.000000;341737.000000;9095.000000;0.000000;978.658508
812.000000;9019.000000;6577.000000;0.000000;113980.000000;9095.000000;0.000000;979.900269
813.000000;9019.000000;6528.000000;0.000000;190066.000000;9095.000000;0.000000;981.147278
814.000000;9019.000000;5637.000000;0.000000;296493.000000;9095.000000;0.000000;982.399658
815.000000;9019.000000;5573.000000;0.000000;254902.000000;9095.000000;0.000000;983.637146
816.000000;9019.000000;6334.000000;0.000000;202845.000000;9095.000000;0.000000;984.887512
817.000000;9019.000000;6572.000000;0.000000;176516.000000;9095.000000;0.000000;986.152710
818.000000;9019.000000;6058.000000;0.000000;189654.000000;9095.000000;0.000000;987.404236
819.000000;9019.000000;6028.000000;0.000000;296291.000000;9095.000000;0.000000;988.664001
820.000000;9019.000000;6528.000000;0.000000;169264.000000;9095.000000;0.000000;989.915344
821.000000;9019.000000;6046.000000;0.000000;237197.000000;9095.000000;0.000000;991.164368
822.000000;9019.000000;8935.000000;0.000000;175263.000000;9095.000000;0.000000;992.405579
823.000000;9019.000000;6885.000000;0.000000;177832.000000;9095.000000;0.000000;993.642273
824.000000;9019.000000;6967.000000;0.000000;280191.000000;9095.000000;0.000000;994.882324
825.000000;9019.000000;6784.000000;0.000000;311895.000000;9095.000000;0.000000;996.153748
826.000000;9019.000000;6904.000000;0.000000;315600.000000;9095.000000;0.000000;997.398376
827.000000;9019.000000;6124.000000;0.000000;289455.000000;9095.000000;0.000000;998.636902
828.000000;9019.000000;6294.000000;0.000000;246974.000000;9095.000000;0.000000;999.886292
829.000000;9019.000000;5914.000000;0.000000;244184.000000;9095.000000;0.000000;1001.125671
830.000000;9019.000000;6531.000000;0.000000;248720.000000;9095.000000;0.000000;1002.427185
831.000000;9019.000000;6238.000000;0.000000;312856.000000;9095.000000;0.000000;1003.660767
832.000000;9019.000000;6432.000000;0.000000;241755.000000;9095.000000;0.000000;1004.899536
833.000000;9019.000000;5836.000000;0.000000;340707.000000;9095.000000;0.000000;1006.152771
834.000000;9019.000000;7217.000000;0.000000;163804.000000;9095.000000;0.000000;1007.415527
835.000000;9019.000000;6536.000000;0.000000;254234.000000;9095.000000;0.000000;1008.663452
836.000000;9019.000000;6527.000000;0.000000;264316.000000;9095.000000;0.000000;1009.906860
837.000000;9019.000000;5711.000000;0.000000;274388.000000;9095.000000;0.000000;1011.163452
838.000000;9019.000000;6417.000000;0.000000;195712.000000;9095.000000;0.000000;1012.396667
839.000000;9019.000000;6801.000000;0.000000;271176.000000;9095.000000;0.000000;1013.633240
840.000000;9019.000000;6429.000000;0.000000;209287.000000;9095.000000;0.000000;1014.866028
841.000000;9019.000000;6712.000000;0.000000;189377.000000;9095.000000;0.000000;1016.121887
842.000000;9019.000000;6897.000000;0.000000;190136.000000;9095.000000;0.000000;1017.388489
843.000000;9019.000000;7452.000000;0.000000;123654.000000;9095.000000;0.000000;1018.623474
844.000000;9019.000000;6410.000000;0.000000;246118.000000;9095.000000;0.000000;1019.863037
845.000000;9019.000000;7071.000000;0.000000;222990.000000;9095.000000;0.000000;1021.114441
846.000000;9019.000000;7006.000000;0.000000;232289.000000;9095.000000;0.000000;1022.359619
847.000000;9019.000000;6763.000000;0.000000;172124.000000;9095.000000;0.000000;1023.605530
848.000000;9019.000000;6395.000000;0.000000;141222.000000;9095.000000;0.000000;1024.867065
849.000000;9019.000000;6291.000000;0.000000;222713.000000;9095.000000;0.000000;1026.120361
850.000000;9019.000000;6579.000000;0.000000;259752.000000;9095.000000;0.000000;1027.370483
851.000000;9019.000000;6358.000000;0.000000;177549.000000;9095.000000;0.000000;1028.611572
852.000000;9019.000000;6581.000000;0.000000;88044.000000;9095.000000;0.000000;1029.851318
853.000000;9019.000000;6116.000000;0.000000;214106.000000;9095.000000;0.000000;1031.095093
854.000000;9019.000000;6692.000000;0.000000;252990.000000;9095.000000;0.000000;1032.335571
855.000000;9019.000000;6794.000000;0.000000;283365.000000;9095.000000;0.000000;1033.571899
856.000000;9019.000000;5902.000000;0.000000;255693.000000;9095.000000;0.000000;1034.811890
857.000000;9019.000000;7044.000000;0.000000;211223.000000;9095.000000;0.000000;1036.044067
858.000000;9019.000000;7586.000000;0.000000;227377.000000;9095.000000;0.000000;1037.307983
859.000000;9019.000000;6849.000000;0.000000;134904.000000;9095.000000;0.000000;1038.552979
860.000000;9019.000000;5986.000000;0.000000;278834.000000;9095.000000;0.000000;1039.800903
861.000000;9019.000000;7212.000000;0.000000;200778.000000;9095.000000;0.000000;1041.047729
862.000000;9019.000000;6303.000000;0.000000;287782.000000;9095.000000;0.000000;1042.303711
863.000000;9019.000000;7548.000000;0.000000;140908.000000;9095.000000;0.000000;1043.544312
864.000000;9019.000000;5935.000000;0.000000;247956.000000;9095.000000;0.000000;1044.779907
865.000000;9019.000000;7667.000000;0.000000;172413.000000;9095.000000;0.000000;1046.009399
866.000000;9019.000000;7746.000000;0.000000;223938.000000;9095.000000;0.000000;1047.272827
867.000000;9019.000000;6241.000000;0.000000;317595.000000;9095.000000;0.000000;1048.509155
868.000000;9019.000000;6987.000000;0.000000;153079.000000;9095.000000;0.000000;1049.752563
869.000000;9019.000000;6611.000000;0.000000;222943.000000;9095.000000;0.000000;1051.007080
870.000000;9019.000000;6953.000000;0.000000;242299.000000;9095.000000;0.000000;1052.264038
871.000000;9019.000000;7155.000000;0.000000;297449.000000;9095.000000;0.000000;1053.521973
872.000000;9019.000000;5854.000000;0.000000;203172.000000;9095.000000;0.000000;1054.754395
873.000000;9019.000000;6228.000000;0.000000;335029.000000;9095.000000;0.000000;1056.002197
874.000000;9019.000000;7153.000000;0.000000;232560.000000;9095.000000;0.000000;1057.286865
875.000000;9019.000000;6286.000000;0.000000;261556.000000;9095.000000;0.000000;1058.528809
876.000000;9019.000000;6742.000000;0.000000;205816.000000;9095.000000;0.000000;1059.779663
877.000000;9019.000000;7457.000000;0.000000;229930.000000;9095.000000;0.000000;1061.009399
878.000000;9019.000000;6876.000000;0.000000;109571.000000;9095.000000;0.000000;1062.245850
879.000000;9019.000000;7551.000000;0.000000;236723.000000;9095.000000;0.000000;1063.496704
880.000000;9019.000000;6961.000000;0.000000;126952.000000;9095.000000;0.000000;1064.733398
881.000000;9019.000000;5920.000000;0.000000;326217.000000;9095.000000;0.000000;1065.979492
882.000000;9019.000000;6441.000000;0.000000;199185.000000;9095.000000;0.000000;1067.258057
883.000000;9019.000000;5357.000000;0.000000;232383.000000;9095.000000;0.000000;1068.489380
884.000000;9019.000000;6792.000000;0.000000;173025.000000;9095.000000;0.000000;1069.779175
885.000000;9019.000000;5217.000000;0.000000;277094.000000;9095.000000;0.000000;1071.020996
886.000000;9019.000000;6639.000000;0.000000;228499.000000;9095.000000;0.000000;1072.279053
887.000000;9019.000000;6900.000000;0.000000;313181.000000;9095.000000;0.000000;1073.554443
888.000000;9019.000000;6920.000000;0.000000;285629.000000;9095.000000;0.000000;1074.786133
889.000000;9019.000000;6419.000000;0.000000;278780.000000;9095.000000;0.000000;1076.021851
890.000000;9019.000000;6312.000000;0.000000;274300.000000;9095.000000;0.000000;1077.277710
891.000000;9019.000000;6459.000000;0.000000;280746.000000;9095.000000;0.000000;1078.528564
892.000000;9019.000000;6318.000000;0.000000;244758.000000;9095.000000;0.000000;1079.762329
893.000000;9019.000000;6241.000000;0.000000;198586.000000;9095.000000;0.000000;1081.053955
894.000000;9019.000000;6362.000000;0.000000;135808.000000;9095.000000;0.000000;1082.303955
895.000000;9019.000000;6816.000000;0.000000;198173.000000;9095.000000;0.000000;1083.543579
896.000000;9019.000000;5969.000000;0.000000;103868.000000;9095.000000;0.000000;1084.784912
897.000000;9019.000000;6536.000000;0.000000;182325.000000;9095.000000;0.000000;1086.038940
898.000000;9019.000000;7410.000000;0.000000;190646.000000;9095.000000;0.000000;1087.318481
899.000000;9019.000000;6509.000000;0.000000;218849.000000;9095.000000;0.000000;1088.552734
900.000000;9019.000000;6273.000000;0.000000;257094.000000;9095.000000;0.000000;1089.797119
901.000000;9019.000000;6102.000000;0.000000;90538.000000;9095.000000;0.000000;1091.053833
902.000000;9019.000000;5881.000000;0.000000;330956.000000;9095.000000;0.000000;1092.298462
903.000000;9019.000000;6180.000000;0.000000;305087.000000;9095.000000;0.000000;1093.536743
904.000000;9019.000000;5980.000000;0.000000;165637.000000;9095.000000;0.000000;1094.769897
905.000000;9019.000000;6462.000000;0.000000;336187.000000;9095.000000;0.000000;1096.010864
906.000000;9019.000000;7022.000000;0.000000;223978.000000;9095.000000;0.000000;1097.269653
907.000000;9019.000000;5609.000000;0.000000;246707.000000;9095.000000;0.000000;1098.501831
908.000000;9019.000000;6380.000000;0.000000;166494.000000;9095.000000;0.000000;1099.736572
909.000000;9019.000000;6205.000000;0.000000;218100.000000;9095.000000;0.000000;1100.970093
910.000000;9019.000000;7560.000000;0.000000;148060.000000;9095.000000;0.000000;1102.205566
911.000000;9019.000000;6230.000000;0.000000;333977.000000;9095.000000;0.000000;1103.436646
912.000000;9019.000000;6922.000000;0.000000;189317.000000;9095.000000;0.000000;1104.682007
913.000000;9019.000000;6121.000000;0.000000;244313.000000;9095.000000;0.000000;1105.936646
914.000000;9019.000000;6064.000000;0.000000;236898.000000;9095.000000;0.000000;1107.211426
915.000000;9019.000000;6295.000000;0.000000;198367.000000;9095.000000;0.000000;1108.456543
916.000000;9019.000000;7348.000000;0.000000;211489.000000;9095.000000;0.000000;1109.701904
917.000000;9019.000000;6642.000000;0.000000;255902.000000;9095.000000;0.000000;1110.946289
918.000000;9019.000000;7124.000000;0.000000;242207.000000;9095.000000;0.000000;1112.188110
919.000000;9019.000000;6237.000000;0.000000;189270.000000;9095.000000;0.000000;1113.424561
920.000000;9019.000000;6674.000000;0.000000;280598.000000;9095.000000;0.000000;1114.665649
921.000000;9019.000000;6071.000000;0.000000;196920.000000;9095.000000;0.000000;1115.923950
922.000000;9019.000000;7324.000000;0.000000;126992.000000;9095.000000;0.000000;1117.190430
923.000000;9019.000000;6117.000000;0.000000;257511.000000;9095.000000;0.000000;1118.450684
924.000000;9019.000000;5363.000000;0.000000;253830.000000;9095.000000;0.000000;1119.685425
925.000000;9019.000000;6382.000000;0.000000;306656.000000;9095.000000;0.000000;1120.923828
926.000000;9019.000000;7165.000000;0.000000;170072.000000;9095.000000;0.000000;1122.160645
927.000000;9019.000000;6358.000000;0.000000;217481.000000;9095.000000;0.000000;1123.403320
928.000000;9019.000000;6558.000000;0.000000;182870.000000;9095.000000;0.000000;1124.637329
929.000000;9019.000000;5364.000000;0.000000;290939.000000;9095.000000;0.000000;1125.871216
930.000000;9019.000000;6881.000000;0.000000;193957.000000;9095.000000;0.000000;1127.136230
931.000000;9019.000000;6513.000000;0.000000;157584.000000;9095.000000;0.000000;1128.370972
932.000000;9019.000000;6709.000000;0.000000;230497.000000;9095.000000;0.000000;1129.612061
933.000000;9019.000000;7511.000000;0.000000;230821.000000;9095.000000;0.000000;1130.840454
934.000000;9019.000000;7656.000000;0.000000;261970.000000;9095.000000;0.000000;1132.091919
935.000000;9019.000000;5558.000000;0.000000;312091.000000;9095.000000;0.000000;1133.327271
936.000000;9019.000000;6513.000000;0.000000;177991.000000;9095.000000;0.000000;1134.573486
937.000000;9019.000000;6283.000000;0.000000;196655.000000;9095.000000;0.000000;1135.808105
938.000000;9019.000000;6964.000000;0.000000;117254.000000;9095.000000;0.000000;1137.068237
939.000000;9019.000000;6238.000000;0.000000;164253.000000;9095.000000;0.000000;1138.308838
940.000000;9019.000000;6273.000000;0.000000;192898.000000;9095.000000;0.000000;1139.552002
941.000000;9019.000000;6849.000000;0.000000;208998.000000;9095.000000;0.000000;1140.801514
942.000000;9019.000000;7087.000000;0.000000;122387.000000;9095.000000;0.000000;1142.050903
943.000000;9019.000000;7704.000000;0.000000;216779.000000;9095.000000;0.000000;1143.287598
944.000000;9019.000000;5718.000000;0.000000;302910.000000;9095.000000;0.000000;1144.525146
945.000000;9019.000000;7147.000000;0.000000;321265.000000;9095.000000;0.000000;1145.765869
946.000000;9019.000000;6286.000000;0.000000;178374.000000;9095.000000;0.000000;1147.020752
947.000000;9019.000000;6482.000000;0.000000;313422.000000;9095.000000;0.000000;1148.300781
948.000000;9019.000000;6995.000000;0.000000;139231.000000;9095.000000;0.000000;1149.551514
949.000000;9019.000000;6816.000000;0.000000;243181.000000;9095.000000;0.000000;1150.790405
950.000000;9019.000000;7752.000000;0.000000;101787.000000;9095.000000;0.000000;1152.030396
951.000000;9019.000000;5981.000000;0.000000;205680.000000;9095.000000;0.000000;1153.291016
952.000000;9019.000000;7097.000000;0.000000;124466.000000;9095.000000;0.000000;1154.526245
953.000000;9019.000000;5840.000000;0.000000;228555.000000;9095.000000;0.000000;1155.762695
954.000000;9019.000000;6396.000000;0.000000;137290.000000;9095.000000;0.000000;1157.010010
955.000000;9019.000000;5866.000000;0.000000;217702.000000;9095.000000;0.000000;1158.259399
956.000000;9019.000000;6194.000000;0.000000;234060.000000;9095.000000;0.000000;1159.495117
957.000000;9019.000000;5842.000000;0.000000;291229.000000;9095.000000;0.000000;1160.732910
958.000000;9019.000000;7024.000000;0.000000;229657.000000;9095.000000;0.000000;1161.999878
959.000000;9019.000000;7069.000000;0.000000;171634.000000;9095.000000;0.000000;1163.244507
960.000000;9019.000000;6207.000000;0.000000;331640.000000;9095.000000;0.000000;1164.482910
961.000000;9019.000000;6521.000000;0.000000;187609.000000;9095.000000;0.000000;1165.727051
962.000000;9019.000000;6867.000000;0.000000;277719.000000;9095.000000;0.000000;1166.978882
963.000000;9019.000000;7815.000000;0.000000;153375.000000;9095.000000;0.000000;1168.249878
964.000000;9019.000000;7354.000000;0.000000;363791.000000;9095.000000;0.000000;1169.504272
965.000000;9019.000000;6171.000000;0.000000;246768.000000;9095.000000;0.000000;1170.753906
966.000000;9019.000000;7154.000000;0.000000;312490.000000;9095.000000;0.000000;1171.999268
967.000000;9019.000000;8123.000000;0.000000;217159.000000;9095.000000;0.000000;1173.252319
968.000000;9019.000000;7359.000000;0.000000;194385.000000;9095.000000;0.000000;1174.495850
969.000000;9019.000000;6690.000000;0.000000;312915.000000;9095.000000;0.000000;1175.732788
970.000000;9019.000000;7688.000000;0.000000;143848.000000;9095.000000;0.000000;1176.976196
971.000000;9019.000000;6987.000000;0.000000;196179.000000;9095.000000;0.000000;1178.232910
972.000000;9019.000000;6716.000000;0.000000;303429.000000;9095.000000;0.000000;1179.477539
973.000000;9019.000000;6721.000000;0.000000;246607.000000;9095.000000;0.000000;1180.718384
974.000000;9019.000000;5618.000000;0.000000;179387.000000;9095.000000;0.000000;1181.956665
975.000000;9019.000000;6383.000000;0.000000;306957.000000;9095.000000;0.000000;1183.208740
976.000000;9019.000000;6619.000000;0.000000;287469.000000;9095.000000;0.000000;1184.458618
977.000000;9019.000000;6867.000000;0.000000;219060.000000;9095.000000;0.000000;1185.704102
978.000000;9019.000000;6416.000000;0.000000;205506.000000;9095.000000;0.000000;1186.953491
979.000000;9019.000000;6150.000000;0.000000;301859.000000;9095.000000;0.000000;1188.211548
980.000000;9019.000000;6845.000000;0.000000;132656.000000;9095.000000;0.000000;1189.451660
981.000000;9019.000000;7859.000000;0.000000;102841.000000;9095.000000;0.000000;1190.697021
982.000000;9019.000000;7037.000000;0.000000;232624.000000;9095.000000;0.000000;1192.106079
983.000000;9019.000000;6592.000000;0.000000;197288.000000;9095.000000;0.000000;1193.353149
984.000000;9019.000000;6599.000000;0.000000;208832.000000;9095.000000;0.000000;1194.592407
985.000000;9019.000000;5901.000000;0.000000;252544.000000;9095.000000;0.000000;1195.827515
986.000000;9019.000000;7302.000000;0.000000;164160.000000;9095.000000;0.000000;1197.072021
987.000000;9019.000000;6827.000000;0.000000;202969.000000;9095.000000;0.000000;1198.332153
988.000000;9019.000000;9027.000000;0.000000;176348.000000;9095.000000;0.000000;1199.574219
989.000000;9019.000000;7486.000000;0.000000;231853.000000;9095.000000;0.000000;1200.813721
990.000000;9019.000000;7419.000000;0.000000;217588.000000;9095.000000;0.000000;1202.066040
991.000000;9019.000000;7971.000000;0.000000;163602.000000;9095.000000;0.000000;1203.304443
992.000000;9019.000000;7348.000000;0.000000;237850.000000;9095.000000;0.000000;1204.553711
993.000000;9019.000000;7020.000000;0.000000;280142.000000;9095.000000;0.000000;1205.793945
994.000000;9019.000000;6674.000000;0.000000;248389.000000;9095.000000;0.000000;1207.032959
995.000000;9019.000000;6877.000000;0.000000;266282.000000;9095.000000;0.000000;1208.304199
996.000000;9019.000000;6159.000000;0.000000;247791.000000;9095.000000;0.000000;1209.553589
997.000000;9019.000000;7011.000000;0.000000;203671.000000;9095.000000;0.000000;1210.791504
998.000000;9019.000000;7108.000000;0.000000;265530.000000;9095.000000;0.000000;1212.024536
999.000000;9019.000000;6240.000000;0.000000;100918.000000;9095.000000;0.000000;1213.288696
1000.000000;9019.000000;6898.000000;0.000000;323723.000000;9095.000000;0.000000;1214.528564
1001.000000;9019.000000;6141.000000;0.000000;121649.000000;9095.000000;0.000000;1215.783691
1002.000000;9019.000000;6432.000000;0.000000;250870.000000;9095.000000;0.000000;1217.050415
1003.000000;9019.000000;6986.000000;0.000000;144362.000000;9095.000000;0.000000;1218.333008
1004.000000;9019.000000;6547.000000;0.000000;209000.000000;9095.000000;0.000000;1219.577148
1005.000000;9019.000000;5887.000000;0.000000;249530.000000;9095.000000;0.000000;1220.820435
1006.000000;9019.000000;7072.000000;0.000000;161397.000000;9095.000000;0.000000;1222.064209
1007.000000;9019.000000;5287.000000;0.000000;318771.000000;9095.000000;0.000000;1223.304932
1008.000000;9019.000000;7907.000000;0.000000;126561.000000;9095.000000;0.000000;1224.547974
1009.000000;9019.000000;6942.000000;0.000000;247497.000000;9095.000000;0.000000;1225.791748
1010.000000;9019.000000;6574.000000;0.000000;224303.000000;9095.000000;0.000000;1227.046387
1011.000000;9019.000000;6635.000000;0.000000;157144.000000;9095.000000;0.000000;1228.382080
1012.000000;9019.000000;6739.000000;0.000000;274535.000000;9095.000000;0.000000;1229.622070
1013.000000;9019.000000;6780.000000;0.000000;270382.000000;9095.000000;0.000000;1230.864136
1014.000000;9019.000000;7470.000000;0.000000;212859.000000;9095.000000;0.000000;1232.106323
1015.000000;9019.000000;5899.000000;0.000000;211104.000000;9095.000000;0.000000;1233.345215
1016.000000;9019.000000;7392.000000;0.000000;178461.000000;9095.000000;0.000000;1234.589966
1017.000000;9019.000000;7013.000000;0.000000;214925.000000;9095.000000;0.000000;1235.830566
1018.000000;9019.000000;6090.000000;0.000000;197266.000000;9095.000000;0.000000;1237.074341
1019.000000;9019.000000;5534.000000;0.000000;208333.000000;9095.000000;0.000000;1238.341064
1020.000000;9019.000000;6980.000000;0.000000;208763.000000;9095.000000;0.000000;1239.583984
1021.000000;9019.000000;5628.000000;0.000000;314538.000000;9095.000000;0.000000;1240.833008
1022.000000;9019.000000;5195.000000;0.000000;226235.000000;9095.000000;0.000000;1242.075195
1023.000000;9019.000000;6055.000000;0.000000;264267.000000;9095.000000;0.000000;1243.381592
1024.000000;9019.000000;5728.000000;0.000000;356249.000000;9095.000000;0.000000;1244.613525
1025.000000;9019.000000;7578.000000;0.000000;204341.000000;9095.000000;0.000000;1245.863403
1026.000000;9019.000000;7065.000000;0.000000;177165.000000;9095.000000;0.000000;1247.109131
1027.000000;9019.000000;7762.000000;0.000000;210963.000000;9095.000000;0.000000;1248.381104
1028.000000;9019.000000;6984.000000;0.000000;117287.000000;9095.000000;0.000000;1249.619873
1029.000000;9019.000000;7000.000000;0.000000;373037.000000;9095.000000;0.000000;1250.871094
1030.000000;9019.000000;6314.000000;0.000000;225265.000000;9095.000000;0.000000;1252.108887
1031.000000;9019.000000;7269.000000;0.000000;221055.000000;9095.000000;0.000000;1253.356079
1032.000000;9019.000000;6346.000000;0.000000;247527.000000;9095.000000;0.000000;1254.592407
1033.000000;9019.000000;7350.000000;0.000000;185104.000000;9095.000000;0.000000;1255.832153
1034.000000;9019.000000;6733.000000;0.000000;172019.000000;9095.000000;0.000000;1257.081543
1035.000000;9019.000000;6789.000000;0.000000;233687.000000;9095.000000;0.000000;1258.355225
1036.000000;9019.000000;6290.000000;0.000000;202679.000000;9095.000000;0.000000;1259.596313
1037.000000;9019.000000;7710.000000;0.000000;239047.000000;9095.000000;0.000000;1260.834473
1038.000000;9019.000000;8755.000000;0.000000;209848.000000;9095.000000;0.000000;1262.079956
1039.000000;9019.000000;6952.000000;0.000000;124838.000000;9095.000000;0.000000;1263.323120
1040.000000;9019.000000;5750.000000;0.000000;336237.000000;9095.000000;0.000000;1264.595703
1041.000000;9019.000000;6035.000000;0.000000;276298.000000;9095.000000;0.000000;1265.845581
1042.000000;9019.000000;7308.000000;0.000000;191056.000000;9095.000000;0.000000;1267.093262
1043.000000;9019.000000;7759.000000;0.000000;111241.000000;9095.000000;0.000000;1268.369141
1044.000000;9019.000000;7041.000000;0.000000;96467.000000;9095.000000;0.000000;1269.610107
1045.000000;9019.000000;6185.000000;0.000000;80110.000000;9095.000000;0.000000;1270.863037
1046.000000;9019.000000;7406.000000;0.000000;157590.000000;9095.000000;0.000000;1272.104858
1047.000000;9019.000000;6429.000000;0.000000;249946.000000;9095.000000;0.000000;1273.366821
1048.000000;9019.000000;5510.000000;0.000000;256711.000000;9095.000000;0.000000;1274.616943
1049.000000;9019.000000;6341.000000;0.000000;191398.000000;9095.000000;0.000000;1275.882446
1050.000000;9019.000000;5719.000000;0.000000;282211.000000;9095.000000;0.000000;1277.159790
1051.000000;9019.000000;6022.000000;0.000000;254389.000000;9095.000000;0.000000;1278.416626
1052.000000;9019.000000;6009.000000;0.000000;163648.000000;9095.000000;0.000000;1279.657349
1053.000000;9019.000000;7039.000000;0.000000;156329.000000;9095.000000;0.000000;1280.908813
1054.000000;9019.000000;7028.000000;0.000000;69801.000000;9095.000000;0.000000;1282.148315
1055.000000;9019.000000;6350.000000;0.000000;248037.000000;9095.000000;0.000000;1283.395264
1056.000000;9019.000000;5771.000000;0.000000;254019.000000;9095.000000;0.000000;1284.646606
1057.000000;9019.000000;6459.000000;0.000000;228503.000000;9095.000000;0.000000;1285.893311
1058.000000;9019.000000;7260.000000;0.000000;228937.000000;9095.000000;0.000000;1287.127930
1059.000000;9019.000000;6561.000000;0.000000;249205.000000;9095.000000;0.000000;1288.394409
1060.000000;9019.000000;7166.000000;0.000000;214009.000000;9095.000000;0.000000;1289.648315
1061.000000;9019.000000;6750.000000;0.000000;256784.000000;9095.000000;0.000000;1290.919189
1062.000000;9019.000000;5998.000000;0.000000;219223.000000;9095.000000;0.000000;1292.217651
1063.000000;9019.000000;6129.000000;0.000000;187281.000000;9095.000000;0.000000;1293.457764
1064.000000;9019.000000;8073.000000;0.000000;153784.000000;9095.000000;0.000000;1294.831665
1065.000000;9019.000000;6563.000000;0.000000;187196.000000;9095.000000;0.000000;1296.076660
1066.000000;9019.000000;5864.000000;0.000000;86293.000000;9095.000000;0.000000;1297.319702
1067.000000;9019.000000;6733.000000;0.000000;238473.000000;9095.000000;0.000000;1298.596069
1068.000000;9019.000000;6056.000000;0.000000;305200.000000;9095.000000;0.000000;1299.837036
1069.000000;9019.000000;5861.000000;0.000000;231991.000000;9095.000000;0.000000;1301.087524
1070.000000;9019.000000;8009.000000;0.000000;201116.000000;9095.000000;0.000000;1302.334473
1071.000000;9019.000000;7082.000000;0.000000;203417.000000;9095.000000;0.000000;1303.584595
1072.000000;9019.000000;7445.000000;0.000000;282000.000000;9095.000000;0.000000;1304.831055
1073.000000;9019.000000;7278.000000;0.000000;274734.000000;9095.000000;0.000000;1306.071777
1074.000000;9019.000000;5903.000000;0.000000;223835.000000;9095.000000;0.000000;1307.304565
1075.000000;9019.000000;6934.000000;0.000000;356463.000000;9095.000000;0.000000;1308.569580
1076.000000;9019.000000;6647.000000;0.000000;278035.000000;9095.000000;0.000000;1309.806885
1077.000000;9019.000000;6903.000000;0.000000;250534.000000;9095.000000;0.000000;1311.045654
1078.000000;9019.000000;6470.000000;0.000000;187469.000000;9095.000000;0.000000;1312.286621
1079.000000;9019.000000;6090.000000;0.000000;173526.000000;9095.000000;0.000000;1313.526367
1080.000000;9019.000000;7137.000000;0.000000;199277.000000;9095.000000;0.000000;1314.767090
1081.000000;9019.000000;5934.000000;0.000000;261973.000000;9095.000000;0.000000;1316.006104
1082.000000;9019.000000;6939.000000;0.000000;123036.000000;9095.000000;0.000000;1317.245972
1083.000000;9019.000000;6823.000000;0.000000;218158.000000;9095.000000;0.000000;1318.500977
1084.000000;9019.000000;6336.000000;0.000000;251368.000000;9095.000000;0.000000;1319.747925
1085.000000;9019.000000;6695.000000;0.000000;272309.000000;9095.000000;0.000000;1320.992065
1086.000000;9019.000000;7471.000000;0.000000;260707.000000;9095.000000;0.000000;1322.228271
1087.000000;9019.000000;6757.000000;0.000000;230842.000000;9095.000000;0.000000;1323.533081
1088.000000;9019.000000;6203.000000;0.000000;206198.000000;9095.000000;0.000000;1324.786255
1089.000000;9019.000000;7834.000000;0.000000;136206.000000;9095.000000;0.000000;1326.038696
1090.000000;9019.000000;6191.000000;0.000000;289708.000000;9095.000000;0.000000;1327.314819
1091.000000;9019.000000;6118.000000;0.000000;245065.000000;9095.000000;0.000000;1328.578857
1092.000000;9019.000000;7168.000000;0.000000;130042.000000;9095.000000;0.000000;1329.826782
1093.000000;9019.000000;6041.000000;0.000000;290668.000000;9095.000000;0.000000;1331.061279
1094.000000;9019.000000;6224.000000;0.000000;235747.000000;9095.000000;0.000000;1332.294800
1095.000000;9019.000000;6606.000000;0.000000;222437.000000;9095.000000;0.000000;1333.556152
1096.000000;9019.000000;6636.000000;0.000000;292676.000000;9095.000000;0.000000;1334.954468
1097.000000;9019.000000;6962.000000;0.000000;230853.000000;9095.000000;0.000000;1336.330933
1098.000000;9019.000000;6581.000000;0.000000;204438.000000;9095.000000;0.000000;1337.564209
1099.000000;9019.000000;6572.000000;0.000000;251735.000000;9095.000000;0.000000;1338.839355
1100.000000;9019.000000;6728.000000;0.000000;207471.000000;9095.000000;0.000000;1340.072510
1101.000000;9019.000000;5905.000000;0.000000;203112.000000;9095.000000;0.000000;1341.318726
1102.000000;9019.000000;7033.000000;0.000000;240903.000000;9095.000000;0.000000;1342.583008
1103.000000;9019.000000;7086.000000;0.000000;227852.000000;9095.000000;0.000000;1343.823608
1104.000000;9019.000000;6809.000000;0.000000;277821.000000;9095.000000;0.000000;1345.057739
1105.000000;9019.000000;7069.000000;0.000000;221617.000000;9095.000000;0.000000;1346.288208
1106.000000;9019.000000;7191.000000;0.000000;292715.000000;9095.000000;0.000000;1347.541016
1107.000000;9019.000000;6625.000000;0.000000;240075.000000;9095.000000;0.000000;1348.805420
1108.000000;9019.000000;6492.000000;0.000000;281867.000000;9095.000000;0.000000;1350.041992
1109.000000;9019.000000;7199.000000;0.000000;96008.000000;9095.000000;0.000000;1351.293823
1110.000000;9019.000000;6934.000000;0.000000;323333.000000;9095.000000;0.000000;1352.539062
1111.000000;9019.000000;6746.000000;0.000000;235618.000000;9095.000000;0.000000;1353.782471
1112.000000;9019.000000;5976.000000;0.000000;203948.000000;9095.000000;0.000000;1355.025757
1113.000000;9019.000000;6281.000000;0.000000;187572.000000;9095.000000;0.000000;1356.283813
1114.000000;9019.000000;6859.000000;0.000000;229578.000000;9095.000000;0.000000;1357.538330
1115.000000;9019.000000;6279.000000;0.000000;260430.000000;9095.000000;0.000000;1358.803223
1116.000000;9019.000000;6048.000000;0.000000;326002.000000;9095.000000;0.000000;1360.041992
1117.000000;9019.000000;7015.000000;0.000000;103212.000000;9095.000000;0.000000;1361.278564
1118.000000;9019.000000;8055.000000;0.000000;239055.000000;9095.000000;0.000000;1362.610229
1119.000000;9019.000000;5804.000000;0.000000;308923.000000;9095.000000;0.000000;1363.846802
1120.000000;9019.000000;7030.000000;0.000000;148616.000000;9095.000000;0.000000;1365.076416
1121.000000;9019.000000;6931.000000;0.000000;193020.000000;9095.000000;0.000000;1366.318970
1122.000000;9019.000000;6639.000000;0.000000;160564.000000;9095.000000;0.000000;1367.565186
1123.000000;9019.000000;6285.000000;0.000000;178095.000000;9095.000000;0.000000;1368.835693
1124.000000;9019.000000;6885.000000;0.000000;240766.000000;9095.000000;0.000000;1370.144043
1125.000000;9019.000000;6374.000000;0.000000;307888.000000;9095.000000;0.000000;1371.388550
1126.000000;9019.000000;7990.000000;0.000000;141580.000000;9095.000000;0.000000;1372.658691
1127.000000;9019.000000;5028.000000;0.000000;233210.000000;9095.000000;0.000000;1373.942383
1128.000000;9019.000000;5709.000000;0.000000;241475.000000;9095.000000;0.000000;1375.185913
1129.000000;9019.000000;7011.000000;0.000000;240885.000000;9095.000000;0.000000;1376.434692
1130.000000;9019.000000;6714.000000;0.000000;304872.000000;9095.000000;0.000000;1377.679077
1131.000000;9019.000000;7730.000000;0.000000;154597.000000;9095.000000;0.000000;1378.956299
1132.000000;9019.000000;6525.000000;0.000000;184875.000000;9095.000000;0.000000;1380.197998
1133.000000;9019.000000;7584.000000;0.000000;146522.000000;9095.000000;0.000000;1381.435425
1134.000000;9019.000000;6363.000000;0.000000;213807.000000;9095.000000;0.000000;1382.681519
1135.000000;9019.000000;7362.000000;0.000000;180654.000000;9095.000000;0.000000;1383.913574
1136.000000;9019.000000;6792.000000;0.000000;103154.000000;9095.000000;0.000000;1385.155151
1137.000000;9019.000000;5810.000000;0.000000;314103.000000;9095.000000;0.000000;1386.412964
1138.000000;9019.000000;5550.000000;0.000000;209946.000000;9095.000000;0.000000;1387.661743
1139.000000;9019.000000;6147.000000;0.000000;195306.000000;9095.000000;0.000000;1388.928711
1140.000000;9019.000000;6231.000000;0.000000;239084.000000;9095.000000;0.000000;1390.177124
1141.000000;9019.000000;6475.000000;0.000000;257486.000000;9095.000000;0.000000;1391.426514
1142.000000;9019.000000;6337.000000;0.000000;165231.000000;9095.000000;0.000000;1392.666016
1143.000000;9019.000000;5976.000000;0.000000;331580.000000;9095.000000;0.000000;1393.913330
1144.000000;9019.000000;6962.000000;0.000000;116790.000000;9095.000000;0.000000;1395.159668
1145.000000;9019.000000;7554.000000;0.000000;263619.000000;9095.000000;0.000000;1396.405518
1146.000000;9019.000000;6037.000000;0.000000;275537.000000;9095.000000;0.000000;1397.653687
1147.000000;9019.000000;7279.000000;0.000000;321203.000000;9095.000000;0.000000;1398.916870
1148.000000;9019.000000;7263.000000;0.000000;142308.000000;9095.000000;0.000000;1400.158203
1149.000000;9019.000000;6853.000000;0.000000;230121.000000;9095.000000;0.000000;1401.398071
1150.000000;9019.000000;5985.000000;0.000000;336826.000000;9095.000000;0.000000;1402.648071
1151.000000;9019.000000;6519.000000;0.000000;315360.000000;9095.000000;0.000000;1403.900391
1152.000000;9019.000000;6714.000000;0.000000;312174.000000;9095.000000;0.000000;1405.153564
1153.000000;9019.000000;6375.000000;0.000000;341403.000000;9095.000000;0.000000;1406.383423
1154.000000;9019.000000;6889.000000;0.000000;229675.000000;9095.000000;0.000000;1407.624390
1155.000000;9019.000000;7165.000000;0.000000;160727.000000;9095.000000;0.000000;1408.896240
1156.000000;9019.000000;6038.000000;0.000000;181485.000000;9095.000000;0.000000;1410.134033
1157.000000;9019.000000;6252.000000;0.000000;267004.000000;9095.000000;0.000000;1411.383423
1158.000000;9019.000000;7013.000000;0.000000;163498.000000;9095.000000;0.000000;1412.637085
1159.000000;9019.000000;6804.000000;0.000000;200380.000000;9095.000000;0.000000;1413.883301
1160.000000;9019.000000;6466.000000;0.000000;233244.000000;9095.000000;0.000000;1415.124878
1161.000000;9019.000000;6657.000000;0.000000;228656.000000;9095.000000;0.000000;1416.377075
1162.000000;9019.000000;7800.000000;0.000000;226487.000000;9095.000000;0.000000;1417.612793
1163.000000;9019.000000;6969.000000;0.000000;194012.000000;9095.000000;0.000000;1418.881958
1164.000000;9019.000000;7672.000000;0.000000;287449.000000;9095.000000;0.000000;1420.123657
1165.000000;9019.000000;7331.000000;0.000000;166399.000000;9095.000000;0.000000;1421.388306
1166.000000;9019.000000;7986.000000;0.000000;283736.000000;9095.000000;0.000000;1422.709229
1167.000000;9019.000000;6406.000000;0.000000;246204.000000;9095.000000;0.000000;1423.954102
1168.000000;9019.000000;5600.000000;0.000000;202934.000000;9095.000000;0.000000;1425.200928
1169.000000;9019.000000;6455.000000;0.000000;220862.000000;9095.000000;0.000000;1426.441040
1170.000000;9019.000000;6384.000000;0.000000;229149.000000;9095.000000;0.000000;1427.675293
1171.000000;9019.000000;6372.000000;0.000000;194302.000000;9095.000000;0.000000;1428.948486
1172.000000;9019.000000;6725.000000;0.000000;235387.000000;9095.000000;0.000000;1430.187622
1173.000000;9019.000000;6264.000000;0.000000;221684.000000;9095.000000;0.000000;1431.430786
1174.000000;9019.000000;7324.000000;0.000000;185060.000000;9095.000000;0.000000;1432.667847
1175.000000;9019.000000;6735.000000;0.000000;229127.000000;9095.000000;0.000000;1433.912109
1176.000000;9019.000000;6066.000000;0.000000;220528.000000;9095.000000;0.000000;1435.156250
1177.000000;9019.000000;6356.000000;0.000000;209355.000000;9095.000000;0.000000;1436.398560
1178.000000;9019.000000;5827.000000;0.000000;230571.000000;9095.000000;0.000000;1437.635986
1179.000000;9019.000000;7111.000000;0.000000;212447.000000;9095.000000;0.000000;1438.907471
1180.000000;9019.000000;6020.000000;0.000000;120793.000000;9095.000000;0.000000;1440.215820
1181.000000;9019.000000;6543.000000;0.000000;232760.000000;9095.000000;0.000000;1441.478516
1182.000000;9019.000000;6739.000000;0.000000;219532.000000;9095.000000;0.000000;1442.856934
1183.000000;9019.000000;6684.000000;0.000000;274314.000000;9095.000000;0.000000;1444.203857
1184.000000;9019.000000;5720.000000;0.000000;202953.000000;9095.000000;0.000000;1445.546631
1185.000000;9019.000000;6665.000000;0.000000;178178.000000;9095.000000;0.000000;1446.887695
1186.000000;9019.000000;5970.000000;0.000000;267631.000000;9095.000000;0.000000;1448.228882
1187.000000;9019.000000;6614.000000;0.000000;173550.000000;9095.000000;0.000000;1449.598633
1188.000000;9019.000000;6876.000000;0.000000;244210.000000;9095.000000;0.000000;1450.942261
1189.000000;9019.000000;7759.000000;0.000000;177425.000000;9095.000000;0.000000;1452.288452
1190.000000;9019.000000;6598.000000;0.000000;152820.000000;9095.000000;0.000000;1453.648926
1191.000000;9019.000000;6422.000000;0.000000;184647.000000;9095.000000;0.000000;1454.990723
1192.000000;9019.000000;6470.000000;0.000000;197051.000000;9095.000000;0.000000;1456.335938
1193.000000;9019.000000;7133.000000;0.000000;238020.000000;9095.000000;0.000000;1457.677979
1194.000000;9019.000000;6381.000000;0.000000;207669.000000;9095.000000;0.000000;1458.989380
1195.000000;9019.000000;6864.000000;0.000000;178798.000000;9095.000000;0.000000;1460.235962
1196.000000;9019.000000;6868.000000;0.000000;142799.000000;9095.000000;0.000000;1461.477661
1197.000000;9019.000000;6795.000000;0.000000;189473.000000;9095.000000;0.000000;1462.720459
1198.000000;9019.000000;7666.000000;0.000000;234626.000000;9095.000000;0.000000;1463.967163
1199.000000;9019.000000;5658.000000;0.000000;345998.000000;9095.000000;0.000000;1465.217896
1200.000000;9019.000000;6824.000000;0.000000;288062.000000;9095.000000;0.000000;1466.464478
1201.000000;9019.000000;5971.000000;0.000000;221710.000000;9095.000000;0.000000;1467.719971
1202.000000;9019.000000;6205.000000;0.000000;185804.000000;9095.000000;0.000000;1468.971680
1203.000000;9019.000000;6675.000000;0.000000;229144.000000;9095.000000;0.000000;1470.231812
1204.000000;9019.000000;5721.000000;0.000000;297571.000000;9095.000000;0.000000;1471.568237
1205.000000;9019.000000;7452.000000;0.000000;284176.000000;9095.000000;0.000000;1472.814941
1206.000000;9019.000000;6332.000000;0.000000;267923.000000;9095.000000;0.000000;1474.045166
1207.000000;9019.000000;6059.000000;0.000000;319664.000000;9095.000000;0.000000;1475.291382
1208.000000;9019.000000;6031.000000;0.000000;200551.000000;9095.000000;0.000000;1476.545898
1209.000000;9019.000000;7106.000000;0.000000;221689.000000;9095.000000;0.000000;1477.797607
1210.000000;9019.000000;6973.000000;0.000000;182146.000000;9095.000000;0.000000;1479.068481
1211.000000;9019.000000;6826.000000;0.000000;153549.000000;9095.000000;0.000000;1480.331421
1212.000000;9019.000000;5930.000000;0.000000;216721.000000;9095.000000;0.000000;1481.566650
1213.000000;9019.000000;5486.000000;0.000000;240795.000000;9095.000000;0.000000;1482.843140
1214.000000;9019.000000;7916.000000;0.000000;100586.000000;9095.000000;0.000000;1484.083252
1215.000000;9019.000000;7322.000000;0.000000;202288.000000;9095.000000;0.000000;1485.329956
1216.000000;9019.000000;6483.000000;0.000000;208643.000000;9095.000000;0.000000;1486.570312
1217.000000;9019.000000;8607.000000;0.000000;197400.000000;9095.000000;0.000000;1487.815918
1218.000000;9019.000000;6137.000000;0.000000;262283.000000;9095.000000;0.000000;1489.060913
1219.000000;9019.000000;7113.000000;0.000000;240151.000000;9095.000000;0.000000;1490.320557
1220.000000;9019.000000;5985.000000;0.000000;222124.000000;9095.000000;0.000000;1491.564331
1221.000000;9019.000000;6353.000000;0.000000;267975.000000;9095.000000;0.000000;1492.837769
1222.000000;9019.000000;6556.000000;0.000000;135555.000000;9095.000000;0.000000;1494.087891
1223.000000;9019.000000;5594.000000;0.000000;208928.000000;9095.000000;0.000000;1495.335938
1224.000000;9019.000000;6488.000000;0.000000;190520.000000;9095.000000;0.000000;1496.578003
1225.000000;9019.000000;6262.000000;0.000000;263503.000000;9095.000000;0.000000;1497.820801
1226.000000;9019.000000;7150.000000;0.000000;257607.000000;9095.000000;0.000000;1499.074341
1227.000000;9019.000000;8161.000000;0.000000;168384.000000;9095.000000;0.000000;1500.327637
1228.000000;9019.000000;7153.000000;0.000000;210508.000000;9095.000000;0.000000;1501.578369
1229.000000;9019.000000;6960.000000;0.000000;245218.000000;9095.000000;0.000000;1502.835327
1230.000000;9019.000000;6833.000000;0.000000;156173.000000;9095.000000;0.000000;1504.083252
1231.000000;9019.000000;6644.000000;0.000000;207530.000000;9095.000000;0.000000;1505.320068
1232.000000;9019.000000;7445.000000;0.000000;216332.000000;9095.000000;0.000000;1506.564087
1233.000000;9019.000000;6126.000000;0.000000;289199.000000;9095.000000;0.000000;1507.802002
1234.000000;9019.000000;5282.000000;0.000000;224102.000000;9095.000000;0.000000;1509.040283
1235.000000;9019.000000;6621.000000;0.000000;211995.000000;9095.000000;0.000000;1510.305420
1236.000000;9019.000000;6519.000000;0.000000;308318.000000;9095.000000;0.000000;1511.553955
1237.000000;9019.000000;6936.000000;0.000000;318918.000000;9095.000000;0.000000;1512.797241
1238.000000;9019.000000;5967.000000;0.000000;197898.000000;9095.000000;0.000000;1514.040283
1239.000000;9019.000000;5901.000000;0.000000;254538.000000;9095.000000;0.000000;1515.284912
1240.000000;9019.000000;6888.000000;0.000000;192869.000000;9095.000000;0.000000;1516.557495
1241.000000;9019.000000;5948.000000;0.000000;353680.000000;9095.000000;0.000000;1517.807373
1242.000000;9019.000000;6965.000000;0.000000;226087.000000;9095.000000;0.000000;1519.047729
1243.000000;9019.000000;7337.000000;0.000000;259858.000000;9095.000000;0.000000;1520.315796
1244.000000;9019.000000;6999.000000;0.000000;214342.000000;9095.000000;0.000000;1521.555786
1245.000000;9019.000000;6421.000000;0.000000;255660.000000;9095.000000;0.000000;1522.790405
1246.000000;9019.000000;5854.000000;0.000000;298908.000000;9095.000000;0.000000;1524.030884
1247.000000;9019.000000;7109.000000;0.000000;187002.000000;9095.000000;0.000000;1525.265381
1248.000000;9019.000000;7066.000000;0.000000;114720.000000;9095.000000;0.000000;1526.517456
1249.000000;9019.000000;7222.000000;0.000000;228976.000000;9095.000000;0.000000;1527.884033
1250.000000;9019.000000;7513.000000;0.000000;178547.000000;9095.000000;0.000000;1529.120728
1251.000000;9019.000000;6374.000000;0.000000;237841.000000;9095.000000;0.000000;1530.402222
1252.000000;9019.000000;6481.000000;0.000000;237871.000000;9095.000000;0.000000;1531.648682
1253.000000;9019.000000;7366.000000;0.000000;305133.000000;9095.000000;0.000000;1532.898071
1254.000000;9019.000000;8188.000000;0.000000;151559.000000;9095.000000;0.000000;1534.149048
1255.000000;9019.000000;5936.000000;0.000000;313471.000000;9095.000000;0.000000;1535.387573
1256.000000;9019.000000;6575.000000;0.000000;189733.000000;9095.000000;0.000000;1536.631104
1257.000000;9019.000000;6398.000000;0.000000;349048.000000;9095.000000;0.000000;1537.871826
1258.000000;9019.000000;6463.000000;0.000000;311977.000000;9095.000000;0.000000;1539.125977
1259.000000;9019.000000;6577.000000;0.000000;144024.000000;9095.000000;0.000000;1540.392456
1260.000000;9019.000000;7845.000000;0.000000;280830.000000;9095.000000;0.000000;1541.646729
1261.000000;9019.000000;7128.000000;0.000000;208055.000000;9095.000000;0.000000;1542.983398
1262.000000;9019.000000;7470.000000;0.000000;51173.000000;9095.000000;0.000000;1544.227295
1263.000000;9019.000000;5872.000000;0.000000;267467.000000;9095.000000;0.000000;1545.476074
1264.000000;9019.000000;5637.000000;0.000000;385731.000000;9095.000000;0.000000;1546.718506
1265.000000;9019.000000;6562.000000;0.000000;246163.000000;9095.000000;0.000000;1547.962280
1266.000000;9019.000000;6987.000000;0.000000;165846.000000;9095.000000;0.000000;1549.204956
1267.000000;9019.000000;7494.000000;0.000000;210060.000000;9095.000000;0.000000;1550.469238
1268.000000;9019.000000;6928.000000;0.000000;235516.000000;9095.000000;0.000000;1551.732788
1269.000000;9019.000000;7906.000000;0.000000;198091.000000;9095.000000;0.000000;1552.981079
1270.000000;9019.000000;5883.000000;0.000000;192992.000000;9095.000000;0.000000;1554.221436
1271.000000;9019.000000;6949.000000;0.000000;290940.000000;9095.000000;0.000000;1555.468628
1272.000000;9019.000000;5786.000000;0.000000;253348.000000;9095.000000;0.000000;1556.705566
1273.000000;9019.000000;7188.000000;0.000000;291109.000000;9095.000000;0.000000;1557.951294
1274.000000;9019.000000;7122.000000;0.000000;170530.000000;9095.000000;0.000000;1559.195068
1275.000000;9019.000000;5607.000000;0.000000;190991.000000;9095.000000;0.000000;1560.467896
1276.000000;9019.000000;6569.000000;0.000000;221050.000000;9095.000000;0.000000;1561.712036
1277.000000;9019.000000;6847.000000;0.000000;239976.000000;9095.000000;0.000000;1562.954956
1278.000000;9019.000000;6690.000000;0.000000;243459.000000;9095.000000;0.000000;1564.195557
1279.000000;9019.000000;7740.000000;0.000000;137841.000000;9095.000000;0.000000;1565.433960
1280.000000;9019.000000;8266.000000;0.000000;210426.000000;9095.000000;0.000000;1566.677612
1281.000000;9019.000000;6954.000000;0.000000;342634.000000;9095.000000;0.000000;1567.928589
1282.000000;9019.000000;6345.000000;0.000000;245061.000000;9095.000000;0.000000;1569.171143
1283.000000;9019.000000;6417.000000;0.000000;274461.000000;9095.000000;0.000000;1570.440063
1284.000000;9019.000000;6328.000000;0.000000;178220.000000;9095.000000;0.000000;1571.689087
1285.000000;9019.000000;7043.000000;0.000000;260673.000000;9095.000000;0.000000;1572.960449
1286.000000;9019.000000;7044.000000;0.000000;147764.000000;9095.000000;0.000000;1574.206909
1287.000000;9019.000000;6166.000000;0.000000;295339.000000;9095.000000;0.000000;1575.458862
1288.000000;9019.000000;6476.000000;0.000000;193507.000000;9095.000000;0.000000;1576.697876
1289.000000;9019.000000;6349.000000;0.000000;299175.000000;9095.000000;0.000000;1577.940552
1290.000000;9019.000000;7168.000000;0.000000;267921.000000;9095.000000;0.000000;1579.184814
1291.000000;9019.000000;6492.000000;0.000000;213688.000000;9095.000000;0.000000;1580.451904
1292.000000;9019.000000;6735.000000;0.000000;225124.000000;9095.000000;0.000000;1581.697021
1293.000000;9019.000000;5407.000000;0.000000;291694.000000;9095.000000;0.000000;1582.946777
1294.000000;9019.000000;6828.000000;0.000000;206956.000000;9095.000000;0.000000;1584.201904
1295.000000;9019.000000;6890.000000;0.000000;221365.000000;9095.000000;0.000000;1585.445679
1296.000000;9019.000000;8697.000000;0.000000;191610.000000;9095.000000;0.000000;1586.684204
1297.000000;9019.000000;6729.000000;0.000000;153179.000000;9095.000000;0.000000;1587.918091
1298.000000;9019.000000;7550.000000;0.000000;182308.000000;9095.000000;0.000000;1589.157104
1299.000000;9019.000000;6425.000000;0.000000;131697.000000;9095.000000;0.000000;1590.426392
1300.000000;9019.000000;7738.000000;0.000000;152537.000000;9095.000000;0.000000;1591.683838
1301.000000;9019.000000;5941.000000;0.000000;255965.000000;9095.000000;0.000000;1592.935425
1302.000000;9019.000000;6321.000000;0.000000;215366.000000;9095.000000;0.000000;1594.180176
1303.000000;9019.000000;6189.000000;0.000000;249046.000000;9095.000000;0.000000;1595.418457
1304.000000;9019.000000;7513.000000;0.000000;234206.000000;9095.000000;0.000000;1596.666626
1305.000000;9019.000000;7416.000000;0.000000;157294.000000;9095.000000;0.000000;1597.904785
1306.000000;9019.000000;5671.000000;0.000000;211546.000000;9095.000000;0.000000;1599.142700
1307.000000;9019.000000;6289.000000;0.000000;263755.000000;9095.000000;0.000000;1600.409058
1308.000000;9019.000000;6185.000000;0.000000;160034.000000;9095.000000;0.000000;1601.655396
1309.000000;9019.000000;6349.000000;0.000000;285020.000000;9095.000000;0.000000;1602.906738
1310.000000;9019.000000;6317.000000;0.000000;220791.000000;9095.000000;0.000000;1604.153198
1311.000000;9019.000000;6759.000000;0.000000;168873.000000;9095.000000;0.000000;1605.396240
1312.000000;9019.000000;6401.000000;0.000000;266008.000000;9095.000000;0.000000;1606.629883
1313.000000;9019.000000;5874.000000;0.000000;303242.000000;9095.000000;0.000000;1607.870850
1314.000000;9019.000000;7013.000000;0.000000;126823.000000;9095.000000;0.000000;1609.104126
1315.000000;9019.000000;8661.000000;0.000000;261636.000000;9095.000000;0.000000;1610.374878
1316.000000;9019.000000;7160.000000;0.000000;274880.000000;9095.000000;0.000000;1611.625000
1317.000000;9019.000000;6073.000000;0.000000;321809.000000;9095.000000;0.000000;1612.860596
1318.000000;9019.000000;5905.000000;0.000000;289754.000000;9095.000000;0.000000;1614.089722
1319.000000;9019.000000;5311.000000;0.000000;318725.000000;9095.000000;0.000000;1615.324463
1320.000000;9019.000000;6395.000000;0.000000;300975.000000;9095.000000;0.000000;1616.560181
1321.000000;9019.000000;6562.000000;0.000000;138109.000000;9095.000000;0.000000;1617.812378
1322.000000;9019.000000;6310.000000;0.000000;315046.000000;9095.000000;0.000000;1619.055786
1323.000000;9019.000000;6582.000000;0.000000;256289.000000;9095.000000;0.000000;1620.317627
1324.000000;9019.000000;6532.000000;0.000000;331623.000000;9095.000000;0.000000;1621.554565
1325.000000;9019.000000;6527.000000;0.000000;239070.000000;9095.000000;0.000000;1622.788696
1326.000000;9019.000000;6476.000000;0.000000;160607.000000;9095.000000;0.000000;1624.023315
1327.000000;9019.000000;6315.000000;0.000000;225525.000000;9095.000000;0.000000;1625.257324
1328.000000;9019.000000;7359.000000;0.000000;93699.000000;9095.000000;0.000000;1626.492920
1329.000000;9019.000000;5217.000000;0.000000;213961.000000;9095.000000;0.000000;1627.725098
1330.000000;9019.000000;7194.000000;0.000000;209775.000000;9095.000000;0.000000;1628.956787
1331.000000;9019.000000;6200.000000;0.000000;310516.000000;9095.000000;0.000000;1630.232422
1332.000000;9019.000000;6185.000000;0.000000;311929.000000;9095.000000;0.000000;1631.469727
1333.000000;9019.000000;6605.000000;0.000000;248880.000000;9095.000000;0.000000;1632.708374
1334.000000;9019.000000;7049.000000;0.000000;202569.000000;9095.000000;0.000000;1633.971802
1335.000000;9019.000000;6891.000000;0.000000;237969.000000;9095.000000;0.000000;1635.224731
1336.000000;9019.000000;7160.000000;0.000000;233449.000000;9095.000000;0.000000;1636.466187
1337.000000;9019.000000;6939.000000;0.000000;176592.000000;9095.000000;0.000000;1637.698853
1338.000000;9019.000000;6572.000000;0.000000;357460.000000;9095.000000;0.000000;1638.930542
1339.000000;9019.000000;6599.000000;0.000000;271483.000000;9095.000000;0.000000;1640.180054
1340.000000;9019.000000;6687.000000;0.000000;261866.000000;9095.000000;0.000000;1641.415039
1341.000000;9019.000000;6093.000000;0.000000;219618.000000;9095.000000;0.000000;1642.656250
1342.000000;9019.000000;6318.000000;0.000000;248969.000000;9095.000000;0.000000;1643.885376
1343.000000;9019.000000;7102.000000;0.000000;305646.000000;9095.000000;0.000000;1645.121216
1344.000000;9019.000000;6821.000000;0.000000;225082.000000;9095.000000;0.000000;1646.369629
1345.000000;9019.000000;5862.000000;0.000000;126409.000000;9095.000000;0.000000;1647.607788
1346.000000;9019.000000;6068.000000;0.000000;249294.000000;9095.000000;0.000000;1648.851074
1347.000000;9019.000000;7336.000000;0.000000;138838.000000;9095.000000;0.000000;1650.092285
1348.000000;9019.000000;7460.000000;0.000000;321384.000000;9095.000000;0.000000;1651.351807
1349.000000;9019.000000;6949.000000;0.000000;134808.000000;9095.000000;0.000000;1652.600342
1350.000000;9019.000000;6565.000000;0.000000;257573.000000;9095.000000;0.000000;1653.864136
1351.000000;9019.000000;7114.000000;0.000000;130374.000000;9095.000000;0.000000;1655.116211
1352.000000;9019.000000;5692.000000;0.000000;325071.000000;9095.000000;0.000000;1656.369751
1353.000000;9019.000000;7746.000000;0.000000;80163.000000;9095.000000;0.000000;1657.606567
1354.000000;9019.000000;5961.000000;0.000000;164744.000000;9095.000000;0.000000;1658.852661
1355.000000;9019.000000;6395.000000;0.000000;210659.000000;9095.000000;0.000000;1660.102051
1356.000000;9019.000000;7097.000000;0.000000;255410.000000;9095.000000;0.000000;1661.372192
1357.000000;9019.000000;7099.000000;0.000000;191843.000000;9095.000000;0.000000;1662.653198
1358.000000;9019.000000;5025.000000;0.000000;256924.000000;9095.000000;0.000000;1663.893433
1359.000000;9019.000000;6061.000000;0.000000;167278.000000;9095.000000;0.000000;1665.132812
1360.000000;9019.000000;6735.000000;0.000000;196211.000000;9095.000000;0.000000;1666.377808
1361.000000;9019.000000;6301.000000;0.000000;243526.000000;9095.000000;0.000000;1667.625732
1362.000000;9019.000000;5713.000000;0.000000;231869.000000;9095.000000;0.000000;1668.867920
1363.000000;9019.000000;6915.000000;0.000000;196022.000000;9095.000000;0.000000;1670.184204
1364.000000;9019.000000;6978.000000;0.000000;249264.000000;9095.000000;0.000000;1671.448486
1365.000000;9019.000000;5555.000000;0.000000;193030.000000;9095.000000;0.000000;1672.695068
1366.000000;9019.000000;6589.000000;0.000000;218838.000000;9095.000000;0.000000;1673.981079
1367.000000;9019.000000;7138.000000;0.000000;252333.000000;9095.000000;0.000000;1675.214844
1368.000000;9019.000000;5943.000000;0.000000;241627.000000;9095.000000;0.000000;1676.460815
1369.000000;9019.000000;6708.000000;0.000000;272920.000000;9095.000000;0.000000;1677.702393
1370.000000;9019.000000;6525.000000;0.000000;161935.000000;9095.000000;0.000000;1678.944092
1371.000000;9019.000000;6154.000000;0.000000;99560.000000;9095.000000;0.000000;1680.192627
1372.000000;9019.000000;7000.000000;0.000000;282846.000000;9095.000000;0.000000;1681.525513
1373.000000;9019.000000;5237.000000;0.000000;229295.000000;9095.000000;0.000000;1682.782715
1374.000000;9019.000000;6267.000000;0.000000;218587.000000;9095.000000;0.000000;1684.021973
1375.000000;9019.000000;7158.000000;0.000000;218213.000000;9095.000000;0.000000;1685.273193
1376.000000;9019.000000;6951.000000;0.000000;204017.000000;9095.000000;0.000000;1686.521118
1377.000000;9019.000000;6832.000000;0.000000;229360.000000;9095.000000;0.000000;1687.765015
1378.000000;9019.000000;5774.000000;0.000000;265780.000000;9095.000000;0.000000;1689.003296
1379.000000;9019.000000;6927.000000;0.000000;191995.000000;9095.000000;0.000000;1690.240723
1380.000000;9019.000000;6250.000000;0.000000;310195.000000;9095.000000;0.000000;1691.505493
1381.000000;9019.000000;6498.000000;0.000000;206681.000000;9095.000000;0.000000;1692.765137
1382.000000;9019.000000;7005.000000;0.000000;174546.000000;9095.000000;0.000000;1694.025635
1383.000000;9019.000000;6192.000000;0.000000;194068.000000;9095.000000;0.000000;1695.265015
1384.000000;9019.000000;6987.000000;0.000000;194503.000000;9095.000000;0.000000;1696.505859
1385.000000;9019.000000;6645.000000;0.000000;141404.000000;9095.000000;0.000000;1697.746338
1386.000000;9019.000000;7770.000000;0.000000;223724.000000;9095.000000;0.000000;1698.986816
1387.000000;9019.000000;6151.000000;0.000000;175043.000000;9095.000000;0.000000;1700.228394
1388.000000;9019.000000;5665.000000;0.000000;305313.000000;9095.000000;0.000000;1701.495972
1389.000000;9019.000000;7854.000000;0.000000;217781.000000;9095.000000;0.000000;1702.733398
1390.000000;9019.000000;6324.000000;0.000000;316581.000000;9095.000000;0.000000;1703.972900
1391.000000;9019.000000;7801.000000;0.000000;106486.000000;9095.000000;0.000000;1705.211182
1392.000000;9019.000000;7403.000000;0.000000;306912.000000;9095.000000;0.000000;1706.453491
1393.000000;9019.000000;5932.000000;0.000000;318943.000000;9095.000000;0.000000;1707.694946
1394.000000;9019.000000;6039.000000;0.000000;153860.000000;9095.000000;0.000000;1708.934692
1395.000000;9019.000000;5975.000000;0.000000;194149.000000;9095.000000;0.000000;1710.177979
1396.000000;9019.000000;7976.000000;0.000000;92111.000000;9095.000000;0.000000;1711.450684
1397.000000;9019.000000;5574.000000;0.000000;177587.000000;9095.000000;0.000000;1712.690552
1398.000000;9019.000000;6550.000000;0.000000;188228.000000;9095.000000;0.000000;1713.924805
1399.000000;9019.000000;6341.000000;0.000000;269009.000000;9095.000000;0.000000;1715.169312
1400.000000;9019.000000;6756.000000;0.000000;282230.000000;9095.000000;0.000000;1716.410645
1401.000000;9019.000000;6680.000000;0.000000;141130.000000;9095.000000;0.000000;1717.663696
1402.000000;9019.000000;6894.000000;0.000000;218536.000000;9095.000000;0.000000;1718.899902
1403.000000;9019.000000;5816.000000;0.000000;252591.000000;9095.000000;0.000000;1720.160889
1404.000000;9019.000000;7102.000000;0.000000;188254.000000;9095.000000;0.000000;1721.436523
1405.000000;9019.000000;7118.000000;0.000000;192170.000000;9095.000000;0.000000;1722.733765
1406.000000;9019.000000;6664.000000;0.000000;319998.000000;9095.000000;0.000000;1723.973511
1407.000000;9019.000000;6991.000000;0.000000;279295.000000;9095.000000;0.000000;1725.212524
1408.000000;9019.000000;6218.000000;0.000000;298193.000000;9095.000000;0.000000;1726.453003
1409.000000;9019.000000;6104.000000;0.000000;236411.000000;9095.000000;0.000000;1727.693115
1410.000000;9019.000000;7026.000000;0.000000;241728.000000;9095.000000;0.000000;1728.944824
1411.000000;9019.000000;6325.000000;0.000000;270799.000000;9095.000000;0.000000;1730.185181
1412.000000;9019.000000;7059.000000;0.000000;251897.000000;9095.000000;0.000000;1731.459351
1413.000000;9019.000000;7908.000000;0.000000;130675.000000;9095.000000;0.000000;1732.700806
1414.000000;9019.000000;6099.000000;0.000000;241633.000000;9095.000000;0.000000;1733.953125
1415.000000;9019.000000;7002.000000;0.000000;164422.000000;9095.000000;0.000000;1735.195679
1416.000000;9019.000000;7339.000000;0.000000;197583.000000;9095.000000;0.000000;1736.429688
1417.000000;9019.000000;5553.000000;0.000000;300020.000000;9095.000000;0.000000;1737.672852
1418.000000;9019.000000;7363.000000;0.000000;204062.000000;9095.000000;0.000000;1738.914917
1419.000000;9019.000000;5443.000000;0.000000;169740.000000;9095.000000;0.000000;1740.158569
1420.000000;9019.000000;6271.000000;0.000000;282328.000000;9095.000000;0.000000;1741.423096
1421.000000;9019.000000;6137.000000;0.000000;277660.000000;9095.000000;0.000000;1742.673340
1422.000000;9019.000000;5967.000000;0.000000;219783.000000;9095.000000;0.000000;1743.917725
1423.000000;9019.000000;6129.000000;0.000000;175181.000000;9095.000000;0.000000;1745.161621
1424.000000;9019.000000;6541.000000;0.000000;164951.000000;9095.000000;0.000000;1746.396851
1425.000000;9019.000000;6419.000000;0.000000;103360.000000;9095.000000;0.000000;1747.642700
1426.000000;9019.000000;6717.000000;0.000000;230172.000000;9095.000000;0.000000;1748.888184
1427.000000;9019.000000;6003.000000;0.000000;251121.000000;9095.000000;0.000000;1750.177734
1428.000000;9019.000000;7811.000000;0.000000;215812.000000;9095.000000;0.000000;1751.451538
1429.000000;9019.000000;6613.000000;0.000000;274413.000000;9095.000000;0.000000;1752.695190
1430.000000;9019.000000;6546.000000;0.000000;235274.000000;9095.000000;0.000000;1753.950439
1431.000000;9019.000000;6612.000000;0.000000;159492.000000;9095.000000;0.000000;1755.195923
1432.000000;9019.000000;6585.000000;0.000000;222958.000000;9095.000000;0.000000;1756.432495
1433.000000;9019.000000;6960.000000;0.000000;175129.000000;9095.000000;0.000000;1757.677002
1434.000000;9019.000000;7135.000000;0.000000;168733.000000;9095.000000;0.000000;1758.910889
1435.000000;9019.000000;7350.000000;0.000000;215435.000000;9095.000000;0.000000;1760.162109
1436.000000;9019.000000;6430.000000;0.000000;111820.000000;9095.000000;0.000000;1761.428711
1437.000000;9019.000000;5656.000000;0.000000;287711.000000;9095.000000;0.000000;1762.666992
1438.000000;9019.000000;6414.000000;0.000000;190372.000000;9095.000000;0.000000;1763.902466
1439.000000;9019.000000;6279.000000;0.000000;356551.000000;9095.000000;0.000000;1765.158447
1440.000000;9019.000000;5866.000000;0.000000;207051.000000;9095.000000;0.000000;1766.395996
1441.000000;9019.000000;7098.000000;0.000000;202893.000000;9095.000000;0.000000;1767.640259
1442.000000;9019.000000;6259.000000;0.000000;285831.000000;9095.000000;0.000000;1768.898071
1443.000000;9019.000000;5946.000000;0.000000;199623.000000;9095.000000;0.000000;1770.137451
1444.000000;9019.000000;7026.000000;0.000000;210660.000000;9095.000000;0.000000;1771.406006
1445.000000;9019.000000;7622.000000;0.000000;206340.000000;9095.000000;0.000000;1772.708130
1446.000000;9019.000000;6903.000000;0.000000;268271.000000;9095.000000;0.000000;1774.006592
1447.000000;9019.000000;5884.000000;0.000000;194141.000000;9095.000000;0.000000;1775.276611
1448.000000;9019.000000;6693.000000;0.000000;215133.000000;9095.000000;0.000000;1776.519897
1449.000000;9019.000000;5555.000000;0.000000;318286.000000;9095.000000;0.000000;1777.771484
1450.000000;9019.000000;6379.000000;0.000000;303065.000000;9095.000000;0.000000;1779.017700
1451.000000;9019.000000;6007.000000;0.000000;246965.000000;9095.000000;0.000000;1780.261475
1452.000000;9019.000000;6267.000000;0.000000;203019.000000;9095.000000;0.000000;1781.530762
1453.000000;9019.000000;6992.000000;0.000000;115514.000000;9095.000000;0.000000;1782.854370
1454.000000;9019.000000;6379.000000;0.000000;305320.000000;9095.000000;0.000000;1784.093262
1455.000000;9019.000000;6321.000000;0.000000;249944.000000;9095.000000;0.000000;1785.331665
1456.000000;9019.000000;7567.000000;0.000000;175879.000000;9095.000000;0.000000;1786.571899
1457.000000;9019.000000;5833.000000;0.000000;207155.000000;9095.000000;0.000000;1787.811401
1458.000000;9019.000000;7395.000000;0.000000;138753.000000;9095.000000;0.000000;1789.064331
1459.000000;9019.000000;5525.000000;0.000000;249901.000000;9095.000000;0.000000;1790.299927
1460.000000;9019.000000;6929.000000;0.000000;173025.000000;9095.000000;0.000000;1791.555420
1461.000000;9019.000000;6082.000000;0.000000;273983.000000;9095.000000;0.000000;1792.798096
1462.000000;9019.000000;7050.000000;0.000000;136913.000000;9095.000000;0.000000;1794.026733
1463.000000;9019.000000;6578.000000;0.000000;251092.000000;9095.000000;0.000000;1795.260620
1464.000000;9019.000000;6929.000000;0.000000;271363.000000;9095.000000;0.000000;1796.493286
1465.000000;9019.000000;6499.000000;0.000000;327624.000000;9095.000000;0.000000;1797.737183
1466.000000;9019.000000;6432.000000;0.000000;144437.000000;9095.000000;0.000000;1798.977173
1467.000000;9019.000000;7621.000000;0.000000;207278.000000;9095.000000;0.000000;1800.210571
1468.000000;9019.000000;6380.000000;0.000000;141451.000000;9095.000000;0.000000;1801.473633
1469.000000;9019.000000;5848.000000;0.000000;263907.000000;9095.000000;0.000000;1802.715820
1470.000000;9019.000000;9120.000000;0.000000;167243.000000;9095.000000;0.000000;1803.965210
1471.000000;9019.000000;6534.000000;0.000000;200568.000000;9095.000000;0.000000;1805.211182
1472.000000;9019.000000;7321.000000;0.000000;253749.000000;9095.000000;0.000000;1806.455322
1473.000000;9019.000000;6196.000000;0.000000;189141.000000;9095.000000;0.000000;1807.689697
1474.000000;9019.000000;7349.000000;0.000000;204989.000000;9095.000000;0.000000;1808.929810
1475.000000;9019.000000;6778.000000;0.000000;249840.000000;9095.000000;0.000000;1810.158203
1476.000000;9019.000000;6617.000000;0.000000;290333.000000;9095.000000;0.000000;1811.440308
1477.000000;9019.000000;6286.000000;0.000000;282007.000000;9095.000000;0.000000;1812.672974
1478.000000;9019.000000;6902.000000;0.000000;253402.000000;9095.000000;0.000000;1813.919189
1479.000000;9019.000000;6525.000000;0.000000;255091.000000;9095.000000;0.000000;1815.167847
1480.000000;9019.000000;6435.000000;0.000000;231423.000000;9095.000000;0.000000;1816.401367
1481.000000;9019.000000;6878.000000;0.000000;192789.000000;9095.000000;0.000000;1817.646118
1482.000000;9019.000000;5635.000000;0.000000;213838.000000;9095.000000;0.000000;1818.894531
1483.000000;9019.000000;6282.000000;0.000000;232907.000000;9095.000000;0.000000;1820.135986
1484.000000;9019.000000;6431.000000;0.000000;257893.000000;9095.000000;0.000000;1821.392334
1485.000000;9019.000000;6816.000000;0.000000;273926.000000;9095.000000;0.000000;1822.630981
1486.000000;9019.000000;5754.000000;0.000000;305416.000000;9095.000000;0.000000;1823.869019
1487.000000;9019.000000;6850.000000;0.000000;261417.000000;9095.000000;0.000000;1825.098389
1488.000000;9019.000000;6168.000000;0.000000;250135.000000;9095.000000;0.000000;1826.343872
1489.000000;9019.000000;8803.000000;0.000000;71420.000000;9095.000000;0.000000;1827.699463
1490.000000;9019.000000;5582.000000;0.000000;290259.000000;9095.000000;0.000000;1828.944336
1491.000000;9019.000000;6702.000000;0.000000;236986.000000;9095.000000;0.000000;1830.177124
1492.000000;9019.000000;6030.000000;0.000000;226020.000000;9095.000000;0.000000;1831.445190
1493.000000;9019.000000;6539.000000;0.000000;206000.000000;9095.000000;0.000000;1832.682373
1494.000000;9019.000000;5695.000000;0.000000;224930.000000;9095.000000;0.000000;1833.914429
1495.000000;9019.000000;8386.000000;0.000000;132823.000000;9095.000000;0.000000;1835.148438
1496.000000;9019.000000;5686.000000;0.000000;225175.000000;9095.000000;0.000000;1836.391724
1497.000000;9019.000000;7892.000000;0.000000;313435.000000;9095.000000;0.000000;1837.629517
1498.000000;9019.000000;6887.000000;0.000000;143904.000000;9095.000000;0.000000;1838.865723
1499.000000;9019.000000;7762.000000;0.000000;198405.000000;9095.000000;0.000000;1840.113281
1500.000000;9019.000000;6159.000000;0.000000;311387.000000;9095.000000;0.000000;1841.376343
1501.000000;9019.000000;5961.000000;0.000000;260147.000000;9095.000000;0.000000;1842.705566
1502.000000;9019.000000;6248.000000;0.000000;214084.000000;9095.000000;0.000000;1843.936523
1503.000000;9019.000000;6962.000000;0.000000;101932.000000;9095.000000;0.000000;1845.186523
1504.000000;9019.000000;6127.000000;0.000000;246320.000000;9095.000000;0.000000;1846.428955
1505.000000;9019.000000;5992.000000;0.000000;271559.000000;9095.000000;0.000000;1847.671387
1506.000000;9019.000000;7337.000000;0.000000;255367.000000;9095.000000;0.000000;1848.902588
1507.000000;9019.000000;6391.000000;0.000000;179786.000000;9095.000000;0.000000;1850.135376
1508.000000;9019.000000;7169.000000;0.000000;147697.000000;9095.000000;0.000000;1851.398926
1509.000000;9019.000000;7475.000000;0.000000;155334.000000;9095.000000;0.000000;1852.645752
1510.000000;9019.000000;7130.000000;0.000000;146387.000000;9095.000000;0.000000;1853.885498
1511.000000;9019.000000;7839.000000;0.000000;172734.000000;9095.000000;0.000000;1855.124146
1512.000000;9019.000000;6942.000000;0.000000;168562.000000;9095.000000;0.000000;1856.373169
1513.000000;9019.000000;6388.000000;0.000000;226879.000000;9095.000000;0.000000;1857.624756
1514.000000;9019.000000;6583.000000;0.000000;203854.000000;9095.000000;0.000000;1858.860474
1515.000000;9019.000000;7008.000000;0.000000;257963.000000;9095.000000;0.000000;1860.096069
1516.000000;9019.000000;6210.000000;0.000000;315498.000000;9095.000000;0.000000;1861.335449
1517.000000;9019.000000;6355.000000;0.000000;164403.000000;9095.000000;0.000000;1862.593750
1518.000000;9019.000000;6294.000000;0.000000;360442.000000;9095.000000;0.000000;1863.842163
1519.000000;9019.000000;7147.000000;0.000000;218847.000000;9095.000000;0.000000;1865.075073
1520.000000;9019.000000;5461.000000;0.000000;178177.000000;9095.000000;0.000000;1866.309204
1521.000000;9019.000000;6844.000000;0.000000;224690.000000;9095.000000;0.000000;1867.574707
1522.000000;9019.000000;5837.000000;0.000000;306072.000000;9095.000000;0.000000;1868.828857
1523.000000;9019.000000;5985.000000;0.000000;215578.000000;9095.000000;0.000000;1870.065674
1524.000000;9019.000000;5861.000000;0.000000;229290.000000;9095.000000;0.000000;1871.311157
1525.000000;9019.000000;6151.000000;0.000000;288084.000000;9095.000000;0.000000;1872.573364
1526.000000;9019.000000;6227.000000;0.000000;160803.000000;9095.000000;0.000000;1873.838501
1527.000000;9019.000000;5766.000000;0.000000;210540.000000;9095.000000;0.000000;1875.072754
1528.000000;9019.000000;5877.000000;0.000000;299956.000000;9095.000000;0.000000;1876.322754
1529.000000;9019.000000;5748.000000;0.000000;277697.000000;9095.000000;0.000000;1877.559082
1530.000000;9019.000000;6718.000000;0.000000;228867.000000;9095.000000;0.000000;1878.795776
1531.000000;9019.000000;6856.000000;0.000000;237687.000000;9095.000000;0.000000;1880.042480
1532.000000;9019.000000;6555.000000;0.000000;206491.000000;9095.000000;0.000000;1881.296265
1533.000000;9019.000000;5673.000000;0.000000;308936.000000;9095.000000;0.000000;1882.557007
1534.000000;9019.000000;6017.000000;0.000000;178833.000000;9095.000000;0.000000;1883.788940
1535.000000;9019.000000;5615.000000;0.000000;153661.000000;9095.000000;0.000000;1885.019165
1536.000000;9019.000000;6339.000000;0.000000;208882.000000;9095.000000;0.000000;1886.266479
1537.000000;9019.000000;7602.000000;0.000000;247043.000000;9095.000000;0.000000;1887.506348
1538.000000;9019.000000;6146.000000;0.000000;267075.000000;9095.000000;0.000000;1888.750732
1539.000000;9019.000000;5542.000000;0.000000;195349.000000;9095.000000;0.000000;1889.985352
1540.000000;9019.000000;8425.000000;0.000000;119175.000000;9095.000000;0.000000;1891.222412
1541.000000;9019.000000;7121.000000;0.000000;191452.000000;9095.000000;0.000000;1892.503784
1542.000000;9019.000000;5775.000000;0.000000;208531.000000;9095.000000;0.000000;1893.750244
1543.000000;9019.000000;6984.000000;0.000000;198955.000000;9095.000000;0.000000;1894.979980
1544.000000;9019.000000;7544.000000;0.000000;199547.000000;9095.000000;0.000000;1896.213013
1545.000000;9019.000000;7321.000000;0.000000;204713.000000;9095.000000;0.000000;1897.480103
1546.000000;9019.000000;5654.000000;0.000000;247899.000000;9095.000000;0.000000;1898.731323
1547.000000;9019.000000;5564.000000;0.000000;255831.000000;9095.000000;0.000000;1899.978882
1548.000000;9019.000000;6640.000000;0.000000;210148.000000;9095.000000;0.000000;1901.214966
1549.000000;9019.000000;7488.000000;0.000000;173183.000000;9095.000000;0.000000;1902.556030
1550.000000;9019.000000;7166.000000;0.000000;224426.000000;9095.000000;0.000000;1903.795532
1551.000000;9019.000000;6974.000000;0.000000;168369.000000;9095.000000;0.000000;1905.032471
1552.000000;9019.000000;7582.000000;0.000000;164406.000000;9095.000000;0.000000;1906.270142
1553.000000;9019.000000;6614.000000;0.000000;292574.000000;9095.000000;0.000000;1907.502563
1554.000000;9019.000000;6368.000000;0.000000;252792.000000;9095.000000;0.000000;1908.739380
1555.000000;9019.000000;6693.000000;0.000000;223427.000000;9095.000000;0.000000;1909.992798
1556.000000;9019.000000;8546.000000;0.000000;262679.000000;9095.000000;0.000000;1911.236084
1557.000000;9019.000000;7270.000000;0.000000;71963.000000;9095.000000;0.000000;1912.511353
1558.000000;9019.000000;8457.000000;0.000000;208278.000000;9095.000000;0.000000;1913.760132
1559.000000;9019.000000;6053.000000;0.000000;188952.000000;9095.000000;0.000000;1914.999634
1560.000000;9019.000000;7128.000000;0.000000;218179.000000;9095.000000;0.000000;1916.226440
1561.000000;9019.000000;6579.000000;0.000000;340772.000000;9095.000000;0.000000;1917.463135
1562.000000;9019.000000;7437.000000;0.000000;229043.000000;9095.000000;0.000000;1918.692139
1563.000000;9019.000000;6127.000000;0.000000;294014.000000;9095.000000;0.000000;1919.934570
1564.000000;9019.000000;7100.000000;0.000000;138967.000000;9095.000000;0.000000;1921.162354
1565.000000;9019.000000;7155.000000;0.000000;183025.000000;9095.000000;0.000000;1922.431030
1566.000000;9019.000000;7537.000000;0.000000;232141.000000;9095.000000;0.000000;1923.667114
1567.000000;9019.000000;7059.000000;0.000000;215711.000000;9095.000000;0.000000;1924.917480
1568.000000;9019.000000;6816.000000;0.000000;205424.000000;9095.000000;0.000000;1926.165039
1569.000000;9019.000000;7537.000000;0.000000;138483.000000;9095.000000;0.000000;1927.410034
1570.000000;9019.000000;6571.000000;0.000000;258364.000000;9095.000000;0.000000;1928.642822
1571.000000;9019.000000;6186.000000;0.000000;161664.000000;9095.000000;0.000000;1929.888794
1572.000000;9019.000000;6341.000000;0.000000;263177.000000;9095.000000;0.000000;1931.126953
1573.000000;9019.000000;6765.000000;0.000000;247245.000000;9095.000000;0.000000;1932.395996
1574.000000;9019.000000;6052.000000;0.000000;200872.000000;9095.000000;0.000000;1933.642822
1575.000000;9019.000000;6747.000000;0.000000;218213.000000;9095.000000;0.000000;1934.881958
1576.000000;9019.000000;6317.000000;0.000000;246634.000000;9095.000000;0.000000;1936.118652
1577.000000;9019.000000;6958.000000;0.000000;215409.000000;9095.000000;0.000000;1937.370483
1578.000000;9019.000000;7131.000000;0.000000;247651.000000;9095.000000;0.000000;1938.602539
1579.000000;9019.000000;7379.000000;0.000000;166874.000000;9095.000000;0.000000;1939.847534
1580.000000;9019.000000;6641.000000;0.000000;175189.000000;9095.000000;0.000000;1941.096191
1581.000000;9019.000000;5881.000000;0.000000;191587.000000;9095.000000;0.000000;1942.393799
1582.000000;9019.000000;5624.000000;0.000000;211630.000000;9095.000000;0.000000;1943.629761
1583.000000;9019.000000;8001.000000;0.000000;156289.000000;9095.000000;0.000000;1944.882446
1584.000000;9019.000000;6896.000000;0.000000;161340.000000;9095.000000;0.000000;1946.135864
1585.000000;9019.000000;8106.000000;0.000000;110450.000000;9095.000000;0.000000;1947.373535
1586.000000;9019.000000;6345.000000;0.000000;283912.000000;9095.000000;0.000000;1948.606689
1587.000000;9019.000000;7960.000000;0.000000;148989.000000;9095.000000;0.000000;1949.841187
1588.000000;9019.000000;6647.000000;0.000000;298170.000000;9095.000000;0.000000;1951.070435
1589.000000;9019.000000;6180.000000;0.000000;240706.000000;9095.000000;0.000000;1952.333740
1590.000000;9019.000000;6921.000000;0.000000;225364.000000;9095.000000;0.000000;1953.570190
1591.000000;9019.000000;5572.000000;0.000000;220606.000000;9095.000000;0.000000;1954.813232
1592.000000;9019.000000;6731.000000;0.000000;282273.000000;9095.000000;0.000000;1956.054077
1593.000000;9019.000000;6393.000000;0.000000;244366.000000;9095.000000;0.000000;1957.293091
1594.000000;9019.000000;7350.000000;0.000000;132824.000000;9095.000000;0.000000;1958.530518
1595.000000;9019.000000;5827.000000;0.000000;309449.000000;9095.000000;0.000000;1959.768433
1596.000000;9019.000000;7730.000000;0.000000;103629.000000;9095.000000;0.000000;1961.005371
1597.000000;9019.000000;6114.000000;0.000000;153686.000000;9095.000000;0.000000;1962.263550
1598.000000;9019.000000;7313.000000;0.000000;111837.000000;9095.000000;0.000000;1963.553345
1599.000000;9019.000000;6273.000000;0.000000;266672.000000;9095.000000;0.000000;1964.795044
1600.000000;9019.000000;6545.000000;0.000000;208052.000000;9095.000000;0.000000;1966.035645
1601.000000;9019.000000;6709.000000;0.000000;281713.000000;9095.000000;0.000000;1967.274292
1602.000000;9019.000000;6136.000000;0.000000;168094.000000;9095.000000;0.000000;1968.505981
1603.000000;9019.000000;6400.000000;0.000000;175444.000000;9095.000000;0.000000;1969.745483
1604.000000;9019.000000;7080.000000;0.000000;223919.000000;9095.000000;0.000000;1971.046143
1605.000000;9019.000000;6286.000000;0.000000;287083.000000;9095.000000;0.000000;1972.304077
1606.000000;9019.000000;6388.000000;0.000000;216746.000000;9095.000000;0.000000;1973.609375
1607.000000;9019.000000;7438.000000;0.000000;280345.000000;9095.000000;0.000000;1974.860840
1608.000000;9019.000000;6933.000000;0.000000;227483.000000;9095.000000;0.000000;1976.102661
1609.000000;9019.000000;6735.000000;0.000000;216999.000000;9095.000000;0.000000;1977.337158
1610.000000;9019.000000;5982.000000;0.000000;200505.000000;9095.000000;0.000000;1978.575806
1611.000000;9019.000000;6823.000000;0.000000;111894.000000;9095.000000;0.000000;1979.807495
1612.000000;9019.000000;6240.000000;0.000000;172811.000000;9095.000000;0.000000;1981.041016
1613.000000;9019.000000;7528.000000;0.000000;111571.000000;9095.000000;0.000000;1982.688843
1614.000000;9019.000000;6322.000000;0.000000;227672.000000;9095.000000;0.000000;1983.930664
1615.000000;9019.000000;6094.000000;0.000000;280680.000000;9095.000000;0.000000;1985.158081
1616.000000;9019.000000;6544.000000;0.000000;214525.000000;9095.000000;0.000000;1986.403076
1617.000000;9019.000000;6876.000000;0.000000;210139.000000;9095.000000;0.000000;1987.657715
1618.000000;9019.000000;6328.000000;0.000000;209457.000000;9095.000000;0.000000;1988.897583
1619.000000;9019.000000;6910.000000;0.000000;214679.000000;9095.000000;0.000000;1990.135620
1620.000000;9019.000000;6060.000000;0.000000;219796.000000;9095.000000;0.000000;1991.369507
1621.000000;9019.000000;6572.000000;0.000000;257168.000000;9095.000000;0.000000;1992.627319
1622.000000;9019.000000;5599.000000;0.000000;271878.000000;9095.000000;0.000000;1993.877686
1623.000000;9019.000000;6866.000000;0.000000;217356.000000;9095.000000;0.000000;1995.111816
1624.000000;9019.000000;6136.000000;0.000000;257214.000000;9095.000000;0.000000;1996.355225
1625.000000;9019.000000;7192.000000;0.000000;106577.000000;9095.000000;0.000000;1997.594727
1626.000000;9019.000000;7421.000000;0.000000;261911.000000;9095.000000;0.000000;1998.836548
1627.000000;9019.000000;6289.000000;0.000000;287446.000000;9095.000000;0.000000;2000.077148
1628.000000;9019.000000;6557.000000;0.000000;103568.000000;9095.000000;0.000000;2001.313965
1629.000000;9019.000000;7294.000000;0.000000;202818.000000;9095.000000;0.000000;2002.574951
1630.000000;9019.000000;6876.000000;0.000000;165512.000000;9095.000000;0.000000;2003.805054
1631.000000;9019.000000;8318.000000;0.000000;248574.000000;9095.000000;0.000000;2005.045898
1632.000000;9019.000000;7287.000000;0.000000;247546.000000;9095.000000;0.000000;2006.282715
1633.000000;9019.000000;5992.000000;0.000000;279286.000000;9095.000000;0.000000;2007.515991
1634.000000;9019.000000;6404.000000;0.000000;163146.000000;9095.000000;0.000000;2008.768433
1635.000000;9019.000000;6132.000000;0.000000;229457.000000;9095.000000;0.000000;2010.011841
1636.000000;9019.000000;5655.000000;0.000000;302955.000000;9095.000000;0.000000;2011.251221
1637.000000;9019.000000;6304.000000;0.000000;233940.000000;9095.000000;0.000000;2012.508911
1638.000000;9019.000000;5826.000000;0.000000;210088.000000;9095.000000;0.000000;2013.750366
1639.000000;9019.000000;6876.000000;0.000000;186590.000000;9095.000000;0.000000;2014.991089
1640.000000;9019.000000;7681.000000;0.000000;299124.000000;9095.000000;0.000000;2016.232544
1641.000000;9019.000000;6373.000000;0.000000;193702.000000;9095.000000;0.000000;2017.482300
1642.000000;9019.000000;6691.000000;0.000000;152988.000000;9095.000000;0.000000;2018.729614
1643.000000;9019.000000;6573.000000;0.000000;229776.000000;9095.000000;0.000000;2019.966187
1644.000000;9019.000000;6313.000000;0.000000;179843.000000;9095.000000;0.000000;2021.215576
1645.000000;9019.000000;6054.000000;0.000000;284158.000000;9095.000000;0.000000;2022.528076
1646.000000;9019.000000;5801.000000;0.000000;228366.000000;9095.000000;0.000000;2023.768066
1647.000000;9019.000000;7626.000000;0.000000;223654.000000;9095.000000;0.000000;2025.020996
1648.000000;9019.000000;5718.000000;0.000000;134166.000000;9095.000000;0.000000;2026.277466
1649.000000;9019.000000;6933.000000;0.000000;225723.000000;9095.000000;0.000000;2027.510376
1650.000000;9019.000000;6633.000000;0.000000;135678.000000;9095.000000;0.000000;2028.750610
1651.000000;9019.000000;5610.000000;0.000000;223182.000000;9095.000000;0.000000;2029.983154
1652.000000;9019.000000;7411.000000;0.000000;143855.000000;9095.000000;0.000000;2031.221313
1653.000000;9019.000000;7993.000000;0.000000;223157.000000;9095.000000;0.000000;2032.456299
1654.000000;9019.000000;7330.000000;0.000000;198463.000000;9095.000000;0.000000;2033.735596
1655.000000;9019.000000;6763.000000;0.000000;198879.000000;9095.000000;0.000000;2034.993774
1656.000000;9019.000000;6277.000000;0.000000;266349.000000;9095.000000;0.000000;2036.230225
1657.000000;9019.000000;5681.000000;0.000000;195520.000000;9095.000000;0.000000;2037.470947
1658.000000;9019.000000;5494.000000;0.000000;268852.000000;9095.000000;0.000000;2038.710571
1659.000000;9019.000000;6434.000000;0.000000;186562.000000;9095.000000;0.000000;2039.941772
1660.000000;9019.000000;6628.000000;0.000000;275995.000000;9095.000000;0.000000;2041.182129
1661.000000;9019.000000;7102.000000;0.000000;196681.000000;9095.000000;0.000000;2042.441772
1662.000000;9019.000000;6814.000000;0.000000;232471.000000;9095.000000;0.000000;2043.709961
1663.000000;9019.000000;7210.000000;0.000000;185080.000000;9095.000000;0.000000;2044.949585
1664.000000;9019.000000;7072.000000;0.000000;231383.000000;9095.000000;0.000000;2046.178467
1665.000000;9019.000000;7069.000000;0.000000;163813.000000;9095.000000;0.000000;2047.420898
1666.000000;9019.000000;5668.000000;0.000000;207189.000000;9095.000000;0.000000;2048.652832
1667.000000;9019.000000;6262.000000;0.000000;245965.000000;9095.000000;0.000000;2049.897217
1668.000000;9019.000000;5378.000000;0.000000;285074.000000;9095.000000;0.000000;2051.129395
1669.000000;9019.000000;7818.000000;0.000000;213569.000000;9095.000000;0.000000;2052.363525
1670.000000;9019.000000;5687.000000;0.000000;209086.000000;9095.000000;0.000000;2053.619141
1671.000000;9019.000000;6818.000000;0.000000;259657.000000;9095.000000;0.000000;2054.861084
1672.000000;9019.000000;6344.000000;0.000000;188553.000000;9095.000000;0.000000;2056.102783
1673.000000;9019.000000;5841.000000;0.000000;270575.000000;9095.000000;0.000000;2057.342285
1674.000000;9019.000000;6323.000000;0.000000;275337.000000;9095.000000;0.000000;2058.590576
1675.000000;9019.000000;5950.000000;0.000000;280908.000000;9095.000000;0.000000;2059.828369
1676.000000;9019.000000;7254.000000;0.000000;343467.000000;9095.000000;0.000000;2061.090576
1677.000000;9019.000000;7340.000000;0.000000;215906.000000;9095.000000;0.000000;2062.338379
1678.000000;9019.000000;5920.000000;0.000000;333474.000000;9095.000000;0.000000;2063.604492
1679.000000;9019.000000;6418.000000;0.000000;133293.000000;9095.000000;0.000000;2064.853027
1680.000000;9019.000000;6421.000000;0.000000;332875.000000;9095.000000;0.000000;2066.096436
1681.000000;9019.000000;6842.000000;0.000000;201132.000000;9095.000000;0.000000;2067.347900
1682.000000;9019.000000;6088.000000;0.000000;295861.000000;9095.000000;0.000000;2068.604492
1683.000000;9019.000000;6596.000000;0.000000;360419.000000;9095.000000;0.000000;2069.848877
1684.000000;9019.000000;8475.000000;0.000000;277590.000000;9095.000000;0.000000;2071.104248
1685.000000;9019.000000;6633.000000;0.000000;287552.000000;9095.000000;0.000000;2072.348389
1686.000000;9019.000000;7709.000000;0.000000;233218.000000;9095.000000;0.000000;2073.630371
1687.000000;9019.000000;6476.000000;0.000000;222850.000000;9095.000000;0.000000;2074.872803
1688.000000;9019.000000;7862.000000;0.000000;187716.000000;9095.000000;0.000000;2076.113525
1689.000000;9019.000000;7235.000000;0.000000;174770.000000;9095.000000;0.000000;2077.348145
1690.000000;9019.000000;6253.000000;0.000000;261929.000000;9095.000000;0.000000;2078.595215
1691.000000;9019.000000;6406.000000;0.000000;196838.000000;9095.000000;0.000000;2079.833984
1692.000000;9019.000000;6030.000000;0.000000;206044.000000;9095.000000;0.000000;2081.070801
1693.000000;9019.000000;7626.000000;0.000000;174115.000000;9095.000000;0.000000;2082.305176
1694.000000;9019.000000;7204.000000;0.000000;260418.000000;9095.000000;0.000000;2083.604492
1695.000000;9019.000000;6747.000000;0.000000;214621.000000;9095.000000;0.000000;2084.841553
1696.000000;9019.000000;6315.000000;0.000000;193905.000000;9095.000000;0.000000;2086.072021
1697.000000;9019.000000;7207.000000;0.000000;287789.000000;9095.000000;0.000000;2087.309814
1698.000000;9019.000000;6333.000000;0.000000;80881.000000;9095.000000;0.000000;2088.551758
1699.000000;9019.000000;6943.000000;0.000000;243263.000000;9095.000000;0.000000;2089.785645
1700.000000;9019.000000;6986.000000;0.000000;234845.000000;9095.000000;0.000000;2091.021240
1701.000000;9019.000000;8590.000000;0.000000;163816.000000;9095.000000;0.000000;2092.270264
1702.000000;9019.000000;7416.000000;0.000000;222194.000000;9095.000000;0.000000;2093.549561
1703.000000;9019.000000;6795.000000;0.000000;218766.000000;9095.000000;0.000000;2094.788818
1704.000000;9019.000000;7356.000000;0.000000;153335.000000;9095.000000;0.000000;2096.019531
1705.000000;9019.000000;6706.000000;0.000000;257737.000000;9095.000000;0.000000;2097.250000
1706.000000;9019.000000;6904.000000;0.000000;272475.000000;9095.000000;0.000000;2098.477051
1707.000000;9019.000000;6744.000000;0.000000;199465.000000;9095.000000;0.000000;2099.710693
1708.000000;9019.000000;6465.000000;0.000000;314832.000000;9095.000000;0.000000;2100.947754
1709.000000;9019.000000;6768.000000;0.000000;223392.000000;9095.000000;0.000000;2102.192627
1710.000000;9019.000000;8875.000000;0.000000;131942.000000;9095.000000;0.000000;2103.449951
1711.000000;9019.000000;7580.000000;0.000000;182205.000000;9095.000000;0.000000;2104.683105
1712.000000;9019.000000;6502.000000;0.000000;234374.000000;9095.000000;0.000000;2105.912842
1713.000000;9019.000000;7016.000000;0.000000;223261.000000;9095.000000;0.000000;2107.147461
1714.000000;9019.000000;6533.000000;0.000000;244295.000000;9095.000000;0.000000;2108.383545
1715.000000;9019.000000;5896.000000;0.000000;191136.000000;9095.000000;0.000000;2109.620605
1716.000000;9019.000000;6728.000000;0.000000;276960.000000;9095.000000;0.000000;2110.852295
1717.000000;9019.000000;6022.000000;0.000000;227725.000000;9095.000000;0.000000;2112.088379
1718.000000;9019.000000;7600.000000;0.000000;210053.000000;9095.000000;0.000000;2113.347412
1719.000000;9019.000000;7813.000000;0.000000;250355.000000;9095.000000;0.000000;2114.602295
1720.000000;9019.000000;6786.000000;0.000000;268349.000000;9095.000000;0.000000;2115.849854
1721.000000;9019.000000;6155.000000;0.000000;240014.000000;9095.000000;0.000000;2117.135986
1722.000000;9019.000000;8049.000000;0.000000;162746.000000;9095.000000;0.000000;2118.377441
1723.000000;9019.000000;6055.000000;0.000000;164234.000000;9095.000000;0.000000;2119.607910
1724.000000;9019.000000;7126.000000;0.000000;149304.000000;9095.000000;0.000000;2120.835693
1725.000000;9019.000000;5213.000000;0.000000;188998.000000;9095.000000;0.000000;2122.071045
1726.000000;9019.000000;6561.000000;0.000000;159765.000000;9095.000000;0.000000;2123.324463
1727.000000;9019.000000;6533.000000;0.000000;231381.000000;9095.000000;0.000000;2124.559814
1728.000000;9019.000000;6357.000000;0.000000;156099.000000;9095.000000;0.000000;2125.791992
1729.000000;9019.000000;7416.000000;0.000000;176475.000000;9095.000000;0.000000;2127.040527
1730.000000;9019.000000;5908.000000;0.000000;171519.000000;9095.000000;0.000000;2128.344482
1731.000000;9019.000000;7159.000000;0.000000;219832.000000;9095.000000;0.000000;2129.585449
1732.000000;9019.000000;5222.000000;0.000000;296528.000000;9095.000000;0.000000;2130.816895
1733.000000;9019.000000;6737.000000;0.000000;270884.000000;9095.000000;0.000000;2132.059326
1734.000000;9019.000000;5343.000000;0.000000;337728.000000;9095.000000;0.000000;2133.340820
1735.000000;9019.000000;6794.000000;0.000000;201361.000000;9095.000000;0.000000;2134.583496
1736.000000;9019.000000;6032.000000;0.000000;122168.000000;9095.000000;0.000000;2135.813965
1737.000000;9019.000000;6210.000000;0.000000;202161.000000;9095.000000;0.000000;2137.055908
1738.000000;9019.000000;6289.000000;0.000000;216507.000000;9095.000000;0.000000;2138.301758
1739.000000;9019.000000;5934.000000;0.000000;329105.000000;9095.000000;0.000000;2139.541260
1740.000000;9019.000000;6808.000000;0.000000;208630.000000;9095.000000;0.000000;2140.772217
1741.000000;9019.000000;6021.000000;0.000000;264457.000000;9095.000000;0.000000;2142.012207
1742.000000;9019.000000;6178.000000;0.000000;250260.000000;9095.000000;0.000000;2143.277832
1743.000000;9019.000000;7250.000000;0.000000;227974.000000;9095.000000;0.000000;2144.509521
1744.000000;9019.000000;6388.000000;0.000000;143431.000000;9095.000000;0.000000;2145.749512
1745.000000;9019.000000;6309.000000;0.000000;208450.000000;9095.000000;0.000000;2146.992676
1746.000000;9019.000000;6013.000000;0.000000;241435.000000;9095.000000;0.000000;2148.233154
1747.000000;9019.000000;7590.000000;0.000000;195513.000000;9095.000000;0.000000;2149.479980
1748.000000;9019.000000;6545.000000;0.000000;180048.000000;9095.000000;0.000000;2150.711670
1749.000000;9019.000000;6153.000000;0.000000;173910.000000;9095.000000;0.000000;2151.943359
1750.000000;9019.000000;7500.000000;0.000000;178487.000000;9095.000000;0.000000;2153.196045
1751.000000;9019.000000;5782.000000;0.000000;326840.000000;9095.000000;0.000000;2154.443115
1752.000000;9019.000000;5534.000000;0.000000;272468.000000;9095.000000;0.000000;2155.679932
1753.000000;9019.000000;7570.000000;0.000000;247384.000000;9095.000000;0.000000;2156.925781
1754.000000;9019.000000;5633.000000;0.000000;278540.000000;9095.000000;0.000000;2158.163574
1755.000000;9019.000000;7334.000000;0.000000;253920.000000;9095.000000;0.000000;2159.395264
1756.000000;9019.000000;6418.000000;0.000000;265118.000000;9095.000000;0.000000;2160.630615
1757.000000;9019.000000;6250.000000;0.000000;302857.000000;9095.000000;0.000000;2161.875488
1758.000000;9019.000000;6355.000000;0.000000;313381.000000;9095.000000;0.000000;2163.117676
1759.000000;9019.000000;6397.000000;0.000000;246420.000000;9095.000000;0.000000;2164.374756
1760.000000;9019.000000;8163.000000;0.000000;260501.000000;9095.000000;0.000000;2165.607178
1761.000000;9019.000000;6134.000000;0.000000;306866.000000;9095.000000;0.000000;2166.844971
1762.000000;9019.000000;7633.000000;0.000000;212442.000000;9095.000000;0.000000;2168.084717
1763.000000;9019.000000;6755.000000;0.000000;225121.000000;9095.000000;0.000000;2169.316895
1764.000000;9019.000000;7733.000000;0.000000;178673.000000;9095.000000;0.000000;2170.551025
1765.000000;9019.000000;5510.000000;0.000000;277324.000000;9095.000000;0.000000;2171.797852
1766.000000;9019.000000;7962.000000;0.000000;185368.000000;9095.000000;0.000000;2173.036621
1767.000000;9019.000000;6979.000000;0.000000;217134.000000;9095.000000;0.000000;2174.333496
1768.000000;9019.000000;6482.000000;0.000000;243366.000000;9095.000000;0.000000;2175.582031
1769.000000;9019.000000;6520.000000;0.000000;317088.000000;9095.000000;0.000000;2176.868896
1770.000000;9019.000000;6596.000000;0.000000;129277.000000;9095.000000;0.000000;2178.109863
1771.000000;9019.000000;6038.000000;0.000000;182699.000000;9095.000000;0.000000;2179.345459
1772.000000;9019.000000;6206.000000;0.000000;227072.000000;9095.000000;0.000000;2180.579102
1773.000000;9019.000000;7237.000000;0.000000;118551.000000;9095.000000;0.000000;2181.818359
1774.000000;9019.000000;8004.000000;0.000000;230854.000000;9095.000000;0.000000;2183.050049
1775.000000;9019.000000;7211.000000;0.000000;213835.000000;9095.000000;0.000000;2184.321289
1776.000000;9019.000000;6691.000000;0.000000;274376.000000;9095.000000;0.000000;2185.571045
1777.000000;9019.000000;5432.000000;0.000000;221818.000000;9095.000000;0.000000;2186.807861
1778.000000;9019.000000;6135.000000;0.000000;270663.000000;9095.000000;0.000000;2188.051758
1779.000000;9019.000000;5333.000000;0.000000;290694.000000;9095.000000;0.000000;2189.291260
1780.000000;9019.000000;6305.000000;0.000000;267845.000000;9095.000000;0.000000;2190.531494
1781.000000;9019.000000;5524.000000;0.000000;313578.000000;9095.000000;0.000000;2191.815918
1782.000000;9019.000000;7014.000000;0.000000;242394.000000;9095.000000;0.000000;2193.050049
1783.000000;9019.000000;7764.000000;0.000000;237365.000000;9095.000000;0.000000;2194.309326
1784.000000;9019.000000;6705.000000;0.000000;210132.000000;9095.000000;0.000000;2195.548584
1785.000000;9019.000000;6865.000000;0.000000;244511.000000;9095.000000;0.000000;2196.793457
1786.000000;9019.000000;7521.000000;0.000000;134657.000000;9095.000000;0.000000;2198.030518
1787.000000;9019.000000;5856.000000;0.000000;157982.000000;9095.000000;0.000000;2199.272949
1788.000000;9019.000000;6401.000000;0.000000;188482.000000;9095.000000;0.000000;2200.522461
1789.000000;9019.000000;6981.000000;0.000000;232447.000000;9095.000000;0.000000;2201.766113
1790.000000;9019.000000;6510.000000;0.000000;115963.000000;9095.000000;0.000000;2203.046875
1791.000000;9019.000000;6546.000000;0.000000;248463.000000;9095.000000;0.000000;2204.318848
1792.000000;9019.000000;6035.000000;0.000000;189054.000000;9095.000000;0.000000;2205.555908
1793.000000;9019.000000;6459.000000;0.000000;207257.000000;9095.000000;0.000000;2206.789062
1794.000000;9019.000000;6752.000000;0.000000;108942.000000;9095.000000;0.000000;2208.033691
1795.000000;9019.000000;5484.000000;0.000000;311914.000000;9095.000000;0.000000;2209.270508
1796.000000;9019.000000;8028.000000;0.000000;183108.000000;9095.000000;0.000000;2210.506592
1797.000000;9019.000000;7324.000000;0.000000;174411.000000;9095.000000;0.000000;2211.744385
1798.000000;9019.000000;6512.000000;0.000000;91020.000000;9095.000000;0.000000;2212.991943
1799.000000;9019.000000;7356.000000;0.000000;131395.000000;9095.000000;0.000000;2214.259766
1800.000000;9019.000000;6708.000000;0.000000;153217.000000;9095.000000;0.000000;2215.491211
1801.000000;9019.000000;6091.000000;0.000000;184623.000000;9095.000000;0.000000;2216.737549
1802.000000;9019.000000;7349.000000;0.000000;248312.000000;9095.000000;0.000000;2217.969238
1803.000000;9019.000000;7436.000000;0.000000;120194.000000;9095.000000;0.000000;2219.210938
1804.000000;9019.000000;6027.000000;0.000000;276527.000000;9095.000000;0.000000;2220.478516
1805.000000;9019.000000;7166.000000;0.000000;160666.000000;9095.000000;0.000000;2221.809570
1806.000000;9019.000000;6386.000000;0.000000;286037.000000;9095.000000;0.000000;2223.052734
1807.000000;9019.000000;6806.000000;0.000000;257102.000000;9095.000000;0.000000;2224.395264
1808.000000;9019.000000;6230.000000;0.000000;352798.000000;9095.000000;0.000000;2225.650146
1809.000000;9019.000000;7531.000000;0.000000;297754.000000;9095.000000;0.000000;2226.888916
1810.000000;9019.000000;5994.000000;0.000000;334353.000000;9095.000000;0.000000;2228.146973
1811.000000;9019.000000;6897.000000;0.000000;254080.000000;9095.000000;0.000000;2229.394043
1812.000000;9019.000000;6090.000000;0.000000;199765.000000;9095.000000;0.000000;2230.626709
1813.000000;9019.000000;6768.000000;0.000000;280448.000000;9095.000000;0.000000;2231.864258
1814.000000;9019.000000;6264.000000;0.000000;291571.000000;9095.000000;0.000000;2233.111084
1815.000000;9019.000000;5791.000000;0.000000;203412.000000;9095.000000;0.000000;2234.397705
1816.000000;9019.000000;6621.000000;0.000000;218478.000000;9095.000000;0.000000;2236.106689
1817.000000;9019.000000;6758.000000;0.000000;174754.000000;9095.000000;0.000000;2237.350098
1818.000000;9019.000000;7706.000000;0.000000;216017.000000;9095.000000;0.000000;2238.606201
1819.000000;9019.000000;8521.000000;0.000000;64804.000000;9095.000000;0.000000;2239.846436
1820.000000;9019.000000;6316.000000;0.000000;247079.000000;9095.000000;0.000000;2241.097412
1821.000000;9019.000000;6065.000000;0.000000;233223.000000;9095.000000;0.000000;2242.352295
1822.000000;9019.000000;7020.000000;0.000000;160991.000000;9095.000000;0.000000;2243.596924
1823.000000;9019.000000;5659.000000;0.000000;292540.000000;9095.000000;0.000000;2244.863525
1824.000000;9019.000000;6324.000000;0.000000;261519.000000;9095.000000;0.000000;2246.107910
1825.000000;9019.000000;7134.000000;0.000000;129635.000000;9095.000000;0.000000;2247.353516
1826.000000;9019.000000;6086.000000;0.000000;75778.000000;9095.000000;0.000000;2248.595703
1827.000000;9019.000000;6848.000000;0.000000;277261.000000;9095.000000;0.000000;2249.830322
1828.000000;9019.000000;6954.000000;0.000000;200805.000000;9095.000000;0.000000;2251.069336
1829.000000;9019.000000;6170.000000;0.000000;289388.000000;9095.000000;0.000000;2252.315674
1830.000000;9019.000000;7198.000000;0.000000;139954.000000;9095.000000;0.000000;2253.553223
1831.000000;9019.000000;6541.000000;0.000000;188156.000000;9095.000000;0.000000;2254.804688
1832.000000;9019.000000;7117.000000;0.000000;132434.000000;9095.000000;0.000000;2256.051514
1833.000000;9019.000000;6235.000000;0.000000;89441.000000;9095.000000;0.000000;2257.306641
1834.000000;9019.000000;6532.000000;0.000000;148523.000000;9095.000000;0.000000;2258.539551
1835.000000;9019.000000;6578.000000;0.000000;212435.000000;9095.000000;0.000000;2259.786621
1836.000000;9019.000000;7368.000000;0.000000;89176.000000;9095.000000;0.000000;2261.044922
1837.000000;9019.000000;6813.000000;0.000000;255726.000000;9095.000000;0.000000;2262.278076
1838.000000;9019.000000;5875.000000;0.000000;195246.000000;9095.000000;0.000000;2263.567383
1839.000000;9019.000000;6972.000000;0.000000;213431.000000;9095.000000;0.000000;2264.835449
1840.000000;9019.000000;6842.000000;0.000000;285207.000000;9095.000000;0.000000;2266.069092
1841.000000;9019.000000;6253.000000;0.000000;213713.000000;9095.000000;0.000000;2267.315430
1842.000000;9019.000000;6390.000000;0.000000;230910.000000;9095.000000;0.000000;2268.550781
1843.000000;9019.000000;6862.000000;0.000000;176979.000000;9095.000000;0.000000;2269.779541
1844.000000;9019.000000;6950.000000;0.000000;226514.000000;9095.000000;0.000000;2271.087158
1845.000000;9019.000000;6260.000000;0.000000;234738.000000;9095.000000;0.000000;2272.317627
1846.000000;9019.000000;7955.000000;0.000000;178765.000000;9095.000000;0.000000;2273.606689
1847.000000;9019.000000;8225.000000;0.000000;215980.000000;9095.000000;0.000000;2274.878662
1848.000000;9019.000000;6481.000000;0.000000;322488.000000;9095.000000;0.000000;2276.113770
1849.000000;9019.000000;6590.000000;0.000000;228519.000000;9095.000000;0.000000;2277.344971
1850.000000;9019.000000;7003.000000;0.000000;289409.000000;9095.000000;0.000000;2278.582275
1851.000000;9019.000000;6214.000000;0.000000;254668.000000;9095.000000;0.000000;2279.819580
1852.000000;9019.000000;7186.000000;0.000000;146162.000000;9095.000000;0.000000;2281.059570
1853.000000;9019.000000;7455.000000;0.000000;177813.000000;9095.000000;0.000000;2282.297363
1854.000000;9019.000000;6107.000000;0.000000;280690.000000;9095.000000;0.000000;2283.530762
1855.000000;9019.000000;6453.000000;0.000000;215864.000000;9095.000000;0.000000;2284.792725
1856.000000;9019.000000;5659.000000;0.000000;256721.000000;9095.000000;0.000000;2286.022461
1857.000000;9019.000000;8688.000000;0.000000;162768.000000;9095.000000;0.000000;2287.257080
1858.000000;9019.000000;5601.000000;0.000000;230451.000000;9095.000000;0.000000;2288.497070
1859.000000;9019.000000;6188.000000;0.000000;186692.000000;9095.000000;0.000000;2289.733398
1860.000000;9019.000000;7105.000000;0.000000;236951.000000;9095.000000;0.000000;2290.970459
1861.000000;9019.000000;6734.000000;0.000000;165544.000000;9095.000000;0.000000;2292.209473
1862.000000;9019.000000;6350.000000;0.000000;241148.000000;9095.000000;0.000000;2293.447266
1863.000000;9019.000000;6572.000000;0.000000;246238.000000;9095.000000;0.000000;2294.699219
1864.000000;9019.000000;7184.000000;0.000000;231870.000000;9095.000000;0.000000;2295.936768
1865.000000;9019.000000;7865.000000;0.000000;145876.000000;9095.000000;0.000000;2297.166992
1866.000000;9019.000000;6273.000000;0.000000;303711.000000;9095.000000;0.000000;2298.408936
1867.000000;9019.000000;8203.000000;0.000000;173861.000000;9095.000000;0.000000;2299.655518
1868.000000;9019.000000;7017.000000;0.000000;199690.000000;9095.000000;0.000000;2300.896729
1869.000000;9019.000000;6046.000000;0.000000;307230.000000;9095.000000;0.000000;2302.134766
1870.000000;9019.000000;5624.000000;0.000000;306617.000000;9095.000000;0.000000;2303.367188
1871.000000;9019.000000;6967.000000;0.000000;223139.000000;9095.000000;0.000000;2304.625488
1872.000000;9019.000000;6333.000000;0.000000;279373.000000;9095.000000;0.000000;2305.859131
1873.000000;9019.000000;6409.000000;0.000000;294831.000000;9095.000000;0.000000;2307.093506
1874.000000;9019.000000;6755.000000;0.000000;256023.000000;9095.000000;0.000000;2308.324219
1875.000000;9019.000000;6721.000000;0.000000;278667.000000;9095.000000;0.000000;2309.558350
1876.000000;9019.000000;6767.000000;0.000000;274066.000000;9095.000000;0.000000;2310.802979
1877.000000;9019.000000;6153.000000;0.000000;246686.000000;9095.000000;0.000000;2312.033447
1878.000000;9019.000000;6253.000000;0.000000;207172.000000;9095.000000;0.000000;2313.266846
1879.000000;9019.000000;6602.000000;0.000000;247884.000000;9095.000000;0.000000;2314.531250
1880.000000;9019.000000;6173.000000;0.000000;220818.000000;9095.000000;0.000000;2315.780273
1881.000000;9019.000000;6543.000000;0.000000;130711.000000;9095.000000;0.000000;2317.026367
1882.000000;9019.000000;6755.000000;0.000000;308181.000000;9095.000000;0.000000;2318.265869
1883.000000;9019.000000;6661.000000;0.000000;239654.000000;9095.000000;0.000000;2319.507324
1884.000000;9019.000000;6760.000000;0.000000;234081.000000;9095.000000;0.000000;2320.744629
1885.000000;9019.000000;5837.000000;0.000000;286087.000000;9095.000000;0.000000;2322.042725
1886.000000;9019.000000;6575.000000;0.000000;246849.000000;9095.000000;0.000000;2323.331299
1887.000000;9019.000000;6605.000000;0.000000;226639.000000;9095.000000;0.000000;2324.593750
1888.000000;9019.000000;6952.000000;0.000000;225694.000000;9095.000000;0.000000;2325.829834
1889.000000;9019.000000;5977.000000;0.000000;236934.000000;9095.000000;0.000000;2327.064209
1890.000000;9019.000000;6794.000000;0.000000;194847.000000;9095.000000;0.000000;2328.301270
1891.000000;9019.000000;6808.000000;0.000000;210174.000000;9095.000000;0.000000;2329.542969
1892.000000;9019.000000;7069.000000;0.000000;185987.000000;9095.000000;0.000000;2330.788086
1893.000000;9019.000000;7033.000000;0.000000;216603.000000;9095.000000;0.000000;2332.027588
1894.000000;9019.000000;6676.000000;0.000000;235840.000000;9095.000000;0.000000;2333.260742
1895.000000;9019.000000;6769.000000;0.000000;321408.000000;9095.000000;0.000000;2334.522949
1896.000000;9019.000000;6127.000000;0.000000;259651.000000;9095.000000;0.000000;2335.767090
1897.000000;9019.000000;6273.000000;0.000000;204075.000000;9095.000000;0.000000;2337.007080
1898.000000;9019.000000;7560.000000;0.000000;193311.000000;9095.000000;0.000000;2338.241455
1899.000000;9019.000000;5954.000000;0.000000;227438.000000;9095.000000;0.000000;2339.483154
1900.000000;9019.000000;5961.000000;0.000000;285115.000000;9095.000000;0.000000;2340.718750
1901.000000;9019.000000;6205.000000;0.000000;214912.000000;9095.000000;0.000000;2341.965332
1902.000000;9019.000000;6673.000000;0.000000;279136.000000;9095.000000;0.000000;2343.267578
1903.000000;9019.000000;6727.000000;0.000000;252465.000000;9095.000000;0.000000;2344.659912
1904.000000;9019.000000;7685.000000;0.000000;150579.000000;9095.000000;0.000000;2346.018066
1905.000000;9019.000000;6645.000000;0.000000;214572.000000;9095.000000;0.000000;2347.373047
1906.000000;9019.000000;7248.000000;0.000000;211223.000000;9095.000000;0.000000;2348.728027
1907.000000;9019.000000;7041.000000;0.000000;166978.000000;9095.000000;0.000000;2350.083008
1908.000000;9019.000000;6206.000000;0.000000;232862.000000;9095.000000;0.000000;2351.436035
1909.000000;9019.000000;6536.000000;0.000000;252871.000000;9095.000000;0.000000;2352.793457
1910.000000;9019.000000;6852.000000;0.000000;99828.000000;9095.000000;0.000000;2354.164307
1911.000000;9019.000000;7726.000000;0.000000;166723.000000;9095.000000;0.000000;2355.535400
1912.000000;9019.000000;6330.000000;0.000000;233678.000000;9095.000000;0.000000;2356.889160
1913.000000;9019.000000;6734.000000;0.000000;176923.000000;9095.000000;0.000000;2358.245850
1914.000000;9019.000000;7200.000000;0.000000;197673.000000;9095.000000;0.000000;2359.604980
1915.000000;9019.000000;6060.000000;0.000000;296787.000000;9095.000000;0.000000;2360.853027
1916.000000;9019.000000;6607.000000;0.000000;226202.000000;9095.000000;0.000000;2362.092285
1917.000000;9019.000000;5432.000000;0.000000;253108.000000;9095.000000;0.000000;2363.331787
1918.000000;9019.000000;7161.000000;0.000000;214064.000000;9095.000000;0.000000;2364.591553
1919.000000;9019.000000;6119.000000;0.000000;169343.000000;9095.000000;0.000000;2365.822266
1920.000000;9019.000000;5746.000000;0.000000;295777.000000;9095.000000;0.000000;2367.061768
1921.000000;9019.000000;6573.000000;0.000000;156451.000000;9095.000000;0.000000;2368.306885
1922.000000;9019.000000;5963.000000;0.000000;324402.000000;9095.000000;0.000000;2369.545410
1923.000000;9019.000000;5980.000000;0.000000;332748.000000;9095.000000;0.000000;2370.777832
1924.000000;9019.000000;6659.000000;0.000000;199729.000000;9095.000000;0.000000;2372.113037
1925.000000;9019.000000;6658.000000;0.000000;176233.000000;9095.000000;0.000000;2373.351074
1926.000000;9019.000000;5458.000000;0.000000;336463.000000;9095.000000;0.000000;2374.622314
1927.000000;9019.000000;6088.000000;0.000000;342529.000000;9095.000000;0.000000;2375.872070
1928.000000;9019.000000;5715.000000;0.000000;287913.000000;9095.000000;0.000000;2377.131348
1929.000000;9019.000000;6312.000000;0.000000;255272.000000;9095.000000;0.000000;2378.369385
1930.000000;9019.000000;6536.000000;0.000000;171731.000000;9095.000000;0.000000;2379.619141
1931.000000;9019.000000;6523.000000;0.000000;238319.000000;9095.000000;0.000000;2380.871094
1932.000000;9019.000000;6401.000000;0.000000;218381.000000;9095.000000;0.000000;2382.122803
1933.000000;9019.000000;6623.000000;0.000000;171012.000000;9095.000000;0.000000;2383.417236
1934.000000;9019.000000;5980.000000;0.000000;313297.000000;9095.000000;0.000000;2384.681641
1935.000000;9019.000000;7569.000000;0.000000;161960.000000;9095.000000;0.000000;2385.919922
1936.000000;9019.000000;6169.000000;0.000000;285002.000000;9095.000000;0.000000;2387.161377
1937.000000;9019.000000;7273.000000;0.000000;106386.000000;9095.000000;0.000000;2388.407471
1938.000000;9019.000000;6449.000000;0.000000;271455.000000;9095.000000;0.000000;2389.649902
1939.000000;9019.000000;7292.000000;0.000000;185146.000000;9095.000000;0.000000;2390.887451
1940.000000;9019.000000;6466.000000;0.000000;245273.000000;9095.000000;0.000000;2392.122803
1941.000000;9019.000000;7005.000000;0.000000;233099.000000;9095.000000;0.000000;2393.376221
1942.000000;9019.000000;7650.000000;0.000000;331658.000000;9095.000000;0.000000;2394.620361
1943.000000;9019.000000;5952.000000;0.000000;304344.000000;9095.000000;0.000000;2395.882080
1944.000000;9019.000000;8066.000000;0.000000;314022.000000;9095.000000;0.000000;2397.127686
1945.000000;9019.000000;6929.000000;0.000000;241622.000000;9095.000000;0.000000;2398.365234
1946.000000;9019.000000;6997.000000;0.000000;200155.000000;9095.000000;0.000000;2399.604492
1947.000000;9019.000000;5773.000000;0.000000;157933.000000;9095.000000;0.000000;2400.848633
1948.000000;9019.000000;6754.000000;0.000000;211682.000000;9095.000000;0.000000;2402.096191
1949.000000;9019.000000;7065.000000;0.000000;166633.000000;9095.000000;0.000000;2403.349854
1950.000000;9019.000000;5704.000000;0.000000;243988.000000;9095.000000;0.000000;2404.600830
1951.000000;9019.000000;8173.000000;0.000000;192804.000000;9095.000000;0.000000;2405.864258
1952.000000;9019.000000;6114.000000;0.000000;318345.000000;9095.000000;0.000000;2407.105225
1953.000000;9019.000000;6754.000000;0.000000;165258.000000;9095.000000;0.000000;2408.358398
1954.000000;9019.000000;7187.000000;0.000000;186350.000000;9095.000000;0.000000;2409.599854
1955.000000;9019.000000;8145.000000;0.000000;194595.000000;9095.000000;0.000000;2410.841797
1956.000000;9019.000000;6168.000000;0.000000;300112.000000;9095.000000;0.000000;2412.085449
1957.000000;9019.000000;8236.000000;0.000000;188176.000000;9095.000000;0.000000;2413.351074
1958.000000;9019.000000;7024.000000;0.000000;231653.000000;9095.000000;0.000000;2414.614014
1959.000000;9019.000000;6553.000000;0.000000;344700.000000;9095.000000;0.000000;2415.878418
1960.000000;9019.000000;6448.000000;0.000000;197806.000000;9095.000000;0.000000;2417.146240
1961.000000;9019.000000;6514.000000;0.000000;211105.000000;9095.000000;0.000000;2418.391846
1962.000000;9019.000000;6667.000000;0.000000;339646.000000;9095.000000;0.000000;2419.632812
1963.000000;9019.000000;6503.000000;0.000000;233174.000000;9095.000000;0.000000;2420.882812
1964.000000;9019.000000;6295.000000;0.000000;269911.000000;9095.000000;0.000000;2422.121094
1965.000000;9019.000000;6739.000000;0.000000;241146.000000;9095.000000;0.000000;2423.367920
1966.000000;9019.000000;5908.000000;0.000000;178729.000000;9095.000000;0.000000;2424.613525
1967.000000;9019.000000;6105.000000;0.000000;210345.000000;9095.000000;0.000000;2425.882568
1968.000000;9019.000000;8032.000000;0.000000;119566.000000;9095.000000;0.000000;2427.172852
1969.000000;9019.000000;7175.000000;0.000000;254060.000000;9095.000000;0.000000;2428.453613
1970.000000;9019.000000;7988.000000;0.000000;75126.000000;9095.000000;0.000000;2429.700684
1971.000000;9019.000000;6376.000000;0.000000;190171.000000;9095.000000;0.000000;2430.953857
1972.000000;9019.000000;6050.000000;0.000000;315865.000000;9095.000000;0.000000;2432.215576
1973.000000;9019.000000;7373.000000;0.000000;204405.000000;9095.000000;0.000000;2433.460938
1974.000000;9019.000000;6673.000000;0.000000;171490.000000;9095.000000;0.000000;2434.698975
1975.000000;9019.000000;7962.000000;0.000000;235764.000000;9095.000000;0.000000;2435.963623
1976.000000;9019.000000;6888.000000;0.000000;172799.000000;9095.000000;0.000000;2437.202393
1977.000000;9019.000000;8982.000000;0.000000;159952.000000;9095.000000;0.000000;2438.445312
1978.000000;9019.000000;5975.000000;0.000000;232790.000000;9095.000000;0.000000;2439.694336
1979.000000;9019.000000;6857.000000;0.000000;151760.000000;9095.000000;0.000000;2440.934082
1980.000000;9019.000000;5862.000000;0.000000;237278.000000;9095.000000;0.000000;2442.186279
1981.000000;9019.000000;6081.000000;0.000000;225376.000000;9095.000000;0.000000;2443.459229
1982.000000;9019.000000;7088.000000;0.000000;181359.000000;9095.000000;0.000000;2444.711914
1983.000000;9019.000000;5858.000000;0.000000;215354.000000;9095.000000;0.000000;2445.975586
1984.000000;9019.000000;6540.000000;0.000000;237749.000000;9095.000000;0.000000;2447.218750
1985.000000;9019.000000;5903.000000;0.000000;235796.000000;9095.000000;0.000000;2448.462158
1986.000000;9019.000000;5944.000000;0.000000;230579.000000;9095.000000;0.000000;2449.709717
1987.000000;9019.000000;6852.000000;0.000000;214546.000000;9095.000000;0.000000;2450.950928
1988.000000;9019.000000;5760.000000;0.000000;231853.000000;9095.000000;0.000000;2452.255615
1989.000000;9019.000000;6437.000000;0.000000;291985.000000;9095.000000;0.000000;2453.496582
1990.000000;9019.000000;6806.000000;0.000000;222404.000000;9095.000000;0.000000;2454.730957
1991.000000;9019.000000;6771.000000;0.000000;121127.000000;9095.000000;0.000000;2455.996582
1992.000000;9019.000000;5846.000000;0.000000;287747.000000;9095.000000;0.000000;2457.234131
1993.000000;9019.000000;5080.000000;0.000000;194673.000000;9095.000000;0.000000;2458.476074
1994.000000;9019.000000;6339.000000;0.000000;195116.000000;9095.000000;0.000000;2459.713135
1995.000000;9019.000000;6799.000000;0.000000;252208.000000;9095.000000;0.000000;2460.961914
1996.000000;9019.000000;6278.000000;0.000000;294524.000000;9095.000000;0.000000;2462.205811
1997.000000;9019.000000;6327.000000;0.000000;259009.000000;9095.000000;0.000000;2463.453857
1998.000000;9019.000000;6362.000000;0.000000;217333.000000;9095.000000;0.000000;2464.702637
1999.000000;9019.000000;7583.000000;0.000000;162894.000000;9095.000000;0.000000;2465.986572
2000.000000;9019.000000;6521.000000;0.000000;299379.000000;9095.000000;0.000000;2467.261719
2001.000000;9019.000000;6167.000000;0.000000;216315.000000;9095.000000;0.000000;2468.514160
2002.000000;9019.000000;6018.000000;0.000000;235520.000000;9095.000000;0.000000;2469.760986
2003.000000;9019.000000;6298.000000;0.000000;199315.000000;9095.000000;0.000000;2471.002930
2004.000000;9019.000000;6572.000000;0.000000;279481.000000;9095.000000;0.000000;2472.253418
2005.000000;9019.000000;6208.000000;0.000000;228634.000000;9095.000000;0.000000;2473.494629
2006.000000;9019.000000;7401.000000;0.000000;206813.000000;9095.000000;0.000000;2474.753418
2007.000000;9019.000000;6328.000000;0.000000;278272.000000;9095.000000;0.000000;2476.027588
2008.000000;9019.000000;6271.000000;0.000000;240344.000000;9095.000000;0.000000;2477.277344
2009.000000;9019.000000;7987.000000;0.000000;181815.000000;9095.000000;0.000000;2478.518066
2010.000000;9019.000000;6386.000000;0.000000;157958.000000;9095.000000;0.000000;2479.757568
2011.000000;9019.000000;6215.000000;0.000000;273991.000000;9095.000000;0.000000;2481.001709
2012.000000;9019.000000;6312.000000;0.000000;141706.000000;9095.000000;0.000000;2482.259033
2013.000000;9019.000000;7535.000000;0.000000;152303.000000;9095.000000;0.000000;2483.500488
2014.000000;9019.000000;6336.000000;0.000000;175287.000000;9095.000000;0.000000;2484.752441
2015.000000;9019.000000;7057.000000;0.000000;275954.000000;9095.000000;0.000000;2486.014648
2016.000000;9019.000000;7577.000000;0.000000;161648.000000;9095.000000;0.000000;2487.259277
2017.000000;9019.000000;6224.000000;0.000000;221267.000000;9095.000000;0.000000;2488.501465
2018.000000;9019.000000;6100.000000;0.000000;288560.000000;9095.000000;0.000000;2489.738525
2019.000000;9019.000000;6435.000000;0.000000;256145.000000;9095.000000;0.000000;2490.979248
2020.000000;9019.000000;7359.000000;0.000000;205241.000000;9095.000000;0.000000;2492.216553
2021.000000;9019.000000;5645.000000;0.000000;273082.000000;9095.000000;0.000000;2493.464844
2022.000000;9019.000000;7802.000000;0.000000;131558.000000;9095.000000;0.000000;2494.705078
2023.000000;9019.000000;6207.000000;0.000000;163353.000000;9095.000000;0.000000;2495.982422
2024.000000;9019.000000;6686.000000;0.000000;191206.000000;9095.000000;0.000000;2497.224365
2025.000000;9019.000000;6331.000000;0.000000;275658.000000;9095.000000;0.000000;2498.473145
2026.000000;9019.000000;6689.000000;0.000000;129046.000000;9095.000000;0.000000;2499.726318
2027.000000;9019.000000;6268.000000;0.000000;167924.000000;9095.000000;0.000000;2500.977783
2028.000000;9019.000000;6624.000000;0.000000;260611.000000;9095.000000;0.000000;2502.228271
2029.000000;9019.000000;7498.000000;0.000000;197211.000000;9095.000000;0.000000;2503.477295
2030.000000;9019.000000;6918.000000;0.000000;238299.000000;9095.000000;0.000000;2504.711182
2031.000000;9019.000000;6746.000000;0.000000;196472.000000;9095.000000;0.000000;2505.981689
2032.000000;9019.000000;6467.000000;0.000000;240093.000000;9095.000000;0.000000;2507.222168
2033.000000;9019.000000;7542.000000;0.000000;182133.000000;9095.000000;0.000000;2508.467041
2034.000000;9019.000000;6782.000000;0.000000;272196.000000;9095.000000;0.000000;2509.704346
2035.000000;9019.000000;6539.000000;0.000000;238629.000000;9095.000000;0.000000;2510.950684
2036.000000;9019.000000;7115.000000;0.000000;268538.000000;9095.000000;0.000000;2512.208740
2037.000000;9019.000000;6936.000000;0.000000;304355.000000;9095.000000;0.000000;2513.467529
2038.000000;9019.000000;6092.000000;0.000000;309526.000000;9095.000000;0.000000;2514.714111
2039.000000;9019.000000;7235.000000;0.000000;275396.000000;9095.000000;0.000000;2515.993652
2040.000000;9019.000000;6441.000000;0.000000;84882.000000;9095.000000;0.000000;2517.235352
2041.000000;9019.000000;6838.000000;0.000000;236530.000000;9095.000000;0.000000;2518.482178
2042.000000;9019.000000;7361.000000;0.000000;207005.000000;9095.000000;0.000000;2519.719727
2043.000000;9019.000000;6639.000000;0.000000;302845.000000;9095.000000;0.000000;2520.962891
2044.000000;9019.000000;6409.000000;0.000000;189134.000000;9095.000000;0.000000;2522.222168
2045.000000;9019.000000;6181.000000;0.000000;174027.000000;9095.000000;0.000000;2523.456543
2046.000000;9019.000000;6952.000000;0.000000;160916.000000;9095.000000;0.000000;2524.698730
2047.000000;9019.000000;5300.000000;0.000000;256377.000000;9095.000000;0.000000;2525.959717
2048.000000;9019.000000;7127.000000;0.000000;240547.000000;9095.000000;0.000000;2527.196045
2049.000000;9019.000000;8087.000000;0.000000;234399.000000;9095.000000;0.000000;2528.427490
2050.000000;9019.000000;6989.000000;0.000000;267772.000000;9095.000000;0.000000;2529.662354
2051.000000;9019.000000;5916.000000;0.000000;204833.000000;9095.000000;0.000000;2530.894775
2052.000000;9019.000000;7207.000000;0.000000;190398.000000;9095.000000;0.000000;2532.128418
2053.000000;9019.000000;8244.000000;0.000000;118471.000000;9095.000000;0.000000;2533.373047
2054.000000;9019.000000;6893.000000;0.000000;262090.000000;9095.000000;0.000000;2534.612549
2055.000000;9019.000000;7638.000000;0.000000;239115.000000;9095.000000;0.000000;2535.868652
2056.000000;9019.000000;6100.000000;0.000000;213393.000000;9095.000000;0.000000;2537.099854
2057.000000;9019.000000;6309.000000;0.000000;225663.000000;9095.000000;0.000000;2538.330322
2058.000000;9019.000000;7131.000000;0.000000;197758.000000;9095.000000;0.000000;2539.569824
2059.000000;9019.000000;6995.000000;0.000000;304359.000000;9095.000000;0.000000;2540.809326
2060.000000;9019.000000;7797.000000;0.000000;135168.000000;9095.000000;0.000000;2542.044678
2061.000000;9019.000000;6003.000000;0.000000;394973.000000;9095.000000;0.000000;2543.290527
2062.000000;9019.000000;8896.000000;0.000000;104987.000000;9095.000000;0.000000;2544.541504
2063.000000;9019.000000;6355.000000;0.000000;235599.000000;9095.000000;0.000000;2545.791260
2064.000000;9019.000000;6575.000000;0.000000;261702.000000;9095.000000;0.000000;2547.061035
2065.000000;9019.000000;5439.000000;0.000000;227399.000000;9095.000000;0.000000;2548.297852
2066.000000;9019.000000;6233.000000;0.000000;110058.000000;9095.000000;0.000000;2549.531738
2067.000000;9019.000000;6372.000000;0.000000;208129.000000;9095.000000;0.000000;2550.787109
2068.000000;9019.000000;6702.000000;0.000000;344701.000000;9095.000000;0.000000;2552.039795
2069.000000;9019.000000;7055.000000;0.000000;142210.000000;9095.000000;0.000000;2553.276367
2070.000000;9019.000000;7561.000000;0.000000;241583.000000;9095.000000;0.000000;2554.509521
2071.000000;9019.000000;7078.000000;0.000000;161567.000000;9095.000000;0.000000;2555.758057
2072.000000;9019.000000;7792.000000;0.000000;221867.000000;9095.000000;0.000000;2557.036133
2073.000000;9019.000000;6265.000000;0.000000;158822.000000;9095.000000;0.000000;2558.271240
2074.000000;9019.000000;7032.000000;0.000000;270308.000000;9095.000000;0.000000;2559.506836
2075.000000;9019.000000;6563.000000;0.000000;189155.000000;9095.000000;0.000000;2560.741455
2076.000000;9019.000000;7894.000000;0.000000;256200.000000;9095.000000;0.000000;2561.998291
2077.000000;9019.000000;6145.000000;0.000000;240512.000000;9095.000000;0.000000;2563.256348
2078.000000;9019.000000;7659.000000;0.000000;292924.000000;9095.000000;0.000000;2564.488281
2079.000000;9019.000000;6492.000000;0.000000;191485.000000;9095.000000;0.000000;2565.800049
2080.000000;9019.000000;6353.000000;0.000000;182728.000000;9095.000000;0.000000;2567.150635
2081.000000;9019.000000;5432.000000;0.000000;276215.000000;9095.000000;0.000000;2568.391602
2082.000000;9019.000000;6486.000000;0.000000;168393.000000;9095.000000;0.000000;2569.632568
2083.000000;9019.000000;6506.000000;0.000000;341919.000000;9095.000000;0.000000;2570.928711
2084.000000;9019.000000;6796.000000;0.000000;257316.000000;9095.000000;0.000000;2572.174561
2085.000000;9019.000000;5480.000000;0.000000;249182.000000;9095.000000;0.000000;2573.410156
2086.000000;9019.000000;7532.000000;0.000000;232333.000000;9095.000000;0.000000;2574.698730
2087.000000;9019.000000;6280.000000;0.000000;182180.000000;9095.000000;0.000000;2575.959229
2088.000000;9019.000000;6599.000000;0.000000;255011.000000;9095.000000;0.000000;2577.191895
2089.000000;9019.000000;7139.000000;0.000000;194499.000000;9095.000000;0.000000;2578.437744
2090.000000;9019.000000;7875.000000;0.000000;155766.000000;9095.000000;0.000000;2579.685547
2091.000000;9019.000000;6429.000000;0.000000;184719.000000;9095.000000;0.000000;2580.927490
2092.000000;9019.000000;6673.000000;0.000000;170814.000000;9095.000000;0.000000;2582.187256
2093.000000;9019.000000;6484.000000;0.000000;241921.000000;9095.000000;0.000000;2583.433105
2094.000000;9019.000000;6506.000000;0.000000;228217.000000;9095.000000;0.000000;2584.683594
2095.000000;9019.000000;6816.000000;0.000000;256116.000000;9095.000000;0.000000;2585.947510
2096.000000;9019.000000;6438.000000;0.000000;215586.000000;9095.000000;0.000000;2587.191162
2097.000000;9019.000000;5533.000000;0.000000;290830.000000;9095.000000;0.000000;2588.429199
2098.000000;9019.000000;7336.000000;0.000000;228679.000000;9095.000000;0.000000;2589.679688
2099.000000;9019.000000;5668.000000;0.000000;300255.000000;9095.000000;0.000000;2590.917725
2100.000000;9019.000000;6707.000000;0.000000;207122.000000;9095.000000;0.000000;2592.163086
2101.000000;9019.000000;7380.000000;0.000000;152907.000000;9095.000000;0.000000;2593.409912
2102.000000;9019.000000;7312.000000;0.000000;152363.000000;9095.000000;0.000000;2594.656982
2103.000000;9019.000000;7092.000000;0.000000;276751.000000;9095.000000;0.000000;2595.912109
2104.000000;9019.000000;6864.000000;0.000000;224346.000000;9095.000000;0.000000;2597.162109
2105.000000;9019.000000;5780.000000;0.000000;236337.000000;9095.000000;0.000000;2598.392578
2106.000000;9019.000000;6482.000000;0.000000;124209.000000;9095.000000;0.000000;2599.666504
2107.000000;9019.000000;5856.000000;0.000000;341707.000000;9095.000000;0.000000;2600.902588
2108.000000;9019.000000;6418.000000;0.000000;173466.000000;9095.000000;0.000000;2602.141357
2109.000000;9019.000000;6078.000000;0.000000;222923.000000;9095.000000;0.000000;2603.374023
2110.000000;9019.000000;7020.000000;0.000000;151239.000000;9095.000000;0.000000;2604.604248
2111.000000;9019.000000;5774.000000;0.000000;115921.000000;9095.000000;0.000000;2605.864746
2112.000000;9019.000000;6716.000000;0.000000;140038.000000;9095.000000;0.000000;2607.133789
2113.000000;9019.000000;6185.000000;0.000000;257888.000000;9095.000000;0.000000;2608.363037
2114.000000;9019.000000;6960.000000;0.000000;205360.000000;9095.000000;0.000000;2609.611572
2115.000000;9019.000000;6361.000000;0.000000;234507.000000;9095.000000;0.000000;2610.849609
2116.000000;9019.000000;6767.000000;0.000000;216232.000000;9095.000000;0.000000;2612.082520
2117.000000;9019.000000;6136.000000;0.000000;204877.000000;9095.000000;0.000000;2613.315430
2118.000000;9019.000000;5682.000000;0.000000;274172.000000;9095.000000;0.000000;2614.546631
2119.000000;9019.000000;6889.000000;0.000000;186717.000000;9095.000000;0.000000;2615.794678
2120.000000;9019.000000;5742.000000;0.000000;242783.000000;9095.000000;0.000000;2617.052979
2121.000000;9019.000000;6275.000000;0.000000;307609.000000;9095.000000;0.000000;2618.307617
2122.000000;9019.000000;6260.000000;0.000000;177996.000000;9095.000000;0.000000;2619.561279
2123.000000;9019.000000;6910.000000;0.000000;239451.000000;9095.000000;0.000000;2620.794434
2124.000000;9019.000000;6760.000000;0.000000;259720.000000;9095.000000;0.000000;2622.038086
2125.000000;9019.000000;6034.000000;0.000000;245223.000000;9095.000000;0.000000;2623.345703
2126.000000;9019.000000;7166.000000;0.000000;152722.000000;9095.000000;0.000000;2624.576416
2127.000000;9019.000000;7179.000000;0.000000;253111.000000;9095.000000;0.000000;2625.827148
2128.000000;9019.000000;6167.000000;0.000000;223785.000000;9095.000000;0.000000;2627.104736
2129.000000;9019.000000;5925.000000;0.000000;281805.000000;9095.000000;0.000000;2628.354004
2130.000000;9019.000000;6907.000000;0.000000;210312.000000;9095.000000;0.000000;2629.583984
2131.000000;9019.000000;5967.000000;0.000000;235591.000000;9095.000000;0.000000;2630.814941
2132.000000;9019.000000;7895.000000;0.000000;174971.000000;9095.000000;0.000000;2632.046631
2133.000000;9019.000000;6380.000000;0.000000;139105.000000;9095.000000;0.000000;2633.286133
2134.000000;9019.000000;7122.000000;0.000000;283701.000000;9095.000000;0.000000;2634.520508
2135.000000;9019.000000;6104.000000;0.000000;188052.000000;9095.000000;0.000000;2635.769043
2136.000000;9019.000000;6808.000000;0.000000;325540.000000;9095.000000;0.000000;2637.043213
2137.000000;9019.000000;7066.000000;0.000000;209962.000000;9095.000000;0.000000;2638.279053
2138.000000;9019.000000;7048.000000;0.000000;235750.000000;9095.000000;0.000000;2639.515625
2139.000000;9019.000000;5959.000000;0.000000;254454.000000;9095.000000;0.000000;2640.760986
2140.000000;9019.000000;6076.000000;0.000000;158406.000000;9095.000000;0.000000;2642.003662
2141.000000;9019.000000;5765.000000;0.000000;197332.000000;9095.000000;0.000000;2643.248291
2142.000000;9019.000000;6824.000000;0.000000;203506.000000;9095.000000;0.000000;2644.497314
2143.000000;9019.000000;6007.000000;0.000000;195598.000000;9095.000000;0.000000;2645.867188
2144.000000;9019.000000;6941.000000;0.000000;200258.000000;9095.000000;0.000000;2647.136719
2145.000000;9019.000000;6184.000000;0.000000;218978.000000;9095.000000;0.000000;2648.372803
2146.000000;9019.000000;6978.000000;0.000000;312008.000000;9095.000000;0.000000;2649.668457
2147.000000;9019.000000;6710.000000;0.000000;253434.000000;9095.000000;0.000000;2650.917969
2148.000000;9019.000000;5622.000000;0.000000;303229.000000;9095.000000;0.000000;2652.160156
2149.000000;9019.000000;6136.000000;0.000000;244562.000000;9095.000000;0.000000;2653.399658
2150.000000;9019.000000;6456.000000;0.000000;161487.000000;9095.000000;0.000000;2654.675049
2151.000000;9019.000000;5691.000000;0.000000;313261.000000;9095.000000;0.000000;2655.915283
2152.000000;9019.000000;6268.000000;0.000000;201236.000000;9095.000000;0.000000;2657.174072
2153.000000;9019.000000;6605.000000;0.000000;281932.000000;9095.000000;0.000000;2658.411133
2154.000000;9019.000000;5701.000000;0.000000;225274.000000;9095.000000;0.000000;2659.708740
2155.000000;9019.000000;7285.000000;0.000000;188728.000000;9095.000000;0.000000;2660.945312
2156.000000;9019.000000;6473.000000;0.000000;252401.000000;9095.000000;0.000000;2662.184570
2157.000000;9019.000000;6018.000000;0.000000;183408.000000;9095.000000;0.000000;2663.443604
2158.000000;9019.000000;7010.000000;0.000000;72252.000000;9095.000000;0.000000;2664.680176
2159.000000;9019.000000;6551.000000;0.000000;99364.000000;9095.000000;0.000000;2665.910645
2160.000000;9019.000000;6654.000000;0.000000;272524.000000;9095.000000;0.000000;2667.187744
2161.000000;9019.000000;7273.000000;0.000000;235906.000000;9095.000000;0.000000;2668.431396
2162.000000;9019.000000;6085.000000;0.000000;192161.000000;9095.000000;0.000000;2669.670898
2163.000000;9019.000000;5977.000000;0.000000;216631.000000;9095.000000;0.000000;2670.906494
2164.000000;9019.000000;6896.000000;0.000000;196634.000000;9095.000000;0.000000;2672.143066
2165.000000;9019.000000;6524.000000;0.000000;137895.000000;9095.000000;0.000000;2673.383545
2166.000000;9019.000000;5844.000000;0.000000;318588.000000;9095.000000;0.000000;2674.641846
2167.000000;9019.000000;7087.000000;0.000000;227962.000000;9095.000000;0.000000;2675.883545
2168.000000;9019.000000;8274.000000;0.000000;164975.000000;9095.000000;0.000000;2677.155029
2169.000000;9019.000000;6369.000000;0.000000;302235.000000;9095.000000;0.000000;2678.394043
2170.000000;9019.000000;6196.000000;0.000000;297069.000000;9095.000000;0.000000;2679.646729
2171.000000;9019.000000;6987.000000;0.000000;188143.000000;9095.000000;0.000000;2680.881836
2172.000000;9019.000000;6493.000000;0.000000;267071.000000;9095.000000;0.000000;2682.120361
2173.000000;9019.000000;6632.000000;0.000000;120788.000000;9095.000000;0.000000;2683.430420
2174.000000;9019.000000;6770.000000;0.000000;170796.000000;9095.000000;0.000000;2684.672852
2175.000000;9019.000000;5981.000000;0.000000;127627.000000;9095.000000;0.000000;2685.907959
2176.000000;9019.000000;6513.000000;0.000000;212646.000000;9095.000000;0.000000;2687.187988
2177.000000;9019.000000;5792.000000;0.000000;184432.000000;9095.000000;0.000000;2688.426758
2178.000000;9019.000000;5950.000000;0.000000;255082.000000;9095.000000;0.000000;2689.666016
2179.000000;9019.000000;7414.000000;0.000000;171488.000000;9095.000000;0.000000;2690.900879
2180.000000;9019.000000;7309.000000;0.000000;109118.000000;9095.000000;0.000000;2692.137451
2181.000000;9019.000000;8040.000000;0.000000;60361.000000;9095.000000;0.000000;2693.387939
2182.000000;9019.000000;5874.000000;0.000000;299326.000000;9095.000000;0.000000;2694.624512
2183.000000;9019.000000;7614.000000;0.000000;152112.000000;9095.000000;0.000000;2695.869141
2184.000000;9019.000000;6052.000000;0.000000;319256.000000;9095.000000;0.000000;2697.145508
2185.000000;9019.000000;7471.000000;0.000000;155492.000000;9095.000000;0.000000;2698.383545
2186.000000;9019.000000;6801.000000;0.000000;258958.000000;9095.000000;0.000000;2699.622314
2187.000000;9019.000000;5473.000000;0.000000;251322.000000;9095.000000;0.000000;2700.861084
2188.000000;9019.000000;8010.000000;0.000000;230121.000000;9095.000000;0.000000;2702.098877
2189.000000;9019.000000;5462.000000;0.000000;193682.000000;9095.000000;0.000000;2703.336914
2190.000000;9019.000000;7200.000000;0.000000;255577.000000;9095.000000;0.000000;2704.577393
2191.000000;9019.000000;5880.000000;0.000000;148181.000000;9095.000000;0.000000;2705.817871
2192.000000;9019.000000;7850.000000;0.000000;186495.000000;9095.000000;0.000000;2707.083008
2193.000000;9019.000000;4937.000000;0.000000;207977.000000;9095.000000;0.000000;2708.331055
2194.000000;9019.000000;6102.000000;0.000000;247877.000000;9095.000000;0.000000;2709.575928
2195.000000;9019.000000;6325.000000;0.000000;256731.000000;9095.000000;0.000000;2710.813232
2196.000000;9019.000000;8328.000000;0.000000;151036.000000;9095.000000;0.000000;2712.144531
2197.000000;9019.000000;8528.000000;0.000000;204990.000000;9095.000000;0.000000;2713.387695
2198.000000;9019.000000;6672.000000;0.000000;185189.000000;9095.000000;0.000000;2714.630859
2199.000000;9019.000000;7899.000000;0.000000;140668.000000;9095.000000;0.000000;2715.872314
2200.000000;9019.000000;6406.000000;0.000000;212989.000000;9095.000000;0.000000;2717.141602
2201.000000;9019.000000;7076.000000;0.000000;205418.000000;9095.000000;0.000000;2718.383057
2202.000000;9019.000000;5862.000000;0.000000;282688.000000;9095.000000;0.000000;2719.623047
2203.000000;9019.000000;6440.000000;0.000000;258121.000000;9095.000000;0.000000;2720.857422
2204.000000;9019.000000;7146.000000;0.000000;235862.000000;9095.000000;0.000000;2722.095947
2205.000000;9019.000000;5986.000000;0.000000;214804.000000;9095.000000;0.000000;2723.332275
2206.000000;9019.000000;6808.000000;0.000000;180728.000000;9095.000000;0.000000;2724.577637
2207.000000;9019.000000;6150.000000;0.000000;175163.000000;9095.000000;0.000000;2725.812744
2208.000000;9019.000000;5789.000000;0.000000;331936.000000;9095.000000;0.000000;2727.079834
2209.000000;9019.000000;6552.000000;0.000000;186605.000000;9095.000000;0.000000;2728.358398
2210.000000;9019.000000;6406.000000;0.000000;224371.000000;9095.000000;0.000000;2729.602051
2211.000000;9019.000000;6774.000000;0.000000;230263.000000;9095.000000;0.000000;2730.835693
2212.000000;9019.000000;6907.000000;0.000000;184756.000000;9095.000000;0.000000;2732.091797
2213.000000;9019.000000;7274.000000;0.000000;261484.000000;9095.000000;0.000000;2733.337402
2214.000000;9019.000000;6213.000000;0.000000;285712.000000;9095.000000;0.000000;2734.578857
2215.000000;9019.000000;6996.000000;0.000000;275924.000000;9095.000000;0.000000;2735.842529
2216.000000;9019.000000;6723.000000;0.000000;219376.000000;9095.000000;0.000000;2737.109375
2217.000000;9019.000000;7101.000000;0.000000;224221.000000;9095.000000;0.000000;2738.350098
2218.000000;9019.000000;6201.000000;0.000000;268879.000000;9095.000000;0.000000;2739.593506
2219.000000;9019.000000;7127.000000;0.000000;168666.000000;9095.000000;0.000000;2740.839355
2220.000000;9019.000000;7045.000000;0.000000;224082.000000;9095.000000;0.000000;2742.079346
2221.000000;9019.000000;5841.000000;0.000000;222787.000000;9095.000000;0.000000;2743.337891
2222.000000;9019.000000;7895.000000;0.000000;242837.000000;9095.000000;0.000000;2744.587158
2223.000000;9019.000000;6413.000000;0.000000;215045.000000;9095.000000;0.000000;2745.824219
2224.000000;9019.000000;6216.000000;0.000000;250516.000000;9095.000000;0.000000;2747.091309
2225.000000;9019.000000;7137.000000;0.000000;247999.000000;9095.000000;0.000000;2748.328613
2226.000000;9019.000000;6344.000000;0.000000;214796.000000;9095.000000;0.000000;2749.564941
2227.000000;9019.000000;5789.000000;0.000000;235187.000000;9095.000000;0.000000;2750.799561
2228.000000;9019.000000;6161.000000;0.000000;190881.000000;9095.000000;0.000000;2752.038818
2229.000000;9019.000000;5317.000000;0.000000;240465.000000;9095.000000;0.000000;2753.275146
2230.000000;9019.000000;5776.000000;0.000000;304983.000000;9095.000000;0.000000;2754.514648
2231.000000;9019.000000;5980.000000;0.000000;271463.000000;9095.000000;0.000000;2755.755859
2232.000000;9019.000000;6187.000000;0.000000;221226.000000;9095.000000;0.000000;2757.000488
2233.000000;9019.000000;6905.000000;0.000000;265139.000000;9095.000000;0.000000;2758.247559
2234.000000;9019.000000;6852.000000;0.000000;221579.000000;9095.000000;0.000000;2759.495117
2235.000000;9019.000000;7016.000000;0.000000;111067.000000;9095.000000;0.000000;2760.722412
2236.000000;9019.000000;6348.000000;0.000000;258218.000000;9095.000000;0.000000;2761.968994
2237.000000;9019.000000;5810.000000;0.000000;187853.000000;9095.000000;0.000000;2763.202393
2238.000000;9019.000000;6837.000000;0.000000;150140.000000;9095.000000;0.000000;2764.440918
2239.000000;9019.000000;6688.000000;0.000000;191143.000000;9095.000000;0.000000;2765.684326
2240.000000;9019.000000;6029.000000;0.000000;265406.000000;9095.000000;0.000000;2766.932861
2241.000000;9019.000000;6733.000000;0.000000;168206.000000;9095.000000;0.000000;2768.203369
2242.000000;9019.000000;5406.000000;0.000000;276815.000000;9095.000000;0.000000;2769.440430
2243.000000;9019.000000;6999.000000;0.000000;199796.000000;9095.000000;0.000000;2770.687744
2244.000000;9019.000000;6646.000000;0.000000;180263.000000;9095.000000;0.000000;2771.922119
2245.000000;9019.000000;6359.000000;0.000000;206750.000000;9095.000000;0.000000;2773.177979
2246.000000;9019.000000;6577.000000;0.000000;197547.000000;9095.000000;0.000000;2774.425049
2247.000000;9019.000000;6414.000000;0.000000;238463.000000;9095.000000;0.000000;2775.662109
2248.000000;9019.000000;5741.000000;0.000000;219294.000000;9095.000000;0.000000;2776.907227
2249.000000;9019.000000;6136.000000;0.000000;257000.000000;9095.000000;0.000000;2778.170166
2250.000000;9019.000000;6237.000000;0.000000;262359.000000;9095.000000;0.000000;2779.412109
2251.000000;9019.000000;6832.000000;0.000000;220550.000000;9095.000000;0.000000;2780.654053
2252.000000;9019.000000;7222.000000;0.000000;218736.000000;9095.000000;0.000000;2781.898438
2253.000000;9019.000000;6478.000000;0.000000;253001.000000;9095.000000;0.000000;2783.137451
2254.000000;9019.000000;6724.000000;0.000000;245364.000000;9095.000000;0.000000;2784.379395
2255.000000;9019.000000;6121.000000;0.000000;145173.000000;9095.000000;0.000000;2785.612549
2256.000000;9019.000000;6489.000000;0.000000;278254.000000;9095.000000;0.000000;2786.862061
2257.000000;9019.000000;6434.000000;0.000000;222881.000000;9095.000000;0.000000;2788.143311
2258.000000;9019.000000;6698.000000;0.000000;259842.000000;9095.000000;0.000000;2789.390381
2259.000000;9019.000000;5831.000000;0.000000;311557.000000;9095.000000;0.000000;2790.628418
2260.000000;9019.000000;5518.000000;0.000000;272295.000000;9095.000000;0.000000;2791.866943
2261.000000;9019.000000;7200.000000;0.000000;252792.000000;9095.000000;0.000000;2793.104248
2262.000000;9019.000000;6019.000000;0.000000;304558.000000;9095.000000;0.000000;2794.355225
2263.000000;9019.000000;6537.000000;0.000000;157333.000000;9095.000000;0.000000;2795.602539
2264.000000;9019.000000;6118.000000;0.000000;306833.000000;9095.000000;0.000000;2796.856934
2265.000000;9019.000000;6702.000000;0.000000;200822.000000;9095.000000;0.000000;2798.119385
2266.000000;9019.000000;7402.000000;0.000000;208341.000000;9095.000000;0.000000;2799.367676
2267.000000;9019.000000;6185.000000;0.000000;192327.000000;9095.000000;0.000000;2800.614014
2268.000000;9019.000000;6310.000000;0.000000;318942.000000;9095.000000;0.000000;2801.850098
2269.000000;9019.000000;7996.000000;0.000000;191281.000000;9095.000000;0.000000;2803.150391
2270.000000;9019.000000;6369.000000;0.000000;259575.000000;9095.000000;0.000000;2804.389648
2271.000000;9019.000000;7169.000000;0.000000;181809.000000;9095.000000;0.000000;2805.633789
2272.000000;9019.000000;6203.000000;0.000000;269350.000000;9095.000000;0.000000;2806.867920
2273.000000;9019.000000;7350.000000;0.000000;280394.000000;9095.000000;0.000000;2808.135742
2274.000000;9019.000000;7506.000000;0.000000;192072.000000;9095.000000;0.000000;2809.379639
2275.000000;9019.000000;6559.000000;0.000000;284731.000000;9095.000000;0.000000;2810.615967
2276.000000;9019.000000;7500.000000;0.000000;205168.000000;9095.000000;0.000000;2811.848633
2277.000000;9019.000000;6496.000000;0.000000;209618.000000;9095.000000;0.000000;2813.083740
2278.000000;9019.000000;6597.000000;0.000000;240275.000000;9095.000000;0.000000;2814.314453
2279.000000;9019.000000;5742.000000;0.000000;271884.000000;9095.000000;0.000000;2815.551025
2280.000000;9019.000000;7207.000000;0.000000;207771.000000;9095.000000;0.000000;2816.796143
2281.000000;9019.000000;6773.000000;0.000000;197926.000000;9095.000000;0.000000;2818.066895
2282.000000;9019.000000;5772.000000;0.000000;194574.000000;9095.000000;0.000000;2819.302734
2283.000000;9019.000000;6060.000000;0.000000;332884.000000;9095.000000;0.000000;2820.537354
2284.000000;9019.000000;5490.000000;0.000000;306630.000000;9095.000000;0.000000;2821.773926
2285.000000;9019.000000;6900.000000;0.000000;346311.000000;9095.000000;0.000000;2823.005127
2286.000000;9019.000000;7170.000000;0.000000;326417.000000;9095.000000;0.000000;2824.240479
2287.000000;9019.000000;7063.000000;0.000000;193106.000000;9095.000000;0.000000;2825.474854
2288.000000;9019.000000;6546.000000;0.000000;319160.000000;9095.000000;0.000000;2826.706787
2289.000000;9019.000000;5979.000000;0.000000;238265.000000;9095.000000;0.000000;2827.967773
2290.000000;9019.000000;6824.000000;0.000000;234457.000000;9095.000000;0.000000;2829.203857
2291.000000;9019.000000;6170.000000;0.000000;319486.000000;9095.000000;0.000000;2830.439453
2292.000000;9019.000000;6814.000000;0.000000;233553.000000;9095.000000;0.000000;2831.677002
2293.000000;9019.000000;6431.000000;0.000000;322368.000000;9095.000000;0.000000;2832.920898
2294.000000;9019.000000;6071.000000;0.000000;236124.000000;9095.000000;0.000000;2834.296875
2295.000000;9019.000000;6877.000000;0.000000;247870.000000;9095.000000;0.000000;2835.545410
2296.000000;9019.000000;6682.000000;0.000000;238476.000000;9095.000000;0.000000;2836.786377
2297.000000;9019.000000;6328.000000;0.000000;257392.000000;9095.000000;0.000000;2838.071045
2298.000000;9019.000000;7092.000000;0.000000;311159.000000;9095.000000;0.000000;2839.304688
2299.000000;9019.000000;6294.000000;0.000000;234568.000000;9095.000000;0.000000;2840.543213
2300.000000;9019.000000;5829.000000;0.000000;211407.000000;9095.000000;0.000000;2841.780518
2301.000000;9019.000000;6490.000000;0.000000;240042.000000;9095.000000;0.000000;2843.021729
2302.000000;9019.000000;6954.000000;0.000000;227715.000000;9095.000000;0.000000;2844.261719
2303.000000;9019.000000;6316.000000;0.000000;214406.000000;9095.000000;0.000000;2845.500000
2304.000000;9019.000000;6056.000000;0.000000;281736.000000;9095.000000;0.000000;2846.736328
2305.000000;9019.000000;8813.000000;0.000000;307404.000000;9095.000000;0.000000;2848.006104
2306.000000;9019.000000;8377.000000;0.000000;180422.000000;9095.000000;0.000000;2849.255371
2307.000000;9019.000000;7658.000000;0.000000;67734.000000;9095.000000;0.000000;2850.490967
2308.000000;9019.000000;6727.000000;0.000000;264007.000000;9095.000000;0.000000;2851.722656
2309.000000;9019.000000;6807.000000;0.000000;220974.000000;9095.000000;0.000000;2852.973633
2310.000000;9019.000000;6217.000000;0.000000;287963.000000;9095.000000;0.000000;2854.221924
2311.000000;9019.000000;6818.000000;0.000000;231480.000000;9095.000000;0.000000;2855.454102
2312.000000;9019.000000;5947.000000;0.000000;184174.000000;9095.000000;0.000000;2856.690186
2313.000000;9019.000000;6437.000000;0.000000;95227.000000;9095.000000;0.000000;2857.962402
2314.000000;9019.000000;6954.000000;0.000000;257802.000000;9095.000000;0.000000;2859.194824
2315.000000;9019.000000;7998.000000;0.000000;161360.000000;9095.000000;0.000000;2860.440674
2316.000000;9019.000000;6115.000000;0.000000;208495.000000;9095.000000;0.000000;2861.675781
2317.000000;9019.000000;5819.000000;0.000000;199870.000000;9095.000000;0.000000;2862.997803
2318.000000;9019.000000;6567.000000;0.000000;156136.000000;9095.000000;0.000000;2864.240967
2319.000000;9019.000000;7564.000000;0.000000;120659.000000;9095.000000;0.000000;2865.479736
2320.000000;9019.000000;5243.000000;0.000000;234512.000000;9095.000000;0.000000;2866.735352
2321.000000;9019.000000;7427.000000;0.000000;235118.000000;9095.000000;0.000000;2868.007324
2322.000000;9019.000000;6382.000000;0.000000;213885.000000;9095.000000;0.000000;2869.259766
2323.000000;9019.000000;9062.000000;0.000000;148640.000000;9095.000000;0.000000;2870.498535
2324.000000;9019.000000;6469.000000;0.000000;238578.000000;9095.000000;0.000000;2871.808105
2325.000000;9019.000000;7443.000000;0.000000;265320.000000;9095.000000;0.000000;2873.055176
2326.000000;9019.000000;6121.000000;0.000000;238952.000000;9095.000000;0.000000;2874.337402
2327.000000;9019.000000;6401.000000;0.000000;321053.000000;9095.000000;0.000000;2875.581299
2328.000000;9019.000000;6276.000000;0.000000;225922.000000;9095.000000;0.000000;2876.819336
2329.000000;9019.000000;7448.000000;0.000000;237579.000000;9095.000000;0.000000;2878.080078
2330.000000;9019.000000;6964.000000;0.000000;275955.000000;9095.000000;0.000000;2879.309814
2331.000000;9019.000000;5798.000000;0.000000;253080.000000;9095.000000;0.000000;2880.548340
2332.000000;9019.000000;6536.000000;0.000000;220024.000000;9095.000000;0.000000;2881.792236
2333.000000;9019.000000;6537.000000;0.000000;162010.000000;9095.000000;0.000000;2883.029053
2334.000000;9019.000000;6668.000000;0.000000;202002.000000;9095.000000;0.000000;2884.261719
2335.000000;9019.000000;6753.000000;0.000000;112509.000000;9095.000000;0.000000;2885.499512
2336.000000;9019.000000;6764.000000;0.000000;318800.000000;9095.000000;0.000000;2886.779785
2337.000000;9019.000000;5589.000000;0.000000;261486.000000;9095.000000;0.000000;2888.085449
2338.000000;9019.000000;7495.000000;0.000000;148949.000000;9095.000000;0.000000;2889.269775
2339.000000;9019.000000;6985.000000;0.000000;256503.000000;9095.000000;0.000000;2890.493408
2340.000000;9019.000000;6608.000000;0.000000;268676.000000;9095.000000;0.000000;2891.738281
2341.000000;9019.000000;8575.000000;0.000000;170777.000000;9095.000000;0.000000;2892.985352
2342.000000;9019.000000;6551.000000;0.000000;328711.000000;9095.000000;0.000000;2894.226807
2343.000000;9019.000000;6356.000000;0.000000;219294.000000;9095.000000;0.000000;2895.463867
2344.000000;9019.000000;6381.000000;0.000000;182293.000000;9095.000000;0.000000;2896.696777
2345.000000;9019.000000;7201.000000;0.000000;174861.000000;9095.000000;0.000000;2897.953857
2346.000000;9019.000000;6375.000000;0.000000;175452.000000;9095.000000;0.000000;2899.183350
2347.000000;9019.000000;6886.000000;0.000000;258253.000000;9095.000000;0.000000;2900.413574
2348.000000;9019.000000;5748.000000;0.000000;215074.000000;9095.000000;0.000000;2901.644043
2349.000000;9019.000000;7148.000000;0.000000;189863.000000;9095.000000;0.000000;2902.874023
2350.000000;9019.000000;5775.000000;0.000000;333912.000000;9095.000000;0.000000;2904.101074
2351.000000;9019.000000;6085.000000;0.000000;200602.000000;9095.000000;0.000000;2905.350342
2352.000000;9019.000000;6098.000000;0.000000;236985.000000;9095.000000;0.000000;2906.597168
2353.000000;9019.000000;6956.000000;0.000000;209212.000000;9095.000000;0.000000;2907.856689
2354.000000;9019.000000;5889.000000;0.000000;272233.000000;9095.000000;0.000000;2909.103271
2355.000000;9019.000000;5994.000000;0.000000;289966.000000;9095.000000;0.000000;2910.355713
2356.000000;9019.000000;6147.000000;0.000000;189471.000000;9095.000000;0.000000;2911.637451
2357.000000;9019.000000;6208.000000;0.000000;313470.000000;9095.000000;0.000000;2912.874512
2358.000000;9019.000000;6927.000000;0.000000;170109.000000;9095.000000;0.000000;2914.122070
2359.000000;9019.000000;6538.000000;0.000000;237686.000000;9095.000000;0.000000;2915.355713
2360.000000;9019.000000;6548.000000;0.000000;198477.000000;9095.000000;0.000000;2916.592773
2361.000000;9019.000000;6893.000000;0.000000;250848.000000;9095.000000;0.000000;2917.826172
2362.000000;9019.000000;6247.000000;0.000000;225952.000000;9095.000000;0.000000;2919.082764
2363.000000;9019.000000;7306.000000;0.000000;151167.000000;9095.000000;0.000000;2920.318848
2364.000000;9019.000000;6448.000000;0.000000;254987.000000;9095.000000;0.000000;2921.550537
2365.000000;9019.000000;6878.000000;0.000000;240427.000000;9095.000000;0.000000;2922.811035
2366.000000;9019.000000;6911.000000;0.000000;189356.000000;9095.000000;0.000000;2924.045166
2367.000000;9019.000000;6030.000000;0.000000;297594.000000;9095.000000;0.000000;2925.279297
2368.000000;9019.000000;6410.000000;0.000000;268364.000000;9095.000000;0.000000;2926.518311
2369.000000;9019.000000;7910.000000;0.000000;274178.000000;9095.000000;0.000000;2927.755859
2370.000000;9019.000000;7323.000000;0.000000;192440.000000;9095.000000;0.000000;2929.014404
2371.000000;9019.000000;6619.000000;0.000000;255224.000000;9095.000000;0.000000;2930.248535
2372.000000;9019.000000;6490.000000;0.000000;209072.000000;9095.000000;0.000000;2931.505127
2373.000000;9019.000000;6403.000000;0.000000;167666.000000;9095.000000;0.000000;2932.762695
2374.000000;9019.000000;5854.000000;0.000000;261696.000000;9095.000000;0.000000;2934.000000
2375.000000;9019.000000;6795.000000;0.000000;260932.000000;9095.000000;0.000000;2935.238770
2376.000000;9019.000000;6605.000000;0.000000;196052.000000;9095.000000;0.000000;2936.465820
2377.000000;9019.000000;6076.000000;0.000000;229409.000000;9095.000000;0.000000;2937.699707
2378.000000;9019.000000;7171.000000;0.000000;169395.000000;9095.000000;0.000000;2938.960449
2379.000000;9019.000000;5789.000000;0.000000;163062.000000;9095.000000;0.000000;2940.195557
2380.000000;9019.000000;6827.000000;0.000000;269864.000000;9095.000000;0.000000;2941.440918
2381.000000;9019.000000;6323.000000;0.000000;186735.000000;9095.000000;0.000000;2942.690430
2382.000000;9019.000000;7213.000000;0.000000;336160.000000;9095.000000;0.000000;2943.931641
2383.000000;9019.000000;6943.000000;0.000000;115332.000000;9095.000000;0.000000;2945.170898
2384.000000;9019.000000;5701.000000;0.000000;220221.000000;9095.000000;0.000000;2946.413330
2385.000000;9019.000000;5748.000000;0.000000;291820.000000;9095.000000;0.000000;2947.668701
2386.000000;9019.000000;6047.000000;0.000000;316205.000000;9095.000000;0.000000;2948.944336
2387.000000;9019.000000;5838.000000;0.000000;238653.000000;9095.000000;0.000000;2950.188721
2388.000000;9019.000000;6913.000000;0.000000;290605.000000;9095.000000;0.000000;2951.443848
2389.000000;9019.000000;5533.000000;0.000000;297440.000000;9095.000000;0.000000;2952.696533
2390.000000;9019.000000;7577.000000;0.000000;233114.000000;9095.000000;0.000000;2953.934570
2391.000000;9019.000000;6796.000000;0.000000;208227.000000;9095.000000;0.000000;2955.177979
2392.000000;9019.000000;6481.000000;0.000000;224273.000000;9095.000000;0.000000;2956.437988
2393.000000;9019.000000;5175.000000;0.000000;329558.000000;9095.000000;0.000000;2957.675537
2394.000000;9019.000000;6477.000000;0.000000;286227.000000;9095.000000;0.000000;2958.935547
2395.000000;9019.000000;6892.000000;0.000000;171606.000000;9095.000000;0.000000;2960.172852
2396.000000;9019.000000;5743.000000;0.000000;227066.000000;9095.000000;0.000000;2961.446045
2397.000000;9019.000000;7707.000000;0.000000;273985.000000;9095.000000;0.000000;2962.691406
2398.000000;9019.000000;6307.000000;0.000000;227479.000000;9095.000000;0.000000;2963.932373
2399.000000;9019.000000;5809.000000;0.000000;223999.000000;9095.000000;0.000000;2965.180664
2400.000000;9019.000000;6043.000000;0.000000;255076.000000;9095.000000;0.000000;2966.425781
2401.000000;9019.000000;7163.000000;0.000000;140505.000000;9095.000000;0.000000;2967.679688
2402.000000;9019.000000;7574.000000;0.000000;182207.000000;9095.000000;0.000000;2968.943848
2403.000000;9019.000000;5668.000000;0.000000;248782.000000;9095.000000;0.000000;2970.176270
2404.000000;9019.000000;7120.000000;0.000000;260958.000000;9095.000000;0.000000;2971.416260
2405.000000;9019.000000;5622.000000;0.000000;265839.000000;9095.000000;0.000000;2972.656738
2406.000000;9019.000000;6213.000000;0.000000;161410.000000;9095.000000;0.000000;2973.886719
2407.000000;9019.000000;6025.000000;0.000000;287773.000000;9095.000000;0.000000;2975.131592
2408.000000;9019.000000;6436.000000;0.000000;256650.000000;9095.000000;0.000000;2976.365723
2409.000000;9019.000000;6520.000000;0.000000;256219.000000;9095.000000;0.000000;2977.593994
2410.000000;9019.000000;8385.000000;0.000000;163313.000000;9095.000000;0.000000;2978.861328
2411.000000;9019.000000;6969.000000;0.000000;293690.000000;9095.000000;0.000000;2980.099121
2412.000000;9019.000000;6761.000000;0.000000;249495.000000;9095.000000;0.000000;2981.346436
2413.000000;9019.000000;7861.000000;0.000000;195388.000000;9095.000000;0.000000;2982.667480
2414.000000;9019.000000;6673.000000;0.000000;127101.000000;9095.000000;0.000000;2983.903564
2415.000000;9019.000000;6669.000000;0.000000;256976.000000;9095.000000;0.000000;2985.156494
2416.000000;9019.000000;6587.000000;0.000000;217419.000000;9095.000000;0.000000;2986.407715
2417.000000;9019.000000;5429.000000;0.000000;253056.000000;9095.000000;0.000000;2987.651367
2418.000000;9019.000000;7028.000000;0.000000;396141.000000;9095.000000;0.000000;2988.914062
2419.000000;9019.000000;6074.000000;0.000000;219005.000000;9095.000000;0.000000;2990.161133
2420.000000;9019.000000;5730.000000;0.000000;243418.000000;9095.000000;0.000000;2991.396240
2421.000000;9019.000000;7480.000000;0.000000;177011.000000;9095.000000;0.000000;2992.649902
2422.000000;9019.000000;5871.000000;0.000000;176229.000000;9095.000000;0.000000;2993.889160
2423.000000;9019.000000;6319.000000;0.000000;239080.000000;9095.000000;0.000000;2995.133545
2424.000000;9019.000000;7340.000000;0.000000;230591.000000;9095.000000;0.000000;2996.387451
2425.000000;9019.000000;7427.000000;0.000000;220084.000000;9095.000000;0.000000;2997.637207
2426.000000;9019.000000;6334.000000;0.000000;294709.000000;9095.000000;0.000000;2998.902100
2427.000000;9019.000000;7341.000000;0.000000;135319.000000;9095.000000;0.000000;3000.135498
2428.000000;9019.000000;5744.000000;0.000000;264799.000000;9095.000000;0.000000;3001.363770
2429.000000;9019.000000;7048.000000;0.000000;279675.000000;9095.000000;0.000000;3002.611572
2430.000000;9019.000000;6472.000000;0.000000;224252.000000;9095.000000;0.000000;3003.849609
2431.000000;9019.000000;6766.000000;0.000000;207632.000000;9095.000000;0.000000;3005.080322
2432.000000;9019.000000;5859.000000;0.000000;283501.000000;9095.000000;0.000000;3006.311035
2433.000000;9019.000000;6271.000000;0.000000;164425.000000;9095.000000;0.000000;3007.540283
2434.000000;9019.000000;6709.000000;0.000000;215036.000000;9095.000000;0.000000;3008.792480
2435.000000;9019.000000;6990.000000;0.000000;250551.000000;9095.000000;0.000000;3010.025635
2436.000000;9019.000000;5964.000000;0.000000;300887.000000;9095.000000;0.000000;3011.254639
2437.000000;9019.000000;6356.000000;0.000000;240308.000000;9095.000000;0.000000;3012.496582
2438.000000;9019.000000;6928.000000;0.000000;304449.000000;9095.000000;0.000000;3013.738037
2439.000000;9019.000000;6439.000000;0.000000;189510.000000;9095.000000;0.000000;3014.986816
2440.000000;9019.000000;6748.000000;0.000000;267681.000000;9095.000000;0.000000;3016.227051
2441.000000;9019.000000;6642.000000;0.000000;175036.000000;9095.000000;0.000000;3017.498535
2442.000000;9019.000000;6581.000000;0.000000;292796.000000;9095.000000;0.000000;3018.754639
2443.000000;9019.000000;6170.000000;0.000000;184158.000000;9095.000000;0.000000;3019.989258
2444.000000;9019.000000;7002.000000;0.000000;183441.000000;9095.000000;0.000000;3021.228271
2445.000000;9019.000000;6525.000000;0.000000;249351.000000;9095.000000;0.000000;3022.462891
2446.000000;9019.000000;6327.000000;0.000000;280763.000000;9095.000000;0.000000;3023.698730
2447.000000;9019.000000;6343.000000;0.000000;230566.000000;9095.000000;0.000000;3024.945557
2448.000000;9019.000000;6634.000000;0.000000;174458.000000;9095.000000;0.000000;3026.203369
2449.000000;9019.000000;6387.000000;0.000000;274671.000000;9095.000000;0.000000;3027.560303
2450.000000;9019.000000;7096.000000;0.000000;267969.000000;9095.000000;0.000000;3028.827393
2451.000000;9019.000000;8054.000000;0.000000;200927.000000;9095.000000;0.000000;3030.066406
2452.000000;9019.000000;5558.000000;0.000000;273342.000000;9095.000000;0.000000;3031.306641
2453.000000;9019.000000;7732.000000;0.000000;178728.000000;9095.000000;0.000000;3032.559570
2454.000000;9019.000000;6832.000000;0.000000;262996.000000;9095.000000;0.000000;3033.791016
2455.000000;9019.000000;6500.000000;0.000000;272354.000000;9095.000000;0.000000;3035.028564
2456.000000;9019.000000;5936.000000;0.000000;300876.000000;9095.000000;0.000000;3036.270752
2457.000000;9019.000000;6516.000000;0.000000;329165.000000;9095.000000;0.000000;3037.500244
2458.000000;9019.000000;6618.000000;0.000000;272612.000000;9095.000000;0.000000;3038.775146
2459.000000;9019.000000;6182.000000;0.000000;76867.000000;9095.000000;0.000000;3040.018799
2460.000000;9019.000000;6345.000000;0.000000;299463.000000;9095.000000;0.000000;3041.274414
2461.000000;9019.000000;6600.000000;0.000000;155069.000000;9095.000000;0.000000;3042.537354
2462.000000;9019.000000;6866.000000;0.000000;184813.000000;9095.000000;0.000000;3043.782715
2463.000000;9019.000000;7372.000000;0.000000;135196.000000;9095.000000;0.000000;3045.008057
2464.000000;9019.000000;6163.000000;0.000000;279854.000000;9095.000000;0.000000;3046.259521
2465.000000;9019.000000;6874.000000;0.000000;317022.000000;9095.000000;0.000000;3047.507812
2466.000000;9019.000000;6059.000000;0.000000;326998.000000;9095.000000;0.000000;3048.760254
2467.000000;9019.000000;7254.000000;0.000000;193114.000000;9095.000000;0.000000;3049.999023
2468.000000;9019.000000;6273.000000;0.000000;221445.000000;9095.000000;0.000000;3051.235352
2469.000000;9019.000000;7530.000000;0.000000;196815.000000;9095.000000;0.000000;3052.479980
2470.000000;9019.000000;5492.000000;0.000000;235369.000000;9095.000000;0.000000;3053.712891
2471.000000;9019.000000;7443.000000;0.000000;259011.000000;9095.000000;0.000000;3054.946777
2472.000000;9019.000000;6418.000000;0.000000;252973.000000;9095.000000;0.000000;3056.182861
2473.000000;9019.000000;6749.000000;0.000000;175996.000000;9095.000000;0.000000;3057.420410
2474.000000;9019.000000;6251.000000;0.000000;293010.000000;9095.000000;0.000000;3058.654541
2475.000000;9019.000000;6000.000000;0.000000;214920.000000;9095.000000;0.000000;3059.905762
2476.000000;9019.000000;6126.000000;0.000000;217837.000000;9095.000000;0.000000;3061.144287
2477.000000;9019.000000;6065.000000;0.000000;200268.000000;9095.000000;0.000000;3062.383789
2478.000000;9019.000000;6882.000000;0.000000;181969.000000;9095.000000;0.000000;3063.633057
2479.000000;9019.000000;6173.000000;0.000000;178556.000000;9095.000000;0.000000;3064.871338
2480.000000;9019.000000;6413.000000;0.000000;232096.000000;9095.000000;0.000000;3066.123535
2481.000000;9019.000000;6629.000000;0.000000;231139.000000;9095.000000;0.000000;3067.367920
2482.000000;9019.000000;5535.000000;0.000000;327562.000000;9095.000000;0.000000;3068.607178
2483.000000;9019.000000;6157.000000;0.000000;270216.000000;9095.000000;0.000000;3069.873291
2484.000000;9019.000000;6844.000000;0.000000;260436.000000;9095.000000;0.000000;3071.125732
2485.000000;9019.000000;6564.000000;0.000000;238977.000000;9095.000000;0.000000;3072.368652
2486.000000;9019.000000;7255.000000;0.000000;253046.000000;9095.000000;0.000000;3073.620117
2487.000000;9019.000000;5905.000000;0.000000;372665.000000;9095.000000;0.000000;3074.870361
2488.000000;9019.000000;6560.000000;0.000000;272361.000000;9095.000000;0.000000;3076.159912
2489.000000;9019.000000;7219.000000;0.000000;168511.000000;9095.000000;0.000000;3077.398926
2490.000000;9019.000000;6050.000000;0.000000;293253.000000;9095.000000;0.000000;3078.644531
2491.000000;9019.000000;6409.000000;0.000000;145059.000000;9095.000000;0.000000;3079.912598
2492.000000;9019.000000;5702.000000;0.000000;229153.000000;9095.000000;0.000000;3081.149414
2493.000000;9019.000000;6010.000000;0.000000;302309.000000;9095.000000;0.000000;3082.387939
2494.000000;9019.000000;6603.000000;0.000000;152440.000000;9095.000000;0.000000;3083.636475
2495.000000;9019.000000;5754.000000;0.000000;305714.000000;9095.000000;0.000000;3084.874512
2496.000000;9019.000000;7464.000000;0.000000;248561.000000;9095.000000;0.000000;3086.111084
2497.000000;9019.000000;6384.000000;0.000000;207523.000000;9095.000000;0.000000;3087.354248
2498.000000;9019.000000;6960.000000;0.000000;228769.000000;9095.000000;0.000000;3088.602051
2499.000000;9019.000000;8208.000000;0.000000;158627.000000;9095.000000;0.000000;3089.862793
2500.000000;9019.000000;6089.000000;0.000000;231446.000000;9095.000000;0.000000;3091.151123
2501.000000;9019.000000;7163.000000;0.000000;149456.000000;9095.000000;0.000000;3092.404297
2502.000000;9019.000000;6298.000000;0.000000;285538.000000;9095.000000;0.000000;3093.641602
2503.000000;9019.000000;6088.000000;0.000000;261406.000000;9095.000000;0.000000;3094.884033
2504.000000;9019.000000;7304.000000;0.000000;269860.000000;9095.000000;0.000000;3096.117432
2505.000000;9019.000000;6240.000000;0.000000;273018.000000;9095.000000;0.000000;3097.359375
2506.000000;9019.000000;6453.000000;0.000000;262942.000000;9095.000000;0.000000;3098.599854
2507.000000;9019.000000;6491.000000;0.000000;198821.000000;9095.000000;0.000000;3099.882324
2508.000000;9019.000000;5962.000000;0.000000;233201.000000;9095.000000;0.000000;3101.115234
2509.000000;9019.000000;7140.000000;0.000000;243980.000000;9095.000000;0.000000;3102.362061
2510.000000;9019.000000;7132.000000;0.000000;227407.000000;9095.000000;0.000000;3103.663818
2511.000000;9019.000000;5684.000000;0.000000;188179.000000;9095.000000;0.000000;3104.897461
2512.000000;9019.000000;6536.000000;0.000000;224658.000000;9095.000000;0.000000;3106.129639
2513.000000;9019.000000;6233.000000;0.000000;243323.000000;9095.000000;0.000000;3107.372803
2514.000000;9019.000000;5667.000000;0.000000;121361.000000;9095.000000;0.000000;3108.611572
2515.000000;9019.000000;7360.000000;0.000000;95235.000000;9095.000000;0.000000;3109.888916
2516.000000;9019.000000;6347.000000;0.000000;308279.000000;9095.000000;0.000000;3111.126709
2517.000000;9019.000000;7344.000000;0.000000;211872.000000;9095.000000;0.000000;3112.370117
2518.000000;9019.000000;6573.000000;0.000000;262107.000000;9095.000000;0.000000;3113.606934
2519.000000;9019.000000;6439.000000;0.000000;241926.000000;9095.000000;0.000000;3114.847656
2520.000000;9019.000000;7387.000000;0.000000;321713.000000;9095.000000;0.000000;3116.080078
2521.000000;9019.000000;6454.000000;0.000000;252783.000000;9095.000000;0.000000;3117.344482
2522.000000;9019.000000;6620.000000;0.000000;323078.000000;9095.000000;0.000000;3118.590576
2523.000000;9019.000000;5750.000000;0.000000;202692.000000;9095.000000;0.000000;3119.864990
2524.000000;9019.000000;7431.000000;0.000000;280601.000000;9095.000000;0.000000;3121.110840
2525.000000;9019.000000;7194.000000;0.000000;225641.000000;9095.000000;0.000000;3122.359863
2526.000000;9019.000000;6676.000000;0.000000;268034.000000;9095.000000;0.000000;3123.696533
2527.000000;9019.000000;6067.000000;0.000000;255005.000000;9095.000000;0.000000;3124.943115
2528.000000;9019.000000;7736.000000;0.000000;246012.000000;9095.000000;0.000000;3126.267578
2529.000000;9019.000000;6724.000000;0.000000;289930.000000;9095.000000;0.000000;3127.552246
2530.000000;9019.000000;7844.000000;0.000000;157782.000000;9095.000000;0.000000;3128.788574
2531.000000;9019.000000;5759.000000;0.000000;230088.000000;9095.000000;0.000000;3130.071533
2532.000000;9019.000000;6257.000000;0.000000;127476.000000;9095.000000;0.000000;3131.311523
2533.000000;9019.000000;5331.000000;0.000000;327958.000000;9095.000000;0.000000;3132.557373
2534.000000;9019.000000;6253.000000;0.000000;242252.000000;9095.000000;0.000000;3133.805176
2535.000000;9019.000000;6000.000000;0.000000;170527.000000;9095.000000;0.000000;3135.171875
2536.000000;9019.000000;6205.000000;0.000000;228763.000000;9095.000000;0.000000;3136.522705
2537.000000;9019.000000;7555.000000;0.000000;137968.000000;9095.000000;0.000000;3137.762451
2538.000000;9019.000000;6393.000000;0.000000;229944.000000;9095.000000;0.000000;3138.996094
2539.000000;9019.000000;6634.000000;0.000000;170083.000000;9095.000000;0.000000;3140.246338
2540.000000;9019.000000;6572.000000;0.000000;349420.000000;9095.000000;0.000000;3141.477539
2541.000000;9019.000000;6739.000000;0.000000;271612.000000;9095.000000;0.000000;3142.723633
2542.000000;9019.000000;7394.000000;0.000000;244424.000000;9095.000000;0.000000;3143.960693
2543.000000;9019.000000;6550.000000;0.000000;375651.000000;9095.000000;0.000000;3145.198975
2544.000000;9019.000000;6396.000000;0.000000;154929.000000;9095.000000;0.000000;3146.445068
2545.000000;9019.000000;6312.000000;0.000000;260905.000000;9095.000000;0.000000;3147.690186
2546.000000;9019.000000;6402.000000;0.000000;189868.000000;9095.000000;0.000000;3148.931152
2547.000000;9019.000000;5625.000000;0.000000;201564.000000;9095.000000;0.000000;3150.206299
2548.000000;9019.000000;7051.000000;0.000000;168491.000000;9095.000000;0.000000;3151.447021
2549.000000;9019.000000;6149.000000;0.000000;234395.000000;9095.000000;0.000000;3152.681885
2550.000000;9019.000000;6090.000000;0.000000;240125.000000;9095.000000;0.000000;3153.912842
2551.000000;9019.000000;7200.000000;0.000000;197746.000000;9095.000000;0.000000;3155.159912
2552.000000;9019.000000;6965.000000;0.000000;177170.000000;9095.000000;0.000000;3156.417236
2553.000000;9019.000000;6597.000000;0.000000;297636.000000;9095.000000;0.000000;3157.671875
2554.000000;9019.000000;6436.000000;0.000000;241210.000000;9095.000000;0.000000;3158.921387
2555.000000;9019.000000;6237.000000;0.000000;352027.000000;9095.000000;0.000000;3160.179199
2556.000000;9019.000000;7434.000000;0.000000;159640.000000;9095.000000;0.000000;3161.421631
2557.000000;9019.000000;6348.000000;0.000000;297139.000000;9095.000000;0.000000;3162.668457
2558.000000;9019.000000;5960.000000;0.000000;199887.000000;9095.000000;0.000000;3163.916748
2559.000000;9019.000000;5865.000000;0.000000;343671.000000;9095.000000;0.000000;3165.162842
2560.000000;9019.000000;6885.000000;0.000000;152549.000000;9095.000000;0.000000;3166.396729
2561.000000;9019.000000;7416.000000;0.000000;131072.000000;9095.000000;0.000000;3167.660645
2562.000000;9019.000000;6495.000000;0.000000;261639.000000;9095.000000;0.000000;3168.898193
2563.000000;9019.000000;6693.000000;0.000000;279786.000000;9095.000000;0.000000;3170.168213
2564.000000;9019.000000;8580.000000;0.000000;179176.000000;9095.000000;0.000000;3171.447998
2565.000000;9019.000000;5397.000000;0.000000;320778.000000;9095.000000;0.000000;3172.702637
2566.000000;9019.000000;6026.000000;0.000000;126040.000000;9095.000000;0.000000;3173.941162
2567.000000;9019.000000;6643.000000;0.000000;268197.000000;9095.000000;0.000000;3175.232422
2568.000000;9019.000000;5623.000000;0.000000;192686.000000;9095.000000;0.000000;3176.468262
2569.000000;9019.000000;5824.000000;0.000000;271397.000000;9095.000000;0.000000;3177.723633
2570.000000;9019.000000;5951.000000;0.000000;190295.000000;9095.000000;0.000000;3178.960449
2571.000000;9019.000000;6471.000000;0.000000;111197.000000;9095.000000;0.000000;3180.227783
2572.000000;9019.000000;6111.000000;0.000000;266305.000000;9095.000000;0.000000;3181.460938
2573.000000;9019.000000;6651.000000;0.000000;175891.000000;9095.000000;0.000000;3182.697021
2574.000000;9019.000000;6557.000000;0.000000;243840.000000;9095.000000;0.000000;3183.931396
2575.000000;9019.000000;6155.000000;0.000000;207906.000000;9095.000000;0.000000;3185.167725
2576.000000;9019.000000;6685.000000;0.000000;310886.000000;9095.000000;0.000000;3186.427490
2577.000000;9019.000000;7947.000000;0.000000;80936.000000;9095.000000;0.000000;3187.670410
2578.000000;9019.000000;6367.000000;0.000000;277645.000000;9095.000000;0.000000;3188.916748
2579.000000;9019.000000;8794.000000;0.000000;51442.000000;9095.000000;0.000000;3190.198242
2580.000000;9019.000000;7742.000000;0.000000;165695.000000;9095.000000;0.000000;3191.435547
2581.000000;9019.000000;6113.000000;0.000000;227622.000000;9095.000000;0.000000;3192.682373
2582.000000;9019.000000;5879.000000;0.000000;211558.000000;9095.000000;0.000000;3193.923828
2583.000000;9019.000000;6561.000000;0.000000;244594.000000;9095.000000;0.000000;3195.178467
2584.000000;9019.000000;6416.000000;0.000000;208408.000000;9095.000000;0.000000;3196.411133
2585.000000;9019.000000;6627.000000;0.000000;324940.000000;9095.000000;0.000000;3197.656250
2586.000000;9019.000000;6116.000000;0.000000;255502.000000;9095.000000;0.000000;3198.891113
2587.000000;9019.000000;7607.000000;0.000000;162446.000000;9095.000000;0.000000;3200.160400
2588.000000;9019.000000;6304.000000;0.000000;181942.000000;9095.000000;0.000000;3201.397949
2589.000000;9019.000000;5836.000000;0.000000;293754.000000;9095.000000;0.000000;3202.648682
2590.000000;9019.000000;5578.000000;0.000000;191039.000000;9095.000000;0.000000;3203.896973
2591.000000;9019.000000;6539.000000;0.000000;216403.000000;9095.000000;0.000000;3205.142578
2592.000000;9019.000000;6271.000000;0.000000;167113.000000;9095.000000;0.000000;3206.380371
2593.000000;9019.000000;6472.000000;0.000000;276487.000000;9095.000000;0.000000;3207.622070
2594.000000;9019.000000;6277.000000;0.000000;158655.000000;9095.000000;0.000000;3208.860840
2595.000000;9019.000000;6067.000000;0.000000;144321.000000;9095.000000;0.000000;3210.138672
2596.000000;9019.000000;6612.000000;0.000000;251518.000000;9095.000000;0.000000;3211.383057
2597.000000;9019.000000;6445.000000;0.000000;165204.000000;9095.000000;0.000000;3212.649170
2598.000000;9019.000000;6754.000000;0.000000;184590.000000;9095.000000;0.000000;3213.993896
2599.000000;9019.000000;6161.000000;0.000000;284727.000000;9095.000000;0.000000;3215.283203
2600.000000;9019.000000;7833.000000;0.000000;185337.000000;9095.000000;0.000000;3216.541748
2601.000000;9019.000000;6462.000000;0.000000;295381.000000;9095.000000;0.000000;3217.787354
2602.000000;9019.000000;6083.000000;0.000000;261404.000000;9095.000000;0.000000;3219.026855
2603.000000;9019.000000;6647.000000;0.000000;190354.000000;9095.000000;0.000000;3220.303711
2604.000000;9019.000000;7041.000000;0.000000;184769.000000;9095.000000;0.000000;3221.608154
2605.000000;9019.000000;6319.000000;0.000000;200969.000000;9095.000000;0.000000;3222.883301
2606.000000;9019.000000;6560.000000;0.000000;181961.000000;9095.000000;0.000000;3224.121338
2607.000000;9019.000000;6697.000000;0.000000;292912.000000;9095.000000;0.000000;3225.358643
2608.000000;9019.000000;7098.000000;0.000000;175858.000000;9095.000000;0.000000;3226.605469
2609.000000;9019.000000;6413.000000;0.000000;219239.000000;9095.000000;0.000000;3227.843750
2610.000000;9019.000000;7267.000000;0.000000;212323.000000;9095.000000;0.000000;3229.079590
2611.000000;9019.000000;5911.000000;0.000000;226018.000000;9095.000000;0.000000;3230.350830
2612.000000;9019.000000;7095.000000;0.000000;191821.000000;9095.000000;0.000000;3231.589600
2613.000000;9019.000000;7256.000000;0.000000;251253.000000;9095.000000;0.000000;3232.835938
2614.000000;9019.000000;6598.000000;0.000000;274571.000000;9095.000000;0.000000;3234.080811
2615.000000;9019.000000;6182.000000;0.000000;222106.000000;9095.000000;0.000000;3235.319336
2616.000000;9019.000000;5598.000000;0.000000;361024.000000;9095.000000;0.000000;3236.560059
2617.000000;9019.000000;6151.000000;0.000000;269605.000000;9095.000000;0.000000;3237.794922
2618.000000;9019.000000;6280.000000;0.000000;125378.000000;9095.000000;0.000000;3239.041016
2619.000000;9019.000000;7292.000000;0.000000;174455.000000;9095.000000;0.000000;3240.313232
2620.000000;9019.000000;5335.000000;0.000000;212707.000000;9095.000000;0.000000;3241.551270
2621.000000;9019.000000;7725.000000;0.000000;103837.000000;9095.000000;0.000000;3242.801758
2622.000000;9019.000000;6219.000000;0.000000;222603.000000;9095.000000;0.000000;3244.091309
2623.000000;9019.000000;7237.000000;0.000000;259516.000000;9095.000000;0.000000;3245.466797
2624.000000;9019.000000;6304.000000;0.000000;216968.000000;9095.000000;0.000000;3246.812988
2625.000000;9019.000000;6401.000000;0.000000;174254.000000;9095.000000;0.000000;3248.160889
2626.000000;9019.000000;6429.000000;0.000000;177410.000000;9095.000000;0.000000;3249.507080
2627.000000;9019.000000;5764.000000;0.000000;259206.000000;9095.000000;0.000000;3250.864014
2628.000000;9019.000000;6726.000000;0.000000;249194.000000;9095.000000;0.000000;3252.208252
2629.000000;9019.000000;6440.000000;0.000000;203526.000000;9095.000000;0.000000;3253.555420
2630.000000;9019.000000;8148.000000;0.000000;215734.000000;9095.000000;0.000000;3254.899902
2631.000000;9019.000000;7794.000000;0.000000;82519.000000;9095.000000;0.000000;3256.243652
2632.000000;9019.000000;7206.000000;0.000000;183408.000000;9095.000000;0.000000;3257.588135
2633.000000;9019.000000;6929.000000;0.000000;134364.000000;9095.000000;0.000000;3258.931885
2634.000000;9019.000000;5638.000000;0.000000;212803.000000;9095.000000;0.000000;3260.293457
2635.000000;9019.000000;9794.000000;0.000000;54050.000000;9095.000000;0.000000;3261.575928
2636.000000;9019.000000;6158.000000;0.000000;207069.000000;9095.000000;0.000000;3262.818115
2637.000000;9019.000000;6819.000000;0.000000;307261.000000;9095.000000;0.000000;3264.061279
2638.000000;9019.000000;5455.000000;0.000000;274555.000000;9095.000000;0.000000;3265.297607
2639.000000;9019.000000;7112.000000;0.000000;174606.000000;9095.000000;0.000000;3266.539062
2640.000000;9019.000000;5916.000000;0.000000;274938.000000;9095.000000;0.000000;3267.778809
2641.000000;9019.000000;7368.000000;0.000000;182935.000000;9095.000000;0.000000;3269.028564
2642.000000;9019.000000;7211.000000;0.000000;124180.000000;9095.000000;0.000000;3270.304932
2643.000000;9019.000000;9228.000000;0.000000;149355.000000;9095.000000;0.000000;3271.615723
2644.000000;9019.000000;5994.000000;0.000000;288397.000000;9095.000000;0.000000;3272.870361
2645.000000;9019.000000;6322.000000;0.000000;184191.000000;9095.000000;0.000000;3274.131592
2646.000000;9019.000000;6341.000000;0.000000;261360.000000;9095.000000;0.000000;3275.388916
2647.000000;9019.000000;6199.000000;0.000000;239190.000000;9095.000000;0.000000;3276.633301
2648.000000;9019.000000;6554.000000;0.000000;277668.000000;9095.000000;0.000000;3277.897949
2649.000000;9019.000000;5907.000000;0.000000;120882.000000;9095.000000;0.000000;3279.134033
2650.000000;9019.000000;6743.000000;0.000000;256419.000000;9095.000000;0.000000;3280.421631
2651.000000;9019.000000;6650.000000;0.000000;164084.000000;9095.000000;0.000000;3281.671631
2652.000000;9019.000000;5572.000000;0.000000;292366.000000;9095.000000;0.000000;3282.916504
2653.000000;9019.000000;6159.000000;0.000000;213406.000000;9095.000000;0.000000;3284.159180
2654.000000;9019.000000;6253.000000;0.000000;186507.000000;9095.000000;0.000000;3285.401855
2655.000000;9019.000000;7076.000000;0.000000;120006.000000;9095.000000;0.000000;3286.640625
2656.000000;9019.000000;6968.000000;0.000000;309895.000000;9095.000000;0.000000;3287.878174
2657.000000;9019.000000;7117.000000;0.000000;74820.000000;9095.000000;0.000000;3289.120117
2658.000000;9019.000000;5981.000000;0.000000;339882.000000;9095.000000;0.000000;3290.401611
2659.000000;9019.000000;7222.000000;0.000000;161730.000000;9095.000000;0.000000;3291.649170
2660.000000;9019.000000;7138.000000;0.000000;269139.000000;9095.000000;0.000000;3292.887451
2661.000000;9019.000000;6608.000000;0.000000;210548.000000;9095.000000;0.000000;3294.137451
2662.000000;9019.000000;5560.000000;0.000000;362690.000000;9095.000000;0.000000;3295.372803
2663.000000;9019.000000;6246.000000;0.000000;249107.000000;9095.000000;0.000000;3296.612549
2664.000000;9019.000000;6571.000000;0.000000;264759.000000;9095.000000;0.000000;3297.850342
2665.000000;9019.000000;6550.000000;0.000000;278606.000000;9095.000000;0.000000;3299.082764
2666.000000;9019.000000;7259.000000;0.000000;321367.000000;9095.000000;0.000000;3300.348145
2667.000000;9019.000000;6750.000000;0.000000;239910.000000;9095.000000;0.000000;3301.586914
2668.000000;9019.000000;7409.000000;0.000000;207945.000000;9095.000000;0.000000;3302.828369
2669.000000;9019.000000;6040.000000;0.000000;274273.000000;9095.000000;0.000000;3304.069092
2670.000000;9019.000000;6467.000000;0.000000;203665.000000;9095.000000;0.000000;3305.308350
2671.000000;9019.000000;5963.000000;0.000000;220464.000000;9095.000000;0.000000;3306.551514
2672.000000;9019.000000;5444.000000;0.000000;235119.000000;9095.000000;0.000000;3307.797363
2673.000000;9019.000000;6662.000000;0.000000;161782.000000;9095.000000;0.000000;3309.035156
2674.000000;9019.000000;5343.000000;0.000000;200384.000000;9095.000000;0.000000;3310.290283
2675.000000;9019.000000;6487.000000;0.000000;194496.000000;9095.000000;0.000000;3311.546387
2676.000000;9019.000000;6584.000000;0.000000;264566.000000;9095.000000;0.000000;3312.796631
2677.000000;9019.000000;6740.000000;0.000000;202856.000000;9095.000000;0.000000;3314.036133
2678.000000;9019.000000;6732.000000;0.000000;213761.000000;9095.000000;0.000000;3315.301758
2679.000000;9019.000000;6500.000000;0.000000;268097.000000;9095.000000;0.000000;3316.547363
2680.000000;9019.000000;6117.000000;0.000000;243814.000000;9095.000000;0.000000;3317.791016
2681.000000;9019.000000;6139.000000;0.000000;218443.000000;9095.000000;0.000000;3319.045898
2682.000000;9019.000000;6283.000000;0.000000;189515.000000;9095.000000;0.000000;3320.288818
2683.000000;9019.000000;7063.000000;0.000000;191517.000000;9095.000000;0.000000;3321.553711
2684.000000;9019.000000;5561.000000;0.000000;217203.000000;9095.000000;0.000000;3322.819336
2685.000000;9019.000000;7206.000000;0.000000;176619.000000;9095.000000;0.000000;3324.055908
2686.000000;9019.000000;6535.000000;0.000000;339846.000000;9095.000000;0.000000;3325.305420
2687.000000;9019.000000;6288.000000;0.000000;189363.000000;9095.000000;0.000000;3326.545654
2688.000000;9019.000000;6597.000000;0.000000;199725.000000;9095.000000;0.000000;3327.894531
2689.000000;9019.000000;6336.000000;0.000000;187750.000000;9095.000000;0.000000;3329.130127
2690.000000;9019.000000;5524.000000;0.000000;219268.000000;9095.000000;0.000000;3330.381348
2691.000000;9019.000000;6459.000000;0.000000;327138.000000;9095.000000;0.000000;3331.647461
2692.000000;9019.000000;5479.000000;0.000000;254961.000000;9095.000000;0.000000;3332.881104
2693.000000;9019.000000;6150.000000;0.000000;247223.000000;9095.000000;0.000000;3334.121582
2694.000000;9019.000000;5614.000000;0.000000;386185.000000;9095.000000;0.000000;3335.372070
2695.000000;9019.000000;6511.000000;0.000000;279286.000000;9095.000000;0.000000;3336.614258
2696.000000;9019.000000;5810.000000;0.000000;262324.000000;9095.000000;0.000000;3337.870361
2697.000000;9019.000000;7057.000000;0.000000;173613.000000;9095.000000;0.000000;3339.121094
2698.000000;9019.000000;5486.000000;0.000000;171490.000000;9095.000000;0.000000;3340.374023
2699.000000;9019.000000;7899.000000;0.000000;224245.000000;9095.000000;0.000000;3341.641846
2700.000000;9019.000000;6964.000000;0.000000;236877.000000;9095.000000;0.000000;3342.892822
2701.000000;9019.000000;6265.000000;0.000000;236752.000000;9095.000000;0.000000;3344.141113
2702.000000;9019.000000;6212.000000;0.000000;279917.000000;9095.000000;0.000000;3345.385986
2703.000000;9019.000000;6417.000000;0.000000;322537.000000;9095.000000;0.000000;3346.624268
2704.000000;9019.000000;5815.000000;0.000000;362911.000000;9095.000000;0.000000;3347.862305
2705.000000;9019.000000;6186.000000;0.000000;193069.000000;9095.000000;0.000000;3349.096191
2706.000000;9019.000000;7070.000000;0.000000;232939.000000;9095.000000;0.000000;3350.352051
2707.000000;9019.000000;6536.000000;0.000000;214564.000000;9095.000000;0.000000;3351.644287
2708.000000;9019.000000;7137.000000;0.000000;259118.000000;9095.000000;0.000000;3352.884766
2709.000000;9019.000000;7413.000000;0.000000;255172.000000;9095.000000;0.000000;3354.123535
2710.000000;9019.000000;5672.000000;0.000000;134720.000000;9095.000000;0.000000;3355.370117
2711.000000;9019.000000;6004.000000;0.000000;191848.000000;9095.000000;0.000000;3356.604004
2712.000000;9019.000000;5600.000000;0.000000;232352.000000;9095.000000;0.000000;3357.846680
2713.000000;9019.000000;6605.000000;0.000000;257137.000000;9095.000000;0.000000;3359.082275
2714.000000;9019.000000;5524.000000;0.000000;194149.000000;9095.000000;0.000000;3360.334717
2715.000000;9019.000000;5878.000000;0.000000;262547.000000;9095.000000;0.000000;3361.616455
2716.000000;9019.000000;5989.000000;0.000000;250966.000000;9095.000000;0.000000;3362.858398
2717.000000;9019.000000;7112.000000;0.000000;356778.000000;9095.000000;0.000000;3364.097900
2718.000000;9019.000000;5314.000000;0.000000;232256.000000;9095.000000;0.000000;3365.346680
2719.000000;9019.000000;7266.000000;0.000000;168474.000000;9095.000000;0.000000;3366.594238
2720.000000;9019.000000;5454.000000;0.000000;294420.000000;9095.000000;0.000000;3367.835449
2721.000000;9019.000000;7489.000000;0.000000;229157.000000;9095.000000;0.000000;3369.078125
2722.000000;9019.000000;5870.000000;0.000000;197266.000000;9095.000000;0.000000;3370.327148
2723.000000;9019.000000;6838.000000;0.000000;198487.000000;9095.000000;0.000000;3371.591309
2724.000000;9019.000000;6674.000000;0.000000;318178.000000;9095.000000;0.000000;3372.841797
2725.000000;9019.000000;6341.000000;0.000000;113350.000000;9095.000000;0.000000;3374.094482
2726.000000;9019.000000;5928.000000;0.000000;238590.000000;9095.000000;0.000000;3375.343018
2727.000000;9019.000000;5458.000000;0.000000;176579.000000;9095.000000;0.000000;3376.587891
2728.000000;9019.000000;7264.000000;0.000000;212929.000000;9095.000000;0.000000;3377.823975
2729.000000;9019.000000;5956.000000;0.000000;256841.000000;9095.000000;0.000000;3379.068359
2730.000000;9019.000000;7429.000000;0.000000;184599.000000;9095.000000;0.000000;3380.308350
2731.000000;9019.000000;5768.000000;0.000000;222186.000000;9095.000000;0.000000;3381.581055
2732.000000;9019.000000;8025.000000;0.000000;187728.000000;9095.000000;0.000000;3382.822266
2733.000000;9019.000000;6020.000000;0.000000;95584.000000;9095.000000;0.000000;3384.070312
2734.000000;9019.000000;6620.000000;0.000000;173761.000000;9095.000000;0.000000;3385.308350
2735.000000;9019.000000;6219.000000;0.000000;223270.000000;9095.000000;0.000000;3386.542725
2736.000000;9019.000000;7550.000000;0.000000;183008.000000;9095.000000;0.000000;3387.781250
2737.000000;9019.000000;5711.000000;0.000000;290654.000000;9095.000000;0.000000;3389.022217
2738.000000;9019.000000;7341.000000;0.000000;253001.000000;9095.000000;0.000000;3390.270996
2739.000000;9019.000000;6729.000000;0.000000;91638.000000;9095.000000;0.000000;3391.551270
2740.000000;9019.000000;6240.000000;0.000000;183789.000000;9095.000000;0.000000;3392.792480
2741.000000;9019.000000;6740.000000;0.000000;256127.000000;9095.000000;0.000000;3394.035645
2742.000000;9019.000000;8011.000000;0.000000;187445.000000;9095.000000;0.000000;3395.285889
2743.000000;9019.000000;6580.000000;0.000000;307769.000000;9095.000000;0.000000;3396.551270
2744.000000;9019.000000;7214.000000;0.000000;71202.000000;9095.000000;0.000000;3397.800293
2745.000000;9019.000000;6366.000000;0.000000;199068.000000;9095.000000;0.000000;3399.047852
2746.000000;9019.000000;6660.000000;0.000000;257196.000000;9095.000000;0.000000;3400.294922
2747.000000;9019.000000;6089.000000;0.000000;183698.000000;9095.000000;0.000000;3401.570557
2748.000000;9019.000000;8305.000000;0.000000;192451.000000;9095.000000;0.000000;3402.879395
2749.000000;9019.000000;5713.000000;0.000000;196828.000000;9095.000000;0.000000;3404.120361
2750.000000;9019.000000;5778.000000;0.000000;188970.000000;9095.000000;0.000000;3405.371826
2751.000000;9019.000000;7755.000000;0.000000;140159.000000;9095.000000;0.000000;3406.610352
2752.000000;9019.000000;7205.000000;0.000000;179543.000000;9095.000000;0.000000;3407.855469
2753.000000;9019.000000;6450.000000;0.000000;210747.000000;9095.000000;0.000000;3409.091553
2754.000000;9019.000000;6337.000000;0.000000;215295.000000;9095.000000;0.000000;3410.331055
2755.000000;9019.000000;6231.000000;0.000000;146000.000000;9095.000000;0.000000;3411.617188
2756.000000;9019.000000;6617.000000;0.000000;228523.000000;9095.000000;0.000000;3412.862549
2757.000000;9019.000000;8072.000000;0.000000;258134.000000;9095.000000;0.000000;3414.103760
2758.000000;9019.000000;8307.000000;0.000000;178487.000000;9095.000000;0.000000;3415.355469
2759.000000;9019.000000;6282.000000;0.000000;291957.000000;9095.000000;0.000000;3416.604248
2760.000000;9019.000000;7083.000000;0.000000;289885.000000;9095.000000;0.000000;3417.849609
2761.000000;9019.000000;6277.000000;0.000000;206774.000000;9095.000000;0.000000;3419.095215
2762.000000;9019.000000;6516.000000;0.000000;201779.000000;9095.000000;0.000000;3420.336670
2763.000000;9019.000000;6463.000000;0.000000;253775.000000;9095.000000;0.000000;3421.615234
2764.000000;9019.000000;6049.000000;0.000000;292525.000000;9095.000000;0.000000;3422.861816
2765.000000;9019.000000;6103.000000;0.000000;338236.000000;9095.000000;0.000000;3424.107422
2766.000000;9019.000000;7419.000000;0.000000;163165.000000;9095.000000;0.000000;3425.356201
2767.000000;9019.000000;6510.000000;0.000000;171372.000000;9095.000000;0.000000;3426.617920
2768.000000;9019.000000;6972.000000;0.000000;194226.000000;9095.000000;0.000000;3427.864746
2769.000000;9019.000000;6727.000000;0.000000;246247.000000;9095.000000;0.000000;3429.116699
2770.000000;9019.000000;7139.000000;0.000000;285271.000000;9095.000000;0.000000;3430.365479
2771.000000;9019.000000;6120.000000;0.000000;178679.000000;9095.000000;0.000000;3431.646240
2772.000000;9019.000000;7262.000000;0.000000;347660.000000;9095.000000;0.000000;3432.892822
2773.000000;9019.000000;7476.000000;0.000000;133778.000000;9095.000000;0.000000;3434.140381
2774.000000;9019.000000;7300.000000;0.000000;199791.000000;9095.000000;0.000000;3435.406250
2775.000000;9019.000000;6313.000000;0.000000;279259.000000;9095.000000;0.000000;3436.660156
2776.000000;9019.000000;7280.000000;0.000000;175727.000000;9095.000000;0.000000;3437.900879
2777.000000;9019.000000;6402.000000;0.000000;301090.000000;9095.000000;0.000000;3439.137451
2778.000000;9019.000000;6692.000000;0.000000;266364.000000;9095.000000;0.000000;3440.381836
2779.000000;9019.000000;6574.000000;0.000000;297433.000000;9095.000000;0.000000;3441.668945
2780.000000;9019.000000;6130.000000;0.000000;123073.000000;9095.000000;0.000000;3442.906250
2781.000000;9019.000000;6774.000000;0.000000;224123.000000;9095.000000;0.000000;3444.156006
2782.000000;9019.000000;6112.000000;0.000000;280575.000000;9095.000000;0.000000;3445.395264
2783.000000;9019.000000;7052.000000;0.000000;207195.000000;9095.000000;0.000000;3446.637207
2784.000000;9019.000000;6837.000000;0.000000;244807.000000;9095.000000;0.000000;3447.893555
2785.000000;9019.000000;6430.000000;0.000000;215045.000000;9095.000000;0.000000;3449.149170
2786.000000;9019.000000;5504.000000;0.000000;256603.000000;9095.000000;0.000000;3450.396484
2787.000000;9019.000000;5858.000000;0.000000;179740.000000;9095.000000;0.000000;3451.671143
2788.000000;9019.000000;5958.000000;0.000000;286635.000000;9095.000000;0.000000;3452.915527
2789.000000;9019.000000;6074.000000;0.000000;293751.000000;9095.000000;0.000000;3454.157715
2790.000000;9019.000000;6007.000000;0.000000;241775.000000;9095.000000;0.000000;3455.403809
2791.000000;9019.000000;7582.000000;0.000000;158940.000000;9095.000000;0.000000;3456.646484
2792.000000;9019.000000;8321.000000;0.000000;193206.000000;9095.000000;0.000000;3457.896729
2793.000000;9019.000000;6721.000000;0.000000;249822.000000;9095.000000;0.000000;3459.140381
2794.000000;9019.000000;6406.000000;0.000000;246262.000000;9095.000000;0.000000;3460.388672
2795.000000;9019.000000;7426.000000;0.000000;213411.000000;9095.000000;0.000000;3461.663330
2796.000000;9019.000000;6457.000000;0.000000;274096.000000;9095.000000;0.000000;3462.926758
2797.000000;9019.000000;7595.000000;0.000000;224677.000000;9095.000000;0.000000;3464.180420
2798.000000;9019.000000;6716.000000;0.000000;136620.000000;9095.000000;0.000000;3465.425537
2799.000000;9019.000000;6706.000000;0.000000;149627.000000;9095.000000;0.000000;3466.668701
2800.000000;9019.000000;7407.000000;0.000000;194241.000000;9095.000000;0.000000;3467.920410
2801.000000;9019.000000;6242.000000;0.000000;157125.000000;9095.000000;0.000000;3469.179932
2802.000000;9019.000000;5623.000000;0.000000;193249.000000;9095.000000;0.000000;3470.421143
2803.000000;9019.000000;5855.000000;0.000000;186897.000000;9095.000000;0.000000;3471.724121
2804.000000;9019.000000;6548.000000;0.000000;235371.000000;9095.000000;0.000000;3472.999756
2805.000000;9019.000000;6507.000000;0.000000;224077.000000;9095.000000;0.000000;3474.248535
2806.000000;9019.000000;6830.000000;0.000000;174073.000000;9095.000000;0.000000;3475.546143
2807.000000;9019.000000;6294.000000;0.000000;181641.000000;9095.000000;0.000000;3476.794678
2808.000000;9019.000000;6515.000000;0.000000;192505.000000;9095.000000;0.000000;3478.050293
2809.000000;9019.000000;6681.000000;0.000000;190992.000000;9095.000000;0.000000;3479.294189
2810.000000;9019.000000;6418.000000;0.000000;221503.000000;9095.000000;0.000000;3480.539795
2811.000000;9019.000000;6482.000000;0.000000;239501.000000;9095.000000;0.000000;3481.902588
2812.000000;9019.000000;6498.000000;0.000000;266286.000000;9095.000000;0.000000;3483.156006
2813.000000;9019.000000;6580.000000;0.000000;260969.000000;9095.000000;0.000000;3484.401611
2814.000000;9019.000000;6006.000000;0.000000;207238.000000;9095.000000;0.000000;3485.647217
2815.000000;9019.000000;5628.000000;0.000000;112367.000000;9095.000000;0.000000;3486.896973
2816.000000;9019.000000;5856.000000;0.000000;328296.000000;9095.000000;0.000000;3488.148438
2817.000000;9019.000000;7450.000000;0.000000;146056.000000;9095.000000;0.000000;3489.401367
2818.000000;9019.000000;6199.000000;0.000000;238141.000000;9095.000000;0.000000;3490.649902
2819.000000;9019.000000;7246.000000;0.000000;276044.000000;9095.000000;0.000000;3491.930176
2820.000000;9019.000000;7229.000000;0.000000;340065.000000;9095.000000;0.000000;3493.187012
2821.000000;9019.000000;6076.000000;0.000000;296939.000000;9095.000000;0.000000;3494.444580
2822.000000;9019.000000;5843.000000;0.000000;290858.000000;9095.000000;0.000000;3495.699707
2823.000000;9019.000000;6794.000000;0.000000;245007.000000;9095.000000;0.000000;3496.955566
2824.000000;9019.000000;6326.000000;0.000000;183457.000000;9095.000000;0.000000;3498.198730
2825.000000;9019.000000;5872.000000;0.000000;208996.000000;9095.000000;0.000000;3499.446289
2826.000000;9019.000000;6203.000000;0.000000;255231.000000;9095.000000;0.000000;3500.691406
2827.000000;9019.000000;7676.000000;0.000000;221080.000000;9095.000000;0.000000;3501.977051
2828.000000;9019.000000;6175.000000;0.000000;201739.000000;9095.000000;0.000000;3503.224365
2829.000000;9019.000000;7888.000000;0.000000;212079.000000;9095.000000;0.000000;3504.472168
2830.000000;9019.000000;6278.000000;0.000000;148754.000000;9095.000000;0.000000;3505.719971
2831.000000;9019.000000;6696.000000;0.000000;246579.000000;9095.000000;0.000000;3506.967041
2832.000000;9019.000000;7430.000000;0.000000;246628.000000;9095.000000;0.000000;3508.214600
2833.000000;9019.000000;6604.000000;0.000000;246484.000000;9095.000000;0.000000;3509.461182
2834.000000;9019.000000;6744.000000;0.000000;263509.000000;9095.000000;0.000000;3510.717773
2835.000000;9019.000000;6845.000000;0.000000;324714.000000;9095.000000;0.000000;3511.995850
2836.000000;9019.000000;7029.000000;0.000000;190170.000000;9095.000000;0.000000;3513.237549
2837.000000;9019.000000;6950.000000;0.000000;202381.000000;9095.000000;0.000000;3514.480469
2838.000000;9019.000000;6673.000000;0.000000;226385.000000;9095.000000;0.000000;3515.719971
2839.000000;9019.000000;5350.000000;0.000000;335620.000000;9095.000000;0.000000;3516.967773
2840.000000;9019.000000;6275.000000;0.000000;267047.000000;9095.000000;0.000000;3518.217773
2841.000000;9019.000000;7313.000000;0.000000;160272.000000;9095.000000;0.000000;3519.472900
2842.000000;9019.000000;6227.000000;0.000000;291135.000000;9095.000000;0.000000;3520.711670
2843.000000;9019.000000;7345.000000;0.000000;205157.000000;9095.000000;0.000000;3521.981445
2844.000000;9019.000000;6502.000000;0.000000;244412.000000;9095.000000;0.000000;3523.257568
2845.000000;9019.000000;6065.000000;0.000000;140190.000000;9095.000000;0.000000;3524.503418
2846.000000;9019.000000;7228.000000;0.000000;263984.000000;9095.000000;0.000000;3525.758301
2847.000000;9019.000000;7053.000000;0.000000;154358.000000;9095.000000;0.000000;3526.999023
2848.000000;9019.000000;6358.000000;0.000000;288828.000000;9095.000000;0.000000;3528.240967
2849.000000;9019.000000;7317.000000;0.000000;294116.000000;9095.000000;0.000000;3529.479248
2850.000000;9019.000000;7729.000000;0.000000;179551.000000;9095.000000;0.000000;3530.730957
2851.000000;9019.000000;6552.000000;0.000000;310678.000000;9095.000000;0.000000;3532.001221
2852.000000;9019.000000;6925.000000;0.000000;191758.000000;9095.000000;0.000000;3533.242188
2853.000000;9019.000000;6816.000000;0.000000;165745.000000;9095.000000;0.000000;3534.499756
2854.000000;9019.000000;6335.000000;0.000000;310146.000000;9095.000000;0.000000;3535.747314
2855.000000;9019.000000;6334.000000;0.000000;263193.000000;9095.000000;0.000000;3536.991699
2856.000000;9019.000000;6676.000000;0.000000;262679.000000;9095.000000;0.000000;3538.229248
2857.000000;9019.000000;6173.000000;0.000000;276108.000000;9095.000000;0.000000;3539.464844
2858.000000;9019.000000;6933.000000;0.000000;222289.000000;9095.000000;0.000000;3540.707764
2859.000000;9019.000000;6684.000000;0.000000;154414.000000;9095.000000;0.000000;3541.987549
2860.000000;9019.000000;6297.000000;0.000000;302424.000000;9095.000000;0.000000;3543.232422
2861.000000;9019.000000;7357.000000;0.000000;187392.000000;9095.000000;0.000000;3544.483398
2862.000000;9019.000000;6277.000000;0.000000;134706.000000;9095.000000;0.000000;3545.743164
2863.000000;9019.000000;6902.000000;0.000000;285033.000000;9095.000000;0.000000;3546.985107
2864.000000;9019.000000;7297.000000;0.000000;235263.000000;9095.000000;0.000000;3548.234619
2865.000000;9019.000000;7068.000000;0.000000;208070.000000;9095.000000;0.000000;3549.480713
2866.000000;9019.000000;7387.000000;0.000000;248496.000000;9095.000000;0.000000;3550.729004
2867.000000;9019.000000;6577.000000;0.000000;254142.000000;9095.000000;0.000000;3551.990723
2868.000000;9019.000000;6109.000000;0.000000;212782.000000;9095.000000;0.000000;3553.234619
2869.000000;9019.000000;7973.000000;0.000000;91446.000000;9095.000000;0.000000;3554.487793
2870.000000;9019.000000;6991.000000;0.000000;280327.000000;9095.000000;0.000000;3555.760498
2871.000000;9019.000000;7823.000000;0.000000;216637.000000;9095.000000;0.000000;3556.995117
2872.000000;9019.000000;6381.000000;0.000000;253766.000000;9095.000000;0.000000;3558.234131
2873.000000;9019.000000;8422.000000;0.000000;166686.000000;9095.000000;0.000000;3559.497803
2874.000000;9019.000000;6935.000000;0.000000;249438.000000;9095.000000;0.000000;3560.735107
2875.000000;9019.000000;7129.000000;0.000000;133986.000000;9095.000000;0.000000;3562.007812
2876.000000;9019.000000;6312.000000;0.000000;272716.000000;9095.000000;0.000000;3563.252930
2877.000000;9019.000000;6462.000000;0.000000;233755.000000;9095.000000;0.000000;3564.496094
2878.000000;9019.000000;6718.000000;0.000000;163646.000000;9095.000000;0.000000;3565.737061
2879.000000;9019.000000;5531.000000;0.000000;200059.000000;9095.000000;0.000000;3566.991699
2880.000000;9019.000000;5638.000000;0.000000;267815.000000;9095.000000;0.000000;3568.238281
2881.000000;9019.000000;6413.000000;0.000000;289930.000000;9095.000000;0.000000;3569.486084
2882.000000;9019.000000;6198.000000;0.000000;315558.000000;9095.000000;0.000000;3570.751709
2883.000000;9019.000000;6074.000000;0.000000;230193.000000;9095.000000;0.000000;3572.007568
2884.000000;9019.000000;6644.000000;0.000000;315342.000000;9095.000000;0.000000;3573.258545
2885.000000;9019.000000;6743.000000;0.000000;243534.000000;9095.000000;0.000000;3574.511963
2886.000000;9019.000000;6080.000000;0.000000;191990.000000;9095.000000;0.000000;3575.753662
2887.000000;9019.000000;6719.000000;0.000000;193560.000000;9095.000000;0.000000;3576.998291
2888.000000;9019.000000;6446.000000;0.000000;231374.000000;9095.000000;0.000000;3578.244141
2889.000000;9019.000000;8017.000000;0.000000;161032.000000;9095.000000;0.000000;3579.493652
2890.000000;9019.000000;6271.000000;0.000000;252796.000000;9095.000000;0.000000;3580.741211
2891.000000;9019.000000;7640.000000;0.000000;193528.000000;9095.000000;0.000000;3582.006592
2892.000000;9019.000000;6336.000000;0.000000;302621.000000;9095.000000;0.000000;3583.287109
2893.000000;9019.000000;6878.000000;0.000000;241486.000000;9095.000000;0.000000;3584.535156
2894.000000;9019.000000;5700.000000;0.000000;189961.000000;9095.000000;0.000000;3585.781006
2895.000000;9019.000000;6944.000000;0.000000;212737.000000;9095.000000;0.000000;3587.025391
2896.000000;9019.000000;7436.000000;0.000000;203292.000000;9095.000000;0.000000;3588.273682
2897.000000;9019.000000;7956.000000;0.000000;162351.000000;9095.000000;0.000000;3589.518066
2898.000000;9019.000000;6874.000000;0.000000;178925.000000;9095.000000;0.000000;3590.761963
2899.000000;9019.000000;6978.000000;0.000000;157575.000000;9095.000000;0.000000;3592.032227
2900.000000;9019.000000;6929.000000;0.000000;212612.000000;9095.000000;0.000000;3593.289307
2901.000000;9019.000000;7404.000000;0.000000;248624.000000;9095.000000;0.000000;3594.544189
2902.000000;9019.000000;7241.000000;0.000000;273501.000000;9095.000000;0.000000;3595.792480
2903.000000;9019.000000;6001.000000;0.000000;271643.000000;9095.000000;0.000000;3597.039795
2904.000000;9019.000000;6675.000000;0.000000;239233.000000;9095.000000;0.000000;3598.284180
2905.000000;9019.000000;6478.000000;0.000000;180612.000000;9095.000000;0.000000;3599.531006
2906.000000;9019.000000;7299.000000;0.000000;189001.000000;9095.000000;0.000000;3600.779297
0.000000;0.000000;0.000000;0.000000;0.000000;0.000000;0.000000;0.000000
0.000000;0.000000;0.000000;0.000000;0.000000;0.000000;0.000000;0.000000
0.000000;0.000000;0.000000;0.000000;0.000000;0.000000;0.000000;0.000000
0.000000;0.000000;0.000000;0.000000;0.000000;0.000000;0.000000;0.000000
0.000000;0.000000;0.000000;0.000000;0.000000;0.000000;0.000000;0.000000
0.000000;0.000000;0.000000;0.000000;0.000000;0.000000;0.000000;0.000000
0.000000;0.000000;0.000000;0.000000;0.000000;0.000000;0.000000;0.000000
0.000000;0.000000;0.000000;0.000000;0.000000;0.000000;0.000000;0.000000
0.000000;0.000000;0.000000;0.000000;0.000000;0.000000;0.000000;0.000000
0.000000;0.000000;0.000000;0.000000;0.000000;0.000000;0.000000;0.000000
0.000000;0.000000;0.000000;0.000000;0.000000;0.000000;0.000000;0.000000
0.000000;0.000000;0.000000;0.000000;0.000000;0.000000;0.000000;0.000000
0.000000;0.000000;0.000000;0.000000;0.000000;0.000000;0.000000;0.000000
0.000000;0.000000;0.000000;0.000000;0.000000;0.000000;0.000000;0.000000
0.000000;0.000000;0.000000;0.000000;0.000000;0.000000;0.000000;0.000000
0.000000;0.000000;0.000000;0.000000;0.000000;0.000000;0.000000;0.000000
0.000000;0.000000;0.000000;0.000000;0.000000;0.000000;0.000000;0.000000
0.000000;0.000000;0.000000;0.000000;0.000000;0.000000;0.000000;0.000000
0.000000;0.000000;0.000000;0.000000;0.000000;0.000000;0.000000;0.000000
0.000000;0.000000;0.000000;0.000000;0.000000;0.000000;0.000000;0.000000
0.000000;0.000000;0.000000;0.000000;0.000000;0.000000;0.000000;0.000000
0.000000;0.000000;0.000000;0.000000;0.000000;0.000000;0.000000;0.000000
0.000000;0.000000;0.000000;0.000000;0.000000;0.000000;0.000000;0.000000
0.000000;0.000000;0.000000;0.000000;0.000000;0.000000;0.000000;0.000000
0.000000;0.000000;0.000000;0.000000;0.000000;0.000000;0.000000;0.000000
0.000000;0.000000;0.000000;0.000000;0.000000;0.000000;0.000000;0.000000
0.000000;0.000000;0.000000;0.000000;0.000000;0.000000;0.000000;0.000000
0.000000;0.000000;0.000000;0.000000;0.000000;0.000000;0.000000;0.000000
0.000000;0.000000;0.000000;0.000000;0.000000;0.000000;0.000000;0.000000
0.000000;0.000000;0.000000;0.000000;0.000000;0.000000;0.000000;0.000000
0.000000;0.000000;0.000000;0.000000;0.000000;0.000000;0.000000;0.000000
0.000000;0.000000;0.000000;0.000000;0.000000;0.000000;0.000000;0.000000
0.000000;0.000000;0.000000;0.000000;0.000000;0.000000;0.000000;0.000000
0.000000;0.000000;0.000000;0.000000;0.000000;0.000000;0.000000;0.000000
0.000000;0.000000;0.000000;0.000000;0.000000;0.000000;0.000000;0.000000
0.000000;0.000000;0.000000;0.000000;0.000000;0.000000;0.000000;0.000000
0.000000;0.000000;0.000000;0.000000;0.000000;0.000000;0.000000;0.000000
0.000000;0.000000;0.000000;0.000000;0.000000;0.000000;0.000000;0.000000
0.000000;0.000000;0.000000;0.000000;0.000000;0.000000;0.000000;0.000000
0.000000;0.000000;0.000000;0.000000;0.000000;0.000000;0.000000;0.000000
0.000000;0.000000;0.000000;0.000000;0.000000;0.000000;0.000000;0.000000
0.000000;0.000000;0.000000;0.000000;0.000000;0.000000;0.000000;0.000000
0.000000;0.000000;0.000000;0.000000;0.000000;0.000000;0.000000;0.000000
0.000000;0.000000;0.000000;0.000000;0.000000;0.000000;0.000000;0.000000
0.000000;0.000000;0.000000;0.000000;0.000000;0.000000;0.000000;0.000000
0.000000;0.000000;0.000000;0.000000;0.000000;0.000000;0.000000;0.000000
0.000000;0.000000;0.000000;0.000000;0.000000;0.000000;0.000000;0.000000
0.000000;0.000000;0.000000;0.000000;0.000000;0.000000;0.000000;0.000000
0.000000;0.000000;0.000000;0.000000;0.000000;0.000000;0.000000;0.000000
0.000000;0.000000;0.000000;0.000000;0.000000;0.000000;0.000000;0.000000
0.000000;0.000000;0.000000;0.000000;0.000000;0.000000;0.000000;0.000000
0.000000;0.000000;0.000000;0.000000;0.000000;0.000000;0.000000;0.000000
0.000000;0.000000;0.000000;0.000000;0.000000;0.000000;0.000000;0.000000
0.000000;0.000000;0.000000;0.000000;0.000000;0.000000;0.000000;0.000000
0.000000;0.000000;0.000000;0.000000;0.000000;0.000000;0.000000;0.000000
0.000000;0.000000;0.000000;0.000000;0.000000;0.000000;0.000000;0.000000
0.000000;0.000000;0.000000;0.000000;0.000000;0.000000;0.000000;0.000000
0.000000;0.000000;0.000000;0.000000;0.000000;0.000000;0.000000;0.000000
0.000000;0.000000;0.000000;0.000000;0.000000;0.000000;0.000000;0.000000
0.000000;0.000000;0.000000;0.000000;0.000000;0.000000;0.000000;0.000000
0.000000;0.000000;0.000000;0.000000;0.000000;0.000000;0.000000;0.000000
0.000000;0.000000;0.000000;0.000000;0.000000;0.000000;0.000000;0.000000
0.000000;0.000000;0.000000;0.000000;0.000000;0.000000;0.000000;0.000000
0.000000;0.000000;0.000000;0.000000;0.000000;0.000000;0.000000;0.000000
0.000000;0.000000;0.000000;0.000000;0.000000;0.000000;0.000000;0.000000
0.000000;0.000000;0.000000;0.000000;0.000000;0.000000;0.000000;0.000000
0.000000;0.000000;0.000000;0.000000;0.000000;0.000000;0.000000;0.000000
0.000000;0.000000;0.000000;0.000000;0.000000;0.000000;0.000000;0.000000
0.000000;0.000000;0.000000;0.000000;0.000000;0.000000;0.000000;0.000000
0.000000;0.000000;0.000000;0.000000;0.000000;0.000000;0.000000;0.000000
0.000000;0.000000;0.000000;0.000000;0.000000;0.000000;0.000000;0.000000
0.000000;0.000000;0.000000;0.000000;0.000000;0.000000;0.000000;0.000000
0.000000;0.000000;0.000000;0.000000;0.000000;0.000000;0.000000;0.000000
0.000000;0.000000;0.000000;0.000000;0.000000;0.000000;0.000000;0.000000
0.000000;0.000000;0.000000;0.000000;0.000000;0.000000;0.000000;0.000000
0.000000;0.000000;0.000000;0.000000;0.000000;0.000000;0.000000;0.000000
0.000000;0.000000;0.000000;0.000000;0.000000;0.000000;0.000000;0.000000
0.000000;0.000000;0.000000;0.000000;0.000000;0.000000;0.000000;0.000000
0.000000;0.000000;0.000000;0.000000;0.000000;0.000000;0.000000;0.000000
0.000000;0.000000;0.000000;0.000000;0.000000;0.000000;0.000000;0.000000
0.000000;0.000000;0.000000;0.000000;0.000000;0.000000;0.000000;0.000000
0.000000;0.000000;0.000000;0.000000;0.000000;0.000000;0.000000;0.000000
0.000000;0.000000;0.000000;0.000000;0.000000;0.000000;0.000000;0.000000
0.000000;0.000000;0.000000;0.000000;0.000000;0.000000;0.000000;0.000000
0.000000;0.000000;0.000000;0.000000;0.000000;0.000000;0.000000;0.000000
0.000000;0.000000;0.000000;0.000000;0.000000;0.000000;0.000000;0.000000
0.000000;0.000000;0.000000;0.000000;0.000000;0.000000;0.000000;0.000000
0.000000;0.000000;0.000000;0.000000;0.000000;0.000000;0.000000;0.000000
0.000000;0.000000;0.000000;0.000000;0.000000;0.000000;0.000000;0.000000
0.000000;0.000000;0.000000;0.000000;0.000000;0.000000;0.000000;0.000000
0.000000;0.000000;0.000000;0.000000;0.000000;0.000000;0.000000;0.000000
0.000000;0.000000;0.000000;0.000000;0.000000;0.000000;0.000000;0.000000
0.000000;0.000000;0.000000;0.000000;0.000000;0.000000;0.000000;0.000000
0.000000;0.000000;0.000000;0.000000;0.000000;0.000000;0.000000;0.000000
0.000000;0.000000;0.000000;0.000000;0.000000;0.000000;0.000000;0.000000
0.000000;0.000000;0.000000;0.000000;0.000000;0.000000;0.000000;0.000000
0.000000;0.000000;0.000000;0.000000;0.000000;0.000000;0.000000;0.000000
0.000000;0.000000;0.000000;0.000000;0.000000;0.000000;0.000000;0.000000
0.000000;0.000000;0.000000;0.000000;0.000000;0.000000;0.000000;0.000000
0.000000;0.000000;0.000000;0.000000;0.000000;0.000000;0.000000;0.000000
0.000000;0.000000;0.000000;0.000000;0.000000;0.000000;0.000000;0.000000
0.000000;0.000000;0.000000;0.000000;0.000000;0.000000;0.000000;0.000000
0.000000;0.000000;0.000000;0.000000;0.000000;0.000000;0.000000;0.000000
0.000000;0.000000;0.000000;0.000000;0.000000;0.000000;0.000000;0.000000
0.000000;0.000000;0.000000;0.000000;0.000000;0.000000;0.000000;0.000000
0.000000;0.000000;0.000000;0.000000;0.000000;0.000000;0.000000;0.000000
0.000000;0.000000;0.000000;0.000000;0.000000;0.000000;0.000000;0.000000
0.000000;0.000000;0.000000;0.000000;0.000000;0.000000;0.000000;0.000000
0.000000;0.000000;0.000000;0.000000;0.000000;0.000000;0.000000;0.000000
0.000000;0.000000;0.000000;0.000000;0.000000;0.000000;0.000000;0.000000
0.000000;0.000000;0.000000;0.000000;0.000000;0.000000;0.000000;0.000000
0.000000;0.000000;0.000000;0.000000;0.000000;0.000000;0.000000;0.000000
0.000000;0.000000;0.000000;0.000000;0.000000;0.000000;0.000000;0.000000
0.000000;0.000000;0.000000;0.000000;0.000000;0.000000;0.000000;0.000000
0.000000;0.000000;0.000000;0.000000;0.000000;0.000000;0.000000;0.000000
0.000000;0.000000;0.000000;0.000000;0.000000;0.000000;0.000000;0.000000
0.000000;0.000000;0.000000;0.000000;0.000000;0.000000;0.000000;0.000000
0.000000;0.000000;0.000000;0.000000;0.000000;0.000000;0.000000;0.000000
0.000000;0.000000;0.000000;0.000000;0.000000;0.000000;0.000000;0.000000
0.000000;0.000000;0.000000;0.000000;0.000000;0.000000;0.000000;0.000000
0.000000;0.000000;0.000000;0.000000;0.000000;0.000000;0.000000;0.000000
0.000000;0.000000;0.000000;0.000000;0.000000;0.000000;0.000000;0.000000
0.000000;0.000000;0.000000;0.000000;0.000000;0.000000;0.000000;0.000000
0.000000;0.000000;0.000000;0.000000;0.000000;0.000000;0.000000;0.000000
0.000000;0.000000;0.000000;0.000000;0.000000;0.000000;0.000000;0.000000
0.000000;0.000000;0.000000;0.000000;0.000000;0.000000;0.000000;0.000000
0.000000;0.000000;0.000000;0.000000;0.000000;0.000000;0.000000;0.000000
0.000000;0.000000;0.000000;0.000000;0.000000;0.000000;0.000000;0.000000
0.000000;0.000000;0.000000;0.000000;0.000000;0.000000;0.000000;0.000000
0.000000;0.000000;0.000000;0.000000;0.000000;0.000000;0.000000;0.000000
0.000000;0.000000;0.000000;0.000000;0.000000;0.000000;0.000000;0.000000
0.000000;0.000000;0.000000;0.000000;0.000000;0.000000;0.000000;0.000000
0.000000;0.000000;0.000000;0.000000;0.000000;0.000000;0.000000;0.000000
0.000000;0.000000;0.000000;0.000000;0.000000;0.000000;0.000000;0.000000
0.000000;0.000000;0.000000;0.000000;0.000000;0.000000;0.000000;0.000000
0.000000;0.000000;0.000000;0.000000;0.000000;0.000000;0.000000;0.000000
0.000000;0.000000;0.000000;0.000000;0.000000;0.000000;0.000000;0.000000
0.000000;0.000000;0.000000;0.000000;0.000000;0.000000;0.000000;0.000000
0.000000;0.000000;0.000000;0.000000;0.000000;0.000000;0.000000;0.000000
0.000000;0.000000;0.000000;0.000000;0.000000;0.000000;0.000000;0.000000
0.000000;0.000000;0.000000;0.000000;0.000000;0.000000;0.000000;0.000000
0.000000;0.000000;0.000000;0.000000;0.000000;0.000000;0.000000;0.000000
0.000000;0.000000;0.000000;0.000000;0.000000;0.000000;0.000000;0.000000
0.000000;0.000000;0.000000;0.000000;0.000000;0.000000;0.000000;0.000000
0.000000;0.000000;0.000000;0.000000;0.000000;0.000000;0.000000;0.000000
0.000000;0.000000;0.000000;0.000000;0.000000;0.000000;0.000000;0.000000
0.000000;0.000000;0.000000;0.000000;0.000000;0.000000;0.000000;0.000000
0.000000;0.000000;0.000000;0.000000;0.000000;0.000000;0.000000;0.000000
0.000000;0.000000;0.000000;0.000000;0.000000;0.000000;0.000000;0.000000
0.000000;0.000000;0.000000;0.000000;0.000000;0.000000;0.000000;0.000000
0.000000;0.000000;0.000000;0.000000;0.000000;0.000000;0.000000;0.000000
0.000000;0.000000;0.000000;0.000000;0.000000;0.000000;0.000000;0.000000
0.000000;0.000000;0.000000;0.000000;0.000000;0.000000;0.000000;0.000000
0.000000;0.000000;0.000000;0.000000;0.000000;0.000000;0.000000;0.000000
0.000000;0.000000;0.000000;0.000000;0.000000;0.000000;0.000000;0.000000
0.000000;0.000000;0.000000;0.000000;0.000000;0.000000;0.000000;0.000000
0.000000;0.000000;0.000000;0.000000;0.000000;0.000000;0.000000;0.000000
0.000000;0.000000;0.000000;0.000000;0.000000;0.000000;0.000000;0.000000
0.000000;0.000000;0.000000;0.000000;0.000000;0.000000;0.000000;0.000000
0.000000;0.000000;0.000000;0.000000;0.000000;0.000000;0.000000;0.000000
0.000000;0.000000;0.000000;0.000000;0.000000;0.000000;0.000000;0.000000
0.000000;0.000000;0.000000;0.000000;0.000000;0.000000;0.000000;0.000000
0.000000;0.000000;0.000000;0.000000;0.000000;0.000000;0.000000;0.000000
0.000000;0.000000;0.000000;0.000000;0.000000;0.000000;0.000000;0.000000
0.000000;0.000000;0.000000;0.000000;0.000000;0.000000;0.000000;0.000000
0.000000;0.000000;0.000000;0.000000;0.000000;0.000000;0.000000;0.000000
0.000000;0.000000;0.000000;0.000000;0.000000;0.000000;0.000000;0.000000
0.000000;0.000000;0.000000;0.000000;0.000000;0.000000;0.000000;0.000000
0.000000;0.000000;0.000000;0.000000;0.000000;0.000000;0.000000;0.000000
0.000000;0.000000;0.000000;0.000000;0.000000;0.000000;0.000000;0.000000
0.000000;0.000000;0.000000;0.000000;0.000000;0.000000;0.000000;0.000000
0.000000;0.000000;0.000000;0.000000;0.000000;0.000000;0.000000;0.000000
0.000000;0.000000;0.000000;0.000000;0.000000;0.000000;0.000000;0.000000
0.000000;0.000000;0.000000;0.000000;0.000000;0.000000;0.000000;0.000000
0.000000;0.000000;0.000000;0.000000;0.000000;0.000000;0.000000;0.000000
0.000000;0.000000;0.000000;0.000000;0.000000;0.000000;0.000000;0.000000
0.000000;0.000000;0.000000;0.000000;0.000000;0.000000;0.000000;0.000000
0.000000;0.000000;0.000000;0.000000;0.000000;0.000000;0.000000;0.000000
0.000000;0.000000;0.000000;0.000000;0.000000;0.000000;0.000000;0.000000
0.000000;0.000000;0.000000;0.000000;0.000000;0.000000;0.000000;0.000000
0.000000;0.000000;0.000000;0.000000;0.000000;0.000000;0.000000;0.000000
0.000000;0.000000;0.000000;0.000000;0.000000;0.000000;0.000000;0.000000
0.000000;0.000000;0.000000;0.000000;0.000000;0.000000;0.000000;0.000000
0.000000;0.000000;0.000000;0.000000;0.000000;0.000000;0.000000;0.000000
0.000000;0.000000;0.000000;0.000000;0.000000;0.000000;0.000000;0.000000
0.000000;0.000000;0.000000;0.000000;0.000000;0.000000;0.000000;0.000000
0.000000;0.000000;0.000000;0.000000;0.000000;0.000000;0.000000;0.000000
0.000000;0.000000;0.000000;0.000000;0.000000;0.000000;0.000000;0.000000
0.000000;0.000000;0.000000;0.000000;0.000000;0.000000;0.000000;0.000000
0.000000;0.000000;0.000000;0.000000;0.000000;0.000000;0.000000;0.000000
0.000000;0.000000;0.000000;0.000000;0.000000;0.000000;0.000000;0.000000
0.000000;0.000000;0.000000;0.000000;0.000000;0.000000;0.000000;0.000000
0.000000;0.000000;0.000000;0.000000;0.000000;0.000000;0.000000;0.000000
0.000000;0.000000;0.000000;0.000000;0.000000;0.000000;0.000000;0.000000
0.000000;0.000000;0.000000;0.000000;0.000000;0.000000;0.000000;0.000000
0.000000;0.000000;0.000000;0.000000;0.000000;0.000000;0.000000;0.000000
0.000000;0.000000;0.000000;0.000000;0.000000;0.000000;0.000000;0.000000
0.000000;0.000000;0.000000;0.000000;0.000000;0.000000;0.000000;0.000000
0.000000;0.000000;0.000000;0.000000;0.000000;0.000000;0.000000;0.000000
0.000000;0.000000;0.000000;0.000000;0.000000;0.000000;0.000000;0.000000
0.000000;0.000000;0.000000;0.000000;0.000000;0.000000;0.000000;0.000000
0.000000;0.000000;0.000000;0.000000;0.000000;0.000000;0.000000;0.000000
0.000000;0.000000;0.000000;0.000000;0.000000;0.000000;0.000000;0.000000
0.000000;0.000000;0.000000;0.000000;0.000000;0.000000;0.000000;0.000000
0.000000;0.000000;0.000000;0.000000;0.000000;0.000000;0.000000;0.000000
0.000000;0.000000;0.000000;0.000000;0.000000;0.000000;0.000000;0.000000
0.000000;0.000000;0.000000;0.000000;0.000000;0.000000;0.000000;0.000000
0.000000;0.000000;0.000000;0.000000;0.000000;0.000000;0.000000;0.000000
0.000000;0.000000;0.000000;0.000000;0.000000;0.000000;0.000000;0.000000
0.000000;0.000000;0.000000;0.000000;0.000000;0.000000;0.000000;0.000000
0.000000;0.000000;0.000000;0.000000;0.000000;0.000000;0.000000;0.000000
0.000000;0.000000;0.000000;0.000000;0.000000;0.000000;0.000000;0.000000
0.000000;0.000000;0.000000;0.000000;0.000000;0.000000;0.000000;0.000000
0.000000;0.000000;0.000000;0.000000;0.000000;0.000000;0.000000;0.000000
0.000000;0.000000;0.000000;0.000000;0.000000;0.000000;0.000000;0.000000
0.000000;0.000000;0.000000;0.000000;0.000000;0.000000;0.000000;0.000000
0.000000;0.000000;0.000000;0.000000;0.000000;0.000000;0.000000;0.000000
0.000000;0.000000;0.000000;0.000000;0.000000;0.000000;0.000000;0.000000
0.000000;0.000000;0.000000;0.000000;0.000000;0.000000;0.000000;0.000000
0.000000;0.000000;0.000000;0.000000;0.000000;0.000000;0.000000;0.000000
0.000000;0.000000;0.000000;0.000000;0.000000;0.000000;0.000000;0.000000
0.000000;0.000000;0.000000;0.000000;0.000000;0.000000;0.000000;0.000000
0.000000;0.000000;0.000000;0.000000;0.000000;0.000000;0.000000;0.000000
0.000000;0.000000;0.000000;0.000000;0.000000;0.000000;0.000000;0.000000
0.000000;0.000000;0.000000;0.000000;0.000000;0.000000;0.000000;0.000000
0.000000;0.000000;0.000000;0.000000;0.000000;0.000000;0.000000;0.000000
0.000000;0.000000;0.000000;0.000000;0.000000;0.000000;0.000000;0.000000
0.000000;0.000000;0.000000;0.000000;0.000000;0.000000;0.000000;0.000000
0.000000;0.000000;0.000000;0.000000;0.000000;0.000000;0.000000;0.000000
0.000000;0.000000;0.000000;0.000000;0.000000;0.000000;0.000000;0.000000
0.000000;0.000000;0.000000;0.000000;0.000000;0.000000;0.000000;0.000000
0.000000;0.000000;0.000000;0.000000;0.000000;0.000000;0.000000;0.000000
0.000000;0.000000;0.000000;0.000000;0.000000;0.000000;0.000000;0.000000
0.000000;0.000000;0.000000;0.000000;0.000000;0.000000;0.000000;0.000000
0.000000;0.000000;0.000000;0.000000;0.000000;0.000000;0.000000;0.000000
0.000000;0.000000;0.000000;0.000000;0.000000;0.000000;0.000000;0.000000
0.000000;0.000000;0.000000;0.000000;0.000000;0.000000;0.000000;0.000000
0.000000;0.000000;0.000000;0.000000;0.000000;0.000000;0.000000;0.000000
0.000000;0.000000;0.000000;0.000000;0.000000;0.000000;0.000000;0.000000
0.000000;0.000000;0.000000;0.000000;0.000000;0.000000;0.000000;0.000000
0.000000;0.000000;0.000000;0.000000;0.000000;0.000000;0.000000;0.000000
0.000000;0.000000;0.000000;0.000000;0.000000;0.000000;0.000000;0.000000
0.000000;0.000000;0.000000;0.000000;0.000000;0.000000;0.000000;0.000000
0.000000;0.000000;0.000000;0.000000;0.000000;0.000000;0.000000;0.000000
0.000000;0.000000;0.000000;0.000000;0.000000;0.000000;0.000000;0.000000
0.000000;0.000000;0.000000;0.000000;0.000000;0.000000;0.000000;0.000000
0.000000;0.000000;0.000000;0.000000;0.000000;0.000000;0.000000;0.000000
0.000000;0.000000;0.000000;0.000000;0.000000;0.000000;0.000000;0.000000
0.000000;0.000000;0.000000;0.000000;0.000000;0.000000;0.000000;0.000000
0.000000;0.000000;0.000000;0.000000;0.000000;0.000000;0.000000;0.000000
0.000000;0.000000;0.000000;0.000000;0.000000;0.000000;0.000000;0.000000
0.000000;0.000000;0.000000;0.000000;0.000000;0.000000;0.000000;0.000000
0.000000;0.000000;0.000000;0.000000;0.000000;0.000000;0.000000;0.000000
0.000000;0.000000;0.000000;0.000000;0.000000;0.000000;0.000000;0.000000
0.000000;0.000000;0.000000;0.000000;0.000000;0.000000;0.000000;0.000000
0.000000;0.000000;0.000000;0.000000;0.000000;0.000000;0.000000;0.000000
0.000000;0.000000;0.000000;0.000000;0.000000;0.000000;0.000000;0.000000
0.000000;0.000000;0.000000;0.000000;0.000000;0.000000;0.000000;0.000000
0.000000;0.000000;0.000000;0.000000;0.000000;0.000000;0.000000;0.000000
0.000000;0.000000;0.000000;0.000000;0.000000;0.000000;0.000000;0.000000
0.000000;0.000000;0.000000;0.000000;0.000000;0.000000;0.000000;0.000000
0.000000;0.000000;0.000000;0.000000;0.000000;0.000000;0.000000;0.000000
0.000000;0.000000;0.000000;0.000000;0.000000;0.000000;0.000000;0.000000
0.000000;0.000000;0.000000;0.000000;0.000000;0.000000;0.000000;0.000000
0.000000;0.000000;0.000000;0.000000;0.000000;0.000000;0.000000;0.000000
0.000000;0.000000;0.000000;0.000000;0.000000;0.000000;0.000000;0.000000
0.000000;0.000000;0.000000;0.000000;0.000000;0.000000;0.000000;0.000000
0.000000;0.000000;0.000000;0.000000;0.000000;0.000000;0.000000;0.000000
0.000000;0.000000;0.000000;0.000000;0.000000;0.000000;0.000000;0.000000
0.000000;0.000000;0.000000;0.000000;0.000000;0.000000;0.000000;0.000000
0.000000;0.000000;0.000000;0.000000;0.000000;0.000000;0.000000;0.000000
0.000000;0.000000;0.000000;0.000000;0.000000;0.000000;0.000000;0.000000
0.000000;0.000000;0.000000;0.000000;0.000000;0.000000;0.000000;0.000000
0.000000;0.000000;0.000000;0.000000;0.000000;0.000000;0.000000;0.000000
0.000000;0.000000;0.000000;0.000000;0.000000;0.000000;0.000000;0.000000
0.000000;0.000000;0.000000;0.000000;0.000000;0.000000;0.000000;0.000000
0.000000;0.000000;0.000000;0.000000;0.000000;0.000000;0.000000;0.000000
0.000000;0.000000;0.000000;0.000000;0.000000;0.000000;0.000000;0.000000
0.000000;0.000000;0.000000;0.000000;0.000000;0.000000;0.000000;0.000000
0.000000;0.000000;0.000000;0.000000;0.000000;0.000000;0.000000;0.000000
0.000000;0.000000;0.000000;0.000000;0.000000;0.000000;0.000000;0.000000
0.000000;0.000000;0.000000;0.000000;0.000000;0.000000;0.000000;0.000000
0.000000;0.000000;0.000000;0.000000;0.000000;0.000000;0.000000;0.000000
0.000000;0.000000;0.000000;0.000000;0.000000;0.000000;0.000000;0.000000
0.000000;0.000000;0.000000;0.000000;0.000000;0.000000;0.000000;0.000000
0.000000;0.000000;0.000000;0.000000;0.000000;0.000000;0.000000;0.000000
0.000000;0.000000;0.000000;0.000000;0.000000;0.000000;0.000000;0.000000
0.000000;0.000000;0.000000;0.000000;0.000000;0.000000;0.000000;0.000000
0.000000;0.000000;0.000000;0.000000;0.000000;0.000000;0.000000;0.000000
0.000000;0.000000;0.000000;0.000000;0.000000;0.000000;0.000000;0.000000
0.000000;0.000000;0.000000;0.000000;0.000000;0.000000;0.000000;0.000000
0.000000;0.000000;0.000000;0.000000;0.000000;0.000000;0.000000;0.000000
0.000000;0.000000;0.000000;0.000000;0.000000;0.000000;0.000000;0.000000
0.000000;0.000000;0.000000;0.000000;0.000000;0.000000;0.000000;0.000000
0.000000;0.000000;0.000000;0.000000;0.000000;0.000000;0.000000;0.000000
0.000000;0.000000;0.000000;0.000000;0.000000;0.000000;0.000000;0.000000
0.000000;0.000000;0.000000;0.000000;0.000000;0.000000;0.000000;0.000000
0.000000;0.000000;0.000000;0.000000;0.000000;0.000000;0.000000;0.000000
0.000000;0.000000;0.000000;0.000000;0.000000;0.000000;0.000000;0.000000
0.000000;0.000000;0.000000;0.000000;0.000000;0.000000;0.000000;0.000000
0.000000;0.000000;0.000000;0.000000;0.000000;0.000000;0.000000;0.000000
0.000000;0.000000;0.000000;0.000000;0.000000;0.000000;0.000000;0.000000
0.000000;0.000000;0.000000;0.000000;0.000000;0.000000;0.000000;0.000000
0.000000;0.000000;0.000000;0.000000;0.000000;0.000000;0.000000;0.000000
0.000000;0.000000;0.000000;0.000000;0.000000;0.000000;0.000000;0.000000
0.000000;0.000000;0.000000;0.000000;0.000000;0.000000;0.000000;0.000000
0.000000;0.000000;0.000000;0.000000;0.000000;0.000000;0.000000;0.000000
0.000000;0.000000;0.000000;0.000000;0.000000;0.000000;0.000000;0.000000
0.000000;0.000000;0.000000;0.000000;0.000000;0.000000;0.000000;0.000000
0.000000;0.000000;0.000000;0.000000;0.000000;0.000000;0.000000;0.000000
0.000000;0.000000;0.000000;0.000000;0.000000;0.000000;0.000000;0.000000
0.000000;0.000000;0.000000;0.000000;0.000000;0.000000;0.000000;0.000000
0.000000;0.000000;0.000000;0.000000;0.000000;0.000000;0.000000;0.000000
0.000000;0.000000;0.000000;0.000000;0.000000;0.000000;0.000000;0.000000
0.000000;0.000000;0.000000;0.000000;0.000000;0.000000;0.000000;0.000000
0.000000;0.000000;0.000000;0.000000;0.000000;0.000000;0.000000;0.000000
0.000000;0.000000;0.000000;0.000000;0.000000;0.000000;0.000000;0.000000
0.000000;0.000000;0.000000;0.000000;0.000000;0.000000;0.000000;0.000000
0.000000;0.000000;0.000000;0.000000;0.000000;0.000000;0.000000;0.000000
0.000000;0.000000;0.000000;0.000000;0.000000;0.000000;0.000000;0.000000
0.000000;0.000000;0.000000;0.000000;0.000000;0.000000;0.000000;0.000000
0.000000;0.000000;0.000000;0.000000;0.000000;0.000000;0.000000;0.000000
0.000000;0.000000;0.000000;0.000000;0.000000;0.000000;0.000000;0.000000
0.000000;0.000000;0.000000;0.000000;0.000000;0.000000;0.000000;0.000000
0.000000;0.000000;0.000000;0.000000;0.000000;0.000000;0.000000;0.000000
0.000000;0.000000;0.000000;0.000000;0.000000;0.000000;0.000000;0.000000
0.000000;0.000000;0.000000;0.000000;0.000000;0.000000;0.000000;0.000000
0.000000;0.000000;0.000000;0.000000;0.000000;0.000000;0.000000;0.000000
0.000000;0.000000;0.000000;0.000000;0.000000;0.000000;0.000000;0.000000
0.000000;0.000000;0.000000;0.000000;0.000000;0.000000;0.000000;0.000000
0.000000;0.000000;0.000000;0.000000;0.000000;0.000000;0.000000;0.000000
0.000000;0.000000;0.000000;0.000000;0.000000;0.000000;0.000000;0.000000
0.000000;0.000000;0.000000;0.000000;0.000000;0.000000;0.000000;0.000000
0.000000;0.000000;0.000000;0.000000;0.000000;0.000000;0.000000;0.000000
0.000000;0.000000;0.000000;0.000000;0.000000;0.000000;0.000000;0.000000
0.000000;0.000000;0.000000;0.000000;0.000000;0.000000;0.000000;0.000000
0.000000;0.000000;0.000000;0.000000;0.000000;0.000000;0.000000;0.000000
0.000000;0.000000;0.000000;0.000000;0.000000;0.000000;0.000000;0.000000
0.000000;0.000000;0.000000;0.000000;0.000000;0.000000;0.000000;0.000000
0.000000;0.000000;0.000000;0.000000;0.000000;0.000000;0.000000;0.000000
0.000000;0.000000;0.000000;0.000000;0.000000;0.000000;0.000000;0.000000
0.000000;0.000000;0.000000;0.000000;0.000000;0.000000;0.000000;0.000000
0.000000;0.000000;0.000000;0.000000;0.000000;0.000000;0.000000;0.000000
0.000000;0.000000;0.000000;0.000000;0.000000;0.000000;0.000000;0.000000
0.000000;0.000000;0.000000;0.000000;0.000000;0.000000;0.000000;0.000000
0.000000;0.000000;0.000000;0.000000;0.000000;0.000000;0.000000;0.000000
0.000000;0.000000;0.000000;0.000000;0.000000;0.000000;0.000000;0.000000
0.000000;0.000000;0.000000;0.000000;0.000000;0.000000;0.000000;0.000000
0.000000;0.000000;0.000000;0.000000;0.000000;0.000000;0.000000;0.000000
0.000000;0.000000;0.000000;0.000000;0.000000;0.000000;0.000000;0.000000
0.000000;0.000000;0.000000;0.000000;0.000000;0.000000;0.000000;0.000000
0.000000;0.000000;0.000000;0.000000;0.000000;0.000000;0.000000;0.000000
0.000000;0.000000;0.000000;0.000000;0.000000;0.000000;0.000000;0.000000
0.000000;0.000000;0.000000;0.000000;0.000000;0.000000;0.000000;0.000000
0.000000;0.000000;0.000000;0.000000;0.000000;0.000000;0.000000;0.000000
0.000000;0.000000;0.000000;0.000000;0.000000;0.000000;0.000000;0.000000
0.000000;0.000000;0.000000;0.000000;0.000000;0.000000;0.000000;0.000000
0.000000;0.000000;0.000000;0.000000;0.000000;0.000000;0.000000;0.000000
0.000000;0.000000;0.000000;0.000000;0.000000;0.000000;0.000000;0.000000
0.000000;0.000000;0.000000;0.000000;0.000000;0.000000;0.000000;0.000000
0.000000;0.000000;0.000000;0.000000;0.000000;0.000000;0.000000;0.000000
0.000000;0.000000;0.000000;0.000000;0.000000;0.000000;0.000000;0.000000
0.000000;0.000000;0.000000;0.000000;0.000000;0.000000;0.000000;0.000000
0.000000;0.000000;0.000000;0.000000;0.000000;0.000000;0.000000;0.000000
0.000000;0.000000;0.000000;0.000000;0.000000;0.000000;0.000000;0.000000
0.000000;0.000000;0.000000;0.000000;0.000000;0.000000;0.000000;0.000000
0.000000;0.000000;0.000000;0.000000;0.000000;0.000000;0.000000;0.000000
0.000000;0.000000;0.000000;0.000000;0.000000;0.000000;0.000000;0.000000
0.000000;0.000000;0.000000;0.000000;0.000000;0.000000;0.000000;0.000000
0.000000;0.000000;0.000000;0.000000;0.000000;0.000000;0.000000;0.000000
0.000000;0.000000;0.000000;0.000000;0.000000;0.000000;0.000000;0.000000
0.000000;0.000000;0.000000;0.000000;0.000000;0.000000;0.000000;0.000000
0.000000;0.000000;0.000000;0.000000;0.000000;0.000000;0.000000;0.000000
0.000000;0.000000;0.000000;0.000000;0.000000;0.000000;0.000000;0.000000
0.000000;0.000000;0.000000;0.000000;0.000000;0.000000;0.000000;0.000000
0.000000;0.000000;0.000000;0.000000;0.000000;0.000000;0.000000;0.000000
0.000000;0.000000;0.000000;0.000000;0.000000;0.000000;0.000000;0.000000
0.000000;0.000000;0.000000;0.000000;0.000000;0.000000;0.000000;0.000000
0.000000;0.000000;0.000000;0.000000;0.000000;0.000000;0.000000;0.000000
0.000000;0.000000;0.000000;0.000000;0.000000;0.000000;0.000000;0.000000
0.000000;0.000000;0.000000;0.000000;0.000000;0.000000;0.000000;0.000000
0.000000;0.000000;0.000000;0.000000;0.000000;0.000000;0.000000;0.000000
0.000000;0.000000;0.000000;0.000000;0.000000;0.000000;0.000000;0.000000
0.000000;0.000000;0.000000;0.000000;0.000000;0.000000;0.000000;0.000000
0.000000;0.000000;0.000000;0.000000;0.000000;0.000000;0.000000;0.000000
0.000000;0.000000;0.000000;0.000000;0.000000;0.000000;0.000000;0.000000
0.000000;0.000000;0.000000;0.000000;0.000000;0.000000;0.000000;0.000000
0.000000;0.000000;0.000000;0.000000;0.000000;0.000000;0.000000;0.000000
0.000000;0.000000;0.000000;0.000000;0.000000;0.000000;0.000000;0.000000
0.000000;0.000000;0.000000;0.000000;0.000000;0.000000;0.000000;0.000000
0.000000;0.000000;0.000000;0.000000;0.000000;0.000000;0.000000;0.000000
0.000000;0.000000;0.000000;0.000000;0.000000;0.000000;0.000000;0.000000
0.000000;0.000000;0.000000;0.000000;0.000000;0.000000;0.000000;0.000000
0.000000;0.000000;0.000000;0.000000;0.000000;0.000000;0.000000;0.000000
0.000000;0.000000;0.000000;0.000000;0.000000;0.000000;0.000000;0.000000
0.000000;0.000000;0.000000;0.000000;0.000000;0.000000;0.000000;0.000000
0.000000;0.000000;0.000000;0.000000;0.000000;0.000000;0.000000;0.000000
0.000000;0.000000;0.000000;0.000000;0.000000;0.000000;0.000000;0.000000
0.000000;0.000000;0.000000;0.000000;0.000000;0.000000;0.000000;0.000000
0.000000;0.000000;0.000000;0.000000;0.000000;0.000000;0.000000;0.000000
0.000000;0.000000;0.000000;0.000000;0.000000;0.000000;0.000000;0.000000
0.000000;0.000000;0.000000;0.000000;0.000000;0.000000;0.000000;0.000000
0.000000;0.000000;0.000000;0.000000;0.000000;0.000000;0.000000;0.000000
0.000000;0.000000;0.000000;0.000000;0.000000;0.000000;0.000000;0.000000
0.000000;0.000000;0.000000;0.000000;0.000000;0.000000;0.000000;0.000000
0.000000;0.000000;0.000000;0.000000;0.000000;0.000000;0.000000;0.000000
0.000000;0.000000;0.000000;0.000000;0.000000;0.000000;0.000000;0.000000
0.000000;0.000000;0.000000;0.000000;0.000000;0.000000;0.000000;0.000000
0.000000;0.000000;0.000000;0.000000;0.000000;0.000000;0.000000;0.000000
0.000000;0.000000;0.000000;0.000000;0.000000;0.000000;0.000000;0.000000
0.000000;0.000000;0.000000;0.000000;0.000000;0.000000;0.000000;0.000000
0.000000;0.000000;0.000000;0.000000;0.000000;0.000000;0.000000;0.000000
0.000000;0.000000;0.000000;0.000000;0.000000;0.000000;0.000000;0.000000
0.000000;0.000000;0.000000;0.000000;0.000000;0.000000;0.000000;0.000000
0.000000;0.000000;0.000000;0.000000;0.000000;0.000000;0.000000;0.000000
0.000000;0.000000;0.000000;0.000000;0.000000;0.000000;0.000000;0.000000
0.000000;0.000000;0.000000;0.000000;0.000000;0.000000;0.000000;0.000000
0.000000;0.000000;0.000000;0.000000;0.000000;0.000000;0.000000;0.000000
0.000000;0.000000;0.000000;0.000000;0.000000;0.000000;0.000000;0.000000
0.000000;0.000000;0.000000;0.000000;0.000000;0.000000;0.000000;0.000000
0.000000;0.000000;0.000000;0.000000;0.000000;0.000000;0.000000;0.000000
0.000000;0.000000;0.000000;0.000000;0.000000;0.000000;0.000000;0.000000
0.000000;0.000000;0.000000;0.000000;0.000000;0.000000;0.000000;0.000000
0.000000;0.000000;0.000000;0.000000;0.000000;0.000000;0.000000;0.000000
0.000000;0.000000;0.000000;0.000000;0.000000;0.000000;0.000000;0.000000
0.000000;0.000000;0.000000;0.000000;0.000000;0.000000;0.000000;0.000000
0.000000;0.000000;0.000000;0.000000;0.000000;0.000000;0.000000;0.000000
0.000000;0.000000;0.000000;0.000000;0.000000;0.000000;0.000000;0.000000
0.000000;0.000000;0.000000;0.000000;0.000000;0.000000;0.000000;0.000000
0.000000;0.000000;0.000000;0.000000;0.000000;0.000000;0.000000;0.000000
0.000000;0.000000;0.000000;0.000000;0.000000;0.000000;0.000000;0.000000
0.000000;0.000000;0.000000;0.000000;0.000000;0.000000;0.000000;0.000000
0.000000;0.000000;0.000000;0.000000;0.000000;0.000000;0.000000;0.000000
0.000000;0.000000;0.000000;0.000000;0.000000;0.000000;0.000000;0.000000
0.000000;0.000000;0.000000;0.000000;0.000000;0.000000;0.000000;0.000000
0.000000;0.000000;0.000000;0.000000;0.000000;0.000000;0.000000;0.000000
0.000000;0.000000;0.000000;0.000000;0.000000;0.000000;0.000000;0.000000
0.000000;0.000000;0.000000;0.000000;0.000000;0.000000;0.000000;0.000000
0.000000;0.000000;0.000000;0.000000;0.000000;0.000000;0.000000;0.000000
0.000000;0.000000;0.000000;0.000000;0.000000;0.000000;0.000000;0.000000
0.000000;0.000000;0.000000;0.000000;0.000000;0.000000;0.000000;0.000000
0.000000;0.000000;0.000000;0.000000;0.000000;0.000000;0.000000;0.000000
0.000000;0.000000;0.000000;0.000000;0.000000;0.000000;0.000000;0.000000
0.000000;0.000000;0.000000;0.000000;0.000000;0.000000;0.000000;0.000000
0.000000;0.000000;0.000000;0.000000;0.000000;0.000000;0.000000;0.000000
0.000000;0.000000;0.000000;0.000000;0.000000;0.000000;0.000000;0.000000
0.000000;0.000000;0.000000;0.000000;0.000000;0.000000;0.000000;0.000000
0.000000;0.000000;0.000000;0.000000;0.000000;0.000000;0.000000;0.000000
0.000000;0.000000;0.000000;0.000000;0.000000;0.000000;0.000000;0.000000
0.000000;0.000000;0.000000;0.000000;0.000000;0.000000;0.000000;0.000000
0.000000;0.000000;0.000000;0.000000;0.000000;0.000000;0.000000;0.000000
0.000000;0.000000;0.000000;0.000000;0.000000;0.000000;0.000000;0.000000
0.000000;0.000000;0.000000;0.000000;0.000000;0.000000;0.000000;0.000000
0.000000;0.000000;0.000000;0.000000;0.000000;0.000000;0.000000;0.000000
0.000000;0.000000;0.000000;0.000000;0.000000;0.000000;0.000000;0.000000
0.000000;0.000000;0.000000;0.000000;0.000000;0.000000;0.000000;0.000000
0.000000;0.000000;0.000000;0.000000;0.000000;0.000000;0.000000;0.000000
0.000000;0.000000;0.000000;0.000000;0.000000;0.000000;0.000000;0.000000
0.000000;0.000000;0.000000;0.000000;0.000000;0.000000;0.000000;0.000000
0.000000;0.000000;0.000000;0.000000;0.000000;0.000000;0.000000;0.000000
0.000000;0.000000;0.000000;0.000000;0.000000;0.000000;0.000000;0.000000
0.000000;0.000000;0.000000;0.000000;0.000000;0.000000;0.000000;0.000000
0.000000;0.000000;0.000000;0.000000;0.000000;0.000000;0.000000;0.000000
0.000000;0.000000;0.000000;0.000000;0.000000;0.000000;0.000000;0.000000
0.000000;0.000000;0.000000;0.000000;0.000000;0.000000;0.000000;0.000000
0.000000;0.000000;0.000000;0.000000;0.000000;0.000000;0.000000;0.000000
0.000000;0.000000;0.000000;0.000000;0.000000;0.000000;0.000000;0.000000
0.000000;0.000000;0.000000;0.000000;0.000000;0.000000;0.000000;0.000000
0.000000;0.000000;0.000000;0.000000;0.000000;0.000000;0.000000;0.000000
0.000000;0.000000;0.000000;0.000000;0.000000;0.000000;0.000000;0.000000
0.000000;0.000000;0.000000;0.000000;0.000000;0.000000;0.000000;0.000000
0.000000;0.000000;0.000000;0.000000;0.000000;0.000000;0.000000;0.000000
0.000000;0.000000;0.000000;0.000000;0.000000;0.000000;0.000000;0.000000
0.000000;0.000000;0.000000;0.000000;0.000000;0.000000;0.000000;0.000000
0.000000;0.000000;0.000000;0.000000;0.000000;0.000000;0.000000;0.000000
0.000000;0.000000;0.000000;0.000000;0.000000;0.000000;0.000000;0.000000
0.000000;0.000000;0.000000;0.000000;0.000000;0.000000;0.000000;0.000000
0.000000;0.000000;0.000000;0.000000;0.000000;0.000000;0.000000;0.000000
0.000000;0.000000;0.000000;0.000000;0.000000;0.000000;0.000000;0.000000
0.000000;0.000000;0.000000;0.000000;0.000000;0.000000;0.000000;0.000000
0.000000;0.000000;0.000000;0.000000;0.000000;0.000000;0.000000;0.000000
0.000000;0.000000;0.000000;0.000000;0.000000;0.000000;0.000000;0.000000
0.000000;0.000000;0.000000;0.000000;0.000000;0.000000;0.000000;0.000000
0.000000;0.000000;0.000000;0.000000;0.000000;0.000000;0.000000;0.000000
0.000000;0.000000;0.000000;0.000000;0.000000;0.000000;0.000000;0.000000
0.000000;0.000000;0.000000;0.000000;0.000000;0.000000;0.000000;0.000000
0.000000;0.000000;0.000000;0.000000;0.000000;0.000000;0.000000;0.000000
0.000000;0.000000;0.000000;0.000000;0.000000;0.000000;0.000000;0.000000
0.000000;0.000000;0.000000;0.000000;0.000000;0.000000;0.000000;0.000000
0.000000;0.000000;0.000000;0.000000;0.000000;0.000000;0.000000;0.000000
0.000000;0.000000;0.000000;0.000000;0.000000;0.000000;0.000000;0.000000
0.000000;0.000000;0.000000;0.000000;0.000000;0.000000;0.000000;0.000000
0.000000;0.000000;0.000000;0.000000;0.000000;0.000000;0.000000;0.000000
0.000000;0.000000;0.000000;0.000000;0.000000;0.000000;0.000000;0.000000
0.000000;0.000000;0.000000;0.000000;0.000000;0.000000;0.000000;0.000000
0.000000;0.000000;0.000000;0.000000;0.000000;0.000000;0.000000;0.000000
0.000000;0.000000;0.000000;0.000000;0.000000;0.000000;0.000000;0.000000
0.000000;0.000000;0.000000;0.000000;0.000000;0.000000;0.000000;0.000000
0.000000;0.000000;0.000000;0.000000;0.000000;0.000000;0.000000;0.000000
0.000000;0.000000;0.000000;0.000000;0.000000;0.000000;0.000000;0.000000
0.000000;0.000000;0.000000;0.000000;0.000000;0.000000;0.000000;0.000000
0.000000;0.000000;0.000000;0.000000;0.000000;0.000000;0.000000;0.000000
0.000000;0.000000;0.000000;0.000000;0.000000;0.000000;0.000000;0.000000
0.000000;0.000000;0.000000;0.000000;0.000000;0.000000;0.000000;0.000000
0.000000;0.000000;0.000000;0.000000;0.000000;0.000000;0.000000;0.000000
0.000000;0.000000;0.000000;0.000000;0.000000;0.000000;0.000000;0.000000
0.000000;0.000000;0.000000;0.000000;0.000000;0.000000;0.000000;0.000000
0.000000;0.000000;0.000000;0.000000;0.000000;0.000000;0.000000;0.000000
0.000000;0.000000;0.000000;0.000000;0.000000;0.000000;0.000000;0.000000
0.000000;0.000000;0.000000;0.000000;0.000000;0.000000;0.000000;0.000000
0.000000;0.000000;0.000000;0.000000;0.000000;0.000000;0.000000;0.000000
0.000000;0.000000;0.000000;0.000000;0.000000;0.000000;0.000000;0.000000
0.000000;0.000000;0.000000;0.000000;0.000000;0.000000;0.000000;0.000000
0.000000;0.000000;0.000000;0.000000;0.000000;0.000000;0.000000;0.000000
0.000000;0.000000;0.000000;0.000000;0.000000;0.000000;0.000000;0.000000
0.000000;0.000000;0.000000;0.000000;0.000000;0.000000;0.000000;0.000000
0.000000;0.000000;0.000000;0.000000;0.000000;0.000000;0.000000;0.000000
0.000000;0.000000;0.000000;0.000000;0.000000;0.000000;0.000000;0.000000
0.000000;0.000000;0.000000;0.000000;0.000000;0.000000;0.000000;0.000000
0.000000;0.000000;0.000000;0.000000;0.000000;0.000000;0.000000;0.000000
0.000000;0.000000;0.000000;0.000000;0.000000;0.000000;0.000000;0.000000
0.000000;0.000000;0.000000;0.000000;0.000000;0.000000;0.000000;0.000000
0.000000;0.000000;0.000000;0.000000;0.000000;0.000000;0.000000;0.000000
0.000000;0.000000;0.000000;0.000000;0.000000;0.000000;0.000000;0.000000
0.000000;0.000000;0.000000;0.000000;0.000000;0.000000;0.000000;0.000000
0.000000;0.000000;0.000000;0.000000;0.000000;0.000000;0.000000;0.000000
0.000000;0.000000;0.000000;0.000000;0.000000;0.000000;0.000000;0.000000
0.000000;0.000000;0.000000;0.000000;0.000000;0.000000;0.000000;0.000000
0.000000;0.000000;0.000000;0.000000;0.000000;0.000000;0.000000;0.000000
0.000000;0.000000;0.000000;0.000000;0.000000;0.000000;0.000000;0.000000
0.000000;0.000000;0.000000;0.000000;0.000000;0.000000;0.000000;0.000000
0.000000;0.000000;0.000000;0.000000;0.000000;0.000000;0.000000;0.000000
0.000000;0.000000;0.000000;0.000000;0.000000;0.000000;0.000000;0.000000
0.000000;0.000000;0.000000;0.000000;0.000000;0.000000;0.000000;0.000000
0.000000;0.000000;0.000000;0.000000;0.000000;0.000000;0.000000;0.000000
0.000000;0.000000;0.000000;0.000000;0.000000;0.000000;0.000000;0.000000
0.000000;0.000000;0.000000;0.000000;0.000000;0.000000;0.000000;0.000000
0.000000;0.000000;0.000000;0.000000;0.000000;0.000000;0.000000;0.000000
0.000000;0.000000;0.000000;0.000000;0.000000;0.000000;0.000000;0.000000
0.000000;0.000000;0.000000;0.000000;0.000000;0.000000;0.000000;0.000000
0.000000;0.000000;0.000000;0.000000;0.000000;0.000000;0.000000;0.000000
0.000000;0.000000;0.000000;0.000000;0.000000;0.000000;0.000000;0.000000
0.000000;0.000000;0.000000;0.000000;0.000000;0.000000;0.000000;0.000000
0.000000;0.000000;0.000000;0.000000;0.000000;0.000000;0.000000;0.000000
0.000000;0.000000;0.000000;0.000000;0.000000;0.000000;0.000000;0.000000
0.000000;0.000000;0.000000;0.000000;0.000000;0.000000;0.000000;0.000000
0.000000;0.000000;0.000000;0.000000;0.000000;0.000000;0.000000;0.000000
0.000000;0.000000;0.000000;0.000000;0.000000;0.000000;0.000000;0.000000
0.000000;0.000000;0.000000;0.000000;0.000000;0.000000;0.000000;0.000000
0.000000;0.000000;0.000000;0.000000;0.000000;0.000000;0.000000;0.000000
0.000000;0.000000;0.000000;0.000000;0.000000;0.000000;0.000000;0.000000
0.000000;0.000000;0.000000;0.000000;0.000000;0.000000;0.000000;0.000000
0.000000;0.000000;0.000000;0.000000;0.000000;0.000000;0.000000;0.000000
0.000000;0.000000;0.000000;0.000000;0.000000;0.000000;0.000000;0.000000
0.000000;0.000000;0.000000;0.000000;0.000000;0.000000;0.000000;0.000000
0.000000;0.000000;0.000000;0.000000;0.000000;0.000000;0.000000;0.000000
0.000000;0.000000;0.000000;0.000000;0.000000;0.000000;0.000000;0.000000
0.000000;0.000000;0.000000;0.000000;0.000000;0.000000;0.000000;0.000000
0.000000;0.000000;0.000000;0.000000;0.000000;0.000000;0.000000;0.000000
0.000000;0.000000;0.000000;0.000000;0.000000;0.000000;0.000000;0.000000
0.000000;0.000000;0.000000;0.000000;0.000000;0.000000;0.000000;0.000000
0.000000;0.000000;0.000000;0.000000;0.000000;0.000000;0.000000;0.000000
0.000000;0.000000;0.000000;0.000000;0.000000;0.000000;0.000000;0.000000
0.000000;0.000000;0.000000;0.000000;0.000000;0.000000;0.000000;0.000000
0.000000;0.000000;0.000000;0.000000;0.000000;0.000000;0.000000;0.000000
0.000000;0.000000;0.000000;0.000000;0.000000;0.000000;0.000000;0.000000
0.000000;0.000000;0.000000;0.000000;0.000000;0.000000;0.000000;0.000000
0.000000;0.000000;0.000000;0.000000;0.000000;0.000000;0.000000;0.000000
0.000000;0.000000;0.000000;0.000000;0.000000;0.000000;0.000000;0.000000
0.000000;0.000000;0.000000;0.000000;0.000000;0.000000;0.000000;0.000000
0.000000;0.000000;0.000000;0.000000;0.000000;0.000000;0.000000;0.000000
0.000000;0.000000;0.000000;0.000000;0.000000;0.000000;0.000000;0.000000
0.000000;0.000000;0.000000;0.000000;0.000000;0.000000;0.000000;0.000000
0.000000;0.000000;0.000000;0.000000;0.000000;0.000000;0.000000;0.000000
0.000000;0.000000;0.000000;0.000000;0.000000;0.000000;0.000000;0.000000
0.000000;0.000000;0.000000;0.000000;0.000000;0.000000;0.000000;0.000000
0.000000;0.000000;0.000000;0.000000;0.000000;0.000000;0.000000;0.000000
0.000000;0.000000;0.000000;0.000000;0.000000;0.000000;0.000000;0.000000
0.000000;0.000000;0.000000;0.000000;0.000000;0.000000;0.000000;0.000000
0.000000;0.000000;0.000000;0.000000;0.000000;0.000000;0.000000;0.000000
0.000000;0.000000;0.000000;0.000000;0.000000;0.000000;0.000000;0.000000
0.000000;0.000000;0.000000;0.000000;0.000000;0.000000;0.000000;0.000000
0.000000;0.000000;0.000000;0.000000;0.000000;0.000000;0.000000;0.000000
0.000000;0.000000;0.000000;0.000000;0.000000;0.000000;0.000000;0.000000
0.000000;0.000000;0.000000;0.000000;0.000000;0.000000;0.000000;0.000000
0.000000;0.000000;0.000000;0.000000;0.000000;0.000000;0.000000;0.000000
0.000000;0.000000;0.000000;0.000000;0.000000;0.000000;0.000000;0.000000
0.000000;0.000000;0.000000;0.000000;0.000000;0.000000;0.000000;0.000000
0.000000;0.000000;0.000000;0.000000;0.000000;0.000000;0.000000;0.000000
0.000000;0.000000;0.000000;0.000000;0.000000;0.000000;0.000000;0.000000
0.000000;0.000000;0.000000;0.000000;0.000000;0.000000;0.000000;0.000000
0.000000;0.000000;0.000000;0.000000;0.000000;0.000000;0.000000;0.000000
0.000000;0.000000;0.000000;0.000000;0.000000;0.000000;0.000000;0.000000
0.000000;0.000000;0.000000;0.000000;0.000000;0.000000;0.000000;0.000000
0.000000;0.000000;0.000000;0.000000;0.000000;0.000000;0.000000;0.000000
0.000000;0.000000;0.000000;0.000000;0.000000;0.000000;0.000000;0.000000
0.000000;0.000000;0.000000;0.000000;0.000000;0.000000;0.000000;0.000000
0.000000;0.000000;0.000000;0.000000;0.000000;0.000000;0.000000;0.000000
0.000000;0.000000;0.000000;0.000000;0.000000;0.000000;0.000000;0.000000
0.000000;0.000000;0.000000;0.000000;0.000000;0.000000;0.000000;0.000000
0.000000;0.000000;0.000000;0.000000;0.000000;0.000000;0.000000;0.000000
0.000000;0.000000;0.000000;0.000000;0.000000;0.000000;0.000000;0.000000
0.000000;0.000000;0.000000;0.000000;0.000000;0.000000;0.000000;0.000000
0.000000;0.000000;0.000000;0.000000;0.000000;0.000000;0.000000;0.000000
0.000000;0.000000;0.000000;0.000000;0.000000;0.000000;0.000000;0.000000
0.000000;0.000000;0.000000;0.000000;0.000000;0.000000;0.000000;0.000000
0.000000;0.000000;0.000000;0.000000;0.000000;0.000000;0.000000;0.000000
0.000000;0.000000;0.000000;0.000000;0.000000;0.000000;0.000000;0.000000
0.000000;0.000000;0.000000;0.000000;0.000000;0.000000;0.000000;0.000000
0.000000;0.000000;0.000000;0.000000;0.000000;0.000000;0.000000;0.000000
0.000000;0.000000;0.000000;0.000000;0.000000;0.000000;0.000000;0.000000
0.000000;0.000000;0.000000;0.000000;0.000000;0.000000;0.000000;0.000000
0.000000;0.000000;0.000000;0.000000;0.000000;0.000000;0.000000;0.000000
0.000000;0.000000;0.000000;0.000000;0.000000;0.000000;0.000000;0.000000
0.000000;0.000000;0.000000;0.000000;0.000000;0.000000;0.000000;0.000000
0.000000;0.000000;0.000000;0.000000;0.000000;0.000000;0.000000;0.000000
0.000000;0.000000;0.000000;0.000000;0.000000;0.000000;0.000000;0.000000
0.000000;0.000000;0.000000;0.000000;0.000000;0.000000;0.000000;0.000000
0.000000;0.000000;0.000000;0.000000;0.000000;0.000000;0.000000;0.000000
0.000000;0.000000;0.000000;0.000000;0.000000;0.000000;0.000000;0.000000
0.000000;0.000000;0.000000;0.000000;0.000000;0.000000;0.000000;0.000000
0.000000;0.000000;0.000000;0.000000;0.000000;0.000000;0.000000;0.000000
0.000000;0.000000;0.000000;0.000000;0.000000;0.000000;0.000000;0.000000
0.000000;0.000000;0.000000;0.000000;0.000000;0.000000;0.000000;0.000000
0.000000;0.000000;0.000000;0.000000;0.000000;0.000000;0.000000;0.000000
0.000000;0.000000;0.000000;0.000000;0.000000;0.000000;0.000000;0.000000
0.000000;0.000000;0.000000;0.000000;0.000000;0.000000;0.000000;0.000000
0.000000;0.000000;0.000000;0.000000;0.000000;0.000000;0.000000;0.000000
0.000000;0.000000;0.000000;0.000000;0.000000;0.000000;0.000000;0.000000
0.000000;0.000000;0.000000;0.000000;0.000000;0.000000;0.000000;0.000000
0.000000;0.000000;0.000000;0.000000;0.000000;0.000000;0.000000;0.000000
0.000000;0.000000;0.000000;0.000000;0.000000;0.000000;0.000000;0.000000
0.000000;0.000000;0.000000;0.000000;0.000000;0.000000;0.000000;0.000000
0.000000;0.000000;0.000000;0.000000;0.000000;0.000000;0.000000;0.000000
0.000000;0.000000;0.000000;0.000000;0.000000;0.000000;0.000000;0.000000
0.000000;0.000000;0.000000;0.000000;0.000000;0.000000;0.000000;0.000000
0.000000;0.000000;0.000000;0.000000;0.000000;0.000000;0.000000;0.000000
0.000000;0.000000;0.000000;0.000000;0.000000;0.000000;0.000000;0.000000
0.000000;0.000000;0.000000;0.000000;0.000000;0.000000;0.000000;0.000000
0.000000;0.000000;0.000000;0.000000;0.000000;0.000000;0.000000;0.000000
0.000000;0.000000;0.000000;0.000000;0.000000;0.000000;0.000000;0.000000
0.000000;0.000000;0.000000;0.000000;0.000000;0.000000;0.000000;0.000000
0.000000;0.000000;0.000000;0.000000;0.000000;0.000000;0.000000;0.000000
0.000000;0.000000;0.000000;0.000000;0.000000;0.000000;0.000000;0.000000
0.000000;0.000000;0.000000;0.000000;0.000000;0.000000;0.000000;0.000000
0.000000;0.000000;0.000000;0.000000;0.000000;0.000000;0.000000;0.000000
0.000000;0.000000;0.000000;0.000000;0.000000;0.000000;0.000000;0.000000
0.000000;0.000000;0.000000;0.000000;0.000000;0.000000;0.000000;0.000000
0.000000;0.000000;0.000000;0.000000;0.000000;0.000000;0.000000;0.000000
0.000000;0.000000;0.000000;0.000000;0.000000;0.000000;0.000000;0.000000
0.000000;0.000000;0.000000;0.000000;0.000000;0.000000;0.000000;0.000000
0.000000;0.000000;0.000000;0.000000;0.000000;0.000000;0.000000;0.000000
0.000000;0.000000;0.000000;0.000000;0.000000;0.000000;0.000000;0.000000
0.000000;0.000000;0.000000;0.000000;0.000000;0.000000;0.000000;0.000000
0.000000;0.000000;0.000000;0.000000;0.000000;0.000000;0.000000;0.000000
0.000000;0.000000;0.000000;0.000000;0.000000;0.000000;0.000000;0.000000
0.000000;0.000000;0.000000;0.000000;0.000000;0.000000;0.000000;0.000000
0.000000;0.000000;0.000000;0.000000;0.000000;0.000000;0.000000;0.000000
0.000000;0.000000;0.000000;0.000000;0.000000;0.000000;0.000000;0.000000
0.000000;0.000000;0.000000;0.000000;0.000000;0.000000;0.000000;0.000000
0.000000;0.000000;0.000000;0.000000;0.000000;0.000000;0.000000;0.000000
0.000000;0.000000;0.000000;0.000000;0.000000;0.000000;0.000000;0.000000
0.000000;0.000000;0.000000;0.000000;0.000000;0.000000;0.000000;0.000000
0.000000;0.000000;0.000000;0.000000;0.000000;0.000000;0.000000;0.000000
0.000000;0.000000;0.000000;0.000000;0.000000;0.000000;0.000000;0.000000
0.000000;0.000000;0.000000;0.000000;0.000000;0.000000;0.000000;0.000000
0.000000;0.000000;0.000000;0.000000;0.000000;0.000000;0.000000;0.000000
0.000000;0.000000;0.000000;0.000000;0.000000;0.000000;0.000000;0.000000
0.000000;0.000000;0.000000;0.000000;0.000000;0.000000;0.000000;0.000000
0.000000;0.000000;0.000000;0.000000;0.000000;0.000000;0.000000;0.000000
0.000000;0.000000;0.000000;0.000000;0.000000;0.000000;0.000000;0.000000
0.000000;0.000000;0.000000;0.000000;0.000000;0.000000;0.000000;0.000000
0.000000;0.000000;0.000000;0.000000;0.000000;0.000000;0.000000;0.000000
0.000000;0.000000;0.000000;0.000000;0.000000;0.000000;0.000000;0.000000
0.000000;0.000000;0.000000;0.000000;0.000000;0.000000;0.000000;0.000000
0.000000;0.000000;0.000000;0.000000;0.000000;0.000000;0.000000;0.000000
0.000000;0.000000;0.000000;0.000000;0.000000;0.000000;0.000000;0.000000
0.000000;0.000000;0.000000;0.000000;0.000000;0.000000;0.000000;0.000000
0.000000;0.000000;0.000000;0.000000;0.000000;0.000000;0.000000;0.000000
0.000000;0.000000;0.000000;0.000000;0.000000;0.000000;0.000000;0.000000
0.000000;0.000000;0.000000;0.000000;0.000000;0.000000;0.000000;0.000000
0.000000;0.000000;0.000000;0.000000;0.000000;0.000000;0.000000;0.000000
0.000000;0.000000;0.000000;0.000000;0.000000;0.000000;0.000000;0.000000
0.000000;0.000000;0.000000;0.000000;0.000000;0.000000;0.000000;0.000000
0.000000;0.000000;0.000000;0.000000;0.000000;0.000000;0.000000;0.000000
0.000000;0.000000;0.000000;0.000000;0.000000;0.000000;0.000000;0.000000
0.000000;0.000000;0.000000;0.000000;0.000000;0.000000;0.000000;0.000000
0.000000;0.000000;0.000000;0.000000;0.000000;0.000000;0.000000;0.000000
0.000000;0.000000;0.000000;0.000000;0.000000;0.000000;0.000000;0.000000
0.000000;0.000000;0.000000;0.000000;0.000000;0.000000;0.000000;0.000000
0.000000;0.000000;0.000000;0.000000;0.000000;0.000000;0.000000;0.000000
0.000000;0.000000;0.000000;0.000000;0.000000;0.000000;0.000000;0.000000
0.000000;0.000000;0.000000;0.000000;0.000000;0.000000;0.000000;0.000000
