0.000000;-1.000000;15652.000000;0.000000;175004.000000;9792.000000;0.000000;0.503606
1.000000;-1.000000;17763.000000;0.000000;248431.000000;9480.000000;0.000000;1.131263
2.000000;-1.000000;14965.000000;0.000000;143310.000000;9157.000000;0.000000;1.828749
3.000000;-1.000000;15462.000000;0.000000;150242.000000;9525.000000;0.000000;2.387574
4.000000;-1.000000;13679.000000;0.000000;86689.000000;9590.000000;0.000000;2.925646
5.000000;-1.000000;14183.000000;0.000000;92163.000000;9877.000000;0.000000;3.469032
6.000000;10093.000000;13520.000000;0.000000;57859.000000;10093.000000;1.000000;4.013073
7.000000;10093.000000;13002.000000;0.000000;74658.000000;9436.000000;0.000000;4.565579
8.000000;10093.000000;8733.000000;0.000000;86665.000000;8840.000000;0.000000;5.114550
9.000000;10093.000000;11433.000000;0.000000;43625.000000;9967.000000;0.000000;5.665367
10.000000;10093.000000;10874.000000;0.000000;35832.000000;9967.000000;0.000000;6.220850
11.000000;10093.000000;11609.000000;0.000000;26914.000000;9967.000000;0.000000;6.770830
12.000000;10093.000000;10829.000000;0.000000;32771.000000;9967.000000;0.000000;7.321546
13.000000;10093.000000;10455.000000;0.000000;29129.000000;9967.000000;0.000000;7.874780
14.000000;10093.000000;10875.000000;0.000000;31644.000000;9967.000000;0.000000;8.425957
15.000000;10093.000000;11107.000000;0.000000;36859.000000;9967.000000;0.000000;8.994795
16.000000;10093.000000;10256.000000;0.000000;24867.000000;9967.000000;0.000000;9.547948
17.000000;10093.000000;10510.000000;0.000000;19384.000000;9967.000000;0.000000;10.098208
18.000000;10093.000000;9729.000000;0.000000;14558.000000;9967.000000;0.000000;10.648306
19.000000;10093.000000;10402.000000;0.000000;29315.000000;9967.000000;0.000000;11.200851
20.000000;10093.000000;10902.000000;0.000000;22055.000000;9967.000000;0.000000;11.791358
21.000000;10093.000000;10377.000000;0.000000;15147.000000;9967.000000;0.000000;12.449980
22.000000;10093.000000;10074.000000;0.000000;18658.000000;9967.000000;0.000000;13.045188
23.000000;10093.000000;10352.000000;0.000000;14170.000000;9967.000000;0.000000;13.618448
24.000000;10093.000000;11150.000000;0.000000;26300.000000;9967.000000;0.000000;14.194730
25.000000;10093.000000;10745.000000;0.000000;15347.000000;9967.000000;0.000000;14.777098
26.000000;10093.000000;11561.000000;0.000000;31091.000000;9967.000000;0.000000;15.363726
27.000000;10093.000000;10638.000000;0.000000;26257.000000;9967.000000;0.000000;15.951444
28.000000;10093.000000;11802.000000;0.000000;25859.000000;9967.000000;0.000000;16.538324
29.000000;10093.000000;10155.000000;0.000000;23950.000000;9967.000000;0.000000;17.125984
30.000000;10093.000000;12694.000000;0.000000;80046.000000;9967.000000;0.000000;17.713110
31.000000;10093.000000;9362.000000;0.000000;42945.000000;9967.000000;0.000000;18.301275
32.000000;10093.000000;12327.000000;0.000000;64246.000000;9967.000000;0.000000;18.916397
33.000000;10093.000000;10001.000000;0.000000;27678.000000;9967.000000;0.000000;19.515179
34.000000;10093.000000;9986.000000;0.000000;20208.000000;9967.000000;0.000000;20.103773
35.000000;10093.000000;10516.000000;0.000000;18095.000000;9967.000000;0.000000;20.694693
36.000000;10093.000000;13653.000000;0.000000;87862.000000;9967.000000;0.000000;21.284767
37.000000;10093.000000;10379.000000;0.000000;24476.000000;9967.000000;0.000000;21.871061
38.000000;10093.000000;11740.000000;0.000000;32124.000000;9967.000000;0.000000;22.460611
39.000000;10093.000000;10000.000000;0.000000;23437.000000;9967.000000;0.000000;23.051624
40.000000;10093.000000;11406.000000;0.000000;23636.000000;9967.000000;0.000000;23.718704
41.000000;10093.000000;9762.000000;0.000000;12714.000000;9967.000000;0.000000;24.432840
42.000000;10093.000000;9799.000000;0.000000;47398.000000;9967.000000;0.000000;25.092854
43.000000;10093.000000;11190.000000;0.000000;27195.000000;9967.000000;0.000000;25.748072
44.000000;10093.000000;10668.000000;0.000000;22518.000000;9967.000000;0.000000;26.401516
45.000000;10093.000000;11611.000000;0.000000;36552.000000;9967.000000;0.000000;27.067537
46.000000;10093.000000;11550.000000;0.000000;68324.000000;9967.000000;0.000000;27.735741
47.000000;10093.000000;10998.000000;0.000000;15958.000000;9967.000000;0.000000;28.406790
48.000000;10093.000000;12002.000000;0.000000;28712.000000;9967.000000;0.000000;29.101250
49.000000;10093.000000;9801.000000;0.000000;29494.000000;9967.000000;0.000000;29.775253
50.000000;10093.000000;10939.000000;0.000000;42633.000000;9967.000000;0.000000;30.448767
51.000000;10093.000000;11124.000000;0.000000;27153.000000;9967.000000;0.000000;31.119957
52.000000;10093.000000;12386.000000;0.000000;78644.000000;9967.000000;0.000000;31.794384
53.000000;10093.000000;9136.000000;0.000000;33393.000000;9967.000000;0.000000;32.468151
54.000000;10093.000000;11531.000000;0.000000;38328.000000;9967.000000;0.000000;33.135662
55.000000;10093.000000;10181.000000;0.000000;13817.000000;9967.000000;0.000000;33.809765
56.000000;10093.000000;11360.000000;0.000000;47848.000000;9967.000000;0.000000;34.484165
57.000000;10093.000000;10592.000000;0.000000;30714.000000;9967.000000;0.000000;35.151192
58.000000;10093.000000;11814.000000;0.000000;53750.000000;9967.000000;0.000000;35.820499
59.000000;10093.000000;11095.000000;0.000000;37161.000000;9967.000000;0.000000;36.516991
60.000000;10093.000000;10583.000000;0.000000;21179.000000;9967.000000;0.000000;37.356026
61.000000;10093.000000;10474.000000;0.000000;18949.000000;9967.000000;0.000000;38.433510
62.000000;10093.000000;9887.000000;0.000000;32454.000000;9967.000000;0.000000;39.290459
63.000000;10093.000000;10946.000000;0.000000;18397.000000;9967.000000;0.000000;40.104767
64.000000;10093.000000;12369.000000;0.000000;56504.000000;9967.000000;0.000000;40.917763
65.000000;10093.000000;10380.000000;0.000000;18291.000000;9967.000000;0.000000;41.748150
66.000000;10093.000000;10791.000000;0.000000;60548.000000;9967.000000;0.000000;42.578697
67.000000;10093.000000;12459.000000;0.000000;54955.000000;9967.000000;0.000000;43.406254
68.000000;10093.000000;11645.000000;0.000000;45989.000000;9967.000000;0.000000;44.259117
69.000000;10093.000000;13965.000000;0.000000;99889.000000;9967.000000;0.000000;45.090805
70.000000;10093.000000;9984.000000;0.000000;23249.000000;9967.000000;0.000000;45.918510
71.000000;10093.000000;11941.000000;0.000000;21123.000000;9967.000000;0.000000;46.741489
72.000000;10093.000000;10218.000000;0.000000;14500.000000;9967.000000;0.000000;47.564754
73.000000;10093.000000;10846.000000;0.000000;26923.000000;9967.000000;0.000000;48.391106
74.000000;10093.000000;10975.000000;0.000000;24197.000000;9967.000000;0.000000;49.255409
75.000000;10093.000000;10768.000000;0.000000;12488.000000;9967.000000;0.000000;50.081051
76.000000;10093.000000;12668.000000;0.000000;69832.000000;9967.000000;0.000000;50.938076
77.000000;10093.000000;10842.000000;0.000000;28719.000000;9967.000000;0.000000;51.777107
78.000000;10093.000000;10707.000000;0.000000;18253.000000;9967.000000;0.000000;52.613647
79.000000;10093.000000;12324.000000;0.000000;85358.000000;9967.000000;0.000000;53.451954
80.000000;10135.000000;10964.000000;0.000000;15586.000000;10135.000000;1.000000;54.600086
81.000000;10135.000000;11226.000000;0.000000;22052.000000;10135.000000;0.000000;55.922409
82.000000;10135.000000;11410.000000;0.000000;22138.000000;10028.000000;0.000000;57.140446
83.000000;10135.000000;12100.000000;0.000000;51085.000000;10445.000000;0.000000;58.298599
84.000000;10135.000000;10192.000000;0.000000;30644.000000;10445.000000;0.000000;59.483875
85.000000;10135.000000;10295.000000;0.000000;18078.000000;10445.000000;0.000000;60.629448
86.000000;10135.000000;9664.000000;0.000000;21932.000000;10445.000000;0.000000;61.776588
87.000000;10135.000000;10192.000000;0.000000;14730.000000;10445.000000;0.000000;62.923027
88.000000;10135.000000;9834.000000;0.000000;40125.000000;10445.000000;0.000000;64.069260
89.000000;10135.000000;10847.000000;0.000000;40269.000000;10445.000000;0.000000;65.215622
90.000000;10135.000000;9798.000000;0.000000;27712.000000;10445.000000;0.000000;66.359901
91.000000;10135.000000;10526.000000;0.000000;26721.000000;10445.000000;0.000000;67.511803
92.000000;10135.000000;9304.000000;0.000000;46409.000000;10445.000000;0.000000;68.655685
93.000000;10135.000000;10624.000000;0.000000;18567.000000;10445.000000;0.000000;69.830849
94.000000;10135.000000;12428.000000;0.000000;65644.000000;10445.000000;0.000000;70.977402
95.000000;10135.000000;11279.000000;0.000000;22743.000000;10445.000000;0.000000;72.157097
96.000000;10135.000000;10583.000000;0.000000;28162.000000;10445.000000;0.000000;73.486649
97.000000;10135.000000;11417.000000;0.000000;21548.000000;10445.000000;0.000000;74.635208
98.000000;10135.000000;9375.000000;0.000000;13893.000000;10445.000000;0.000000;75.785156
99.000000;10135.000000;10212.000000;0.000000;24101.000000;10445.000000;0.000000;76.939301
100.000000;10135.000000;11128.000000;0.000000;28172.000000;10445.000000;0.000000;78.183563
101.000000;10135.000000;11377.000000;0.000000;38362.000000;10445.000000;0.000000;79.645287
102.000000;10135.000000;12275.000000;0.000000;80893.000000;10445.000000;0.000000;80.930275
103.000000;10135.000000;14157.000000;0.000000;68145.000000;10445.000000;0.000000;82.212097
104.000000;10135.000000;10084.000000;0.000000;23500.000000;10445.000000;0.000000;83.511284
105.000000;10135.000000;12354.000000;0.000000;100465.000000;10445.000000;0.000000;84.815536
106.000000;10135.000000;10500.000000;0.000000;18806.000000;10445.000000;0.000000;86.116096
107.000000;10135.000000;10272.000000;0.000000;28852.000000;10445.000000;0.000000;87.414635
108.000000;10135.000000;12457.000000;0.000000;69349.000000;10445.000000;0.000000;88.722549
109.000000;10135.000000;9925.000000;0.000000;38747.000000;10445.000000;0.000000;90.072098
110.000000;10135.000000;12834.000000;0.000000;45287.000000;10445.000000;0.000000;91.381783
111.000000;10135.000000;13174.000000;0.000000;58741.000000;10445.000000;0.000000;92.741211
112.000000;10135.000000;11484.000000;0.000000;26419.000000;10445.000000;0.000000;94.070877
113.000000;10135.000000;10889.000000;0.000000;18446.000000;10445.000000;0.000000;95.400520
114.000000;10135.000000;12027.000000;0.000000;51776.000000;10445.000000;0.000000;96.726990
115.000000;10135.000000;11095.000000;0.000000;12555.000000;10445.000000;0.000000;98.043892
116.000000;10135.000000;11253.000000;0.000000;21845.000000;10445.000000;0.000000;99.212051
117.000000;10135.000000;9980.000000;0.000000;18394.000000;10445.000000;0.000000;100.404366
118.000000;10135.000000;10461.000000;0.000000;35697.000000;10445.000000;0.000000;101.566391
119.000000;10135.000000;11403.000000;0.000000;26525.000000;10445.000000;0.000000;102.729881
120.000000;10135.000000;12032.000000;0.000000;48535.000000;10445.000000;0.000000;103.904831
121.000000;10135.000000;9941.000000;0.000000;33913.000000;10445.000000;0.000000;105.363869
122.000000;10135.000000;11893.000000;0.000000;63872.000000;10445.000000;0.000000;106.676437
123.000000;10135.000000;11120.000000;0.000000;30125.000000;10445.000000;0.000000;107.976585
124.000000;10135.000000;10511.000000;0.000000;15358.000000;10445.000000;0.000000;109.291237
125.000000;10135.000000;12763.000000;0.000000;75608.000000;10445.000000;0.000000;110.628708
126.000000;10135.000000;11739.000000;0.000000;38257.000000;10445.000000;0.000000;111.939911
127.000000;10135.000000;11023.000000;0.000000;14298.000000;10445.000000;0.000000;113.357498
128.000000;10135.000000;10918.000000;0.000000;25398.000000;10445.000000;0.000000;114.669853
129.000000;10135.000000;12662.000000;0.000000;52165.000000;10445.000000;0.000000;116.031868
130.000000;10135.000000;10755.000000;0.000000;25422.000000;10445.000000;0.000000;117.388130
131.000000;10135.000000;10047.000000;0.000000;27926.000000;10445.000000;0.000000;118.757538
132.000000;10135.000000;11228.000000;0.000000;25027.000000;10445.000000;0.000000;120.129684
133.000000;10135.000000;11435.000000;0.000000;44734.000000;10445.000000;0.000000;121.473526
134.000000;10135.000000;11605.000000;0.000000;34174.000000;10445.000000;0.000000;122.815689
135.000000;10135.000000;10979.000000;0.000000;21766.000000;10445.000000;0.000000;124.090614
136.000000;10135.000000;11800.000000;0.000000;36902.000000;10445.000000;0.000000;125.260475
137.000000;10135.000000;10318.000000;0.000000;27070.000000;10445.000000;0.000000;126.431870
138.000000;10135.000000;11825.000000;0.000000;29673.000000;10445.000000;0.000000;127.605583
139.000000;10135.000000;11496.000000;0.000000;27978.000000;10445.000000;0.000000;128.811005
140.000000;10135.000000;9675.000000;0.000000;16315.000000;10445.000000;0.000000;130.013687
141.000000;10135.000000;10365.000000;0.000000;17130.000000;10445.000000;0.000000;131.479462
142.000000;10135.000000;10289.000000;0.000000;20465.000000;10445.000000;0.000000;132.792709
143.000000;10135.000000;10728.000000;0.000000;17399.000000;10445.000000;0.000000;134.102295
144.000000;10135.000000;12572.000000;0.000000;44185.000000;10445.000000;0.000000;135.427292
145.000000;10135.000000;11069.000000;0.000000;17239.000000;10445.000000;0.000000;136.761978
146.000000;10135.000000;10089.000000;0.000000;17568.000000;10445.000000;0.000000;138.090744
147.000000;10135.000000;12409.000000;0.000000;61699.000000;10445.000000;0.000000;139.413528
148.000000;10135.000000;10657.000000;0.000000;31566.000000;10445.000000;0.000000;140.760696
149.000000;10135.000000;11131.000000;0.000000;45173.000000;10445.000000;0.000000;142.089951
150.000000;10135.000000;10272.000000;0.000000;16184.000000;10445.000000;0.000000;143.432922
151.000000;10135.000000;9915.000000;0.000000;33034.000000;10445.000000;0.000000;144.794449
152.000000;10135.000000;10093.000000;0.000000;15517.000000;10445.000000;0.000000;146.128998
153.000000;10135.000000;11182.000000;0.000000;38235.000000;10445.000000;0.000000;147.467361
154.000000;10135.000000;11154.000000;0.000000;20610.000000;10445.000000;0.000000;148.783020
155.000000;10135.000000;10878.000000;0.000000;20479.000000;10445.000000;0.000000;150.045868
156.000000;10135.000000;10937.000000;0.000000;24159.000000;10445.000000;0.000000;151.189194
157.000000;10135.000000;10418.000000;0.000000;22459.000000;10445.000000;0.000000;152.340347
158.000000;10135.000000;12963.000000;0.000000;77993.000000;10445.000000;0.000000;153.493301
159.000000;10135.000000;10791.000000;0.000000;17816.000000;10445.000000;0.000000;154.647476
160.000000;10135.000000;11633.000000;0.000000;17336.000000;10445.000000;0.000000;155.794006
161.000000;10135.000000;11591.000000;0.000000;56282.000000;10445.000000;0.000000;157.201218
162.000000;10135.000000;9075.000000;0.000000;36072.000000;10445.000000;0.000000;158.498947
163.000000;10135.000000;12264.000000;0.000000;37216.000000;10445.000000;0.000000;159.803299
164.000000;10135.000000;11555.000000;0.000000;41591.000000;10445.000000;0.000000;161.113556
165.000000;10135.000000;10847.000000;0.000000;24842.000000;10445.000000;0.000000;162.416229
166.000000;10135.000000;12671.000000;0.000000;87350.000000;10445.000000;0.000000;163.716263
167.000000;10135.000000;10743.000000;0.000000;18666.000000;10445.000000;0.000000;165.053329
168.000000;10135.000000;11519.000000;0.000000;29821.000000;10445.000000;0.000000;166.350311
169.000000;10135.000000;11095.000000;0.000000;23350.000000;10445.000000;0.000000;167.645126
170.000000;10135.000000;11204.000000;0.000000;48894.000000;10445.000000;0.000000;168.934433
171.000000;10135.000000;12619.000000;0.000000;70286.000000;10445.000000;0.000000;170.300583
172.000000;10135.000000;9516.000000;0.000000;35516.000000;10445.000000;0.000000;171.615021
173.000000;10135.000000;12518.000000;0.000000;63409.000000;10445.000000;0.000000;172.928558
174.000000;10135.000000;11589.000000;0.000000;51076.000000;10445.000000;0.000000;174.238907
175.000000;10135.000000;11217.000000;0.000000;25591.000000;10445.000000;0.000000;175.533112
176.000000;10135.000000;12668.000000;0.000000;78172.000000;10445.000000;0.000000;176.691315
177.000000;10135.000000;11368.000000;0.000000;48562.000000;10445.000000;0.000000;177.841919
178.000000;10135.000000;10554.000000;0.000000;18184.000000;10445.000000;0.000000;178.977020
179.000000;10135.000000;11721.000000;0.000000;53761.000000;10445.000000;0.000000;180.130280
180.000000;10135.000000;11309.000000;0.000000;34009.000000;10445.000000;0.000000;181.268143
181.000000;10135.000000;10297.000000;0.000000;15438.000000;10445.000000;0.000000;182.648987
182.000000;10135.000000;10581.000000;0.000000;19827.000000;10445.000000;0.000000;183.919968
183.000000;10135.000000;10153.000000;0.000000;14152.000000;10445.000000;0.000000;185.181900
184.000000;10135.000000;10366.000000;0.000000;13608.000000;10445.000000;0.000000;186.506836
185.000000;10135.000000;11020.000000;0.000000;15183.000000;10445.000000;0.000000;187.785965
186.000000;10135.000000;9912.000000;0.000000;18104.000000;10445.000000;0.000000;189.054276
187.000000;10135.000000;9570.000000;0.000000;25731.000000;10445.000000;0.000000;190.366745
188.000000;10135.000000;10791.000000;0.000000;22368.000000;10445.000000;0.000000;191.635040
189.000000;10135.000000;10338.000000;0.000000;11032.000000;10445.000000;0.000000;192.912003
190.000000;10135.000000;10286.000000;0.000000;18201.000000;10445.000000;0.000000;194.184616
191.000000;10135.000000;10097.000000;0.000000;31649.000000;10445.000000;0.000000;195.488525
192.000000;10135.000000;10865.000000;0.000000;16630.000000;10445.000000;0.000000;196.769897
193.000000;10135.000000;10593.000000;0.000000;22547.000000;10445.000000;0.000000;198.052780
194.000000;10135.000000;10365.000000;0.000000;23605.000000;10445.000000;0.000000;199.336182
195.000000;10135.000000;9606.000000;0.000000;23723.000000;10445.000000;0.000000;200.663101
196.000000;10135.000000;11688.000000;0.000000;39130.000000;10445.000000;0.000000;201.814362
197.000000;10135.000000;10986.000000;0.000000;18366.000000;10445.000000;0.000000;202.949600
198.000000;10135.000000;13984.000000;0.000000;107858.000000;10445.000000;0.000000;204.082687
199.000000;10135.000000;11494.000000;0.000000;25839.000000;10445.000000;0.000000;205.215561
200.000000;10135.000000;10155.000000;0.000000;16529.000000;10445.000000;0.000000;206.344803
201.000000;10135.000000;10625.000000;0.000000;25279.000000;10445.000000;0.000000;207.731293
202.000000;10135.000000;10660.000000;0.000000;25620.000000;10445.000000;0.000000;209.011337
203.000000;10135.000000;11321.000000;0.000000;20007.000000;10445.000000;0.000000;210.317291
204.000000;10135.000000;9925.000000;0.000000;26991.000000;10445.000000;0.000000;211.606537
205.000000;10135.000000;10302.000000;0.000000;12073.000000;10445.000000;0.000000;212.893692
206.000000;10135.000000;10513.000000;0.000000;14013.000000;10445.000000;0.000000;214.173035
207.000000;10135.000000;10811.000000;0.000000;11874.000000;10445.000000;0.000000;215.450180
208.000000;10135.000000;11192.000000;0.000000;49415.000000;10445.000000;0.000000;216.724731
209.000000;10135.000000;11563.000000;0.000000;21126.000000;10445.000000;0.000000;218.003220
210.000000;10135.000000;9773.000000;0.000000;12253.000000;10445.000000;0.000000;219.275726
211.000000;10135.000000;10328.000000;0.000000;19297.000000;10445.000000;0.000000;220.609329
212.000000;10135.000000;10850.000000;0.000000;16328.000000;10445.000000;0.000000;221.900055
213.000000;10135.000000;10829.000000;0.000000;14330.000000;10445.000000;0.000000;223.189468
214.000000;10135.000000;11350.000000;0.000000;38360.000000;10445.000000;0.000000;224.502441
215.000000;10135.000000;11785.000000;0.000000;26008.000000;10445.000000;0.000000;225.799210
216.000000;10135.000000;9913.000000;0.000000;14912.000000;10445.000000;0.000000;226.958191
217.000000;10135.000000;11004.000000;0.000000;19509.000000;10445.000000;0.000000;228.099319
218.000000;10135.000000;11946.000000;0.000000;43832.000000;10445.000000;0.000000;229.239914
219.000000;10135.000000;9649.000000;0.000000;16923.000000;10445.000000;0.000000;230.406082
220.000000;10135.000000;12192.000000;0.000000;48103.000000;10445.000000;0.000000;231.554657
221.000000;10135.000000;11497.000000;0.000000;50491.000000;10445.000000;0.000000;232.957291
222.000000;10135.000000;11343.000000;0.000000;33616.000000;10445.000000;0.000000;234.232513
223.000000;10135.000000;12219.000000;0.000000;66407.000000;10445.000000;0.000000;235.505356
224.000000;10135.000000;10690.000000;0.000000;14300.000000;10445.000000;0.000000;236.786163
225.000000;10135.000000;11231.000000;0.000000;44352.000000;10445.000000;0.000000;238.084396
226.000000;10135.000000;10888.000000;0.000000;21344.000000;10445.000000;0.000000;239.381927
227.000000;10135.000000;10920.000000;0.000000;35788.000000;10445.000000;0.000000;240.699036
228.000000;10135.000000;10566.000000;0.000000;14157.000000;10445.000000;0.000000;241.998993
229.000000;10135.000000;10995.000000;0.000000;29629.000000;10445.000000;0.000000;243.297943
230.000000;10135.000000;12256.000000;0.000000;48422.000000;10445.000000;0.000000;244.590866
231.000000;10135.000000;11309.000000;0.000000;27122.000000;10445.000000;0.000000;245.886307
232.000000;10135.000000;11129.000000;0.000000;24453.000000;10445.000000;0.000000;247.183548
233.000000;10135.000000;10376.000000;0.000000;14795.000000;10445.000000;0.000000;248.483154
234.000000;10135.000000;12037.000000;0.000000;48502.000000;10445.000000;0.000000;249.778046
235.000000;10135.000000;10463.000000;0.000000;25614.000000;10445.000000;0.000000;251.097977
236.000000;10135.000000;10043.000000;0.000000;30274.000000;10445.000000;0.000000;252.399323
237.000000;10135.000000;12268.000000;0.000000;39581.000000;10445.000000;0.000000;253.738007
238.000000;10135.000000;10735.000000;0.000000;11840.000000;10445.000000;0.000000;255.051575
239.000000;10135.000000;10930.000000;0.000000;22074.000000;10445.000000;0.000000;256.362061
240.000000;10135.000000;10981.000000;0.000000;20646.000000;10445.000000;0.000000;257.671967
241.000000;10135.000000;11357.000000;0.000000;13254.000000;10445.000000;0.000000;259.121033
242.000000;10135.000000;10344.000000;0.000000;14889.000000;10445.000000;0.000000;260.421021
243.000000;10135.000000;12154.000000;0.000000;42984.000000;10445.000000;0.000000;261.713257
244.000000;10135.000000;9996.000000;0.000000;25124.000000;10445.000000;0.000000;263.014343
245.000000;10135.000000;9457.000000;0.000000;24991.000000;10445.000000;0.000000;264.314301
246.000000;10135.000000;13191.000000;0.000000;101102.000000;10445.000000;0.000000;265.612854
247.000000;10135.000000;10380.000000;0.000000;56839.000000;10445.000000;0.000000;266.910400
248.000000;10135.000000;10967.000000;0.000000;41894.000000;10445.000000;0.000000;268.209106
249.000000;10135.000000;10378.000000;0.000000;16017.000000;10445.000000;0.000000;269.518738
250.000000;10135.000000;13208.000000;0.000000;88406.000000;10445.000000;0.000000;270.855042
251.000000;10135.000000;10694.000000;0.000000;51859.000000;10445.000000;0.000000;272.214355
252.000000;10135.000000;11051.000000;0.000000;27656.000000;10445.000000;0.000000;273.541351
253.000000;10135.000000;12104.000000;0.000000;57590.000000;10445.000000;0.000000;274.865906
254.000000;10135.000000;12289.000000;0.000000;48435.000000;10445.000000;0.000000;276.191406
255.000000;10135.000000;10572.000000;0.000000;15563.000000;10445.000000;0.000000;277.450806
256.000000;10135.000000;12088.000000;0.000000;43083.000000;10445.000000;0.000000;278.621429
257.000000;10135.000000;11618.000000;0.000000;44035.000000;10445.000000;0.000000;279.788910
258.000000;10135.000000;10481.000000;0.000000;17892.000000;10445.000000;0.000000;280.980530
259.000000;10135.000000;10545.000000;0.000000;14417.000000;10445.000000;0.000000;282.141541
260.000000;10135.000000;11638.000000;0.000000;33793.000000;10445.000000;0.000000;283.303162
261.000000;10135.000000;12444.000000;0.000000;58876.000000;10445.000000;0.000000;284.775604
262.000000;10135.000000;11409.000000;0.000000;29340.000000;10445.000000;0.000000;286.077301
263.000000;10135.000000;11133.000000;0.000000;23163.000000;10445.000000;0.000000;287.365814
264.000000;10135.000000;11141.000000;0.000000;27348.000000;10445.000000;0.000000;288.665436
265.000000;10135.000000;10844.000000;0.000000;24930.000000;10445.000000;0.000000;289.967743
266.000000;10135.000000;10149.000000;0.000000;19569.000000;10445.000000;0.000000;291.303223
267.000000;10135.000000;10858.000000;0.000000;12722.000000;10445.000000;0.000000;292.616241
268.000000;10135.000000;9380.000000;0.000000;32235.000000;10445.000000;0.000000;294.030060
269.000000;10135.000000;10673.000000;0.000000;9934.000000;10445.000000;0.000000;295.528625
270.000000;10135.000000;9908.000000;0.000000;17192.000000;10445.000000;0.000000;296.930786
271.000000;10135.000000;11759.000000;0.000000;43831.000000;10445.000000;0.000000;298.331024
272.000000;10135.000000;10517.000000;0.000000;29215.000000;10445.000000;0.000000;299.657379
273.000000;10135.000000;11288.000000;0.000000;29723.000000;10445.000000;0.000000;301.006378
274.000000;10135.000000;10629.000000;0.000000;18856.000000;10445.000000;0.000000;302.339661
275.000000;10135.000000;11256.000000;0.000000;29376.000000;10445.000000;0.000000;303.592010
276.000000;10135.000000;11277.000000;0.000000;39148.000000;10445.000000;0.000000;304.764709
277.000000;10135.000000;11457.000000;0.000000;23779.000000;10445.000000;0.000000;305.939850
278.000000;10135.000000;10384.000000;0.000000;21362.000000;10445.000000;0.000000;307.109406
279.000000;10135.000000;10632.000000;0.000000;19401.000000;10445.000000;0.000000;308.279541
280.000000;10135.000000;10863.000000;0.000000;30018.000000;10445.000000;0.000000;309.449829
281.000000;10135.000000;11462.000000;0.000000;18492.000000;10445.000000;0.000000;310.869232
282.000000;10135.000000;10876.000000;0.000000;29536.000000;10445.000000;0.000000;312.188385
283.000000;10135.000000;12373.000000;0.000000;51911.000000;10445.000000;0.000000;313.506531
284.000000;10135.000000;10728.000000;0.000000;24753.000000;10445.000000;0.000000;314.831665
285.000000;10135.000000;11991.000000;0.000000;33689.000000;10445.000000;0.000000;316.202850
286.000000;10135.000000;10383.000000;0.000000;16964.000000;10445.000000;0.000000;317.531525
287.000000;10135.000000;9441.000000;0.000000;26609.000000;10445.000000;0.000000;318.856842
288.000000;10135.000000;9900.000000;0.000000;17261.000000;10445.000000;0.000000;320.177887
289.000000;10135.000000;10568.000000;0.000000;14613.000000;10445.000000;0.000000;321.523987
290.000000;10135.000000;9947.000000;0.000000;16261.000000;10445.000000;0.000000;322.850922
291.000000;10135.000000;11130.000000;0.000000;44246.000000;10445.000000;0.000000;324.216248
292.000000;10135.000000;9695.000000;0.000000;20277.000000;10445.000000;0.000000;325.551483
293.000000;10135.000000;10545.000000;0.000000;15175.000000;10445.000000;0.000000;326.889221
294.000000;10135.000000;11107.000000;0.000000;27815.000000;10445.000000;0.000000;328.227783
295.000000;10135.000000;11611.000000;0.000000;35989.000000;10445.000000;0.000000;329.474915
296.000000;10135.000000;11921.000000;0.000000;37370.000000;10445.000000;0.000000;330.631195
297.000000;10135.000000;9841.000000;0.000000;12977.000000;10445.000000;0.000000;331.809509
298.000000;10135.000000;10264.000000;0.000000;27882.000000;10445.000000;0.000000;332.956299
299.000000;10135.000000;11167.000000;0.000000;56918.000000;10445.000000;0.000000;334.104584
300.000000;10135.000000;11589.000000;0.000000;15534.000000;10445.000000;0.000000;335.254364
301.000000;10135.000000;11532.000000;0.000000;39067.000000;10445.000000;0.000000;336.652802
302.000000;10135.000000;11842.000000;0.000000;49111.000000;10445.000000;0.000000;338.075897
303.000000;10135.000000;11718.000000;0.000000;39386.000000;10445.000000;0.000000;339.368347
304.000000;10135.000000;10576.000000;0.000000;18416.000000;10445.000000;0.000000;340.668854
305.000000;10135.000000;11279.000000;0.000000;18453.000000;10445.000000;0.000000;341.998627
306.000000;10135.000000;10998.000000;0.000000;32770.000000;10445.000000;0.000000;343.296692
307.000000;10135.000000;11356.000000;0.000000;23709.000000;10445.000000;0.000000;344.622375
308.000000;10135.000000;9213.000000;0.000000;15379.000000;10445.000000;0.000000;345.954559
309.000000;10135.000000;11588.000000;0.000000;31604.000000;10445.000000;0.000000;347.254028
310.000000;10135.000000;10867.000000;0.000000;16863.000000;10445.000000;0.000000;348.543884
311.000000;10135.000000;11796.000000;0.000000;58550.000000;10445.000000;0.000000;349.831970
312.000000;10135.000000;11931.000000;0.000000;38320.000000;10445.000000;0.000000;351.147736
313.000000;10135.000000;10688.000000;0.000000;19861.000000;10445.000000;0.000000;352.440063
314.000000;10135.000000;12824.000000;0.000000;39675.000000;10445.000000;0.000000;353.728912
315.000000;10135.000000;11449.000000;0.000000;21378.000000;10445.000000;0.000000;355.025177
316.000000;10135.000000;11177.000000;0.000000;11497.000000;10445.000000;0.000000;356.357635
317.000000;10135.000000;10378.000000;0.000000;23772.000000;10445.000000;0.000000;357.673706
318.000000;10135.000000;13154.000000;0.000000;65050.000000;10445.000000;0.000000;358.965881
319.000000;10135.000000;10367.000000;0.000000;14632.000000;10445.000000;0.000000;360.253296
320.000000;10135.000000;11441.000000;0.000000;19542.000000;10445.000000;0.000000;361.501740
321.000000;10135.000000;9930.000000;0.000000;20174.000000;10445.000000;0.000000;362.883392
322.000000;10135.000000;11472.000000;0.000000;49420.000000;10445.000000;0.000000;364.152863
323.000000;10135.000000;9634.000000;0.000000;33495.000000;10445.000000;0.000000;365.414520
324.000000;10135.000000;10678.000000;0.000000;18829.000000;10445.000000;0.000000;366.691986
325.000000;10135.000000;10075.000000;0.000000;19863.000000;10445.000000;0.000000;367.969666
326.000000;10135.000000;11716.000000;0.000000;25920.000000;10445.000000;0.000000;369.244141
327.000000;10135.000000;9687.000000;0.000000;34712.000000;10445.000000;0.000000;370.519043
328.000000;10135.000000;12185.000000;0.000000;39109.000000;10445.000000;0.000000;371.819672
329.000000;10135.000000;11960.000000;0.000000;57561.000000;10445.000000;0.000000;373.100647
330.000000;10135.000000;11913.000000;0.000000;44749.000000;10445.000000;0.000000;374.376373
331.000000;10135.000000;12038.000000;0.000000;50938.000000;10445.000000;0.000000;375.682007
332.000000;10135.000000;11404.000000;0.000000;23676.000000;10445.000000;0.000000;376.973175
333.000000;10135.000000;11001.000000;0.000000;15323.000000;10445.000000;0.000000;378.261322
334.000000;10135.000000;10395.000000;0.000000;20219.000000;10445.000000;0.000000;379.548340
335.000000;10135.000000;11239.000000;0.000000;30929.000000;10445.000000;0.000000;380.831970
336.000000;10135.000000;10244.000000;0.000000;19486.000000;10445.000000;0.000000;382.027893
337.000000;10135.000000;11911.000000;0.000000;55736.000000;10445.000000;0.000000;383.158722
338.000000;10135.000000;10444.000000;0.000000;16744.000000;10445.000000;0.000000;384.283447
339.000000;10135.000000;11946.000000;0.000000;34015.000000;10445.000000;0.000000;385.411041
340.000000;10135.000000;9726.000000;0.000000;20672.000000;10445.000000;0.000000;386.599396
341.000000;10135.000000;11515.000000;0.000000;21646.000000;10445.000000;0.000000;387.981750
342.000000;10135.000000;13309.000000;0.000000;99312.000000;10445.000000;0.000000;389.268097
343.000000;10135.000000;11377.000000;0.000000;17374.000000;10445.000000;0.000000;390.538879
344.000000;10135.000000;11338.000000;0.000000;37112.000000;10445.000000;0.000000;391.849213
345.000000;10135.000000;10819.000000;0.000000;17325.000000;10445.000000;0.000000;393.138000
346.000000;10135.000000;10203.000000;0.000000;15518.000000;10445.000000;0.000000;394.428864
347.000000;10135.000000;10334.000000;0.000000;13675.000000;10445.000000;0.000000;395.722534
348.000000;10135.000000;10146.000000;0.000000;13558.000000;10445.000000;0.000000;397.011047
349.000000;10135.000000;11664.000000;0.000000;51273.000000;10445.000000;0.000000;398.303253
350.000000;10135.000000;11859.000000;0.000000;51627.000000;10445.000000;0.000000;399.589600
351.000000;10135.000000;11578.000000;0.000000;31038.000000;10445.000000;0.000000;400.927094
352.000000;10135.000000;11583.000000;0.000000;36471.000000;10445.000000;0.000000;402.251099
353.000000;10135.000000;10205.000000;0.000000;22160.000000;10445.000000;0.000000;403.554077
354.000000;10135.000000;11421.000000;0.000000;47221.000000;10445.000000;0.000000;404.932343
355.000000;10135.000000;10213.000000;0.000000;24470.000000;10445.000000;0.000000;406.218445
356.000000;10135.000000;11370.000000;0.000000;42044.000000;10445.000000;0.000000;407.359253
357.000000;10135.000000;11394.000000;0.000000;29377.000000;10445.000000;0.000000;408.492798
358.000000;10135.000000;10032.000000;0.000000;9294.000000;10445.000000;0.000000;409.625214
359.000000;10135.000000;10859.000000;0.000000;54652.000000;10445.000000;0.000000;410.767517
360.000000;10135.000000;10238.000000;0.000000;29101.000000;10445.000000;0.000000;411.941101
361.000000;10135.000000;10682.000000;0.000000;19425.000000;10445.000000;0.000000;413.404541
362.000000;10135.000000;10525.000000;0.000000;16935.000000;10445.000000;0.000000;414.678589
363.000000;10135.000000;10528.000000;0.000000;28313.000000;10445.000000;0.000000;415.990448
364.000000;10135.000000;10145.000000;0.000000;9398.000000;10445.000000;0.000000;417.278412
365.000000;10135.000000;10066.000000;0.000000;12197.000000;10445.000000;0.000000;418.567902
366.000000;10135.000000;11389.000000;0.000000;28908.000000;10445.000000;0.000000;419.864502
367.000000;10135.000000;10384.000000;0.000000;19363.000000;10445.000000;0.000000;421.159637
368.000000;10135.000000;11755.000000;0.000000;25888.000000;10445.000000;0.000000;422.476105
369.000000;10135.000000;11845.000000;0.000000;47059.000000;10445.000000;0.000000;423.781097
370.000000;10135.000000;10304.000000;0.000000;16239.000000;10445.000000;0.000000;425.078369
371.000000;10135.000000;9904.000000;0.000000;14678.000000;10445.000000;0.000000;426.409973
372.000000;10135.000000;11624.000000;0.000000;34199.000000;10445.000000;0.000000;427.725739
373.000000;10135.000000;10480.000000;0.000000;21270.000000;10445.000000;0.000000;429.040588
374.000000;10135.000000;10535.000000;0.000000;22782.000000;10445.000000;0.000000;430.349304
375.000000;10135.000000;9019.000000;0.000000;32314.000000;10445.000000;0.000000;431.681793
376.000000;10135.000000;10936.000000;0.000000;42181.000000;10445.000000;0.000000;432.855286
377.000000;10135.000000;11490.000000;0.000000;16382.000000;10445.000000;0.000000;434.009613
378.000000;10135.000000;10760.000000;0.000000;24199.000000;10445.000000;0.000000;435.266968
379.000000;10135.000000;10223.000000;0.000000;12780.000000;10445.000000;0.000000;436.483215
380.000000;10135.000000;11362.000000;0.000000;22902.000000;10445.000000;0.000000;437.873962
381.000000;10135.000000;11159.000000;0.000000;12536.000000;10445.000000;0.000000;439.562714
382.000000;10135.000000;10263.000000;0.000000;18756.000000;10445.000000;0.000000;440.845428
383.000000;10135.000000;11442.000000;0.000000;54294.000000;10445.000000;0.000000;442.186432
384.000000;10135.000000;10503.000000;0.000000;19752.000000;10445.000000;0.000000;443.482147
385.000000;10135.000000;10164.000000;0.000000;13653.000000;10445.000000;0.000000;444.778748
386.000000;10135.000000;9503.000000;0.000000;13980.000000;10445.000000;0.000000;446.078827
387.000000;10135.000000;11224.000000;0.000000;39650.000000;10445.000000;0.000000;447.379028
388.000000;10135.000000;11300.000000;0.000000;28309.000000;10445.000000;0.000000;448.683014
389.000000;10135.000000;12063.000000;0.000000;27022.000000;10445.000000;0.000000;449.992767
390.000000;10135.000000;11315.000000;0.000000;18023.000000;10445.000000;0.000000;451.306793
391.000000;10135.000000;11048.000000;0.000000;22588.000000;10445.000000;0.000000;452.690552
392.000000;10135.000000;10576.000000;0.000000;26697.000000;10445.000000;0.000000;454.017609
393.000000;10135.000000;9207.000000;0.000000;32435.000000;10445.000000;0.000000;455.350342
394.000000;10135.000000;10288.000000;0.000000;14981.000000;10445.000000;0.000000;456.676208
395.000000;10135.000000;10051.000000;0.000000;21569.000000;10445.000000;0.000000;457.952942
396.000000;10135.000000;10299.000000;0.000000;17900.000000;10445.000000;0.000000;459.122650
397.000000;10135.000000;9876.000000;0.000000;10913.000000;10445.000000;0.000000;460.289490
398.000000;10135.000000;10442.000000;0.000000;24695.000000;10445.000000;0.000000;461.456757
399.000000;10135.000000;11897.000000;0.000000;28820.000000;10445.000000;0.000000;462.651428
400.000000;10135.000000;11012.000000;0.000000;15343.000000;10445.000000;0.000000;463.817841
401.000000;10135.000000;10066.000000;0.000000;19803.000000;10445.000000;0.000000;465.292725
402.000000;10135.000000;10311.000000;0.000000;20265.000000;10445.000000;0.000000;466.590363
403.000000;10135.000000;10578.000000;0.000000;17298.000000;10445.000000;0.000000;467.887024
404.000000;10135.000000;10098.000000;0.000000;21248.000000;10445.000000;0.000000;469.198669
405.000000;10135.000000;10308.000000;0.000000;15545.000000;10445.000000;0.000000;470.507294
406.000000;10135.000000;11188.000000;0.000000;51783.000000;10445.000000;0.000000;471.855499
407.000000;10135.000000;12234.000000;0.000000;75175.000000;10445.000000;0.000000;473.170044
408.000000;10135.000000;12430.000000;0.000000;51989.000000;10445.000000;0.000000;474.478577
409.000000;10135.000000;12347.000000;0.000000;39146.000000;10445.000000;0.000000;475.784088
410.000000;10135.000000;11335.000000;0.000000;41028.000000;10445.000000;0.000000;477.092377
411.000000;10135.000000;10616.000000;0.000000;28894.000000;10445.000000;0.000000;478.452209
412.000000;10135.000000;9854.000000;0.000000;30605.000000;10445.000000;0.000000;479.791534
413.000000;10135.000000;10376.000000;0.000000;23767.000000;10445.000000;0.000000;481.130890
414.000000;10135.000000;10216.000000;0.000000;23620.000000;10445.000000;0.000000;482.507538
415.000000;10135.000000;10942.000000;0.000000;25603.000000;10445.000000;0.000000;483.778076
416.000000;10135.000000;11113.000000;0.000000;33482.000000;10445.000000;0.000000;484.949615
417.000000;10135.000000;11804.000000;0.000000;35567.000000;10445.000000;0.000000;486.125519
418.000000;10135.000000;11861.000000;0.000000;25248.000000;10445.000000;0.000000;487.298889
419.000000;10135.000000;12251.000000;0.000000;79679.000000;10445.000000;0.000000;488.493134
420.000000;10135.000000;9600.000000;0.000000;46432.000000;10445.000000;0.000000;489.668793
421.000000;10135.000000;10683.000000;0.000000;9343.000000;10445.000000;0.000000;491.105988
422.000000;10135.000000;10017.000000;0.000000;21502.000000;10445.000000;0.000000;492.452789
423.000000;10135.000000;10999.000000;0.000000;40113.000000;10445.000000;0.000000;493.782623
424.000000;10135.000000;10782.000000;0.000000;16419.000000;10445.000000;0.000000;495.121368
425.000000;10135.000000;10751.000000;0.000000;22797.000000;10445.000000;0.000000;496.451416
426.000000;10135.000000;10679.000000;0.000000;23657.000000;10445.000000;0.000000;497.788025
427.000000;10135.000000;9776.000000;0.000000;22008.000000;10445.000000;0.000000;499.116333
428.000000;10135.000000;11715.000000;0.000000;55710.000000;10445.000000;0.000000;500.440918
429.000000;10135.000000;9975.000000;0.000000;19438.000000;10445.000000;0.000000;501.769592
430.000000;10135.000000;11260.000000;0.000000;28065.000000;10445.000000;0.000000;503.122192
431.000000;10135.000000;9831.000000;0.000000;14901.000000;10445.000000;0.000000;504.500092
432.000000;10135.000000;10350.000000;0.000000;16491.000000;10445.000000;0.000000;505.844421
433.000000;10135.000000;10148.000000;0.000000;29331.000000;10445.000000;0.000000;507.191528
434.000000;10135.000000;11777.000000;0.000000;37316.000000;10445.000000;0.000000;508.522705
435.000000;10135.000000;9978.000000;0.000000;18259.000000;10445.000000;0.000000;509.795166
436.000000;10135.000000;12689.000000;0.000000;59666.000000;10445.000000;0.000000;510.962067
437.000000;10135.000000;10112.000000;0.000000;25545.000000;10445.000000;0.000000;512.146301
438.000000;10135.000000;11729.000000;0.000000;50724.000000;10445.000000;0.000000;513.308167
439.000000;10135.000000;9922.000000;0.000000;32851.000000;10445.000000;0.000000;514.465881
440.000000;10135.000000;10805.000000;0.000000;19526.000000;10445.000000;0.000000;515.623413
441.000000;10135.000000;10239.000000;0.000000;15742.000000;10445.000000;0.000000;517.041809
442.000000;10135.000000;10704.000000;0.000000;21492.000000;10445.000000;0.000000;518.345032
443.000000;10135.000000;10980.000000;0.000000;17823.000000;10445.000000;0.000000;519.632874
444.000000;10135.000000;11145.000000;0.000000;41222.000000;10445.000000;0.000000;520.933167
445.000000;10135.000000;11845.000000;0.000000;31602.000000;10445.000000;0.000000;522.257202
446.000000;10135.000000;10547.000000;0.000000;14904.000000;10445.000000;0.000000;523.559875
447.000000;10135.000000;10401.000000;0.000000;41827.000000;10445.000000;0.000000;525.046082
448.000000;10135.000000;9951.000000;0.000000;38077.000000;10445.000000;0.000000;526.400818
449.000000;10135.000000;10989.000000;0.000000;22239.000000;10445.000000;0.000000;527.691162
450.000000;10135.000000;11180.000000;0.000000;26446.000000;10445.000000;0.000000;528.981445
451.000000;10135.000000;11046.000000;0.000000;32076.000000;10445.000000;0.000000;530.270020
452.000000;10135.000000;11136.000000;0.000000;41395.000000;10445.000000;0.000000;531.562073
453.000000;10135.000000;9306.000000;0.000000;16254.000000;10445.000000;0.000000;532.888611
454.000000;10135.000000;11163.000000;0.000000;37191.000000;10445.000000;0.000000;534.182800
455.000000;10135.000000;10416.000000;0.000000;14411.000000;10445.000000;0.000000;535.493835
456.000000;10135.000000;11012.000000;0.000000;26679.000000;10445.000000;0.000000;536.811462
457.000000;10135.000000;10689.000000;0.000000;40651.000000;10445.000000;0.000000;538.120483
458.000000;10135.000000;10347.000000;0.000000;33931.000000;10445.000000;0.000000;539.409546
459.000000;10135.000000;11297.000000;0.000000;46428.000000;10445.000000;0.000000;540.704285
460.000000;10135.000000;10176.000000;0.000000;24634.000000;10445.000000;0.000000;541.917847
461.000000;10135.000000;10452.000000;0.000000;15474.000000;10445.000000;0.000000;543.328918
462.000000;10135.000000;9603.000000;0.000000;32567.000000;10445.000000;0.000000;544.591858
463.000000;10135.000000;11451.000000;0.000000;13253.000000;10445.000000;0.000000;545.846558
464.000000;10135.000000;10052.000000;0.000000;35720.000000;10445.000000;0.000000;547.113770
465.000000;10135.000000;11932.000000;0.000000;31931.000000;10445.000000;0.000000;548.448730
466.000000;10135.000000;11288.000000;0.000000;23224.000000;10445.000000;0.000000;549.721741
467.000000;10135.000000;9817.000000;0.000000;23996.000000;10445.000000;0.000000;550.995483
468.000000;10135.000000;10577.000000;0.000000;22932.000000;10445.000000;0.000000;552.313965
469.000000;10135.000000;11054.000000;0.000000;36966.000000;10445.000000;0.000000;553.593628
470.000000;10135.000000;12883.000000;0.000000;90564.000000;10445.000000;0.000000;554.879028
471.000000;10135.000000;10190.000000;0.000000;19421.000000;10445.000000;0.000000;556.195801
472.000000;10135.000000;12320.000000;0.000000;56425.000000;10445.000000;0.000000;557.478088
473.000000;10135.000000;10721.000000;0.000000;19852.000000;10445.000000;0.000000;558.764954
474.000000;10135.000000;11200.000000;0.000000;29216.000000;10445.000000;0.000000;560.042664
475.000000;10135.000000;10066.000000;0.000000;20678.000000;10445.000000;0.000000;561.328186
476.000000;10135.000000;11730.000000;0.000000;34600.000000;10445.000000;0.000000;562.520569
477.000000;10135.000000;9043.000000;0.000000;50405.000000;10445.000000;0.000000;563.652039
478.000000;10135.000000;10300.000000;0.000000;12822.000000;10445.000000;0.000000;564.787170
479.000000;10135.000000;10591.000000;0.000000;23806.000000;10445.000000;0.000000;565.976318
480.000000;10135.000000;10463.000000;0.000000;16384.000000;10445.000000;0.000000;567.117798
481.000000;10135.000000;9250.000000;0.000000;27818.000000;10445.000000;0.000000;568.505737
482.000000;10135.000000;9527.000000;0.000000;25836.000000;10445.000000;0.000000;569.782166
483.000000;10135.000000;11997.000000;0.000000;22744.000000;10445.000000;0.000000;571.056396
484.000000;10135.000000;9653.000000;0.000000;25168.000000;10445.000000;0.000000;572.361511
485.000000;10135.000000;11673.000000;0.000000;34238.000000;10445.000000;0.000000;573.658325
486.000000;10135.000000;11181.000000;0.000000;34628.000000;10445.000000;0.000000;574.944824
487.000000;10135.000000;11592.000000;0.000000;36208.000000;10445.000000;0.000000;576.230225
488.000000;10135.000000;12078.000000;0.000000;31332.000000;10445.000000;0.000000;577.514160
489.000000;10135.000000;10506.000000;0.000000;15002.000000;10445.000000;0.000000;578.805054
490.000000;10135.000000;10058.000000;0.000000;16327.000000;10445.000000;0.000000;580.087463
491.000000;10135.000000;12324.000000;0.000000;55454.000000;10445.000000;0.000000;581.412659
492.000000;10135.000000;10861.000000;0.000000;30285.000000;10445.000000;0.000000;582.749207
493.000000;10135.000000;11061.000000;0.000000;24358.000000;10445.000000;0.000000;584.073486
494.000000;10135.000000;11371.000000;0.000000;38548.000000;10445.000000;0.000000;585.382019
495.000000;10135.000000;10670.000000;0.000000;24175.000000;10445.000000;0.000000;586.681091
496.000000;10135.000000;11241.000000;0.000000;61000.000000;10445.000000;0.000000;587.827393
497.000000;10135.000000;10497.000000;0.000000;18557.000000;10445.000000;0.000000;588.965210
498.000000;10135.000000;12258.000000;0.000000;26692.000000;10445.000000;0.000000;590.101868
499.000000;10135.000000;10500.000000;0.000000;16514.000000;10445.000000;0.000000;591.241699
500.000000;10135.000000;10553.000000;0.000000;31391.000000;10445.000000;0.000000;592.389160
501.000000;10135.000000;10922.000000;0.000000;17028.000000;10445.000000;0.000000;593.816101
502.000000;10135.000000;11767.000000;0.000000;41738.000000;10445.000000;0.000000;595.096252
503.000000;10135.000000;11573.000000;0.000000;15620.000000;10445.000000;0.000000;596.368164
504.000000;10135.000000;11063.000000;0.000000;20559.000000;10445.000000;0.000000;597.651184
505.000000;10135.000000;10202.000000;0.000000;16790.000000;10445.000000;0.000000;598.950623
506.000000;10135.000000;13091.000000;0.000000;49557.000000;10445.000000;0.000000;600.250610
507.000000;10135.000000;10268.000000;0.000000;23272.000000;10445.000000;0.000000;601.545776
508.000000;10135.000000;10886.000000;0.000000;18119.000000;10445.000000;0.000000;602.869568
509.000000;10135.000000;9712.000000;0.000000;16713.000000;10445.000000;0.000000;604.167053
510.000000;10135.000000;11858.000000;0.000000;39269.000000;10445.000000;0.000000;605.459778
511.000000;10135.000000;9860.000000;0.000000;24199.000000;10445.000000;0.000000;606.791565
512.000000;10135.000000;11025.000000;0.000000;14572.000000;10445.000000;0.000000;608.118408
513.000000;10135.000000;11207.000000;0.000000;31541.000000;10445.000000;0.000000;609.440308
514.000000;10135.000000;11263.000000;0.000000;41687.000000;10445.000000;0.000000;610.749939
515.000000;10135.000000;11499.000000;0.000000;34113.000000;10445.000000;0.000000;612.065063
516.000000;10135.000000;10896.000000;0.000000;21184.000000;10445.000000;0.000000;613.269897
517.000000;10135.000000;11736.000000;0.000000;35779.000000;10445.000000;0.000000;614.553101
518.000000;10135.000000;9966.000000;0.000000;14110.000000;10445.000000;0.000000;615.728516
519.000000;10135.000000;9440.000000;0.000000;26416.000000;10445.000000;0.000000;616.886292
520.000000;10135.000000;10556.000000;0.000000;15024.000000;10445.000000;0.000000;618.045105
521.000000;10135.000000;10426.000000;0.000000;34108.000000;10445.000000;0.000000;619.464050
522.000000;10135.000000;10846.000000;0.000000;18571.000000;10445.000000;0.000000;620.752441
523.000000;10135.000000;12103.000000;0.000000;41765.000000;10445.000000;0.000000;622.032349
524.000000;10135.000000;11336.000000;0.000000;28216.000000;10445.000000;0.000000;623.356201
525.000000;10135.000000;12905.000000;0.000000;61117.000000;10445.000000;0.000000;624.666809
526.000000;10135.000000;11344.000000;0.000000;45789.000000;10445.000000;0.000000;625.962891
527.000000;10135.000000;9755.000000;0.000000;25558.000000;10445.000000;0.000000;627.262512
528.000000;10135.000000;11434.000000;0.000000;40792.000000;10445.000000;0.000000;628.564331
529.000000;10135.000000;11171.000000;0.000000;34082.000000;10445.000000;0.000000;629.872253
530.000000;10135.000000;10994.000000;0.000000;34415.000000;10445.000000;0.000000;631.192078
531.000000;10135.000000;10656.000000;0.000000;28989.000000;10445.000000;0.000000;632.545532
532.000000;10135.000000;11298.000000;0.000000;33491.000000;10445.000000;0.000000;633.898743
533.000000;10135.000000;9392.000000;0.000000;21055.000000;10445.000000;0.000000;635.224915
534.000000;10135.000000;10866.000000;0.000000;23831.000000;10445.000000;0.000000;636.560547
535.000000;10135.000000;10099.000000;0.000000;35445.000000;10445.000000;0.000000;637.945557
536.000000;10135.000000;11273.000000;0.000000;28441.000000;10445.000000;0.000000;639.159851
537.000000;10135.000000;9505.000000;0.000000;42442.000000;10445.000000;0.000000;640.322327
538.000000;10135.000000;10202.000000;0.000000;18388.000000;10445.000000;0.000000;641.493408
539.000000;10135.000000;9484.000000;0.000000;15128.000000;10445.000000;0.000000;642.664185
540.000000;10135.000000;11106.000000;0.000000;17512.000000;10445.000000;0.000000;643.886780
541.000000;10135.000000;12178.000000;0.000000;100205.000000;10445.000000;0.000000;645.512756
542.000000;10135.000000;12601.000000;0.000000;40840.000000;10445.000000;0.000000;646.844421
543.000000;10135.000000;9667.000000;0.000000;19117.000000;10445.000000;0.000000;648.157715
544.000000;10135.000000;10334.000000;0.000000;30901.000000;10445.000000;0.000000;649.459290
545.000000;10135.000000;11256.000000;0.000000;36518.000000;10445.000000;0.000000;650.764465
546.000000;10135.000000;10615.000000;0.000000;16004.000000;10445.000000;0.000000;652.069946
547.000000;10135.000000;11057.000000;0.000000;33195.000000;10445.000000;0.000000;653.419312
548.000000;10135.000000;10557.000000;0.000000;15259.000000;10445.000000;0.000000;654.730103
549.000000;10135.000000;11210.000000;0.000000;36660.000000;10445.000000;0.000000;656.037476
550.000000;10135.000000;11582.000000;0.000000;28804.000000;10445.000000;0.000000;657.353210
551.000000;10135.000000;11475.000000;0.000000;26269.000000;10445.000000;0.000000;658.711914
552.000000;10135.000000;10849.000000;0.000000;25369.000000;10445.000000;0.000000;660.048706
553.000000;10135.000000;11307.000000;0.000000;25806.000000;10445.000000;0.000000;661.387573
554.000000;10135.000000;10383.000000;0.000000;18063.000000;10445.000000;0.000000;662.724548
555.000000;10135.000000;12160.000000;0.000000;48770.000000;10445.000000;0.000000;664.036987
556.000000;10135.000000;11053.000000;0.000000;16766.000000;10445.000000;0.000000;665.213440
557.000000;10135.000000;12317.000000;0.000000;43765.000000;10445.000000;0.000000;666.385803
558.000000;10135.000000;11095.000000;0.000000;26348.000000;10445.000000;0.000000;667.626953
559.000000;10135.000000;10518.000000;0.000000;24324.000000;10445.000000;0.000000;668.917908
560.000000;10135.000000;10306.000000;0.000000;25205.000000;10445.000000;0.000000;670.262878
561.000000;10135.000000;10902.000000;0.000000;29742.000000;10445.000000;0.000000;672.110413
562.000000;10135.000000;12026.000000;0.000000;35749.000000;10445.000000;0.000000;674.234924
563.000000;10135.000000;10491.000000;0.000000;44396.000000;10445.000000;0.000000;676.145203
564.000000;10135.000000;11268.000000;0.000000;24829.000000;10445.000000;0.000000;678.168335
565.000000;10135.000000;10988.000000;0.000000;31911.000000;10445.000000;0.000000;680.071716
566.000000;10135.000000;12025.000000;0.000000;49426.000000;10445.000000;0.000000;681.944885
567.000000;10135.000000;9837.000000;0.000000;55856.000000;10445.000000;0.000000;683.863647
568.000000;10135.000000;11481.000000;0.000000;28156.000000;10445.000000;0.000000;685.903259
569.000000;10135.000000;12317.000000;0.000000;53267.000000;10445.000000;0.000000;688.148621
570.000000;10135.000000;10048.000000;0.000000;21249.000000;10445.000000;0.000000;690.250000
571.000000;10135.000000;10569.000000;0.000000;15622.000000;10445.000000;0.000000;692.331177
572.000000;10135.000000;9852.000000;0.000000;15448.000000;10445.000000;0.000000;694.331299
573.000000;10135.000000;12218.000000;0.000000;62187.000000;10445.000000;0.000000;696.456543
574.000000;10135.000000;12273.000000;0.000000;53435.000000;10445.000000;0.000000;698.608154
575.000000;10135.000000;11655.000000;0.000000;45747.000000;10445.000000;0.000000;700.718689
576.000000;10135.000000;10659.000000;0.000000;16757.000000;10445.000000;0.000000;702.825378
577.000000;10135.000000;10367.000000;0.000000;19064.000000;10445.000000;0.000000;704.538391
578.000000;10135.000000;11780.000000;0.000000;42112.000000;10445.000000;0.000000;705.939697
579.000000;10135.000000;10398.000000;0.000000;22075.000000;10445.000000;0.000000;707.767151
580.000000;10135.000000;10784.000000;0.000000;19287.000000;10445.000000;0.000000;709.817383
581.000000;10135.000000;9442.000000;0.000000;18721.000000;10445.000000;0.000000;711.931458
582.000000;10135.000000;12580.000000;0.000000;85401.000000;10445.000000;0.000000;713.747131
583.000000;10135.000000;11679.000000;0.000000;21520.000000;10445.000000;0.000000;715.773865
584.000000;10135.000000;10343.000000;0.000000;22632.000000;10445.000000;0.000000;717.830566
585.000000;10135.000000;10939.000000;0.000000;31877.000000;10445.000000;0.000000;719.938538
586.000000;10135.000000;10640.000000;0.000000;21665.000000;10445.000000;0.000000;722.039734
587.000000;10135.000000;11397.000000;0.000000;32651.000000;10445.000000;0.000000;724.199585
588.000000;10135.000000;10254.000000;0.000000;25787.000000;10445.000000;0.000000;726.243225
589.000000;10135.000000;12323.000000;0.000000;82368.000000;10445.000000;0.000000;728.363464
590.000000;10135.000000;12388.000000;0.000000;66267.000000;10445.000000;0.000000;730.294250
591.000000;10135.000000;9673.000000;0.000000;8936.000000;10445.000000;0.000000;732.149902
592.000000;10135.000000;11868.000000;0.000000;38712.000000;10445.000000;0.000000;734.030151
593.000000;10135.000000;10766.000000;0.000000;10859.000000;10445.000000;0.000000;735.854431
594.000000;10135.000000;10700.000000;0.000000;14693.000000;10445.000000;0.000000;737.532715
595.000000;10135.000000;9539.000000;0.000000;10191.000000;10445.000000;0.000000;739.351379
596.000000;10135.000000;10334.000000;0.000000;33958.000000;10445.000000;0.000000;741.161072
597.000000;10135.000000;10486.000000;0.000000;15997.000000;10445.000000;0.000000;742.974182
598.000000;10135.000000;9903.000000;0.000000;30169.000000;10445.000000;0.000000;744.809265
599.000000;10135.000000;11768.000000;0.000000;33658.000000;10445.000000;0.000000;746.651978
600.000000;10135.000000;11748.000000;0.000000;42459.000000;10445.000000;0.000000;748.529419
601.000000;10135.000000;10403.000000;0.000000;18492.000000;10445.000000;0.000000;750.457031
602.000000;10135.000000;10434.000000;0.000000;12846.000000;10445.000000;0.000000;752.481750
603.000000;10135.000000;12732.000000;0.000000;62046.000000;10445.000000;0.000000;754.336853
604.000000;10135.000000;10803.000000;0.000000;20579.000000;10445.000000;0.000000;756.096069
605.000000;10135.000000;11415.000000;0.000000;42527.000000;10445.000000;0.000000;757.575806
606.000000;10135.000000;10535.000000;0.000000;21557.000000;10445.000000;0.000000;758.968689
607.000000;10135.000000;12476.000000;0.000000;41098.000000;10445.000000;0.000000;760.334290
608.000000;10135.000000;8924.000000;0.000000;31043.000000;10445.000000;0.000000;761.714478
609.000000;10135.000000;11123.000000;0.000000;19778.000000;10445.000000;0.000000;763.121216
610.000000;10135.000000;12167.000000;0.000000;40979.000000;10445.000000;0.000000;764.567871
611.000000;10135.000000;9534.000000;0.000000;32849.000000;10445.000000;0.000000;765.956299
612.000000;10135.000000;11045.000000;0.000000;28734.000000;10445.000000;0.000000;767.382935
613.000000;10135.000000;11121.000000;0.000000;35083.000000;10445.000000;0.000000;768.684143
614.000000;10135.000000;11379.000000;0.000000;37295.000000;10445.000000;0.000000;769.907349
615.000000;10135.000000;10147.000000;0.000000;26575.000000;10445.000000;0.000000;771.132263
616.000000;10135.000000;10469.000000;0.000000;16994.000000;10445.000000;0.000000;772.343384
617.000000;10135.000000;10454.000000;0.000000;15190.000000;10445.000000;0.000000;773.568665
618.000000;10135.000000;11418.000000;0.000000;18443.000000;10445.000000;0.000000;774.809143
619.000000;10135.000000;10217.000000;0.000000;30329.000000;10445.000000;0.000000;776.020935
620.000000;10135.000000;10438.000000;0.000000;9931.000000;10445.000000;0.000000;777.233215
621.000000;10135.000000;12320.000000;0.000000;39840.000000;10445.000000;0.000000;778.713074
622.000000;10135.000000;10600.000000;0.000000;25138.000000;10445.000000;0.000000;780.033691
623.000000;10135.000000;11213.000000;0.000000;13617.000000;10445.000000;0.000000;781.356995
624.000000;10135.000000;9837.000000;0.000000;20527.000000;10445.000000;0.000000;782.684326
625.000000;10135.000000;10853.000000;0.000000;27729.000000;10445.000000;0.000000;784.043091
626.000000;10135.000000;9841.000000;0.000000;13961.000000;10445.000000;0.000000;785.372864
627.000000;10135.000000;10971.000000;0.000000;15975.000000;10445.000000;0.000000;786.701904
628.000000;10135.000000;10512.000000;0.000000;30599.000000;10445.000000;0.000000;788.033691
629.000000;10135.000000;10361.000000;0.000000;12503.000000;10445.000000;0.000000;789.369446
630.000000;10135.000000;12258.000000;0.000000;68178.000000;10445.000000;0.000000;790.705322
631.000000;10135.000000;9953.000000;0.000000;14163.000000;10445.000000;0.000000;792.073914
632.000000;10135.000000;9690.000000;0.000000;17787.000000;10445.000000;0.000000;793.421631
633.000000;10135.000000;10861.000000;0.000000;14925.000000;10445.000000;0.000000;794.795227
634.000000;10135.000000;11438.000000;0.000000;31850.000000;10445.000000;0.000000;796.152710
635.000000;10135.000000;9286.000000;0.000000;34154.000000;10445.000000;0.000000;797.422913
636.000000;10135.000000;10295.000000;0.000000;23656.000000;10445.000000;0.000000;798.605713
637.000000;10135.000000;11180.000000;0.000000;52976.000000;10445.000000;0.000000;799.786621
638.000000;10135.000000;10564.000000;0.000000;45517.000000;10445.000000;0.000000;800.967163
639.000000;10135.000000;10661.000000;0.000000;14021.000000;10445.000000;0.000000;802.151306
640.000000;10135.000000;11863.000000;0.000000;48932.000000;10445.000000;0.000000;803.336975
641.000000;10135.000000;10442.000000;0.000000;23278.000000;10445.000000;0.000000;804.830017
642.000000;10135.000000;11288.000000;0.000000;27103.000000;10445.000000;0.000000;806.161865
643.000000;10135.000000;13276.000000;0.000000;110705.000000;10445.000000;0.000000;807.475342
644.000000;10135.000000;11080.000000;0.000000;26993.000000;10445.000000;0.000000;808.784607
645.000000;10135.000000;10602.000000;0.000000;13859.000000;10445.000000;0.000000;810.096802
646.000000;10135.000000;10335.000000;0.000000;16770.000000;10445.000000;0.000000;811.404297
647.000000;10135.000000;9679.000000;0.000000;20679.000000;10445.000000;0.000000;812.703735
648.000000;10135.000000;11832.000000;0.000000;31992.000000;10445.000000;0.000000;814.036560
649.000000;10135.000000;10465.000000;0.000000;21837.000000;10445.000000;0.000000;815.385559
650.000000;10135.000000;10921.000000;0.000000;14723.000000;10445.000000;0.000000;816.678711
651.000000;10135.000000;10515.000000;0.000000;26789.000000;10445.000000;0.000000;817.984497
652.000000;10135.000000;11324.000000;0.000000;31514.000000;10445.000000;0.000000;819.288940
653.000000;10135.000000;11298.000000;0.000000;16117.000000;10445.000000;0.000000;820.588867
654.000000;10135.000000;9988.000000;0.000000;22723.000000;10445.000000;0.000000;821.889160
655.000000;10135.000000;12664.000000;0.000000;81285.000000;10445.000000;0.000000;823.191772
656.000000;10135.000000;10275.000000;0.000000;13358.000000;10445.000000;0.000000;824.570496
657.000000;10135.000000;11127.000000;0.000000;18279.000000;10445.000000;0.000000;825.905151
658.000000;10135.000000;10824.000000;0.000000;26538.000000;10445.000000;0.000000;827.233215
659.000000;10135.000000;14470.000000;0.000000;133739.000000;10445.000000;0.000000;828.562561
660.000000;10135.000000;10120.000000;0.000000;9922.000000;10445.000000;0.000000;829.893555
661.000000;10135.000000;10169.000000;0.000000;16787.000000;10445.000000;0.000000;831.372253
662.000000;10135.000000;10780.000000;0.000000;22756.000000;10445.000000;0.000000;832.653076
663.000000;10135.000000;12059.000000;0.000000;18093.000000;10445.000000;0.000000;833.940979
664.000000;10135.000000;11814.000000;0.000000;48696.000000;10445.000000;0.000000;835.262878
665.000000;10135.000000;11582.000000;0.000000;19125.000000;10445.000000;0.000000;836.563232
666.000000;10135.000000;12528.000000;0.000000;111975.000000;10445.000000;0.000000;837.860352
667.000000;10135.000000;10938.000000;0.000000;15622.000000;10445.000000;0.000000;839.141479
668.000000;10135.000000;9594.000000;0.000000;9066.000000;10445.000000;0.000000;840.423523
669.000000;10135.000000;11696.000000;0.000000;63506.000000;10445.000000;0.000000;841.716797
670.000000;10135.000000;10254.000000;0.000000;12962.000000;10445.000000;0.000000;843.011597
671.000000;10135.000000;11321.000000;0.000000;32883.000000;10445.000000;0.000000;844.368164
672.000000;10135.000000;10091.000000;0.000000;18755.000000;10445.000000;0.000000;845.670837
673.000000;10135.000000;11760.000000;0.000000;44942.000000;10445.000000;0.000000;846.963135
674.000000;10135.000000;13337.000000;0.000000;93977.000000;10445.000000;0.000000;848.256226
675.000000;10135.000000;10647.000000;0.000000;31650.000000;10445.000000;0.000000;849.489197
676.000000;10135.000000;11114.000000;0.000000;39124.000000;10445.000000;0.000000;850.630859
677.000000;10135.000000;11297.000000;0.000000;65195.000000;10445.000000;0.000000;851.792236
678.000000;10135.000000;11296.000000;0.000000;19193.000000;10445.000000;0.000000;852.938110
679.000000;10135.000000;12018.000000;0.000000;29996.000000;10445.000000;0.000000;854.079224
680.000000;10135.000000;9577.000000;0.000000;15736.000000;10445.000000;0.000000;855.246399
681.000000;10135.000000;10138.000000;0.000000;22110.000000;10445.000000;0.000000;856.650391
682.000000;10135.000000;11818.000000;0.000000;61504.000000;10445.000000;0.000000;857.918884
683.000000;10135.000000;11155.000000;0.000000;26163.000000;10445.000000;0.000000;859.180298
684.000000;10135.000000;10450.000000;0.000000;10358.000000;10445.000000;0.000000;860.454285
685.000000;10135.000000;10787.000000;0.000000;23928.000000;10445.000000;0.000000;861.736633
686.000000;10135.000000;9410.000000;0.000000;20694.000000;10445.000000;0.000000;863.018494
687.000000;10135.000000;10247.000000;0.000000;56031.000000;10445.000000;0.000000;864.315430
688.000000;10135.000000;10512.000000;0.000000;22403.000000;10445.000000;0.000000;865.602234
689.000000;10135.000000;12163.000000;0.000000;67985.000000;10445.000000;0.000000;866.883423
690.000000;10135.000000;10145.000000;0.000000;10102.000000;10445.000000;0.000000;868.153503
691.000000;10135.000000;13099.000000;0.000000;97497.000000;10445.000000;0.000000;869.451660
692.000000;10135.000000;9649.000000;0.000000;20458.000000;10445.000000;0.000000;870.726440
693.000000;10135.000000;9916.000000;0.000000;22425.000000;10445.000000;0.000000;872.015564
694.000000;10135.000000;9877.000000;0.000000;33635.000000;10445.000000;0.000000;873.285950
695.000000;10135.000000;12164.000000;0.000000;52777.000000;10445.000000;0.000000;874.600891
696.000000;10135.000000;9612.000000;0.000000;38593.000000;10445.000000;0.000000;875.753418
697.000000;10135.000000;10608.000000;0.000000;22609.000000;10445.000000;0.000000;876.881897
698.000000;10135.000000;11356.000000;0.000000;47366.000000;10445.000000;0.000000;878.015869
699.000000;10135.000000;10090.000000;0.000000;37378.000000;10445.000000;0.000000;879.148315
700.000000;10135.000000;9312.000000;0.000000;38460.000000;10445.000000;0.000000;880.282227
701.000000;10135.000000;11308.000000;0.000000;34508.000000;10445.000000;0.000000;881.661621
702.000000;10135.000000;11286.000000;0.000000;27196.000000;10445.000000;0.000000;882.921265
703.000000;10135.000000;10558.000000;0.000000;17406.000000;10445.000000;0.000000;884.182678
704.000000;10135.000000;10223.000000;0.000000;18295.000000;10445.000000;0.000000;885.464050
705.000000;10135.000000;11956.000000;0.000000;29465.000000;10445.000000;0.000000;886.726807
706.000000;10135.000000;9802.000000;0.000000;53019.000000;10445.000000;0.000000;887.981140
707.000000;10135.000000;10791.000000;0.000000;22765.000000;10445.000000;0.000000;889.236633
708.000000;10135.000000;10699.000000;0.000000;19614.000000;10445.000000;0.000000;890.492493
709.000000;10135.000000;10274.000000;0.000000;23470.000000;10445.000000;0.000000;891.757507
710.000000;10135.000000;12115.000000;0.000000;37769.000000;10445.000000;0.000000;893.018188
711.000000;10135.000000;10701.000000;0.000000;19585.000000;10445.000000;0.000000;894.306641
712.000000;10135.000000;9458.000000;0.000000;54563.000000;10445.000000;0.000000;895.600586
713.000000;10135.000000;11522.000000;0.000000;29063.000000;10445.000000;0.000000;896.875793
714.000000;10135.000000;10811.000000;0.000000;20327.000000;10445.000000;0.000000;898.144348
715.000000;10135.000000;10246.000000;0.000000;29163.000000;10445.000000;0.000000;899.394287
716.000000;10135.000000;11421.000000;0.000000;37031.000000;10445.000000;0.000000;900.545044
717.000000;10135.000000;10791.000000;0.000000;31106.000000;10445.000000;0.000000;901.649902
718.000000;10135.000000;11350.000000;0.000000;59153.000000;10445.000000;0.000000;902.762451
719.000000;10135.000000;9750.000000;0.000000;32293.000000;10445.000000;0.000000;903.872314
720.000000;10135.000000;9794.000000;0.000000;12381.000000;10445.000000;0.000000;905.011841
721.000000;10135.000000;11401.000000;0.000000;32367.000000;10445.000000;0.000000;906.333191
722.000000;10135.000000;11174.000000;0.000000;29122.000000;10445.000000;0.000000;907.596802
723.000000;10135.000000;10844.000000;0.000000;20840.000000;10445.000000;0.000000;908.831726
724.000000;10135.000000;10238.000000;0.000000;17384.000000;10445.000000;0.000000;910.072632
725.000000;10135.000000;10420.000000;0.000000;33940.000000;10445.000000;0.000000;911.323547
726.000000;10135.000000;10810.000000;0.000000;29076.000000;10445.000000;0.000000;912.572693
727.000000;10135.000000;9912.000000;0.000000;37544.000000;10445.000000;0.000000;913.819946
728.000000;10135.000000;12110.000000;0.000000;50052.000000;10445.000000;0.000000;915.093811
729.000000;10135.000000;10867.000000;0.000000;25108.000000;10445.000000;0.000000;916.344421
730.000000;10135.000000;13466.000000;0.000000;82687.000000;10445.000000;0.000000;917.587463
731.000000;10135.000000;12949.000000;0.000000;80195.000000;10445.000000;0.000000;918.852356
732.000000;10135.000000;13067.000000;0.000000;105172.000000;10445.000000;0.000000;920.110046
733.000000;10135.000000;10586.000000;0.000000;18632.000000;10445.000000;0.000000;921.369263
734.000000;10135.000000;10378.000000;0.000000;9278.000000;10445.000000;0.000000;922.635681
735.000000;10135.000000;12349.000000;0.000000;85860.000000;10445.000000;0.000000;923.902710
736.000000;10135.000000;9983.000000;0.000000;10431.000000;10445.000000;0.000000;925.116821
737.000000;10135.000000;11139.000000;0.000000;39978.000000;10445.000000;0.000000;926.223022
738.000000;10135.000000;10467.000000;0.000000;23185.000000;10445.000000;0.000000;927.330322
739.000000;10135.000000;13089.000000;0.000000;97565.000000;10445.000000;0.000000;928.438904
740.000000;10135.000000;11579.000000;0.000000;35719.000000;10445.000000;0.000000;929.552551
741.000000;10135.000000;10573.000000;0.000000;24555.000000;10445.000000;0.000000;930.903748
742.000000;10135.000000;10306.000000;0.000000;12849.000000;10445.000000;0.000000;932.166565
743.000000;10135.000000;10092.000000;0.000000;14528.000000;10445.000000;0.000000;933.408813
744.000000;10135.000000;9705.000000;0.000000;22133.000000;10445.000000;0.000000;934.669189
745.000000;10135.000000;9855.000000;0.000000;16288.000000;10445.000000;0.000000;935.966736
746.000000;10135.000000;10261.000000;0.000000;24160.000000;10445.000000;0.000000;937.227722
747.000000;10135.000000;9193.000000;0.000000;28673.000000;10445.000000;0.000000;938.623718
748.000000;10135.000000;11106.000000;0.000000;15054.000000;10445.000000;0.000000;939.871277
749.000000;10135.000000;9070.000000;0.000000;9891.000000;10445.000000;0.000000;941.171875
750.000000;10135.000000;9497.000000;0.000000;30121.000000;10445.000000;0.000000;942.434998
751.000000;10135.000000;10932.000000;0.000000;32811.000000;10445.000000;0.000000;943.723511
752.000000;10135.000000;12939.000000;0.000000;129286.000000;10445.000000;0.000000;945.088379
753.000000;10135.000000;11750.000000;0.000000;41698.000000;10445.000000;0.000000;946.362366
754.000000;10135.000000;11720.000000;0.000000;58964.000000;10445.000000;0.000000;947.639893
755.000000;10135.000000;10630.000000;0.000000;18619.000000;10445.000000;0.000000;948.904724
756.000000;10135.000000;12439.000000;0.000000;42253.000000;10445.000000;0.000000;950.052124
757.000000;10135.000000;10356.000000;0.000000;13346.000000;10445.000000;0.000000;951.176392
758.000000;10135.000000;10584.000000;0.000000;46022.000000;10445.000000;0.000000;952.300293
759.000000;10135.000000;10393.000000;0.000000;22734.000000;10445.000000;0.000000;953.421875
760.000000;10135.000000;11359.000000;0.000000;41511.000000;10445.000000;0.000000;954.535828
761.000000;10135.000000;9813.000000;0.000000;38646.000000;10445.000000;0.000000;955.913757
762.000000;10135.000000;11362.000000;0.000000;37730.000000;10445.000000;0.000000;957.192261
763.000000;10135.000000;10599.000000;0.000000;16503.000000;10445.000000;0.000000;958.428528
764.000000;10135.000000;10176.000000;0.000000;28714.000000;10445.000000;0.000000;959.688599
765.000000;10135.000000;12806.000000;0.000000;55630.000000;10445.000000;0.000000;960.968506
766.000000;10135.000000;9737.000000;0.000000;28558.000000;10445.000000;0.000000;962.241577
767.000000;10135.000000;12580.000000;0.000000;56752.000000;10445.000000;0.000000;963.499695
768.000000;10135.000000;9825.000000;0.000000;18273.000000;10445.000000;0.000000;964.756836
769.000000;10135.000000;12269.000000;0.000000;78123.000000;10445.000000;0.000000;966.046143
770.000000;10135.000000;10353.000000;0.000000;26705.000000;10445.000000;0.000000;967.310425
771.000000;10135.000000;10709.000000;0.000000;17182.000000;10445.000000;0.000000;968.603149
772.000000;10135.000000;10444.000000;0.000000;18390.000000;10445.000000;0.000000;969.874390
773.000000;10135.000000;11983.000000;0.000000;65795.000000;10445.000000;0.000000;971.151001
774.000000;10135.000000;9876.000000;0.000000;20873.000000;10445.000000;0.000000;972.428284
775.000000;10135.000000;10301.000000;0.000000;35022.000000;10445.000000;0.000000;973.706970
776.000000;10135.000000;12189.000000;0.000000;67947.000000;10445.000000;0.000000;974.882690
777.000000;10135.000000;11806.000000;0.000000;50715.000000;10445.000000;0.000000;976.031677
778.000000;10135.000000;10943.000000;0.000000;25433.000000;10445.000000;0.000000;977.154236
779.000000;10135.000000;11784.000000;0.000000;70566.000000;10445.000000;0.000000;978.278259
780.000000;10135.000000;11266.000000;0.000000;22367.000000;10445.000000;0.000000;979.404602
781.000000;10135.000000;11570.000000;0.000000;34286.000000;10445.000000;0.000000;980.781799
782.000000;10135.000000;10243.000000;0.000000;35556.000000;10445.000000;0.000000;982.036560
783.000000;10135.000000;11308.000000;0.000000;17051.000000;10445.000000;0.000000;983.288635
784.000000;10135.000000;10484.000000;0.000000;14037.000000;10445.000000;0.000000;984.550659
785.000000;10135.000000;11753.000000;0.000000;37675.000000;10445.000000;0.000000;985.853149
786.000000;10135.000000;10701.000000;0.000000;16024.000000;10445.000000;0.000000;987.132568
787.000000;10135.000000;11486.000000;0.000000;22317.000000;10445.000000;0.000000;988.408203
788.000000;10135.000000;11430.000000;0.000000;12218.000000;10445.000000;0.000000;989.687561
789.000000;10135.000000;9492.000000;0.000000;33366.000000;10445.000000;0.000000;990.958374
790.000000;10135.000000;11739.000000;0.000000;55588.000000;10445.000000;0.000000;992.225403
791.000000;10135.000000;11586.000000;0.000000;26099.000000;10445.000000;0.000000;993.493591
792.000000;10135.000000;9720.000000;0.000000;17290.000000;10445.000000;0.000000;994.760620
793.000000;10135.000000;10520.000000;0.000000;7752.000000;10445.000000;0.000000;996.053223
794.000000;10135.000000;10725.000000;0.000000;40557.000000;10445.000000;0.000000;997.320312
795.000000;10135.000000;10404.000000;0.000000;26906.000000;10445.000000;0.000000;998.611694
796.000000;10135.000000;9380.000000;0.000000;20402.000000;10445.000000;0.000000;999.879700
797.000000;10135.000000;10636.000000;0.000000;26810.000000;10445.000000;0.000000;1001.156250
798.000000;10135.000000;11523.000000;0.000000;33958.000000;10445.000000;0.000000;1002.460083
799.000000;10135.000000;10314.000000;0.000000;15996.000000;10445.000000;0.000000;1003.746277
800.000000;10135.000000;10132.000000;0.000000;23892.000000;10445.000000;0.000000;1005.054016
801.000000;10135.000000;9812.000000;0.000000;22890.000000;10445.000000;0.000000;1006.509277
802.000000;10135.000000;10766.000000;0.000000;21323.000000;10445.000000;0.000000;1007.770081
803.000000;10135.000000;9919.000000;0.000000;16359.000000;10445.000000;0.000000;1009.025635
804.000000;10135.000000;9652.000000;0.000000;26267.000000;10445.000000;0.000000;1010.297119
805.000000;10135.000000;10795.000000;0.000000;20550.000000;10445.000000;0.000000;1011.571533
806.000000;10135.000000;11442.000000;0.000000;24257.000000;10445.000000;0.000000;1012.838989
807.000000;10135.000000;10637.000000;0.000000;24978.000000;10445.000000;0.000000;1014.175842
808.000000;10135.000000;10705.000000;0.000000;18031.000000;10445.000000;0.000000;1015.469299
809.000000;10135.000000;11092.000000;0.000000;20890.000000;10445.000000;0.000000;1016.779663
810.000000;10135.000000;10899.000000;0.000000;30556.000000;10445.000000;0.000000;1018.050110
811.000000;10135.000000;11241.000000;0.000000;28653.000000;10445.000000;0.000000;1019.381104
812.000000;10135.000000;10719.000000;0.000000;19789.000000;10445.000000;0.000000;1020.679688
813.000000;10135.000000;10709.000000;0.000000;18449.000000;10445.000000;0.000000;1021.977295
814.000000;10135.000000;13065.000000;0.000000;68629.000000;10445.000000;0.000000;1023.269592
815.000000;10135.000000;8671.000000;0.000000;29161.000000;10445.000000;0.000000;1024.542603
816.000000;10135.000000;11171.000000;0.000000;39334.000000;10445.000000;0.000000;1025.724121
817.000000;10135.000000;10609.000000;0.000000;21741.000000;10445.000000;0.000000;1026.874634
818.000000;10135.000000;9460.000000;0.000000;35641.000000;10445.000000;0.000000;1028.033936
819.000000;10135.000000;14008.000000;0.000000;84873.000000;10445.000000;0.000000;1029.183594
820.000000;10135.000000;11045.000000;0.000000;41212.000000;10445.000000;0.000000;1030.334717
821.000000;10135.000000;11324.000000;0.000000;51533.000000;10445.000000;0.000000;1031.737427
822.000000;10135.000000;10968.000000;0.000000;17782.000000;10445.000000;0.000000;1033.025146
823.000000;10135.000000;11274.000000;0.000000;21211.000000;10445.000000;0.000000;1034.292358
824.000000;10135.000000;12020.000000;0.000000;27823.000000;10445.000000;0.000000;1035.599243
825.000000;10135.000000;10030.000000;0.000000;7130.000000;10445.000000;0.000000;1036.887695
826.000000;10135.000000;11805.000000;0.000000;31735.000000;10445.000000;0.000000;1038.165527
827.000000;10135.000000;10227.000000;0.000000;20066.000000;10445.000000;0.000000;1039.443481
828.000000;10135.000000;12355.000000;0.000000;44947.000000;10445.000000;0.000000;1040.724976
829.000000;10135.000000;9950.000000;0.000000;22665.000000;10445.000000;0.000000;1042.020020
830.000000;10135.000000;13217.000000;0.000000;78035.000000;10445.000000;0.000000;1043.327148
831.000000;10135.000000;10579.000000;0.000000;23667.000000;10445.000000;0.000000;1044.645996
832.000000;10135.000000;10769.000000;0.000000;21009.000000;10445.000000;0.000000;1045.979370
833.000000;10135.000000;12640.000000;0.000000;49981.000000;10445.000000;0.000000;1047.280884
834.000000;10135.000000;11484.000000;0.000000;41525.000000;10445.000000;0.000000;1048.576172
835.000000;10135.000000;11719.000000;0.000000;27107.000000;10445.000000;0.000000;1049.877808
836.000000;10135.000000;10785.000000;0.000000;13673.000000;10445.000000;0.000000;1051.045044
837.000000;10135.000000;12910.000000;0.000000;64114.000000;10445.000000;0.000000;1052.201660
838.000000;10135.000000;10040.000000;0.000000;20938.000000;10445.000000;0.000000;1053.357056
839.000000;10135.000000;9487.000000;0.000000;16670.000000;10445.000000;0.000000;1054.511719
840.000000;10135.000000;10684.000000;0.000000;23189.000000;10445.000000;0.000000;1055.694336
841.000000;10135.000000;10676.000000;0.000000;17922.000000;10445.000000;0.000000;1057.107178
842.000000;10135.000000;10913.000000;0.000000;18083.000000;10445.000000;0.000000;1058.398438
843.000000;10135.000000;11525.000000;0.000000;55676.000000;10445.000000;0.000000;1059.675537
844.000000;10135.000000;12155.000000;0.000000;79481.000000;10445.000000;0.000000;1060.965576
845.000000;10135.000000;11616.000000;0.000000;42927.000000;10445.000000;0.000000;1062.257446
846.000000;10135.000000;10660.000000;0.000000;16746.000000;10445.000000;0.000000;1063.563232
847.000000;10135.000000;11718.000000;0.000000;39190.000000;10445.000000;0.000000;1064.964355
848.000000;10135.000000;13010.000000;0.000000;94307.000000;10445.000000;0.000000;1066.328857
849.000000;10135.000000;11086.000000;0.000000;19179.000000;10445.000000;0.000000;1067.625000
850.000000;10135.000000;11397.000000;0.000000;62649.000000;10445.000000;0.000000;1068.917480
851.000000;10135.000000;9825.000000;0.000000;26921.000000;10445.000000;0.000000;1070.249390
852.000000;10135.000000;12705.000000;0.000000;52388.000000;10445.000000;0.000000;1071.568848
853.000000;10135.000000;11251.000000;0.000000;32444.000000;10445.000000;0.000000;1072.889771
854.000000;10135.000000;10754.000000;0.000000;12662.000000;10445.000000;0.000000;1074.198730
855.000000;10135.000000;10998.000000;0.000000;14239.000000;10445.000000;0.000000;1075.483765
856.000000;10135.000000;10557.000000;0.000000;37696.000000;10445.000000;0.000000;1076.666016
857.000000;10135.000000;9514.000000;0.000000;14550.000000;10445.000000;0.000000;1077.822021
858.000000;10135.000000;10477.000000;0.000000;21044.000000;10445.000000;0.000000;1078.987671
859.000000;10135.000000;9497.000000;0.000000;8042.000000;10445.000000;0.000000;1080.146973
860.000000;10135.000000;11862.000000;0.000000;24917.000000;10445.000000;0.000000;1081.314331
861.000000;10135.000000;10504.000000;0.000000;15279.000000;10445.000000;0.000000;1082.735962
862.000000;10135.000000;11370.000000;0.000000;24486.000000;10445.000000;0.000000;1084.039429
863.000000;10135.000000;10466.000000;0.000000;28396.000000;10445.000000;0.000000;1085.327026
864.000000;10135.000000;10685.000000;0.000000;19692.000000;10445.000000;0.000000;1086.712036
865.000000;10135.000000;11221.000000;0.000000;25684.000000;10445.000000;0.000000;1088.025391
866.000000;10135.000000;11318.000000;0.000000;49531.000000;10445.000000;0.000000;1089.334106
867.000000;10135.000000;12059.000000;0.000000;53385.000000;10445.000000;0.000000;1090.640625
868.000000;10135.000000;10162.000000;0.000000;21936.000000;10445.000000;0.000000;1091.947144
869.000000;10135.000000;10277.000000;0.000000;17889.000000;10445.000000;0.000000;1093.256104
870.000000;10135.000000;10599.000000;0.000000;20051.000000;10445.000000;0.000000;1094.557739
871.000000;10135.000000;11149.000000;0.000000;23330.000000;10445.000000;0.000000;1095.872070
872.000000;10135.000000;10536.000000;0.000000;16464.000000;10445.000000;0.000000;1097.182251
873.000000;10135.000000;11945.000000;0.000000;65006.000000;10445.000000;0.000000;1098.485596
874.000000;10135.000000;11853.000000;0.000000;35527.000000;10445.000000;0.000000;1099.788330
875.000000;10135.000000;11098.000000;0.000000;52138.000000;10445.000000;0.000000;1101.092896
876.000000;10135.000000;10684.000000;0.000000;22382.000000;10445.000000;0.000000;1102.422363
877.000000;10135.000000;11569.000000;0.000000;60383.000000;10445.000000;0.000000;1103.749146
878.000000;10135.000000;10696.000000;0.000000;22394.000000;10445.000000;0.000000;1105.068848
879.000000;10135.000000;12350.000000;0.000000;27577.000000;10445.000000;0.000000;1106.417847
880.000000;10135.000000;10918.000000;0.000000;22572.000000;10445.000000;0.000000;1107.733643
881.000000;10135.000000;12107.000000;0.000000;35584.000000;10445.000000;0.000000;1109.199219
882.000000;10135.000000;12525.000000;0.000000;58844.000000;10445.000000;0.000000;1110.507324
883.000000;10135.000000;13340.000000;0.000000;106670.000000;10445.000000;0.000000;1111.804443
884.000000;10135.000000;10955.000000;0.000000;32099.000000;10445.000000;0.000000;1113.117920
885.000000;10135.000000;11675.000000;0.000000;36351.000000;10445.000000;0.000000;1114.436279
886.000000;10135.000000;9845.000000;0.000000;24727.000000;10445.000000;0.000000;1115.762329
887.000000;10135.000000;10774.000000;0.000000;26428.000000;10445.000000;0.000000;1117.109131
888.000000;10135.000000;9729.000000;0.000000;34267.000000;10445.000000;0.000000;1118.436768
889.000000;10135.000000;11018.000000;0.000000;38678.000000;10445.000000;0.000000;1119.753418
890.000000;10135.000000;11382.000000;0.000000;34072.000000;10445.000000;0.000000;1121.067139
891.000000;10135.000000;10756.000000;0.000000;25676.000000;10445.000000;0.000000;1122.422974
892.000000;10135.000000;10348.000000;0.000000;27509.000000;10445.000000;0.000000;1123.757446
893.000000;10135.000000;12555.000000;0.000000;45102.000000;10445.000000;0.000000;1125.149048
894.000000;10135.000000;9439.000000;0.000000;22475.000000;10445.000000;0.000000;1126.520508
895.000000;10135.000000;12024.000000;0.000000;64147.000000;10445.000000;0.000000;1127.822876
896.000000;10135.000000;11461.000000;0.000000;35984.000000;10445.000000;0.000000;1128.996704
897.000000;10135.000000;10443.000000;0.000000;10872.000000;10445.000000;0.000000;1130.168701
898.000000;10135.000000;12107.000000;0.000000;39427.000000;10445.000000;0.000000;1131.338501
899.000000;10135.000000;10258.000000;0.000000;30865.000000;10445.000000;0.000000;1132.511963
900.000000;10135.000000;11272.000000;0.000000;47951.000000;10445.000000;0.000000;1133.686523
901.000000;10135.000000;10686.000000;0.000000;37184.000000;10445.000000;0.000000;1135.135376
902.000000;10135.000000;11332.000000;0.000000;26578.000000;10445.000000;0.000000;1136.468384
903.000000;10135.000000;11678.000000;0.000000;33672.000000;10445.000000;0.000000;1137.771851
904.000000;10135.000000;10741.000000;0.000000;12230.000000;10445.000000;0.000000;1139.100952
905.000000;10135.000000;11352.000000;0.000000;30144.000000;10445.000000;0.000000;1140.430420
906.000000;10135.000000;10632.000000;0.000000;19934.000000;10445.000000;0.000000;1141.760376
907.000000;10135.000000;11894.000000;0.000000;24055.000000;10445.000000;0.000000;1143.092041
908.000000;10135.000000;9839.000000;0.000000;32965.000000;10445.000000;0.000000;1144.418091
909.000000;10135.000000;10512.000000;0.000000;21291.000000;10445.000000;0.000000;1145.743408
910.000000;10135.000000;11882.000000;0.000000;33039.000000;10445.000000;0.000000;1147.102417
911.000000;10135.000000;10005.000000;0.000000;29773.000000;10445.000000;0.000000;1148.471924
912.000000;10135.000000;10167.000000;0.000000;18180.000000;10445.000000;0.000000;1149.818970
913.000000;10135.000000;10573.000000;0.000000;22674.000000;10445.000000;0.000000;1151.172241
914.000000;10135.000000;10859.000000;0.000000;27737.000000;10445.000000;0.000000;1152.541870
915.000000;10135.000000;11573.000000;0.000000;50608.000000;10445.000000;0.000000;1153.811768
916.000000;10135.000000;10589.000000;0.000000;28143.000000;10445.000000;0.000000;1154.998901
917.000000;10135.000000;12798.000000;0.000000;51844.000000;10445.000000;0.000000;1156.184692
918.000000;10135.000000;10321.000000;0.000000;15390.000000;10445.000000;0.000000;1157.394287
919.000000;10135.000000;12664.000000;0.000000;89148.000000;10445.000000;0.000000;1158.610596
920.000000;10135.000000;11159.000000;0.000000;30797.000000;10445.000000;0.000000;1159.807373
921.000000;10135.000000;11184.000000;0.000000;25178.000000;10445.000000;0.000000;1161.266113
922.000000;10135.000000;10617.000000;0.000000;20445.000000;10445.000000;0.000000;1162.599854
923.000000;10135.000000;13685.000000;0.000000;118547.000000;10445.000000;0.000000;1163.923584
924.000000;10135.000000;11003.000000;0.000000;40478.000000;10445.000000;0.000000;1165.254150
925.000000;10135.000000;11184.000000;0.000000;43114.000000;10445.000000;0.000000;1166.622681
926.000000;10135.000000;10699.000000;0.000000;26298.000000;10445.000000;0.000000;1167.951294
927.000000;10135.000000;11563.000000;0.000000;47256.000000;10445.000000;0.000000;1169.254639
928.000000;10135.000000;10125.000000;0.000000;29397.000000;10445.000000;0.000000;1170.554321
929.000000;10135.000000;10870.000000;0.000000;50316.000000;10445.000000;0.000000;1171.854980
930.000000;10135.000000;9470.000000;0.000000;21072.000000;10445.000000;0.000000;1173.160645
931.000000;10135.000000;11417.000000;0.000000;40119.000000;10445.000000;0.000000;1174.505005
932.000000;10135.000000;10841.000000;0.000000;17808.000000;10445.000000;0.000000;1175.821289
933.000000;10135.000000;10911.000000;0.000000;31032.000000;10445.000000;0.000000;1177.177246
934.000000;10135.000000;10389.000000;0.000000;24044.000000;10445.000000;0.000000;1178.502075
935.000000;10135.000000;11230.000000;0.000000;36916.000000;10445.000000;0.000000;1179.784424
936.000000;10135.000000;9603.000000;0.000000;10555.000000;10445.000000;0.000000;1180.960083
937.000000;10135.000000;10583.000000;0.000000;21236.000000;10445.000000;0.000000;1182.136597
938.000000;10135.000000;9600.000000;0.000000;61414.000000;10445.000000;0.000000;1183.296509
939.000000;10135.000000;11861.000000;0.000000;36900.000000;10445.000000;0.000000;1184.555664
940.000000;10135.000000;10430.000000;0.000000;12771.000000;10445.000000;0.000000;1185.720337
941.000000;10135.000000;12161.000000;0.000000;54550.000000;10445.000000;0.000000;1187.193115
942.000000;10135.000000;10861.000000;0.000000;28060.000000;10445.000000;0.000000;1188.486572
943.000000;10135.000000;11588.000000;0.000000;27992.000000;10445.000000;0.000000;1189.771973
944.000000;10135.000000;9578.000000;0.000000;17536.000000;10445.000000;0.000000;1191.073608
945.000000;10135.000000;11378.000000;0.000000;19050.000000;10445.000000;0.000000;1192.375366
946.000000;10135.000000;11108.000000;0.000000;21714.000000;10445.000000;0.000000;1193.677856
947.000000;10135.000000;11702.000000;0.000000;41648.000000;10445.000000;0.000000;1194.980347
948.000000;10135.000000;11669.000000;0.000000;59358.000000;10445.000000;0.000000;1196.281372
949.000000;10135.000000;12549.000000;0.000000;41014.000000;10445.000000;0.000000;1197.611450
950.000000;10135.000000;12290.000000;0.000000;67135.000000;10445.000000;0.000000;1198.898438
951.000000;10135.000000;9634.000000;0.000000;59934.000000;10445.000000;0.000000;1200.334106
952.000000;10135.000000;11498.000000;0.000000;25410.000000;10445.000000;0.000000;1201.638916
953.000000;10135.000000;10018.000000;0.000000;19893.000000;10445.000000;0.000000;1202.929321
954.000000;10135.000000;11159.000000;0.000000;35533.000000;10445.000000;0.000000;1204.213623
955.000000;10135.000000;10429.000000;0.000000;17137.000000;10445.000000;0.000000;1205.525757
956.000000;10135.000000;10164.000000;0.000000;35578.000000;10445.000000;0.000000;1206.864868
957.000000;10135.000000;11442.000000;0.000000;16332.000000;10445.000000;0.000000;1208.166992
958.000000;10135.000000;9425.000000;0.000000;50627.000000;10445.000000;0.000000;1209.470459
959.000000;10135.000000;11794.000000;0.000000;40422.000000;10445.000000;0.000000;1210.776245
960.000000;10135.000000;9972.000000;0.000000;19943.000000;10445.000000;0.000000;1211.961792
961.000000;10135.000000;10531.000000;0.000000;18148.000000;10445.000000;0.000000;1213.359497
962.000000;10135.000000;10053.000000;0.000000;21060.000000;10445.000000;0.000000;1214.628418
963.000000;10135.000000;10046.000000;0.000000;25698.000000;10445.000000;0.000000;1215.911255
964.000000;10135.000000;11261.000000;0.000000;60536.000000;10445.000000;0.000000;1217.260254
965.000000;10135.000000;10580.000000;0.000000;19330.000000;10445.000000;0.000000;1218.541138
966.000000;10135.000000;11227.000000;0.000000;23962.000000;10445.000000;0.000000;1219.827026
967.000000;10135.000000;12160.000000;0.000000;55773.000000;10445.000000;0.000000;1221.105713
968.000000;10135.000000;10989.000000;0.000000;42294.000000;10445.000000;0.000000;1222.383911
969.000000;10135.000000;10633.000000;0.000000;7941.000000;10445.000000;0.000000;1223.664795
970.000000;10135.000000;10476.000000;0.000000;18735.000000;10445.000000;0.000000;1224.945068
971.000000;10135.000000;9703.000000;0.000000;14802.000000;10445.000000;0.000000;1226.267090
972.000000;10135.000000;9853.000000;0.000000;20044.000000;10445.000000;0.000000;1227.596313
973.000000;10135.000000;11392.000000;0.000000;43025.000000;10445.000000;0.000000;1228.886353
974.000000;10135.000000;10294.000000;0.000000;19456.000000;10445.000000;0.000000;1230.156372
975.000000;10135.000000;12248.000000;0.000000;41578.000000;10445.000000;0.000000;1231.422974
976.000000;10135.000000;10382.000000;0.000000;30500.000000;10445.000000;0.000000;1232.566772
977.000000;10135.000000;11168.000000;0.000000;17645.000000;10445.000000;0.000000;1233.700073
978.000000;10135.000000;9681.000000;0.000000;19563.000000;10445.000000;0.000000;1234.834595
979.000000;10135.000000;10541.000000;0.000000;13966.000000;10445.000000;0.000000;1235.969604
980.000000;10135.000000;10148.000000;0.000000;18812.000000;10445.000000;0.000000;1237.129028
981.000000;10135.000000;11205.000000;0.000000;24234.000000;10445.000000;0.000000;1238.645508
982.000000;10135.000000;8851.000000;0.000000;47334.000000;10445.000000;0.000000;1239.893921
983.000000;10135.000000;11677.000000;0.000000;45410.000000;10445.000000;0.000000;1241.141357
984.000000;10135.000000;9151.000000;0.000000;18340.000000;10445.000000;0.000000;1242.410034
985.000000;10135.000000;12088.000000;0.000000;40350.000000;10445.000000;0.000000;1243.671997
986.000000;10135.000000;11921.000000;0.000000;33768.000000;10445.000000;0.000000;1245.015381
987.000000;10135.000000;11237.000000;0.000000;47679.000000;10445.000000;0.000000;1246.277954
988.000000;10135.000000;11072.000000;0.000000;16470.000000;10445.000000;0.000000;1247.567017
989.000000;10135.000000;10785.000000;0.000000;17363.000000;10445.000000;0.000000;1248.823853
990.000000;10135.000000;11047.000000;0.000000;20474.000000;10445.000000;0.000000;1250.077393
991.000000;10135.000000;10964.000000;0.000000;29356.000000;10445.000000;0.000000;1251.366577
992.000000;10135.000000;11118.000000;0.000000;12931.000000;10445.000000;0.000000;1252.637207
993.000000;10135.000000;11520.000000;0.000000;37377.000000;10445.000000;0.000000;1253.912964
994.000000;10135.000000;9850.000000;0.000000;16905.000000;10445.000000;0.000000;1255.184570
995.000000;10135.000000;10564.000000;0.000000;22522.000000;10445.000000;0.000000;1256.456543
996.000000;10135.000000;8954.000000;0.000000;47056.000000;10445.000000;0.000000;1257.654785
997.000000;10135.000000;11854.000000;0.000000;33183.000000;10445.000000;0.000000;1258.786255
998.000000;10135.000000;11632.000000;0.000000;31560.000000;10445.000000;0.000000;1259.923462
999.000000;10135.000000;10852.000000;0.000000;23139.000000;10445.000000;0.000000;1261.063721
1000.000000;10135.000000;11592.000000;0.000000;28655.000000;10445.000000;0.000000;1262.201660
1001.000000;10135.000000;11064.000000;0.000000;17141.000000;10445.000000;0.000000;1263.580566
1002.000000;10135.000000;10362.000000;0.000000;17907.000000;10445.000000;0.000000;1264.848389
1003.000000;10135.000000;10173.000000;0.000000;14590.000000;10445.000000;0.000000;1266.105469
1004.000000;10135.000000;10976.000000;0.000000;23635.000000;10445.000000;0.000000;1267.397583
1005.000000;10135.000000;11994.000000;0.000000;34783.000000;10445.000000;0.000000;1268.672485
1006.000000;10135.000000;10804.000000;0.000000;9134.000000;10445.000000;0.000000;1269.939087
1007.000000;10135.000000;10269.000000;0.000000;26718.000000;10445.000000;0.000000;1271.206421
1008.000000;10135.000000;12250.000000;0.000000;93639.000000;10445.000000;0.000000;1272.479736
1009.000000;10135.000000;10414.000000;0.000000;15975.000000;10445.000000;0.000000;1273.746460
1010.000000;10135.000000;11133.000000;0.000000;27074.000000;10445.000000;0.000000;1275.013184
1011.000000;10135.000000;9542.000000;0.000000;40642.000000;10445.000000;0.000000;1276.309937
1012.000000;10135.000000;10793.000000;0.000000;33312.000000;10445.000000;0.000000;1277.623535
1013.000000;10135.000000;12191.000000;0.000000;36298.000000;10445.000000;0.000000;1278.906372
1014.000000;10135.000000;10212.000000;0.000000;15098.000000;10445.000000;0.000000;1280.184937
1015.000000;10135.000000;12414.000000;0.000000;31747.000000;10445.000000;0.000000;1281.468628
1016.000000;10135.000000;9306.000000;0.000000;23720.000000;10445.000000;0.000000;1282.649658
1017.000000;10135.000000;10564.000000;0.000000;15153.000000;10445.000000;0.000000;1283.793701
1018.000000;10135.000000;11374.000000;0.000000;27924.000000;10445.000000;0.000000;1284.928589
1019.000000;10135.000000;11076.000000;0.000000;17415.000000;10445.000000;0.000000;1286.071167
1020.000000;10135.000000;10617.000000;0.000000;21632.000000;10445.000000;0.000000;1287.296875
1021.000000;10135.000000;10884.000000;0.000000;25150.000000;10445.000000;0.000000;1288.705688
1022.000000;10135.000000;10744.000000;0.000000;16294.000000;10445.000000;0.000000;1289.984009
1023.000000;10135.000000;10871.000000;0.000000;20855.000000;10445.000000;0.000000;1291.244995
1024.000000;10135.000000;11048.000000;0.000000;19046.000000;10445.000000;0.000000;1292.522705
1025.000000;10135.000000;12028.000000;0.000000;79585.000000;10445.000000;0.000000;1293.806519
1026.000000;10135.000000;10676.000000;0.000000;31194.000000;10445.000000;0.000000;1295.116821
1027.000000;10135.000000;10437.000000;0.000000;13593.000000;10445.000000;0.000000;1296.401245
1028.000000;10135.000000;11587.000000;0.000000;58604.000000;10445.000000;0.000000;1297.709717
1029.000000;10135.000000;10409.000000;0.000000;24746.000000;10445.000000;0.000000;1299.013306
1030.000000;10135.000000;10324.000000;0.000000;27441.000000;10445.000000;0.000000;1300.299927
1031.000000;10135.000000;10196.000000;0.000000;23222.000000;10445.000000;0.000000;1301.802246
1032.000000;10135.000000;11159.000000;0.000000;28797.000000;10445.000000;0.000000;1303.162720
1033.000000;10135.000000;9499.000000;0.000000;17284.000000;10445.000000;0.000000;1304.568848
1034.000000;10135.000000;10689.000000;0.000000;15974.000000;10445.000000;0.000000;1305.860718
1035.000000;10135.000000;9931.000000;0.000000;11233.000000;10445.000000;0.000000;1307.145752
1036.000000;10135.000000;10785.000000;0.000000;31212.000000;10445.000000;0.000000;1308.321289
1037.000000;10135.000000;11156.000000;0.000000;15375.000000;10445.000000;0.000000;1309.466431
1038.000000;10135.000000;9802.000000;0.000000;23536.000000;10445.000000;0.000000;1310.611450
1039.000000;10135.000000;12566.000000;0.000000;48106.000000;10445.000000;0.000000;1311.759277
1040.000000;10135.000000;9485.000000;0.000000;23174.000000;10445.000000;0.000000;1312.907471
1041.000000;10135.000000;10094.000000;0.000000;20285.000000;10445.000000;0.000000;1314.387939
1042.000000;10135.000000;9533.000000;0.000000;38827.000000;10445.000000;0.000000;1315.654541
1043.000000;10135.000000;10197.000000;0.000000;24856.000000;10445.000000;0.000000;1316.980225
1044.000000;10135.000000;10052.000000;0.000000;16926.000000;10445.000000;0.000000;1318.299805
1045.000000;10135.000000;9278.000000;0.000000;41060.000000;10445.000000;0.000000;1319.604858
1046.000000;10135.000000;11246.000000;0.000000;34816.000000;10445.000000;0.000000;1320.893921
1047.000000;10135.000000;10069.000000;0.000000;37002.000000;10445.000000;0.000000;1322.182617
1048.000000;10135.000000;10675.000000;0.000000;31211.000000;10445.000000;0.000000;1323.469849
1049.000000;10135.000000;9967.000000;0.000000;13027.000000;10445.000000;0.000000;1324.761108
1050.000000;10135.000000;12452.000000;0.000000;49787.000000;10445.000000;0.000000;1326.046997
1051.000000;10135.000000;10559.000000;0.000000;11183.000000;10445.000000;0.000000;1327.385132
1052.000000;10135.000000;11284.000000;0.000000;46699.000000;10445.000000;0.000000;1328.708618
1053.000000;10135.000000;11769.000000;0.000000;30085.000000;10445.000000;0.000000;1330.013306
1054.000000;10135.000000;10989.000000;0.000000;21745.000000;10445.000000;0.000000;1331.318481
1055.000000;10135.000000;12076.000000;0.000000;38427.000000;10445.000000;0.000000;1332.610352
1056.000000;10135.000000;11023.000000;0.000000;11401.000000;10445.000000;0.000000;1333.884399
1057.000000;10135.000000;9805.000000;0.000000;20679.000000;10445.000000;0.000000;1335.053345
1058.000000;10135.000000;9917.000000;0.000000;10140.000000;10445.000000;0.000000;1336.204590
1059.000000;10135.000000;11149.000000;0.000000;26891.000000;10445.000000;0.000000;1337.354248
1060.000000;10135.000000;10304.000000;0.000000;29727.000000;10445.000000;0.000000;1338.986938
1061.000000;10135.000000;11076.000000;0.000000;24410.000000;10445.000000;0.000000;1340.400757
1062.000000;10135.000000;11354.000000;0.000000;39559.000000;10445.000000;0.000000;1341.682739
1063.000000;10135.000000;10834.000000;0.000000;32265.000000;10445.000000;0.000000;1342.957275
1064.000000;10135.000000;10722.000000;0.000000;15091.000000;10445.000000;0.000000;1344.247437
1065.000000;10135.000000;11546.000000;0.000000;20664.000000;10445.000000;0.000000;1345.535034
1066.000000;10135.000000;11600.000000;0.000000;67659.000000;10445.000000;0.000000;1346.875122
1067.000000;10135.000000;11137.000000;0.000000;17369.000000;10445.000000;0.000000;1348.200562
1068.000000;10135.000000;12072.000000;0.000000;65280.000000;10445.000000;0.000000;1349.503418
1069.000000;10135.000000;9531.000000;0.000000;34969.000000;10445.000000;0.000000;1350.805298
1070.000000;10135.000000;10643.000000;0.000000;23510.000000;10445.000000;0.000000;1352.106323
1071.000000;10135.000000;10335.000000;0.000000;28844.000000;10445.000000;0.000000;1353.450439
1072.000000;10135.000000;10039.000000;0.000000;14802.000000;10445.000000;0.000000;1354.767822
1073.000000;10135.000000;10989.000000;0.000000;20055.000000;10445.000000;0.000000;1356.084473
1074.000000;10135.000000;10918.000000;0.000000;34243.000000;10445.000000;0.000000;1357.404297
1075.000000;10135.000000;10372.000000;0.000000;18762.000000;10445.000000;0.000000;1358.739014
1076.000000;10135.000000;11592.000000;0.000000;20614.000000;10445.000000;0.000000;1359.910034
1077.000000;10135.000000;10684.000000;0.000000;19175.000000;10445.000000;0.000000;1361.073364
1078.000000;10135.000000;11198.000000;0.000000;24071.000000;10445.000000;0.000000;1362.231567
1079.000000;10135.000000;11867.000000;0.000000;28716.000000;10445.000000;0.000000;1363.393311
1080.000000;10135.000000;10541.000000;0.000000;16782.000000;10445.000000;0.000000;1364.668945
1081.000000;10135.000000;11678.000000;0.000000;49292.000000;10445.000000;0.000000;1366.095703
1082.000000;10135.000000;12020.000000;0.000000;54271.000000;10445.000000;0.000000;1367.399292
1083.000000;10135.000000;10930.000000;0.000000;18229.000000;10445.000000;0.000000;1368.709229
1084.000000;10135.000000;11086.000000;0.000000;19148.000000;10445.000000;0.000000;1370.009766
1085.000000;10135.000000;10937.000000;0.000000;14128.000000;10445.000000;0.000000;1371.315308
1086.000000;10135.000000;10885.000000;0.000000;41185.000000;10445.000000;0.000000;1372.615967
1087.000000;10135.000000;9305.000000;0.000000;23446.000000;10445.000000;0.000000;1373.917358
1088.000000;10135.000000;10438.000000;0.000000;6010.000000;10445.000000;0.000000;1375.217529
1089.000000;10135.000000;10047.000000;0.000000;27782.000000;10445.000000;0.000000;1376.519165
1090.000000;10135.000000;10692.000000;0.000000;25572.000000;10445.000000;0.000000;1377.849121
1091.000000;10135.000000;10638.000000;0.000000;27796.000000;10445.000000;0.000000;1379.171265
1092.000000;10135.000000;10151.000000;0.000000;24218.000000;10445.000000;0.000000;1380.491821
1093.000000;10135.000000;9385.000000;0.000000;16582.000000;10445.000000;0.000000;1381.812866
1094.000000;10135.000000;11609.000000;0.000000;20599.000000;10445.000000;0.000000;1383.127197
1095.000000;10135.000000;9311.000000;0.000000;24103.000000;10445.000000;0.000000;1384.445557
1096.000000;10135.000000;11669.000000;0.000000;21670.000000;10445.000000;0.000000;1385.799438
1097.000000;10135.000000;11339.000000;0.000000;26758.000000;10445.000000;0.000000;1387.139282
1098.000000;10135.000000;10593.000000;0.000000;26765.000000;10445.000000;0.000000;1388.499390
1099.000000;10135.000000;10008.000000;0.000000;24851.000000;10445.000000;0.000000;1389.832886
1100.000000;10135.000000;12595.000000;0.000000;81658.000000;10445.000000;0.000000;1391.152466
1101.000000;10135.000000;11446.000000;0.000000;31675.000000;10445.000000;0.000000;1392.612793
1102.000000;10135.000000;11838.000000;0.000000;70355.000000;10445.000000;0.000000;1393.921753
1103.000000;10135.000000;9070.000000;0.000000;25058.000000;10445.000000;0.000000;1395.226318
1104.000000;10135.000000;9966.000000;0.000000;15695.000000;10445.000000;0.000000;1396.552612
1105.000000;10135.000000;10017.000000;0.000000;15089.000000;10445.000000;0.000000;1397.896362
1106.000000;10135.000000;12057.000000;0.000000;18618.000000;10445.000000;0.000000;1399.216187
1107.000000;10135.000000;12070.000000;0.000000;33023.000000;10445.000000;0.000000;1400.527710
1108.000000;10135.000000;11509.000000;0.000000;31088.000000;10445.000000;0.000000;1401.843262
1109.000000;10135.000000;10955.000000;0.000000;35537.000000;10445.000000;0.000000;1403.183472
1110.000000;10135.000000;10698.000000;0.000000;13845.000000;10445.000000;0.000000;1404.494751
1111.000000;10135.000000;10050.000000;0.000000;15010.000000;10445.000000;0.000000;1405.850952
1112.000000;10135.000000;10074.000000;0.000000;44067.000000;10445.000000;0.000000;1407.178711
1113.000000;10135.000000;11013.000000;0.000000;17459.000000;10445.000000;0.000000;1408.534668
1114.000000;10135.000000;10420.000000;0.000000;18754.000000;10445.000000;0.000000;1409.835449
1115.000000;10135.000000;11275.000000;0.000000;16862.000000;10445.000000;0.000000;1411.104980
1116.000000;10135.000000;10332.000000;0.000000;17496.000000;10445.000000;0.000000;1412.264404
1117.000000;10135.000000;11768.000000;0.000000;27155.000000;10445.000000;0.000000;1413.422485
1118.000000;10135.000000;9840.000000;0.000000;19540.000000;10445.000000;0.000000;1414.582642
1119.000000;10135.000000;11371.000000;0.000000;18207.000000;10445.000000;0.000000;1415.736450
1120.000000;10135.000000;9611.000000;0.000000;17577.000000;10445.000000;0.000000;1416.939453
1121.000000;10135.000000;12916.000000;0.000000;53552.000000;10445.000000;0.000000;1418.379150
1122.000000;10135.000000;12014.000000;0.000000;44775.000000;10445.000000;0.000000;1419.660278
1123.000000;10135.000000;9440.000000;0.000000;37821.000000;10445.000000;0.000000;1420.930542
1124.000000;10135.000000;10609.000000;0.000000;18666.000000;10445.000000;0.000000;1422.239990
1125.000000;10135.000000;9743.000000;0.000000;19072.000000;10445.000000;0.000000;1423.530518
1126.000000;10135.000000;11698.000000;0.000000;25596.000000;10445.000000;0.000000;1424.891724
1127.000000;10135.000000;11124.000000;0.000000;32139.000000;10445.000000;0.000000;1426.189697
1128.000000;10135.000000;10600.000000;0.000000;28775.000000;10445.000000;0.000000;1427.499268
1129.000000;10135.000000;10115.000000;0.000000;13463.000000;10445.000000;0.000000;1428.815674
1130.000000;10135.000000;11825.000000;0.000000;29550.000000;10445.000000;0.000000;1430.108887
1131.000000;10135.000000;10083.000000;0.000000;17752.000000;10445.000000;0.000000;1431.433838
1132.000000;10135.000000;11362.000000;0.000000;22406.000000;10445.000000;0.000000;1432.738037
1133.000000;10135.000000;11858.000000;0.000000;38449.000000;10445.000000;0.000000;1434.041382
1134.000000;10135.000000;10787.000000;0.000000;35723.000000;10445.000000;0.000000;1435.340942
1135.000000;10135.000000;11053.000000;0.000000;35137.000000;10445.000000;0.000000;1436.631104
1136.000000;10135.000000;11335.000000;0.000000;45570.000000;10445.000000;0.000000;1437.794678
1137.000000;10135.000000;11494.000000;0.000000;70460.000000;10445.000000;0.000000;1438.981689
1138.000000;10135.000000;11092.000000;0.000000;21781.000000;10445.000000;0.000000;1440.141113
1139.000000;10135.000000;11498.000000;0.000000;31981.000000;10445.000000;0.000000;1441.308350
1140.000000;10135.000000;10306.000000;0.000000;18044.000000;10445.000000;0.000000;1442.466431
1141.000000;10135.000000;10590.000000;0.000000;18805.000000;10445.000000;0.000000;1443.891846
1142.000000;10135.000000;11677.000000;0.000000;34102.000000;10445.000000;0.000000;1445.192017
1143.000000;10135.000000;11095.000000;0.000000;33044.000000;10445.000000;0.000000;1446.476685
1144.000000;10135.000000;10573.000000;0.000000;21065.000000;10445.000000;0.000000;1447.785767
1145.000000;10135.000000;10347.000000;0.000000;16222.000000;10445.000000;0.000000;1449.108032
1146.000000;10135.000000;10268.000000;0.000000;22097.000000;10445.000000;0.000000;1450.406250
1147.000000;10135.000000;9810.000000;0.000000;13507.000000;10445.000000;0.000000;1451.702637
1148.000000;10135.000000;11861.000000;0.000000;48324.000000;10445.000000;0.000000;1453.001953
1149.000000;10135.000000;11245.000000;0.000000;59122.000000;10445.000000;0.000000;1454.302368
1150.000000;10135.000000;9674.000000;0.000000;35488.000000;10445.000000;0.000000;1455.596924
1151.000000;10135.000000;12649.000000;0.000000;81270.000000;10445.000000;0.000000;1456.934448
1152.000000;10135.000000;12455.000000;0.000000;55172.000000;10445.000000;0.000000;1458.251953
1153.000000;10135.000000;12302.000000;0.000000;50205.000000;10445.000000;0.000000;1459.590088
1154.000000;10135.000000;11764.000000;0.000000;30259.000000;10445.000000;0.000000;1460.903198
1155.000000;10135.000000;11164.000000;0.000000;22045.000000;10445.000000;0.000000;1462.190186
1156.000000;10135.000000;11994.000000;0.000000;88546.000000;10445.000000;0.000000;1463.350220
1157.000000;10135.000000;11359.000000;0.000000;27572.000000;10445.000000;0.000000;1464.507812
1158.000000;10135.000000;9549.000000;0.000000;17561.000000;10445.000000;0.000000;1465.661133
1159.000000;10135.000000;10750.000000;0.000000;13873.000000;10445.000000;0.000000;1466.825928
1160.000000;10135.000000;9534.000000;0.000000;38850.000000;10445.000000;0.000000;1467.991333
1161.000000;10135.000000;11177.000000;0.000000;30018.000000;10445.000000;0.000000;1469.440186
1162.000000;10135.000000;11703.000000;0.000000;23405.000000;10445.000000;0.000000;1470.745972
1163.000000;10135.000000;10371.000000;0.000000;20102.000000;10445.000000;0.000000;1472.046265
1164.000000;10135.000000;11105.000000;0.000000;48833.000000;10445.000000;0.000000;1473.361938
1165.000000;10135.000000;10877.000000;0.000000;33757.000000;10445.000000;0.000000;1474.677856
1166.000000;10135.000000;11425.000000;0.000000;41746.000000;10445.000000;0.000000;1476.070801
1167.000000;10135.000000;11389.000000;0.000000;36572.000000;10445.000000;0.000000;1477.392822
1168.000000;10135.000000;10788.000000;0.000000;17116.000000;10445.000000;0.000000;1478.740479
1169.000000;10135.000000;10166.000000;0.000000;38786.000000;10445.000000;0.000000;1480.054443
1170.000000;10135.000000;9767.000000;0.000000;15180.000000;10445.000000;0.000000;1481.367188
1171.000000;10135.000000;10920.000000;0.000000;29401.000000;10445.000000;0.000000;1482.675659
1172.000000;10135.000000;9509.000000;0.000000;17569.000000;10445.000000;0.000000;1483.994141
1173.000000;10135.000000;12414.000000;0.000000;76138.000000;10445.000000;0.000000;1485.389404
1174.000000;10135.000000;9629.000000;0.000000;15692.000000;10445.000000;0.000000;1486.706421
1175.000000;10135.000000;13437.000000;0.000000;66535.000000;10445.000000;0.000000;1488.025269
1176.000000;10135.000000;12212.000000;0.000000;45535.000000;10445.000000;0.000000;1489.415771
1177.000000;10135.000000;10570.000000;0.000000;19621.000000;10445.000000;0.000000;1490.745728
1178.000000;10135.000000;11111.000000;0.000000;59370.000000;10445.000000;0.000000;1492.071777
1179.000000;10135.000000;10829.000000;0.000000;20874.000000;10445.000000;0.000000;1493.403442
1180.000000;10135.000000;12600.000000;0.000000;53989.000000;10445.000000;0.000000;1494.700562
1181.000000;10135.000000;10271.000000;0.000000;15921.000000;10445.000000;0.000000;1496.140259
1182.000000;10135.000000;11713.000000;0.000000;41711.000000;10445.000000;0.000000;1497.438965
1183.000000;10135.000000;11008.000000;0.000000;25671.000000;10445.000000;0.000000;1498.748901
1184.000000;10135.000000;11909.000000;0.000000;32731.000000;10445.000000;0.000000;1500.056641
1185.000000;10135.000000;10140.000000;0.000000;10319.000000;10445.000000;0.000000;1501.355591
1186.000000;10135.000000;11083.000000;0.000000;21491.000000;10445.000000;0.000000;1502.644897
1187.000000;10135.000000;10207.000000;0.000000;22096.000000;10445.000000;0.000000;1503.930054
1188.000000;10135.000000;11356.000000;0.000000;44618.000000;10445.000000;0.000000;1505.214233
1189.000000;10135.000000;12579.000000;0.000000;86269.000000;10445.000000;0.000000;1506.498901
1190.000000;10135.000000;12057.000000;0.000000;40969.000000;10445.000000;0.000000;1507.782471
1191.000000;10135.000000;10013.000000;0.000000;13634.000000;10445.000000;0.000000;1509.140869
1192.000000;10135.000000;10801.000000;0.000000;27673.000000;10445.000000;0.000000;1510.445679
1193.000000;10135.000000;14499.000000;0.000000;118363.000000;10445.000000;0.000000;1511.749756
1194.000000;10135.000000;10881.000000;0.000000;27110.000000;10445.000000;0.000000;1513.055786
1195.000000;10135.000000;10091.000000;0.000000;29126.000000;10445.000000;0.000000;1514.359619
1196.000000;10135.000000;10664.000000;0.000000;23192.000000;10445.000000;0.000000;1515.522583
1197.000000;10135.000000;12162.000000;0.000000;81867.000000;10445.000000;0.000000;1516.675293
1198.000000;10135.000000;12135.000000;0.000000;52375.000000;10445.000000;0.000000;1517.823730
1199.000000;10135.000000;10303.000000;0.000000;13749.000000;10445.000000;0.000000;1519.005249
1200.000000;10135.000000;9843.000000;0.000000;19804.000000;10445.000000;0.000000;1520.161743
1201.000000;10135.000000;9960.000000;0.000000;10157.000000;10445.000000;0.000000;1521.570435
1202.000000;10135.000000;11119.000000;0.000000;22267.000000;10445.000000;0.000000;1522.850098
1203.000000;10135.000000;10833.000000;0.000000;22469.000000;10445.000000;0.000000;1524.122803
1204.000000;10135.000000;10297.000000;0.000000;18888.000000;10445.000000;0.000000;1525.411011
1205.000000;10135.000000;11279.000000;0.000000;29674.000000;10445.000000;0.000000;1526.698486
1206.000000;10135.000000;13102.000000;0.000000;51950.000000;10445.000000;0.000000;1527.984619
1207.000000;10135.000000;10171.000000;0.000000;13764.000000;10445.000000;0.000000;1529.282715
1208.000000;10135.000000;11498.000000;0.000000;33760.000000;10445.000000;0.000000;1530.549805
1209.000000;10135.000000;10463.000000;0.000000;19676.000000;10445.000000;0.000000;1531.815674
1210.000000;10135.000000;11303.000000;0.000000;19472.000000;10445.000000;0.000000;1533.081787
1211.000000;10135.000000;10084.000000;0.000000;25253.000000;10445.000000;0.000000;1534.393433
1212.000000;10135.000000;10907.000000;0.000000;20842.000000;10445.000000;0.000000;1535.682373
1213.000000;10135.000000;11093.000000;0.000000;40218.000000;10445.000000;0.000000;1536.963013
1214.000000;10135.000000;10886.000000;0.000000;17879.000000;10445.000000;0.000000;1538.375122
1215.000000;10135.000000;10543.000000;0.000000;19944.000000;10445.000000;0.000000;1539.682251
1216.000000;10135.000000;10559.000000;0.000000;16018.000000;10445.000000;0.000000;1540.844482
1217.000000;10135.000000;10825.000000;0.000000;16378.000000;10445.000000;0.000000;1541.984619
1218.000000;10135.000000;10981.000000;0.000000;27430.000000;10445.000000;0.000000;1543.128296
1219.000000;10135.000000;10403.000000;0.000000;23929.000000;10445.000000;0.000000;1544.358154
1220.000000;10135.000000;12163.000000;0.000000;78213.000000;10445.000000;0.000000;1545.488892
1221.000000;10135.000000;10792.000000;0.000000;32304.000000;10445.000000;0.000000;1546.882202
1222.000000;10135.000000;11320.000000;0.000000;15871.000000;10445.000000;0.000000;1548.138062
1223.000000;10135.000000;12284.000000;0.000000;69367.000000;10445.000000;0.000000;1549.429443
1224.000000;10135.000000;11035.000000;0.000000;37685.000000;10445.000000;0.000000;1550.694336
1225.000000;10135.000000;13207.000000;0.000000;50933.000000;10445.000000;0.000000;1551.961426
1226.000000;10135.000000;11284.000000;0.000000;38764.000000;10445.000000;0.000000;1553.228271
1227.000000;10135.000000;11342.000000;0.000000;24495.000000;10445.000000;0.000000;1554.503784
1228.000000;10135.000000;14081.000000;0.000000;69659.000000;10445.000000;0.000000;1555.768799
1229.000000;10135.000000;11075.000000;0.000000;23441.000000;10445.000000;0.000000;1557.033569
1230.000000;10135.000000;11318.000000;0.000000;13918.000000;10445.000000;0.000000;1558.299072
1231.000000;10135.000000;12456.000000;0.000000;51494.000000;10445.000000;0.000000;1559.648804
1232.000000;10135.000000;10916.000000;0.000000;19719.000000;10445.000000;0.000000;1560.942871
1233.000000;10135.000000;11133.000000;0.000000;13544.000000;10445.000000;0.000000;1562.234009
1234.000000;10135.000000;11249.000000;0.000000;33610.000000;10445.000000;0.000000;1563.527710
1235.000000;10135.000000;11072.000000;0.000000;32122.000000;10445.000000;0.000000;1564.825928
1236.000000;10135.000000;10346.000000;0.000000;15875.000000;10445.000000;0.000000;1566.008301
1237.000000;10135.000000;9748.000000;0.000000;26046.000000;10445.000000;0.000000;1567.156250
1238.000000;10135.000000;12484.000000;0.000000;67217.000000;10445.000000;0.000000;1568.308960
1239.000000;10135.000000;9880.000000;0.000000;17280.000000;10445.000000;0.000000;1569.480225
1240.000000;10135.000000;12236.000000;0.000000;30844.000000;10445.000000;0.000000;1570.620361
1241.000000;10135.000000;10918.000000;0.000000;25697.000000;10445.000000;0.000000;1572.012329
1242.000000;10135.000000;11034.000000;0.000000;23227.000000;10445.000000;0.000000;1573.287354
1243.000000;10135.000000;10619.000000;0.000000;18551.000000;10445.000000;0.000000;1574.552856
1244.000000;10135.000000;10274.000000;0.000000;19924.000000;10445.000000;0.000000;1575.830444
1245.000000;10135.000000;12069.000000;0.000000;26541.000000;10445.000000;0.000000;1577.110474
1246.000000;10135.000000;9096.000000;0.000000;21656.000000;10445.000000;0.000000;1578.388916
1247.000000;10135.000000;10255.000000;0.000000;24353.000000;10445.000000;0.000000;1579.695679
1248.000000;10135.000000;11164.000000;0.000000;21503.000000;10445.000000;0.000000;1580.974976
1249.000000;10135.000000;11261.000000;0.000000;22089.000000;10445.000000;0.000000;1582.254150
1250.000000;10135.000000;11460.000000;0.000000;28804.000000;10445.000000;0.000000;1583.537964
1251.000000;10135.000000;10427.000000;0.000000;8109.000000;10445.000000;0.000000;1584.818359
1252.000000;10135.000000;10969.000000;0.000000;15561.000000;10445.000000;0.000000;1586.098755
1253.000000;10135.000000;10659.000000;0.000000;14448.000000;10445.000000;0.000000;1587.381470
1254.000000;10135.000000;9743.000000;0.000000;13569.000000;10445.000000;0.000000;1588.669312
1255.000000;10135.000000;11259.000000;0.000000;30294.000000;10445.000000;0.000000;1589.991577
1256.000000;10135.000000;10824.000000;0.000000;27927.000000;10445.000000;0.000000;1591.282349
1257.000000;10135.000000;9589.000000;0.000000;11873.000000;10445.000000;0.000000;1592.612427
1258.000000;10135.000000;11575.000000;0.000000;22975.000000;10445.000000;0.000000;1593.918579
1259.000000;10135.000000;11037.000000;0.000000;21500.000000;10445.000000;0.000000;1595.225708
1260.000000;10135.000000;12043.000000;0.000000;44490.000000;10445.000000;0.000000;1596.527710
1261.000000;10135.000000;11593.000000;0.000000;28114.000000;10445.000000;0.000000;1597.982544
1262.000000;10135.000000;10251.000000;0.000000;21722.000000;10445.000000;0.000000;1599.271973
1263.000000;10135.000000;10922.000000;0.000000;20300.000000;10445.000000;0.000000;1600.559692
1264.000000;10135.000000;9471.000000;0.000000;23054.000000;10445.000000;0.000000;1601.846680
1265.000000;10135.000000;10806.000000;0.000000;20205.000000;10445.000000;0.000000;1603.136841
1266.000000;10135.000000;11240.000000;0.000000;22115.000000;10445.000000;0.000000;1604.533203
1267.000000;10135.000000;10846.000000;0.000000;11738.000000;10445.000000;0.000000;1605.839233
1268.000000;10135.000000;10623.000000;0.000000;16699.000000;10445.000000;0.000000;1607.265503
1269.000000;10135.000000;9214.000000;0.000000;10061.000000;10445.000000;0.000000;1608.562256
1270.000000;10135.000000;10407.000000;0.000000;21854.000000;10445.000000;0.000000;1609.890503
1271.000000;10135.000000;10332.000000;0.000000;16054.000000;10445.000000;0.000000;1611.205688
1272.000000;10135.000000;10653.000000;0.000000;21732.000000;10445.000000;0.000000;1612.507690
1273.000000;10135.000000;12124.000000;0.000000;72197.000000;10445.000000;0.000000;1613.906372
1274.000000;10135.000000;11370.000000;0.000000;51319.000000;10445.000000;0.000000;1615.552246
1275.000000;10135.000000;11617.000000;0.000000;34908.000000;10445.000000;0.000000;1616.931274
1276.000000;10135.000000;12231.000000;0.000000;56393.000000;10445.000000;0.000000;1618.103760
1277.000000;10135.000000;10688.000000;0.000000;15955.000000;10445.000000;0.000000;1619.262451
1278.000000;10135.000000;9749.000000;0.000000;29981.000000;10445.000000;0.000000;1620.448975
1279.000000;10135.000000;11894.000000;0.000000;64435.000000;10445.000000;0.000000;1621.611572
1280.000000;10135.000000;11649.000000;0.000000;48591.000000;10445.000000;0.000000;1622.770020
1281.000000;10135.000000;10125.000000;0.000000;39079.000000;10445.000000;0.000000;1624.191650
1282.000000;10135.000000;10358.000000;0.000000;19692.000000;10445.000000;0.000000;1625.488770
1283.000000;10135.000000;9475.000000;0.000000;17118.000000;10445.000000;0.000000;1626.776123
1284.000000;10135.000000;10299.000000;0.000000;22624.000000;10445.000000;0.000000;1628.085571
1285.000000;10135.000000;10721.000000;0.000000;44922.000000;10445.000000;0.000000;1629.398438
1286.000000;10135.000000;9986.000000;0.000000;13253.000000;10445.000000;0.000000;1630.713013
1287.000000;10135.000000;11004.000000;0.000000;29914.000000;10445.000000;0.000000;1632.010864
1288.000000;10135.000000;12242.000000;0.000000;22977.000000;10445.000000;0.000000;1633.321411
1289.000000;10135.000000;12750.000000;0.000000;76863.000000;10445.000000;0.000000;1634.629028
1290.000000;10135.000000;10960.000000;0.000000;24870.000000;10445.000000;0.000000;1635.934448
1291.000000;10135.000000;11744.000000;0.000000;32763.000000;10445.000000;0.000000;1637.286255
1292.000000;10135.000000;11175.000000;0.000000;17544.000000;10445.000000;0.000000;1638.603638
1293.000000;10135.000000;10663.000000;0.000000;21664.000000;10445.000000;0.000000;1639.957520
1294.000000;10135.000000;10022.000000;0.000000;25831.000000;10445.000000;0.000000;1641.286255
1295.000000;10135.000000;10724.000000;0.000000;13493.000000;10445.000000;0.000000;1642.585083
1296.000000;10135.000000;11434.000000;0.000000;36790.000000;10445.000000;0.000000;1643.755005
1297.000000;10135.000000;11518.000000;0.000000;35381.000000;10445.000000;0.000000;1644.919678
1298.000000;10135.000000;11278.000000;0.000000;27426.000000;10445.000000;0.000000;1646.079834
1299.000000;10135.000000;10872.000000;0.000000;44029.000000;10445.000000;0.000000;1647.248779
1300.000000;10135.000000;10571.000000;0.000000;24912.000000;10445.000000;0.000000;1648.417358
1301.000000;10135.000000;11153.000000;0.000000;23139.000000;10445.000000;0.000000;1649.882568
1302.000000;10135.000000;10984.000000;0.000000;33594.000000;10445.000000;0.000000;1651.183838
1303.000000;10135.000000;11378.000000;0.000000;51491.000000;10445.000000;0.000000;1652.481323
1304.000000;10135.000000;11573.000000;0.000000;23070.000000;10445.000000;0.000000;1653.792236
1305.000000;10135.000000;11400.000000;0.000000;64985.000000;10445.000000;0.000000;1655.120117
1306.000000;10135.000000;11539.000000;0.000000;42053.000000;10445.000000;0.000000;1656.446167
1307.000000;10135.000000;10097.000000;0.000000;14051.000000;10445.000000;0.000000;1657.776123
1308.000000;10135.000000;9403.000000;0.000000;10962.000000;10445.000000;0.000000;1659.109985
1309.000000;10135.000000;10643.000000;0.000000;49485.000000;10445.000000;0.000000;1660.456543
1310.000000;10135.000000;9801.000000;0.000000;47678.000000;10445.000000;0.000000;1661.767822
1311.000000;10135.000000;11618.000000;0.000000;57252.000000;10445.000000;0.000000;1663.127808
1312.000000;10135.000000;10192.000000;0.000000;17298.000000;10445.000000;0.000000;1664.566284
1313.000000;10135.000000;11842.000000;0.000000;119327.000000;10445.000000;0.000000;1665.899902
1314.000000;10135.000000;11174.000000;0.000000;44181.000000;10445.000000;0.000000;1667.272095
1315.000000;10135.000000;10379.000000;0.000000;15893.000000;10445.000000;0.000000;1668.535889
1316.000000;10135.000000;11028.000000;0.000000;20313.000000;10445.000000;0.000000;1669.717529
1317.000000;10135.000000;10827.000000;0.000000;24099.000000;10445.000000;0.000000;1670.902466
1318.000000;10135.000000;10570.000000;0.000000;21786.000000;10445.000000;0.000000;1672.069458
1319.000000;10135.000000;9939.000000;0.000000;12690.000000;10445.000000;0.000000;1673.239990
1320.000000;10135.000000;11136.000000;0.000000;35947.000000;10445.000000;0.000000;1674.410034
1321.000000;10135.000000;11389.000000;0.000000;38709.000000;10445.000000;0.000000;1675.846313
1322.000000;10135.000000;10017.000000;0.000000;31303.000000;10445.000000;0.000000;1677.149170
1323.000000;10135.000000;10624.000000;0.000000;17159.000000;10445.000000;0.000000;1678.443237
1324.000000;10135.000000;9764.000000;0.000000;15574.000000;10445.000000;0.000000;1679.742065
1325.000000;10135.000000;11550.000000;0.000000;64099.000000;10445.000000;0.000000;1681.047241
1326.000000;10135.000000;9866.000000;0.000000;21291.000000;10445.000000;0.000000;1682.349121
1327.000000;10135.000000;9918.000000;0.000000;19277.000000;10445.000000;0.000000;1683.643066
1328.000000;10135.000000;11098.000000;0.000000;37193.000000;10445.000000;0.000000;1684.934692
1329.000000;10135.000000;9826.000000;0.000000;16911.000000;10445.000000;0.000000;1686.226807
1330.000000;10135.000000;11656.000000;0.000000;61556.000000;10445.000000;0.000000;1687.521973
1331.000000;10135.000000;11427.000000;0.000000;27154.000000;10445.000000;0.000000;1688.859741
1332.000000;10135.000000;10300.000000;0.000000;13117.000000;10445.000000;0.000000;1690.197144
1333.000000;10135.000000;10368.000000;0.000000;24073.000000;10445.000000;0.000000;1691.501465
1334.000000;10135.000000;10329.000000;0.000000;27352.000000;10445.000000;0.000000;1692.810669
1335.000000;10135.000000;12893.000000;0.000000;78778.000000;10445.000000;0.000000;1694.095215
1336.000000;10135.000000;12839.000000;0.000000;54493.000000;10445.000000;0.000000;1695.252319
1337.000000;10135.000000;11397.000000;0.000000;61944.000000;10445.000000;0.000000;1696.401001
1338.000000;10135.000000;12011.000000;0.000000;19355.000000;10445.000000;0.000000;1697.547363
1339.000000;10135.000000;11099.000000;0.000000;13474.000000;10445.000000;0.000000;1698.696777
1340.000000;10135.000000;10215.000000;0.000000;29490.000000;10445.000000;0.000000;1699.861694
1341.000000;10135.000000;12169.000000;0.000000;42588.000000;10445.000000;0.000000;1701.295410
1342.000000;10135.000000;10509.000000;0.000000;20079.000000;10445.000000;0.000000;1702.571899
1343.000000;10135.000000;10715.000000;0.000000;18009.000000;10445.000000;0.000000;1703.845337
1344.000000;10135.000000;10963.000000;0.000000;21797.000000;10445.000000;0.000000;1705.133301
1345.000000;10135.000000;10821.000000;0.000000;20470.000000;10445.000000;0.000000;1706.423828
1346.000000;10135.000000;10669.000000;0.000000;28953.000000;10445.000000;0.000000;1707.709595
1347.000000;10135.000000;11293.000000;0.000000;29918.000000;10445.000000;0.000000;1708.984619
1348.000000;10135.000000;13022.000000;0.000000;77425.000000;10445.000000;0.000000;1710.283203
1349.000000;10135.000000;11705.000000;0.000000;61529.000000;10445.000000;0.000000;1711.547607
1350.000000;10135.000000;12180.000000;0.000000;75048.000000;10445.000000;0.000000;1712.809814
1351.000000;10135.000000;10207.000000;0.000000;27224.000000;10445.000000;0.000000;1714.108765
1352.000000;10135.000000;10092.000000;0.000000;16587.000000;10445.000000;0.000000;1715.391968
1353.000000;10135.000000;11281.000000;0.000000;24180.000000;10445.000000;0.000000;1716.687744
1354.000000;10135.000000;10937.000000;0.000000;16950.000000;10445.000000;0.000000;1717.967896
1355.000000;10135.000000;10746.000000;0.000000;18857.000000;10445.000000;0.000000;1719.255127
1356.000000;10135.000000;11451.000000;0.000000;23462.000000;10445.000000;0.000000;1720.452148
1357.000000;10135.000000;10177.000000;0.000000;15625.000000;10445.000000;0.000000;1721.589233
1358.000000;10135.000000;10553.000000;0.000000;18721.000000;10445.000000;0.000000;1722.725952
1359.000000;10135.000000;12560.000000;0.000000;47211.000000;10445.000000;0.000000;1723.860962
1360.000000;10135.000000;10150.000000;0.000000;9905.000000;10445.000000;0.000000;1725.030884
1361.000000;10135.000000;11022.000000;0.000000;44209.000000;10445.000000;0.000000;1726.419312
1362.000000;10135.000000;10266.000000;0.000000;23692.000000;10445.000000;0.000000;1727.689941
1363.000000;10135.000000;10667.000000;0.000000;47777.000000;10445.000000;0.000000;1728.960205
1364.000000;10135.000000;10297.000000;0.000000;29355.000000;10445.000000;0.000000;1730.260132
1365.000000;10135.000000;11812.000000;0.000000;31209.000000;10445.000000;0.000000;1731.535034
1366.000000;10135.000000;10089.000000;0.000000;24300.000000;10445.000000;0.000000;1732.802002
1367.000000;10135.000000;11057.000000;0.000000;28161.000000;10445.000000;0.000000;1734.069580
1368.000000;10135.000000;10903.000000;0.000000;26683.000000;10445.000000;0.000000;1735.340942
1369.000000;10135.000000;11792.000000;0.000000;20283.000000;10445.000000;0.000000;1736.668579
1370.000000;10135.000000;8892.000000;0.000000;23568.000000;10445.000000;0.000000;1737.935303
1371.000000;10135.000000;10936.000000;0.000000;24833.000000;10445.000000;0.000000;1739.251953
1372.000000;10135.000000;10255.000000;0.000000;25150.000000;10445.000000;0.000000;1740.580322
1373.000000;10135.000000;12495.000000;0.000000;53998.000000;10445.000000;0.000000;1741.876709
1374.000000;10135.000000;10412.000000;0.000000;46191.000000;10445.000000;0.000000;1743.171143
1375.000000;10135.000000;10832.000000;0.000000;27504.000000;10445.000000;0.000000;1744.465942
1376.000000;10135.000000;11021.000000;0.000000;18452.000000;10445.000000;0.000000;1745.614380
1377.000000;10135.000000;9709.000000;0.000000;14359.000000;10445.000000;0.000000;1746.754150
1378.000000;10135.000000;10539.000000;0.000000;19857.000000;10445.000000;0.000000;1747.894653
1379.000000;10135.000000;10643.000000;0.000000;24267.000000;10445.000000;0.000000;1749.039307
1380.000000;10135.000000;10427.000000;0.000000;17341.000000;10445.000000;0.000000;1750.189941
1381.000000;10135.000000;12125.000000;0.000000;72437.000000;10445.000000;0.000000;1751.594482
1382.000000;10135.000000;10352.000000;0.000000;33053.000000;10445.000000;0.000000;1752.874390
1383.000000;10135.000000;8947.000000;0.000000;9405.000000;10445.000000;0.000000;1754.135742
1384.000000;10135.000000;10836.000000;0.000000;16132.000000;10445.000000;0.000000;1755.412964
1385.000000;10135.000000;10404.000000;0.000000;8651.000000;10445.000000;0.000000;1756.693604
1386.000000;10135.000000;10657.000000;0.000000;23435.000000;10445.000000;0.000000;1757.972900
1387.000000;10135.000000;12399.000000;0.000000;50707.000000;10445.000000;0.000000;1759.257202
1388.000000;10135.000000;9778.000000;0.000000;15433.000000;10445.000000;0.000000;1760.558960
1389.000000;10135.000000;10624.000000;0.000000;16387.000000;10445.000000;0.000000;1761.837280
1390.000000;10135.000000;10810.000000;0.000000;34062.000000;10445.000000;0.000000;1763.111084
1391.000000;10135.000000;12673.000000;0.000000;81592.000000;10445.000000;0.000000;1764.422852
1392.000000;10135.000000;11306.000000;0.000000;48115.000000;10445.000000;0.000000;1765.713623
1393.000000;10135.000000;10733.000000;0.000000;36133.000000;10445.000000;0.000000;1767.003662
1394.000000;10135.000000;11656.000000;0.000000;36007.000000;10445.000000;0.000000;1768.291870
1395.000000;10135.000000;10635.000000;0.000000;16764.000000;10445.000000;0.000000;1769.595337
1396.000000;10135.000000;10558.000000;0.000000;13208.000000;10445.000000;0.000000;1770.812988
1397.000000;10135.000000;10619.000000;0.000000;12672.000000;10445.000000;0.000000;1771.973877
1398.000000;10135.000000;10438.000000;0.000000;18767.000000;10445.000000;0.000000;1773.132690
1399.000000;10135.000000;10825.000000;0.000000;14427.000000;10445.000000;0.000000;1774.291626
1400.000000;10135.000000;11735.000000;0.000000;32674.000000;10445.000000;0.000000;1775.451538
1401.000000;10135.000000;9165.000000;0.000000;26594.000000;10445.000000;0.000000;1776.858521
1402.000000;10135.000000;12064.000000;0.000000;33024.000000;10445.000000;0.000000;1778.146973
1403.000000;10135.000000;10332.000000;0.000000;19429.000000;10445.000000;0.000000;1779.424927
1404.000000;10135.000000;11314.000000;0.000000;73164.000000;10445.000000;0.000000;1780.740479
1405.000000;10135.000000;10874.000000;0.000000;26634.000000;10445.000000;0.000000;1782.029297
1406.000000;10135.000000;10149.000000;0.000000;23351.000000;10445.000000;0.000000;1783.329956
1407.000000;10135.000000;10326.000000;0.000000;13298.000000;10445.000000;0.000000;1784.661865
1408.000000;10135.000000;12204.000000;0.000000;43041.000000;10445.000000;0.000000;1785.953857
1409.000000;10135.000000;11700.000000;0.000000;43534.000000;10445.000000;0.000000;1787.251099
1410.000000;10135.000000;10813.000000;0.000000;15686.000000;10445.000000;0.000000;1788.544189
1411.000000;10135.000000;11043.000000;0.000000;24839.000000;10445.000000;0.000000;1789.830322
1412.000000;10135.000000;10299.000000;0.000000;12735.000000;10445.000000;0.000000;1791.155640
1413.000000;10135.000000;10212.000000;0.000000;13039.000000;10445.000000;0.000000;1792.443115
1414.000000;10135.000000;9291.000000;0.000000;26576.000000;10445.000000;0.000000;1793.729370
1415.000000;10135.000000;11850.000000;0.000000;48917.000000;10445.000000;0.000000;1795.017456
1416.000000;10135.000000;9052.000000;0.000000;34647.000000;10445.000000;0.000000;1796.303955
1417.000000;10135.000000;11027.000000;0.000000;34918.000000;10445.000000;0.000000;1797.631958
1418.000000;10135.000000;10512.000000;0.000000;20323.000000;10445.000000;0.000000;1798.945801
1419.000000;10135.000000;11701.000000;0.000000;27053.000000;10445.000000;0.000000;1800.262329
1420.000000;10135.000000;12343.000000;0.000000;89942.000000;10445.000000;0.000000;1801.611694
1421.000000;10135.000000;9548.000000;0.000000;25665.000000;10445.000000;0.000000;1803.080566
1422.000000;10135.000000;11437.000000;0.000000;48052.000000;10445.000000;0.000000;1804.363647
1423.000000;10135.000000;10436.000000;0.000000;36285.000000;10445.000000;0.000000;1805.652344
1424.000000;10135.000000;11266.000000;0.000000;25606.000000;10445.000000;0.000000;1806.951416
1425.000000;10135.000000;9253.000000;0.000000;31272.000000;10445.000000;0.000000;1808.265747
1426.000000;10135.000000;10566.000000;0.000000;12216.000000;10445.000000;0.000000;1809.565186
1427.000000;10135.000000;10844.000000;0.000000;12830.000000;10445.000000;0.000000;1810.902588
1428.000000;10135.000000;11047.000000;0.000000;35110.000000;10445.000000;0.000000;1812.209839
1429.000000;10135.000000;10152.000000;0.000000;15387.000000;10445.000000;0.000000;1813.514648
1430.000000;10135.000000;10794.000000;0.000000;17788.000000;10445.000000;0.000000;1814.823242
1431.000000;10135.000000;11303.000000;0.000000;33160.000000;10445.000000;0.000000;1816.171387
1432.000000;10135.000000;11586.000000;0.000000;37445.000000;10445.000000;0.000000;1817.492432
1433.000000;10135.000000;11959.000000;0.000000;48513.000000;10445.000000;0.000000;1818.814209
1434.000000;10135.000000;11842.000000;0.000000;69590.000000;10445.000000;0.000000;1820.143066
1435.000000;10135.000000;9693.000000;0.000000;29451.000000;10445.000000;0.000000;1821.427124
1436.000000;10135.000000;10925.000000;0.000000;25674.000000;10445.000000;0.000000;1822.601929
1437.000000;10135.000000;10686.000000;0.000000;14274.000000;10445.000000;0.000000;1823.774902
1438.000000;10135.000000;9792.000000;0.000000;20541.000000;10445.000000;0.000000;1824.949341
1439.000000;10135.000000;11275.000000;0.000000;27108.000000;10445.000000;0.000000;1826.118164
1440.000000;10135.000000;10244.000000;0.000000;19030.000000;10445.000000;0.000000;1827.289917
1441.000000;10135.000000;12014.000000;0.000000;47594.000000;10445.000000;0.000000;1828.723877
1442.000000;10135.000000;11014.000000;0.000000;25267.000000;10445.000000;0.000000;1830.040771
1443.000000;10135.000000;10801.000000;0.000000;22822.000000;10445.000000;0.000000;1831.369873
1444.000000;10135.000000;10261.000000;0.000000;10933.000000;10445.000000;0.000000;1832.685181
1445.000000;10135.000000;9913.000000;0.000000;17684.000000;10445.000000;0.000000;1834.009155
1446.000000;10135.000000;9572.000000;0.000000;41766.000000;10445.000000;0.000000;1835.331665
1447.000000;10135.000000;12383.000000;0.000000;55096.000000;10445.000000;0.000000;1836.651367
1448.000000;10135.000000;10756.000000;0.000000;21306.000000;10445.000000;0.000000;1838.102661
1449.000000;10135.000000;11239.000000;0.000000;28845.000000;10445.000000;0.000000;1839.429321
1450.000000;10135.000000;11755.000000;0.000000;55426.000000;10445.000000;0.000000;1840.775879
1451.000000;10135.000000;10770.000000;0.000000;57653.000000;10445.000000;0.000000;1842.146118
1452.000000;10135.000000;11167.000000;0.000000;31078.000000;10445.000000;0.000000;1843.481079
1453.000000;10135.000000;9618.000000;0.000000;41411.000000;10445.000000;0.000000;1844.923950
1454.000000;10135.000000;11578.000000;0.000000;37085.000000;10445.000000;0.000000;1846.258667
1455.000000;10135.000000;9805.000000;0.000000;20540.000000;10445.000000;0.000000;1847.517700
1456.000000;10135.000000;10770.000000;0.000000;39196.000000;10445.000000;0.000000;1848.688843
1457.000000;10135.000000;11757.000000;0.000000;22475.000000;10445.000000;0.000000;1849.865234
1458.000000;10135.000000;10387.000000;0.000000;13686.000000;10445.000000;0.000000;1851.065063
1459.000000;10135.000000;10877.000000;0.000000;19844.000000;10445.000000;0.000000;1852.241455
1460.000000;10135.000000;11272.000000;0.000000;54766.000000;10445.000000;0.000000;1853.417358
1461.000000;10135.000000;10767.000000;0.000000;21537.000000;10445.000000;0.000000;1854.858887
1462.000000;10135.000000;12858.000000;0.000000;49423.000000;10445.000000;0.000000;1856.160889
1463.000000;10135.000000;11247.000000;0.000000;31705.000000;10445.000000;0.000000;1857.459839
1464.000000;10135.000000;11193.000000;0.000000;61933.000000;10445.000000;0.000000;1858.767334
1465.000000;10135.000000;11205.000000;0.000000;34183.000000;10445.000000;0.000000;1860.062134
1466.000000;10135.000000;11868.000000;0.000000;26863.000000;10445.000000;0.000000;1861.379395
1467.000000;10135.000000;11594.000000;0.000000;34599.000000;10445.000000;0.000000;1862.670166
1468.000000;10135.000000;9891.000000;0.000000;18006.000000;10445.000000;0.000000;1863.958374
1469.000000;10135.000000;10105.000000;0.000000;19460.000000;10445.000000;0.000000;1865.243774
1470.000000;10135.000000;11475.000000;0.000000;18601.000000;10445.000000;0.000000;1866.579834
1471.000000;10135.000000;11865.000000;0.000000;38840.000000;10445.000000;0.000000;1867.914917
1472.000000;10135.000000;10737.000000;0.000000;28936.000000;10445.000000;0.000000;1869.225098
1473.000000;10135.000000;11382.000000;0.000000;55602.000000;10445.000000;0.000000;1870.528442
1474.000000;10135.000000;10811.000000;0.000000;17574.000000;10445.000000;0.000000;1871.860107
1475.000000;10135.000000;9655.000000;0.000000;44485.000000;10445.000000;0.000000;1873.155640
1476.000000;10135.000000;11393.000000;0.000000;61878.000000;10445.000000;0.000000;1874.312012
1477.000000;10135.000000;10888.000000;0.000000;20424.000000;10445.000000;0.000000;1875.463867
1478.000000;10135.000000;11912.000000;0.000000;59898.000000;10445.000000;0.000000;1876.614136
1479.000000;10135.000000;11457.000000;0.000000;26098.000000;10445.000000;0.000000;1877.766602
1480.000000;10135.000000;10181.000000;0.000000;18560.000000;10445.000000;0.000000;1878.917114
1481.000000;10135.000000;12060.000000;0.000000;45005.000000;10445.000000;0.000000;1880.403320
1482.000000;10135.000000;11287.000000;0.000000;24838.000000;10445.000000;0.000000;1881.716675
1483.000000;10135.000000;10711.000000;0.000000;14818.000000;10445.000000;0.000000;1882.997803
1484.000000;10135.000000;10072.000000;0.000000;21217.000000;10445.000000;0.000000;1884.301758
1485.000000;10135.000000;10929.000000;0.000000;29875.000000;10445.000000;0.000000;1885.608887
1486.000000;10135.000000;10192.000000;0.000000;7475.000000;10445.000000;0.000000;1886.901855
1487.000000;10135.000000;10499.000000;0.000000;25405.000000;10445.000000;0.000000;1888.192749
1488.000000;10135.000000;13123.000000;0.000000;80297.000000;10445.000000;0.000000;1889.463867
1489.000000;10135.000000;12055.000000;0.000000;35667.000000;10445.000000;0.000000;1890.731567
1490.000000;10135.000000;11924.000000;0.000000;70096.000000;10445.000000;0.000000;1892.025879
1491.000000;10135.000000;10409.000000;0.000000;10545.000000;10445.000000;0.000000;1893.296265
1492.000000;10135.000000;10320.000000;0.000000;23362.000000;10445.000000;0.000000;1894.564209
1493.000000;10135.000000;11415.000000;0.000000;44248.000000;10445.000000;0.000000;1895.834473
1494.000000;10135.000000;12763.000000;0.000000;69647.000000;10445.000000;0.000000;1897.102783
1495.000000;10135.000000;10926.000000;0.000000;29994.000000;10445.000000;0.000000;1898.379883
1496.000000;10135.000000;10757.000000;0.000000;17878.000000;10445.000000;0.000000;1899.688965
1497.000000;10135.000000;10682.000000;0.000000;30188.000000;10445.000000;0.000000;1900.973511
1498.000000;10135.000000;11140.000000;0.000000;29201.000000;10445.000000;0.000000;1902.284424
1499.000000;10135.000000;11543.000000;0.000000;38422.000000;10445.000000;0.000000;1903.572998
1500.000000;10135.000000;13113.000000;0.000000;76333.000000;10445.000000;0.000000;1904.955688
1501.000000;10135.000000;9501.000000;0.000000;12823.000000;10445.000000;0.000000;1906.350098
1502.000000;10135.000000;10237.000000;0.000000;15953.000000;10445.000000;0.000000;1907.620728
1503.000000;10135.000000;10445.000000;0.000000;26243.000000;10445.000000;0.000000;1908.884644
1504.000000;10135.000000;11195.000000;0.000000;20334.000000;10445.000000;0.000000;1910.163574
1505.000000;10135.000000;12272.000000;0.000000;54783.000000;10445.000000;0.000000;1911.464844
1506.000000;10135.000000;9067.000000;0.000000;17925.000000;10445.000000;0.000000;1912.734009
1507.000000;10135.000000;11120.000000;0.000000;40077.000000;10445.000000;0.000000;1914.002075
1508.000000;10135.000000;10015.000000;0.000000;22324.000000;10445.000000;0.000000;1915.333496
1509.000000;10135.000000;10074.000000;0.000000;30646.000000;10445.000000;0.000000;1916.629761
1510.000000;10135.000000;12135.000000;0.000000;53123.000000;10445.000000;0.000000;1918.254639
1511.000000;10135.000000;11333.000000;0.000000;31516.000000;10445.000000;0.000000;1919.718994
1512.000000;10135.000000;11312.000000;0.000000;17184.000000;10445.000000;0.000000;1921.016846
1513.000000;10135.000000;11958.000000;0.000000;63638.000000;10445.000000;0.000000;1922.330444
1514.000000;10135.000000;11116.000000;0.000000;40059.000000;10445.000000;0.000000;1923.625488
1515.000000;10135.000000;12360.000000;0.000000;54825.000000;10445.000000;0.000000;1924.866333
1516.000000;10135.000000;11273.000000;0.000000;22096.000000;10445.000000;0.000000;1926.007568
1517.000000;10135.000000;10312.000000;0.000000;22525.000000;10445.000000;0.000000;1927.151245
1518.000000;10135.000000;10765.000000;0.000000;21402.000000;10445.000000;0.000000;1928.304565
1519.000000;10135.000000;10127.000000;0.000000;22159.000000;10445.000000;0.000000;1929.452515
1520.000000;10135.000000;9602.000000;0.000000;15681.000000;10445.000000;0.000000;1930.595581
1521.000000;10135.000000;10528.000000;0.000000;17683.000000;10445.000000;0.000000;1932.026245
1522.000000;10135.000000;9012.000000;0.000000;30933.000000;10445.000000;0.000000;1933.305908
1523.000000;10135.000000;11913.000000;0.000000;54501.000000;10445.000000;0.000000;1934.572998
1524.000000;10135.000000;9396.000000;0.000000;20321.000000;10445.000000;0.000000;1935.853882
1525.000000;10135.000000;13068.000000;0.000000;78881.000000;10445.000000;0.000000;1937.135254
1526.000000;10135.000000;10638.000000;0.000000;17993.000000;10445.000000;0.000000;1938.416382
1527.000000;10135.000000;12184.000000;0.000000;54476.000000;10445.000000;0.000000;1939.696899
1528.000000;10135.000000;10120.000000;0.000000;23851.000000;10445.000000;0.000000;1940.974121
1529.000000;10135.000000;10038.000000;0.000000;13031.000000;10445.000000;0.000000;1942.284790
1530.000000;10135.000000;11084.000000;0.000000;23164.000000;10445.000000;0.000000;1943.570557
1531.000000;10135.000000;12589.000000;0.000000;52493.000000;10445.000000;0.000000;1944.888062
1532.000000;10135.000000;10004.000000;0.000000;54604.000000;10445.000000;0.000000;1946.192383
1533.000000;10135.000000;10838.000000;0.000000;21098.000000;10445.000000;0.000000;1947.490723
1534.000000;10135.000000;11790.000000;0.000000;47442.000000;10445.000000;0.000000;1948.834229
1535.000000;10135.000000;12265.000000;0.000000;38238.000000;10445.000000;0.000000;1950.139648
1536.000000;10135.000000;13031.000000;0.000000;81515.000000;10445.000000;0.000000;1951.306030
1537.000000;10135.000000;11962.000000;0.000000;46960.000000;10445.000000;0.000000;1952.484253
1538.000000;10135.000000;10625.000000;0.000000;23645.000000;10445.000000;0.000000;1953.636719
1539.000000;10135.000000;10888.000000;0.000000;23921.000000;10445.000000;0.000000;1954.790405
1540.000000;10135.000000;11912.000000;0.000000;36398.000000;10445.000000;0.000000;1955.943604
1541.000000;10135.000000;10161.000000;0.000000;7269.000000;10445.000000;0.000000;1957.355591
1542.000000;10135.000000;10227.000000;0.000000;28026.000000;10445.000000;0.000000;1958.664429
1543.000000;10135.000000;11186.000000;0.000000;17873.000000;10445.000000;0.000000;1959.958984
1544.000000;10135.000000;9809.000000;0.000000;21653.000000;10445.000000;0.000000;1961.266235
1545.000000;10135.000000;11920.000000;0.000000;35890.000000;10445.000000;0.000000;1962.592773
1546.000000;10135.000000;10931.000000;0.000000;25413.000000;10445.000000;0.000000;1963.888062
1547.000000;10135.000000;11711.000000;0.000000;45097.000000;10445.000000;0.000000;1965.252197
1548.000000;10135.000000;10458.000000;0.000000;20800.000000;10445.000000;0.000000;1966.696411
1549.000000;10135.000000;11154.000000;0.000000;23590.000000;10445.000000;0.000000;1967.999268
1550.000000;10135.000000;10673.000000;0.000000;14979.000000;10445.000000;0.000000;1969.295044
1551.000000;10135.000000;10713.000000;0.000000;18308.000000;10445.000000;0.000000;1970.634766
1552.000000;10135.000000;10948.000000;0.000000;15494.000000;10445.000000;0.000000;1971.973511
1553.000000;10135.000000;12373.000000;0.000000;68209.000000;10445.000000;0.000000;1973.283081
1554.000000;10135.000000;12815.000000;0.000000;47915.000000;10445.000000;0.000000;1974.591064
1555.000000;10135.000000;11430.000000;0.000000;61170.000000;10445.000000;0.000000;1975.845825
1556.000000;10135.000000;11204.000000;0.000000;27928.000000;10445.000000;0.000000;1977.002686
1557.000000;10135.000000;10172.000000;0.000000;14268.000000;10445.000000;0.000000;1978.155884
1558.000000;10135.000000;10727.000000;0.000000;20610.000000;10445.000000;0.000000;1979.315308
1559.000000;10135.000000;12091.000000;0.000000;48980.000000;10445.000000;0.000000;1980.472778
1560.000000;10135.000000;11548.000000;0.000000;44697.000000;10445.000000;0.000000;1981.639648
1561.000000;10135.000000;11180.000000;0.000000;41073.000000;10445.000000;0.000000;1983.067017
1562.000000;10135.000000;11234.000000;0.000000;14796.000000;10445.000000;0.000000;1984.371216
1563.000000;10135.000000;10800.000000;0.000000;15203.000000;10445.000000;0.000000;1985.659546
1564.000000;10135.000000;11303.000000;0.000000;20932.000000;10445.000000;0.000000;1986.963501
1565.000000;10135.000000;9816.000000;0.000000;13863.000000;10445.000000;0.000000;1988.285645
1566.000000;10135.000000;10753.000000;0.000000;15992.000000;10445.000000;0.000000;1989.605469
1567.000000;10135.000000;10869.000000;0.000000;28307.000000;10445.000000;0.000000;1990.921021
1568.000000;10135.000000;11710.000000;0.000000;44776.000000;10445.000000;0.000000;1992.269043
1569.000000;10135.000000;12693.000000;0.000000;51494.000000;10445.000000;0.000000;1993.576050
1570.000000;10135.000000;10415.000000;0.000000;14100.000000;10445.000000;0.000000;1994.877686
1571.000000;10135.000000;10924.000000;0.000000;18384.000000;10445.000000;0.000000;1996.219116
1572.000000;10135.000000;10944.000000;0.000000;35326.000000;10445.000000;0.000000;1997.540161
1573.000000;10135.000000;10881.000000;0.000000;20024.000000;10445.000000;0.000000;1998.849243
1574.000000;10135.000000;11919.000000;0.000000;28382.000000;10445.000000;0.000000;2000.156616
1575.000000;10135.000000;12113.000000;0.000000;24787.000000;10445.000000;0.000000;2001.462769
1576.000000;10135.000000;10591.000000;0.000000;24248.000000;10445.000000;0.000000;2002.822998
1577.000000;10135.000000;10581.000000;0.000000;25764.000000;10445.000000;0.000000;2004.149536
1578.000000;10135.000000;10024.000000;0.000000;15812.000000;10445.000000;0.000000;2005.481934
1579.000000;10135.000000;10419.000000;0.000000;22546.000000;10445.000000;0.000000;2006.812622
1580.000000;10135.000000;10506.000000;0.000000;19093.000000;10445.000000;0.000000;2008.128418
1581.000000;10135.000000;13209.000000;0.000000;81379.000000;10445.000000;0.000000;2009.551147
1582.000000;10135.000000;10370.000000;0.000000;16022.000000;10445.000000;0.000000;2010.822998
1583.000000;10135.000000;10542.000000;0.000000;20493.000000;10445.000000;0.000000;2012.119873
1584.000000;10135.000000;11516.000000;0.000000;62773.000000;10445.000000;0.000000;2013.399658
1585.000000;10135.000000;11162.000000;0.000000;25606.000000;10445.000000;0.000000;2014.684204
1586.000000;10135.000000;11127.000000;0.000000;18201.000000;10445.000000;0.000000;2015.962280
1587.000000;10135.000000;11783.000000;0.000000;29280.000000;10445.000000;0.000000;2017.240601
1588.000000;10135.000000;10940.000000;0.000000;36788.000000;10445.000000;0.000000;2018.523926
1589.000000;10135.000000;11681.000000;0.000000;46192.000000;10445.000000;0.000000;2019.803345
1590.000000;10135.000000;12314.000000;0.000000;45046.000000;10445.000000;0.000000;2021.079956
1591.000000;10135.000000;10049.000000;0.000000;15350.000000;10445.000000;0.000000;2022.426880
1592.000000;10135.000000;10701.000000;0.000000;18725.000000;10445.000000;0.000000;2023.722412
1593.000000;10135.000000;11141.000000;0.000000;25223.000000;10445.000000;0.000000;2025.048584
1594.000000;10135.000000;11382.000000;0.000000;29107.000000;10445.000000;0.000000;2026.340454
1595.000000;10135.000000;11021.000000;0.000000;61781.000000;10445.000000;0.000000;2027.631348
1596.000000;10135.000000;11705.000000;0.000000;24827.000000;10445.000000;0.000000;2028.783447
1597.000000;10135.000000;12422.000000;0.000000;53086.000000;10445.000000;0.000000;2029.919800
1598.000000;10135.000000;11287.000000;0.000000;40630.000000;10445.000000;0.000000;2031.053833
1599.000000;10135.000000;9967.000000;0.000000;17753.000000;10445.000000;0.000000;2032.232666
1600.000000;10135.000000;10473.000000;0.000000;11623.000000;10445.000000;0.000000;2033.374146
1601.000000;10135.000000;11902.000000;0.000000;29935.000000;10445.000000;0.000000;2034.765259
1602.000000;10135.000000;11859.000000;0.000000;44623.000000;10445.000000;0.000000;2036.034546
1603.000000;10135.000000;11456.000000;0.000000;51659.000000;10445.000000;0.000000;2037.297485
1604.000000;10135.000000;9729.000000;0.000000;24616.000000;10445.000000;0.000000;2038.583618
1605.000000;10135.000000;10969.000000;0.000000;32429.000000;10445.000000;0.000000;2039.877075
1606.000000;10135.000000;9586.000000;0.000000;37459.000000;10445.000000;0.000000;2041.166138
1607.000000;10135.000000;11459.000000;0.000000;29738.000000;10445.000000;0.000000;2042.493530
1608.000000;10135.000000;10790.000000;0.000000;11754.000000;10445.000000;0.000000;2043.783936
1609.000000;10135.000000;10340.000000;0.000000;13654.000000;10445.000000;0.000000;2045.077271
1610.000000;10135.000000;10374.000000;0.000000;12228.000000;10445.000000;0.000000;2046.364624
1611.000000;10135.000000;10025.000000;0.000000;38558.000000;10445.000000;0.000000;2047.697754
1612.000000;10135.000000;11140.000000;0.000000;24555.000000;10445.000000;0.000000;2049.014648
1613.000000;10135.000000;11981.000000;0.000000;56191.000000;10445.000000;0.000000;2050.326416
1614.000000;10135.000000;10671.000000;0.000000;28517.000000;10445.000000;0.000000;2051.639893
1615.000000;10135.000000;10974.000000;0.000000;37517.000000;10445.000000;0.000000;2052.979004
1616.000000;10135.000000;11232.000000;0.000000;25520.000000;10445.000000;0.000000;2054.144043
1617.000000;10135.000000;10837.000000;0.000000;12894.000000;10445.000000;0.000000;2055.300049
1618.000000;10135.000000;12421.000000;0.000000;66523.000000;10445.000000;0.000000;2056.449951
1619.000000;10135.000000;10510.000000;0.000000;18436.000000;10445.000000;0.000000;2057.599365
1620.000000;10135.000000;10965.000000;0.000000;19003.000000;10445.000000;0.000000;2058.747559
1621.000000;10135.000000;11511.000000;0.000000;23083.000000;10445.000000;0.000000;2060.140381
1622.000000;10135.000000;10207.000000;0.000000;24011.000000;10445.000000;0.000000;2061.423584
1623.000000;10135.000000;11669.000000;0.000000;46554.000000;10445.000000;0.000000;2062.733643
1624.000000;10135.000000;11733.000000;0.000000;40264.000000;10445.000000;0.000000;2064.023926
1625.000000;10135.000000;10864.000000;0.000000;30121.000000;10445.000000;0.000000;2065.314209
1626.000000;10135.000000;11191.000000;0.000000;57636.000000;10445.000000;0.000000;2066.603271
1627.000000;10135.000000;10506.000000;0.000000;23372.000000;10445.000000;0.000000;2067.888916
1628.000000;10135.000000;10572.000000;0.000000;26299.000000;10445.000000;0.000000;2069.182129
1629.000000;10135.000000;11230.000000;0.000000;27135.000000;10445.000000;0.000000;2070.480713
1630.000000;10135.000000;10731.000000;0.000000;26563.000000;10445.000000;0.000000;2071.778564
1631.000000;10135.000000;11749.000000;0.000000;61872.000000;10445.000000;0.000000;2073.141357
1632.000000;10135.000000;9590.000000;0.000000;10010.000000;10445.000000;0.000000;2074.460449
1633.000000;10135.000000;11957.000000;0.000000;26786.000000;10445.000000;0.000000;2075.780273
1634.000000;10135.000000;9652.000000;0.000000;18760.000000;10445.000000;0.000000;2077.104980
1635.000000;10135.000000;10967.000000;0.000000;36950.000000;10445.000000;0.000000;2078.428223
1636.000000;10135.000000;12407.000000;0.000000;64604.000000;10445.000000;0.000000;2079.607178
1637.000000;10135.000000;11763.000000;0.000000;50686.000000;10445.000000;0.000000;2080.772949
1638.000000;10135.000000;12090.000000;0.000000;28385.000000;10445.000000;0.000000;2081.954590
1639.000000;10135.000000;9652.000000;0.000000;30909.000000;10445.000000;0.000000;2083.153809
1640.000000;10135.000000;12422.000000;0.000000;68564.000000;10445.000000;0.000000;2084.334717
1641.000000;10135.000000;10410.000000;0.000000;14322.000000;10445.000000;0.000000;2085.779053
1642.000000;10135.000000;12924.000000;0.000000;67490.000000;10445.000000;0.000000;2087.075195
1643.000000;10135.000000;9924.000000;0.000000;26266.000000;10445.000000;0.000000;2088.365479
1644.000000;10135.000000;12310.000000;0.000000;45449.000000;10445.000000;0.000000;2089.666748
1645.000000;10135.000000;10923.000000;0.000000;23623.000000;10445.000000;0.000000;2090.965820
1646.000000;10135.000000;12225.000000;0.000000;53404.000000;10445.000000;0.000000;2092.272705
1647.000000;10135.000000;10545.000000;0.000000;21821.000000;10445.000000;0.000000;2093.586914
1648.000000;10135.000000;10414.000000;0.000000;7804.000000;10445.000000;0.000000;2094.887451
1649.000000;10135.000000;10167.000000;0.000000;33586.000000;10445.000000;0.000000;2096.183594
1650.000000;10135.000000;10016.000000;0.000000;17253.000000;10445.000000;0.000000;2097.484375
1651.000000;10135.000000;11193.000000;0.000000;59245.000000;10445.000000;0.000000;2098.780273
1652.000000;10135.000000;9579.000000;0.000000;32928.000000;10445.000000;0.000000;2100.053711
1653.000000;10135.000000;11897.000000;0.000000;32892.000000;10445.000000;0.000000;2101.330078
1654.000000;10135.000000;11511.000000;0.000000;43928.000000;10445.000000;0.000000;2102.645020
1655.000000;10135.000000;11091.000000;0.000000;46199.000000;10445.000000;0.000000;2103.929199
1656.000000;10135.000000;10531.000000;0.000000;15013.000000;10445.000000;0.000000;2105.231445
1657.000000;10135.000000;9672.000000;0.000000;17241.000000;10445.000000;0.000000;2106.532715
1658.000000;10135.000000;9745.000000;0.000000;23814.000000;10445.000000;0.000000;2107.822510
1659.000000;10135.000000;9968.000000;0.000000;13761.000000;10445.000000;0.000000;2109.118408
1660.000000;10135.000000;10266.000000;0.000000;35578.000000;10445.000000;0.000000;2110.410400
1661.000000;10135.000000;12794.000000;0.000000;52563.000000;10445.000000;0.000000;2111.843262
1662.000000;10135.000000;10228.000000;0.000000;8341.000000;10445.000000;0.000000;2113.138672
1663.000000;10135.000000;10938.000000;0.000000;11603.000000;10445.000000;0.000000;2114.406738
1664.000000;10135.000000;9429.000000;0.000000;10408.000000;10445.000000;0.000000;2115.685791
1665.000000;10135.000000;11827.000000;0.000000;38914.000000;10445.000000;0.000000;2116.957764
1666.000000;10135.000000;11119.000000;0.000000;13887.000000;10445.000000;0.000000;2118.232910
1667.000000;10135.000000;10595.000000;0.000000;22551.000000;10445.000000;0.000000;2119.512939
1668.000000;10135.000000;10572.000000;0.000000;19457.000000;10445.000000;0.000000;2120.787354
1669.000000;10135.000000;9656.000000;0.000000;33915.000000;10445.000000;0.000000;2122.058594
1670.000000;10135.000000;11207.000000;0.000000;36824.000000;10445.000000;0.000000;2123.360107
1671.000000;10135.000000;10159.000000;0.000000;19092.000000;10445.000000;0.000000;2124.679199
1672.000000;10135.000000;10374.000000;0.000000;42215.000000;10445.000000;0.000000;2125.968018
1673.000000;10135.000000;10682.000000;0.000000;13341.000000;10445.000000;0.000000;2127.317871
1674.000000;10135.000000;10159.000000;0.000000;17986.000000;10445.000000;0.000000;2128.627197
1675.000000;10135.000000;11319.000000;0.000000;34032.000000;10445.000000;0.000000;2129.895508
1676.000000;10135.000000;9967.000000;0.000000;35125.000000;10445.000000;0.000000;2131.042969
1677.000000;10135.000000;11366.000000;0.000000;42985.000000;10445.000000;0.000000;2132.191895
1678.000000;10135.000000;11260.000000;0.000000;56737.000000;10445.000000;0.000000;2133.371338
1679.000000;10135.000000;10819.000000;0.000000;24878.000000;10445.000000;0.000000;2134.520264
1680.000000;10135.000000;10263.000000;0.000000;24802.000000;10445.000000;0.000000;2135.670410
1681.000000;10135.000000;14592.000000;0.000000;113558.000000;10445.000000;0.000000;2137.084473
1682.000000;10135.000000;13328.000000;0.000000;69278.000000;10445.000000;0.000000;2138.508789
1683.000000;10135.000000;11745.000000;0.000000;18573.000000;10445.000000;0.000000;2139.788086
1684.000000;10135.000000;10669.000000;0.000000;16036.000000;10445.000000;0.000000;2141.076660
1685.000000;10135.000000;10408.000000;0.000000;16448.000000;10445.000000;0.000000;2142.364502
1686.000000;10135.000000;9355.000000;0.000000;16352.000000;10445.000000;0.000000;2143.679688
1687.000000;10135.000000;10423.000000;0.000000;13545.000000;10445.000000;0.000000;2145.069824
1688.000000;10135.000000;9576.000000;0.000000;35861.000000;10445.000000;0.000000;2146.360596
1689.000000;10135.000000;10519.000000;0.000000;15540.000000;10445.000000;0.000000;2147.662598
1690.000000;10135.000000;10672.000000;0.000000;20764.000000;10445.000000;0.000000;2148.951660
1691.000000;10135.000000;10732.000000;0.000000;18631.000000;10445.000000;0.000000;2150.288818
1692.000000;10135.000000;9944.000000;0.000000;15832.000000;10445.000000;0.000000;2151.594971
1693.000000;10135.000000;11085.000000;0.000000;22789.000000;10445.000000;0.000000;2152.929443
1694.000000;10135.000000;10515.000000;0.000000;38808.000000;10445.000000;0.000000;2154.235596
1695.000000;10135.000000;11796.000000;0.000000;25671.000000;10445.000000;0.000000;2155.501709
1696.000000;10135.000000;10186.000000;0.000000;25427.000000;10445.000000;0.000000;2156.651611
1697.000000;10135.000000;11546.000000;0.000000;33817.000000;10445.000000;0.000000;2157.802002
1698.000000;10135.000000;10818.000000;0.000000;14674.000000;10445.000000;0.000000;2158.957275
1699.000000;10135.000000;10391.000000;0.000000;22039.000000;10445.000000;0.000000;2160.117920
1700.000000;10135.000000;10738.000000;0.000000;12030.000000;10445.000000;0.000000;2161.275391
1701.000000;10135.000000;11257.000000;0.000000;24265.000000;10445.000000;0.000000;2162.684082
1702.000000;10135.000000;11045.000000;0.000000;24328.000000;10445.000000;0.000000;2164.000732
1703.000000;10135.000000;11034.000000;0.000000;20897.000000;10445.000000;0.000000;2165.300781
1704.000000;10135.000000;10559.000000;0.000000;14838.000000;10445.000000;0.000000;2166.598877
1705.000000;10135.000000;11934.000000;0.000000;39828.000000;10445.000000;0.000000;2167.904053
1706.000000;10135.000000;10387.000000;0.000000;27207.000000;10445.000000;0.000000;2169.207764
1707.000000;10135.000000;10176.000000;0.000000;7258.000000;10445.000000;0.000000;2170.505859
1708.000000;10135.000000;11202.000000;0.000000;23839.000000;10445.000000;0.000000;2171.804443
1709.000000;10135.000000;11172.000000;0.000000;30946.000000;10445.000000;0.000000;2173.135742
1710.000000;10135.000000;9696.000000;0.000000;22270.000000;10445.000000;0.000000;2174.433105
1711.000000;10135.000000;10165.000000;0.000000;25722.000000;10445.000000;0.000000;2175.770752
1712.000000;10135.000000;9321.000000;0.000000;48405.000000;10445.000000;0.000000;2177.083008
1713.000000;10135.000000;11577.000000;0.000000;30828.000000;10445.000000;0.000000;2178.398193
1714.000000;10135.000000;10210.000000;0.000000;22509.000000;10445.000000;0.000000;2179.715088
1715.000000;10135.000000;10853.000000;0.000000;22108.000000;10445.000000;0.000000;2181.023926
1716.000000;10135.000000;9730.000000;0.000000;15500.000000;10445.000000;0.000000;2182.186035
1717.000000;10135.000000;11244.000000;0.000000;20192.000000;10445.000000;0.000000;2183.393066
1718.000000;10135.000000;9967.000000;0.000000;22924.000000;10445.000000;0.000000;2184.552734
1719.000000;10135.000000;12947.000000;0.000000;85073.000000;10445.000000;0.000000;2185.716064
1720.000000;10135.000000;8765.000000;0.000000;29605.000000;10445.000000;0.000000;2186.935059
1721.000000;10135.000000;11137.000000;0.000000;32529.000000;10445.000000;0.000000;2188.359863
1722.000000;10135.000000;10212.000000;0.000000;14642.000000;10445.000000;0.000000;2189.661865
1723.000000;10135.000000;10138.000000;0.000000;13186.000000;10445.000000;0.000000;2190.959717
1724.000000;10135.000000;9517.000000;0.000000;37039.000000;10445.000000;0.000000;2192.270996
1725.000000;10135.000000;11886.000000;0.000000;28520.000000;10445.000000;0.000000;2193.625488
1726.000000;10135.000000;10202.000000;0.000000;26339.000000;10445.000000;0.000000;2194.968506
1727.000000;10135.000000;11963.000000;0.000000;27412.000000;10445.000000;0.000000;2196.295410
1728.000000;10135.000000;9864.000000;0.000000;33454.000000;10445.000000;0.000000;2197.605713
1729.000000;10135.000000;11285.000000;0.000000;42328.000000;10445.000000;0.000000;2198.922607
1730.000000;10135.000000;10862.000000;0.000000;31756.000000;10445.000000;0.000000;2200.239502
1731.000000;10135.000000;10916.000000;0.000000;42962.000000;10445.000000;0.000000;2201.565918
1732.000000;10135.000000;11056.000000;0.000000;12348.000000;10445.000000;0.000000;2202.874268
1733.000000;10135.000000;11226.000000;0.000000;24251.000000;10445.000000;0.000000;2204.223633
1734.000000;10135.000000;11109.000000;0.000000;32796.000000;10445.000000;0.000000;2205.560059
1735.000000;10135.000000;9542.000000;0.000000;8182.000000;10445.000000;0.000000;2206.903320
1736.000000;10135.000000;10239.000000;0.000000;18858.000000;10445.000000;0.000000;2208.275391
1737.000000;10135.000000;11420.000000;0.000000;26519.000000;10445.000000;0.000000;2209.615234
1738.000000;10135.000000;10866.000000;0.000000;30918.000000;10445.000000;0.000000;2210.948242
1739.000000;10135.000000;11441.000000;0.000000;22698.000000;10445.000000;0.000000;2212.275635
1740.000000;10135.000000;10601.000000;0.000000;24713.000000;10445.000000;0.000000;2213.588623
1741.000000;10135.000000;11175.000000;0.000000;11424.000000;10445.000000;0.000000;2215.090576
1742.000000;10135.000000;10337.000000;0.000000;17722.000000;10445.000000;0.000000;2216.396484
1743.000000;10135.000000;10734.000000;0.000000;26557.000000;10445.000000;0.000000;2217.701904
1744.000000;10135.000000;10943.000000;0.000000;17360.000000;10445.000000;0.000000;2219.056396
1745.000000;10135.000000;9966.000000;0.000000;29501.000000;10445.000000;0.000000;2220.343750
1746.000000;10135.000000;12276.000000;0.000000;50603.000000;10445.000000;0.000000;2221.636719
1747.000000;10135.000000;10656.000000;0.000000;14473.000000;10445.000000;0.000000;2222.930908
1748.000000;10135.000000;9003.000000;0.000000;24852.000000;10445.000000;0.000000;2224.241455
1749.000000;10135.000000;10436.000000;0.000000;20237.000000;10445.000000;0.000000;2225.542725
1750.000000;10135.000000;12613.000000;0.000000;74607.000000;10445.000000;0.000000;2226.833252
1751.000000;10135.000000;10577.000000;0.000000;14351.000000;10445.000000;0.000000;2228.169678
1752.000000;10135.000000;11734.000000;0.000000;44898.000000;10445.000000;0.000000;2229.476318
1753.000000;10135.000000;8805.000000;0.000000;40901.000000;10445.000000;0.000000;2230.800049
1754.000000;10135.000000;10798.000000;0.000000;33264.000000;10445.000000;0.000000;2232.103760
1755.000000;10135.000000;10412.000000;0.000000;25009.000000;10445.000000;0.000000;2233.485840
1756.000000;10135.000000;12658.000000;0.000000;60611.000000;10445.000000;0.000000;2234.670654
1757.000000;10135.000000;10756.000000;0.000000;21254.000000;10445.000000;0.000000;2235.816162
1758.000000;10135.000000;11110.000000;0.000000;39470.000000;10445.000000;0.000000;2236.964355
1759.000000;10135.000000;10831.000000;0.000000;20161.000000;10445.000000;0.000000;2238.408936
1760.000000;10135.000000;9855.000000;0.000000;14048.000000;10445.000000;0.000000;2239.707275
1761.000000;10135.000000;10819.000000;0.000000;22274.000000;10445.000000;0.000000;2241.108643
1762.000000;10135.000000;12911.000000;0.000000;75581.000000;10445.000000;0.000000;2242.391357
1763.000000;10135.000000;12464.000000;0.000000;49671.000000;10445.000000;0.000000;2243.706055
1764.000000;10135.000000;10893.000000;0.000000;17955.000000;10445.000000;0.000000;2244.999512
1765.000000;10135.000000;10276.000000;0.000000;21709.000000;10445.000000;0.000000;2246.298096
1766.000000;10135.000000;10243.000000;0.000000;23057.000000;10445.000000;0.000000;2247.585205
1767.000000;10135.000000;9824.000000;0.000000;16447.000000;10445.000000;0.000000;2248.864746
1768.000000;10135.000000;10554.000000;0.000000;17547.000000;10445.000000;0.000000;2250.132812
1769.000000;10135.000000;11343.000000;0.000000;24956.000000;10445.000000;0.000000;2251.398926
1770.000000;10135.000000;11496.000000;0.000000;36825.000000;10445.000000;0.000000;2252.664062
1771.000000;10135.000000;10415.000000;0.000000;18644.000000;10445.000000;0.000000;2253.992920
1772.000000;10135.000000;10599.000000;0.000000;16807.000000;10445.000000;0.000000;2255.278809
1773.000000;10135.000000;10987.000000;0.000000;45588.000000;10445.000000;0.000000;2256.609375
1774.000000;10135.000000;10789.000000;0.000000;18180.000000;10445.000000;0.000000;2257.898193
1775.000000;10135.000000;10852.000000;0.000000;27704.000000;10445.000000;0.000000;2259.187012
1776.000000;10135.000000;10264.000000;0.000000;18391.000000;10445.000000;0.000000;2260.335693
1777.000000;10135.000000;10878.000000;0.000000;43201.000000;10445.000000;0.000000;2261.468994
1778.000000;10135.000000;11053.000000;0.000000;17320.000000;10445.000000;0.000000;2262.602783
1779.000000;10135.000000;11452.000000;0.000000;31972.000000;10445.000000;0.000000;2263.763916
1780.000000;10135.000000;9917.000000;0.000000;20859.000000;10445.000000;0.000000;2264.982910
1781.000000;10135.000000;8999.000000;0.000000;21365.000000;10445.000000;0.000000;2266.359131
1782.000000;10135.000000;10824.000000;0.000000;16999.000000;10445.000000;0.000000;2267.623535
1783.000000;10135.000000;11867.000000;0.000000;52947.000000;10445.000000;0.000000;2268.875977
1784.000000;10135.000000;10979.000000;0.000000;18304.000000;10445.000000;0.000000;2270.185303
1785.000000;10135.000000;11799.000000;0.000000;31009.000000;10445.000000;0.000000;2271.475098
1786.000000;10135.000000;11203.000000;0.000000;22355.000000;10445.000000;0.000000;2272.748779
1787.000000;10135.000000;10442.000000;0.000000;16550.000000;10445.000000;0.000000;2274.060059
1788.000000;10135.000000;13123.000000;0.000000;68148.000000;10445.000000;0.000000;2275.338867
1789.000000;10135.000000;11566.000000;0.000000;19278.000000;10445.000000;0.000000;2276.616455
1790.000000;10135.000000;12566.000000;0.000000;33036.000000;10445.000000;0.000000;2277.885742
1791.000000;10135.000000;10134.000000;0.000000;13640.000000;10445.000000;0.000000;2279.195068
1792.000000;10135.000000;10259.000000;0.000000;38784.000000;10445.000000;0.000000;2280.488281
1793.000000;10135.000000;11199.000000;0.000000;28179.000000;10445.000000;0.000000;2281.776367
1794.000000;10135.000000;9646.000000;0.000000;19221.000000;10445.000000;0.000000;2283.065918
1795.000000;10135.000000;10036.000000;0.000000;18490.000000;10445.000000;0.000000;2284.391113
1796.000000;10135.000000;11336.000000;0.000000;26914.000000;10445.000000;0.000000;2285.545410
1797.000000;10135.000000;11752.000000;0.000000;52413.000000;10445.000000;0.000000;2286.684814
1798.000000;10135.000000;10294.000000;0.000000;16245.000000;10445.000000;0.000000;2287.826416
1799.000000;10135.000000;11754.000000;0.000000;26006.000000;10445.000000;0.000000;2288.970703
1800.000000;10135.000000;9430.000000;0.000000;27927.000000;10445.000000;0.000000;2290.111084
1801.000000;10135.000000;9993.000000;0.000000;17637.000000;10445.000000;0.000000;2291.504639
1802.000000;10135.000000;11134.000000;0.000000;25036.000000;10445.000000;0.000000;2292.781006
1803.000000;10135.000000;9828.000000;0.000000;19746.000000;10445.000000;0.000000;2294.095215
1804.000000;10135.000000;10942.000000;0.000000;58531.000000;10445.000000;0.000000;2295.373779
1805.000000;10135.000000;11084.000000;0.000000;23620.000000;10445.000000;0.000000;2296.652100
1806.000000;10135.000000;10622.000000;0.000000;13215.000000;10445.000000;0.000000;2297.928223
1807.000000;10135.000000;10887.000000;0.000000;18357.000000;10445.000000;0.000000;2299.206055
1808.000000;10135.000000;12245.000000;0.000000;57120.000000;10445.000000;0.000000;2300.480957
1809.000000;10135.000000;10714.000000;0.000000;22982.000000;10445.000000;0.000000;2301.755127
1810.000000;10135.000000;11572.000000;0.000000;50844.000000;10445.000000;0.000000;2303.028809
1811.000000;10135.000000;11114.000000;0.000000;13918.000000;10445.000000;0.000000;2304.364502
1812.000000;10135.000000;10862.000000;0.000000;33467.000000;10445.000000;0.000000;2305.654541
1813.000000;10135.000000;11705.000000;0.000000;54854.000000;10445.000000;0.000000;2306.943359
1814.000000;10135.000000;9835.000000;0.000000;23704.000000;10445.000000;0.000000;2308.232910
1815.000000;10135.000000;11008.000000;0.000000;7121.000000;10445.000000;0.000000;2309.532227
1816.000000;10135.000000;10948.000000;0.000000;15571.000000;10445.000000;0.000000;2310.703369
1817.000000;10135.000000;9856.000000;0.000000;9811.000000;10445.000000;0.000000;2311.850342
1818.000000;10135.000000;9835.000000;0.000000;23298.000000;10445.000000;0.000000;2312.999512
1819.000000;10135.000000;10499.000000;0.000000;12278.000000;10445.000000;0.000000;2314.175049
1820.000000;10135.000000;11537.000000;0.000000;33129.000000;10445.000000;0.000000;2315.329590
1821.000000;10135.000000;10416.000000;0.000000;14832.000000;10445.000000;0.000000;2316.745850
1822.000000;10135.000000;10230.000000;0.000000;26258.000000;10445.000000;0.000000;2318.024414
1823.000000;10135.000000;11120.000000;0.000000;22404.000000;10445.000000;0.000000;2319.307129
1824.000000;10135.000000;11822.000000;0.000000;42199.000000;10445.000000;0.000000;2320.603271
1825.000000;10135.000000;11098.000000;0.000000;49505.000000;10445.000000;0.000000;2321.903809
1826.000000;10135.000000;11780.000000;0.000000;31094.000000;10445.000000;0.000000;2323.195312
1827.000000;10135.000000;10749.000000;0.000000;13571.000000;10445.000000;0.000000;2324.606201
1828.000000;10135.000000;9570.000000;0.000000;48820.000000;10445.000000;0.000000;2325.898438
1829.000000;10135.000000;11590.000000;0.000000;35265.000000;10445.000000;0.000000;2327.184326
1830.000000;10135.000000;11524.000000;0.000000;30296.000000;10445.000000;0.000000;2328.480225
1831.000000;10135.000000;9605.000000;0.000000;32765.000000;10445.000000;0.000000;2329.811035
1832.000000;10135.000000;10340.000000;0.000000;25783.000000;10445.000000;0.000000;2331.113525
1833.000000;10135.000000;10678.000000;0.000000;20173.000000;10445.000000;0.000000;2332.415771
1834.000000;10135.000000;10658.000000;0.000000;18382.000000;10445.000000;0.000000;2333.723877
1835.000000;10135.000000;11878.000000;0.000000;45145.000000;10445.000000;0.000000;2335.019043
1836.000000;10135.000000;9914.000000;0.000000;14507.000000;10445.000000;0.000000;2336.179199
1837.000000;10135.000000;11160.000000;0.000000;21637.000000;10445.000000;0.000000;2337.331299
1838.000000;10135.000000;12619.000000;0.000000;54553.000000;10445.000000;0.000000;2338.488037
1839.000000;10135.000000;10201.000000;0.000000;23176.000000;10445.000000;0.000000;2339.650391
1840.000000;10135.000000;11888.000000;0.000000;37241.000000;10445.000000;0.000000;2340.806152
1841.000000;10135.000000;11695.000000;0.000000;49458.000000;10445.000000;0.000000;2342.232666
1842.000000;10135.000000;12544.000000;0.000000;64399.000000;10445.000000;0.000000;2343.526611
1843.000000;10135.000000;9657.000000;0.000000;52032.000000;10445.000000;0.000000;2344.838379
1844.000000;10135.000000;11221.000000;0.000000;18237.000000;10445.000000;0.000000;2346.139648
1845.000000;10135.000000;11314.000000;0.000000;46717.000000;10445.000000;0.000000;2347.440186
1846.000000;10135.000000;10433.000000;0.000000;14435.000000;10445.000000;0.000000;2348.746338
1847.000000;10135.000000;12154.000000;0.000000;66538.000000;10445.000000;0.000000;2350.045410
1848.000000;10135.000000;10513.000000;0.000000;15919.000000;10445.000000;0.000000;2351.344971
1849.000000;10135.000000;9775.000000;0.000000;48807.000000;10445.000000;0.000000;2352.646484
1850.000000;10135.000000;10405.000000;0.000000;23186.000000;10445.000000;0.000000;2353.969971
1851.000000;10135.000000;11326.000000;0.000000;31856.000000;10445.000000;0.000000;2355.475830
1852.000000;10135.000000;11303.000000;0.000000;21403.000000;10445.000000;0.000000;2356.828857
1853.000000;10135.000000;12163.000000;0.000000;37162.000000;10445.000000;0.000000;2358.144043
1854.000000;10135.000000;10723.000000;0.000000;19436.000000;10445.000000;0.000000;2359.468994
1855.000000;10135.000000;10288.000000;0.000000;23213.000000;10445.000000;0.000000;2360.734863
1856.000000;10135.000000;11361.000000;0.000000;24369.000000;10445.000000;0.000000;2361.890381
1857.000000;10135.000000;11438.000000;0.000000;15990.000000;10445.000000;0.000000;2363.046631
1858.000000;10135.000000;12234.000000;0.000000;43337.000000;10445.000000;0.000000;2364.238037
1859.000000;10135.000000;10168.000000;0.000000;17829.000000;10445.000000;0.000000;2365.407959
1860.000000;10135.000000;11296.000000;0.000000;20749.000000;10445.000000;0.000000;2366.569580
1861.000000;10135.000000;9910.000000;0.000000;42282.000000;10445.000000;0.000000;2368.000244
1862.000000;10135.000000;10374.000000;0.000000;30984.000000;10445.000000;0.000000;2369.306885
1863.000000;10135.000000;9310.000000;0.000000;22345.000000;10445.000000;0.000000;2370.610352
1864.000000;10135.000000;9776.000000;0.000000;23658.000000;10445.000000;0.000000;2371.926758
1865.000000;10135.000000;10892.000000;0.000000;35678.000000;10445.000000;0.000000;2373.246094
1866.000000;10135.000000;10555.000000;0.000000;7512.000000;10445.000000;0.000000;2374.607178
1867.000000;10135.000000;10090.000000;0.000000;26574.000000;10445.000000;0.000000;2375.922607
1868.000000;10135.000000;10687.000000;0.000000;25801.000000;10445.000000;0.000000;2377.243896
1869.000000;10135.000000;9711.000000;0.000000;15561.000000;10445.000000;0.000000;2378.567627
1870.000000;10135.000000;11712.000000;0.000000;24450.000000;10445.000000;0.000000;2379.886230
1871.000000;10135.000000;10686.000000;0.000000;54626.000000;10445.000000;0.000000;2381.205811
1872.000000;10135.000000;10280.000000;0.000000;14537.000000;10445.000000;0.000000;2382.523193
1873.000000;10135.000000;9938.000000;0.000000;17964.000000;10445.000000;0.000000;2383.843994
1874.000000;10135.000000;12145.000000;0.000000;57631.000000;10445.000000;0.000000;2385.231445
1875.000000;10135.000000;11674.000000;0.000000;36804.000000;10445.000000;0.000000;2386.618408
1876.000000;10135.000000;11104.000000;0.000000;28088.000000;10445.000000;0.000000;2387.980957
1877.000000;10135.000000;13274.000000;0.000000;83444.000000;10445.000000;0.000000;2389.310303
1878.000000;10135.000000;10467.000000;0.000000;23333.000000;10445.000000;0.000000;2390.645508
1879.000000;10135.000000;10423.000000;0.000000;11677.000000;10445.000000;0.000000;2391.978760
1880.000000;10135.000000;12659.000000;0.000000;40830.000000;10445.000000;0.000000;2393.294434
1881.000000;10135.000000;11373.000000;0.000000;10846.000000;10445.000000;0.000000;2394.782471
1882.000000;10135.000000;10455.000000;0.000000;10420.000000;10445.000000;0.000000;2396.090088
1883.000000;10135.000000;12178.000000;0.000000;52160.000000;10445.000000;0.000000;2397.395508
1884.000000;10135.000000;10769.000000;0.000000;15824.000000;10445.000000;0.000000;2398.706787
1885.000000;10135.000000;9913.000000;0.000000;14605.000000;10445.000000;0.000000;2400.001465
1886.000000;10135.000000;12758.000000;0.000000;75877.000000;10445.000000;0.000000;2401.294678
1887.000000;10135.000000;10996.000000;0.000000;30023.000000;10445.000000;0.000000;2402.586914
1888.000000;10135.000000;9446.000000;0.000000;15317.000000;10445.000000;0.000000;2403.883545
1889.000000;10135.000000;9018.000000;0.000000;8412.000000;10445.000000;0.000000;2405.195312
1890.000000;10135.000000;9390.000000;0.000000;25199.000000;10445.000000;0.000000;2406.491699
1891.000000;10135.000000;12460.000000;0.000000;48029.000000;10445.000000;0.000000;2407.826660
1892.000000;10135.000000;11008.000000;0.000000;23367.000000;10445.000000;0.000000;2409.139404
1893.000000;10135.000000;10130.000000;0.000000;15014.000000;10445.000000;0.000000;2410.445312
1894.000000;10135.000000;11947.000000;0.000000;39829.000000;10445.000000;0.000000;2411.754395
1895.000000;10135.000000;10791.000000;0.000000;18547.000000;10445.000000;0.000000;2413.049805
1896.000000;10135.000000;12661.000000;0.000000;88852.000000;10445.000000;0.000000;2414.208252
1897.000000;10135.000000;10239.000000;0.000000;22179.000000;10445.000000;0.000000;2415.391846
1898.000000;10135.000000;11313.000000;0.000000;28115.000000;10445.000000;0.000000;2416.555176
1899.000000;10135.000000;10410.000000;0.000000;46189.000000;10445.000000;0.000000;2417.712158
1900.000000;10135.000000;9711.000000;0.000000;32849.000000;10445.000000;0.000000;2418.863525
1901.000000;10135.000000;10687.000000;0.000000;18294.000000;10445.000000;0.000000;2420.275635
1902.000000;10135.000000;12124.000000;0.000000;42996.000000;10445.000000;0.000000;2421.557617
1903.000000;10135.000000;11074.000000;0.000000;48207.000000;10445.000000;0.000000;2422.832520
1904.000000;10135.000000;11529.000000;0.000000;51493.000000;10445.000000;0.000000;2424.120850
1905.000000;10135.000000;10698.000000;0.000000;17721.000000;10445.000000;0.000000;2425.443848
1906.000000;10135.000000;9089.000000;0.000000;17370.000000;10445.000000;0.000000;2426.735840
1907.000000;10135.000000;10528.000000;0.000000;23332.000000;10445.000000;0.000000;2428.030762
1908.000000;10135.000000;12003.000000;0.000000;26599.000000;10445.000000;0.000000;2429.310059
1909.000000;10135.000000;11674.000000;0.000000;34979.000000;10445.000000;0.000000;2430.581055
1910.000000;10135.000000;10097.000000;0.000000;13576.000000;10445.000000;0.000000;2431.850098
1911.000000;10135.000000;10512.000000;0.000000;23031.000000;10445.000000;0.000000;2433.160645
1912.000000;10135.000000;10330.000000;0.000000;11991.000000;10445.000000;0.000000;2434.478760
1913.000000;10135.000000;10595.000000;0.000000;16518.000000;10445.000000;0.000000;2435.775635
1914.000000;10135.000000;11439.000000;0.000000;50375.000000;10445.000000;0.000000;2437.060791
1915.000000;10135.000000;10310.000000;0.000000;21810.000000;10445.000000;0.000000;2438.489990
1916.000000;10135.000000;11441.000000;0.000000;26562.000000;10445.000000;0.000000;2439.635010
1917.000000;10135.000000;10131.000000;0.000000;24106.000000;10445.000000;0.000000;2440.768066
1918.000000;10135.000000;12565.000000;0.000000;54094.000000;10445.000000;0.000000;2441.900146
1919.000000;10135.000000;10527.000000;0.000000;14081.000000;10445.000000;0.000000;2443.038818
1920.000000;10135.000000;10202.000000;0.000000;30526.000000;10445.000000;0.000000;2444.328369
1921.000000;10135.000000;12496.000000;0.000000;57803.000000;10445.000000;0.000000;2445.753906
1922.000000;10135.000000;12727.000000;0.000000;79822.000000;10445.000000;0.000000;2447.105713
1923.000000;10135.000000;10901.000000;0.000000;23478.000000;10445.000000;0.000000;2448.387695
1924.000000;10135.000000;10942.000000;0.000000;18479.000000;10445.000000;0.000000;2449.658691
1925.000000;10135.000000;11745.000000;0.000000;38296.000000;10445.000000;0.000000;2450.938232
1926.000000;10135.000000;10301.000000;0.000000;19990.000000;10445.000000;0.000000;2452.209229
1927.000000;10135.000000;10572.000000;0.000000;38273.000000;10445.000000;0.000000;2453.477539
1928.000000;10135.000000;10913.000000;0.000000;20308.000000;10445.000000;0.000000;2454.767822
1929.000000;10135.000000;10630.000000;0.000000;35584.000000;10445.000000;0.000000;2456.037842
1930.000000;10135.000000;11482.000000;0.000000;36005.000000;10445.000000;0.000000;2457.300537
1931.000000;10135.000000;10369.000000;0.000000;16590.000000;10445.000000;0.000000;2458.603271
1932.000000;10135.000000;11694.000000;0.000000;47663.000000;10445.000000;0.000000;2459.895508
1933.000000;10135.000000;10960.000000;0.000000;16700.000000;10445.000000;0.000000;2461.182617
1934.000000;10135.000000;10091.000000;0.000000;21718.000000;10445.000000;0.000000;2462.474854
1935.000000;10135.000000;11227.000000;0.000000;25449.000000;10445.000000;0.000000;2463.763184
1936.000000;10135.000000;11274.000000;0.000000;28945.000000;10445.000000;0.000000;2464.948730
1937.000000;10135.000000;9575.000000;0.000000;31002.000000;10445.000000;0.000000;2466.091309
1938.000000;10135.000000;10733.000000;0.000000;48665.000000;10445.000000;0.000000;2467.230225
1939.000000;10135.000000;10357.000000;0.000000;38364.000000;10445.000000;0.000000;2468.376221
1940.000000;10135.000000;14115.000000;0.000000;102080.000000;10445.000000;0.000000;2469.513672
1941.000000;10135.000000;9345.000000;0.000000;61601.000000;10445.000000;0.000000;2470.900146
1942.000000;10135.000000;10900.000000;0.000000;32192.000000;10445.000000;0.000000;2472.173828
1943.000000;10135.000000;11873.000000;0.000000;48263.000000;10445.000000;0.000000;2473.449463
1944.000000;10135.000000;10797.000000;0.000000;16678.000000;10445.000000;0.000000;2474.736816
1945.000000;10135.000000;10021.000000;0.000000;10391.000000;10445.000000;0.000000;2476.027100
1946.000000;10135.000000;11763.000000;0.000000;35216.000000;10445.000000;0.000000;2477.310791
1947.000000;10135.000000;12738.000000;0.000000;90484.000000;10445.000000;0.000000;2478.598145
1948.000000;10135.000000;10337.000000;0.000000;20924.000000;10445.000000;0.000000;2479.879639
1949.000000;10135.000000;10755.000000;0.000000;28340.000000;10445.000000;0.000000;2481.164307
1950.000000;10135.000000;12184.000000;0.000000;63447.000000;10445.000000;0.000000;2482.451416
1951.000000;10135.000000;11062.000000;0.000000;27173.000000;10445.000000;0.000000;2483.773682
1952.000000;10135.000000;10941.000000;0.000000;26581.000000;10445.000000;0.000000;2485.115234
1953.000000;10135.000000;11595.000000;0.000000;41929.000000;10445.000000;0.000000;2486.419922
1954.000000;10135.000000;10561.000000;0.000000;17531.000000;10445.000000;0.000000;2487.717773
1955.000000;10135.000000;11805.000000;0.000000;25283.000000;10445.000000;0.000000;2489.016357
1956.000000;10135.000000;11882.000000;0.000000;27176.000000;10445.000000;0.000000;2490.173340
1957.000000;10135.000000;10117.000000;0.000000;14597.000000;10445.000000;0.000000;2491.316895
1958.000000;10135.000000;10588.000000;0.000000;17886.000000;10445.000000;0.000000;2492.463379
1959.000000;10135.000000;10888.000000;0.000000;15719.000000;10445.000000;0.000000;2493.607666
1960.000000;10135.000000;11507.000000;0.000000;23849.000000;10445.000000;0.000000;2494.755615
1961.000000;10135.000000;10897.000000;0.000000;13826.000000;10445.000000;0.000000;2496.198730
1962.000000;10135.000000;10505.000000;0.000000;16603.000000;10445.000000;0.000000;2497.481934
1963.000000;10135.000000;10551.000000;0.000000;12442.000000;10445.000000;0.000000;2498.769531
1964.000000;10135.000000;10212.000000;0.000000;9521.000000;10445.000000;0.000000;2500.064941
1965.000000;10135.000000;10807.000000;0.000000;16835.000000;10445.000000;0.000000;2501.358154
1966.000000;10135.000000;11068.000000;0.000000;18443.000000;10445.000000;0.000000;2502.650146
1967.000000;10135.000000;9574.000000;0.000000;28197.000000;10445.000000;0.000000;2503.948486
1968.000000;10135.000000;10711.000000;0.000000;15541.000000;10445.000000;0.000000;2505.349609
1969.000000;10135.000000;11142.000000;0.000000;21646.000000;10445.000000;0.000000;2506.647217
1970.000000;10135.000000;12901.000000;0.000000;59970.000000;10445.000000;0.000000;2507.960693
1971.000000;10135.000000;11354.000000;0.000000;42106.000000;10445.000000;0.000000;2509.295166
1972.000000;10135.000000;11014.000000;0.000000;22806.000000;10445.000000;0.000000;2510.604492
1973.000000;10135.000000;9911.000000;0.000000;10470.000000;10445.000000;0.000000;2511.915527
1974.000000;10135.000000;10696.000000;0.000000;37152.000000;10445.000000;0.000000;2513.228271
1975.000000;10135.000000;10684.000000;0.000000;31299.000000;10445.000000;0.000000;2514.505615
1976.000000;10135.000000;10413.000000;0.000000;22235.000000;10445.000000;0.000000;2515.774902
1977.000000;10135.000000;11622.000000;0.000000;27273.000000;10445.000000;0.000000;2517.114258
1978.000000;10135.000000;10113.000000;0.000000;15967.000000;10445.000000;0.000000;2518.543945
1979.000000;10135.000000;11520.000000;0.000000;55474.000000;10445.000000;0.000000;2520.176270
1980.000000;10135.000000;10892.000000;0.000000;39376.000000;10445.000000;0.000000;2521.961670
1981.000000;10135.000000;11796.000000;0.000000;56046.000000;10445.000000;0.000000;2523.601074
1982.000000;10135.000000;11538.000000;0.000000;32846.000000;10445.000000;0.000000;2524.849121
1983.000000;10135.000000;10733.000000;0.000000;33074.000000;10445.000000;0.000000;2526.164795
1984.000000;10135.000000;9980.000000;0.000000;23408.000000;10445.000000;0.000000;2527.462158
1985.000000;10135.000000;10194.000000;0.000000;56222.000000;10445.000000;0.000000;2528.761963
1986.000000;10135.000000;10462.000000;0.000000;37622.000000;10445.000000;0.000000;2530.060791
1987.000000;10135.000000;10817.000000;0.000000;19588.000000;10445.000000;0.000000;2531.369141
1988.000000;10135.000000;11572.000000;0.000000;50578.000000;10445.000000;0.000000;2532.690918
1989.000000;10135.000000;9765.000000;0.000000;20753.000000;10445.000000;0.000000;2533.990234
1990.000000;10135.000000;11215.000000;0.000000;23950.000000;10445.000000;0.000000;2535.333740
1991.000000;10135.000000;11131.000000;0.000000;25908.000000;10445.000000;0.000000;2536.679199
1992.000000;10135.000000;10384.000000;0.000000;24544.000000;10445.000000;0.000000;2537.990479
1993.000000;10135.000000;11057.000000;0.000000;16172.000000;10445.000000;0.000000;2539.308594
1994.000000;10135.000000;11194.000000;0.000000;42140.000000;10445.000000;0.000000;2540.623047
1995.000000;10135.000000;10586.000000;0.000000;28347.000000;10445.000000;0.000000;2541.911377
1996.000000;10135.000000;10442.000000;0.000000;11324.000000;10445.000000;0.000000;2543.083008
1997.000000;10135.000000;9863.000000;0.000000;28048.000000;10445.000000;0.000000;2544.245850
1998.000000;10135.000000;10751.000000;0.000000;22981.000000;10445.000000;0.000000;2545.440430
1999.000000;10135.000000;9474.000000;0.000000;35149.000000;10445.000000;0.000000;2546.607178
2000.000000;10135.000000;10954.000000;0.000000;45784.000000;10445.000000;0.000000;2547.763672
2001.000000;10135.000000;10382.000000;0.000000;21296.000000;10445.000000;0.000000;2549.198975
2002.000000;10135.000000;10625.000000;0.000000;25279.000000;10445.000000;0.000000;2550.503906
2003.000000;10135.000000;10806.000000;0.000000;21657.000000;10445.000000;0.000000;2551.802246
2004.000000;10135.000000;13696.000000;0.000000;86975.000000;10445.000000;0.000000;2553.115234
2005.000000;10135.000000;11495.000000;0.000000;19264.000000;10445.000000;0.000000;2554.430420
2006.000000;10135.000000;11385.000000;0.000000;53800.000000;10445.000000;0.000000;2555.768311
2007.000000;10135.000000;10147.000000;0.000000;15942.000000;10445.000000;0.000000;2557.077881
2008.000000;10135.000000;11405.000000;0.000000;30589.000000;10445.000000;0.000000;2558.391113
2009.000000;10135.000000;9725.000000;0.000000;14778.000000;10445.000000;0.000000;2559.703857
2010.000000;10135.000000;12189.000000;0.000000;74011.000000;10445.000000;0.000000;2561.015625
2011.000000;10135.000000;10814.000000;0.000000;10762.000000;10445.000000;0.000000;2562.374268
2012.000000;10135.000000;10243.000000;0.000000;18776.000000;10445.000000;0.000000;2563.707764
2013.000000;10135.000000;10822.000000;0.000000;16156.000000;10445.000000;0.000000;2565.142090
2014.000000;10135.000000;12132.000000;0.000000;69749.000000;10445.000000;0.000000;2566.505371
2015.000000;10135.000000;10844.000000;0.000000;25602.000000;10445.000000;0.000000;2567.815430
2016.000000;10135.000000;9066.000000;0.000000;32074.000000;10445.000000;0.000000;2568.985107
2017.000000;10135.000000;10493.000000;0.000000;19272.000000;10445.000000;0.000000;2570.162598
2018.000000;10135.000000;11199.000000;0.000000;28447.000000;10445.000000;0.000000;2571.343018
2019.000000;10135.000000;12483.000000;0.000000;72682.000000;10445.000000;0.000000;2572.522705
2020.000000;10135.000000;10668.000000;0.000000;17658.000000;10445.000000;0.000000;2573.703613
2021.000000;10135.000000;12203.000000;0.000000;60273.000000;10445.000000;0.000000;2575.137695
2022.000000;10135.000000;10505.000000;0.000000;29433.000000;10445.000000;0.000000;2576.471680
2023.000000;10135.000000;10282.000000;0.000000;20483.000000;10445.000000;0.000000;2577.808594
2024.000000;10135.000000;10610.000000;0.000000;13191.000000;10445.000000;0.000000;2579.111816
2025.000000;10135.000000;10901.000000;0.000000;16524.000000;10445.000000;0.000000;2580.402832
2026.000000;10135.000000;10268.000000;0.000000;28463.000000;10445.000000;0.000000;2581.693359
2027.000000;10135.000000;11867.000000;0.000000;27792.000000;10445.000000;0.000000;2582.982178
2028.000000;10135.000000;10564.000000;0.000000;17176.000000;10445.000000;0.000000;2584.268799
2029.000000;10135.000000;10986.000000;0.000000;25920.000000;10445.000000;0.000000;2585.594238
2030.000000;10135.000000;10144.000000;0.000000;17363.000000;10445.000000;0.000000;2586.887939
2031.000000;10135.000000;13090.000000;0.000000;66751.000000;10445.000000;0.000000;2588.176758
2032.000000;10135.000000;8951.000000;0.000000;10842.000000;10445.000000;0.000000;2589.475586
2033.000000;10135.000000;11450.000000;0.000000;22675.000000;10445.000000;0.000000;2590.766357
2034.000000;10135.000000;11672.000000;0.000000;27211.000000;10445.000000;0.000000;2592.052002
2035.000000;10135.000000;10477.000000;0.000000;20220.000000;10445.000000;0.000000;2593.344971
2036.000000;10135.000000;11282.000000;0.000000;28125.000000;10445.000000;0.000000;2594.671631
2037.000000;10135.000000;9981.000000;0.000000;24522.000000;10445.000000;0.000000;2596.013916
2038.000000;10135.000000;10190.000000;0.000000;17384.000000;10445.000000;0.000000;2597.316895
2039.000000;10135.000000;11707.000000;0.000000;57220.000000;10445.000000;0.000000;2598.619873
2040.000000;10135.000000;10240.000000;0.000000;23109.000000;10445.000000;0.000000;2599.878174
2041.000000;10135.000000;10512.000000;0.000000;24149.000000;10445.000000;0.000000;2601.282227
2042.000000;10135.000000;10939.000000;0.000000;25529.000000;10445.000000;0.000000;2602.563477
2043.000000;10135.000000;10579.000000;0.000000;20007.000000;10445.000000;0.000000;2603.838867
2044.000000;10135.000000;10468.000000;0.000000;25909.000000;10445.000000;0.000000;2605.145264
2045.000000;10135.000000;13645.000000;0.000000;121446.000000;10445.000000;0.000000;2606.465820
2046.000000;10135.000000;11714.000000;0.000000;26736.000000;10445.000000;0.000000;2607.753662
2047.000000;10135.000000;10782.000000;0.000000;22404.000000;10445.000000;0.000000;2609.028564
2048.000000;10135.000000;10063.000000;0.000000;23147.000000;10445.000000;0.000000;2610.295166
2049.000000;10135.000000;10054.000000;0.000000;17766.000000;10445.000000;0.000000;2611.559326
2050.000000;10135.000000;9782.000000;0.000000;23601.000000;10445.000000;0.000000;2612.822510
2051.000000;10135.000000;10453.000000;0.000000;17201.000000;10445.000000;0.000000;2614.123535
2052.000000;10135.000000;9283.000000;0.000000;31993.000000;10445.000000;0.000000;2615.412598
2053.000000;10135.000000;10810.000000;0.000000;17328.000000;10445.000000;0.000000;2616.725342
2054.000000;10135.000000;11626.000000;0.000000;27370.000000;10445.000000;0.000000;2618.009033
2055.000000;10135.000000;11525.000000;0.000000;20210.000000;10445.000000;0.000000;2619.290527
2056.000000;10135.000000;11121.000000;0.000000;22858.000000;10445.000000;0.000000;2620.438232
2057.000000;10135.000000;10373.000000;0.000000;9380.000000;10445.000000;0.000000;2621.571045
2058.000000;10135.000000;9966.000000;0.000000;27077.000000;10445.000000;0.000000;2622.697754
2059.000000;10135.000000;10742.000000;0.000000;36128.000000;10445.000000;0.000000;2623.839111
2060.000000;10135.000000;10032.000000;0.000000;16679.000000;10445.000000;0.000000;2625.013916
2061.000000;10135.000000;9698.000000;0.000000;26619.000000;10445.000000;0.000000;2626.436523
2062.000000;10135.000000;11019.000000;0.000000;21006.000000;10445.000000;0.000000;2627.699951
2063.000000;10135.000000;9680.000000;0.000000;10362.000000;10445.000000;0.000000;2628.952881
2064.000000;10135.000000;10015.000000;0.000000;12811.000000;10445.000000;0.000000;2630.218750
2065.000000;10135.000000;9536.000000;0.000000;16722.000000;10445.000000;0.000000;2631.485107
2066.000000;10135.000000;10419.000000;0.000000;12295.000000;10445.000000;0.000000;2632.760742
2067.000000;10135.000000;12381.000000;0.000000;72604.000000;10445.000000;0.000000;2634.036865
2068.000000;10135.000000;10899.000000;0.000000;54982.000000;10445.000000;0.000000;2635.311279
2069.000000;10135.000000;11589.000000;0.000000;33659.000000;10445.000000;0.000000;2636.598877
2070.000000;10135.000000;10446.000000;0.000000;8385.000000;10445.000000;0.000000;2637.863525
2071.000000;10135.000000;10804.000000;0.000000;19854.000000;10445.000000;0.000000;2639.167725
2072.000000;10135.000000;11627.000000;0.000000;40927.000000;10445.000000;0.000000;2640.459961
2073.000000;10135.000000;11273.000000;0.000000;43090.000000;10445.000000;0.000000;2641.749023
2074.000000;10135.000000;9624.000000;0.000000;25211.000000;10445.000000;0.000000;2643.039551
2075.000000;10135.000000;10948.000000;0.000000;34247.000000;10445.000000;0.000000;2644.326904
2076.000000;10135.000000;9640.000000;0.000000;43222.000000;10445.000000;0.000000;2645.501221
2077.000000;10135.000000;11565.000000;0.000000;22537.000000;10445.000000;0.000000;2646.775879
2078.000000;10135.000000;10763.000000;0.000000;25476.000000;10445.000000;0.000000;2647.925537
2079.000000;10135.000000;11089.000000;0.000000;25365.000000;10445.000000;0.000000;2649.072998
2080.000000;10135.000000;10308.000000;0.000000;27815.000000;10445.000000;0.000000;2650.218018
2081.000000;10135.000000;11546.000000;0.000000;77294.000000;10445.000000;0.000000;2651.613525
2082.000000;10135.000000;10537.000000;0.000000;21260.000000;10445.000000;0.000000;2652.885742
2083.000000;10135.000000;11729.000000;0.000000;50199.000000;10445.000000;0.000000;2654.147705
2084.000000;10135.000000;11375.000000;0.000000;40173.000000;10445.000000;0.000000;2655.423828
2085.000000;10135.000000;10116.000000;0.000000;16015.000000;10445.000000;0.000000;2656.893311
2086.000000;10135.000000;11250.000000;0.000000;23762.000000;10445.000000;0.000000;2658.172607
2087.000000;10135.000000;11862.000000;0.000000;20593.000000;10445.000000;0.000000;2659.448975
2088.000000;10135.000000;9670.000000;0.000000;24359.000000;10445.000000;0.000000;2660.769287
2089.000000;10135.000000;10323.000000;0.000000;14131.000000;10445.000000;0.000000;2662.045410
2090.000000;10135.000000;10544.000000;0.000000;21336.000000;10445.000000;0.000000;2663.320068
2091.000000;10135.000000;11070.000000;0.000000;27796.000000;10445.000000;0.000000;2664.633301
2092.000000;10135.000000;10438.000000;0.000000;14279.000000;10445.000000;0.000000;2665.951904
2093.000000;10135.000000;10702.000000;0.000000;16378.000000;10445.000000;0.000000;2667.256836
2094.000000;10135.000000;10929.000000;0.000000;22283.000000;10445.000000;0.000000;2668.545166
2095.000000;10135.000000;10080.000000;0.000000;15959.000000;10445.000000;0.000000;2669.840576
2096.000000;10135.000000;10300.000000;0.000000;18451.000000;10445.000000;0.000000;2671.061279
2097.000000;10135.000000;10562.000000;0.000000;23715.000000;10445.000000;0.000000;2672.212891
2098.000000;10135.000000;10912.000000;0.000000;21868.000000;10445.000000;0.000000;2673.359375
2099.000000;10135.000000;10273.000000;0.000000;20235.000000;10445.000000;0.000000;2674.523682
2100.000000;10135.000000;10082.000000;0.000000;18112.000000;10445.000000;0.000000;2675.677002
2101.000000;10135.000000;10957.000000;0.000000;22590.000000;10445.000000;0.000000;2677.092773
2102.000000;10135.000000;10849.000000;0.000000;51640.000000;10445.000000;0.000000;2678.382324
2103.000000;10135.000000;11170.000000;0.000000;35015.000000;10445.000000;0.000000;2679.653076
2104.000000;10135.000000;11429.000000;0.000000;36288.000000;10445.000000;0.000000;2680.945557
2105.000000;10135.000000;9853.000000;0.000000;17228.000000;10445.000000;0.000000;2682.243896
2106.000000;10135.000000;14326.000000;0.000000;113356.000000;10445.000000;0.000000;2683.528076
2107.000000;10135.000000;11700.000000;0.000000;39858.000000;10445.000000;0.000000;2684.852051
2108.000000;10135.000000;11749.000000;0.000000;30656.000000;10445.000000;0.000000;2686.190674
2109.000000;10135.000000;10942.000000;0.000000;26638.000000;10445.000000;0.000000;2687.482910
2110.000000;10135.000000;10755.000000;0.000000;18508.000000;10445.000000;0.000000;2688.784424
2111.000000;10135.000000;9690.000000;0.000000;26084.000000;10445.000000;0.000000;2690.108398
2112.000000;10135.000000;11326.000000;0.000000;13264.000000;10445.000000;0.000000;2691.411377
2113.000000;10135.000000;12835.000000;0.000000;68556.000000;10445.000000;0.000000;2692.715576
2114.000000;10135.000000;11215.000000;0.000000;21491.000000;10445.000000;0.000000;2694.020020
2115.000000;10135.000000;11029.000000;0.000000;38749.000000;10445.000000;0.000000;2695.318604
2116.000000;10135.000000;9986.000000;0.000000;25324.000000;10445.000000;0.000000;2696.518066
2117.000000;10135.000000;10072.000000;0.000000;16715.000000;10445.000000;0.000000;2697.666260
2118.000000;10135.000000;10931.000000;0.000000;19648.000000;10445.000000;0.000000;2698.818115
2119.000000;10135.000000;13334.000000;0.000000;130213.000000;10445.000000;0.000000;2699.976807
2120.000000;10135.000000;11970.000000;0.000000;38343.000000;10445.000000;0.000000;2701.137451
2121.000000;10135.000000;11039.000000;0.000000;55599.000000;10445.000000;0.000000;2702.551758
2122.000000;10135.000000;10708.000000;0.000000;15713.000000;10445.000000;0.000000;2703.850342
2123.000000;10135.000000;12043.000000;0.000000;42628.000000;10445.000000;0.000000;2705.137695
2124.000000;10135.000000;10524.000000;0.000000;30793.000000;10445.000000;0.000000;2706.468506
2125.000000;10135.000000;11833.000000;0.000000;25656.000000;10445.000000;0.000000;2707.775635
2126.000000;10135.000000;9846.000000;0.000000;22869.000000;10445.000000;0.000000;2709.080811
2127.000000;10135.000000;10525.000000;0.000000;11673.000000;10445.000000;0.000000;2710.376953
2128.000000;10135.000000;11013.000000;0.000000;18297.000000;10445.000000;0.000000;2711.674072
2129.000000;10135.000000;11183.000000;0.000000;32839.000000;10445.000000;0.000000;2712.977539
2130.000000;10135.000000;11440.000000;0.000000;38463.000000;10445.000000;0.000000;2714.275635
2131.000000;10135.000000;10624.000000;0.000000;18899.000000;10445.000000;0.000000;2715.614502
2132.000000;10135.000000;12108.000000;0.000000;61863.000000;10445.000000;0.000000;2716.967285
2133.000000;10135.000000;10108.000000;0.000000;33805.000000;10445.000000;0.000000;2718.280762
2134.000000;10135.000000;9981.000000;0.000000;34520.000000;10445.000000;0.000000;2719.602295
2135.000000;10135.000000;10001.000000;0.000000;24718.000000;10445.000000;0.000000;2720.899658
2136.000000;10135.000000;10056.000000;0.000000;23715.000000;10445.000000;0.000000;2722.073975
2137.000000;10135.000000;9225.000000;0.000000;18641.000000;10445.000000;0.000000;2723.239990
2138.000000;10135.000000;10905.000000;0.000000;26720.000000;10445.000000;0.000000;2724.405518
2139.000000;10135.000000;9945.000000;0.000000;20781.000000;10445.000000;0.000000;2725.572266
2140.000000;10135.000000;10762.000000;0.000000;13475.000000;10445.000000;0.000000;2726.759766
2141.000000;10135.000000;10256.000000;0.000000;22259.000000;10445.000000;0.000000;2728.249756
2142.000000;10135.000000;10422.000000;0.000000;16249.000000;10445.000000;0.000000;2729.544922
2143.000000;10135.000000;10524.000000;0.000000;17985.000000;10445.000000;0.000000;2730.841309
2144.000000;10135.000000;10660.000000;0.000000;27006.000000;10445.000000;0.000000;2732.154053
2145.000000;10135.000000;10862.000000;0.000000;23207.000000;10445.000000;0.000000;2733.467285
2146.000000;10135.000000;10821.000000;0.000000;32176.000000;10445.000000;0.000000;2734.776123
2147.000000;10135.000000;10398.000000;0.000000;26975.000000;10445.000000;0.000000;2736.087891
2148.000000;10135.000000;10133.000000;0.000000;21426.000000;10445.000000;0.000000;2737.443359
2149.000000;10135.000000;10702.000000;0.000000;21097.000000;10445.000000;0.000000;2738.889893
2150.000000;10135.000000;10828.000000;0.000000;13799.000000;10445.000000;0.000000;2740.210938
2151.000000;10135.000000;10997.000000;0.000000;22078.000000;10445.000000;0.000000;2741.586670
2152.000000;10135.000000;9724.000000;0.000000;15738.000000;10445.000000;0.000000;2742.926514
2153.000000;10135.000000;9985.000000;0.000000;22874.000000;10445.000000;0.000000;2744.275146
2154.000000;10135.000000;11872.000000;0.000000;31062.000000;10445.000000;0.000000;2745.636230
2155.000000;10135.000000;11978.000000;0.000000;78034.000000;10445.000000;0.000000;2746.932861
2156.000000;10135.000000;12002.000000;0.000000;76987.000000;10445.000000;0.000000;2748.128174
2157.000000;10135.000000;11366.000000;0.000000;38905.000000;10445.000000;0.000000;2749.305420
2158.000000;10135.000000;10574.000000;0.000000;26331.000000;10445.000000;0.000000;2750.482178
2159.000000;10135.000000;10510.000000;0.000000;17922.000000;10445.000000;0.000000;2751.656738
2160.000000;10135.000000;12098.000000;0.000000;29015.000000;10445.000000;0.000000;2752.834229
2161.000000;10135.000000;9533.000000;0.000000;37259.000000;10445.000000;0.000000;2754.262695
2162.000000;10135.000000;9987.000000;0.000000;19034.000000;10445.000000;0.000000;2755.562500
2163.000000;10135.000000;12337.000000;0.000000;37216.000000;10445.000000;0.000000;2756.887939
2164.000000;10135.000000;11755.000000;0.000000;33906.000000;10445.000000;0.000000;2758.601807
2165.000000;10135.000000;11412.000000;0.000000;51162.000000;10445.000000;0.000000;2759.976562
2166.000000;10135.000000;10306.000000;0.000000;17887.000000;10445.000000;0.000000;2761.290527
2167.000000;10135.000000;10534.000000;0.000000;31404.000000;10445.000000;0.000000;2762.616943
2168.000000;10135.000000;9823.000000;0.000000;21158.000000;10445.000000;0.000000;2763.937744
2169.000000;10135.000000;11211.000000;0.000000;74774.000000;10445.000000;0.000000;2765.263184
2170.000000;10135.000000;11009.000000;0.000000;31863.000000;10445.000000;0.000000;2766.612305
2171.000000;10135.000000;10669.000000;0.000000;24518.000000;10445.000000;0.000000;2767.952637
2172.000000;10135.000000;10657.000000;0.000000;20941.000000;10445.000000;0.000000;2769.314697
2173.000000;10135.000000;11113.000000;0.000000;26301.000000;10445.000000;0.000000;2770.711426
2174.000000;10135.000000;11814.000000;0.000000;50161.000000;10445.000000;0.000000;2772.025635
2175.000000;10135.000000;10855.000000;0.000000;30235.000000;10445.000000;0.000000;2773.399170
2176.000000;10135.000000;11263.000000;0.000000;27100.000000;10445.000000;0.000000;2774.831299
2177.000000;10135.000000;10514.000000;0.000000;20624.000000;10445.000000;0.000000;2776.185791
2178.000000;10135.000000;11146.000000;0.000000;38897.000000;10445.000000;0.000000;2777.554932
2179.000000;10135.000000;10875.000000;0.000000;30211.000000;10445.000000;0.000000;2778.849121
2180.000000;10135.000000;10998.000000;0.000000;34188.000000;10445.000000;0.000000;2780.041260
2181.000000;10135.000000;9976.000000;0.000000;21468.000000;10445.000000;0.000000;2781.410156
2182.000000;10135.000000;10910.000000;0.000000;17791.000000;10445.000000;0.000000;2782.739990
2183.000000;10135.000000;10251.000000;0.000000;28392.000000;10445.000000;0.000000;2784.048584
2184.000000;10135.000000;9480.000000;0.000000;17289.000000;10445.000000;0.000000;2785.381348
2185.000000;10135.000000;10534.000000;0.000000;14516.000000;10445.000000;0.000000;2786.759033
2186.000000;10135.000000;11391.000000;0.000000;41118.000000;10445.000000;0.000000;2788.103271
2187.000000;10135.000000;11016.000000;0.000000;14022.000000;10445.000000;0.000000;2789.419434
2188.000000;10135.000000;11650.000000;0.000000;21661.000000;10445.000000;0.000000;2790.722168
2189.000000;10135.000000;11044.000000;0.000000;43821.000000;10445.000000;0.000000;2792.028564
2190.000000;10135.000000;11170.000000;0.000000;48827.000000;10445.000000;0.000000;2793.328125
2191.000000;10135.000000;11775.000000;0.000000;22638.000000;10445.000000;0.000000;2794.685791
2192.000000;10135.000000;12826.000000;0.000000;93104.000000;10445.000000;0.000000;2796.112305
2193.000000;10135.000000;9679.000000;0.000000;17886.000000;10445.000000;0.000000;2797.485107
2194.000000;10135.000000;11447.000000;0.000000;40121.000000;10445.000000;0.000000;2798.819092
2195.000000;10135.000000;10514.000000;0.000000;18282.000000;10445.000000;0.000000;2800.088867
2196.000000;10135.000000;10701.000000;0.000000;15811.000000;10445.000000;0.000000;2801.253662
2197.000000;10135.000000;10401.000000;0.000000;22856.000000;10445.000000;0.000000;2802.414307
2198.000000;10135.000000;10407.000000;0.000000;16070.000000;10445.000000;0.000000;2803.576416
2199.000000;10135.000000;11113.000000;0.000000;21027.000000;10445.000000;0.000000;2804.875488
2200.000000;10135.000000;9960.000000;0.000000;15005.000000;10445.000000;0.000000;2806.042480
2201.000000;10135.000000;10777.000000;0.000000;22640.000000;10445.000000;0.000000;2807.499023
2202.000000;10135.000000;10759.000000;0.000000;22176.000000;10445.000000;0.000000;2808.807129
2203.000000;10135.000000;10907.000000;0.000000;14382.000000;10445.000000;0.000000;2810.095459
2204.000000;10135.000000;9578.000000;0.000000;12354.000000;10445.000000;0.000000;2811.394775
2205.000000;10135.000000;10485.000000;0.000000;25078.000000;10445.000000;0.000000;2812.702148
2206.000000;10135.000000;12131.000000;0.000000;42960.000000;10445.000000;0.000000;2814.003174
2207.000000;10135.000000;11185.000000;0.000000;15163.000000;10445.000000;0.000000;2815.324463
2208.000000;10135.000000;10532.000000;0.000000;22580.000000;10445.000000;0.000000;2816.679688
2209.000000;10135.000000;9618.000000;0.000000;29651.000000;10445.000000;0.000000;2818.015137
2210.000000;10135.000000;11310.000000;0.000000;32229.000000;10445.000000;0.000000;2819.360107
2211.000000;10135.000000;10454.000000;0.000000;14176.000000;10445.000000;0.000000;2820.685303
2212.000000;10135.000000;10422.000000;0.000000;13039.000000;10445.000000;0.000000;2821.975830
2213.000000;10135.000000;11543.000000;0.000000;36405.000000;10445.000000;0.000000;2823.263184
2214.000000;10135.000000;10773.000000;0.000000;18870.000000;10445.000000;0.000000;2824.552002
2215.000000;10135.000000;10315.000000;0.000000;15810.000000;10445.000000;0.000000;2825.818359
2216.000000;10135.000000;12059.000000;0.000000;45025.000000;10445.000000;0.000000;2826.989746
2217.000000;10135.000000;10109.000000;0.000000;17497.000000;10445.000000;0.000000;2828.148682
2218.000000;10135.000000;13401.000000;0.000000;132201.000000;10445.000000;0.000000;2829.300293
2219.000000;10135.000000;11868.000000;0.000000;21613.000000;10445.000000;0.000000;2830.447266
2220.000000;10135.000000;11819.000000;0.000000;23228.000000;10445.000000;0.000000;2831.592285
2221.000000;10135.000000;9183.000000;0.000000;8919.000000;10445.000000;0.000000;2832.985596
2222.000000;10135.000000;11330.000000;0.000000;19643.000000;10445.000000;0.000000;2834.249756
2223.000000;10135.000000;9983.000000;0.000000;14694.000000;10445.000000;0.000000;2835.507812
2224.000000;10135.000000;10689.000000;0.000000;47815.000000;10445.000000;0.000000;2836.787598
2225.000000;10135.000000;8975.000000;0.000000;30044.000000;10445.000000;0.000000;2838.094238
2226.000000;10135.000000;11781.000000;0.000000;44634.000000;10445.000000;0.000000;2839.367676
2227.000000;10135.000000;10569.000000;0.000000;19570.000000;10445.000000;0.000000;2840.642334
2228.000000;10135.000000;9390.000000;0.000000;25859.000000;10445.000000;0.000000;2841.916992
2229.000000;10135.000000;9352.000000;0.000000;15141.000000;10445.000000;0.000000;2843.192139
2230.000000;10135.000000;12041.000000;0.000000;45039.000000;10445.000000;0.000000;2844.502197
2231.000000;10135.000000;10740.000000;0.000000;28569.000000;10445.000000;0.000000;2845.848633
2232.000000;10135.000000;9451.000000;0.000000;6593.000000;10445.000000;0.000000;2847.166016
2233.000000;10135.000000;11039.000000;0.000000;29476.000000;10445.000000;0.000000;2848.459961
2234.000000;10135.000000;12585.000000;0.000000;55662.000000;10445.000000;0.000000;2849.721924
2235.000000;10135.000000;11636.000000;0.000000;26628.000000;10445.000000;0.000000;2850.986328
2236.000000;10135.000000;10071.000000;0.000000;21421.000000;10445.000000;0.000000;2852.137207
2237.000000;10135.000000;12947.000000;0.000000;79350.000000;10445.000000;0.000000;2853.261719
2238.000000;10135.000000;9604.000000;0.000000;15212.000000;10445.000000;0.000000;2854.386475
2239.000000;10135.000000;11175.000000;0.000000;29832.000000;10445.000000;0.000000;2855.508789
2240.000000;10135.000000;9607.000000;0.000000;15557.000000;10445.000000;0.000000;2856.629883
2241.000000;10135.000000;12036.000000;0.000000;68396.000000;10445.000000;0.000000;2858.009033
2242.000000;10135.000000;8878.000000;0.000000;36225.000000;10445.000000;0.000000;2859.271729
2243.000000;10135.000000;10461.000000;0.000000;12601.000000;10445.000000;0.000000;2860.510498
2244.000000;10135.000000;11842.000000;0.000000;50387.000000;10445.000000;0.000000;2861.764648
2245.000000;10135.000000;12005.000000;0.000000;29123.000000;10445.000000;0.000000;2863.022461
2246.000000;10135.000000;11717.000000;0.000000;35498.000000;10445.000000;0.000000;2864.321045
2247.000000;10135.000000;9895.000000;0.000000;34384.000000;10445.000000;0.000000;2865.626709
2248.000000;10135.000000;10367.000000;0.000000;18102.000000;10445.000000;0.000000;2866.882080
2249.000000;10135.000000;10749.000000;0.000000;25247.000000;10445.000000;0.000000;2868.166748
2250.000000;10135.000000;9728.000000;0.000000;74037.000000;10445.000000;0.000000;2869.428223
2251.000000;10135.000000;12110.000000;0.000000;30479.000000;10445.000000;0.000000;2870.716064
2252.000000;10135.000000;9897.000000;0.000000;36559.000000;10445.000000;0.000000;2871.988525
2253.000000;10135.000000;11243.000000;0.000000;20159.000000;10445.000000;0.000000;2873.262207
2254.000000;10135.000000;11237.000000;0.000000;28895.000000;10445.000000;0.000000;2874.533203
2255.000000;10135.000000;9887.000000;0.000000;28997.000000;10445.000000;0.000000;2875.801270
2256.000000;10135.000000;10957.000000;0.000000;18110.000000;10445.000000;0.000000;2876.975830
2257.000000;10135.000000;9883.000000;0.000000;15166.000000;10445.000000;0.000000;2878.129395
2258.000000;10135.000000;10192.000000;0.000000;16611.000000;10445.000000;0.000000;2879.266357
2259.000000;10135.000000;10632.000000;0.000000;23810.000000;10445.000000;0.000000;2880.411621
2260.000000;10135.000000;11330.000000;0.000000;54676.000000;10445.000000;0.000000;2881.548340
2261.000000;10135.000000;10627.000000;0.000000;14030.000000;10445.000000;0.000000;2882.918701
2262.000000;10135.000000;11092.000000;0.000000;37394.000000;10445.000000;0.000000;2884.185547
2263.000000;10135.000000;11946.000000;0.000000;50162.000000;10445.000000;0.000000;2885.437012
2264.000000;10135.000000;10819.000000;0.000000;34738.000000;10445.000000;0.000000;2886.702393
2265.000000;10135.000000;9165.000000;0.000000;70875.000000;10445.000000;0.000000;2887.997314
2266.000000;10135.000000;11320.000000;0.000000;31720.000000;10445.000000;0.000000;2889.266846
2267.000000;10135.000000;12286.000000;0.000000;102075.000000;10445.000000;0.000000;2890.530273
2268.000000;10135.000000;10573.000000;0.000000;23051.000000;10445.000000;0.000000;2891.795654
2269.000000;10135.000000;11571.000000;0.000000;37242.000000;10445.000000;0.000000;2893.064209
2270.000000;10135.000000;10349.000000;0.000000;17611.000000;10445.000000;0.000000;2894.329102
2271.000000;10135.000000;11320.000000;0.000000;18117.000000;10445.000000;0.000000;2895.627197
2272.000000;10135.000000;11405.000000;0.000000;71236.000000;10445.000000;0.000000;2896.908203
2273.000000;10135.000000;11887.000000;0.000000;37674.000000;10445.000000;0.000000;2898.210938
2274.000000;10135.000000;11870.000000;0.000000;45183.000000;10445.000000;0.000000;2899.488037
2275.000000;10135.000000;10901.000000;0.000000;34932.000000;10445.000000;0.000000;2900.766602
2276.000000;10135.000000;11167.000000;0.000000;37109.000000;10445.000000;0.000000;2901.955322
2277.000000;10135.000000;11464.000000;0.000000;27114.000000;10445.000000;0.000000;2903.095703
2278.000000;10135.000000;11860.000000;0.000000;41375.000000;10445.000000;0.000000;2904.309326
2279.000000;10135.000000;9552.000000;0.000000;16248.000000;10445.000000;0.000000;2905.448975
2280.000000;10135.000000;9980.000000;0.000000;26687.000000;10445.000000;0.000000;2906.577881
2281.000000;10135.000000;11231.000000;0.000000;40915.000000;10445.000000;0.000000;2907.995605
2282.000000;10135.000000;10503.000000;0.000000;14804.000000;10445.000000;0.000000;2909.253418
2283.000000;10135.000000;10563.000000;0.000000;13826.000000;10445.000000;0.000000;2910.515869
2284.000000;10135.000000;10452.000000;0.000000;19207.000000;10445.000000;0.000000;2911.790039
2285.000000;10135.000000;12157.000000;0.000000;60253.000000;10445.000000;0.000000;2913.065918
2286.000000;10135.000000;12942.000000;0.000000;67783.000000;10445.000000;0.000000;2914.341309
2287.000000;10135.000000;12271.000000;0.000000;78962.000000;10445.000000;0.000000;2915.619873
2288.000000;10135.000000;11882.000000;0.000000;32460.000000;10445.000000;0.000000;2916.900146
2289.000000;10135.000000;11228.000000;0.000000;31416.000000;10445.000000;0.000000;2918.218994
2290.000000;10135.000000;9536.000000;0.000000;23945.000000;10445.000000;0.000000;2919.497314
2291.000000;10135.000000;10354.000000;0.000000;14939.000000;10445.000000;0.000000;2920.802246
2292.000000;10135.000000;10018.000000;0.000000;14864.000000;10445.000000;0.000000;2922.091797
2293.000000;10135.000000;13177.000000;0.000000;55426.000000;10445.000000;0.000000;2923.382812
2294.000000;10135.000000;9884.000000;0.000000;22953.000000;10445.000000;0.000000;2924.696045
2295.000000;10135.000000;11379.000000;0.000000;31813.000000;10445.000000;0.000000;2925.995605
2296.000000;10135.000000;9502.000000;0.000000;16366.000000;10445.000000;0.000000;2927.158691
2297.000000;10135.000000;10253.000000;0.000000;25548.000000;10445.000000;0.000000;2928.331055
2298.000000;10135.000000;12285.000000;0.000000;65242.000000;10445.000000;0.000000;2929.467285
2299.000000;10135.000000;10534.000000;0.000000;24421.000000;10445.000000;0.000000;2930.603271
2300.000000;10135.000000;10105.000000;0.000000;21548.000000;10445.000000;0.000000;2931.744385
2301.000000;10135.000000;12194.000000;0.000000;45078.000000;10445.000000;0.000000;2933.137451
2302.000000;10135.000000;10769.000000;0.000000;25680.000000;10445.000000;0.000000;2934.405518
2303.000000;10135.000000;11518.000000;0.000000;50483.000000;10445.000000;0.000000;2935.666260
2304.000000;10135.000000;11442.000000;0.000000;24295.000000;10445.000000;0.000000;2936.941650
2305.000000;10135.000000;10259.000000;0.000000;28850.000000;10445.000000;0.000000;2938.259033
2306.000000;10135.000000;12735.000000;0.000000;38478.000000;10445.000000;0.000000;2939.543457
2307.000000;10135.000000;10056.000000;0.000000;25476.000000;10445.000000;0.000000;2940.827881
2308.000000;10135.000000;10216.000000;0.000000;19389.000000;10445.000000;0.000000;2942.112793
2309.000000;10135.000000;10007.000000;0.000000;9790.000000;10445.000000;0.000000;2943.399170
2310.000000;10135.000000;11703.000000;0.000000;21013.000000;10445.000000;0.000000;2944.685547
2311.000000;10135.000000;9774.000000;0.000000;31105.000000;10445.000000;0.000000;2945.973877
2312.000000;10135.000000;10884.000000;0.000000;19543.000000;10445.000000;0.000000;2947.262207
2313.000000;10135.000000;9871.000000;0.000000;15695.000000;10445.000000;0.000000;2948.580322
2314.000000;10135.000000;11066.000000;0.000000;17781.000000;10445.000000;0.000000;2949.870605
2315.000000;10135.000000;10805.000000;0.000000;26131.000000;10445.000000;0.000000;2951.160645
2316.000000;10135.000000;13371.000000;0.000000;77994.000000;10445.000000;0.000000;2952.452148
2317.000000;10135.000000;10613.000000;0.000000;26213.000000;10445.000000;0.000000;2953.759766
2318.000000;10135.000000;11549.000000;0.000000;36970.000000;10445.000000;0.000000;2955.078857
2319.000000;10135.000000;10464.000000;0.000000;37414.000000;10445.000000;0.000000;2956.384521
2320.000000;10135.000000;10740.000000;0.000000;42212.000000;10445.000000;0.000000;2957.687988
2321.000000;10135.000000;13305.000000;0.000000;88373.000000;10445.000000;0.000000;2959.159668
2322.000000;10135.000000;10920.000000;0.000000;23231.000000;10445.000000;0.000000;2960.431152
2323.000000;10135.000000;10672.000000;0.000000;30647.000000;10445.000000;0.000000;2961.704102
2324.000000;10135.000000;11054.000000;0.000000;21944.000000;10445.000000;0.000000;2962.991455
2325.000000;10135.000000;9972.000000;0.000000;14948.000000;10445.000000;0.000000;2964.279541
2326.000000;10135.000000;10976.000000;0.000000;24925.000000;10445.000000;0.000000;2965.563965
2327.000000;10135.000000;10985.000000;0.000000;22250.000000;10445.000000;0.000000;2966.848633
2328.000000;10135.000000;12545.000000;0.000000;51562.000000;10445.000000;0.000000;2968.159668
2329.000000;10135.000000;10088.000000;0.000000;23164.000000;10445.000000;0.000000;2969.457275
2330.000000;10135.000000;12439.000000;0.000000;67188.000000;10445.000000;0.000000;2970.754395
2331.000000;10135.000000;9977.000000;0.000000;18906.000000;10445.000000;0.000000;2972.101807
2332.000000;10135.000000;10736.000000;0.000000;37963.000000;10445.000000;0.000000;2973.415283
2333.000000;10135.000000;10691.000000;0.000000;20411.000000;10445.000000;0.000000;2974.729004
2334.000000;10135.000000;10438.000000;0.000000;23597.000000;10445.000000;0.000000;2976.038818
2335.000000;10135.000000;10775.000000;0.000000;28372.000000;10445.000000;0.000000;2977.316895
2336.000000;10135.000000;10729.000000;0.000000;32065.000000;10445.000000;0.000000;2978.508057
2337.000000;10135.000000;11874.000000;0.000000;32991.000000;10445.000000;0.000000;2979.670166
2338.000000;10135.000000;11326.000000;0.000000;64985.000000;10445.000000;0.000000;2980.828125
2339.000000;10135.000000;11120.000000;0.000000;48441.000000;10445.000000;0.000000;2981.988525
2340.000000;10135.000000;10768.000000;0.000000;26837.000000;10445.000000;0.000000;2983.151855
2341.000000;10135.000000;11285.000000;0.000000;22468.000000;10445.000000;0.000000;2984.679932
2342.000000;10135.000000;10918.000000;0.000000;16062.000000;10445.000000;0.000000;2985.976074
2343.000000;10135.000000;9924.000000;0.000000;31342.000000;10445.000000;0.000000;2987.264404
2344.000000;10135.000000;10333.000000;0.000000;14983.000000;10445.000000;0.000000;2988.615723
2345.000000;10135.000000;9814.000000;0.000000;16339.000000;10445.000000;0.000000;2989.937744
2346.000000;10135.000000;11352.000000;0.000000;27943.000000;10445.000000;0.000000;2991.240967
2347.000000;10135.000000;11861.000000;0.000000;68525.000000;10445.000000;0.000000;2992.544434
2348.000000;10135.000000;12637.000000;0.000000;56266.000000;10445.000000;0.000000;2993.856689
2349.000000;10135.000000;10110.000000;0.000000;15356.000000;10445.000000;0.000000;2995.162598
2350.000000;10135.000000;10877.000000;0.000000;12139.000000;10445.000000;0.000000;2996.461914
2351.000000;10135.000000;11318.000000;0.000000;21008.000000;10445.000000;0.000000;2997.806885
2352.000000;10135.000000;11606.000000;0.000000;40365.000000;10445.000000;0.000000;2999.154053
2353.000000;10135.000000;10043.000000;0.000000;11829.000000;10445.000000;0.000000;3000.481445
2354.000000;10135.000000;13272.000000;0.000000;82923.000000;10445.000000;0.000000;3001.813965
2355.000000;10135.000000;10826.000000;0.000000;17238.000000;10445.000000;0.000000;3003.108154
2356.000000;10135.000000;11451.000000;0.000000;20917.000000;10445.000000;0.000000;3004.297119
2357.000000;10135.000000;11873.000000;0.000000;27147.000000;10445.000000;0.000000;3005.475586
2358.000000;10135.000000;10433.000000;0.000000;17043.000000;10445.000000;0.000000;3006.644531
2359.000000;10135.000000;11272.000000;0.000000;19482.000000;10445.000000;0.000000;3007.814941
2360.000000;10135.000000;9764.000000;0.000000;13673.000000;10445.000000;0.000000;3009.021973
2361.000000;10135.000000;10559.000000;0.000000;11289.000000;10445.000000;0.000000;3010.457031
2362.000000;10135.000000;10007.000000;0.000000;18845.000000;10445.000000;0.000000;3011.759521
2363.000000;10135.000000;10748.000000;0.000000;16589.000000;10445.000000;0.000000;3013.069580
2364.000000;10135.000000;9783.000000;0.000000;10017.000000;10445.000000;0.000000;3014.383545
2365.000000;10135.000000;10513.000000;0.000000;13474.000000;10445.000000;0.000000;3015.702637
2366.000000;10135.000000;11963.000000;0.000000;50145.000000;10445.000000;0.000000;3017.014404
2367.000000;10135.000000;10063.000000;0.000000;30780.000000;10445.000000;0.000000;3018.354736
2368.000000;10135.000000;10080.000000;0.000000;27919.000000;10445.000000;0.000000;3019.673584
2369.000000;10135.000000;9868.000000;0.000000;29369.000000;10445.000000;0.000000;3020.983398
2370.000000;10135.000000;11204.000000;0.000000;24059.000000;10445.000000;0.000000;3022.292725
2371.000000;10135.000000;10508.000000;0.000000;15900.000000;10445.000000;0.000000;3023.645508
2372.000000;10135.000000;11966.000000;0.000000;67402.000000;10445.000000;0.000000;3024.968994
2373.000000;10135.000000;11880.000000;0.000000;47036.000000;10445.000000;0.000000;3026.294922
2374.000000;10135.000000;10171.000000;0.000000;18146.000000;10445.000000;0.000000;3027.619873
2375.000000;10135.000000;12308.000000;0.000000;40985.000000;10445.000000;0.000000;3028.927734
2376.000000;10135.000000;9576.000000;0.000000;8075.000000;10445.000000;0.000000;3030.075195
2377.000000;10135.000000;11155.000000;0.000000;43839.000000;10445.000000;0.000000;3031.222168
2378.000000;10135.000000;11817.000000;0.000000;33629.000000;10445.000000;0.000000;3032.369385
2379.000000;10135.000000;12194.000000;0.000000;35945.000000;10445.000000;0.000000;3033.518311
2380.000000;10135.000000;11093.000000;0.000000;22143.000000;10445.000000;0.000000;3034.765869
2381.000000;10135.000000;11288.000000;0.000000;39635.000000;10445.000000;0.000000;3036.166504
2382.000000;10135.000000;11367.000000;0.000000;18941.000000;10445.000000;0.000000;3037.458984
2383.000000;10135.000000;10538.000000;0.000000;18015.000000;10445.000000;0.000000;3038.910156
2384.000000;10135.000000;10087.000000;0.000000;10339.000000;10445.000000;0.000000;3040.213867
2385.000000;10135.000000;10621.000000;0.000000;21841.000000;10445.000000;0.000000;3041.517090
2386.000000;10135.000000;10637.000000;0.000000;12242.000000;10445.000000;0.000000;3042.812256
2387.000000;10135.000000;11386.000000;0.000000;25547.000000;10445.000000;0.000000;3044.104736
2388.000000;10135.000000;11070.000000;0.000000;17650.000000;10445.000000;0.000000;3045.467041
2389.000000;10135.000000;10599.000000;0.000000;19030.000000;10445.000000;0.000000;3046.899414
2390.000000;10135.000000;11041.000000;0.000000;26485.000000;10445.000000;0.000000;3048.267334
2391.000000;10135.000000;11493.000000;0.000000;18282.000000;10445.000000;0.000000;3049.592285
2392.000000;10135.000000;11424.000000;0.000000;43798.000000;10445.000000;0.000000;3050.894287
2393.000000;10135.000000;10290.000000;0.000000;15369.000000;10445.000000;0.000000;3052.194580
2394.000000;10135.000000;12199.000000;0.000000;61021.000000;10445.000000;0.000000;3053.494141
2395.000000;10135.000000;10771.000000;0.000000;17930.000000;10445.000000;0.000000;3054.802490
2396.000000;10135.000000;11255.000000;0.000000;38375.000000;10445.000000;0.000000;3056.127686
2397.000000;10135.000000;10650.000000;0.000000;19564.000000;10445.000000;0.000000;3057.431396
2398.000000;10135.000000;10653.000000;0.000000;27633.000000;10445.000000;0.000000;3058.796387
2399.000000;10135.000000;12420.000000;0.000000;64244.000000;10445.000000;0.000000;3060.078125
2400.000000;10135.000000;10464.000000;0.000000;22373.000000;10445.000000;0.000000;3061.296387
2401.000000;10135.000000;12981.000000;0.000000;77846.000000;10445.000000;0.000000;3062.664307
2402.000000;10135.000000;12580.000000;0.000000;52728.000000;10445.000000;0.000000;3063.924561
2403.000000;10135.000000;11041.000000;0.000000;28865.000000;10445.000000;0.000000;3065.170654
2404.000000;10135.000000;11587.000000;0.000000;17300.000000;10445.000000;0.000000;3066.435791
2405.000000;10135.000000;10194.000000;0.000000;12840.000000;10445.000000;0.000000;3067.709717
2406.000000;10135.000000;12858.000000;0.000000;79485.000000;10445.000000;0.000000;3069.015137
2407.000000;10135.000000;9972.000000;0.000000;16538.000000;10445.000000;0.000000;3070.279297
2408.000000;10135.000000;12600.000000;0.000000;90518.000000;10445.000000;0.000000;3071.542236
2409.000000;10135.000000;12129.000000;0.000000;70284.000000;10445.000000;0.000000;3072.813721
2410.000000;10135.000000;13091.000000;0.000000;90910.000000;10445.000000;0.000000;3074.080078
2411.000000;10135.000000;10143.000000;0.000000;19251.000000;10445.000000;0.000000;3075.377930
2412.000000;10135.000000;11645.000000;0.000000;42005.000000;10445.000000;0.000000;3076.658936
2413.000000;10135.000000;9928.000000;0.000000;21619.000000;10445.000000;0.000000;3077.940186
2414.000000;10135.000000;11956.000000;0.000000;33867.000000;10445.000000;0.000000;3079.254639
2415.000000;10135.000000;10836.000000;0.000000;25343.000000;10445.000000;0.000000;3080.540039
2416.000000;10135.000000;11298.000000;0.000000;29305.000000;10445.000000;0.000000;3081.720459
2417.000000;10135.000000;10549.000000;0.000000;13869.000000;10445.000000;0.000000;3082.854248
2418.000000;10135.000000;11267.000000;0.000000;39108.000000;10445.000000;0.000000;3083.983887
2419.000000;10135.000000;13291.000000;0.000000;79027.000000;10445.000000;0.000000;3085.116943
2420.000000;10135.000000;9943.000000;0.000000;11549.000000;10445.000000;0.000000;3086.305908
2421.000000;10135.000000;10863.000000;0.000000;14799.000000;10445.000000;0.000000;3087.734131
2422.000000;10135.000000;11830.000000;0.000000;69517.000000;10445.000000;0.000000;3089.041748
2423.000000;10135.000000;11183.000000;0.000000;35230.000000;10445.000000;0.000000;3090.317139
2424.000000;10135.000000;11968.000000;0.000000;49335.000000;10445.000000;0.000000;3091.598633
2425.000000;10135.000000;11087.000000;0.000000;33301.000000;10445.000000;0.000000;3092.874756
2426.000000;10135.000000;11793.000000;0.000000;42364.000000;10445.000000;0.000000;3094.168945
2427.000000;10135.000000;11668.000000;0.000000;27955.000000;10445.000000;0.000000;3095.458984
2428.000000;10135.000000;9907.000000;0.000000;11345.000000;10445.000000;0.000000;3096.738770
2429.000000;10135.000000;9588.000000;0.000000;34920.000000;10445.000000;0.000000;3098.017578
2430.000000;10135.000000;12224.000000;0.000000;42222.000000;10445.000000;0.000000;3099.333984
2431.000000;10135.000000;11556.000000;0.000000;56641.000000;10445.000000;0.000000;3100.671875
2432.000000;10135.000000;10843.000000;0.000000;22974.000000;10445.000000;0.000000;3101.967041
2433.000000;10135.000000;13677.000000;0.000000;110201.000000;10445.000000;0.000000;3103.266602
2434.000000;10135.000000;9366.000000;0.000000;12267.000000;10445.000000;0.000000;3104.672119
2435.000000;10135.000000;11424.000000;0.000000;66885.000000;10445.000000;0.000000;3106.023438
2436.000000;10135.000000;9669.000000;0.000000;21054.000000;10445.000000;0.000000;3107.177979
2437.000000;10135.000000;9897.000000;0.000000;14619.000000;10445.000000;0.000000;3108.329834
2438.000000;10135.000000;10474.000000;0.000000;14752.000000;10445.000000;0.000000;3109.494385
2439.000000;10135.000000;10569.000000;0.000000;10197.000000;10445.000000;0.000000;3110.635010
2440.000000;10135.000000;9928.000000;0.000000;27222.000000;10445.000000;0.000000;3111.771484
2441.000000;10135.000000;11961.000000;0.000000;59915.000000;10445.000000;0.000000;3113.162109
2442.000000;10135.000000;11599.000000;0.000000;66352.000000;10445.000000;0.000000;3114.427979
2443.000000;10135.000000;12032.000000;0.000000;94117.000000;10445.000000;0.000000;3115.721680
2444.000000;10135.000000;10895.000000;0.000000;19414.000000;10445.000000;0.000000;3117.047363
2445.000000;10135.000000;10750.000000;0.000000;15436.000000;10445.000000;0.000000;3118.343018
2446.000000;10135.000000;12003.000000;0.000000;28018.000000;10445.000000;0.000000;3119.690674
2447.000000;10135.000000;11386.000000;0.000000;31516.000000;10445.000000;0.000000;3120.980225
2448.000000;10135.000000;11673.000000;0.000000;38731.000000;10445.000000;0.000000;3122.266113
2449.000000;10135.000000;10416.000000;0.000000;29005.000000;10445.000000;0.000000;3123.552246
2450.000000;10135.000000;9978.000000;0.000000;24425.000000;10445.000000;0.000000;3124.836426
2451.000000;10135.000000;9977.000000;0.000000;20647.000000;10445.000000;0.000000;3126.160400
2452.000000;10135.000000;10230.000000;0.000000;13105.000000;10445.000000;0.000000;3127.463135
2453.000000;10135.000000;9952.000000;0.000000;23193.000000;10445.000000;0.000000;3128.769775
2454.000000;10135.000000;10571.000000;0.000000;31297.000000;10445.000000;0.000000;3130.095947
2455.000000;10135.000000;10492.000000;0.000000;20091.000000;10445.000000;0.000000;3131.387451
2456.000000;10135.000000;9981.000000;0.000000;38031.000000;10445.000000;0.000000;3132.565430
2457.000000;10135.000000;11760.000000;0.000000;41890.000000;10445.000000;0.000000;3133.816162
2458.000000;10135.000000;11191.000000;0.000000;17900.000000;10445.000000;0.000000;3134.966797
2459.000000;10135.000000;10818.000000;0.000000;13504.000000;10445.000000;0.000000;3136.157959
2460.000000;10135.000000;11331.000000;0.000000;18173.000000;10445.000000;0.000000;3137.317383
2461.000000;10135.000000;10245.000000;0.000000;18965.000000;10445.000000;0.000000;3139.207520
2462.000000;10135.000000;10199.000000;0.000000;20086.000000;10445.000000;0.000000;3140.508301
2463.000000;10135.000000;9899.000000;0.000000;28564.000000;10445.000000;0.000000;3141.786377
2464.000000;10135.000000;10622.000000;0.000000;20966.000000;10445.000000;0.000000;3143.075684
2465.000000;10135.000000;10680.000000;0.000000;19786.000000;10445.000000;0.000000;3144.368164
2466.000000;10135.000000;13682.000000;0.000000;126221.000000;10445.000000;0.000000;3145.658691
2467.000000;10135.000000;12972.000000;0.000000;92702.000000;10445.000000;0.000000;3146.955078
2468.000000;10135.000000;11667.000000;0.000000;49254.000000;10445.000000;0.000000;3148.249756
2469.000000;10135.000000;11557.000000;0.000000;52224.000000;10445.000000;0.000000;3149.573975
2470.000000;10135.000000;9596.000000;0.000000;18708.000000;10445.000000;0.000000;3150.876221
2471.000000;10135.000000;11763.000000;0.000000;24988.000000;10445.000000;0.000000;3152.214355
2472.000000;10135.000000;12050.000000;0.000000;60452.000000;10445.000000;0.000000;3153.527100
2473.000000;10135.000000;10481.000000;0.000000;22277.000000;10445.000000;0.000000;3154.841064
2474.000000;10135.000000;10020.000000;0.000000;17129.000000;10445.000000;0.000000;3156.156006
2475.000000;10135.000000;11901.000000;0.000000;40160.000000;10445.000000;0.000000;3157.417969
2476.000000;10135.000000;10329.000000;0.000000;13629.000000;10445.000000;0.000000;3158.586670
2477.000000;10135.000000;10104.000000;0.000000;16622.000000;10445.000000;0.000000;3159.778809
2478.000000;10135.000000;11589.000000;0.000000;42207.000000;10445.000000;0.000000;3160.938477
2479.000000;10135.000000;11016.000000;0.000000;15733.000000;10445.000000;0.000000;3162.098145
2480.000000;10135.000000;9570.000000;0.000000;30342.000000;10445.000000;0.000000;3163.257080
2481.000000;10135.000000;11512.000000;0.000000;29782.000000;10445.000000;0.000000;3164.918701
2482.000000;10135.000000;10304.000000;0.000000;18302.000000;10445.000000;0.000000;3166.207031
2483.000000;10135.000000;10468.000000;0.000000;17532.000000;10445.000000;0.000000;3167.500732
2484.000000;10135.000000;11932.000000;0.000000;53978.000000;10445.000000;0.000000;3168.811523
2485.000000;10135.000000;12052.000000;0.000000;24094.000000;10445.000000;0.000000;3170.135986
2486.000000;10135.000000;10288.000000;0.000000;12359.000000;10445.000000;0.000000;3171.433350
2487.000000;10135.000000;10816.000000;0.000000;7801.000000;10445.000000;0.000000;3172.729248
2488.000000;10135.000000;11608.000000;0.000000;51383.000000;10445.000000;0.000000;3174.026123
2489.000000;10135.000000;11224.000000;0.000000;29877.000000;10445.000000;0.000000;3175.322998
2490.000000;10135.000000;10504.000000;0.000000;51441.000000;10445.000000;0.000000;3176.618896
2491.000000;10135.000000;10299.000000;0.000000;10743.000000;10445.000000;0.000000;3177.957520
2492.000000;10135.000000;10147.000000;0.000000;34779.000000;10445.000000;0.000000;3179.289795
2493.000000;10135.000000;11008.000000;0.000000;31833.000000;10445.000000;0.000000;3180.622070
2494.000000;10135.000000;10444.000000;0.000000;32080.000000;10445.000000;0.000000;3181.950684
2495.000000;10135.000000;10283.000000;0.000000;7218.000000;10445.000000;0.000000;3183.238770
2496.000000;10135.000000;10236.000000;0.000000;16051.000000;10445.000000;0.000000;3184.406006
2497.000000;10135.000000;10936.000000;0.000000;30211.000000;10445.000000;0.000000;3185.572021
2498.000000;10135.000000;10520.000000;0.000000;23801.000000;10445.000000;0.000000;3186.741943
2499.000000;10135.000000;10413.000000;0.000000;15328.000000;10445.000000;0.000000;3187.910889
2500.000000;10135.000000;12107.000000;0.000000;37362.000000;10445.000000;0.000000;3189.083252
2501.000000;10135.000000;10888.000000;0.000000;28360.000000;10445.000000;0.000000;3190.550293
2502.000000;10135.000000;9900.000000;0.000000;31849.000000;10445.000000;0.000000;3191.853516
2503.000000;10135.000000;9968.000000;0.000000;17387.000000;10445.000000;0.000000;3193.154541
2504.000000;10135.000000;11628.000000;0.000000;34178.000000;10445.000000;0.000000;3194.468750
2505.000000;10135.000000;9846.000000;0.000000;19288.000000;10445.000000;0.000000;3195.784668
2506.000000;10135.000000;9666.000000;0.000000;61005.000000;10445.000000;0.000000;3197.113281
2507.000000;10135.000000;12361.000000;0.000000;32438.000000;10445.000000;0.000000;3198.420654
2508.000000;10135.000000;9797.000000;0.000000;26252.000000;10445.000000;0.000000;3199.762695
2509.000000;10135.000000;11443.000000;0.000000;45684.000000;10445.000000;0.000000;3201.072021
2510.000000;10135.000000;10965.000000;0.000000;17784.000000;10445.000000;0.000000;3202.557129
2511.000000;10135.000000;11024.000000;0.000000;13805.000000;10445.000000;0.000000;3204.196533
2512.000000;10135.000000;10511.000000;0.000000;13841.000000;10445.000000;0.000000;3205.538330
2513.000000;10135.000000;11276.000000;0.000000;18389.000000;10445.000000;0.000000;3206.875488
2514.000000;10135.000000;11930.000000;0.000000;35254.000000;10445.000000;0.000000;3208.206299
2515.000000;10135.000000;12008.000000;0.000000;39027.000000;10445.000000;0.000000;3209.433350
2516.000000;10135.000000;9909.000000;0.000000;9241.000000;10445.000000;0.000000;3210.591309
2517.000000;10135.000000;11106.000000;0.000000;21582.000000;10445.000000;0.000000;3211.738281
2518.000000;10135.000000;10222.000000;0.000000;16861.000000;10445.000000;0.000000;3212.888916
2519.000000;10135.000000;10264.000000;0.000000;20615.000000;10445.000000;0.000000;3214.040039
2520.000000;10135.000000;11181.000000;0.000000;15569.000000;10445.000000;0.000000;3215.186768
2521.000000;10135.000000;10707.000000;0.000000;29157.000000;10445.000000;0.000000;3216.591553
2522.000000;10135.000000;10589.000000;0.000000;22317.000000;10445.000000;0.000000;3217.870605
2523.000000;10135.000000;11006.000000;0.000000;23515.000000;10445.000000;0.000000;3219.146240
2524.000000;10135.000000;11995.000000;0.000000;49067.000000;10445.000000;0.000000;3220.454834
2525.000000;10135.000000;10960.000000;0.000000;27643.000000;10445.000000;0.000000;3221.740723
2526.000000;10135.000000;11450.000000;0.000000;21963.000000;10445.000000;0.000000;3223.027588
2527.000000;10135.000000;12460.000000;0.000000;64480.000000;10445.000000;0.000000;3224.366455
2528.000000;10135.000000;11544.000000;0.000000;36408.000000;10445.000000;0.000000;3225.688232
2529.000000;10135.000000;11170.000000;0.000000;42333.000000;10445.000000;0.000000;3226.978027
2530.000000;10135.000000;10472.000000;0.000000;19973.000000;10445.000000;0.000000;3228.289062
2531.000000;10135.000000;11260.000000;0.000000;30737.000000;10445.000000;0.000000;3229.596191
2532.000000;10135.000000;10163.000000;0.000000;18114.000000;10445.000000;0.000000;3230.890381
2533.000000;10135.000000;12786.000000;0.000000;72776.000000;10445.000000;0.000000;3232.173584
2534.000000;10135.000000;10796.000000;0.000000;15160.000000;10445.000000;0.000000;3233.460693
2535.000000;10135.000000;11997.000000;0.000000;41298.000000;10445.000000;0.000000;3234.745850
2536.000000;10135.000000;10859.000000;0.000000;20340.000000;10445.000000;0.000000;3236.072510
2537.000000;10135.000000;11416.000000;0.000000;32504.000000;10445.000000;0.000000;3237.376221
2538.000000;10135.000000;10976.000000;0.000000;23724.000000;10445.000000;0.000000;3238.675781
2539.000000;10135.000000;11442.000000;0.000000;63729.000000;10445.000000;0.000000;3239.980469
2540.000000;10135.000000;10626.000000;0.000000;21319.000000;10445.000000;0.000000;3241.225098
2541.000000;10135.000000;11126.000000;0.000000;9114.000000;10445.000000;0.000000;3242.590820
2542.000000;10135.000000;12926.000000;0.000000;68109.000000;10445.000000;0.000000;3243.868652
2543.000000;10135.000000;10661.000000;0.000000;16813.000000;10445.000000;0.000000;3245.118896
2544.000000;10135.000000;10772.000000;0.000000;28070.000000;10445.000000;0.000000;3246.382568
2545.000000;10135.000000;11330.000000;0.000000;37472.000000;10445.000000;0.000000;3247.648682
2546.000000;10135.000000;10602.000000;0.000000;25880.000000;10445.000000;0.000000;3248.917480
2547.000000;10135.000000;12219.000000;0.000000;39725.000000;10445.000000;0.000000;3250.206299
2548.000000;10135.000000;10409.000000;0.000000;19775.000000;10445.000000;0.000000;3251.470215
2549.000000;10135.000000;11182.000000;0.000000;19453.000000;10445.000000;0.000000;3252.742188
2550.000000;10135.000000;11247.000000;0.000000;34743.000000;10445.000000;0.000000;3254.006836
2551.000000;10135.000000;11906.000000;0.000000;45820.000000;10445.000000;0.000000;3255.304443
2552.000000;10135.000000;10290.000000;0.000000;18106.000000;10445.000000;0.000000;3256.585205
2553.000000;10135.000000;11101.000000;0.000000;55835.000000;10445.000000;0.000000;3257.871826
2554.000000;10135.000000;11178.000000;0.000000;21195.000000;10445.000000;0.000000;3259.152100
2555.000000;10135.000000;10591.000000;0.000000;18031.000000;10445.000000;0.000000;3260.458252
2556.000000;10135.000000;10437.000000;0.000000;19916.000000;10445.000000;0.000000;3261.642822
2557.000000;10135.000000;11592.000000;0.000000;26297.000000;10445.000000;0.000000;3262.774414
2558.000000;10135.000000;12082.000000;0.000000;59994.000000;10445.000000;0.000000;3263.901611
2559.000000;10135.000000;9949.000000;0.000000;24677.000000;10445.000000;0.000000;3265.030273
2560.000000;10135.000000;10718.000000;0.000000;43646.000000;10445.000000;0.000000;3266.158447
2561.000000;10135.000000;10406.000000;0.000000;14114.000000;10445.000000;0.000000;3267.530029
2562.000000;10135.000000;10352.000000;0.000000;17682.000000;10445.000000;0.000000;3268.790771
2563.000000;10135.000000;9578.000000;0.000000;27512.000000;10445.000000;0.000000;3270.080322
2564.000000;10135.000000;11070.000000;0.000000;20773.000000;10445.000000;0.000000;3271.353760
2565.000000;10135.000000;9538.000000;0.000000;14720.000000;10445.000000;0.000000;3272.636719
2566.000000;10135.000000;9986.000000;0.000000;18881.000000;10445.000000;0.000000;3273.913086
2567.000000;10135.000000;9894.000000;0.000000;18035.000000;10445.000000;0.000000;3275.191650
2568.000000;10135.000000;10231.000000;0.000000;14884.000000;10445.000000;0.000000;3276.471191
2569.000000;10135.000000;10050.000000;0.000000;8800.000000;10445.000000;0.000000;3277.748047
2570.000000;10135.000000;10088.000000;0.000000;29623.000000;10445.000000;0.000000;3279.029053
2571.000000;10135.000000;11158.000000;0.000000;18348.000000;10445.000000;0.000000;3280.366211
2572.000000;10135.000000;11245.000000;0.000000;35010.000000;10445.000000;0.000000;3281.657959
2573.000000;10135.000000;12713.000000;0.000000;49283.000000;10445.000000;0.000000;3282.946289
2574.000000;10135.000000;12034.000000;0.000000;50090.000000;10445.000000;0.000000;3284.236572
2575.000000;10135.000000;11141.000000;0.000000;22431.000000;10445.000000;0.000000;3285.606689
2576.000000;10135.000000;10682.000000;0.000000;22508.000000;10445.000000;0.000000;3286.757568
2577.000000;10135.000000;10053.000000;0.000000;28197.000000;10445.000000;0.000000;3287.893066
2578.000000;10135.000000;10611.000000;0.000000;33408.000000;10445.000000;0.000000;3289.037598
2579.000000;10135.000000;11931.000000;0.000000;39663.000000;10445.000000;0.000000;3290.208740
2580.000000;10135.000000;10062.000000;0.000000;24491.000000;10445.000000;0.000000;3291.346680
2581.000000;10135.000000;10506.000000;0.000000;15794.000000;10445.000000;0.000000;3292.739990
2582.000000;10135.000000;9776.000000;0.000000;13171.000000;10445.000000;0.000000;3294.100586
2583.000000;10135.000000;12101.000000;0.000000;44955.000000;10445.000000;0.000000;3295.364502
2584.000000;10135.000000;10847.000000;0.000000;18321.000000;10445.000000;0.000000;3296.643066
2585.000000;10135.000000;11653.000000;0.000000;42512.000000;10445.000000;0.000000;3297.927246
2586.000000;10135.000000;10379.000000;0.000000;14383.000000;10445.000000;0.000000;3299.210938
2587.000000;10135.000000;12659.000000;0.000000;50691.000000;10445.000000;0.000000;3300.526855
2588.000000;10135.000000;11004.000000;0.000000;19199.000000;10445.000000;0.000000;3301.817871
2589.000000;10135.000000;11881.000000;0.000000;50361.000000;10445.000000;0.000000;3303.104492
2590.000000;10135.000000;10751.000000;0.000000;11577.000000;10445.000000;0.000000;3304.396240
2591.000000;10135.000000;10385.000000;0.000000;20151.000000;10445.000000;0.000000;3305.720459
2592.000000;10135.000000;10390.000000;0.000000;11896.000000;10445.000000;0.000000;3307.024414
2593.000000;10135.000000;10102.000000;0.000000;9457.000000;10445.000000;0.000000;3308.331055
2594.000000;10135.000000;11795.000000;0.000000;34583.000000;10445.000000;0.000000;3309.638916
2595.000000;10135.000000;11629.000000;0.000000;51376.000000;10445.000000;0.000000;3310.964111
2596.000000;10135.000000;11842.000000;0.000000;50002.000000;10445.000000;0.000000;3312.123779
2597.000000;10135.000000;11221.000000;0.000000;14626.000000;10445.000000;0.000000;3313.281250
2598.000000;10135.000000;11972.000000;0.000000;56143.000000;10445.000000;0.000000;3314.436035
2599.000000;10135.000000;10998.000000;0.000000;48369.000000;10445.000000;0.000000;3315.586914
2600.000000;10135.000000;11138.000000;0.000000;26371.000000;10445.000000;0.000000;3316.739746
2601.000000;10135.000000;9581.000000;0.000000;20204.000000;10445.000000;0.000000;3318.140381
2602.000000;10135.000000;9095.000000;0.000000;11319.000000;10445.000000;0.000000;3319.420654
2603.000000;10135.000000;11889.000000;0.000000;74427.000000;10445.000000;0.000000;3320.748779
2604.000000;10135.000000;10356.000000;0.000000;24007.000000;10445.000000;0.000000;3322.036133
2605.000000;10135.000000;11701.000000;0.000000;30200.000000;10445.000000;0.000000;3323.330811
2606.000000;10135.000000;11272.000000;0.000000;46670.000000;10445.000000;0.000000;3324.616699
2607.000000;10135.000000;12606.000000;0.000000;90051.000000;10445.000000;0.000000;3325.901367
2608.000000;10135.000000;10487.000000;0.000000;21158.000000;10445.000000;0.000000;3327.186523
2609.000000;10135.000000;10124.000000;0.000000;12481.000000;10445.000000;0.000000;3328.472412
2610.000000;10135.000000;13649.000000;0.000000;122777.000000;10445.000000;0.000000;3329.766602
2611.000000;10135.000000;10550.000000;0.000000;23880.000000;10445.000000;0.000000;3331.127930
2612.000000;10135.000000;9405.000000;0.000000;26468.000000;10445.000000;0.000000;3332.440918
2613.000000;10135.000000;9653.000000;0.000000;12823.000000;10445.000000;0.000000;3333.752686
2614.000000;10135.000000;11047.000000;0.000000;31143.000000;10445.000000;0.000000;3335.069092
2615.000000;10135.000000;10303.000000;0.000000;23833.000000;10445.000000;0.000000;3336.370361
2616.000000;10135.000000;10794.000000;0.000000;30047.000000;10445.000000;0.000000;3337.536133
2617.000000;10135.000000;11313.000000;0.000000;27914.000000;10445.000000;0.000000;3338.826172
2618.000000;10135.000000;10259.000000;0.000000;19787.000000;10445.000000;0.000000;3339.995850
2619.000000;10135.000000;11005.000000;0.000000;11812.000000;10445.000000;0.000000;3341.184326
2620.000000;10135.000000;11072.000000;0.000000;47197.000000;10445.000000;0.000000;3342.341309
2621.000000;10135.000000;9486.000000;0.000000;48085.000000;10445.000000;0.000000;3343.753174
2622.000000;10135.000000;10091.000000;0.000000;30609.000000;10445.000000;0.000000;3345.152588
2623.000000;10135.000000;10031.000000;0.000000;32068.000000;10445.000000;0.000000;3346.438965
2624.000000;10135.000000;11798.000000;0.000000;43012.000000;10445.000000;0.000000;3347.737793
2625.000000;10135.000000;9881.000000;0.000000;12294.000000;10445.000000;0.000000;3349.046143
2626.000000;10135.000000;11622.000000;0.000000;47812.000000;10445.000000;0.000000;3350.391602
2627.000000;10135.000000;10631.000000;0.000000;23638.000000;10445.000000;0.000000;3351.699951
2628.000000;10135.000000;10651.000000;0.000000;15910.000000;10445.000000;0.000000;3353.001709
2629.000000;10135.000000;9458.000000;0.000000;9804.000000;10445.000000;0.000000;3354.307861
2630.000000;10135.000000;10920.000000;0.000000;26754.000000;10445.000000;0.000000;3355.605469
2631.000000;10135.000000;9578.000000;0.000000;29803.000000;10445.000000;0.000000;3356.947998
2632.000000;10135.000000;11338.000000;0.000000;26410.000000;10445.000000;0.000000;3358.260254
2633.000000;10135.000000;10371.000000;0.000000;14655.000000;10445.000000;0.000000;3359.558838
2634.000000;10135.000000;10938.000000;0.000000;26820.000000;10445.000000;0.000000;3360.881592
2635.000000;10135.000000;11687.000000;0.000000;39098.000000;10445.000000;0.000000;3362.140625
2636.000000;10135.000000;9803.000000;0.000000;12676.000000;10445.000000;0.000000;3363.285645
2637.000000;10135.000000;11623.000000;0.000000;25801.000000;10445.000000;0.000000;3364.422852
2638.000000;10135.000000;11892.000000;0.000000;57814.000000;10445.000000;0.000000;3365.559326
2639.000000;10135.000000;13009.000000;0.000000;83256.000000;10445.000000;0.000000;3366.697754
2640.000000;10135.000000;10067.000000;0.000000;22980.000000;10445.000000;0.000000;3367.838623
2641.000000;10135.000000;11519.000000;0.000000;32119.000000;10445.000000;0.000000;3369.219971
2642.000000;10135.000000;10415.000000;0.000000;29108.000000;10445.000000;0.000000;3370.536133
2643.000000;10135.000000;10587.000000;0.000000;29450.000000;10445.000000;0.000000;3371.798096
2644.000000;10135.000000;10543.000000;0.000000;21772.000000;10445.000000;0.000000;3373.077637
2645.000000;10135.000000;10539.000000;0.000000;23373.000000;10445.000000;0.000000;3374.354980
2646.000000;10135.000000;11438.000000;0.000000;32590.000000;10445.000000;0.000000;3375.628662
2647.000000;10135.000000;10937.000000;0.000000;24591.000000;10445.000000;0.000000;3376.909424
2648.000000;10135.000000;10868.000000;0.000000;33457.000000;10445.000000;0.000000;3378.187988
2649.000000;10135.000000;10330.000000;0.000000;37679.000000;10445.000000;0.000000;3379.468018
2650.000000;10135.000000;10538.000000;0.000000;24644.000000;10445.000000;0.000000;3380.796143
2651.000000;10135.000000;12052.000000;0.000000;36617.000000;10445.000000;0.000000;3382.114502
2652.000000;10135.000000;10779.000000;0.000000;37032.000000;10445.000000;0.000000;3383.414307
2653.000000;10135.000000;10102.000000;0.000000;18341.000000;10445.000000;0.000000;3384.710449
2654.000000;10135.000000;9975.000000;0.000000;17338.000000;10445.000000;0.000000;3386.005615
2655.000000;10135.000000;9508.000000;0.000000;14118.000000;10445.000000;0.000000;3387.298340
2656.000000;10135.000000;12943.000000;0.000000;47001.000000;10445.000000;0.000000;3388.453125
2657.000000;10135.000000;10420.000000;0.000000;31213.000000;10445.000000;0.000000;3389.600586
2658.000000;10135.000000;11818.000000;0.000000;35495.000000;10445.000000;0.000000;3390.772949
2659.000000;10135.000000;10672.000000;0.000000;29194.000000;10445.000000;0.000000;3391.921387
2660.000000;10135.000000;10126.000000;0.000000;33271.000000;10445.000000;0.000000;3393.068604
2661.000000;10135.000000;10734.000000;0.000000;18178.000000;10445.000000;0.000000;3394.474121
2662.000000;10135.000000;10610.000000;0.000000;25698.000000;10445.000000;0.000000;3395.757324
2663.000000;10135.000000;10791.000000;0.000000;21260.000000;10445.000000;0.000000;3397.041504
2664.000000;10135.000000;10019.000000;0.000000;15762.000000;10445.000000;0.000000;3398.332764
2665.000000;10135.000000;10249.000000;0.000000;33721.000000;10445.000000;0.000000;3399.632568
2666.000000;10135.000000;10340.000000;0.000000;16009.000000;10445.000000;0.000000;3400.946533
2667.000000;10135.000000;12383.000000;0.000000;39747.000000;10445.000000;0.000000;3402.235352
2668.000000;10135.000000;9754.000000;0.000000;47385.000000;10445.000000;0.000000;3403.522705
2669.000000;10135.000000;13489.000000;0.000000;104054.000000;10445.000000;0.000000;3404.915283
2670.000000;10135.000000;10610.000000;0.000000;10883.000000;10445.000000;0.000000;3406.203125
2671.000000;10135.000000;10832.000000;0.000000;18567.000000;10445.000000;0.000000;3407.653076
2672.000000;10135.000000;11219.000000;0.000000;35040.000000;10445.000000;0.000000;3408.955322
2673.000000;10135.000000;13869.000000;0.000000;80146.000000;10445.000000;0.000000;3410.248047
2674.000000;10135.000000;10029.000000;0.000000;26961.000000;10445.000000;0.000000;3411.558594
2675.000000;10135.000000;10702.000000;0.000000;9768.000000;10445.000000;0.000000;3412.850342
2676.000000;10135.000000;10470.000000;0.000000;17176.000000;10445.000000;0.000000;3414.142334
2677.000000;10135.000000;9972.000000;0.000000;15947.000000;10445.000000;0.000000;3415.467529
2678.000000;10135.000000;11715.000000;0.000000;39358.000000;10445.000000;0.000000;3416.837646
2679.000000;10135.000000;11487.000000;0.000000;34083.000000;10445.000000;0.000000;3418.136230
2680.000000;10135.000000;11829.000000;0.000000;31773.000000;10445.000000;0.000000;3419.501221
2681.000000;10135.000000;11043.000000;0.000000;28683.000000;10445.000000;0.000000;3420.988770
2682.000000;10135.000000;9668.000000;0.000000;33118.000000;10445.000000;0.000000;3422.270752
2683.000000;10135.000000;11851.000000;0.000000;34846.000000;10445.000000;0.000000;3423.556641
2684.000000;10135.000000;10110.000000;0.000000;36365.000000;10445.000000;0.000000;3425.135742
2685.000000;10135.000000;12080.000000;0.000000;59508.000000;10445.000000;0.000000;3426.714111
2686.000000;10135.000000;10964.000000;0.000000;16196.000000;10445.000000;0.000000;3428.118896
2687.000000;10135.000000;9874.000000;0.000000;14603.000000;10445.000000;0.000000;3429.394531
2688.000000;10135.000000;10499.000000;0.000000;17831.000000;10445.000000;0.000000;3430.692139
2689.000000;10135.000000;10331.000000;0.000000;15418.000000;10445.000000;0.000000;3432.004395
2690.000000;10135.000000;10774.000000;0.000000;24600.000000;10445.000000;0.000000;3433.338623
2691.000000;10135.000000;12377.000000;0.000000;30363.000000;10445.000000;0.000000;3434.647949
2692.000000;10135.000000;12209.000000;0.000000;71664.000000;10445.000000;0.000000;3435.953857
2693.000000;10135.000000;10926.000000;0.000000;32058.000000;10445.000000;0.000000;3437.268311
2694.000000;10135.000000;10979.000000;0.000000;18776.000000;10445.000000;0.000000;3438.578857
2695.000000;10135.000000;11921.000000;0.000000;54736.000000;10445.000000;0.000000;3439.745117
2696.000000;10135.000000;11456.000000;0.000000;26922.000000;10445.000000;0.000000;3440.918457
2697.000000;10135.000000;10486.000000;0.000000;25705.000000;10445.000000;0.000000;3442.083252
2698.000000;10135.000000;12180.000000;0.000000;20816.000000;10445.000000;0.000000;3443.242676
2699.000000;10135.000000;10347.000000;0.000000;13567.000000;10445.000000;0.000000;3444.401855
2700.000000;10135.000000;10082.000000;0.000000;10579.000000;10445.000000;0.000000;3445.560547
2701.000000;10135.000000;11742.000000;0.000000;54934.000000;10445.000000;0.000000;3446.977295
2702.000000;10135.000000;10415.000000;0.000000;18369.000000;10445.000000;0.000000;3448.269531
2703.000000;10135.000000;12218.000000;0.000000;89071.000000;10445.000000;0.000000;3449.566650
2704.000000;10135.000000;10153.000000;0.000000;14679.000000;10445.000000;0.000000;3450.890625
2705.000000;10135.000000;12920.000000;0.000000;72372.000000;10445.000000;0.000000;3452.221436
2706.000000;10135.000000;12364.000000;0.000000;89938.000000;10445.000000;0.000000;3453.531738
2707.000000;10135.000000;11054.000000;0.000000;15977.000000;10445.000000;0.000000;3454.841797
2708.000000;10135.000000;10183.000000;0.000000;17317.000000;10445.000000;0.000000;3456.150635
2709.000000;10135.000000;10247.000000;0.000000;26651.000000;10445.000000;0.000000;3457.461670
2710.000000;10135.000000;10550.000000;0.000000;17589.000000;10445.000000;0.000000;3458.776123
2711.000000;10135.000000;10193.000000;0.000000;11547.000000;10445.000000;0.000000;3460.125977
2712.000000;10135.000000;11273.000000;0.000000;18864.000000;10445.000000;0.000000;3461.475342
2713.000000;10135.000000;10906.000000;0.000000;37736.000000;10445.000000;0.000000;3462.804443
2714.000000;10135.000000;10691.000000;0.000000;21310.000000;10445.000000;0.000000;3464.134277
2715.000000;10135.000000;9799.000000;0.000000;16732.000000;10445.000000;0.000000;3465.458984
2716.000000;10135.000000;11917.000000;0.000000;43665.000000;10445.000000;0.000000;3466.630127
2717.000000;10135.000000;12140.000000;0.000000;66725.000000;10445.000000;0.000000;3467.797363
2718.000000;10135.000000;10392.000000;0.000000;8168.000000;10445.000000;0.000000;3468.973389
2719.000000;10135.000000;11481.000000;0.000000;43794.000000;10445.000000;0.000000;3470.141357
2720.000000;10135.000000;10369.000000;0.000000;22299.000000;10445.000000;0.000000;3471.336670
2721.000000;10135.000000;11340.000000;0.000000;28922.000000;10445.000000;0.000000;3472.759277
2722.000000;10135.000000;10958.000000;0.000000;12050.000000;10445.000000;0.000000;3474.074951
2723.000000;10135.000000;9308.000000;0.000000;27103.000000;10445.000000;0.000000;3475.370850
2724.000000;10135.000000;12237.000000;0.000000;60040.000000;10445.000000;0.000000;3476.682617
2725.000000;10135.000000;11286.000000;0.000000;41086.000000;10445.000000;0.000000;3477.999512
2726.000000;10135.000000;12919.000000;0.000000;65644.000000;10445.000000;0.000000;3479.302734
2727.000000;10135.000000;10532.000000;0.000000;21017.000000;10445.000000;0.000000;3480.584717
2728.000000;10135.000000;10721.000000;0.000000;23027.000000;10445.000000;0.000000;3481.894043
2729.000000;10135.000000;11002.000000;0.000000;24060.000000;10445.000000;0.000000;3483.181152
2730.000000;10135.000000;10178.000000;0.000000;25266.000000;10445.000000;0.000000;3484.490479
2731.000000;10135.000000;10796.000000;0.000000;14979.000000;10445.000000;0.000000;3485.815674
2732.000000;10135.000000;10500.000000;0.000000;35304.000000;10445.000000;0.000000;3487.121094
2733.000000;10135.000000;10796.000000;0.000000;16409.000000;10445.000000;0.000000;3488.428711
2734.000000;10135.000000;10104.000000;0.000000;19452.000000;10445.000000;0.000000;3489.742432
2735.000000;10135.000000;10031.000000;0.000000;6149.000000;10445.000000;0.000000;3491.043213
2736.000000;10135.000000;10753.000000;0.000000;22250.000000;10445.000000;0.000000;3492.231934
2737.000000;10135.000000;11487.000000;0.000000;23189.000000;10445.000000;0.000000;3493.379883
2738.000000;10135.000000;11091.000000;0.000000;16883.000000;10445.000000;0.000000;3494.523682
2739.000000;10135.000000;10736.000000;0.000000;12663.000000;10445.000000;0.000000;3495.667480
2740.000000;10135.000000;10819.000000;0.000000;26363.000000;10445.000000;0.000000;3496.818604
2741.000000;10135.000000;9861.000000;0.000000;17634.000000;10445.000000;0.000000;3498.234619
2742.000000;10135.000000;11307.000000;0.000000;47964.000000;10445.000000;0.000000;3499.509033
2743.000000;10135.000000;11926.000000;0.000000;41687.000000;10445.000000;0.000000;3500.786377
2744.000000;10135.000000;11004.000000;0.000000;35453.000000;10445.000000;0.000000;3502.103271
2745.000000;10135.000000;9132.000000;0.000000;9981.000000;10445.000000;0.000000;3503.394775
2746.000000;10135.000000;10137.000000;0.000000;14798.000000;10445.000000;0.000000;3504.692871
2747.000000;10135.000000;10748.000000;0.000000;21950.000000;10445.000000;0.000000;3505.979980
2748.000000;10135.000000;10214.000000;0.000000;47474.000000;10445.000000;0.000000;3507.272217
2749.000000;10135.000000;10764.000000;0.000000;33787.000000;10445.000000;0.000000;3508.569336
2750.000000;10135.000000;10612.000000;0.000000;14367.000000;10445.000000;0.000000;3509.838623
2751.000000;10135.000000;10021.000000;0.000000;17785.000000;10445.000000;0.000000;3511.106689
2752.000000;10135.000000;11761.000000;0.000000;33279.000000;10445.000000;0.000000;3512.399658
2753.000000;10135.000000;11659.000000;0.000000;28431.000000;10445.000000;0.000000;3513.666748
2754.000000;10135.000000;9375.000000;0.000000;20348.000000;10445.000000;0.000000;3514.936768
2755.000000;10135.000000;10986.000000;0.000000;20279.000000;10445.000000;0.000000;3516.203613
2756.000000;10135.000000;10633.000000;0.000000;20002.000000;10445.000000;0.000000;3517.494385
2757.000000;10135.000000;11378.000000;0.000000;24523.000000;10445.000000;0.000000;3518.785889
2758.000000;10135.000000;11578.000000;0.000000;33906.000000;10445.000000;0.000000;3520.065430
2759.000000;10135.000000;9500.000000;0.000000;18497.000000;10445.000000;0.000000;3521.360840
2760.000000;10135.000000;12692.000000;0.000000;30898.000000;10445.000000;0.000000;3522.650146
2761.000000;10135.000000;10140.000000;0.000000;15764.000000;10445.000000;0.000000;3524.065918
2762.000000;10135.000000;10414.000000;0.000000;15102.000000;10445.000000;0.000000;3525.393311
2763.000000;10135.000000;10070.000000;0.000000;13960.000000;10445.000000;0.000000;3526.648682
2764.000000;10135.000000;12197.000000;0.000000;47704.000000;10445.000000;0.000000;3527.912598
2765.000000;10135.000000;10344.000000;0.000000;18353.000000;10445.000000;0.000000;3529.184814
2766.000000;10135.000000;11136.000000;0.000000;21463.000000;10445.000000;0.000000;3530.449463
2767.000000;10135.000000;10823.000000;0.000000;42471.000000;10445.000000;0.000000;3531.742676
2768.000000;10135.000000;10557.000000;0.000000;24676.000000;10445.000000;0.000000;3533.008057
2769.000000;10135.000000;10704.000000;0.000000;14687.000000;10445.000000;0.000000;3534.274170
2770.000000;10135.000000;10760.000000;0.000000;24528.000000;10445.000000;0.000000;3535.540283
2771.000000;10135.000000;9886.000000;0.000000;13391.000000;10445.000000;0.000000;3536.843262
2772.000000;10135.000000;10155.000000;0.000000;29293.000000;10445.000000;0.000000;3538.119629
2773.000000;10135.000000;11785.000000;0.000000;32163.000000;10445.000000;0.000000;3539.403076
2774.000000;10135.000000;11580.000000;0.000000;41877.000000;10445.000000;0.000000;3540.691650
2775.000000;10135.000000;10054.000000;0.000000;14185.000000;10445.000000;0.000000;3541.984619
2776.000000;10135.000000;10788.000000;0.000000;16333.000000;10445.000000;0.000000;3543.130615
2777.000000;10135.000000;11142.000000;0.000000;27113.000000;10445.000000;0.000000;3544.270752
2778.000000;10135.000000;11390.000000;0.000000;15064.000000;10445.000000;0.000000;3545.406494
2779.000000;10135.000000;12228.000000;0.000000;67102.000000;10445.000000;0.000000;3546.543701
2780.000000;10135.000000;13128.000000;0.000000;114210.000000;10445.000000;0.000000;3547.682617
2781.000000;10135.000000;11575.000000;0.000000;22467.000000;10445.000000;0.000000;3549.074463
2782.000000;10135.000000;11190.000000;0.000000;44493.000000;10445.000000;0.000000;3550.340576
2783.000000;10135.000000;11343.000000;0.000000;27815.000000;10445.000000;0.000000;3551.692871
2784.000000;10135.000000;12913.000000;0.000000;79102.000000;10445.000000;0.000000;3552.976562
2785.000000;10135.000000;10281.000000;0.000000;12292.000000;10445.000000;0.000000;3554.307129
2786.000000;10135.000000;12192.000000;0.000000;55701.000000;10445.000000;0.000000;3555.587158
2787.000000;10135.000000;11281.000000;0.000000;25959.000000;10445.000000;0.000000;3556.860352
2788.000000;10135.000000;12286.000000;0.000000;77785.000000;10445.000000;0.000000;3558.134521
2789.000000;10135.000000;12354.000000;0.000000;85013.000000;10445.000000;0.000000;3559.413330
2790.000000;10135.000000;11657.000000;0.000000;45494.000000;10445.000000;0.000000;3560.687988
2791.000000;10135.000000;10523.000000;0.000000;18683.000000;10445.000000;0.000000;3562.037354
2792.000000;10135.000000;12639.000000;0.000000;28781.000000;10445.000000;0.000000;3563.333740
2793.000000;10135.000000;10827.000000;0.000000;7195.000000;10445.000000;0.000000;3564.623291
2794.000000;10135.000000;11192.000000;0.000000;50538.000000;10445.000000;0.000000;3565.917236
2795.000000;10135.000000;10871.000000;0.000000;18566.000000;10445.000000;0.000000;3567.202148
2796.000000;10135.000000;9739.000000;0.000000;19435.000000;10445.000000;0.000000;3568.352295
2797.000000;10135.000000;10725.000000;0.000000;23154.000000;10445.000000;0.000000;3569.505615
2798.000000;10135.000000;12227.000000;0.000000;30427.000000;10445.000000;0.000000;3570.662109
2799.000000;10135.000000;9986.000000;0.000000;25825.000000;10445.000000;0.000000;3571.849121
2800.000000;10135.000000;10932.000000;0.000000;29857.000000;10445.000000;0.000000;3573.004883
2801.000000;10135.000000;10617.000000;0.000000;19970.000000;10445.000000;0.000000;3574.405518
2802.000000;10135.000000;10085.000000;0.000000;15670.000000;10445.000000;0.000000;3575.704102
2803.000000;10135.000000;11216.000000;0.000000;27726.000000;10445.000000;0.000000;3576.976807
2804.000000;10135.000000;9443.000000;0.000000;20929.000000;10445.000000;0.000000;3578.269043
2805.000000;10135.000000;12045.000000;0.000000;60799.000000;10445.000000;0.000000;3579.563477
2806.000000;10135.000000;11509.000000;0.000000;25988.000000;10445.000000;0.000000;3580.852295
2807.000000;10135.000000;10482.000000;0.000000;27402.000000;10445.000000;0.000000;3582.175537
2808.000000;10135.000000;10331.000000;0.000000;16415.000000;10445.000000;0.000000;3583.470703
2809.000000;10135.000000;10931.000000;0.000000;27290.000000;10445.000000;0.000000;3584.854004
2810.000000;10135.000000;10896.000000;0.000000;26173.000000;10445.000000;0.000000;3586.144531
2811.000000;10135.000000;11840.000000;0.000000;50666.000000;10445.000000;0.000000;3587.473145
2812.000000;10135.000000;11684.000000;0.000000;17455.000000;10445.000000;0.000000;3588.783447
2813.000000;10135.000000;10232.000000;0.000000;13882.000000;10445.000000;0.000000;3590.087891
2814.000000;10135.000000;10941.000000;0.000000;19172.000000;10445.000000;0.000000;3591.389893
2815.000000;10135.000000;12065.000000;0.000000;64783.000000;10445.000000;0.000000;3592.714355
2816.000000;10135.000000;11774.000000;0.000000;31907.000000;10445.000000;0.000000;3593.874756
2817.000000;10135.000000;11051.000000;0.000000;34617.000000;10445.000000;0.000000;3595.022705
2818.000000;10135.000000;9238.000000;0.000000;14819.000000;10445.000000;0.000000;3596.167236
2819.000000;10135.000000;12455.000000;0.000000;67277.000000;10445.000000;0.000000;3597.314697
2820.000000;10135.000000;11341.000000;0.000000;32082.000000;10445.000000;0.000000;3598.462646
2821.000000;10135.000000;9601.000000;0.000000;17916.000000;10445.000000;0.000000;3599.876953
2822.000000;10135.000000;10612.000000;0.000000;25635.000000;10445.000000;0.000000;3601.168213
0.000000;0.000000;0.000000;0.000000;0.000000;0.000000;0.000000;0.000000
0.000000;0.000000;0.000000;0.000000;0.000000;0.000000;0.000000;0.000000
0.000000;0.000000;0.000000;0.000000;0.000000;0.000000;0.000000;0.000000
0.000000;0.000000;0.000000;0.000000;0.000000;0.000000;0.000000;0.000000
0.000000;0.000000;0.000000;0.000000;0.000000;0.000000;0.000000;0.000000
0.000000;0.000000;0.000000;0.000000;0.000000;0.000000;0.000000;0.000000
0.000000;0.000000;0.000000;0.000000;0.000000;0.000000;0.000000;0.000000
0.000000;0.000000;0.000000;0.000000;0.000000;0.000000;0.000000;0.000000
0.000000;0.000000;0.000000;0.000000;0.000000;0.000000;0.000000;0.000000
0.000000;0.000000;0.000000;0.000000;0.000000;0.000000;0.000000;0.000000
0.000000;0.000000;0.000000;0.000000;0.000000;0.000000;0.000000;0.000000
0.000000;0.000000;0.000000;0.000000;0.000000;0.000000;0.000000;0.000000
0.000000;0.000000;0.000000;0.000000;0.000000;0.000000;0.000000;0.000000
0.000000;0.000000;0.000000;0.000000;0.000000;0.000000;0.000000;0.000000
0.000000;0.000000;0.000000;0.000000;0.000000;0.000000;0.000000;0.000000
0.000000;0.000000;0.000000;0.000000;0.000000;0.000000;0.000000;0.000000
0.000000;0.000000;0.000000;0.000000;0.000000;0.000000;0.000000;0.000000
0.000000;0.000000;0.000000;0.000000;0.000000;0.000000;0.000000;0.000000
0.000000;0.000000;0.000000;0.000000;0.000000;0.000000;0.000000;0.000000
0.000000;0.000000;0.000000;0.000000;0.000000;0.000000;0.000000;0.000000
0.000000;0.000000;0.000000;0.000000;0.000000;0.000000;0.000000;0.000000
0.000000;0.000000;0.000000;0.000000;0.000000;0.000000;0.000000;0.000000
0.000000;0.000000;0.000000;0.000000;0.000000;0.000000;0.000000;0.000000
0.000000;0.000000;0.000000;0.000000;0.000000;0.000000;0.000000;0.000000
0.000000;0.000000;0.000000;0.000000;0.000000;0.000000;0.000000;0.000000
0.000000;0.000000;0.000000;0.000000;0.000000;0.000000;0.000000;0.000000
0.000000;0.000000;0.000000;0.000000;0.000000;0.000000;0.000000;0.000000
0.000000;0.000000;0.000000;0.000000;0.000000;0.000000;0.000000;0.000000
0.000000;0.000000;0.000000;0.000000;0.000000;0.000000;0.000000;0.000000
0.000000;0.000000;0.000000;0.000000;0.000000;0.000000;0.000000;0.000000
0.000000;0.000000;0.000000;0.000000;0.000000;0.000000;0.000000;0.000000
0.000000;0.000000;0.000000;0.000000;0.000000;0.000000;0.000000;0.000000
0.000000;0.000000;0.000000;0.000000;0.000000;0.000000;0.000000;0.000000
0.000000;0.000000;0.000000;0.000000;0.000000;0.000000;0.000000;0.000000
0.000000;0.000000;0.000000;0.000000;0.000000;0.000000;0.000000;0.000000
0.000000;0.000000;0.000000;0.000000;0.000000;0.000000;0.000000;0.000000
0.000000;0.000000;0.000000;0.000000;0.000000;0.000000;0.000000;0.000000
0.000000;0.000000;0.000000;0.000000;0.000000;0.000000;0.000000;0.000000
0.000000;0.000000;0.000000;0.000000;0.000000;0.000000;0.000000;0.000000
0.000000;0.000000;0.000000;0.000000;0.000000;0.000000;0.000000;0.000000
0.000000;0.000000;0.000000;0.000000;0.000000;0.000000;0.000000;0.000000
0.000000;0.000000;0.000000;0.000000;0.000000;0.000000;0.000000;0.000000
0.000000;0.000000;0.000000;0.000000;0.000000;0.000000;0.000000;0.000000
0.000000;0.000000;0.000000;0.000000;0.000000;0.000000;0.000000;0.000000
0.000000;0.000000;0.000000;0.000000;0.000000;0.000000;0.000000;0.000000
0.000000;0.000000;0.000000;0.000000;0.000000;0.000000;0.000000;0.000000
0.000000;0.000000;0.000000;0.000000;0.000000;0.000000;0.000000;0.000000
0.000000;0.000000;0.000000;0.000000;0.000000;0.000000;0.000000;0.000000
0.000000;0.000000;0.000000;0.000000;0.000000;0.000000;0.000000;0.000000
0.000000;0.000000;0.000000;0.000000;0.000000;0.000000;0.000000;0.000000
0.000000;0.000000;0.000000;0.000000;0.000000;0.000000;0.000000;0.000000
0.000000;0.000000;0.000000;0.000000;0.000000;0.000000;0.000000;0.000000
0.000000;0.000000;0.000000;0.000000;0.000000;0.000000;0.000000;0.000000
0.000000;0.000000;0.000000;0.000000;0.000000;0.000000;0.000000;0.000000
0.000000;0.000000;0.000000;0.000000;0.000000;0.000000;0.000000;0.000000
0.000000;0.000000;0.000000;0.000000;0.000000;0.000000;0.000000;0.000000
0.000000;0.000000;0.000000;0.000000;0.000000;0.000000;0.000000;0.000000
0.000000;0.000000;0.000000;0.000000;0.000000;0.000000;0.000000;0.000000
0.000000;0.000000;0.000000;0.000000;0.000000;0.000000;0.000000;0.000000
0.000000;0.000000;0.000000;0.000000;0.000000;0.000000;0.000000;0.000000
0.000000;0.000000;0.000000;0.000000;0.000000;0.000000;0.000000;0.000000
0.000000;0.000000;0.000000;0.000000;0.000000;0.000000;0.000000;0.000000
0.000000;0.000000;0.000000;0.000000;0.000000;0.000000;0.000000;0.000000
0.000000;0.000000;0.000000;0.000000;0.000000;0.000000;0.000000;0.000000
0.000000;0.000000;0.000000;0.000000;0.000000;0.000000;0.000000;0.000000
0.000000;0.000000;0.000000;0.000000;0.000000;0.000000;0.000000;0.000000
0.000000;0.000000;0.000000;0.000000;0.000000;0.000000;0.000000;0.000000
0.000000;0.000000;0.000000;0.000000;0.000000;0.000000;0.000000;0.000000
0.000000;0.000000;0.000000;0.000000;0.000000;0.000000;0.000000;0.000000
0.000000;0.000000;0.000000;0.000000;0.000000;0.000000;0.000000;0.000000
0.000000;0.000000;0.000000;0.000000;0.000000;0.000000;0.000000;0.000000
0.000000;0.000000;0.000000;0.000000;0.000000;0.000000;0.000000;0.000000
0.000000;0.000000;0.000000;0.000000;0.000000;0.000000;0.000000;0.000000
0.000000;0.000000;0.000000;0.000000;0.000000;0.000000;0.000000;0.000000
0.000000;0.000000;0.000000;0.000000;0.000000;0.000000;0.000000;0.000000
0.000000;0.000000;0.000000;0.000000;0.000000;0.000000;0.000000;0.000000
0.000000;0.000000;0.000000;0.000000;0.000000;0.000000;0.000000;0.000000
0.000000;0.000000;0.000000;0.000000;0.000000;0.000000;0.000000;0.000000
0.000000;0.000000;0.000000;0.000000;0.000000;0.000000;0.000000;0.000000
0.000000;0.000000;0.000000;0.000000;0.000000;0.000000;0.000000;0.000000
0.000000;0.000000;0.000000;0.000000;0.000000;0.000000;0.000000;0.000000
0.000000;0.000000;0.000000;0.000000;0.000000;0.000000;0.000000;0.000000
0.000000;0.000000;0.000000;0.000000;0.000000;0.000000;0.000000;0.000000
0.000000;0.000000;0.000000;0.000000;0.000000;0.000000;0.000000;0.000000
0.000000;0.000000;0.000000;0.000000;0.000000;0.000000;0.000000;0.000000
0.000000;0.000000;0.000000;0.000000;0.000000;0.000000;0.000000;0.000000
0.000000;0.000000;0.000000;0.000000;0.000000;0.000000;0.000000;0.000000
0.000000;0.000000;0.000000;0.000000;0.000000;0.000000;0.000000;0.000000
0.000000;0.000000;0.000000;0.000000;0.000000;0.000000;0.000000;0.000000
0.000000;0.000000;0.000000;0.000000;0.000000;0.000000;0.000000;0.000000
0.000000;0.000000;0.000000;0.000000;0.000000;0.000000;0.000000;0.000000
0.000000;0.000000;0.000000;0.000000;0.000000;0.000000;0.000000;0.000000
0.000000;0.000000;0.000000;0.000000;0.000000;0.000000;0.000000;0.000000
0.000000;0.000000;0.000000;0.000000;0.000000;0.000000;0.000000;0.000000
0.000000;0.000000;0.000000;0.000000;0.000000;0.000000;0.000000;0.000000
0.000000;0.000000;0.000000;0.000000;0.000000;0.000000;0.000000;0.000000
0.000000;0.000000;0.000000;0.000000;0.000000;0.000000;0.000000;0.000000
0.000000;0.000000;0.000000;0.000000;0.000000;0.000000;0.000000;0.000000
0.000000;0.000000;0.000000;0.000000;0.000000;0.000000;0.000000;0.000000
0.000000;0.000000;0.000000;0.000000;0.000000;0.000000;0.000000;0.000000
0.000000;0.000000;0.000000;0.000000;0.000000;0.000000;0.000000;0.000000
0.000000;0.000000;0.000000;0.000000;0.000000;0.000000;0.000000;0.000000
0.000000;0.000000;0.000000;0.000000;0.000000;0.000000;0.000000;0.000000
0.000000;0.000000;0.000000;0.000000;0.000000;0.000000;0.000000;0.000000
0.000000;0.000000;0.000000;0.000000;0.000000;0.000000;0.000000;0.000000
0.000000;0.000000;0.000000;0.000000;0.000000;0.000000;0.000000;0.000000
0.000000;0.000000;0.000000;0.000000;0.000000;0.000000;0.000000;0.000000
0.000000;0.000000;0.000000;0.000000;0.000000;0.000000;0.000000;0.000000
0.000000;0.000000;0.000000;0.000000;0.000000;0.000000;0.000000;0.000000
0.000000;0.000000;0.000000;0.000000;0.000000;0.000000;0.000000;0.000000
0.000000;0.000000;0.000000;0.000000;0.000000;0.000000;0.000000;0.000000
0.000000;0.000000;0.000000;0.000000;0.000000;0.000000;0.000000;0.000000
0.000000;0.000000;0.000000;0.000000;0.000000;0.000000;0.000000;0.000000
0.000000;0.000000;0.000000;0.000000;0.000000;0.000000;0.000000;0.000000
0.000000;0.000000;0.000000;0.000000;0.000000;0.000000;0.000000;0.000000
0.000000;0.000000;0.000000;0.000000;0.000000;0.000000;0.000000;0.000000
0.000000;0.000000;0.000000;0.000000;0.000000;0.000000;0.000000;0.000000
0.000000;0.000000;0.000000;0.000000;0.000000;0.000000;0.000000;0.000000
0.000000;0.000000;0.000000;0.000000;0.000000;0.000000;0.000000;0.000000
0.000000;0.000000;0.000000;0.000000;0.000000;0.000000;0.000000;0.000000
0.000000;0.000000;0.000000;0.000000;0.000000;0.000000;0.000000;0.000000
0.000000;0.000000;0.000000;0.000000;0.000000;0.000000;0.000000;0.000000
0.000000;0.000000;0.000000;0.000000;0.000000;0.000000;0.000000;0.000000
0.000000;0.000000;0.000000;0.000000;0.000000;0.000000;0.000000;0.000000
0.000000;0.000000;0.000000;0.000000;0.000000;0.000000;0.000000;0.000000
0.000000;0.000000;0.000000;0.000000;0.000000;0.000000;0.000000;0.000000
0.000000;0.000000;0.000000;0.000000;0.000000;0.000000;0.000000;0.000000
0.000000;0.000000;0.000000;0.000000;0.000000;0.000000;0.000000;0.000000
0.000000;0.000000;0.000000;0.000000;0.000000;0.000000;0.000000;0.000000
0.000000;0.000000;0.000000;0.000000;0.000000;0.000000;0.000000;0.000000
0.000000;0.000000;0.000000;0.000000;0.000000;0.000000;0.000000;0.000000
0.000000;0.000000;0.000000;0.000000;0.000000;0.000000;0.000000;0.000000
0.000000;0.000000;0.000000;0.000000;0.000000;0.000000;0.000000;0.000000
0.000000;0.000000;0.000000;0.000000;0.000000;0.000000;0.000000;0.000000
0.000000;0.000000;0.000000;0.000000;0.000000;0.000000;0.000000;0.000000
0.000000;0.000000;0.000000;0.000000;0.000000;0.000000;0.000000;0.000000
0.000000;0.000000;0.000000;0.000000;0.000000;0.000000;0.000000;0.000000
0.000000;0.000000;0.000000;0.000000;0.000000;0.000000;0.000000;0.000000
0.000000;0.000000;0.000000;0.000000;0.000000;0.000000;0.000000;0.000000
0.000000;0.000000;0.000000;0.000000;0.000000;0.000000;0.000000;0.000000
0.000000;0.000000;0.000000;0.000000;0.000000;0.000000;0.000000;0.000000
0.000000;0.000000;0.000000;0.000000;0.000000;0.000000;0.000000;0.000000
0.000000;0.000000;0.000000;0.000000;0.000000;0.000000;0.000000;0.000000
0.000000;0.000000;0.000000;0.000000;0.000000;0.000000;0.000000;0.000000
0.000000;0.000000;0.000000;0.000000;0.000000;0.000000;0.000000;0.000000
0.000000;0.000000;0.000000;0.000000;0.000000;0.000000;0.000000;0.000000
0.000000;0.000000;0.000000;0.000000;0.000000;0.000000;0.000000;0.000000
0.000000;0.000000;0.000000;0.000000;0.000000;0.000000;0.000000;0.000000
0.000000;0.000000;0.000000;0.000000;0.000000;0.000000;0.000000;0.000000
0.000000;0.000000;0.000000;0.000000;0.000000;0.000000;0.000000;0.000000
0.000000;0.000000;0.000000;0.000000;0.000000;0.000000;0.000000;0.000000
0.000000;0.000000;0.000000;0.000000;0.000000;0.000000;0.000000;0.000000
0.000000;0.000000;0.000000;0.000000;0.000000;0.000000;0.000000;0.000000
0.000000;0.000000;0.000000;0.000000;0.000000;0.000000;0.000000;0.000000
0.000000;0.000000;0.000000;0.000000;0.000000;0.000000;0.000000;0.000000
0.000000;0.000000;0.000000;0.000000;0.000000;0.000000;0.000000;0.000000
0.000000;0.000000;0.000000;0.000000;0.000000;0.000000;0.000000;0.000000
0.000000;0.000000;0.000000;0.000000;0.000000;0.000000;0.000000;0.000000
0.000000;0.000000;0.000000;0.000000;0.000000;0.000000;0.000000;0.000000
0.000000;0.000000;0.000000;0.000000;0.000000;0.000000;0.000000;0.000000
0.000000;0.000000;0.000000;0.000000;0.000000;0.000000;0.000000;0.000000
0.000000;0.000000;0.000000;0.000000;0.000000;0.000000;0.000000;0.000000
0.000000;0.000000;0.000000;0.000000;0.000000;0.000000;0.000000;0.000000
0.000000;0.000000;0.000000;0.000000;0.000000;0.000000;0.000000;0.000000
0.000000;0.000000;0.000000;0.000000;0.000000;0.000000;0.000000;0.000000
0.000000;0.000000;0.000000;0.000000;0.000000;0.000000;0.000000;0.000000
0.000000;0.000000;0.000000;0.000000;0.000000;0.000000;0.000000;0.000000
0.000000;0.000000;0.000000;0.000000;0.000000;0.000000;0.000000;0.000000
0.000000;0.000000;0.000000;0.000000;0.000000;0.000000;0.000000;0.000000
0.000000;0.000000;0.000000;0.000000;0.000000;0.000000;0.000000;0.000000
0.000000;0.000000;0.000000;0.000000;0.000000;0.000000;0.000000;0.000000
0.000000;0.000000;0.000000;0.000000;0.000000;0.000000;0.000000;0.000000
0.000000;0.000000;0.000000;0.000000;0.000000;0.000000;0.000000;0.000000
0.000000;0.000000;0.000000;0.000000;0.000000;0.000000;0.000000;0.000000
0.000000;0.000000;0.000000;0.000000;0.000000;0.000000;0.000000;0.000000
0.000000;0.000000;0.000000;0.000000;0.000000;0.000000;0.000000;0.000000
0.000000;0.000000;0.000000;0.000000;0.000000;0.000000;0.000000;0.000000
0.000000;0.000000;0.000000;0.000000;0.000000;0.000000;0.000000;0.000000
0.000000;0.000000;0.000000;0.000000;0.000000;0.000000;0.000000;0.000000
0.000000;0.000000;0.000000;0.000000;0.000000;0.000000;0.000000;0.000000
0.000000;0.000000;0.000000;0.000000;0.000000;0.000000;0.000000;0.000000
0.000000;0.000000;0.000000;0.000000;0.000000;0.000000;0.000000;0.000000
0.000000;0.000000;0.000000;0.000000;0.000000;0.000000;0.000000;0.000000
0.000000;0.000000;0.000000;0.000000;0.000000;0.000000;0.000000;0.000000
0.000000;0.000000;0.000000;0.000000;0.000000;0.000000;0.000000;0.000000
0.000000;0.000000;0.000000;0.000000;0.000000;0.000000;0.000000;0.000000
0.000000;0.000000;0.000000;0.000000;0.000000;0.000000;0.000000;0.000000
0.000000;0.000000;0.000000;0.000000;0.000000;0.000000;0.000000;0.000000
0.000000;0.000000;0.000000;0.000000;0.000000;0.000000;0.000000;0.000000
0.000000;0.000000;0.000000;0.000000;0.000000;0.000000;0.000000;0.000000
0.000000;0.000000;0.000000;0.000000;0.000000;0.000000;0.000000;0.000000
0.000000;0.000000;0.000000;0.000000;0.000000;0.000000;0.000000;0.000000
0.000000;0.000000;0.000000;0.000000;0.000000;0.000000;0.000000;0.000000
0.000000;0.000000;0.000000;0.000000;0.000000;0.000000;0.000000;0.000000
0.000000;0.000000;0.000000;0.000000;0.000000;0.000000;0.000000;0.000000
0.000000;0.000000;0.000000;0.000000;0.000000;0.000000;0.000000;0.000000
0.000000;0.000000;0.000000;0.000000;0.000000;0.000000;0.000000;0.000000
0.000000;0.000000;0.000000;0.000000;0.000000;0.000000;0.000000;0.000000
0.000000;0.000000;0.000000;0.000000;0.000000;0.000000;0.000000;0.000000
0.000000;0.000000;0.000000;0.000000;0.000000;0.000000;0.000000;0.000000
0.000000;0.000000;0.000000;0.000000;0.000000;0.000000;0.000000;0.000000
0.000000;0.000000;0.000000;0.000000;0.000000;0.000000;0.000000;0.000000
0.000000;0.000000;0.000000;0.000000;0.000000;0.000000;0.000000;0.000000
0.000000;0.000000;0.000000;0.000000;0.000000;0.000000;0.000000;0.000000
0.000000;0.000000;0.000000;0.000000;0.000000;0.000000;0.000000;0.000000
0.000000;0.000000;0.000000;0.000000;0.000000;0.000000;0.000000;0.000000
0.000000;0.000000;0.000000;0.000000;0.000000;0.000000;0.000000;0.000000
0.000000;0.000000;0.000000;0.000000;0.000000;0.000000;0.000000;0.000000
0.000000;0.000000;0.000000;0.000000;0.000000;0.000000;0.000000;0.000000
0.000000;0.000000;0.000000;0.000000;0.000000;0.000000;0.000000;0.000000
0.000000;0.000000;0.000000;0.000000;0.000000;0.000000;0.000000;0.000000
0.000000;0.000000;0.000000;0.000000;0.000000;0.000000;0.000000;0.000000
0.000000;0.000000;0.000000;0.000000;0.000000;0.000000;0.000000;0.000000
0.000000;0.000000;0.000000;0.000000;0.000000;0.000000;0.000000;0.000000
0.000000;0.000000;0.000000;0.000000;0.000000;0.000000;0.000000;0.000000
0.000000;0.000000;0.000000;0.000000;0.000000;0.000000;0.000000;0.000000
0.000000;0.000000;0.000000;0.000000;0.000000;0.000000;0.000000;0.000000
0.000000;0.000000;0.000000;0.000000;0.000000;0.000000;0.000000;0.000000
0.000000;0.000000;0.000000;0.000000;0.000000;0.000000;0.000000;0.000000
0.000000;0.000000;0.000000;0.000000;0.000000;0.000000;0.000000;0.000000
0.000000;0.000000;0.000000;0.000000;0.000000;0.000000;0.000000;0.000000
0.000000;0.000000;0.000000;0.000000;0.000000;0.000000;0.000000;0.000000
0.000000;0.000000;0.000000;0.000000;0.000000;0.000000;0.000000;0.000000
0.000000;0.000000;0.000000;0.000000;0.000000;0.000000;0.000000;0.000000
0.000000;0.000000;0.000000;0.000000;0.000000;0.000000;0.000000;0.000000
0.000000;0.000000;0.000000;0.000000;0.000000;0.000000;0.000000;0.000000
0.000000;0.000000;0.000000;0.000000;0.000000;0.000000;0.000000;0.000000
0.000000;0.000000;0.000000;0.000000;0.000000;0.000000;0.000000;0.000000
0.000000;0.000000;0.000000;0.000000;0.000000;0.000000;0.000000;0.000000
0.000000;0.000000;0.000000;0.000000;0.000000;0.000000;0.000000;0.000000
0.000000;0.000000;0.000000;0.000000;0.000000;0.000000;0.000000;0.000000
0.000000;0.000000;0.000000;0.000000;0.000000;0.000000;0.000000;0.000000
0.000000;0.000000;0.000000;0.000000;0.000000;0.000000;0.000000;0.000000
0.000000;0.000000;0.000000;0.000000;0.000000;0.000000;0.000000;0.000000
0.000000;0.000000;0.000000;0.000000;0.000000;0.000000;0.000000;0.000000
0.000000;0.000000;0.000000;0.000000;0.000000;0.000000;0.000000;0.000000
0.000000;0.000000;0.000000;0.000000;0.000000;0.000000;0.000000;0.000000
0.000000;0.000000;0.000000;0.000000;0.000000;0.000000;0.000000;0.000000
0.000000;0.000000;0.000000;0.000000;0.000000;0.000000;0.000000;0.000000
0.000000;0.000000;0.000000;0.000000;0.000000;0.000000;0.000000;0.000000
0.000000;0.000000;0.000000;0.000000;0.000000;0.000000;0.000000;0.000000
0.000000;0.000000;0.000000;0.000000;0.000000;0.000000;0.000000;0.000000
0.000000;0.000000;0.000000;0.000000;0.000000;0.000000;0.000000;0.000000
0.000000;0.000000;0.000000;0.000000;0.000000;0.000000;0.000000;0.000000
0.000000;0.000000;0.000000;0.000000;0.000000;0.000000;0.000000;0.000000
0.000000;0.000000;0.000000;0.000000;0.000000;0.000000;0.000000;0.000000
0.000000;0.000000;0.000000;0.000000;0.000000;0.000000;0.000000;0.000000
0.000000;0.000000;0.000000;0.000000;0.000000;0.000000;0.000000;0.000000
0.000000;0.000000;0.000000;0.000000;0.000000;0.000000;0.000000;0.000000
0.000000;0.000000;0.000000;0.000000;0.000000;0.000000;0.000000;0.000000
0.000000;0.000000;0.000000;0.000000;0.000000;0.000000;0.000000;0.000000
0.000000;0.000000;0.000000;0.000000;0.000000;0.000000;0.000000;0.000000
0.000000;0.000000;0.000000;0.000000;0.000000;0.000000;0.000000;0.000000
0.000000;0.000000;0.000000;0.000000;0.000000;0.000000;0.000000;0.000000
0.000000;0.000000;0.000000;0.000000;0.000000;0.000000;0.000000;0.000000
0.000000;0.000000;0.000000;0.000000;0.000000;0.000000;0.000000;0.000000
0.000000;0.000000;0.000000;0.000000;0.000000;0.000000;0.000000;0.000000
0.000000;0.000000;0.000000;0.000000;0.000000;0.000000;0.000000;0.000000
0.000000;0.000000;0.000000;0.000000;0.000000;0.000000;0.000000;0.000000
0.000000;0.000000;0.000000;0.000000;0.000000;0.000000;0.000000;0.000000
0.000000;0.000000;0.000000;0.000000;0.000000;0.000000;0.000000;0.000000
0.000000;0.000000;0.000000;0.000000;0.000000;0.000000;0.000000;0.000000
0.000000;0.000000;0.000000;0.000000;0.000000;0.000000;0.000000;0.000000
0.000000;0.000000;0.000000;0.000000;0.000000;0.000000;0.000000;0.000000
0.000000;0.000000;0.000000;0.000000;0.000000;0.000000;0.000000;0.000000
0.000000;0.000000;0.000000;0.000000;0.000000;0.000000;0.000000;0.000000
0.000000;0.000000;0.000000;0.000000;0.000000;0.000000;0.000000;0.000000
0.000000;0.000000;0.000000;0.000000;0.000000;0.000000;0.000000;0.000000
0.000000;0.000000;0.000000;0.000000;0.000000;0.000000;0.000000;0.000000
0.000000;0.000000;0.000000;0.000000;0.000000;0.000000;0.000000;0.000000
0.000000;0.000000;0.000000;0.000000;0.000000;0.000000;0.000000;0.000000
0.000000;0.000000;0.000000;0.000000;0.000000;0.000000;0.000000;0.000000
0.000000;0.000000;0.000000;0.000000;0.000000;0.000000;0.000000;0.000000
0.000000;0.000000;0.000000;0.000000;0.000000;0.000000;0.000000;0.000000
0.000000;0.000000;0.000000;0.000000;0.000000;0.000000;0.000000;0.000000
0.000000;0.000000;0.000000;0.000000;0.000000;0.000000;0.000000;0.000000
0.000000;0.000000;0.000000;0.000000;0.000000;0.000000;0.000000;0.000000
0.000000;0.000000;0.000000;0.000000;0.000000;0.000000;0.000000;0.000000
0.000000;0.000000;0.000000;0.000000;0.000000;0.000000;0.000000;0.000000
0.000000;0.000000;0.000000;0.000000;0.000000;0.000000;0.000000;0.000000
0.000000;0.000000;0.000000;0.000000;0.000000;0.000000;0.000000;0.000000
0.000000;0.000000;0.000000;0.000000;0.000000;0.000000;0.000000;0.000000
0.000000;0.000000;0.000000;0.000000;0.000000;0.000000;0.000000;0.000000
0.000000;0.000000;0.000000;0.000000;0.000000;0.000000;0.000000;0.000000
0.000000;0.000000;0.000000;0.000000;0.000000;0.000000;0.000000;0.000000
0.000000;0.000000;0.000000;0.000000;0.000000;0.000000;0.000000;0.000000
0.000000;0.000000;0.000000;0.000000;0.000000;0.000000;0.000000;0.000000
0.000000;0.000000;0.000000;0.000000;0.000000;0.000000;0.000000;0.000000
0.000000;0.000000;0.000000;0.000000;0.000000;0.000000;0.000000;0.000000
0.000000;0.000000;0.000000;0.000000;0.000000;0.000000;0.000000;0.000000
0.000000;0.000000;0.000000;0.000000;0.000000;0.000000;0.000000;0.000000
0.000000;0.000000;0.000000;0.000000;0.000000;0.000000;0.000000;0.000000
0.000000;0.000000;0.000000;0.000000;0.000000;0.000000;0.000000;0.000000
0.000000;0.000000;0.000000;0.000000;0.000000;0.000000;0.000000;0.000000
0.000000;0.000000;0.000000;0.000000;0.000000;0.000000;0.000000;0.000000
0.000000;0.000000;0.000000;0.000000;0.000000;0.000000;0.000000;0.000000
0.000000;0.000000;0.000000;0.000000;0.000000;0.000000;0.000000;0.000000
0.000000;0.000000;0.000000;0.000000;0.000000;0.000000;0.000000;0.000000
0.000000;0.000000;0.000000;0.000000;0.000000;0.000000;0.000000;0.000000
0.000000;0.000000;0.000000;0.000000;0.000000;0.000000;0.000000;0.000000
0.000000;0.000000;0.000000;0.000000;0.000000;0.000000;0.000000;0.000000
0.000000;0.000000;0.000000;0.000000;0.000000;0.000000;0.000000;0.000000
0.000000;0.000000;0.000000;0.000000;0.000000;0.000000;0.000000;0.000000
0.000000;0.000000;0.000000;0.000000;0.000000;0.000000;0.000000;0.000000
0.000000;0.000000;0.000000;0.000000;0.000000;0.000000;0.000000;0.000000
0.000000;0.000000;0.000000;0.000000;0.000000;0.000000;0.000000;0.000000
0.000000;0.000000;0.000000;0.000000;0.000000;0.000000;0.000000;0.000000
0.000000;0.000000;0.000000;0.000000;0.000000;0.000000;0.000000;0.000000
0.000000;0.000000;0.000000;0.000000;0.000000;0.000000;0.000000;0.000000
0.000000;0.000000;0.000000;0.000000;0.000000;0.000000;0.000000;0.000000
0.000000;0.000000;0.000000;0.000000;0.000000;0.000000;0.000000;0.000000
0.000000;0.000000;0.000000;0.000000;0.000000;0.000000;0.000000;0.000000
0.000000;0.000000;0.000000;0.000000;0.000000;0.000000;0.000000;0.000000
0.000000;0.000000;0.000000;0.000000;0.000000;0.000000;0.000000;0.000000
0.000000;0.000000;0.000000;0.000000;0.000000;0.000000;0.000000;0.000000
0.000000;0.000000;0.000000;0.000000;0.000000;0.000000;0.000000;0.000000
0.000000;0.000000;0.000000;0.000000;0.000000;0.000000;0.000000;0.000000
0.000000;0.000000;0.000000;0.000000;0.000000;0.000000;0.000000;0.000000
0.000000;0.000000;0.000000;0.000000;0.000000;0.000000;0.000000;0.000000
0.000000;0.000000;0.000000;0.000000;0.000000;0.000000;0.000000;0.000000
0.000000;0.000000;0.000000;0.000000;0.000000;0.000000;0.000000;0.000000
0.000000;0.000000;0.000000;0.000000;0.000000;0.000000;0.000000;0.000000
0.000000;0.000000;0.000000;0.000000;0.000000;0.000000;0.000000;0.000000
0.000000;0.000000;0.000000;0.000000;0.000000;0.000000;0.000000;0.000000
0.000000;0.000000;0.000000;0.000000;0.000000;0.000000;0.000000;0.000000
0.000000;0.000000;0.000000;0.000000;0.000000;0.000000;0.000000;0.000000
0.000000;0.000000;0.000000;0.000000;0.000000;0.000000;0.000000;0.000000
0.000000;0.000000;0.000000;0.000000;0.000000;0.000000;0.000000;0.000000
0.000000;0.000000;0.000000;0.000000;0.000000;0.000000;0.000000;0.000000
0.000000;0.000000;0.000000;0.000000;0.000000;0.000000;0.000000;0.000000
0.000000;0.000000;0.000000;0.000000;0.000000;0.000000;0.000000;0.000000
0.000000;0.000000;0.000000;0.000000;0.000000;0.000000;0.000000;0.000000
0.000000;0.000000;0.000000;0.000000;0.000000;0.000000;0.000000;0.000000
0.000000;0.000000;0.000000;0.000000;0.000000;0.000000;0.000000;0.000000
0.000000;0.000000;0.000000;0.000000;0.000000;0.000000;0.000000;0.000000
0.000000;0.000000;0.000000;0.000000;0.000000;0.000000;0.000000;0.000000
0.000000;0.000000;0.000000;0.000000;0.000000;0.000000;0.000000;0.000000
0.000000;0.000000;0.000000;0.000000;0.000000;0.000000;0.000000;0.000000
0.000000;0.000000;0.000000;0.000000;0.000000;0.000000;0.000000;0.000000
0.000000;0.000000;0.000000;0.000000;0.000000;0.000000;0.000000;0.000000
0.000000;0.000000;0.000000;0.000000;0.000000;0.000000;0.000000;0.000000
0.000000;0.000000;0.000000;0.000000;0.000000;0.000000;0.000000;0.000000
0.000000;0.000000;0.000000;0.000000;0.000000;0.000000;0.000000;0.000000
0.000000;0.000000;0.000000;0.000000;0.000000;0.000000;0.000000;0.000000
0.000000;0.000000;0.000000;0.000000;0.000000;0.000000;0.000000;0.000000
0.000000;0.000000;0.000000;0.000000;0.000000;0.000000;0.000000;0.000000
0.000000;0.000000;0.000000;0.000000;0.000000;0.000000;0.000000;0.000000
0.000000;0.000000;0.000000;0.000000;0.000000;0.000000;0.000000;0.000000
0.000000;0.000000;0.000000;0.000000;0.000000;0.000000;0.000000;0.000000
0.000000;0.000000;0.000000;0.000000;0.000000;0.000000;0.000000;0.000000
0.000000;0.000000;0.000000;0.000000;0.000000;0.000000;0.000000;0.000000
0.000000;0.000000;0.000000;0.000000;0.000000;0.000000;0.000000;0.000000
0.000000;0.000000;0.000000;0.000000;0.000000;0.000000;0.000000;0.000000
0.000000;0.000000;0.000000;0.000000;0.000000;0.000000;0.000000;0.000000
0.000000;0.000000;0.000000;0.000000;0.000000;0.000000;0.000000;0.000000
0.000000;0.000000;0.000000;0.000000;0.000000;0.000000;0.000000;0.000000
0.000000;0.000000;0.000000;0.000000;0.000000;0.000000;0.000000;0.000000
0.000000;0.000000;0.000000;0.000000;0.000000;0.000000;0.000000;0.000000
0.000000;0.000000;0.000000;0.000000;0.000000;0.000000;0.000000;0.000000
0.000000;0.000000;0.000000;0.000000;0.000000;0.000000;0.000000;0.000000
0.000000;0.000000;0.000000;0.000000;0.000000;0.000000;0.000000;0.000000
0.000000;0.000000;0.000000;0.000000;0.000000;0.000000;0.000000;0.000000
0.000000;0.000000;0.000000;0.000000;0.000000;0.000000;0.000000;0.000000
0.000000;0.000000;0.000000;0.000000;0.000000;0.000000;0.000000;0.000000
0.000000;0.000000;0.000000;0.000000;0.000000;0.000000;0.000000;0.000000
0.000000;0.000000;0.000000;0.000000;0.000000;0.000000;0.000000;0.000000
0.000000;0.000000;0.000000;0.000000;0.000000;0.000000;0.000000;0.000000
0.000000;0.000000;0.000000;0.000000;0.000000;0.000000;0.000000;0.000000
0.000000;0.000000;0.000000;0.000000;0.000000;0.000000;0.000000;0.000000
0.000000;0.000000;0.000000;0.000000;0.000000;0.000000;0.000000;0.000000
0.000000;0.000000;0.000000;0.000000;0.000000;0.000000;0.000000;0.000000
0.000000;0.000000;0.000000;0.000000;0.000000;0.000000;0.000000;0.000000
0.000000;0.000000;0.000000;0.000000;0.000000;0.000000;0.000000;0.000000
0.000000;0.000000;0.000000;0.000000;0.000000;0.000000;0.000000;0.000000
0.000000;0.000000;0.000000;0.000000;0.000000;0.000000;0.000000;0.000000
0.000000;0.000000;0.000000;0.000000;0.000000;0.000000;0.000000;0.000000
0.000000;0.000000;0.000000;0.000000;0.000000;0.000000;0.000000;0.000000
0.000000;0.000000;0.000000;0.000000;0.000000;0.000000;0.000000;0.000000
0.000000;0.000000;0.000000;0.000000;0.000000;0.000000;0.000000;0.000000
0.000000;0.000000;0.000000;0.000000;0.000000;0.000000;0.000000;0.000000
0.000000;0.000000;0.000000;0.000000;0.000000;0.000000;0.000000;0.000000
0.000000;0.000000;0.000000;0.000000;0.000000;0.000000;0.000000;0.000000
0.000000;0.000000;0.000000;0.000000;0.000000;0.000000;0.000000;0.000000
0.000000;0.000000;0.000000;0.000000;0.000000;0.000000;0.000000;0.000000
0.000000;0.000000;0.000000;0.000000;0.000000;0.000000;0.000000;0.000000
0.000000;0.000000;0.000000;0.000000;0.000000;0.000000;0.000000;0.000000
0.000000;0.000000;0.000000;0.000000;0.000000;0.000000;0.000000;0.000000
0.000000;0.000000;0.000000;0.000000;0.000000;0.000000;0.000000;0.000000
0.000000;0.000000;0.000000;0.000000;0.000000;0.000000;0.000000;0.000000
0.000000;0.000000;0.000000;0.000000;0.000000;0.000000;0.000000;0.000000
0.000000;0.000000;0.000000;0.000000;0.000000;0.000000;0.000000;0.000000
0.000000;0.000000;0.000000;0.000000;0.000000;0.000000;0.000000;0.000000
0.000000;0.000000;0.000000;0.000000;0.000000;0.000000;0.000000;0.000000
0.000000;0.000000;0.000000;0.000000;0.000000;0.000000;0.000000;0.000000
0.000000;0.000000;0.000000;0.000000;0.000000;0.000000;0.000000;0.000000
0.000000;0.000000;0.000000;0.000000;0.000000;0.000000;0.000000;0.000000
0.000000;0.000000;0.000000;0.000000;0.000000;0.000000;0.000000;0.000000
0.000000;0.000000;0.000000;0.000000;0.000000;0.000000;0.000000;0.000000
0.000000;0.000000;0.000000;0.000000;0.000000;0.000000;0.000000;0.000000
0.000000;0.000000;0.000000;0.000000;0.000000;0.000000;0.000000;0.000000
0.000000;0.000000;0.000000;0.000000;0.000000;0.000000;0.000000;0.000000
0.000000;0.000000;0.000000;0.000000;0.000000;0.000000;0.000000;0.000000
0.000000;0.000000;0.000000;0.000000;0.000000;0.000000;0.000000;0.000000
0.000000;0.000000;0.000000;0.000000;0.000000;0.000000;0.000000;0.000000
0.000000;0.000000;0.000000;0.000000;0.000000;0.000000;0.000000;0.000000
0.000000;0.000000;0.000000;0.000000;0.000000;0.000000;0.000000;0.000000
0.000000;0.000000;0.000000;0.000000;0.000000;0.000000;0.000000;0.000000
0.000000;0.000000;0.000000;0.000000;0.000000;0.000000;0.000000;0.000000
0.000000;0.000000;0.000000;0.000000;0.000000;0.000000;0.000000;0.000000
0.000000;0.000000;0.000000;0.000000;0.000000;0.000000;0.000000;0.000000
0.000000;0.000000;0.000000;0.000000;0.000000;0.000000;0.000000;0.000000
0.000000;0.000000;0.000000;0.000000;0.000000;0.000000;0.000000;0.000000
0.000000;0.000000;0.000000;0.000000;0.000000;0.000000;0.000000;0.000000
0.000000;0.000000;0.000000;0.000000;0.000000;0.000000;0.000000;0.000000
0.000000;0.000000;0.000000;0.000000;0.000000;0.000000;0.000000;0.000000
0.000000;0.000000;0.000000;0.000000;0.000000;0.000000;0.000000;0.000000
0.000000;0.000000;0.000000;0.000000;0.000000;0.000000;0.000000;0.000000
0.000000;0.000000;0.000000;0.000000;0.000000;0.000000;0.000000;0.000000
0.000000;0.000000;0.000000;0.000000;0.000000;0.000000;0.000000;0.000000
0.000000;0.000000;0.000000;0.000000;0.000000;0.000000;0.000000;0.000000
0.000000;0.000000;0.000000;0.000000;0.000000;0.000000;0.000000;0.000000
0.000000;0.000000;0.000000;0.000000;0.000000;0.000000;0.000000;0.000000
0.000000;0.000000;0.000000;0.000000;0.000000;0.000000;0.000000;0.000000
0.000000;0.000000;0.000000;0.000000;0.000000;0.000000;0.000000;0.000000
0.000000;0.000000;0.000000;0.000000;0.000000;0.000000;0.000000;0.000000
0.000000;0.000000;0.000000;0.000000;0.000000;0.000000;0.000000;0.000000
0.000000;0.000000;0.000000;0.000000;0.000000;0.000000;0.000000;0.000000
0.000000;0.000000;0.000000;0.000000;0.000000;0.000000;0.000000;0.000000
0.000000;0.000000;0.000000;0.000000;0.000000;0.000000;0.000000;0.000000
0.000000;0.000000;0.000000;0.000000;0.000000;0.000000;0.000000;0.000000
0.000000;0.000000;0.000000;0.000000;0.000000;0.000000;0.000000;0.000000
0.000000;0.000000;0.000000;0.000000;0.000000;0.000000;0.000000;0.000000
0.000000;0.000000;0.000000;0.000000;0.000000;0.000000;0.000000;0.000000
0.000000;0.000000;0.000000;0.000000;0.000000;0.000000;0.000000;0.000000
0.000000;0.000000;0.000000;0.000000;0.000000;0.000000;0.000000;0.000000
0.000000;0.000000;0.000000;0.000000;0.000000;0.000000;0.000000;0.000000
0.000000;0.000000;0.000000;0.000000;0.000000;0.000000;0.000000;0.000000
0.000000;0.000000;0.000000;0.000000;0.000000;0.000000;0.000000;0.000000
0.000000;0.000000;0.000000;0.000000;0.000000;0.000000;0.000000;0.000000
0.000000;0.000000;0.000000;0.000000;0.000000;0.000000;0.000000;0.000000
0.000000;0.000000;0.000000;0.000000;0.000000;0.000000;0.000000;0.000000
0.000000;0.000000;0.000000;0.000000;0.000000;0.000000;0.000000;0.000000
0.000000;0.000000;0.000000;0.000000;0.000000;0.000000;0.000000;0.000000
0.000000;0.000000;0.000000;0.000000;0.000000;0.000000;0.000000;0.000000
0.000000;0.000000;0.000000;0.000000;0.000000;0.000000;0.000000;0.000000
0.000000;0.000000;0.000000;0.000000;0.000000;0.000000;0.000000;0.000000
0.000000;0.000000;0.000000;0.000000;0.000000;0.000000;0.000000;0.000000
0.000000;0.000000;0.000000;0.000000;0.000000;0.000000;0.000000;0.000000
0.000000;0.000000;0.000000;0.000000;0.000000;0.000000;0.000000;0.000000
0.000000;0.000000;0.000000;0.000000;0.000000;0.000000;0.000000;0.000000
0.000000;0.000000;0.000000;0.000000;0.000000;0.000000;0.000000;0.000000
0.000000;0.000000;0.000000;0.000000;0.000000;0.000000;0.000000;0.000000
0.000000;0.000000;0.000000;0.000000;0.000000;0.000000;0.000000;0.000000
0.000000;0.000000;0.000000;0.000000;0.000000;0.000000;0.000000;0.000000
0.000000;0.000000;0.000000;0.000000;0.000000;0.000000;0.000000;0.000000
0.000000;0.000000;0.000000;0.000000;0.000000;0.000000;0.000000;0.000000
0.000000;0.000000;0.000000;0.000000;0.000000;0.000000;0.000000;0.000000
0.000000;0.000000;0.000000;0.000000;0.000000;0.000000;0.000000;0.000000
0.000000;0.000000;0.000000;0.000000;0.000000;0.000000;0.000000;0.000000
0.000000;0.000000;0.000000;0.000000;0.000000;0.000000;0.000000;0.000000
0.000000;0.000000;0.000000;0.000000;0.000000;0.000000;0.000000;0.000000
0.000000;0.000000;0.000000;0.000000;0.000000;0.000000;0.000000;0.000000
0.000000;0.000000;0.000000;0.000000;0.000000;0.000000;0.000000;0.000000
0.000000;0.000000;0.000000;0.000000;0.000000;0.000000;0.000000;0.000000
0.000000;0.000000;0.000000;0.000000;0.000000;0.000000;0.000000;0.000000
0.000000;0.000000;0.000000;0.000000;0.000000;0.000000;0.000000;0.000000
0.000000;0.000000;0.000000;0.000000;0.000000;0.000000;0.000000;0.000000
0.000000;0.000000;0.000000;0.000000;0.000000;0.000000;0.000000;0.000000
0.000000;0.000000;0.000000;0.000000;0.000000;0.000000;0.000000;0.000000
0.000000;0.000000;0.000000;0.000000;0.000000;0.000000;0.000000;0.000000
0.000000;0.000000;0.000000;0.000000;0.000000;0.000000;0.000000;0.000000
0.000000;0.000000;0.000000;0.000000;0.000000;0.000000;0.000000;0.000000
0.000000;0.000000;0.000000;0.000000;0.000000;0.000000;0.000000;0.000000
0.000000;0.000000;0.000000;0.000000;0.000000;0.000000;0.000000;0.000000
0.000000;0.000000;0.000000;0.000000;0.000000;0.000000;0.000000;0.000000
0.000000;0.000000;0.000000;0.000000;0.000000;0.000000;0.000000;0.000000
0.000000;0.000000;0.000000;0.000000;0.000000;0.000000;0.000000;0.000000
0.000000;0.000000;0.000000;0.000000;0.000000;0.000000;0.000000;0.000000
0.000000;0.000000;0.000000;0.000000;0.000000;0.000000;0.000000;0.000000
0.000000;0.000000;0.000000;0.000000;0.000000;0.000000;0.000000;0.000000
0.000000;0.000000;0.000000;0.000000;0.000000;0.000000;0.000000;0.000000
0.000000;0.000000;0.000000;0.000000;0.000000;0.000000;0.000000;0.000000
0.000000;0.000000;0.000000;0.000000;0.000000;0.000000;0.000000;0.000000
0.000000;0.000000;0.000000;0.000000;0.000000;0.000000;0.000000;0.000000
0.000000;0.000000;0.000000;0.000000;0.000000;0.000000;0.000000;0.000000
0.000000;0.000000;0.000000;0.000000;0.000000;0.000000;0.000000;0.000000
0.000000;0.000000;0.000000;0.000000;0.000000;0.000000;0.000000;0.000000
0.000000;0.000000;0.000000;0.000000;0.000000;0.000000;0.000000;0.000000
0.000000;0.000000;0.000000;0.000000;0.000000;0.000000;0.000000;0.000000
0.000000;0.000000;0.000000;0.000000;0.000000;0.000000;0.000000;0.000000
0.000000;0.000000;0.000000;0.000000;0.000000;0.000000;0.000000;0.000000
0.000000;0.000000;0.000000;0.000000;0.000000;0.000000;0.000000;0.000000
0.000000;0.000000;0.000000;0.000000;0.000000;0.000000;0.000000;0.000000
0.000000;0.000000;0.000000;0.000000;0.000000;0.000000;0.000000;0.000000
0.000000;0.000000;0.000000;0.000000;0.000000;0.000000;0.000000;0.000000
0.000000;0.000000;0.000000;0.000000;0.000000;0.000000;0.000000;0.000000
0.000000;0.000000;0.000000;0.000000;0.000000;0.000000;0.000000;0.000000
0.000000;0.000000;0.000000;0.000000;0.000000;0.000000;0.000000;0.000000
0.000000;0.000000;0.000000;0.000000;0.000000;0.000000;0.000000;0.000000
0.000000;0.000000;0.000000;0.000000;0.000000;0.000000;0.000000;0.000000
0.000000;0.000000;0.000000;0.000000;0.000000;0.000000;0.000000;0.000000
0.000000;0.000000;0.000000;0.000000;0.000000;0.000000;0.000000;0.000000
0.000000;0.000000;0.000000;0.000000;0.000000;0.000000;0.000000;0.000000
0.000000;0.000000;0.000000;0.000000;0.000000;0.000000;0.000000;0.000000
0.000000;0.000000;0.000000;0.000000;0.000000;0.000000;0.000000;0.000000
0.000000;0.000000;0.000000;0.000000;0.000000;0.000000;0.000000;0.000000
0.000000;0.000000;0.000000;0.000000;0.000000;0.000000;0.000000;0.000000
0.000000;0.000000;0.000000;0.000000;0.000000;0.000000;0.000000;0.000000
0.000000;0.000000;0.000000;0.000000;0.000000;0.000000;0.000000;0.000000
0.000000;0.000000;0.000000;0.000000;0.000000;0.000000;0.000000;0.000000
0.000000;0.000000;0.000000;0.000000;0.000000;0.000000;0.000000;0.000000
0.000000;0.000000;0.000000;0.000000;0.000000;0.000000;0.000000;0.000000
0.000000;0.000000;0.000000;0.000000;0.000000;0.000000;0.000000;0.000000
0.000000;0.000000;0.000000;0.000000;0.000000;0.000000;0.000000;0.000000
0.000000;0.000000;0.000000;0.000000;0.000000;0.000000;0.000000;0.000000
0.000000;0.000000;0.000000;0.000000;0.000000;0.000000;0.000000;0.000000
0.000000;0.000000;0.000000;0.000000;0.000000;0.000000;0.000000;0.000000
0.000000;0.000000;0.000000;0.000000;0.000000;0.000000;0.000000;0.000000
0.000000;0.000000;0.000000;0.000000;0.000000;0.000000;0.000000;0.000000
0.000000;0.000000;0.000000;0.000000;0.000000;0.000000;0.000000;0.000000
0.000000;0.000000;0.000000;0.000000;0.000000;0.000000;0.000000;0.000000
0.000000;0.000000;0.000000;0.000000;0.000000;0.000000;0.000000;0.000000
0.000000;0.000000;0.000000;0.000000;0.000000;0.000000;0.000000;0.000000
0.000000;0.000000;0.000000;0.000000;0.000000;0.000000;0.000000;0.000000
0.000000;0.000000;0.000000;0.000000;0.000000;0.000000;0.000000;0.000000
0.000000;0.000000;0.000000;0.000000;0.000000;0.000000;0.000000;0.000000
0.000000;0.000000;0.000000;0.000000;0.000000;0.000000;0.000000;0.000000
0.000000;0.000000;0.000000;0.000000;0.000000;0.000000;0.000000;0.000000
0.000000;0.000000;0.000000;0.000000;0.000000;0.000000;0.000000;0.000000
0.000000;0.000000;0.000000;0.000000;0.000000;0.000000;0.000000;0.000000
0.000000;0.000000;0.000000;0.000000;0.000000;0.000000;0.000000;0.000000
0.000000;0.000000;0.000000;0.000000;0.000000;0.000000;0.000000;0.000000
0.000000;0.000000;0.000000;0.000000;0.000000;0.000000;0.000000;0.000000
0.000000;0.000000;0.000000;0.000000;0.000000;0.000000;0.000000;0.000000
0.000000;0.000000;0.000000;0.000000;0.000000;0.000000;0.000000;0.000000
0.000000;0.000000;0.000000;0.000000;0.000000;0.000000;0.000000;0.000000
0.000000;0.000000;0.000000;0.000000;0.000000;0.000000;0.000000;0.000000
0.000000;0.000000;0.000000;0.000000;0.000000;0.000000;0.000000;0.000000
0.000000;0.000000;0.000000;0.000000;0.000000;0.000000;0.000000;0.000000
0.000000;0.000000;0.000000;0.000000;0.000000;0.000000;0.000000;0.000000
0.000000;0.000000;0.000000;0.000000;0.000000;0.000000;0.000000;0.000000
0.000000;0.000000;0.000000;0.000000;0.000000;0.000000;0.000000;0.000000
0.000000;0.000000;0.000000;0.000000;0.000000;0.000000;0.000000;0.000000
0.000000;0.000000;0.000000;0.000000;0.000000;0.000000;0.000000;0.000000
0.000000;0.000000;0.000000;0.000000;0.000000;0.000000;0.000000;0.000000
0.000000;0.000000;0.000000;0.000000;0.000000;0.000000;0.000000;0.000000
0.000000;0.000000;0.000000;0.000000;0.000000;0.000000;0.000000;0.000000
0.000000;0.000000;0.000000;0.000000;0.000000;0.000000;0.000000;0.000000
0.000000;0.000000;0.000000;0.000000;0.000000;0.000000;0.000000;0.000000
0.000000;0.000000;0.000000;0.000000;0.000000;0.000000;0.000000;0.000000
0.000000;0.000000;0.000000;0.000000;0.000000;0.000000;0.000000;0.000000
0.000000;0.000000;0.000000;0.000000;0.000000;0.000000;0.000000;0.000000
0.000000;0.000000;0.000000;0.000000;0.000000;0.000000;0.000000;0.000000
0.000000;0.000000;0.000000;0.000000;0.000000;0.000000;0.000000;0.000000
0.000000;0.000000;0.000000;0.000000;0.000000;0.000000;0.000000;0.000000
0.000000;0.000000;0.000000;0.000000;0.000000;0.000000;0.000000;0.000000
0.000000;0.000000;0.000000;0.000000;0.000000;0.000000;0.000000;0.000000
0.000000;0.000000;0.000000;0.000000;0.000000;0.000000;0.000000;0.000000
0.000000;0.000000;0.000000;0.000000;0.000000;0.000000;0.000000;0.000000
0.000000;0.000000;0.000000;0.000000;0.000000;0.000000;0.000000;0.000000
0.000000;0.000000;0.000000;0.000000;0.000000;0.000000;0.000000;0.000000
0.000000;0.000000;0.000000;0.000000;0.000000;0.000000;0.000000;0.000000
0.000000;0.000000;0.000000;0.000000;0.000000;0.000000;0.000000;0.000000
0.000000;0.000000;0.000000;0.000000;0.000000;0.000000;0.000000;0.000000
0.000000;0.000000;0.000000;0.000000;0.000000;0.000000;0.000000;0.000000
0.000000;0.000000;0.000000;0.000000;0.000000;0.000000;0.000000;0.000000
0.000000;0.000000;0.000000;0.000000;0.000000;0.000000;0.000000;0.000000
0.000000;0.000000;0.000000;0.000000;0.000000;0.000000;0.000000;0.000000
0.000000;0.000000;0.000000;0.000000;0.000000;0.000000;0.000000;0.000000
0.000000;0.000000;0.000000;0.000000;0.000000;0.000000;0.000000;0.000000
0.000000;0.000000;0.000000;0.000000;0.000000;0.000000;0.000000;0.000000
0.000000;0.000000;0.000000;0.000000;0.000000;0.000000;0.000000;0.000000
0.000000;0.000000;0.000000;0.000000;0.000000;0.000000;0.000000;0.000000
0.000000;0.000000;0.000000;0.000000;0.000000;0.000000;0.000000;0.000000
0.000000;0.000000;0.000000;0.000000;0.000000;0.000000;0.000000;0.000000
0.000000;0.000000;0.000000;0.000000;0.000000;0.000000;0.000000;0.000000
0.000000;0.000000;0.000000;0.000000;0.000000;0.000000;0.000000;0.000000
0.000000;0.000000;0.000000;0.000000;0.000000;0.000000;0.000000;0.000000
0.000000;0.000000;0.000000;0.000000;0.000000;0.000000;0.000000;0.000000
0.000000;0.000000;0.000000;0.000000;0.000000;0.000000;0.000000;0.000000
0.000000;0.000000;0.000000;0.000000;0.000000;0.000000;0.000000;0.000000
0.000000;0.000000;0.000000;0.000000;0.000000;0.000000;0.000000;0.000000
0.000000;0.000000;0.000000;0.000000;0.000000;0.000000;0.000000;0.000000
0.000000;0.000000;0.000000;0.000000;0.000000;0.000000;0.000000;0.000000
0.000000;0.000000;0.000000;0.000000;0.000000;0.000000;0.000000;0.000000
0.000000;0.000000;0.000000;0.000000;0.000000;0.000000;0.000000;0.000000
0.000000;0.000000;0.000000;0.000000;0.000000;0.000000;0.000000;0.000000
0.000000;0.000000;0.000000;0.000000;0.000000;0.000000;0.000000;0.000000
0.000000;0.000000;0.000000;0.000000;0.000000;0.000000;0.000000;0.000000
0.000000;0.000000;0.000000;0.000000;0.000000;0.000000;0.000000;0.000000
0.000000;0.000000;0.000000;0.000000;0.000000;0.000000;0.000000;0.000000
0.000000;0.000000;0.000000;0.000000;0.000000;0.000000;0.000000;0.000000
0.000000;0.000000;0.000000;0.000000;0.000000;0.000000;0.000000;0.000000
0.000000;0.000000;0.000000;0.000000;0.000000;0.000000;0.000000;0.000000
0.000000;0.000000;0.000000;0.000000;0.000000;0.000000;0.000000;0.000000
0.000000;0.000000;0.000000;0.000000;0.000000;0.000000;0.000000;0.000000
0.000000;0.000000;0.000000;0.000000;0.000000;0.000000;0.000000;0.000000
0.000000;0.000000;0.000000;0.000000;0.000000;0.000000;0.000000;0.000000
0.000000;0.000000;0.000000;0.000000;0.000000;0.000000;0.000000;0.000000
0.000000;0.000000;0.000000;0.000000;0.000000;0.000000;0.000000;0.000000
0.000000;0.000000;0.000000;0.000000;0.000000;0.000000;0.000000;0.000000
0.000000;0.000000;0.000000;0.000000;0.000000;0.000000;0.000000;0.000000
0.000000;0.000000;0.000000;0.000000;0.000000;0.000000;0.000000;0.000000
0.000000;0.000000;0.000000;0.000000;0.000000;0.000000;0.000000;0.000000
0.000000;0.000000;0.000000;0.000000;0.000000;0.000000;0.000000;0.000000
0.000000;0.000000;0.000000;0.000000;0.000000;0.000000;0.000000;0.000000
0.000000;0.000000;0.000000;0.000000;0.000000;0.000000;0.000000;0.000000
0.000000;0.000000;0.000000;0.000000;0.000000;0.000000;0.000000;0.000000
0.000000;0.000000;0.000000;0.000000;0.000000;0.000000;0.000000;0.000000
0.000000;0.000000;0.000000;0.000000;0.000000;0.000000;0.000000;0.000000
0.000000;0.000000;0.000000;0.000000;0.000000;0.000000;0.000000;0.000000
0.000000;0.000000;0.000000;0.000000;0.000000;0.000000;0.000000;0.000000
0.000000;0.000000;0.000000;0.000000;0.000000;0.000000;0.000000;0.000000
0.000000;0.000000;0.000000;0.000000;0.000000;0.000000;0.000000;0.000000
0.000000;0.000000;0.000000;0.000000;0.000000;0.000000;0.000000;0.000000
0.000000;0.000000;0.000000;0.000000;0.000000;0.000000;0.000000;0.000000
0.000000;0.000000;0.000000;0.000000;0.000000;0.000000;0.000000;0.000000
0.000000;0.000000;0.000000;0.000000;0.000000;0.000000;0.000000;0.000000
0.000000;0.000000;0.000000;0.000000;0.000000;0.000000;0.000000;0.000000
0.000000;0.000000;0.000000;0.000000;0.000000;0.000000;0.000000;0.000000
0.000000;0.000000;0.000000;0.000000;0.000000;0.000000;0.000000;0.000000
0.000000;0.000000;0.000000;0.000000;0.000000;0.000000;0.000000;0.000000
0.000000;0.000000;0.000000;0.000000;0.000000;0.000000;0.000000;0.000000
0.000000;0.000000;0.000000;0.000000;0.000000;0.000000;0.000000;0.000000
0.000000;0.000000;0.000000;0.000000;0.000000;0.000000;0.000000;0.000000
0.000000;0.000000;0.000000;0.000000;0.000000;0.000000;0.000000;0.000000
0.000000;0.000000;0.000000;0.000000;0.000000;0.000000;0.000000;0.000000
0.000000;0.000000;0.000000;0.000000;0.000000;0.000000;0.000000;0.000000
0.000000;0.000000;0.000000;0.000000;0.000000;0.000000;0.000000;0.000000
0.000000;0.000000;0.000000;0.000000;0.000000;0.000000;0.000000;0.000000
0.000000;0.000000;0.000000;0.000000;0.000000;0.000000;0.000000;0.000000
0.000000;0.000000;0.000000;0.000000;0.000000;0.000000;0.000000;0.000000
0.000000;0.000000;0.000000;0.000000;0.000000;0.000000;0.000000;0.000000
0.000000;0.000000;0.000000;0.000000;0.000000;0.000000;0.000000;0.000000
0.000000;0.000000;0.000000;0.000000;0.000000;0.000000;0.000000;0.000000
0.000000;0.000000;0.000000;0.000000;0.000000;0.000000;0.000000;0.000000
0.000000;0.000000;0.000000;0.000000;0.000000;0.000000;0.000000;0.000000
0.000000;0.000000;0.000000;0.000000;0.000000;0.000000;0.000000;0.000000
0.000000;0.000000;0.000000;0.000000;0.000000;0.000000;0.000000;0.000000
0.000000;0.000000;0.000000;0.000000;0.000000;0.000000;0.000000;0.000000
0.000000;0.000000;0.000000;0.000000;0.000000;0.000000;0.000000;0.000000
0.000000;0.000000;0.000000;0.000000;0.000000;0.000000;0.000000;0.000000
0.000000;0.000000;0.000000;0.000000;0.000000;0.000000;0.000000;0.000000
0.000000;0.000000;0.000000;0.000000;0.000000;0.000000;0.000000;0.000000
0.000000;0.000000;0.000000;0.000000;0.000000;0.000000;0.000000;0.000000
0.000000;0.000000;0.000000;0.000000;0.000000;0.000000;0.000000;0.000000
0.000000;0.000000;0.000000;0.000000;0.000000;0.000000;0.000000;0.000000
0.000000;0.000000;0.000000;0.000000;0.000000;0.000000;0.000000;0.000000
0.000000;0.000000;0.000000;0.000000;0.000000;0.000000;0.000000;0.000000
0.000000;0.000000;0.000000;0.000000;0.000000;0.000000;0.000000;0.000000
0.000000;0.000000;0.000000;0.000000;0.000000;0.000000;0.000000;0.000000
0.000000;0.000000;0.000000;0.000000;0.000000;0.000000;0.000000;0.000000
0.000000;0.000000;0.000000;0.000000;0.000000;0.000000;0.000000;0.000000
0.000000;0.000000;0.000000;0.000000;0.000000;0.000000;0.000000;0.000000
0.000000;0.000000;0.000000;0.000000;0.000000;0.000000;0.000000;0.000000
0.000000;0.000000;0.000000;0.000000;0.000000;0.000000;0.000000;0.000000
0.000000;0.000000;0.000000;0.000000;0.000000;0.000000;0.000000;0.000000
0.000000;0.000000;0.000000;0.000000;0.000000;0.000000;0.000000;0.000000
0.000000;0.000000;0.000000;0.000000;0.000000;0.000000;0.000000;0.000000
0.000000;0.000000;0.000000;0.000000;0.000000;0.000000;0.000000;0.000000
0.000000;0.000000;0.000000;0.000000;0.000000;0.000000;0.000000;0.000000
0.000000;0.000000;0.000000;0.000000;0.000000;0.000000;0.000000;0.000000
0.000000;0.000000;0.000000;0.000000;0.000000;0.000000;0.000000;0.000000
0.000000;0.000000;0.000000;0.000000;0.000000;0.000000;0.000000;0.000000
0.000000;0.000000;0.000000;0.000000;0.000000;0.000000;0.000000;0.000000
0.000000;0.000000;0.000000;0.000000;0.000000;0.000000;0.000000;0.000000
0.000000;0.000000;0.000000;0.000000;0.000000;0.000000;0.000000;0.000000
0.000000;0.000000;0.000000;0.000000;0.000000;0.000000;0.000000;0.000000
0.000000;0.000000;0.000000;0.000000;0.000000;0.000000;0.000000;0.000000
0.000000;0.000000;0.000000;0.000000;0.000000;0.000000;0.000000;0.000000
0.000000;0.000000;0.000000;0.000000;0.000000;0.000000;0.000000;0.000000
0.000000;0.000000;0.000000;0.000000;0.000000;0.000000;0.000000;0.000000
0.000000;0.000000;0.000000;0.000000;0.000000;0.000000;0.000000;0.000000
0.000000;0.000000;0.000000;0.000000;0.000000;0.000000;0.000000;0.000000
0.000000;0.000000;0.000000;0.000000;0.000000;0.000000;0.000000;0.000000
0.000000;0.000000;0.000000;0.000000;0.000000;0.000000;0.000000;0.000000
0.000000;0.000000;0.000000;0.000000;0.000000;0.000000;0.000000;0.000000
0.000000;0.000000;0.000000;0.000000;0.000000;0.000000;0.000000;0.000000
0.000000;0.000000;0.000000;0.000000;0.000000;0.000000;0.000000;0.000000
0.000000;0.000000;0.000000;0.000000;0.000000;0.000000;0.000000;0.000000
0.000000;0.000000;0.000000;0.000000;0.000000;0.000000;0.000000;0.000000
0.000000;0.000000;0.000000;0.000000;0.000000;0.000000;0.000000;0.000000
0.000000;0.000000;0.000000;0.000000;0.000000;0.000000;0.000000;0.000000
0.000000;0.000000;0.000000;0.000000;0.000000;0.000000;0.000000;0.000000
0.000000;0.000000;0.000000;0.000000;0.000000;0.000000;0.000000;0.000000
0.000000;0.000000;0.000000;0.000000;0.000000;0.000000;0.000000;0.000000
0.000000;0.000000;0.000000;0.000000;0.000000;0.000000;0.000000;0.000000
0.000000;0.000000;0.000000;0.000000;0.000000;0.000000;0.000000;0.000000
0.000000;0.000000;0.000000;0.000000;0.000000;0.000000;0.000000;0.000000
0.000000;0.000000;0.000000;0.000000;0.000000;0.000000;0.000000;0.000000
0.000000;0.000000;0.000000;0.000000;0.000000;0.000000;0.000000;0.000000
0.000000;0.000000;0.000000;0.000000;0.000000;0.000000;0.000000;0.000000
0.000000;0.000000;0.000000;0.000000;0.000000;0.000000;0.000000;0.000000
0.000000;0.000000;0.000000;0.000000;0.000000;0.000000;0.000000;0.000000
0.000000;0.000000;0.000000;0.000000;0.000000;0.000000;0.000000;0.000000
0.000000;0.000000;0.000000;0.000000;0.000000;0.000000;0.000000;0.000000
0.000000;0.000000;0.000000;0.000000;0.000000;0.000000;0.000000;0.000000
0.000000;0.000000;0.000000;0.000000;0.000000;0.000000;0.000000;0.000000
0.000000;0.000000;0.000000;0.000000;0.000000;0.000000;0.000000;0.000000
0.000000;0.000000;0.000000;0.000000;0.000000;0.000000;0.000000;0.000000
0.000000;0.000000;0.000000;0.000000;0.000000;0.000000;0.000000;0.000000
0.000000;0.000000;0.000000;0.000000;0.000000;0.000000;0.000000;0.000000
0.000000;0.000000;0.000000;0.000000;0.000000;0.000000;0.000000;0.000000
0.000000;0.000000;0.000000;0.000000;0.000000;0.000000;0.000000;0.000000
0.000000;0.000000;0.000000;0.000000;0.000000;0.000000;0.000000;0.000000
0.000000;0.000000;0.000000;0.000000;0.000000;0.000000;0.000000;0.000000
0.000000;0.000000;0.000000;0.000000;0.000000;0.000000;0.000000;0.000000
0.000000;0.000000;0.000000;0.000000;0.000000;0.000000;0.000000;0.000000
0.000000;0.000000;0.000000;0.000000;0.000000;0.000000;0.000000;0.000000
0.000000;0.000000;0.000000;0.000000;0.000000;0.000000;0.000000;0.000000
0.000000;0.000000;0.000000;0.000000;0.000000;0.000000;0.000000;0.000000
0.000000;0.000000;0.000000;0.000000;0.000000;0.000000;0.000000;0.000000
0.000000;0.000000;0.000000;0.000000;0.000000;0.000000;0.000000;0.000000
0.000000;0.000000;0.000000;0.000000;0.000000;0.000000;0.000000;0.000000
0.000000;0.000000;0.000000;0.000000;0.000000;0.000000;0.000000;0.000000
0.000000;0.000000;0.000000;0.000000;0.000000;0.000000;0.000000;0.000000
0.000000;0.000000;0.000000;0.000000;0.000000;0.000000;0.000000;0.000000
0.000000;0.000000;0.000000;0.000000;0.000000;0.000000;0.000000;0.000000
0.000000;0.000000;0.000000;0.000000;0.000000;0.000000;0.000000;0.000000
0.000000;0.000000;0.000000;0.000000;0.000000;0.000000;0.000000;0.000000
0.000000;0.000000;0.000000;0.000000;0.000000;0.000000;0.000000;0.000000
0.000000;0.000000;0.000000;0.000000;0.000000;0.000000;0.000000;0.000000
0.000000;0.000000;0.000000;0.000000;0.000000;0.000000;0.000000;0.000000
0.000000;0.000000;0.000000;0.000000;0.000000;0.000000;0.000000;0.000000
0.000000;0.000000;0.000000;0.000000;0.000000;0.000000;0.000000;0.000000
0.000000;0.000000;0.000000;0.000000;0.000000;0.000000;0.000000;0.000000
0.000000;0.000000;0.000000;0.000000;0.000000;0.000000;0.000000;0.000000
0.000000;0.000000;0.000000;0.000000;0.000000;0.000000;0.000000;0.000000
0.000000;0.000000;0.000000;0.000000;0.000000;0.000000;0.000000;0.000000
0.000000;0.000000;0.000000;0.000000;0.000000;0.000000;0.000000;0.000000
0.000000;0.000000;0.000000;0.000000;0.000000;0.000000;0.000000;0.000000
0.000000;0.000000;0.000000;0.000000;0.000000;0.000000;0.000000;0.000000
0.000000;0.000000;0.000000;0.000000;0.000000;0.000000;0.000000;0.000000
0.000000;0.000000;0.000000;0.000000;0.000000;0.000000;0.000000;0.000000
0.000000;0.000000;0.000000;0.000000;0.000000;0.000000;0.000000;0.000000
0.000000;0.000000;0.000000;0.000000;0.000000;0.000000;0.000000;0.000000
0.000000;0.000000;0.000000;0.000000;0.000000;0.000000;0.000000;0.000000
0.000000;0.000000;0.000000;0.000000;0.000000;0.000000;0.000000;0.000000
0.000000;0.000000;0.000000;0.000000;0.000000;0.000000;0.000000;0.000000
0.000000;0.000000;0.000000;0.000000;0.000000;0.000000;0.000000;0.000000
0.000000;0.000000;0.000000;0.000000;0.000000;0.000000;0.000000;0.000000
0.000000;0.000000;0.000000;0.000000;0.000000;0.000000;0.000000;0.000000
0.000000;0.000000;0.000000;0.000000;0.000000;0.000000;0.000000;0.000000
0.000000;0.000000;0.000000;0.000000;0.000000;0.000000;0.000000;0.000000
0.000000;0.000000;0.000000;0.000000;0.000000;0.000000;0.000000;0.000000
0.000000;0.000000;0.000000;0.000000;0.000000;0.000000;0.000000;0.000000
0.000000;0.000000;0.000000;0.000000;0.000000;0.000000;0.000000;0.000000
0.000000;0.000000;0.000000;0.000000;0.000000;0.000000;0.000000;0.000000
0.000000;0.000000;0.000000;0.000000;0.000000;0.000000;0.000000;0.000000
0.000000;0.000000;0.000000;0.000000;0.000000;0.000000;0.000000;0.000000
0.000000;0.000000;0.000000;0.000000;0.000000;0.000000;0.000000;0.000000
0.000000;0.000000;0.000000;0.000000;0.000000;0.000000;0.000000;0.000000
0.000000;0.000000;0.000000;0.000000;0.000000;0.000000;0.000000;0.000000
0.000000;0.000000;0.000000;0.000000;0.000000;0.000000;0.000000;0.000000
0.000000;0.000000;0.000000;0.000000;0.000000;0.000000;0.000000;0.000000
0.000000;0.000000;0.000000;0.000000;0.000000;0.000000;0.000000;0.000000
0.000000;0.000000;0.000000;0.000000;0.000000;0.000000;0.000000;0.000000
0.000000;0.000000;0.000000;0.000000;0.000000;0.000000;0.000000;0.000000
0.000000;0.000000;0.000000;0.000000;0.000000;0.000000;0.000000;0.000000
0.000000;0.000000;0.000000;0.000000;0.000000;0.000000;0.000000;0.000000
0.000000;0.000000;0.000000;0.000000;0.000000;0.000000;0.000000;0.000000
0.000000;0.000000;0.000000;0.000000;0.000000;0.000000;0.000000;0.000000
0.000000;0.000000;0.000000;0.000000;0.000000;0.000000;0.000000;0.000000
0.000000;0.000000;0.000000;0.000000;0.000000;0.000000;0.000000;0.000000
0.000000;0.000000;0.000000;0.000000;0.000000;0.000000;0.000000;0.000000
0.000000;0.000000;0.000000;0.000000;0.000000;0.000000;0.000000;0.000000
0.000000;0.000000;0.000000;0.000000;0.000000;0.000000;0.000000;0.000000
0.000000;0.000000;0.000000;0.000000;0.000000;0.000000;0.000000;0.000000
0.000000;0.000000;0.000000;0.000000;0.000000;0.000000;0.000000;0.000000
0.000000;0.000000;0.000000;0.000000;0.000000;0.000000;0.000000;0.000000
0.000000;0.000000;0.000000;0.000000;0.000000;0.000000;0.000000;0.000000
0.000000;0.000000;0.000000;0.000000;0.000000;0.000000;0.000000;0.000000
0.000000;0.000000;0.000000;0.000000;0.000000;0.000000;0.000000;0.000000
0.000000;0.000000;0.000000;0.000000;0.000000;0.000000;0.000000;0.000000
0.000000;0.000000;0.000000;0.000000;0.000000;0.000000;0.000000;0.000000
0.000000;0.000000;0.000000;0.000000;0.000000;0.000000;0.000000;0.000000
0.000000;0.000000;0.000000;0.000000;0.000000;0.000000;0.000000;0.000000
