Name:,Obj Fn,Runtime,MIPGAP
"n_1000_c_10000000000_g_10_f_0.1_eps_0.0001_s_100",9999295084,0.0250001,7.12886e-05
"n_1000_c_10000000000_g_10_f_0.1_eps_0.0001_s_200",9999781057,0.101,2.35046e-05
"n_1000_c_10000000000_g_10_f_0.1_eps_0.0001_s_300",9999799342,0.241,2.25227e-05
"n_1000_c_10000000000_g_10_f_0.1_eps_0.001_s_100",9999074632,1.604,9.33372e-05
"n_1000_c_10000000000_g_10_f_0.1_eps_0.001_s_200",9999556158,3.286,4.58975e-05
"n_1000_c_10000000000_g_10_f_0.1_eps_0.001_s_300",9999567930,0.399,4.55987e-05
"n_1000_c_10000000000_g_10_f_0.1_eps_0.01_s_100",9999226351,3.945,7.79467e-05
"n_1000_c_10000000000_g_10_f_0.1_eps_0.01_s_200",9999235453,16.114,7.75873e-05
"n_1000_c_10000000000_g_10_f_0.1_eps_0.01_s_300",9999245246,1.238,7.71788e-05
"n_1000_c_10000000000_g_10_f_0.1_eps_0.1_s_100",9996100287,60.009,0.000389343
"n_1000_c_10000000000_g_10_f_0.1_eps_0.1_s_200",9996105242,60.005,0.000390181
"n_1000_c_10000000000_g_10_f_0.1_eps_0.1_s_300",9996111426,60.006,0.000389421
"n_1000_c_10000000000_g_10_f_0.1_eps_0_s_100",9980484859,60.5,0.00195565
"n_1000_c_10000000000_g_10_f_0.1_eps_0_s_200",9980506974,60.004,0.00195485
"n_1000_c_10000000000_g_10_f_0.1_eps_0_s_300",9980522287,60.008,0.00195384
"n_1000_c_10000000000_g_10_f_0.1_eps_1e-05_s_100",9999086197,7.763,9.2195e-05
"n_1000_c_10000000000_g_10_f_0.1_eps_1e-05_s_200",9999105476,2.985,9.10202e-05
"n_1000_c_10000000000_g_10_f_0.1_eps_1e-05_s_300",9999221788,9.48,8.02188e-05
"n_1000_c_10000000000_g_10_f_0.2_eps_0.0001_s_100",9999298896,0.016,7.1109e-05
"n_1000_c_10000000000_g_10_f_0.2_eps_0.0001_s_200",9999321638,0.114,6.95262e-05
"n_1000_c_10000000000_g_10_f_0.2_eps_0.0001_s_300",9999333088,0.0120001,6.96871e-05
"n_1000_c_10000000000_g_10_f_0.2_eps_0.001_s_100",9999078945,0.132,9.30223e-05
"n_1000_c_10000000000_g_10_f_0.2_eps_0.001_s_200",9999563304,0.0279999,4.54446e-05
"n_1000_c_10000000000_g_10_f_0.2_eps_0.001_s_300",9999579987,2.508,4.49444e-05
"n_1000_c_10000000000_g_10_f_0.2_eps_0.01_s_100",9999230739,3.1,7.76301e-05
"n_1000_c_10000000000_g_10_f_0.2_eps_0.01_s_200",9999243141,1.805,7.72508e-05
"n_1000_c_10000000000_g_10_f_0.2_eps_0.01_s_300",9999252146,3.538,7.69572e-05
"n_1000_c_10000000000_g_10_f_0.2_eps_0.1_s_100",9996105678,60.005,0.000390027
"n_1000_c_10000000000_g_10_f_0.2_eps_0.1_s_200",9996114577,60.008,0.000388793
"n_1000_c_10000000000_g_10_f_0.2_eps_0.1_s_300",9996128860,60.007,0.000388602
"n_1000_c_10000000000_g_10_f_0.2_eps_0_s_100",10000018032,15.25,5.54899e-07
"n_1000_c_10000000000_g_10_f_0.2_eps_0_s_200",9980515435,60.007,0.00195419
"n_1000_c_10000000000_g_10_f_0.2_eps_0_s_300",9980536125,60.002,0.00195285
"n_1000_c_10000000000_g_10_f_0.2_eps_1e-05_s_100",9999091814,5.983,9.17271e-05
"n_1000_c_10000000000_g_10_f_0.2_eps_1e-05_s_200",9999213428,7.277,8.04261e-05
"n_1000_c_10000000000_g_10_f_0.2_eps_1e-05_s_300",9999033338,12.194,9.93366e-05
"n_1000_c_10000000000_g_10_f_0.3_eps_0.0001_s_100",9999831457,0.145,1.787e-05
"n_1000_c_10000000000_g_10_f_0.3_eps_0.0001_s_200",9999324248,0.0320001,6.97282e-05
"n_1000_c_10000000000_g_10_f_0.3_eps_0.0001_s_300",9999867585,0.0139999,1.63101e-05
"n_1000_c_10000000000_g_10_f_0.3_eps_0.001_s_100",9999086848,0.223,9.2265e-05
"n_1000_c_10000000000_g_10_f_0.3_eps_0.001_s_200",9999574199,0.125,4.46456e-05
"n_1000_c_10000000000_g_10_f_0.3_eps_0.001_s_300",9999120583,0.0139999,9.12133e-05
"n_1000_c_10000000000_g_10_f_0.3_eps_0.01_s_100",9999232951,7.772,7.75659e-05
"n_1000_c_10000000000_g_10_f_0.3_eps_0.01_s_200",9999250850,1.706,7.67191e-05
"n_1000_c_10000000000_g_10_f_0.3_eps_0.01_s_300",9999263150,0.193,7.62868e-05
"n_1000_c_10000000000_g_10_f_0.3_eps_0.1_s_100",9996110125,60.007,0.000388745
"n_1000_c_10000000000_g_10_f_0.3_eps_0.1_s_200",9996126358,60.008,0.000388707
"n_1000_c_10000000000_g_10_f_0.3_eps_0.1_s_300",9996143739,60.003,0.000386781
"n_1000_c_10000000000_g_10_f_0.3_eps_0_s_100",9980495528,60.007,0.0019553
"n_1000_c_10000000000_g_10_f_0.3_eps_0_s_200",9980523954,60.09,0.00195342
"n_1000_c_10000000000_g_10_f_0.3_eps_0_s_300",9980550250,60.019,0.00195184
"n_1000_c_10000000000_g_10_f_0.3_eps_1e-05_s_100",9999096088,8.362,9.14288e-05
"n_1000_c_10000000000_g_10_f_0.3_eps_1e-05_s_200",9999023083,9.853,9.97438e-05
"n_1000_c_10000000000_g_10_f_0.3_eps_1e-05_s_300",9999047974,10.724,9.82198e-05
"n_1000_c_10000000000_g_14_f_0.1_eps_0.0001_s_100",9999833420,0.0149999,1.78104e-05
"n_1000_c_10000000000_g_14_f_0.1_eps_0.0001_s_200",9999330305,0.0109999,6.91947e-05
"n_1000_c_10000000000_g_14_f_0.1_eps_0.0001_s_300",9999371282,0.0120001,6.63672e-05
"n_1000_c_10000000000_g_14_f_0.1_eps_0.001_s_100",9999759932,0.0119998,2.50857e-05
"n_1000_c_10000000000_g_14_f_0.1_eps_0.001_s_200",9999764393,0.00999999,2.58154e-05
"n_1000_c_10000000000_g_14_f_0.1_eps_0.001_s_300",9999766756,0.0079999,2.66271e-05
"n_1000_c_10000000000_g_14_f_0.1_eps_0.01_s_100",9999033571,0.013,9.73291e-05
"n_1000_c_10000000000_g_14_f_0.1_eps_0.01_s_200",9999240566,0.0139999,7.72573e-05
"n_1000_c_10000000000_g_14_f_0.1_eps_0.01_s_300",9999152751,0.0109999,8.66189e-05
"n_1000_c_10000000000_g_14_f_0.1_eps_0.1_s_100",9999761519,0.0119998,2.41352e-05
"n_1000_c_10000000000_g_14_f_0.1_eps_0.1_s_200",9999767448,0.206,2.37434e-05
"n_1000_c_10000000000_g_14_f_0.1_eps_0.1_s_300",9999773024,0.726,2.34827e-05
"n_1000_c_10000000000_g_14_f_0.1_eps_0_s_100",9998807256,60.533,0.000120337
"n_1000_c_10000000000_g_14_f_0.1_eps_0_s_200",9998836620,61.908,0.000118403
"n_1000_c_10000000000_g_14_f_0.1_eps_0_s_300",9998865545,60.009,0.000116727
"n_1000_c_10000000000_g_14_f_0.1_eps_1e-05_s_100",9999463187,0.0120001,5.48146e-05
"n_1000_c_10000000000_g_14_f_0.1_eps_1e-05_s_200",9999952016,0.00999999,6.9981e-06
"n_1000_c_10000000000_g_14_f_0.1_eps_1e-05_s_300",9999378151,0.0119998,6.56165e-05
"n_1000_c_10000000000_g_14_f_0.2_eps_0.0001_s_100",9999516624,0.013,4.94918e-05
"n_1000_c_10000000000_g_14_f_0.2_eps_0.0001_s_200",9999069681,0.0119998,9.53096e-05
"n_1000_c_10000000000_g_14_f_0.2_eps_0.0001_s_300",9999137226,0.013,8.97519e-05
"n_1000_c_10000000000_g_14_f_0.2_eps_0.001_s_100",9999571415,0.013,4.39514e-05
"n_1000_c_10000000000_g_14_f_0.2_eps_0.001_s_200",9999348852,0.016,6.73336e-05
"n_1000_c_10000000000_g_14_f_0.2_eps_0.001_s_300",9999749315,0.0139999,2.85018e-05
"n_1000_c_10000000000_g_14_f_0.2_eps_0.01_s_100",9999232948,0.0149999,7.74943e-05
"n_1000_c_10000000000_g_14_f_0.2_eps_0.01_s_200",9999249618,0.0150001,7.6775e-05
"n_1000_c_10000000000_g_14_f_0.2_eps_0.01_s_300",9999262483,0.0149999,7.61849e-05
"n_1000_c_10000000000_g_14_f_0.2_eps_0.1_s_100",9999767265,0.523,2.37451e-05
"n_1000_c_10000000000_g_14_f_0.2_eps_0.1_s_200",9999777541,0.54,2.31539e-05
"n_1000_c_10000000000_g_14_f_0.2_eps_0.1_s_300",9999787934,0.339,2.25138e-05
"n_1000_c_10000000000_g_14_f_0.2_eps_0_s_100",9998810821,60.006,0.000120146
"n_1000_c_10000000000_g_14_f_0.2_eps_0_s_200",9998842007,60.006,0.000118201
"n_1000_c_10000000000_g_14_f_0.2_eps_0_s_300",9998873657,60.348,0.00011638
"n_1000_c_10000000000_g_14_f_0.2_eps_1e-05_s_100",9999650072,0.0120001,3.61907e-05
"n_1000_c_10000000000_g_14_f_0.2_eps_1e-05_s_200",9999556980,0.00999999,4.67486e-05
"n_1000_c_10000000000_g_14_f_0.2_eps_1e-05_s_300",9999486377,0.00999999,5.48208e-05
"n_1000_c_10000000000_g_14_f_0.3_eps_0.0001_s_100",9999608826,0.0180001,4.03649e-05
"n_1000_c_10000000000_g_14_f_0.3_eps_0.0001_s_200",9999533355,0.00999999,4.91717e-05
"n_1000_c_10000000000_g_14_f_0.3_eps_0.0001_s_300",9999760027,0.0139999,2.79936e-05
"n_1000_c_10000000000_g_14_f_0.3_eps_0.001_s_100",9999527566,0.0150001,4.84975e-05
"n_1000_c_10000000000_g_14_f_0.3_eps_0.001_s_200",9999978069,0.03,4.58326e-06
"n_1000_c_10000000000_g_14_f_0.3_eps_0.001_s_300",9999407839,0.0079999,6.3212e-05
"n_1000_c_10000000000_g_14_f_0.3_eps_0.01_s_100",9999139852,0.0519998,8.70366e-05
"n_1000_c_10000000000_g_14_f_0.3_eps_0.01_s_200",9999060324,0.0669999,9.60007e-05
"n_1000_c_10000000000_g_14_f_0.3_eps_0.01_s_300",9999560701,0.0110002,4.67988e-05
"n_1000_c_10000000000_g_14_f_0.3_eps_0.1_s_100",9999772932,0.254,2.33065e-05
"n_1000_c_10000000000_g_14_f_0.3_eps_0.1_s_200",9999786810,0.513,2.26108e-05
"n_1000_c_10000000000_g_14_f_0.3_eps_0.1_s_300",9999805126,0.426,2.12129e-05
"n_1000_c_10000000000_g_14_f_0.3_eps_0_s_100",9998809195,60.005,0.000115784
"n_1000_c_10000000000_g_14_f_0.3_eps_0_s_200",9998851847,61.899,0.000117394
"n_1000_c_10000000000_g_14_f_0.3_eps_0_s_300",9998887132,60.01,0.000115179
"n_1000_c_10000000000_g_14_f_0.3_eps_1e-05_s_100",9999353795,0.0509999,6.59681e-05
"n_1000_c_10000000000_g_14_f_0.3_eps_1e-05_s_200",9999462110,0.0120001,5.62259e-05
"n_1000_c_10000000000_g_14_f_0.3_eps_1e-05_s_300",9999130495,0.00999999,9.08457e-05
"n_1000_c_10000000000_g_2_f_0.1_eps_0.0001_s_100",5001005151,0.00600004,0
"n_1000_c_10000000000_g_2_f_0.1_eps_0.0001_s_200",5001009773,0.00399995,0
"n_1000_c_10000000000_g_2_f_0.1_eps_0.0001_s_300",5001015101,0.00399995,1.99959e-10
"n_1000_c_10000000000_g_2_f_0.1_eps_0.001_s_100",5010005187,0.00399995,0
"n_1000_c_10000000000_g_2_f_0.1_eps_0.001_s_200",5010010051,0.00600004,1.996e-10
"n_1000_c_10000000000_g_2_f_0.1_eps_0.001_s_300",5010015078,0.00600004,0
"n_1000_c_10000000000_g_2_f_0.1_eps_0.01_s_100",5100005642,0.00399995,0
"n_1000_c_10000000000_g_2_f_0.1_eps_0.01_s_200",5100009272,0.0059998,0
"n_1000_c_10000000000_g_2_f_0.1_eps_0.01_s_300",5100016344,0.00399995,0
"n_1000_c_10000000000_g_2_f_0.1_eps_0.1_s_100",6000005400,0.00400019,0
"n_1000_c_10000000000_g_2_f_0.1_eps_0.1_s_200",6000010201,0.0079999,0
"n_1000_c_10000000000_g_2_f_0.1_eps_0.1_s_300",6000015203,0.00600004,0
"n_1000_c_10000000000_g_2_f_0.1_eps_0_s_100",10000003787,0.013,0
"n_1000_c_10000000000_g_2_f_0.1_eps_0_s_200",10000005852,0.00999999,0
"n_1000_c_10000000000_g_2_f_0.1_eps_0_s_300",10000011167,0.00999999,0
"n_1000_c_10000000000_g_2_f_0.1_eps_1e-05_s_100",5000105221,0.00399995,1.99996e-10
"n_1000_c_10000000000_g_2_f_0.1_eps_1e-05_s_200",5000110446,0.00400019,1.99996e-10
"n_1000_c_10000000000_g_2_f_0.1_eps_1e-05_s_300",5000115883,0.00400019,0
"n_1000_c_10000000000_g_2_f_0.2_eps_0.0001_s_100",5001009672,0.00699997,0
"n_1000_c_10000000000_g_2_f_0.2_eps_0.0001_s_200",5001021091,0.00499988,0
"n_1000_c_10000000000_g_2_f_0.2_eps_0.0001_s_300",5001030042,0.00499988,0
"n_1000_c_10000000000_g_2_f_0.2_eps_0.001_s_100",5010009252,0.00399995,0
"n_1000_c_10000000000_g_2_f_0.2_eps_0.001_s_200",5010020266,0.00500011,0
"n_1000_c_10000000000_g_2_f_0.2_eps_0.001_s_300",5010030307,0.00399995,0
"n_1000_c_10000000000_g_2_f_0.2_eps_0.01_s_100",5100010075,0.00299978,0
"n_1000_c_10000000000_g_2_f_0.2_eps_0.01_s_200",5100020242,0.00699997,0
"n_1000_c_10000000000_g_2_f_0.2_eps_0.01_s_300",5100031650,0.00399995,0
"n_1000_c_10000000000_g_2_f_0.2_eps_0.1_s_100",6000010230,0.00699997,0
"n_1000_c_10000000000_g_2_f_0.2_eps_0.1_s_200",6000019896,0.00399995,0
"n_1000_c_10000000000_g_2_f_0.2_eps_0.1_s_300",6000030672,0.00600004,0
"n_1000_c_10000000000_g_2_f_0.2_eps_0_s_100",10000006818,0.0180001,0
"n_1000_c_10000000000_g_2_f_0.2_eps_0_s_200",10000014402,0.0120001,0
"n_1000_c_10000000000_g_2_f_0.2_eps_0_s_300",10000020319,0.00999999,0
"n_1000_c_10000000000_g_2_f_0.2_eps_1e-05_s_100",5000110229,0.0079999,0
"n_1000_c_10000000000_g_2_f_0.2_eps_1e-05_s_200",5000119902,0.00699997,0
"n_1000_c_10000000000_g_2_f_0.2_eps_1e-05_s_300",5000130097,0.00600004,0
"n_1000_c_10000000000_g_2_f_0.3_eps_0.0001_s_100",5001016164,0.0079999,0
"n_1000_c_10000000000_g_2_f_0.3_eps_0.0001_s_200",5001030419,0.00699997,0
"n_1000_c_10000000000_g_2_f_0.3_eps_0.0001_s_300",5001044129,0.00800014,0
"n_1000_c_10000000000_g_2_f_0.3_eps_0.001_s_100",5010014765,0.00500011,3.992e-10
"n_1000_c_10000000000_g_2_f_0.3_eps_0.001_s_200",5010031039,0.00699997,1.996e-10
"n_1000_c_10000000000_g_2_f_0.3_eps_0.001_s_300",5010044848,0.00399995,1.99599e-10
"n_1000_c_10000000000_g_2_f_0.3_eps_0.01_s_100",5100015013,0.00600004,0
"n_1000_c_10000000000_g_2_f_0.3_eps_0.01_s_200",5100031464,0.00699997,0
"n_1000_c_10000000000_g_2_f_0.3_eps_0.01_s_300",5100047423,0.00699997,0
"n_1000_c_10000000000_g_2_f_0.3_eps_0.1_s_100",6000016394,0.00500011,6.66665e-10
"n_1000_c_10000000000_g_2_f_0.3_eps_0.1_s_200",6000030837,0.00600004,0
"n_1000_c_10000000000_g_2_f_0.3_eps_0.1_s_300",6000043420,0.00500011,8.33327e-10
"n_1000_c_10000000000_g_2_f_0.3_eps_0_s_100",10000009875,0.00999999,0
"n_1000_c_10000000000_g_2_f_0.3_eps_0_s_200",10000020348,0.00999999,0
"n_1000_c_10000000000_g_2_f_0.3_eps_0_s_300",10000029315,0.0120001,0
"n_1000_c_10000000000_g_2_f_0.3_eps_1e-05_s_100",5000116037,0.0079999,0
"n_1000_c_10000000000_g_2_f_0.3_eps_1e-05_s_200",5000130086,0.0059998,0
"n_1000_c_10000000000_g_2_f_0.3_eps_1e-05_s_300",5000144494,0.00600004,1.99994e-10
"n_1000_c_10000000000_g_6_f_0.1_eps_0.0001_s_100",9718508231,60.005,0.0289646
"n_1000_c_10000000000_g_6_f_0.1_eps_0.0001_s_200",9718515863,60.005,0.0289643
"n_1000_c_10000000000_g_6_f_0.1_eps_0.0001_s_300",9718524047,60.005,0.028964
"n_1000_c_10000000000_g_6_f_0.1_eps_0.001_s_100",9997508252,60.006,0.000249583
"n_1000_c_10000000000_g_6_f_0.1_eps_0.001_s_200",9997516365,61.06,0.000249197
"n_1000_c_10000000000_g_6_f_0.1_eps_0.001_s_300",9997523981,60.006,0.00024843
"n_1000_c_10000000000_g_6_f_0.1_eps_0.01_s_100",9975005320,60.007,0.00250607
"n_1000_c_10000000000_g_6_f_0.1_eps_0.01_s_200",9962510823,60.182,0.0037636
"n_1000_c_10000000000_g_6_f_0.1_eps_0.01_s_300",9975016220,60.002,0.00250557
"n_1000_c_10000000000_g_6_f_0.1_eps_0.1_s_100",10000003776,0.849,2.36533e-08
"n_1000_c_10000000000_g_6_f_0.1_eps_0.1_s_200",10000007191,2.14,3.154e-08
"n_1000_c_10000000000_g_6_f_0.1_eps_0.1_s_300",10000011432,0.872,1.2096e-07
"n_1000_c_10000000000_g_6_f_0.1_eps_0_s_100",10000006084,0.0139999,0
"n_1000_c_10000000000_g_6_f_0.1_eps_0_s_200",10000011468,0.00999999,0
"n_1000_c_10000000000_g_6_f_0.1_eps_0_s_300",10000015702,0.0079999,0
"n_1000_c_10000000000_g_6_f_0.1_eps_1e-05_s_100",9690607364,60.009,0.0319271
"n_1000_c_10000000000_g_6_f_0.1_eps_1e-05_s_200",9690615618,60.006,0.0319269
"n_1000_c_10000000000_g_6_f_0.1_eps_1e-05_s_300",9690622638,60.005,0.0319263
"n_1000_c_10000000000_g_6_f_0.2_eps_0.0001_s_100",9718512112,60.006,0.0289646
"n_1000_c_10000000000_g_6_f_0.2_eps_0.0001_s_200",9718525631,65.711,0.0289638
"n_1000_c_10000000000_g_6_f_0.2_eps_0.0001_s_300",9718536488,60.007,0.028963
"n_1000_c_10000000000_g_6_f_0.2_eps_0.001_s_100",9997512594,60.005,0.00024929
"n_1000_c_10000000000_g_6_f_0.2_eps_0.001_s_200",9997523272,60.007,0.000248615
"n_1000_c_10000000000_g_6_f_0.2_eps_0.001_s_300",9997537104,62.695,0.000247883
"n_1000_c_10000000000_g_6_f_0.2_eps_0.01_s_100",9975011186,60.005,0.00250562
"n_1000_c_10000000000_g_6_f_0.2_eps_0.01_s_200",9975020720,60.004,0.00250519
"n_1000_c_10000000000_g_6_f_0.2_eps_0.01_s_300",9975033340,62.472,0.0025045
"n_1000_c_10000000000_g_6_f_0.2_eps_0.1_s_100",10000006514,2.189,3.35047e-08
"n_1000_c_10000000000_g_6_f_0.2_eps_0.1_s_200",10000013291,1.508,3.67523e-08
"n_1000_c_10000000000_g_6_f_0.2_eps_0.1_s_300",10000021026,2.697,6.85046e-08
"n_1000_c_10000000000_g_6_f_0.2_eps_0_s_100",10000009213,0.0239999,0
"n_1000_c_10000000000_g_6_f_0.2_eps_0_s_200",9687527045,60.004,0.0322563
"n_1000_c_10000000000_g_6_f_0.2_eps_0_s_300",9687537819,60.004,0.0322554
"n_1000_c_10000000000_g_6_f_0.2_eps_1e-05_s_100",9690612957,60.002,0.0319267
"n_1000_c_10000000000_g_6_f_0.2_eps_1e-05_s_200",9690625190,60.006,0.031926
"n_1000_c_10000000000_g_6_f_0.2_eps_1e-05_s_300",9690636536,60.485,0.0319255
"n_1000_c_10000000000_g_6_f_0.3_eps_0.0001_s_100",9718517409,60.004,0.0289641
"n_1000_c_10000000000_g_6_f_0.3_eps_0.0001_s_200",9718536680,60.009,0.0289627
"n_1000_c_10000000000_g_6_f_0.3_eps_0.0001_s_300",9718554969,60.006,0.0289615
"n_1000_c_10000000000_g_6_f_0.3_eps_0.001_s_100",9997517035,60.218,0.000248989
"n_1000_c_10000000000_g_6_f_0.3_eps_0.001_s_200",9997534981,60.006,0.000247918
"n_1000_c_10000000000_g_6_f_0.3_eps_0.001_s_300",9997554178,60.006,0.000246599
"n_1000_c_10000000000_g_6_f_0.3_eps_0.01_s_100",9975015145,61.471,0.00250538
"n_1000_c_10000000000_g_6_f_0.3_eps_0.01_s_200",9975032790,61.677,0.00250439
"n_1000_c_10000000000_g_6_f_0.3_eps_0.01_s_300",9975049752,60.005,0.00250335
"n_1000_c_10000000000_g_6_f_0.3_eps_0.1_s_100",10000009269,1.861,2.20762e-08
"n_1000_c_10000000000_g_6_f_0.3_eps_0.1_s_200",10000020751,1.549,5.21399e-08
"n_1000_c_10000000000_g_6_f_0.3_eps_0.1_s_300",10000031265,3.148,1.13971e-07
"n_1000_c_10000000000_g_6_f_0.3_eps_0_s_100",10000013146,0.0350001,3.00007e-10
"n_1000_c_10000000000_g_6_f_0.3_eps_0_s_200",10000025752,42.863,1.117e-07
"n_1000_c_10000000000_g_6_f_0.3_eps_0_s_300",9687550289,60.006,0.0322546
"n_1000_c_10000000000_g_6_f_0.3_eps_1e-05_s_100",9690618027,60.009,0.0319266
"n_1000_c_10000000000_g_6_f_0.3_eps_1e-05_s_200",9690635847,60.006,0.0319253
"n_1000_c_10000000000_g_6_f_0.3_eps_1e-05_s_300",9690652286,60.007,0.0319244
"n_1000_c_100000000_g_10_f_0.1_eps_0.0001_s_100",100006603,0.156,2.06844e-05
"n_1000_c_100000000_g_10_f_0.1_eps_0.0001_s_200",100011846,0.251,5.34688e-05
"n_1000_c_100000000_g_10_f_0.1_eps_0.0001_s_300",100020125,0.115,2.67246e-05
"n_1000_c_100000000_g_10_f_0.1_eps_0.001_s_100",99999411,0.328,8.87848e-05
"n_1000_c_100000000_g_10_f_0.1_eps_0.001_s_200",100009084,2.111,6.16435e-05
"n_1000_c_100000000_g_10_f_0.1_eps_0.001_s_300",100020221,3.117,2.15902e-05
"n_1000_c_100000000_g_10_f_0.1_eps_0.01_s_100",100000763,3.094,4.78124e-05
"n_1000_c_100000000_g_10_f_0.1_eps_0.01_s_200",100004881,0.135,6.09933e-05
"n_1000_c_100000000_g_10_f_0.1_eps_0.01_s_300",100007739,0.0190001,7.6571e-05
"n_1000_c_100000000_g_10_f_0.1_eps_0.1_s_100",99966701,60.007,0.00035637
"n_1000_c_100000000_g_10_f_0.1_eps_0.1_s_200",99973164,60.005,0.000319098
"n_1000_c_100000000_g_10_f_0.1_eps_0.1_s_300",99979448,60.044,0.000277918
"n_1000_c_100000000_g_10_f_0.1_eps_0_s_100",99825185,60.013,0.00183434
"n_1000_c_100000000_g_10_f_0.1_eps_0_s_200",99842147,60.006,0.00173406
"n_1000_c_100000000_g_10_f_0.1_eps_0_s_300",99861760,60.006,0.00161713
"n_1000_c_100000000_g_10_f_0.1_eps_1e-05_s_100",99997651,2.108,9.72594e-05
"n_1000_c_100000000_g_10_f_0.1_eps_1e-05_s_200",100004785,4.381,9.90844e-05
"n_1000_c_100000000_g_10_f_0.1_eps_1e-05_s_300",100015273,0.236,9.37909e-05
"n_1000_c_100000000_g_10_f_0.2_eps_0.0001_s_100",100000665,0.114,8.34126e-05
"n_1000_c_100000000_g_10_f_0.2_eps_0.0001_s_200",100016755,0.116,1.87359e-05
"n_1000_c_100000000_g_10_f_0.2_eps_0.0001_s_300",100019346,0.258,7.13785e-05
"n_1000_c_100000000_g_10_f_0.2_eps_0.001_s_100",100007318,0.0190001,1.45266e-05
"n_1000_c_100000000_g_10_f_0.2_eps_0.001_s_200",100016258,0.132,1.86544e-05
"n_1000_c_100000000_g_10_f_0.2_eps_0.001_s_300",100024071,3.77,3.94329e-05
"n_1000_c_100000000_g_10_f_0.2_eps_0.01_s_100",100004173,0.423,2.50289e-05
"n_1000_c_100000000_g_10_f_0.2_eps_0.01_s_200",100011317,0.0250001,2.96341e-05
"n_1000_c_100000000_g_10_f_0.2_eps_0.01_s_300",100011618,1.799,9.90688e-05
"n_1000_c_100000000_g_10_f_0.2_eps_0.1_s_100",99972914,60.008,0.000315858
"n_1000_c_100000000_g_10_f_0.2_eps_0.1_s_200",99983410,60.004,0.000241089
"n_1000_c_100000000_g_10_f_0.2_eps_0.1_s_300",99994229,60.007,0.000184723
"n_1000_c_100000000_g_10_f_0.2_eps_0_s_100",99828012,60.038,0.00181621
"n_1000_c_100000000_g_10_f_0.2_eps_0_s_200",99850843,60.007,0.0016466
"n_1000_c_100000000_g_10_f_0.2_eps_0_s_300",99872342,60.009,0.0015295
"n_1000_c_100000000_g_10_f_0.2_eps_1e-05_s_100",99999231,3.05,9.54461e-05
"n_1000_c_100000000_g_10_f_0.2_eps_1e-05_s_200",100012496,6.643,7.25919e-05
"n_1000_c_100000000_g_10_f_0.2_eps_1e-05_s_300",100017877,0.108,8.90355e-05
"n_1000_c_100000000_g_10_f_0.3_eps_0.0001_s_100",100007511,0.715,3.66893e-05
"n_1000_c_100000000_g_10_f_0.3_eps_0.0001_s_200",100012213,0.113,7.96288e-05
"n_1000_c_100000000_g_10_f_0.3_eps_0.0001_s_300",100027975,0.0599999,5.2968e-05
"n_1000_c_100000000_g_10_f_0.3_eps_0.001_s_100",100008319,0.0309999,1.76493e-05
"n_1000_c_100000000_g_10_f_0.3_eps_0.001_s_200",100013766,0.016,7.40861e-05
"n_1000_c_100000000_g_10_f_0.3_eps_0.001_s_300",100028244,0.304,4.94656e-05
"n_1000_c_100000000_g_10_f_0.3_eps_0.01_s_100",100003857,0.208,4.94805e-05
"n_1000_c_100000000_g_10_f_0.3_eps_0.01_s_200",100010459,1.913,6.45215e-05
"n_1000_c_100000000_g_10_f_0.3_eps_0.01_s_300",100018098,2.532,7.39118e-05
"n_1000_c_100000000_g_10_f_0.3_eps_0.1_s_100",99978270,60.01,0.000275399
"n_1000_c_100000000_g_10_f_0.3_eps_0.1_s_200",99994671,60.004,0.000184539
"n_1000_c_100000000_g_10_f_0.3_eps_0.1_s_300",100005767,2.555,9.36869e-05
"n_1000_c_100000000_g_10_f_0.3_eps_0_s_100",99832156,60.009,0.00174482
"n_1000_c_100000000_g_10_f_0.3_eps_0_s_200",99859623,60.004,0.00160727
"n_1000_c_100000000_g_10_f_0.3_eps_0_s_300",99887621,60.015,0.00136429
"n_1000_c_100000000_g_10_f_0.3_eps_1e-05_s_100",100001269,16.774,9.1984e-05
"n_1000_c_100000000_g_10_f_0.3_eps_1e-05_s_200",100015380,8.932,4.94074e-05
"n_1000_c_100000000_g_10_f_0.3_eps_1e-05_s_300",100019159,9.446,9.94201e-05
"n_1000_c_100000000_g_14_f_0.1_eps_0.0001_s_100",100009169,0.016,2.46622e-05
"n_1000_c_100000000_g_14_f_0.1_eps_0.0001_s_200",100018174,0.0140002,4.66105e-05
"n_1000_c_100000000_g_14_f_0.1_eps_0.0001_s_300",100024891,0.017,8.10581e-05
"n_1000_c_100000000_g_14_f_0.1_eps_0.001_s_100",100007374,0.0220001,3.84307e-05
"n_1000_c_100000000_g_14_f_0.1_eps_0.001_s_200",100017257,0.0140002,4.93786e-05
"n_1000_c_100000000_g_14_f_0.1_eps_0.001_s_300",100030393,0.02,3.38579e-05
"n_1000_c_100000000_g_14_f_0.1_eps_0.01_s_100",100004011,0.0220001,2.51933e-05
"n_1000_c_100000000_g_14_f_0.1_eps_0.01_s_200",100009303,0.0539999,4.62073e-05
"n_1000_c_100000000_g_14_f_0.1_eps_0.01_s_300",100019693,0.053,2.68497e-06
"n_1000_c_100000000_g_14_f_0.1_eps_0.1_s_100",100000793,0.409,1.95471e-05
"n_1000_c_100000000_g_14_f_0.1_eps_0.1_s_200",99997714,1.366,8.0363e-05
"n_1000_c_100000000_g_14_f_0.1_eps_0.1_s_300",100003621,0.432,5.00222e-05
"n_1000_c_100000000_g_14_f_0.1_eps_0_s_100",100006333,0.0139999,4.48977e-05
"n_1000_c_100000000_g_14_f_0.1_eps_0_s_200",100017422,0.0170002,6.51155e-05
"n_1000_c_100000000_g_14_f_0.1_eps_0_s_300",100028244,0.013,7.62264e-05
"n_1000_c_100000000_g_14_f_0.1_eps_1e-05_s_100",100004015,0.0139999,7.0409e-05
"n_1000_c_100000000_g_14_f_0.1_eps_1e-05_s_200",100015357,0.0149999,8.44527e-05
"n_1000_c_100000000_g_14_f_0.1_eps_1e-05_s_300",100025143,0.017,9.1949e-05
"n_1000_c_100000000_g_14_f_0.2_eps_0.0001_s_100",100005208,0.013,6.78852e-05
"n_1000_c_100000000_g_14_f_0.2_eps_0.0001_s_200",100025725,0.013,5.20735e-06
"n_1000_c_100000000_g_14_f_0.2_eps_0.0001_s_300",100026607,0.017,8.68745e-05
"n_1000_c_100000000_g_14_f_0.2_eps_0.001_s_100",100005523,0.016,5.72504e-05
"n_1000_c_100000000_g_14_f_0.2_eps_0.001_s_200",100016220,0.0179999,7.3067e-05
"n_1000_c_100000000_g_14_f_0.2_eps_0.001_s_300",100027074,0.016,8.64084e-05
"n_1000_c_100000000_g_14_f_0.2_eps_0.01_s_100",100004204,0.017,3.34459e-05
"n_1000_c_100000000_g_14_f_0.2_eps_0.01_s_200",100015713,0.059,1.32726e-05
"n_1000_c_100000000_g_14_f_0.2_eps_0.01_s_300",100014952,0.027,9.90434e-05
"n_1000_c_100000000_g_14_f_0.2_eps_0.1_s_100",99995798,0.923,8.45557e-05
"n_1000_c_100000000_g_14_f_0.2_eps_0.1_s_200",100006042,1.047,4.655e-05
"n_1000_c_100000000_g_14_f_0.2_eps_0.1_s_300",100004317,0.397,8.27968e-05
"n_1000_c_100000000_g_14_f_0.2_eps_0_s_100",100009786,0.0139999,1.78515e-05
"n_1000_c_100000000_g_14_f_0.2_eps_0_s_200",100016402,0.0139999,6.93249e-05
"n_1000_c_100000000_g_14_f_0.2_eps_0_s_300",100035960,0.016,2.63187e-06
"n_1000_c_100000000_g_14_f_0.2_eps_1e-05_s_100",100004614,0.013,8.02954e-05
"n_1000_c_100000000_g_14_f_0.2_eps_1e-05_s_200",100025241,0.0119998,9.37106e-06
"n_1000_c_100000000_g_14_f_0.2_eps_1e-05_s_300",100025545,0.0120001,9.63069e-05
"n_1000_c_100000000_g_14_f_0.3_eps_0.0001_s_100",100011471,0.0120001,2.61393e-05
"n_1000_c_100000000_g_14_f_0.3_eps_0.0001_s_200",100018710,0.0139999,7.3784e-05
"n_1000_c_100000000_g_14_f_0.3_eps_0.0001_s_300",100031629,0.0139999,5.16453e-05
"n_1000_c_100000000_g_14_f_0.3_eps_0.001_s_100",100003110,0.029,7.94107e-05
"n_1000_c_100000000_g_14_f_0.3_eps_0.001_s_200",100023918,0.0159998,3.21555e-05
"n_1000_c_100000000_g_14_f_0.3_eps_0.001_s_300",100036421,0.013,4.26988e-05
"n_1000_c_100000000_g_14_f_0.3_eps_0.01_s_100",100004075,0.0140002,5.91762e-05
"n_1000_c_100000000_g_14_f_0.3_eps_0.01_s_200",100014765,0.0139999,5.86042e-05
"n_1000_c_100000000_g_14_f_0.3_eps_0.01_s_300",100022186,0.016,7.32716e-05
"n_1000_c_100000000_g_14_f_0.3_eps_0.1_s_100",100000091,0.518,5.73844e-05
"n_1000_c_100000000_g_14_f_0.3_eps_0.1_s_200",100010671,0.18,8.13931e-06
"n_1000_c_100000000_g_14_f_0.3_eps_0.1_s_300",100015411,0.405,9.20496e-06
"n_1000_c_100000000_g_14_f_0.3_eps_0_s_100",100003551,0.0150001,8.6362e-05
"n_1000_c_100000000_g_14_f_0.3_eps_0_s_200",100024265,0.013,1.32364e-05
"n_1000_c_100000000_g_14_f_0.3_eps_0_s_300",100035578,0.017,2.81828e-05
"n_1000_c_100000000_g_14_f_0.3_eps_1e-05_s_100",100009507,0.0119998,3.77104e-05
"n_1000_c_100000000_g_14_f_0.3_eps_1e-05_s_200",100025345,0.0110002,5.19795e-06
"n_1000_c_100000000_g_14_f_0.3_eps_1e-05_s_300",100036835,0.0139999,2.04459e-05
"n_1000_c_100000000_g_2_f_0.1_eps_0.0001_s_100",50014612,0.00400019,0
"n_1000_c_100000000_g_2_f_0.1_eps_0.0001_s_200",50019718,0.00399995,1.99921e-08
"n_1000_c_100000000_g_2_f_0.1_eps_0.0001_s_300",50026500,0.00600004,0
"n_1000_c_100000000_g_2_f_0.1_eps_0.001_s_100",50105093,0.00399995,1.99581e-08
"n_1000_c_100000000_g_2_f_0.1_eps_0.001_s_200",50109731,0.00299978,0
"n_1000_c_100000000_g_2_f_0.1_eps_0.001_s_300",50115756,0.00699997,0
"n_1000_c_100000000_g_2_f_0.1_eps_0.01_s_100",51005386,0.00499988,0
"n_1000_c_100000000_g_2_f_0.1_eps_0.01_s_200",51009632,0.00399995,0
"n_1000_c_100000000_g_2_f_0.1_eps_0.01_s_300",51015233,0.00400019,0
"n_1000_c_100000000_g_2_f_0.1_eps_0.1_s_100",60005040,0.00399995,0
"n_1000_c_100000000_g_2_f_0.1_eps_0.1_s_200",60009352,0.00600004,0
"n_1000_c_100000000_g_2_f_0.1_eps_0.1_s_300",60013254,0.00399995,0
"n_1000_c_100000000_g_2_f_0.1_eps_0_s_100",50004458,0.0219998,2.97997e-16
"n_1000_c_100000000_g_2_f_0.1_eps_0_s_200",50010258,0.0969999,0
"n_1000_c_100000000_g_2_f_0.1_eps_0_s_300",50016335,0.688,0
"n_1000_c_100000000_g_2_f_0.1_eps_1e-05_s_100",50005806,0.00500011,0
"n_1000_c_100000000_g_2_f_0.1_eps_1e-05_s_200",50011493,0.00399995,0
"n_1000_c_100000000_g_2_f_0.1_eps_1e-05_s_300",50016474,0.00399995,1.99934e-08
"n_1000_c_100000000_g_2_f_0.2_eps_0.0001_s_100",50019978,0.00399995,0
"n_1000_c_100000000_g_2_f_0.2_eps_0.0001_s_200",50030191,0.00600004,0
"n_1000_c_100000000_g_2_f_0.2_eps_0.0001_s_300",50040709,0.00600004,0
"n_1000_c_100000000_g_2_f_0.2_eps_0.001_s_100",50110807,0.00600004,0
"n_1000_c_100000000_g_2_f_0.2_eps_0.001_s_200",50120295,0.00399995,1.9952e-08
"n_1000_c_100000000_g_2_f_0.2_eps_0.001_s_300",50128552,0.00800014,0
"n_1000_c_100000000_g_2_f_0.2_eps_0.01_s_100",51009346,0.00699997,0
"n_1000_c_100000000_g_2_f_0.2_eps_0.01_s_200",51021130,0.00399995,3.91994e-08
"n_1000_c_100000000_g_2_f_0.2_eps_0.01_s_300",51031353,0.00399995,0
"n_1000_c_100000000_g_2_f_0.2_eps_0.1_s_100",60009917,0.00499988,0
"n_1000_c_100000000_g_2_f_0.2_eps_0.1_s_200",60021184,0.0059998,0
"n_1000_c_100000000_g_2_f_0.2_eps_0.1_s_300",60029830,0.0059998,0
"n_1000_c_100000000_g_2_f_0.2_eps_0_s_100",50009546,0.0179999,0
"n_1000_c_100000000_g_2_f_0.2_eps_0_s_200",50019739,0.0279999,0
"n_1000_c_100000000_g_2_f_0.2_eps_0_s_300",50030242,0.12,0
"n_1000_c_100000000_g_2_f_0.2_eps_1e-05_s_100",50011198,0.00600004,0
"n_1000_c_100000000_g_2_f_0.2_eps_1e-05_s_200",50022432,0.00399995,0
"n_1000_c_100000000_g_2_f_0.2_eps_1e-05_s_300",50030545,0.00600004,0
"n_1000_c_100000000_g_2_f_0.3_eps_0.0001_s_100",50025614,0.00300002,0
"n_1000_c_100000000_g_2_f_0.3_eps_0.0001_s_200",50040657,0.00399995,0
"n_1000_c_100000000_g_2_f_0.3_eps_0.0001_s_300",50056092,0.00499988,0
"n_1000_c_100000000_g_2_f_0.3_eps_0.001_s_100",50114783,0.00699997,0
"n_1000_c_100000000_g_2_f_0.3_eps_0.001_s_200",50129983,0.00500011,0
"n_1000_c_100000000_g_2_f_0.3_eps_0.001_s_300",50143832,0.00399995,0
"n_1000_c_100000000_g_2_f_0.3_eps_0.01_s_100",51014809,0.0059998,0
"n_1000_c_100000000_g_2_f_0.3_eps_0.01_s_200",51029213,0.00600004,0
"n_1000_c_100000000_g_2_f_0.3_eps_0.01_s_300",51045514,0.00399995,1.95904e-08
"n_1000_c_100000000_g_2_f_0.3_eps_0.1_s_100",60016124,0.00600004,0
"n_1000_c_100000000_g_2_f_0.3_eps_0.1_s_200",60029946,0.00600004,0
"n_1000_c_100000000_g_2_f_0.3_eps_0.1_s_300",60044612,0.00600004,1.83197e-07
"n_1000_c_100000000_g_2_f_0.3_eps_0_s_100",50014615,0.0220001,0
"n_1000_c_100000000_g_2_f_0.3_eps_0_s_200",50030351,0.125,0
"n_1000_c_100000000_g_2_f_0.3_eps_0_s_300",50045300,0.128,0
"n_1000_c_100000000_g_2_f_0.3_eps_1e-05_s_100",50016203,0.00200009,0
"n_1000_c_100000000_g_2_f_0.3_eps_1e-05_s_200",50033194,0.00600004,7.99469e-08
"n_1000_c_100000000_g_2_f_0.3_eps_1e-05_s_300",50045423,0.0079999,0
"n_1000_c_100000000_g_6_f_0.1_eps_0.0001_s_100",97192827,60.005,0.0244066
"n_1000_c_100000000_g_6_f_0.1_eps_0.0001_s_200",97199852,60.006,0.0251674
"n_1000_c_100000000_g_6_f_0.1_eps_0.0001_s_300",97209690,60.005,0.0228515
"n_1000_c_100000000_g_6_f_0.1_eps_0.001_s_100",99982998,60.01,0.000175563
"n_1000_c_100000000_g_6_f_0.1_eps_0.001_s_200",99990711,60.009,0.000150606
"n_1000_c_100000000_g_6_f_0.1_eps_0.001_s_300",99997645,60.007,0.000124124
"n_1000_c_100000000_g_6_f_0.1_eps_0.01_s_100",99755726,60.007,0.00130575
"n_1000_c_100000000_g_6_f_0.1_eps_0.01_s_200",99760427,60.006,0.00167083
"n_1000_c_100000000_g_6_f_0.1_eps_0.01_s_300",99765328,60.012,0.00242614
"n_1000_c_100000000_g_6_f_0.1_eps_0.1_s_100",99380792,60.006,0.00624861
"n_1000_c_100000000_g_6_f_0.1_eps_0.1_s_200",99386167,60.009,0.00622358
"n_1000_c_100000000_g_6_f_0.1_eps_0.1_s_300",99390231,60.132,0.00618552
"n_1000_c_100000000_g_6_f_0.1_eps_0_s_100",96882889,60.007,0.0321456
"n_1000_c_100000000_g_6_f_0.1_eps_0_s_200",100001256,7.289,5.3468e-07
"n_1000_c_100000000_g_6_f_0.1_eps_0_s_300",100000782,6.895,3.33335e-11
"n_1000_c_100000000_g_6_f_0.1_eps_1e-05_s_100",96913830,60.004,0.025891
"n_1000_c_100000000_g_6_f_0.1_eps_1e-05_s_200",96922038,60.004,0.0293022
"n_1000_c_100000000_g_6_f_0.1_eps_1e-05_s_300",96929098,60.012,0.030598
"n_1000_c_100000000_g_6_f_0.2_eps_0.0001_s_100",97198339,60.016,0.0288822
"n_1000_c_100000000_g_6_f_0.2_eps_0.0001_s_200",97208556,60.007,0.0267724
"n_1000_c_100000000_g_6_f_0.2_eps_0.0001_s_300",97224811,60.007,0.0251422
"n_1000_c_100000000_g_6_f_0.2_eps_0.001_s_100",99987572,60.006,0.000176479
"n_1000_c_100000000_g_6_f_0.2_eps_0.001_s_200",100000302,4.88,9.96301e-05
"n_1000_c_100000000_g_6_f_0.2_eps_0.001_s_300",100008646,0.183,6.05324e-05
"n_1000_c_100000000_g_6_f_0.2_eps_0.01_s_100",99760306,60.008,0.00244694
"n_1000_c_100000000_g_6_f_0.2_eps_0.01_s_200",99770783,60.01,0.00237314
"n_1000_c_100000000_g_6_f_0.2_eps_0.01_s_300",99779305,60.006,0.00234454
"n_1000_c_100000000_g_6_f_0.2_eps_0.1_s_100",99385323,60.042,0.00622123
"n_1000_c_100000000_g_6_f_0.2_eps_0.1_s_200",99395590,60.009,0.00613758
"n_1000_c_100000000_g_6_f_0.2_eps_0.1_s_300",99406903,60.007,0.00607869
"n_1000_c_100000000_g_6_f_0.2_eps_0_s_100",96887729,60.016,0.0321728
"n_1000_c_100000000_g_6_f_0.2_eps_0_s_200",96900108,60.857,0.0320865
"n_1000_c_100000000_g_6_f_0.2_eps_0_s_300",96913441,60.004,0.0320197
"n_1000_c_100000000_g_6_f_0.2_eps_1e-05_s_100",96918786,60.008,0.0270698
"n_1000_c_100000000_g_6_f_0.2_eps_1e-05_s_200",96930424,60.071,0.0288253
"n_1000_c_100000000_g_6_f_0.2_eps_1e-05_s_300",96945414,60.008,0.0316009
"n_1000_c_100000000_g_6_f_0.3_eps_0.0001_s_100",97202878,60.099,0.0266824
"n_1000_c_100000000_g_6_f_0.3_eps_0.0001_s_200",97220018,60.009,0.0252966
"n_1000_c_100000000_g_6_f_0.3_eps_0.0001_s_300",97238273,60.014,0.0239497
"n_1000_c_100000000_g_6_f_0.3_eps_0.001_s_100",99992080,60.006,0.000133838
"n_1000_c_100000000_g_6_f_0.3_eps_0.001_s_200",100008207,2.914,6.80944e-05
"n_1000_c_100000000_g_6_f_0.3_eps_0.001_s_300",100018420,4.457,1.24353e-05
"n_1000_c_100000000_g_6_f_0.3_eps_0.01_s_100",99765505,60.004,0.00240543
"n_1000_c_100000000_g_6_f_0.3_eps_0.01_s_200",99779682,60.007,0.00232901
"n_1000_c_100000000_g_6_f_0.3_eps_0.01_s_300",99797728,60.006,0.00221619
"n_1000_c_100000000_g_6_f_0.3_eps_0.1_s_100",99390277,60.137,0.00619123
"n_1000_c_100000000_g_6_f_0.3_eps_0.1_s_200",99406789,60.004,0.00607974
"n_1000_c_100000000_g_6_f_0.3_eps_0.1_s_300",99421939,60.008,0.00597572
"n_1000_c_100000000_g_6_f_0.3_eps_0_s_100",96892648,60.007,0.0321364
"n_1000_c_100000000_g_6_f_0.3_eps_0_s_200",96911561,60.007,0.0318474
"n_1000_c_100000000_g_6_f_0.3_eps_0_s_300",100001402,7.134,0
"n_1000_c_100000000_g_6_f_0.3_eps_1e-05_s_100",96923049,60.01,0.0318151
"n_1000_c_100000000_g_6_f_0.3_eps_1e-05_s_200",96941373,60.007,0.0316837
"n_1000_c_100000000_g_6_f_0.3_eps_1e-05_s_300",96958441,60.01,0.0280417
"n_1000_c_1000000_g_10_f_0.1_eps_0.0001_s_100",1007216,0.026,8.44605e-05
"n_1000_c_1000000_g_10_f_0.1_eps_0.0001_s_200",1015962,0.0209999,3.21613e-05
"n_1000_c_1000000_g_10_f_0.1_eps_0.0001_s_300",1022277,0.082,9.94903e-05
"n_1000_c_1000000_g_10_f_0.1_eps_0.001_s_100",1008222,0.05,4.15476e-05
"n_1000_c_1000000_g_10_f_0.1_eps_0.001_s_200",1014252,0.0440001,2.25791e-05
"n_1000_c_1000000_g_10_f_0.1_eps_0.001_s_300",1024312,0.073,3.26511e-05
"n_1000_c_1000000_g_10_f_0.1_eps_0.01_s_100",1005634,0.0239999,7.10693e-05
"n_1000_c_1000000_g_10_f_0.1_eps_0.01_s_200",1011785,0.145,9.99873e-05
"n_1000_c_1000000_g_10_f_0.1_eps_0.01_s_300",1015847,0.043,3.46043e-05
"n_1000_c_1000000_g_10_f_0.1_eps_0.1_s_100",1002731,0.0719998,6.39643e-05
"n_1000_c_1000000_g_10_f_0.1_eps_0.1_s_200",1004838,1.084,0
"n_1000_c_1000000_g_10_f_0.1_eps_0.1_s_300",1007202,0.135,9.99272e-05
"n_1000_c_1000000_g_10_f_0.1_eps_0_s_100",1008306,0.046,2.66139e-05
"n_1000_c_1000000_g_10_f_0.1_eps_0_s_200",1016075,0.0250001,8.32448e-05
"n_1000_c_1000000_g_10_f_0.1_eps_0_s_300",1022759,0.0179999,9.80799e-05
"n_1000_c_1000000_g_10_f_0.1_eps_1e-05_s_100",1008397,0.0139999,9.61155e-05
"n_1000_c_1000000_g_10_f_0.1_eps_1e-05_s_200",1014318,0.013,7.92484e-05
"n_1000_c_1000000_g_10_f_0.1_eps_1e-05_s_300",1023730,0.016,1.05689e-05
"n_1000_c_1000000_g_10_f_0.2_eps_0.0001_s_100",1010079,0.0150001,1.41246e-05
"n_1000_c_1000000_g_10_f_0.2_eps_0.0001_s_200",1020281,0.0139999,7.37736e-05
"n_1000_c_1000000_g_10_f_0.2_eps_0.0001_s_300",1027461,0.0250001,9.37293e-05
"n_1000_c_1000000_g_10_f_0.2_eps_0.001_s_100",1008877,0.0420001,9.13977e-06
"n_1000_c_1000000_g_10_f_0.2_eps_0.001_s_200",1019815,0.0120001,3.0437e-05
"n_1000_c_1000000_g_10_f_0.2_eps_0.001_s_300",1027753,0.0139999,6.16383e-05
"n_1000_c_1000000_g_10_f_0.2_eps_0.01_s_100",1007523,0.0139999,9.68669e-06
"n_1000_c_1000000_g_10_f_0.2_eps_0.01_s_200",1014080,0.0350001,2.12354e-05
"n_1000_c_1000000_g_10_f_0.2_eps_0.01_s_300",1022377,0.0140002,1.06199e-05
"n_1000_c_1000000_g_10_f_0.2_eps_0.1_s_100",1004042,0.0479999,9.62424e-05
"n_1000_c_1000000_g_10_f_0.2_eps_0.1_s_200",1009298,0.0609999,7.3712e-05
"n_1000_c_1000000_g_10_f_0.2_eps_0.1_s_300",1013380,0.128,9.12299e-05
"n_1000_c_1000000_g_10_f_0.2_eps_0_s_100",1008456,0.0870001,9.95463e-05
"n_1000_c_1000000_g_10_f_0.2_eps_0_s_200",1018975,0.017,3.26126e-05
"n_1000_c_1000000_g_10_f_0.2_eps_0_s_300",1029156,0.016,6.75577e-05
"n_1000_c_1000000_g_10_f_0.2_eps_1e-05_s_100",1009763,0.017,5.74392e-05
"n_1000_c_1000000_g_10_f_0.2_eps_1e-05_s_200",1017916,0.016,3.08315e-05
"n_1000_c_1000000_g_10_f_0.2_eps_1e-05_s_300",1025342,0.033,6.25565e-05
"n_1000_c_1000000_g_10_f_0.3_eps_0.0001_s_100",1010183,0.016,3.22563e-05
"n_1000_c_1000000_g_10_f_0.3_eps_0.0001_s_200",1020549,0.0310001,8.81716e-06
"n_1000_c_1000000_g_10_f_0.3_eps_0.0001_s_300",1032093,0.0180001,4.36657e-05
"n_1000_c_1000000_g_10_f_0.3_eps_0.001_s_100",1010262,0.0149999,1.61816e-05
"n_1000_c_1000000_g_10_f_0.3_eps_0.001_s_200",1019747,0.026,7.56352e-05
"n_1000_c_1000000_g_10_f_0.3_eps_0.001_s_300",1032912,0.0120001,2.42864e-05
"n_1000_c_1000000_g_10_f_0.3_eps_0.01_s_100",1008587,0.016,9.55415e-05
"n_1000_c_1000000_g_10_f_0.3_eps_0.01_s_200",1015962,0.016,5.26503e-05
"n_1000_c_1000000_g_10_f_0.3_eps_0.01_s_300",1027151,0.023,5.20842e-05
"n_1000_c_1000000_g_10_f_0.3_eps_0.1_s_100",1006159,0.432,8.93574e-05
"n_1000_c_1000000_g_10_f_0.3_eps_0.1_s_200",1011843,1.39,0
"n_1000_c_1000000_g_10_f_0.3_eps_0.1_s_300",1017901,0.052,8.87002e-05
"n_1000_c_1000000_g_10_f_0.3_eps_0_s_100",1010222,0.0150001,9.87668e-05
"n_1000_c_1000000_g_10_f_0.3_eps_0_s_200",1021854,0.0179999,5.40377e-05
"n_1000_c_1000000_g_10_f_0.3_eps_0_s_300",1031437,0.0179999,8.91154e-05
"n_1000_c_1000000_g_10_f_0.3_eps_1e-05_s_100",1011330,0.0119998,3.96328e-06
"n_1000_c_1000000_g_10_f_0.3_eps_1e-05_s_200",1020285,0.0150001,2.35321e-05
"n_1000_c_1000000_g_10_f_0.3_eps_1e-05_s_300",1031049,0.0170002,4.81643e-05
"n_1000_c_1000000_g_14_f_0.1_eps_0.0001_s_100",1011266,0.0139999,5.26397e-05
"n_1000_c_1000000_g_14_f_0.1_eps_0.0001_s_200",1023728,0.0150001,8.28411e-05
"n_1000_c_1000000_g_14_f_0.1_eps_0.0001_s_300",1033418,0.0139999,3.62773e-05
"n_1000_c_1000000_g_14_f_0.1_eps_0.001_s_100",1011900,0.016,2.00548e-05
"n_1000_c_1000000_g_14_f_0.1_eps_0.001_s_200",1019780,0.0179999,4.75401e-05
"n_1000_c_1000000_g_14_f_0.1_eps_0.001_s_300",1032549,0.0180001,4.61573e-05
"n_1000_c_1000000_g_14_f_0.1_eps_0.01_s_100",1006566,0.0419998,3.70865e-05
"n_1000_c_1000000_g_14_f_0.1_eps_0.01_s_200",1014233,0.0179999,2.35121e-05
"n_1000_c_1000000_g_14_f_0.1_eps_0.01_s_300",1020883,0.0219998,8.69817e-05
"n_1000_c_1000000_g_14_f_0.1_eps_0.1_s_100",1002642,0.187,6.46905e-05
"n_1000_c_1000000_g_14_f_0.1_eps_0.1_s_200",1005233,0.186,6.61296e-05
"n_1000_c_1000000_g_14_f_0.1_eps_0.1_s_300",1007023,1.911,0
"n_1000_c_1000000_g_14_f_0.1_eps_0_s_100",1011174,0.013,7.92281e-05
"n_1000_c_1000000_g_14_f_0.1_eps_0_s_200",1022459,0.0179999,6.36615e-05
"n_1000_c_1000000_g_14_f_0.1_eps_0_s_300",1034631,0.02,4.97763e-05
"n_1000_c_1000000_g_14_f_0.1_eps_1e-05_s_100",1012161,0.016,1.27375e-05
"n_1000_c_1000000_g_14_f_0.1_eps_1e-05_s_200",1022784,0.016,9.66454e-05
"n_1000_c_1000000_g_14_f_0.1_eps_1e-05_s_300",1033732,0.0180001,8.19051e-06
"n_1000_c_1000000_g_14_f_0.2_eps_0.0001_s_100",1012307,0.0120001,7.49525e-05
"n_1000_c_1000000_g_14_f_0.2_eps_0.0001_s_200",1024201,0.0179999,5.41972e-05
"n_1000_c_1000000_g_14_f_0.2_eps_0.0001_s_300",1036779,0.016,4.97516e-05
"n_1000_c_1000000_g_14_f_0.2_eps_0.001_s_100",1012036,0.0179999,2.80074e-05
"n_1000_c_1000000_g_14_f_0.2_eps_0.001_s_200",1025687,0.017,8.73887e-06
"n_1000_c_1000000_g_14_f_0.2_eps_0.001_s_300",1033805,0.0179999,9.82304e-05
"n_1000_c_1000000_g_14_f_0.2_eps_0.01_s_100",1008650,0.016,8.86158e-05
"n_1000_c_1000000_g_14_f_0.2_eps_0.01_s_200",1017933,0.049,3.33342e-05
"n_1000_c_1000000_g_14_f_0.2_eps_0.01_s_300",1026302,0.0469999,4.83014e-05
"n_1000_c_1000000_g_14_f_0.2_eps_0.1_s_100",1004509,0.403,8.4443e-05
"n_1000_c_1000000_g_14_f_0.2_eps_0.1_s_200",1008699,2.721,0
"n_1000_c_1000000_g_14_f_0.2_eps_0.1_s_300",1011243,0.108,5.0845e-05
"n_1000_c_1000000_g_14_f_0.2_eps_0_s_100",1012014,0.0140002,3.01866e-05
"n_1000_c_1000000_g_14_f_0.2_eps_0_s_200",1023664,0.0140002,7.83743e-05
"n_1000_c_1000000_g_14_f_0.2_eps_0_s_300",1033999,0.016,1.19143e-05
"n_1000_c_1000000_g_14_f_0.2_eps_1e-05_s_100",1011948,0.0150001,5.66676e-05
"n_1000_c_1000000_g_14_f_0.2_eps_1e-05_s_200",1024392,0.0159998,3.54829e-05
"n_1000_c_1000000_g_14_f_0.2_eps_1e-05_s_300",1037837,0.016,5.06863e-05
"n_1000_c_1000000_g_14_f_0.3_eps_0.0001_s_100",1012605,0.0139999,7.70816e-05
"n_1000_c_1000000_g_14_f_0.3_eps_0.0001_s_200",1025409,0.0179999,1.87965e-05
"n_1000_c_1000000_g_14_f_0.3_eps_0.0001_s_300",1035526,0.0120001,1.7863e-05
"n_1000_c_1000000_g_14_f_0.3_eps_0.001_s_100",1011644,0.016,9.74717e-05
"n_1000_c_1000000_g_14_f_0.3_eps_0.001_s_200",1024360,0.0159998,7.10609e-05
"n_1000_c_1000000_g_14_f_0.3_eps_0.001_s_300",1037680,0.0190001,8.96025e-05
"n_1000_c_1000000_g_14_f_0.3_eps_0.01_s_100",1009396,0.026,5.40299e-05
"n_1000_c_1000000_g_14_f_0.3_eps_0.01_s_200",1018263,0.023,2.12636e-05
"n_1000_c_1000000_g_14_f_0.3_eps_0.01_s_300",1029038,0.0340002,5.31327e-05
"n_1000_c_1000000_g_14_f_0.3_eps_0.1_s_100",1006451,0.618,9.08631e-05
"n_1000_c_1000000_g_14_f_0.3_eps_0.1_s_200",1011763,1.662,0
"n_1000_c_1000000_g_14_f_0.3_eps_0.1_s_300",1020620,1.526,0
"n_1000_c_1000000_g_14_f_0.3_eps_0_s_100",1013387,0.016,4.56238e-05
"n_1000_c_1000000_g_14_f_0.3_eps_0_s_200",1026768,0.0150001,6.58501e-06
"n_1000_c_1000000_g_14_f_0.3_eps_0_s_300",1039498,0.0119998,3.13703e-05
"n_1000_c_1000000_g_14_f_0.3_eps_1e-05_s_100",1012419,0.0139999,5.19487e-05
"n_1000_c_1000000_g_14_f_0.3_eps_1e-05_s_200",1026294,0.0149999,1.86832e-05
"n_1000_c_1000000_g_14_f_0.3_eps_1e-05_s_300",1039692,0.016,6.70395e-05
"n_1000_c_1000000_g_2_f_0.1_eps_0.0001_s_100",505234,0.00200009,0
"n_1000_c_1000000_g_2_f_0.1_eps_0.0001_s_200",510624,0.00600004,0
"n_1000_c_1000000_g_2_f_0.1_eps_0.0001_s_300",514890,0.00600004,0
"n_1000_c_1000000_g_2_f_0.1_eps_0.001_s_100",505894,0.00600004,0
"n_1000_c_1000000_g_2_f_0.1_eps_0.001_s_200",510730,0.00400019,0
"n_1000_c_1000000_g_2_f_0.1_eps_0.001_s_300",515158,0.00200009,0
"n_1000_c_1000000_g_2_f_0.1_eps_0.01_s_100",515037,0.00300002,0
"n_1000_c_1000000_g_2_f_0.1_eps_0.01_s_200",521454,0.0059998,0
"n_1000_c_1000000_g_2_f_0.1_eps_0.01_s_300",525398,0.00399995,0
"n_1000_c_1000000_g_2_f_0.1_eps_0.1_s_100",605344,0.00399995,0
"n_1000_c_1000000_g_2_f_0.1_eps_0.1_s_200",610137,0.00399995,8.19488e-06
"n_1000_c_1000000_g_2_f_0.1_eps_0.1_s_300",615325,0.00399995,1.62516e-06
"n_1000_c_1000000_g_2_f_0.1_eps_0_s_100",504948,0.0190001,0
"n_1000_c_1000000_g_2_f_0.1_eps_0_s_200",509491,0.00499988,6.8696e-05
"n_1000_c_1000000_g_2_f_0.1_eps_0_s_300",515234,0.00699997,0
"n_1000_c_1000000_g_2_f_0.1_eps_1e-05_s_100",505265,0.00600004,0
"n_1000_c_1000000_g_2_f_0.1_eps_1e-05_s_200",509900,0.00600004,0
"n_1000_c_1000000_g_2_f_0.1_eps_1e-05_s_300",515286,0.00600004,0
"n_1000_c_1000000_g_2_f_0.2_eps_0.0001_s_100",510428,0.00399995,0
"n_1000_c_1000000_g_2_f_0.2_eps_0.0001_s_200",520337,0.00600004,0
"n_1000_c_1000000_g_2_f_0.2_eps_0.0001_s_300",530313,0.00400019,0
"n_1000_c_1000000_g_2_f_0.2_eps_0.001_s_100",511418,0.00199986,0
"n_1000_c_1000000_g_2_f_0.2_eps_0.001_s_200",520052,0.00600004,0
"n_1000_c_1000000_g_2_f_0.2_eps_0.001_s_300",530707,0.00399995,5.65284e-06
"n_1000_c_1000000_g_2_f_0.2_eps_0.01_s_100",520446,0.0079999,3.84286e-06
"n_1000_c_1000000_g_2_f_0.2_eps_0.01_s_200",530118,0.00400019,0
"n_1000_c_1000000_g_2_f_0.2_eps_0.01_s_300",539101,0.00500011,0
"n_1000_c_1000000_g_2_f_0.2_eps_0.1_s_100",610668,0.00300002,0
"n_1000_c_1000000_g_2_f_0.2_eps_0.1_s_200",620013,0.00399995,6.45148e-06
"n_1000_c_1000000_g_2_f_0.2_eps_0.1_s_300",631000,0.00400019,0
"n_1000_c_1000000_g_2_f_0.2_eps_0_s_100",510266,0.00600004,0
"n_1000_c_1000000_g_2_f_0.2_eps_0_s_200",520017,0.00399995,0
"n_1000_c_1000000_g_2_f_0.2_eps_0_s_300",528839,0.00400019,0
"n_1000_c_1000000_g_2_f_0.2_eps_1e-05_s_100",509989,0.00500011,0
"n_1000_c_1000000_g_2_f_0.2_eps_1e-05_s_200",521022,0.00600004,0
"n_1000_c_1000000_g_2_f_0.2_eps_1e-05_s_300",530250,0.00399995,0
"n_1000_c_1000000_g_2_f_0.3_eps_0.0001_s_100",515290,0.00600004,0
"n_1000_c_1000000_g_2_f_0.3_eps_0.0001_s_200",528964,0.0079999,0
"n_1000_c_1000000_g_2_f_0.3_eps_0.0001_s_300",546156,0.0079999,0
"n_1000_c_1000000_g_2_f_0.3_eps_0.001_s_100",515548,0.00600004,9.69842e-06
"n_1000_c_1000000_g_2_f_0.3_eps_0.001_s_200",532254,0.00399995,0
"n_1000_c_1000000_g_2_f_0.3_eps_0.001_s_300",545029,0.00600004,1.83476e-06
"n_1000_c_1000000_g_2_f_0.3_eps_0.01_s_100",525839,0.00399995,0
"n_1000_c_1000000_g_2_f_0.3_eps_0.01_s_200",539708,0.00600004,1.85285e-06
"n_1000_c_1000000_g_2_f_0.3_eps_0.01_s_300",552957,0.0059998,0
"n_1000_c_1000000_g_2_f_0.3_eps_0.1_s_100",615783,0.00600004,0
"n_1000_c_1000000_g_2_f_0.3_eps_0.1_s_200",631377,0.00600004,0
"n_1000_c_1000000_g_2_f_0.3_eps_0.1_s_300",643786,0.0079999,0
"n_1000_c_1000000_g_2_f_0.3_eps_0_s_100",515259,0.00600004,0
"n_1000_c_1000000_g_2_f_0.3_eps_0_s_200",532993,0.00699997,0
"n_1000_c_1000000_g_2_f_0.3_eps_0_s_300",545248,0.00699997,0
"n_1000_c_1000000_g_2_f_0.3_eps_1e-05_s_100",515468,0.00399995,0
"n_1000_c_1000000_g_2_f_0.3_eps_1e-05_s_200",528690,0.00600004,0
"n_1000_c_1000000_g_2_f_0.3_eps_1e-05_s_300",546505,0.00399995,0
"n_1000_c_1000000_g_6_f_0.1_eps_0.0001_s_100",980110,60.039,0.0238083
"n_1000_c_1000000_g_6_f_0.1_eps_0.0001_s_200",986354,60.006,0.0206271
"n_1000_c_1000000_g_6_f_0.1_eps_0.0001_s_300",993984,60.004,0.0107453
"n_1000_c_1000000_g_6_f_0.1_eps_0.001_s_100",1003550,0.016,4.32701e-05
"n_1000_c_1000000_g_6_f_0.1_eps_0.001_s_200",1007207,0.0180001,1.9395e-05
"n_1000_c_1000000_g_6_f_0.1_eps_0.001_s_300",1009188,0.102,7.45359e-05
"n_1000_c_1000000_g_6_f_0.1_eps_0.01_s_100",1001549,60.004,0.000578919
"n_1000_c_1000000_g_6_f_0.1_eps_0.01_s_200",1005838,60.008,0.00137806
"n_1000_c_1000000_g_6_f_0.1_eps_0.01_s_300",1008824,3.228,9.36739e-05
"n_1000_c_1000000_g_6_f_0.1_eps_0.1_s_100",999521,60.008,0.00250793
"n_1000_c_1000000_g_6_f_0.1_eps_0.1_s_200",1004162,60.004,0.000914886
"n_1000_c_1000000_g_6_f_0.1_eps_0.1_s_300",1006103,60.006,0.00056099
"n_1000_c_1000000_g_6_f_0.1_eps_0_s_100",976615,60.006,0.0245862
"n_1000_c_1000000_g_6_f_0.1_eps_0_s_200",984766,60.008,0.0161592
"n_1000_c_1000000_g_6_f_0.1_eps_0_s_300",991467,60.008,0.0149304
"n_1000_c_1000000_g_6_f_0.1_eps_1e-05_s_100",976398,60.009,0.023638
"n_1000_c_1000000_g_6_f_0.1_eps_1e-05_s_200",984513,60.009,0.0224741
"n_1000_c_1000000_g_6_f_0.1_eps_1e-05_s_300",992706,60.009,0.00965778
"n_1000_c_1000000_g_6_f_0.2_eps_0.0001_s_100",985161,60.006,0.0158517
"n_1000_c_1000000_g_6_f_0.2_eps_0.0001_s_200",997413,60.052,0.0134831
"n_1000_c_1000000_g_6_f_0.2_eps_0.0001_s_300",1009825,60.007,0.00500926
"n_1000_c_1000000_g_6_f_0.2_eps_0.001_s_100",1005334,2.851,0
"n_1000_c_1000000_g_6_f_0.2_eps_0.001_s_200",1011572,3.153,0
"n_1000_c_1000000_g_6_f_0.2_eps_0.001_s_300",1015477,2.547,0
"n_1000_c_1000000_g_6_f_0.2_eps_0.01_s_100",1004175,6.511,9.86651e-05
"n_1000_c_1000000_g_6_f_0.2_eps_0.01_s_200",1009827,2.762,0
"n_1000_c_1000000_g_6_f_0.2_eps_0.01_s_300",1014091,0.079,8.71206e-05
"n_1000_c_1000000_g_6_f_0.2_eps_0.1_s_100",1002698,60.006,0.000681181
"n_1000_c_1000000_g_6_f_0.2_eps_0.1_s_200",1007319,60.008,0.000533222
"n_1000_c_1000000_g_6_f_0.2_eps_0.1_s_300",1011896,60.006,0.000671314
"n_1000_c_1000000_g_6_f_0.2_eps_0_s_100",981678,60.006,0.0194382
"n_1000_c_1000000_g_6_f_0.2_eps_0_s_200",995294,60.075,0.0064572
"n_1000_c_1000000_g_6_f_0.2_eps_0_s_300",1004565,60.014,0.00127731
"n_1000_c_1000000_g_6_f_0.2_eps_1e-05_s_100",982091,60.005,0.0195043
"n_1000_c_1000000_g_6_f_0.2_eps_1e-05_s_200",994001,60.004,0.0171555
"n_1000_c_1000000_g_6_f_0.2_eps_1e-05_s_300",1004411,60.008,0.0104418
"n_1000_c_1000000_g_6_f_0.3_eps_0.0001_s_100",988768,60.005,0.0135757
"n_1000_c_1000000_g_6_f_0.3_eps_0.0001_s_200",1006583,5.291,7.30861e-05
"n_1000_c_1000000_g_6_f_0.3_eps_0.0001_s_300",1018450,5.325,9.43952e-05
"n_1000_c_1000000_g_6_f_0.3_eps_0.001_s_100",1006747,0.304,8.78388e-05
"n_1000_c_1000000_g_6_f_0.3_eps_0.001_s_200",1011354,5.118,0
"n_1000_c_1000000_g_6_f_0.3_eps_0.001_s_300",1016023,2.913,0
"n_1000_c_1000000_g_6_f_0.3_eps_0.01_s_100",1006172,60.007,0.000495062
"n_1000_c_1000000_g_6_f_0.3_eps_0.01_s_200",1012524,2.655,0
"n_1000_c_1000000_g_6_f_0.3_eps_0.01_s_300",1019285,4.307,8.70442e-05
"n_1000_c_1000000_g_6_f_0.3_eps_0.1_s_100",1004838,3.004,9.25641e-05
"n_1000_c_1000000_g_6_f_0.3_eps_0.1_s_200",1010954,60.004,0.00055828
"n_1000_c_1000000_g_6_f_0.3_eps_0.1_s_300",1013775,60.006,0.000605987
"n_1000_c_1000000_g_6_f_0.3_eps_0_s_100",986959,60.006,0.0139631
"n_1000_c_1000000_g_6_f_0.3_eps_0_s_200",1003243,60.025,0.000591288
"n_1000_c_1000000_g_6_f_0.3_eps_0_s_300",1017744,60.005,0.0034725
"n_1000_c_1000000_g_6_f_0.3_eps_1e-05_s_100",987091,60.005,0.0203795
"n_1000_c_1000000_g_6_f_0.3_eps_1e-05_s_200",1005849,60.017,0.000939222
"n_1000_c_1000000_g_6_f_0.3_eps_1e-05_s_300",1016126,5.068,8.74127e-05
"n_1200_c_10000000000_g_10_f_0.1_eps_0.0001_s_100",9999237196,0.302,7.72107e-05
"n_1200_c_10000000000_g_10_f_0.1_eps_0.0001_s_200",9999251251,0.026,7.66871e-05
"n_1200_c_10000000000_g_10_f_0.1_eps_0.0001_s_300",9999271654,0.176,7.60105e-05
"n_1200_c_10000000000_g_10_f_0.1_eps_0.001_s_100",9999393305,1.191,6.15284e-05
"n_1200_c_10000000000_g_10_f_0.1_eps_0.001_s_200",9999410853,1.108,6.0687e-05
"n_1200_c_10000000000_g_10_f_0.1_eps_0.001_s_300",9999429602,0.595,5.97536e-05
"n_1200_c_10000000000_g_10_f_0.1_eps_0.01_s_100",9999228217,5.586,7.7841e-05
"n_1200_c_10000000000_g_10_f_0.1_eps_0.01_s_200",9999240608,6.185,7.71628e-05
"n_1200_c_10000000000_g_10_f_0.1_eps_0.01_s_300",9999245329,3.97,7.72551e-05
"n_1200_c_10000000000_g_10_f_0.1_eps_0.1_s_100",9996100863,60.009,0.000390317
"n_1200_c_10000000000_g_10_f_0.1_eps_0.1_s_200",9996106565,60.006,0.000389961
"n_1200_c_10000000000_g_10_f_0.1_eps_0.1_s_300",9996115317,60.016,0.000388815
"n_1200_c_10000000000_g_10_f_0.1_eps_0_s_100",9980488917,60.014,0.00195507
"n_1200_c_10000000000_g_10_f_0.1_eps_0_s_200",9980508086,60.011,0.0019548
"n_1200_c_10000000000_g_10_f_0.1_eps_0_s_300",9980532574,60.242,0.00195333
"n_1200_c_10000000000_g_10_f_0.1_eps_1e-05_s_100",9999088333,0.638,9.21062e-05
"n_1200_c_10000000000_g_10_f_0.1_eps_1e-05_s_200",9999206746,0.957,8.13035e-05
"n_1200_c_10000000000_g_10_f_0.1_eps_1e-05_s_300",9999124577,1.014,9.01168e-05
"n_1200_c_10000000000_g_10_f_0.2_eps_0.0001_s_100",9999769588,0.0320001,2.41258e-05
"n_1200_c_10000000000_g_10_f_0.2_eps_0.0001_s_200",9999912334,0.354,1.09666e-05
"n_1200_c_10000000000_g_10_f_0.2_eps_0.0001_s_300",9999809555,0.316,2.24409e-05
"n_1200_c_10000000000_g_10_f_0.2_eps_0.001_s_100",9999389480,0.146,6.21304e-05
"n_1200_c_10000000000_g_10_f_0.2_eps_0.001_s_200",9999422662,3.658,5.96902e-05
"n_1200_c_10000000000_g_10_f_0.2_eps_0.001_s_300",9999446285,1.72,5.86275e-05
"n_1200_c_10000000000_g_10_f_0.2_eps_0.01_s_100",9999237126,32.748,7.71454e-05
"n_1200_c_10000000000_g_10_f_0.2_eps_0.01_s_200",9999253749,0.756,7.62404e-05
"n_1200_c_10000000000_g_10_f_0.2_eps_0.01_s_300",9999269384,12.029,7.55645e-05
"n_1200_c_10000000000_g_10_f_0.2_eps_0.1_s_100",9996107621,60.36,0.000389427
"n_1200_c_10000000000_g_10_f_0.2_eps_0.1_s_200",9996119631,60.012,0.000389102
"n_1200_c_10000000000_g_10_f_0.2_eps_0.1_s_300",9996132374,60.005,0.000386874
"n_1200_c_10000000000_g_10_f_0.2_eps_0_s_100",9980494045,60.006,0.00195548
"n_1200_c_10000000000_g_10_f_0.2_eps_0_s_200",9980522002,61.216,0.00195361
"n_1200_c_10000000000_g_10_f_0.2_eps_0_s_300",9980549974,60.018,0.00195212
"n_1200_c_10000000000_g_10_f_0.2_eps_1e-05_s_100",9999093654,2.684,9.17226e-05
"n_1200_c_10000000000_g_10_f_0.2_eps_1e-05_s_200",9999417578,13.96,6.04303e-05
"n_1200_c_10000000000_g_10_f_0.2_eps_1e-05_s_300",9999143774,6.803,8.87605e-05
"n_1200_c_10000000000_g_10_f_0.3_eps_0.0001_s_100",9999308497,0.0840001,7.02814e-05
"n_1200_c_10000000000_g_10_f_0.3_eps_0.0001_s_200",9999328067,0.174,6.9612e-05
"n_1200_c_10000000000_g_10_f_0.3_eps_0.0001_s_300",9999823275,0.101,2.13615e-05
"n_1200_c_10000000000_g_10_f_0.3_eps_0.001_s_100",9999554085,0.166,4.5749e-05
"n_1200_c_10000000000_g_10_f_0.3_eps_0.001_s_200",9999105986,0.0190001,9.18177e-05
"n_1200_c_10000000000_g_10_f_0.3_eps_0.001_s_300",9999592362,3.852,4.42254e-05
"n_1200_c_10000000000_g_10_f_0.3_eps_0.01_s_100",9999235204,3.082,7.74619e-05
"n_1200_c_10000000000_g_10_f_0.3_eps_0.01_s_200",9999261322,3.948,7.57032e-05
"n_1200_c_10000000000_g_10_f_0.3_eps_0.01_s_300",9999271074,5.212,7.58399e-05
"n_1200_c_10000000000_g_10_f_0.3_eps_0.1_s_100",9996113727,60.025,0.0003894
"n_1200_c_10000000000_g_10_f_0.3_eps_0.1_s_200",9996133524,60.007,0.000387224
"n_1200_c_10000000000_g_10_f_0.3_eps_0.1_s_300",9996151191,60.01,0.000385639
"n_1200_c_10000000000_g_10_f_0.3_eps_0_s_100",9980497689,60.021,0.00195196
"n_1200_c_10000000000_g_10_f_0.3_eps_0_s_200",9980532095,60.006,0.00195317
"n_1200_c_10000000000_g_10_f_0.3_eps_0_s_300",9980561766,60.009,0.00195098
"n_1200_c_10000000000_g_10_f_0.3_eps_1e-05_s_100",9999100196,7.027,9.11927e-05
"n_1200_c_10000000000_g_10_f_0.3_eps_1e-05_s_200",9999030998,5.89,9.94515e-05
"n_1200_c_10000000000_g_10_f_0.3_eps_1e-05_s_300",9999158211,8.9,8.78145e-05
"n_1200_c_10000000000_g_14_f_0.1_eps_0.0001_s_100",9999952223,0.017,6.17023e-06
"n_1200_c_10000000000_g_14_f_0.1_eps_0.0001_s_200",9999244143,0.00999999,7.80623e-05
"n_1200_c_10000000000_g_14_f_0.1_eps_0.0001_s_300",9999374429,0.00999999,6.63961e-05
"n_1200_c_10000000000_g_14_f_0.1_eps_0.001_s_100",9999973430,0.02,3.81959e-06
"n_1200_c_10000000000_g_14_f_0.1_eps_0.001_s_200",9999765541,0.00899982,2.59225e-05
"n_1200_c_10000000000_g_14_f_0.1_eps_0.001_s_300",9999169458,0.0280001,8.6685e-05
"n_1200_c_10000000000_g_14_f_0.1_eps_0.01_s_100",9999768042,0.0289998,2.39907e-05
"n_1200_c_10000000000_g_14_f_0.1_eps_0.01_s_200",9999974431,0.153,4.06829e-06
"n_1200_c_10000000000_g_14_f_0.1_eps_0.01_s_300",9999056147,0.121,9.66011e-05
"n_1200_c_10000000000_g_14_f_0.1_eps_0.1_s_100",9999762475,0.307,2.4001e-05
"n_1200_c_10000000000_g_14_f_0.1_eps_0.1_s_200",9999769712,0.85,2.36006e-05
"n_1200_c_10000000000_g_14_f_0.1_eps_0.1_s_300",9999771344,0.737,2.36657e-05
"n_1200_c_10000000000_g_14_f_0.1_eps_0_s_100",9998811204,60.799,0.000120135
"n_1200_c_10000000000_g_14_f_0.1_eps_0_s_200",9998842847,64.534,0.000118266
"n_1200_c_10000000000_g_14_f_0.1_eps_0_s_300",9998886121,61.314,0.00011556
"n_1200_c_10000000000_g_14_f_0.1_eps_1e-05_s_100",9999543045,0.0140002,4.70312e-05
"n_1200_c_10000000000_g_14_f_0.1_eps_1e-05_s_200",9999970374,0.0120001,5.48489e-06
"n_1200_c_10000000000_g_14_f_0.1_eps_1e-05_s_300",9999828246,0.00999999,2.12533e-05
"n_1200_c_10000000000_g_14_f_0.2_eps_0.0001_s_100",9999222810,0.0250001,7.90097e-05
"n_1200_c_10000000000_g_14_f_0.2_eps_0.0001_s_200",9999174663,0.0139999,8.55939e-05
"n_1200_c_10000000000_g_14_f_0.2_eps_0.0001_s_300",9999392425,0.0120001,6.48022e-05
"n_1200_c_10000000000_g_14_f_0.2_eps_0.001_s_100",9999421311,0.027,5.92227e-05
"n_1200_c_10000000000_g_14_f_0.2_eps_0.001_s_200",9999031951,0.00999999,9.94595e-05
"n_1200_c_10000000000_g_14_f_0.2_eps_0.001_s_300",9999754796,0.013,2.85805e-05
"n_1200_c_10000000000_g_14_f_0.2_eps_0.01_s_100",9999139766,0.518,8.69587e-05
"n_1200_c_10000000000_g_14_f_0.2_eps_0.01_s_200",9999055890,0.0370002,9.6306e-05
"n_1200_c_10000000000_g_14_f_0.2_eps_0.01_s_300",9999075195,0.0919998,9.51061e-05
"n_1200_c_10000000000_g_14_f_0.2_eps_0.1_s_100",9999768762,0.688,2.35967e-05
"n_1200_c_10000000000_g_14_f_0.2_eps_0.1_s_200",9999780316,0.02,2.30442e-05
"n_1200_c_10000000000_g_14_f_0.2_eps_0.1_s_300",9999795569,0.919,2.20272e-05
"n_1200_c_10000000000_g_14_f_0.2_eps_0_s_100",9998816948,61.104,0.000119656
"n_1200_c_10000000000_g_14_f_0.2_eps_0_s_200",9998853104,62.168,0.00011753
"n_1200_c_10000000000_g_14_f_0.2_eps_0_s_300",9998892837,61.765,0.000115025
"n_1200_c_10000000000_g_14_f_0.2_eps_1e-05_s_100",9999431033,0.016,5.83779e-05
"n_1200_c_10000000000_g_14_f_0.2_eps_1e-05_s_200",9999959665,0.0139999,6.74755e-06
"n_1200_c_10000000000_g_14_f_0.2_eps_1e-05_s_300",9999488496,0.0100002,5.52828e-05
"n_1200_c_10000000000_g_14_f_0.3_eps_0.0001_s_100",9999860621,0.0120001,1.55081e-05
"n_1200_c_10000000000_g_14_f_0.3_eps_0.0001_s_200",9999360857,0.046,6.69024e-05
"n_1200_c_10000000000_g_14_f_0.3_eps_0.0001_s_300",9999854051,0.00999999,1.90152e-05
"n_1200_c_10000000000_g_14_f_0.3_eps_0.001_s_100",9999997916,0.026,1.74332e-06
"n_1200_c_10000000000_g_14_f_0.3_eps_0.001_s_200",9999036297,0.0120001,9.90412e-05
"n_1200_c_10000000000_g_14_f_0.3_eps_0.001_s_300",9999176567,0.0100002,8.69782e-05
"n_1200_c_10000000000_g_14_f_0.3_eps_0.01_s_100",9999871770,0.0250001,1.39201e-05
"n_1200_c_10000000000_g_14_f_0.3_eps_0.01_s_200",9999987851,0.248,3.32049e-06
"n_1200_c_10000000000_g_14_f_0.3_eps_0.01_s_300",9999180906,0.017,8.52191e-05
"n_1200_c_10000000000_g_14_f_0.3_eps_0.1_s_100",9999773100,0.839,2.33116e-05
"n_1200_c_10000000000_g_14_f_0.3_eps_0.1_s_200",9999793432,0.731,2.20512e-05
"n_1200_c_10000000000_g_14_f_0.3_eps_0.1_s_300",9999809164,0.528,2.1053e-05
"n_1200_c_10000000000_g_14_f_0.3_eps_0_s_100",9998817984,60.008,0.000119684
"n_1200_c_10000000000_g_14_f_0.3_eps_0_s_200",9998864452,60.639,0.000116759
"n_1200_c_10000000000_g_14_f_0.3_eps_0_s_300",9998898047,60.043,0.000114855
"n_1200_c_10000000000_g_14_f_0.3_eps_1e-05_s_100",9999670002,0.00999999,3.44763e-05
"n_1200_c_10000000000_g_14_f_0.3_eps_1e-05_s_200",9999884894,0.0079999,1.44917e-05
"n_1200_c_10000000000_g_14_f_0.3_eps_1e-05_s_300",9999269281,0.0119998,7.77212e-05
"n_1200_c_10000000000_g_2_f_0.1_eps_0.0001_s_100",5001006147,0.00500011,0
"n_1200_c_10000000000_g_2_f_0.1_eps_0.0001_s_200",5001012365,0.00800014,0
"n_1200_c_10000000000_g_2_f_0.1_eps_0.0001_s_300",5001018461,0.0079999,0
"n_1200_c_10000000000_g_2_f_0.1_eps_0.001_s_100",5010005909,0.0079999,0
"n_1200_c_10000000000_g_2_f_0.1_eps_0.001_s_200",5010011791,0.0059998,5.98801e-10
"n_1200_c_10000000000_g_2_f_0.1_eps_0.001_s_300",5010018712,0.0059998,0
"n_1200_c_10000000000_g_2_f_0.1_eps_0.01_s_100",5100007036,0.0059998,0
"n_1200_c_10000000000_g_2_f_0.1_eps_0.01_s_200",5100011268,0.0079999,0
"n_1200_c_10000000000_g_2_f_0.1_eps_0.01_s_300",5100019018,0.00999999,0
"n_1200_c_10000000000_g_2_f_0.1_eps_0.1_s_100",6000005906,0.0059998,1.66667e-10
"n_1200_c_10000000000_g_2_f_0.1_eps_0.1_s_200",6000011797,0.0079999,3.33333e-10
"n_1200_c_10000000000_g_2_f_0.1_eps_0.1_s_300",6000018631,0.00700021,0
"n_1200_c_10000000000_g_2_f_0.1_eps_0_s_100",10000004580,0.016,0
"n_1200_c_10000000000_g_2_f_0.1_eps_0_s_200",10000007646,0.00999999,0
"n_1200_c_10000000000_g_2_f_0.1_eps_0_s_300",10000010936,0.0110002,0
"n_1200_c_10000000000_g_2_f_0.1_eps_1e-05_s_100",5000106255,0.00699997,3.99991e-10
"n_1200_c_10000000000_g_2_f_0.1_eps_1e-05_s_200",5000112474,0.00800014,0
"n_1200_c_10000000000_g_2_f_0.1_eps_1e-05_s_300",5000119369,0.00600004,0
"n_1200_c_10000000000_g_2_f_0.2_eps_0.0001_s_100",5001012676,0.00800014,0
"n_1200_c_10000000000_g_2_f_0.2_eps_0.0001_s_200",5001024290,0.00600004,0
"n_1200_c_10000000000_g_2_f_0.2_eps_0.0001_s_300",5001034211,0.0079999,0
"n_1200_c_10000000000_g_2_f_0.2_eps_0.001_s_100",5010012073,0.00600004,1.996e-10
"n_1200_c_10000000000_g_2_f_0.2_eps_0.001_s_200",5010024822,0.00999999,0
"n_1200_c_10000000000_g_2_f_0.2_eps_0.001_s_300",5010037343,0.00800014,0
"n_1200_c_10000000000_g_2_f_0.2_eps_0.01_s_100",5100011912,0.00600004,0
"n_1200_c_10000000000_g_2_f_0.2_eps_0.01_s_200",5100025696,0.00800014,0
"n_1200_c_10000000000_g_2_f_0.2_eps_0.01_s_300",5100036538,0.00999999,0
"n_1200_c_10000000000_g_2_f_0.2_eps_0.1_s_100",6000012719,0.00600004,1.66666e-10
"n_1200_c_10000000000_g_2_f_0.2_eps_0.1_s_200",6000023509,0.0079999,1.66666e-10
"n_1200_c_10000000000_g_2_f_0.2_eps_0.1_s_300",6000035326,0.00700021,0
"n_1200_c_10000000000_g_2_f_0.2_eps_0_s_100",10000008516,0.016,0
"n_1200_c_10000000000_g_2_f_0.2_eps_0_s_200",10000015241,0.0149999,0
"n_1200_c_10000000000_g_2_f_0.2_eps_0_s_300",10000025393,0.00999999,0
"n_1200_c_10000000000_g_2_f_0.2_eps_1e-05_s_100",5000112503,0.00600004,0
"n_1200_c_10000000000_g_2_f_0.2_eps_1e-05_s_200",5000123890,0.00800014,0
"n_1200_c_10000000000_g_2_f_0.2_eps_1e-05_s_300",5000134817,0.00800014,0
"n_1200_c_10000000000_g_2_f_0.3_eps_0.0001_s_100",5001017586,0.00600004,0
"n_1200_c_10000000000_g_2_f_0.3_eps_0.0001_s_200",5001034544,0.00999999,0
"n_1200_c_10000000000_g_2_f_0.3_eps_0.0001_s_300",5001056007,0.00999999,0
"n_1200_c_10000000000_g_2_f_0.3_eps_0.001_s_100",5010017780,0.0079999,0
"n_1200_c_10000000000_g_2_f_0.3_eps_0.001_s_200",5010036924,0.00800014,0
"n_1200_c_10000000000_g_2_f_0.3_eps_0.001_s_300",5010053407,0.00999999,0
"n_1200_c_10000000000_g_2_f_0.3_eps_0.01_s_100",5100018345,0.0059998,0
"n_1200_c_10000000000_g_2_f_0.3_eps_0.01_s_200",5100034995,0.00600004,0
"n_1200_c_10000000000_g_2_f_0.3_eps_0.01_s_300",5100055665,0.0119998,0
"n_1200_c_10000000000_g_2_f_0.3_eps_0.1_s_100",6000019375,0.0079999,3.33332e-10
"n_1200_c_10000000000_g_2_f_0.3_eps_0.1_s_200",6000037632,0.00999999,0
"n_1200_c_10000000000_g_2_f_0.3_eps_0.1_s_300",6000052765,0.0120001,0
"n_1200_c_10000000000_g_2_f_0.3_eps_0_s_100",10000012904,0.0100002,0
"n_1200_c_10000000000_g_2_f_0.3_eps_0_s_200",10000024896,0.00999999,0
"n_1200_c_10000000000_g_2_f_0.3_eps_0_s_300",10000039893,0.00999999,0
"n_1200_c_10000000000_g_2_f_0.3_eps_1e-05_s_100",5000118147,0.00600004,0
"n_1200_c_10000000000_g_2_f_0.3_eps_1e-05_s_200",5000136647,0.0079999,1.99995e-10
"n_1200_c_10000000000_g_2_f_0.3_eps_1e-05_s_300",5000156208,0.00999999,0
"n_1200_c_10000000000_g_6_f_0.1_eps_0.0001_s_100",9718509397,65.719,0.0289645
"n_1200_c_10000000000_g_6_f_0.1_eps_0.0001_s_200",9718519217,60.019,0.0289643
"n_1200_c_10000000000_g_6_f_0.1_eps_0.0001_s_300",9718528110,62.013,0.0289636
"n_1200_c_10000000000_g_6_f_0.1_eps_0.001_s_100",9997508589,60.008,0.000249464
"n_1200_c_10000000000_g_6_f_0.1_eps_0.001_s_200",9997517948,60.51,0.000248859
"n_1200_c_10000000000_g_6_f_0.1_eps_0.001_s_300",9997525639,60.019,0.000248532
"n_1200_c_10000000000_g_6_f_0.1_eps_0.01_s_100",9975006790,64.519,0.00250597
"n_1200_c_10000000000_g_6_f_0.1_eps_0.01_s_200",9975013375,60.007,0.0025055
"n_1200_c_10000000000_g_6_f_0.1_eps_0.01_s_300",9975019226,60.008,0.00250549
"n_1200_c_10000000000_g_6_f_0.1_eps_0.1_s_100",10000006123,0.909,1.8288e-07
"n_1200_c_10000000000_g_6_f_0.1_eps_0.1_s_200",10000009191,10.848,4.9557e-08
"n_1200_c_10000000000_g_6_f_0.1_eps_0.1_s_300",10000014129,1.298,8.65576e-08
"n_1200_c_10000000000_g_6_f_0.1_eps_0_s_100",10000006617,0.013,0
"n_1200_c_10000000000_g_6_f_0.1_eps_0_s_200",10000013161,0.0580001,6.00001e-10
"n_1200_c_10000000000_g_6_f_0.1_eps_0_s_300",9687526822,61.213,0.0322564
"n_1200_c_10000000000_g_6_f_0.1_eps_1e-05_s_100",9690608830,60.019,0.0319273
"n_1200_c_10000000000_g_6_f_0.1_eps_1e-05_s_200",9690617136,60.017,0.0319265
"n_1200_c_10000000000_g_6_f_0.1_eps_1e-05_s_300",9690626639,60.01,0.0319261
"n_1200_c_10000000000_g_6_f_0.2_eps_0.0001_s_100",9718514646,60.098,0.0289641
"n_1200_c_10000000000_g_6_f_0.2_eps_0.0001_s_200",9718531814,60.018,0.0289632
"n_1200_c_10000000000_g_6_f_0.2_eps_0.0001_s_300",9718542599,60.181,0.0289624
"n_1200_c_10000000000_g_6_f_0.2_eps_0.001_s_100",9997514978,60.018,0.000248974
"n_1200_c_10000000000_g_6_f_0.2_eps_0.001_s_200",9997530713,60.005,0.00024808
"n_1200_c_10000000000_g_6_f_0.2_eps_0.001_s_300",9997544214,60.027,0.00024741
"n_1200_c_10000000000_g_6_f_0.2_eps_0.01_s_100",9975012652,60.014,0.00250558
"n_1200_c_10000000000_g_6_f_0.2_eps_0.01_s_200",9975026123,60.011,0.00250466
"n_1200_c_10000000000_g_6_f_0.2_eps_0.01_s_300",9975037191,60.01,0.00250425
"n_1200_c_10000000000_g_6_f_0.2_eps_0.1_s_100",10000009487,3.025,3.28095e-08
"n_1200_c_10000000000_g_6_f_0.2_eps_0.1_s_200",10000016629,3.125,6.17188e-08
"n_1200_c_10000000000_g_6_f_0.2_eps_0.1_s_300",10000022997,4.059,1.37085e-07
"n_1200_c_10000000000_g_6_f_0.2_eps_0_s_100",10000010304,0.0120001,0
"n_1200_c_10000000000_g_6_f_0.2_eps_0_s_200",9687529643,60.019,0.0322561
"n_1200_c_10000000000_g_6_f_0.2_eps_0_s_300",9687543816,60.008,0.0322552
"n_1200_c_10000000000_g_6_f_0.2_eps_1e-05_s_100",9690614045,67.709,0.0319269
"n_1200_c_10000000000_g_6_f_0.2_eps_1e-05_s_200",9690631481,60.464,0.0319257
"n_1200_c_10000000000_g_6_f_0.2_eps_1e-05_s_300",9690646214,60.006,0.0319248
"n_1200_c_10000000000_g_6_f_0.3_eps_0.0001_s_100",9718521732,60.359,0.0289636
"n_1200_c_10000000000_g_6_f_0.3_eps_0.0001_s_200",9718542986,61.455,0.0289627
"n_1200_c_10000000000_g_6_f_0.3_eps_0.0001_s_300",9718565139,60.941,0.0289609
"n_1200_c_10000000000_g_6_f_0.3_eps_0.001_s_100",9997519692,60.009,0.000248619
"n_1200_c_10000000000_g_6_f_0.3_eps_0.001_s_200",9997542045,61.23,0.000247146
"n_1200_c_10000000000_g_6_f_0.3_eps_0.001_s_300",9997563381,60.005,0.00024621
"n_1200_c_10000000000_g_6_f_0.3_eps_0.01_s_100",9975019377,60.022,0.00250504
"n_1200_c_10000000000_g_6_f_0.3_eps_0.01_s_200",9975038116,60.015,0.00250402
"n_1200_c_10000000000_g_6_f_0.3_eps_0.01_s_300",9975056627,60.029,0.00250291
"n_1200_c_10000000000_g_6_f_0.3_eps_0.1_s_100",10000012811,5.185,3.53571e-08
"n_1200_c_10000000000_g_6_f_0.3_eps_0.1_s_200",10000025054,1.015,5.66142e-08
"n_1200_c_10000000000_g_6_f_0.3_eps_0.1_s_300",10000037042,11.05,7.25299e-08
"n_1200_c_10000000000_g_6_f_0.3_eps_0_s_100",10000014061,0.116,4.00001e-10
"n_1200_c_10000000000_g_6_f_0.3_eps_0_s_200",9687540549,60.005,0.0322553
"n_1200_c_10000000000_g_6_f_0.3_eps_0_s_300",9687561585,60.012,0.0322539
"n_1200_c_10000000000_g_6_f_0.3_eps_1e-05_s_100",9690620872,60.034,0.0319261
"n_1200_c_10000000000_g_6_f_0.3_eps_1e-05_s_200",9690641069,60.007,0.0319252
"n_1200_c_10000000000_g_6_f_0.3_eps_1e-05_s_300",9690664476,60.018,0.0319233
"n_1200_c_100000000_g_10_f_0.1_eps_0.0001_s_100",100009381,0.264,4.79669e-07
"n_1200_c_100000000_g_10_f_0.1_eps_0.0001_s_200",100012590,0.247,5.35913e-05
"n_1200_c_100000000_g_10_f_0.1_eps_0.0001_s_300",100021818,0.0249999,7.83404e-05
"n_1200_c_100000000_g_10_f_0.1_eps_0.001_s_100",100000209,6.012,8.3405e-05
"n_1200_c_100000000_g_10_f_0.1_eps_0.001_s_200",100009673,0.264,7.98802e-05
"n_1200_c_100000000_g_10_f_0.1_eps_0.001_s_300",100018639,0.241,8.06336e-05
"n_1200_c_100000000_g_10_f_0.1_eps_0.01_s_100",99996218,6.583,9.99658e-05
"n_1200_c_100000000_g_10_f_0.1_eps_0.01_s_200",100003823,0.213,8.05627e-05
"n_1200_c_100000000_g_10_f_0.1_eps_0.01_s_300",100012201,0.229,5.11878e-05
"n_1200_c_100000000_g_10_f_0.1_eps_0.1_s_100",99968643,61.411,0.000342766
"n_1200_c_100000000_g_10_f_0.1_eps_0.1_s_200",99974872,60.013,0.000305375
"n_1200_c_100000000_g_10_f_0.1_eps_0.1_s_300",99981667,60.008,0.00027418
"n_1200_c_100000000_g_10_f_0.1_eps_0_s_100",99826161,60.027,0.00175941
"n_1200_c_100000000_g_10_f_0.1_eps_0_s_200",99849612,60.008,0.00170742
"n_1200_c_100000000_g_10_f_0.1_eps_0_s_300",99869977,60.028,0.00158733
"n_1200_c_100000000_g_10_f_0.1_eps_1e-05_s_100",99999563,0.327,9.98359e-05
"n_1200_c_100000000_g_10_f_0.1_eps_1e-05_s_200",100012282,0.146,7.22572e-05
"n_1200_c_100000000_g_10_f_0.1_eps_1e-05_s_300",100020551,0.05,9.73726e-05
"n_1200_c_100000000_g_10_f_0.2_eps_0.0001_s_100",100007198,0.0369999,4.19855e-05
"n_1200_c_100000000_g_10_f_0.2_eps_0.0001_s_200",100014966,0.033,7.00461e-05
"n_1200_c_100000000_g_10_f_0.2_eps_0.0001_s_300",100029184,0.219,2.18688e-05
"n_1200_c_100000000_g_10_f_0.2_eps_0.001_s_100",100003821,3.439,6.52771e-05
"n_1200_c_100000000_g_10_f_0.2_eps_0.001_s_200",100013377,1.036,9.64907e-05
"n_1200_c_100000000_g_10_f_0.2_eps_0.001_s_300",100025518,0.211,6.57717e-05
"n_1200_c_100000000_g_10_f_0.2_eps_0.01_s_100",99999094,0.106,9.39578e-05
"n_1200_c_100000000_g_10_f_0.2_eps_0.01_s_200",100014318,0.0210001,1.65752e-05
"n_1200_c_100000000_g_10_f_0.2_eps_0.01_s_300",100021337,0.554,1.95084e-06
"n_1200_c_100000000_g_10_f_0.2_eps_0.1_s_100",99973635,60.03,0.000310552
"n_1200_c_100000000_g_10_f_0.2_eps_0.1_s_200",99986550,60.01,0.00022426
"n_1200_c_100000000_g_10_f_0.2_eps_0.1_s_300",100001780,60.01,0.000137502
"n_1200_c_100000000_g_10_f_0.2_eps_0_s_100",99831807,60.009,0.00179065
"n_1200_c_100000000_g_10_f_0.2_eps_0_s_200",99857425,60.053,0.00153429
"n_1200_c_100000000_g_10_f_0.2_eps_0_s_300",99887959,60.02,0.00146687
"n_1200_c_100000000_g_10_f_0.2_eps_1e-05_s_100",100000911,4.654,9.51087e-05
"n_1200_c_100000000_g_10_f_0.2_eps_1e-05_s_200",100012961,0.22,8.40388e-05
"n_1200_c_100000000_g_10_f_0.2_eps_1e-05_s_300",100022607,0.221,9.43673e-05
"n_1200_c_100000000_g_10_f_0.3_eps_0.0001_s_100",100004055,0.102,6.97381e-05
"n_1200_c_100000000_g_10_f_0.3_eps_0.0001_s_200",100014355,1.948,7.77723e-05
"n_1200_c_100000000_g_10_f_0.3_eps_0.0001_s_300",100031168,0.013,2.57981e-05
"n_1200_c_100000000_g_10_f_0.3_eps_0.001_s_100",100012032,2.894,2.51246e-06
"n_1200_c_100000000_g_10_f_0.3_eps_0.001_s_200",100012462,0.127,9.63103e-05
"n_1200_c_100000000_g_10_f_0.3_eps_0.001_s_300",100027968,3.138,8.04863e-05
"n_1200_c_100000000_g_10_f_0.3_eps_0.01_s_100",100002590,0.14,6.61037e-05
"n_1200_c_100000000_g_10_f_0.3_eps_0.01_s_200",100021107,0.895,1.83888e-06
"n_1200_c_100000000_g_10_f_0.3_eps_0.01_s_300",100023171,0.278,7.16223e-05
"n_1200_c_100000000_g_10_f_0.3_eps_0.1_s_100",99978909,60.006,0.000267571
"n_1200_c_100000000_g_10_f_0.3_eps_0.1_s_200",100000136,60.01,0.000139949
"n_1200_c_100000000_g_10_f_0.3_eps_0.1_s_300",100009539,0.549,9.15662e-05
"n_1200_c_100000000_g_10_f_0.3_eps_0_s_100",99836190,60.028,0.0017692
"n_1200_c_100000000_g_10_f_0.3_eps_0_s_200",99867470,60.357,0.00155293
"n_1200_c_100000000_g_10_f_0.3_eps_0_s_300",99901635,60.024,0.00135063
"n_1200_c_100000000_g_10_f_0.3_eps_1e-05_s_100",100002193,3.905,9.00761e-05
"n_1200_c_100000000_g_10_f_0.3_eps_1e-05_s_200",100016423,13.84,7.7332e-05
"n_1200_c_100000000_g_10_f_0.3_eps_1e-05_s_300",100026398,0.367,7.57928e-05
"n_1200_c_100000000_g_14_f_0.1_eps_0.0001_s_100",100004335,0.0120001,9.32307e-05
"n_1200_c_100000000_g_14_f_0.1_eps_0.0001_s_200",100023090,0.00999999,3.29435e-05
"n_1200_c_100000000_g_14_f_0.1_eps_0.0001_s_300",100032785,0.0139999,8.00359e-05
"n_1200_c_100000000_g_14_f_0.1_eps_0.001_s_100",100002284,0.017,9.34419e-05
"n_1200_c_100000000_g_14_f_0.1_eps_0.001_s_200",100017286,0.0149999,6.11832e-05
"n_1200_c_100000000_g_14_f_0.1_eps_0.001_s_300",100033806,0.0140002,1.39512e-05
"n_1200_c_100000000_g_14_f_0.1_eps_0.01_s_100",100002311,0.0170002,4.86716e-05
"n_1200_c_100000000_g_14_f_0.1_eps_0.01_s_200",100011856,0.04,3.48965e-05
"n_1200_c_100000000_g_14_f_0.1_eps_0.01_s_300",100023075,0.016,5.30154e-06
"n_1200_c_100000000_g_14_f_0.1_eps_0.1_s_100",100001782,1.721,1.17088e-05
"n_1200_c_100000000_g_14_f_0.1_eps_0.1_s_200",99996865,0.727,7.96119e-05
"n_1200_c_100000000_g_14_f_0.1_eps_0.1_s_300",100003446,0.076,4.95664e-05
"n_1200_c_100000000_g_14_f_0.1_eps_0_s_100",100012532,0.016,8.95028e-06
"n_1200_c_100000000_g_14_f_0.1_eps_0_s_200",100023682,0.00999999,3.23231e-05
"n_1200_c_100000000_g_14_f_0.1_eps_0_s_300",100033933,0.00999999,2.98384e-05
"n_1200_c_100000000_g_14_f_0.1_eps_1e-05_s_100",100004397,0.00999999,8.0231e-05
"n_1200_c_100000000_g_14_f_0.1_eps_1e-05_s_200",100022632,0.0119998,2.23712e-05
"n_1200_c_100000000_g_14_f_0.1_eps_1e-05_s_300",100031240,0.016,9.5763e-05
"n_1200_c_100000000_g_14_f_0.2_eps_0.0001_s_100",100010277,0.0109999,3.87827e-05
"n_1200_c_100000000_g_14_f_0.2_eps_0.0001_s_200",100028942,0.0139999,3.08927e-06
"n_1200_c_100000000_g_14_f_0.2_eps_0.0001_s_300",100044082,0.0139999,2.97439e-06
"n_1200_c_100000000_g_14_f_0.2_eps_0.001_s_100",100003830,0.0539999,9.90224e-05
"n_1200_c_100000000_g_14_f_0.2_eps_0.001_s_200",100019127,0.0149999,8.35487e-05
"n_1200_c_100000000_g_14_f_0.2_eps_0.001_s_300",100028641,0.0149999,9.35612e-05
"n_1200_c_100000000_g_14_f_0.2_eps_0.01_s_100",100007501,0.023,2.04134e-05
"n_1200_c_100000000_g_14_f_0.2_eps_0.01_s_200",100008393,0.0149999,8.14283e-05
"n_1200_c_100000000_g_14_f_0.2_eps_0.01_s_300",100025802,0.0139999,9.06016e-06
"n_1200_c_100000000_g_14_f_0.2_eps_0.1_s_100",99999056,0.345,5.8607e-05
"n_1200_c_100000000_g_14_f_0.2_eps_0.1_s_200",100006946,0.608,2.10759e-05
"n_1200_c_100000000_g_14_f_0.2_eps_0.1_s_300",100015706,0.289,1.73119e-05
"n_1200_c_100000000_g_14_f_0.2_eps_0_s_100",100012314,0.0150001,7.32867e-06
"n_1200_c_100000000_g_14_f_0.2_eps_0_s_200",100024863,0.0140002,4.25236e-05
"n_1200_c_100000000_g_14_f_0.2_eps_0_s_300",100030499,0.016,8.88175e-05
"n_1200_c_100000000_g_14_f_0.2_eps_1e-05_s_100",100004589,0.0110002,8.79443e-05
"n_1200_c_100000000_g_14_f_0.2_eps_1e-05_s_200",100021866,0.0119998,5.03018e-05
"n_1200_c_100000000_g_14_f_0.2_eps_1e-05_s_300",100041635,0.0149999,2.62722e-06
"n_1200_c_100000000_g_14_f_0.3_eps_0.0001_s_100",100009289,0.0270002,4.63025e-05
"n_1200_c_100000000_g_14_f_0.3_eps_0.0001_s_200",100026268,0.016,2.45482e-05
"n_1200_c_100000000_g_14_f_0.3_eps_0.0001_s_300",100047898,0.0150001,8.80785e-07
"n_1200_c_100000000_g_14_f_0.3_eps_0.001_s_100",100013175,0.059,1.55205e-06
"n_1200_c_100000000_g_14_f_0.3_eps_0.001_s_200",100018645,0.0150001,9.38397e-05
"n_1200_c_100000000_g_14_f_0.3_eps_0.001_s_300",100045888,0.029,1.67801e-05
"n_1200_c_100000000_g_14_f_0.3_eps_0.01_s_100",100008483,0.016,2.35157e-05
"n_1200_c_100000000_g_14_f_0.3_eps_0.01_s_200",100012169,0.00999999,9.84012e-05
"n_1200_c_100000000_g_14_f_0.3_eps_0.01_s_300",100031073,0.0139999,6.35513e-06
"n_1200_c_100000000_g_14_f_0.3_eps_0.1_s_100",100004093,0.288,2.98933e-05
"n_1200_c_100000000_g_14_f_0.3_eps_0.1_s_200",100012527,0.626,1.00504e-05
"n_1200_c_100000000_g_14_f_0.3_eps_0.1_s_300",100018142,0.947,3.06966e-05
"n_1200_c_100000000_g_14_f_0.3_eps_0_s_100",100004230,0.00999999,9.664e-05
"n_1200_c_100000000_g_14_f_0.3_eps_0_s_200",100019757,0.0140002,9.36217e-05
"n_1200_c_100000000_g_14_f_0.3_eps_0_s_300",100040440,0.0109999,5.79291e-05
"n_1200_c_100000000_g_14_f_0.3_eps_1e-05_s_100",100010412,0.0120001,4.20522e-05
"n_1200_c_100000000_g_14_f_0.3_eps_1e-05_s_200",100027421,0.00999999,2.77665e-05
"n_1200_c_100000000_g_14_f_0.3_eps_1e-05_s_300",100040254,0.0119998,3.96973e-05
"n_1200_c_100000000_g_2_f_0.1_eps_0.0001_s_100",50016160,0.00600004,0
"n_1200_c_100000000_g_2_f_0.1_eps_0.0001_s_200",50020758,0.00399995,0
"n_1200_c_100000000_g_2_f_0.1_eps_0.0001_s_300",50027372,0.00299978,0
"n_1200_c_100000000_g_2_f_0.1_eps_0.001_s_100",50106076,0.00499988,0
"n_1200_c_100000000_g_2_f_0.1_eps_0.001_s_200",50113029,0.00399995,0
"n_1200_c_100000000_g_2_f_0.1_eps_0.001_s_300",50116494,0.00400019,0
"n_1200_c_100000000_g_2_f_0.1_eps_0.01_s_100",51006034,0.00600004,0
"n_1200_c_100000000_g_2_f_0.1_eps_0.01_s_200",51011341,0.00399995,0
"n_1200_c_100000000_g_2_f_0.1_eps_0.01_s_300",51017778,0.00399995,0
"n_1200_c_100000000_g_2_f_0.1_eps_0.1_s_100",60005849,0.00399995,0
"n_1200_c_100000000_g_2_f_0.1_eps_0.1_s_200",60012892,0.00600004,0
"n_1200_c_100000000_g_2_f_0.1_eps_0.1_s_300",60019609,0.00499988,0
"n_1200_c_100000000_g_2_f_0.1_eps_0_s_100",50006466,0.0250001,0
"n_1200_c_100000000_g_2_f_0.1_eps_0_s_200",50012257,3.72,0
"n_1200_c_100000000_g_2_f_0.1_eps_0_s_300",50018014,2.523,0
"n_1200_c_100000000_g_2_f_0.1_eps_1e-05_s_100",50007420,0.00400019,0
"n_1200_c_100000000_g_2_f_0.1_eps_1e-05_s_200",50013993,0.00399995,0
"n_1200_c_100000000_g_2_f_0.1_eps_1e-05_s_300",50020508,0.0079999,0
"n_1200_c_100000000_g_2_f_0.2_eps_0.0001_s_100",50022919,0.00399995,1.79918e-07
"n_1200_c_100000000_g_2_f_0.2_eps_0.0001_s_200",50035020,0.00399995,0
"n_1200_c_100000000_g_2_f_0.2_eps_0.0001_s_300",50047874,0.00600004,0
"n_1200_c_100000000_g_2_f_0.2_eps_0.001_s_100",50111709,0.00600004,0
"n_1200_c_100000000_g_2_f_0.2_eps_0.001_s_200",50124275,0.00300002,3.99008e-08
"n_1200_c_100000000_g_2_f_0.2_eps_0.001_s_300",50133410,0.00800014,0
"n_1200_c_100000000_g_2_f_0.2_eps_0.01_s_100",51012043,0.00400019,0
"n_1200_c_100000000_g_2_f_0.2_eps_0.01_s_200",51023815,0.00200009,0
"n_1200_c_100000000_g_2_f_0.2_eps_0.01_s_300",51036397,0.00699997,5.87816e-08
"n_1200_c_100000000_g_2_f_0.2_eps_0.1_s_100",60011685,0.0079999,0
"n_1200_c_100000000_g_2_f_0.2_eps_0.1_s_200",60024741,0.00500011,0
"n_1200_c_100000000_g_2_f_0.2_eps_0.1_s_300",60035911,0.00400019,0
"n_1200_c_100000000_g_2_f_0.2_eps_0_s_100",50012419,0.0999999,0
"n_1200_c_100000000_g_2_f_0.2_eps_0_s_200",50025989,0.901,0
"n_1200_c_100000000_g_2_f_0.2_eps_0_s_300",50035404,1.808,0
"n_1200_c_100000000_g_2_f_0.2_eps_1e-05_s_100",50012761,0.00399995,3.99898e-08
"n_1200_c_100000000_g_2_f_0.2_eps_1e-05_s_200",50025628,0.00600004,0
"n_1200_c_100000000_g_2_f_0.2_eps_1e-05_s_300",50036644,0.00600004,0
"n_1200_c_100000000_g_2_f_0.3_eps_0.0001_s_100",50028008,0.00800014,0
"n_1200_c_100000000_g_2_f_0.3_eps_0.0001_s_200",50045636,0.00800014,0
"n_1200_c_100000000_g_2_f_0.3_eps_0.0001_s_300",50062024,0.00399995,0
"n_1200_c_100000000_g_2_f_0.3_eps_0.001_s_100",50118120,0.00399995,1.99529e-08
"n_1200_c_100000000_g_2_f_0.3_eps_0.001_s_200",50136498,0.00600004,1.99455e-08
"n_1200_c_100000000_g_2_f_0.3_eps_0.001_s_300",50157634,0.00600004,3.98743e-08
"n_1200_c_100000000_g_2_f_0.3_eps_0.01_s_100",51018427,0.0059998,0
"n_1200_c_100000000_g_2_f_0.3_eps_0.01_s_200",51035606,0.00500011,3.91883e-08
"n_1200_c_100000000_g_2_f_0.3_eps_0.01_s_300",51055809,0.00600004,0
"n_1200_c_100000000_g_2_f_0.3_eps_0.1_s_100",60017360,0.00500011,0
"n_1200_c_100000000_g_2_f_0.3_eps_0.1_s_200",60036199,0.00699997,0
"n_1200_c_100000000_g_2_f_0.3_eps_0.1_s_300",60054309,0.0079999,0
"n_1200_c_100000000_g_2_f_0.3_eps_0_s_100",50018157,0.111,0
"n_1200_c_100000000_g_2_f_0.3_eps_0_s_200",50037797,2.183,0
"n_1200_c_100000000_g_2_f_0.3_eps_0_s_300",50051416,1.335,0
"n_1200_c_100000000_g_2_f_0.3_eps_1e-05_s_100",50018729,0.00199986,0
"n_1200_c_100000000_g_2_f_0.3_eps_1e-05_s_200",50038039,0.0079999,0
"n_1200_c_100000000_g_2_f_0.3_eps_1e-05_s_300",50053610,0.00600004,3.99572e-08
"n_1200_c_100000000_g_6_f_0.1_eps_0.0001_s_100",97193705,60.011,0.0244272
"n_1200_c_100000000_g_6_f_0.1_eps_0.0001_s_200",97203014,60.213,0.0243172
"n_1200_c_100000000_g_6_f_0.1_eps_0.0001_s_300",97212292,60.024,0.0248639
"n_1200_c_100000000_g_6_f_0.1_eps_0.001_s_100",99983692,60.044,0.000198368
"n_1200_c_100000000_g_6_f_0.1_eps_0.001_s_200",99992219,60.011,0.000155807
"n_1200_c_100000000_g_6_f_0.1_eps_0.001_s_300",100001040,60.046,0.000107152
"n_1200_c_100000000_g_6_f_0.1_eps_0.01_s_100",99756368,60.016,0.00122561
"n_1200_c_100000000_g_6_f_0.1_eps_0.01_s_200",99763897,60.008,0.00182553
"n_1200_c_100000000_g_6_f_0.1_eps_0.01_s_300",99769681,60.008,0.00209914
"n_1200_c_100000000_g_6_f_0.1_eps_0.1_s_100",99381421,60.008,0.0062496
"n_1200_c_100000000_g_6_f_0.1_eps_0.1_s_200",99388147,60.005,0.00620774
"n_1200_c_100000000_g_6_f_0.1_eps_0.1_s_300",99394647,60.009,0.00617071
"n_1200_c_100000000_g_6_f_0.1_eps_0_s_100",96883804,60.015,0.0322044
"n_1200_c_100000000_g_6_f_0.1_eps_0_s_200",96892373,60.017,0.0321567
"n_1200_c_100000000_g_6_f_0.1_eps_0_s_300",96901140,60.014,0.032095
"n_1200_c_100000000_g_6_f_0.1_eps_1e-05_s_100",96915217,60.024,0.0277036
"n_1200_c_100000000_g_6_f_0.1_eps_1e-05_s_200",96923046,60.723,0.0279377
"n_1200_c_100000000_g_6_f_0.1_eps_1e-05_s_300",96931140,60.011,0.0291841
"n_1200_c_100000000_g_6_f_0.2_eps_0.0001_s_100",97200599,60.018,0.0248653
"n_1200_c_100000000_g_6_f_0.2_eps_0.0001_s_200",97215541,60.019,0.0243102
"n_1200_c_100000000_g_6_f_0.2_eps_0.0001_s_300",97231488,60.011,0.0286668
"n_1200_c_100000000_g_6_f_0.2_eps_0.001_s_100",99990432,60.031,0.0001579
"n_1200_c_100000000_g_6_f_0.2_eps_0.001_s_200",100004141,0.0120001,7.41213e-05
"n_1200_c_100000000_g_6_f_0.2_eps_0.001_s_300",100008804,0.00800014,8.69262e-05
"n_1200_c_100000000_g_6_f_0.2_eps_0.01_s_100",99762066,60.137,0.00243423
"n_1200_c_100000000_g_6_f_0.2_eps_0.01_s_200",99774994,60.068,0.0023032
"n_1200_c_100000000_g_6_f_0.2_eps_0.01_s_300",99787091,60.006,0.00228738
"n_1200_c_100000000_g_6_f_0.2_eps_0.1_s_100",99387382,60.013,0.0062107
"n_1200_c_100000000_g_6_f_0.2_eps_0.1_s_200",99398084,60.023,0.00613204
"n_1200_c_100000000_g_6_f_0.2_eps_0.1_s_300",99410185,60.01,0.00606543
"n_1200_c_100000000_g_6_f_0.2_eps_0_s_100",96890196,60.021,0.0321564
"n_1200_c_100000000_g_6_f_0.2_eps_0_s_200",96904029,60.012,0.0319726
"n_1200_c_100000000_g_6_f_0.2_eps_0_s_300",96917201,60.004,0.0319759
"n_1200_c_100000000_g_6_f_0.2_eps_1e-05_s_100",96921966,60.01,0.0277366
"n_1200_c_100000000_g_6_f_0.2_eps_1e-05_s_200",96936829,60.025,0.031632
"n_1200_c_100000000_g_6_f_0.2_eps_1e-05_s_300",96951525,61.438,0.0285276
"n_1200_c_100000000_g_6_f_0.3_eps_0.0001_s_100",97205520,60.022,0.0288232
"n_1200_c_100000000_g_6_f_0.3_eps_0.0001_s_200",97225379,60.005,0.0286806
"n_1200_c_100000000_g_6_f_0.3_eps_0.0001_s_300",97248114,60.771,0.0285513
"n_1200_c_100000000_g_6_f_0.3_eps_0.001_s_100",99995415,60.012,0.000119957
"n_1200_c_100000000_g_6_f_0.3_eps_0.001_s_200",100007315,0.149,8.83843e-05
"n_1200_c_100000000_g_6_f_0.3_eps_0.001_s_300",100016704,0.00900006,6.21923e-05
"n_1200_c_100000000_g_6_f_0.3_eps_0.01_s_100",99768183,60.012,0.00238381
"n_1200_c_100000000_g_6_f_0.3_eps_0.01_s_200",99788666,60.005,0.00222683
"n_1200_c_100000000_g_6_f_0.3_eps_0.01_s_300",99803346,60.015,0.00213443
"n_1200_c_100000000_g_6_f_0.3_eps_0.1_s_100",99394265,60.006,0.00616093
"n_1200_c_100000000_g_6_f_0.3_eps_0.1_s_200",99409537,60.006,0.0060586
"n_1200_c_100000000_g_6_f_0.3_eps_0.1_s_300",99431454,60.01,0.00591678
"n_1200_c_100000000_g_6_f_0.3_eps_0_s_100",96895775,60.006,0.0320746
"n_1200_c_100000000_g_6_f_0.3_eps_0_s_200",96917439,60.013,0.0318538
"n_1200_c_100000000_g_6_f_0.3_eps_0_s_300",100003806,10.869,4.2134e-06
"n_1200_c_100000000_g_6_f_0.3_eps_1e-05_s_100",96927250,60.015,0.0283865
"n_1200_c_100000000_g_6_f_0.3_eps_1e-05_s_200",96947638,60.008,0.0300807
"n_1200_c_100000000_g_6_f_0.3_eps_1e-05_s_300",96968853,60.016,0.0288778
"n_1200_c_1000000_g_10_f_0.1_eps_0.0001_s_100",1009180,0.017,5.98394e-05
"n_1200_c_1000000_g_10_f_0.1_eps_0.0001_s_200",1018900,0.016,5.87603e-05
"n_1200_c_1000000_g_10_f_0.1_eps_0.0001_s_300",1028212,0.0150001,4.21353e-05
"n_1200_c_1000000_g_10_f_0.1_eps_0.001_s_100",1009336,0.0179999,7.55627e-05
"n_1200_c_1000000_g_10_f_0.1_eps_0.001_s_200",1018272,0.036,2.67573e-05
"n_1200_c_1000000_g_10_f_0.1_eps_0.001_s_300",1024978,0.02,8.97929e-05
"n_1200_c_1000000_g_10_f_0.1_eps_0.01_s_100",1006122,0.0270002,2.26152e-05
"n_1200_c_1000000_g_10_f_0.1_eps_0.01_s_200",1012665,0.016,3.33811e-05
"n_1200_c_1000000_g_10_f_0.1_eps_0.01_s_300",1018138,0.0470002,5.55112e-05
"n_1200_c_1000000_g_10_f_0.1_eps_0.1_s_100",1002542,0.216,7.88004e-05
"n_1200_c_1000000_g_10_f_0.1_eps_0.1_s_200",1005261,0.02,3.6469e-05
"n_1200_c_1000000_g_10_f_0.1_eps_0.1_s_300",1007714,0.187,9.05707e-05
"n_1200_c_1000000_g_10_f_0.1_eps_0_s_100",1009278,0.02,4.55238e-05
"n_1200_c_1000000_g_10_f_0.1_eps_0_s_200",1017499,0.095,7.35354e-05
"n_1200_c_1000000_g_10_f_0.1_eps_0_s_300",1026547,0.016,5.7163e-05
"n_1200_c_1000000_g_10_f_0.1_eps_1e-05_s_100",1009033,0.0139999,6.52811e-05
"n_1200_c_1000000_g_10_f_0.1_eps_1e-05_s_200",1018395,0.0799999,8.27531e-05
"n_1200_c_1000000_g_10_f_0.1_eps_1e-05_s_300",1026416,0.0150001,6.62436e-05
"n_1200_c_1000000_g_10_f_0.2_eps_0.0001_s_100",1010820,0.02,7.84721e-05
"n_1200_c_1000000_g_10_f_0.2_eps_0.0001_s_200",1020263,0.0150001,1.94948e-05
"n_1200_c_1000000_g_10_f_0.2_eps_0.0001_s_300",1031175,0.0179999,1.57854e-05
"n_1200_c_1000000_g_10_f_0.2_eps_0.001_s_100",1010847,0.0149999,2.75263e-05
"n_1200_c_1000000_g_10_f_0.2_eps_0.001_s_200",1019912,0.016,2.37176e-05
"n_1200_c_1000000_g_10_f_0.2_eps_0.001_s_300",1031662,0.016,9.78381e-05
"n_1200_c_1000000_g_10_f_0.2_eps_0.01_s_100",1008580,0.0179999,4.62473e-05
"n_1200_c_1000000_g_10_f_0.2_eps_0.01_s_200",1014946,0.00999999,4.25915e-05
"n_1200_c_1000000_g_10_f_0.2_eps_0.01_s_300",1022202,0.026,8.48227e-05
"n_1200_c_1000000_g_10_f_0.2_eps_0.1_s_100",1004876,0.157,9.59772e-05
"n_1200_c_1000000_g_10_f_0.2_eps_0.1_s_200",1010099,0.0550001,7.6776e-05
"n_1200_c_1000000_g_10_f_0.2_eps_0.1_s_300",1015757,0.03,7.03568e-05
"n_1200_c_1000000_g_10_f_0.2_eps_0_s_100",1011154,0.0179999,2.23656e-05
"n_1200_c_1000000_g_10_f_0.2_eps_0_s_200",1022486,0.0120001,3.85654e-05
"n_1200_c_1000000_g_10_f_0.2_eps_0_s_300",1032075,0.039,4.84151e-05
"n_1200_c_1000000_g_10_f_0.2_eps_1e-05_s_100",1009740,0.0140002,9.41731e-05
"n_1200_c_1000000_g_10_f_0.2_eps_1e-05_s_200",1021803,0.0139999,8.23457e-05
"n_1200_c_1000000_g_10_f_0.2_eps_1e-05_s_300",1031071,0.016,6.30794e-05
"n_1200_c_1000000_g_10_f_0.3_eps_0.0001_s_100",1011722,0.0150001,2.53082e-05
"n_1200_c_1000000_g_10_f_0.3_eps_0.0001_s_200",1022638,0.0140002,8.99586e-05
"n_1200_c_1000000_g_10_f_0.3_eps_0.0001_s_300",1036090,0.0139999,3.24845e-05
"n_1200_c_1000000_g_10_f_0.3_eps_0.001_s_100",1010483,0.013,4.49314e-05
"n_1200_c_1000000_g_10_f_0.3_eps_0.001_s_200",1023244,0.0180001,6.02977e-05
"n_1200_c_1000000_g_10_f_0.3_eps_0.001_s_300",1036405,0.016,1.10723e-05
"n_1200_c_1000000_g_10_f_0.3_eps_0.01_s_100",1009818,0.026,1.34929e-05
"n_1200_c_1000000_g_10_f_0.3_eps_0.01_s_200",1021466,0.026,5.63904e-05
"n_1200_c_1000000_g_10_f_0.3_eps_0.01_s_300",1027616,0.0139999,2.04752e-05
"n_1200_c_1000000_g_10_f_0.3_eps_0.1_s_100",1006319,0.0699999,3.80185e-05
"n_1200_c_1000000_g_10_f_0.3_eps_0.1_s_200",1014589,2.509,0
"n_1200_c_1000000_g_10_f_0.3_eps_0.1_s_300",1020156,0.049,6.06252e-05
"n_1200_c_1000000_g_10_f_0.3_eps_0_s_100",1012078,0.0119998,4.08063e-05
"n_1200_c_1000000_g_10_f_0.3_eps_0_s_200",1023950,0.016,3.60294e-05
"n_1200_c_1000000_g_10_f_0.3_eps_0_s_300",1032512,0.0159998,4.80741e-05
"n_1200_c_1000000_g_10_f_0.3_eps_1e-05_s_100",1011476,0.016,7.18357e-05
"n_1200_c_1000000_g_10_f_0.3_eps_1e-05_s_200",1023456,0.0119998,7.5609e-05
"n_1200_c_1000000_g_10_f_0.3_eps_1e-05_s_300",1036734,0.0119998,5.01451e-05
"n_1200_c_1000000_g_14_f_0.1_eps_0.0001_s_100",1013194,0.013,3.75265e-05
"n_1200_c_1000000_g_14_f_0.1_eps_0.0001_s_200",1026493,0.016,4.19573e-05
"n_1200_c_1000000_g_14_f_0.1_eps_0.0001_s_300",1038181,0.0150001,1.92912e-05
"n_1200_c_1000000_g_14_f_0.1_eps_0.001_s_100",1011630,0.013,2.85828e-05
"n_1200_c_1000000_g_14_f_0.1_eps_0.001_s_200",1024889,0.016,6.80064e-05
"n_1200_c_1000000_g_14_f_0.1_eps_0.001_s_300",1039647,0.016,2.36681e-05
"n_1200_c_1000000_g_14_f_0.1_eps_0.01_s_100",1006983,0.0180001,6.52594e-05
"n_1200_c_1000000_g_14_f_0.1_eps_0.01_s_200",1015013,0.0469999,5.86972e-05
"n_1200_c_1000000_g_14_f_0.1_eps_0.01_s_300",1021599,0.0150001,9.86496e-05
"n_1200_c_1000000_g_14_f_0.1_eps_0.1_s_100",1002849,0.19,8.93103e-05
"n_1200_c_1000000_g_14_f_0.1_eps_0.1_s_200",1004988,0.448,9.35116e-05
"n_1200_c_1000000_g_14_f_0.1_eps_0.1_s_300",1008861,0.149,6.58298e-05
"n_1200_c_1000000_g_14_f_0.1_eps_0_s_100",1013016,0.0139999,6.5966e-05
"n_1200_c_1000000_g_14_f_0.1_eps_0_s_200",1028589,0.00999999,2.73301e-05
"n_1200_c_1000000_g_14_f_0.1_eps_0_s_300",1038309,0.016,3.27808e-05
"n_1200_c_1000000_g_14_f_0.1_eps_1e-05_s_100",1013166,0.0139999,6.5052e-05
"n_1200_c_1000000_g_14_f_0.1_eps_1e-05_s_200",1026601,0.016,9.33055e-05
"n_1200_c_1000000_g_14_f_0.1_eps_1e-05_s_300",1040193,0.00999999,9.60441e-05
"n_1200_c_1000000_g_14_f_0.2_eps_0.0001_s_100",1014430,0.0150001,6.3852e-05
"n_1200_c_1000000_g_14_f_0.2_eps_0.0001_s_200",1029829,0.0180001,9.83482e-06
"n_1200_c_1000000_g_14_f_0.2_eps_0.0001_s_300",1044298,0.0140002,4.98268e-05
"n_1200_c_1000000_g_14_f_0.2_eps_0.001_s_100",1013908,0.016,9.99321e-05
"n_1200_c_1000000_g_14_f_0.2_eps_0.001_s_200",1028003,0.0139999,4.19285e-05
"n_1200_c_1000000_g_14_f_0.2_eps_0.001_s_300",1036596,0.013,8.95687e-05
"n_1200_c_1000000_g_14_f_0.2_eps_0.01_s_100",1009654,0.039,6.0482e-05
"n_1200_c_1000000_g_14_f_0.2_eps_0.01_s_200",1017043,0.0250001,7.08969e-05
"n_1200_c_1000000_g_14_f_0.2_eps_0.01_s_300",1030222,0.0469999,6.04566e-05
"n_1200_c_1000000_g_14_f_0.2_eps_0.1_s_100",1004674,0.264,8.35298e-05
"n_1200_c_1000000_g_14_f_0.2_eps_0.1_s_200",1009781,0.187,6.4826e-05
"n_1200_c_1000000_g_14_f_0.2_eps_0.1_s_300",1015515,0.491,4.89613e-05
"n_1200_c_1000000_g_14_f_0.2_eps_0_s_100",1013211,0.016,4.51005e-05
"n_1200_c_1000000_g_14_f_0.2_eps_0_s_200",1030399,0.0179999,4.46028e-05
"n_1200_c_1000000_g_14_f_0.2_eps_0_s_300",1043742,0.0149999,9.86017e-05
"n_1200_c_1000000_g_14_f_0.2_eps_1e-05_s_100",1014251,0.0119998,8.95952e-05
"n_1200_c_1000000_g_14_f_0.2_eps_1e-05_s_200",1030859,0.016,7.46774e-06
"n_1200_c_1000000_g_14_f_0.2_eps_1e-05_s_300",1046057,0.00999999,9.18218e-05
"n_1200_c_1000000_g_14_f_0.3_eps_0.0001_s_100",1014174,0.0140002,2.17139e-05
"n_1200_c_1000000_g_14_f_0.3_eps_0.0001_s_200",1031321,0.0159998,9.40779e-05
"n_1200_c_1000000_g_14_f_0.3_eps_0.0001_s_300",1043901,0.016,6.95086e-06
"n_1200_c_1000000_g_14_f_0.3_eps_0.001_s_100",1014461,0.0150001,8.22094e-05
"n_1200_c_1000000_g_14_f_0.3_eps_0.001_s_200",1027555,0.013,3.22666e-05
"n_1200_c_1000000_g_14_f_0.3_eps_0.001_s_300",1043389,0.0190001,8.72208e-06
"n_1200_c_1000000_g_14_f_0.3_eps_0.01_s_100",1011847,0.0180001,8.87259e-05
"n_1200_c_1000000_g_14_f_0.3_eps_0.01_s_200",1021888,0.046,2.91471e-05
"n_1200_c_1000000_g_14_f_0.3_eps_0.01_s_300",1032618,0.0610001,4.66926e-05
"n_1200_c_1000000_g_14_f_0.3_eps_0.1_s_100",1006631,0.765,9.03932e-05
"n_1200_c_1000000_g_14_f_0.3_eps_0.1_s_200",1013459,0.28,3.90118e-05
"n_1200_c_1000000_g_14_f_0.3_eps_0.1_s_300",1022243,1.193,0
"n_1200_c_1000000_g_14_f_0.3_eps_0_s_100",1014415,0.016,4.36832e-06
"n_1200_c_1000000_g_14_f_0.3_eps_0_s_200",1029079,0.00999999,7.78142e-05
"n_1200_c_1000000_g_14_f_0.3_eps_0_s_300",1042926,0.0139999,4.03456e-05
"n_1200_c_1000000_g_14_f_0.3_eps_1e-05_s_100",1013811,0.0139999,4.29983e-05
"n_1200_c_1000000_g_14_f_0.3_eps_1e-05_s_200",1030502,0.0159998,2.91319e-05
"n_1200_c_1000000_g_14_f_0.3_eps_1e-05_s_300",1046910,0.016,6.47405e-05
"n_1200_c_1000000_g_2_f_0.1_eps_0.0001_s_100",506183,0.00600004,0
"n_1200_c_1000000_g_2_f_0.1_eps_0.0001_s_200",511470,0.00600004,1.17309e-05
"n_1200_c_1000000_g_2_f_0.1_eps_0.0001_s_300",516853,0.00600004,0
"n_1200_c_1000000_g_2_f_0.1_eps_0.001_s_100",507234,0.00600004,0
"n_1200_c_1000000_g_2_f_0.1_eps_0.001_s_200",513099,0.00399995,0
"n_1200_c_1000000_g_2_f_0.1_eps_0.001_s_300",519199,0.00500011,1.92604e-06
"n_1200_c_1000000_g_2_f_0.1_eps_0.01_s_100",516095,0.0079999,0
"n_1200_c_1000000_g_2_f_0.1_eps_0.01_s_200",521373,0.00600004,0
"n_1200_c_1000000_g_2_f_0.1_eps_0.01_s_300",528902,0.00700021,0
"n_1200_c_1000000_g_2_f_0.1_eps_0.1_s_100",606207,0.00600004,0
"n_1200_c_1000000_g_2_f_0.1_eps_0.1_s_200",613099,0.00600004,0
"n_1200_c_1000000_g_2_f_0.1_eps_0.1_s_300",616921,0.00400019,1.62095e-06
"n_1200_c_1000000_g_2_f_0.1_eps_0_s_100",505853,0.016,0
"n_1200_c_1000000_g_2_f_0.1_eps_0_s_200",512693,0.013,0
"n_1200_c_1000000_g_2_f_0.1_eps_0_s_300",519504,0.00600004,0
"n_1200_c_1000000_g_2_f_0.1_eps_1e-05_s_100",506322,0.00600004,0
"n_1200_c_1000000_g_2_f_0.1_eps_1e-05_s_200",513841,0.00399995,0
"n_1200_c_1000000_g_2_f_0.1_eps_1e-05_s_300",517491,0.00600004,0
"n_1200_c_1000000_g_2_f_0.2_eps_0.0001_s_100",511625,0.00400019,0
"n_1200_c_1000000_g_2_f_0.2_eps_0.0001_s_200",524649,0.00399995,5.71811e-06
"n_1200_c_1000000_g_2_f_0.2_eps_0.0001_s_300",536642,0.0079999,0
"n_1200_c_1000000_g_2_f_0.2_eps_0.001_s_100",512816,0.00300002,3.90003e-06
"n_1200_c_1000000_g_2_f_0.2_eps_0.001_s_200",525790,0.00399995,0
"n_1200_c_1000000_g_2_f_0.2_eps_0.001_s_300",536972,0.00300002,0
"n_1200_c_1000000_g_2_f_0.2_eps_0.01_s_100",522515,0.00400019,0
"n_1200_c_1000000_g_2_f_0.2_eps_0.01_s_200",534400,0.00600004,0
"n_1200_c_1000000_g_2_f_0.2_eps_0.01_s_300",547699,0.00600004,0
"n_1200_c_1000000_g_2_f_0.2_eps_0.1_s_100",612104,0.00600004,0
"n_1200_c_1000000_g_2_f_0.2_eps_0.1_s_200",625166,0.00399995,0
"n_1200_c_1000000_g_2_f_0.2_eps_0.1_s_300",636624,0.00800014,0
"n_1200_c_1000000_g_2_f_0.2_eps_0_s_100",512427,0.0120001,0
"n_1200_c_1000000_g_2_f_0.2_eps_0_s_200",524473,0.00600004,0
"n_1200_c_1000000_g_2_f_0.2_eps_0_s_300",538459,0.00699997,0
"n_1200_c_1000000_g_2_f_0.2_eps_1e-05_s_100",511728,0.00399995,0
"n_1200_c_1000000_g_2_f_0.2_eps_1e-05_s_200",525790,0.00600004,0
"n_1200_c_1000000_g_2_f_0.2_eps_1e-05_s_300",534949,0.0079999,0
"n_1200_c_1000000_g_2_f_0.3_eps_0.0001_s_100",518103,0.00800014,0
"n_1200_c_1000000_g_2_f_0.3_eps_0.0001_s_200",538147,0.00999999,0
"n_1200_c_1000000_g_2_f_0.3_eps_0.0001_s_300",556686,0.00600004,1.79634e-06
"n_1200_c_1000000_g_2_f_0.3_eps_0.001_s_100",519971,0.00699997,0
"n_1200_c_1000000_g_2_f_0.3_eps_0.001_s_200",538811,0.00399995,3.71188e-06
"n_1200_c_1000000_g_2_f_0.3_eps_0.001_s_300",553345,0.00900006,0
"n_1200_c_1000000_g_2_f_0.3_eps_0.01_s_100",528822,0.00200009,0
"n_1200_c_1000000_g_2_f_0.3_eps_0.01_s_200",546298,0.00800014,0
"n_1200_c_1000000_g_2_f_0.3_eps_0.01_s_300",563157,0.00800014,0
"n_1200_c_1000000_g_2_f_0.3_eps_0.1_s_100",618212,0.00500011,0
"n_1200_c_1000000_g_2_f_0.3_eps_0.1_s_200",635304,0.00500011,6.2962e-06
"n_1200_c_1000000_g_2_f_0.3_eps_0.1_s_300",653192,0.00600004,1.53094e-06
"n_1200_c_1000000_g_2_f_0.3_eps_0_s_100",518387,0.0059998,1.92906e-06
"n_1200_c_1000000_g_2_f_0.3_eps_0_s_200",537025,0.00699997,0
"n_1200_c_1000000_g_2_f_0.3_eps_0_s_300",551477,0.00800014,0
"n_1200_c_1000000_g_2_f_0.3_eps_1e-05_s_100",518247,0.00600004,1.92958e-06
"n_1200_c_1000000_g_2_f_0.3_eps_1e-05_s_200",536867,0.00399995,0
"n_1200_c_1000000_g_2_f_0.3_eps_1e-05_s_300",555476,0.00699997,0
"n_1200_c_1000000_g_6_f_0.1_eps_0.0001_s_100",980905,60.027,0.0197093
"n_1200_c_1000000_g_6_f_0.1_eps_0.0001_s_200",990392,60.008,0.011939
"n_1200_c_1000000_g_6_f_0.1_eps_0.0001_s_300",999034,60.019,0.0117922
"n_1200_c_1000000_g_6_f_0.1_eps_0.001_s_100",1003816,0.085,3.09673e-05
"n_1200_c_1000000_g_6_f_0.1_eps_0.001_s_200",1007605,2.046,0
"n_1200_c_1000000_g_6_f_0.1_eps_0.001_s_300",1011851,6.156,7.94615e-05
"n_1200_c_1000000_g_6_f_0.1_eps_0.01_s_100",1002433,60.011,0.00114343
"n_1200_c_1000000_g_6_f_0.1_eps_0.01_s_200",1005527,12.783,0
"n_1200_c_1000000_g_6_f_0.1_eps_0.01_s_300",1010218,1.605,0
"n_1200_c_1000000_g_6_f_0.1_eps_0.1_s_100",999938,60.015,0.00224579
"n_1200_c_1000000_g_6_f_0.1_eps_0.1_s_200",1003833,60.013,0.000863828
"n_1200_c_1000000_g_6_f_0.1_eps_0.1_s_300",1007002,4.756,0
"n_1200_c_1000000_g_6_f_0.1_eps_0_s_100",977173,60.023,0.027081
"n_1200_c_1000000_g_6_f_0.1_eps_0_s_200",987989,60.025,0.0141762
"n_1200_c_1000000_g_6_f_0.1_eps_0_s_300",996341,60.013,0.0132804
"n_1200_c_1000000_g_6_f_0.1_eps_1e-05_s_100",978142,60.017,0.0226511
"n_1200_c_1000000_g_6_f_0.1_eps_1e-05_s_200",986769,60.007,0.0139199
"n_1200_c_1000000_g_6_f_0.1_eps_1e-05_s_300",995661,60.029,0.00725311
"n_1200_c_1000000_g_6_f_0.2_eps_0.0001_s_100",986907,60.012,0.0140923
"n_1200_c_1000000_g_6_f_0.2_eps_0.0001_s_200",999776,60.013,0.00299317
"n_1200_c_1000000_g_6_f_0.2_eps_0.0001_s_300",1014353,6.702,9.69088e-05
"n_1200_c_1000000_g_6_f_0.2_eps_0.001_s_100",1006378,0.197,9.40173e-05
"n_1200_c_1000000_g_6_f_0.2_eps_0.001_s_200",1011606,2.595,0
"n_1200_c_1000000_g_6_f_0.2_eps_0.001_s_300",1017506,10.592,0
"n_1200_c_1000000_g_6_f_0.2_eps_0.01_s_100",1005425,5.774,3.5631e-05
"n_1200_c_1000000_g_6_f_0.2_eps_0.01_s_200",1010719,0.099,5.10799e-05
"n_1200_c_1000000_g_6_f_0.2_eps_0.01_s_300",1016970,0.02,9.39493e-05
"n_1200_c_1000000_g_6_f_0.2_eps_0.1_s_100",1004518,60.016,0.000228912
"n_1200_c_1000000_g_6_f_0.2_eps_0.1_s_200",1008461,60.004,0.000567806
"n_1200_c_1000000_g_6_f_0.2_eps_0.1_s_300",1012806,60.028,0.00122174
"n_1200_c_1000000_g_6_f_0.2_eps_0_s_100",983463,60.006,0.0226203
"n_1200_c_1000000_g_6_f_0.2_eps_0_s_200",1000257,60.025,0.00334488
"n_1200_c_1000000_g_6_f_0.2_eps_0_s_300",1013144,60.008,0.00406797
"n_1200_c_1000000_g_6_f_0.2_eps_1e-05_s_100",984391,60.013,0.0167196
"n_1200_c_1000000_g_6_f_0.2_eps_1e-05_s_200",999010,60.688,0.00342469
"n_1200_c_1000000_g_6_f_0.2_eps_1e-05_s_300",1011854,5.158,4.98915e-05
"n_1200_c_1000000_g_6_f_0.3_eps_0.0001_s_100",992498,60.017,0.00859048
"n_1200_c_1000000_g_6_f_0.3_eps_0.0001_s_200",1011077,5.214,9.87388e-05
"n_1200_c_1000000_g_6_f_0.3_eps_0.0001_s_300",1022746,3.813,7.21672e-05
"n_1200_c_1000000_g_6_f_0.3_eps_0.001_s_100",1006795,0.243,9.40065e-05
"n_1200_c_1000000_g_6_f_0.3_eps_0.001_s_200",1015118,7.76,0
"n_1200_c_1000000_g_6_f_0.3_eps_0.001_s_300",1020505,60.061,0.00233103
"n_1200_c_1000000_g_6_f_0.3_eps_0.01_s_100",1007643,0.926,9.71394e-05
"n_1200_c_1000000_g_6_f_0.3_eps_0.01_s_200",1016002,0.81,5.35798e-05
"n_1200_c_1000000_g_6_f_0.3_eps_0.01_s_300",1022171,0.079,9.27051e-05
"n_1200_c_1000000_g_6_f_0.3_eps_0.1_s_100",1006140,10.667,9.93637e-05
"n_1200_c_1000000_g_6_f_0.3_eps_0.1_s_200",1011935,60.006,0.00124684
"n_1200_c_1000000_g_6_f_0.3_eps_0.1_s_300",1019146,0.0469999,8.79253e-05
"n_1200_c_1000000_g_6_f_0.3_eps_0_s_100",989495,60.454,0.0182333
"n_1200_c_1000000_g_6_f_0.3_eps_0_s_200",1008173,60.015,0.00784131
"n_1200_c_1000000_g_6_f_0.3_eps_0_s_300",1020867,60.007,0.00228455
"n_1200_c_1000000_g_6_f_0.3_eps_1e-05_s_100",989407,60.006,0.0183416
"n_1200_c_1000000_g_6_f_0.3_eps_1e-05_s_200",1007762,60.01,0.00659529
"n_1200_c_1000000_g_6_f_0.3_eps_1e-05_s_300",1020523,1.129,0
"n_400_c_10000000000_g_10_f_0.1_eps_0.0001_s_100",9999942091,0.0870001,6.15806e-06
"n_400_c_10000000000_g_10_f_0.1_eps_0.0001_s_200",9999360635,0.0469999,6.48825e-05
"n_400_c_10000000000_g_10_f_0.1_eps_0.0001_s_300",9999952039,0.073,6.0579e-06
"n_400_c_10000000000_g_10_f_0.1_eps_0.001_s_100",9999695256,0.0389998,3.09317e-05
"n_400_c_10000000000_g_10_f_0.1_eps_0.001_s_200",9999702445,0.0109999,3.0577e-05
"n_400_c_10000000000_g_10_f_0.1_eps_0.001_s_300",9999240355,0.062,7.71977e-05
"n_400_c_10000000000_g_10_f_0.1_eps_0.01_s_100",9999225632,0.00800014,7.78174e-05
"n_400_c_10000000000_g_10_f_0.1_eps_0.01_s_200",10000010845,0.562,7.11784e-10
"n_400_c_10000000000_g_10_f_0.1_eps_0.01_s_300",9999234764,0.062,7.74682e-05
"n_400_c_10000000000_g_10_f_0.1_eps_0.1_s_100",9996096573,60.004,0.000390522
"n_400_c_10000000000_g_10_f_0.1_eps_0.1_s_200",9996099022,60.006,0.000389717
"n_400_c_10000000000_g_10_f_0.1_eps_0.1_s_300",9996102726,60.017,0.000390372
"n_400_c_10000000000_g_10_f_0.1_eps_0_s_100",10000006644,0.0139999,0
"n_400_c_10000000000_g_10_f_0.1_eps_0_s_200",10000014332,2.205,3.79957e-09
"n_400_c_10000000000_g_10_f_0.1_eps_0_s_300",10000023133,19.74,9.60585e-08
"n_400_c_10000000000_g_10_f_0.1_eps_1e-05_s_100",9995178591,60.008,0.000482768
"n_400_c_10000000000_g_10_f_0.1_eps_1e-05_s_200",9995189417,60.012,0.000482105
"n_400_c_10000000000_g_10_f_0.1_eps_1e-05_s_300",9994797334,61.312,0.000521546
"n_400_c_10000000000_g_10_f_0.2_eps_0.0001_s_100",9999883180,0.0420001,1.21598e-05
"n_400_c_10000000000_g_10_f_0.2_eps_0.0001_s_200",9999892616,0.00999999,1.16975e-05
"n_400_c_10000000000_g_10_f_0.2_eps_0.0001_s_300",9999479250,0.00600004,5.34222e-05
"n_400_c_10000000000_g_10_f_0.2_eps_0.001_s_100",9999698141,0.279,3.06481e-05
"n_400_c_10000000000_g_10_f_0.2_eps_0.001_s_200",9999236418,0.0369999,7.72025e-05
"n_400_c_10000000000_g_10_f_0.2_eps_0.001_s_300",9999248545,0.719,7.62579e-05
"n_400_c_10000000000_g_10_f_0.2_eps_0.01_s_100",9999226028,0.0640001,7.78271e-05
"n_400_c_10000000000_g_10_f_0.2_eps_0.01_s_200",9999229566,1.157,7.77327e-05
"n_400_c_10000000000_g_10_f_0.2_eps_0.01_s_300",9999237675,5.824,7.74687e-05
"n_400_c_10000000000_g_10_f_0.2_eps_0.1_s_100",9996098218,61.942,0.000389272
"n_400_c_10000000000_g_10_f_0.2_eps_0.1_s_200",9996104061,60.004,0.000389442
"n_400_c_10000000000_g_10_f_0.2_eps_0.1_s_300",9996111005,60.01,0.000389001
"n_400_c_10000000000_g_10_f_0.2_eps_0_s_100",10000007804,0.148,2.78334e-09
"n_400_c_10000000000_g_10_f_0.2_eps_0_s_200",10000013829,2.295,1.98599e-07
"n_400_c_10000000000_g_10_f_0.2_eps_0_s_300",9980501939,60.012,0.0019505
"n_400_c_10000000000_g_10_f_0.2_eps_1e-05_s_100",9993280835,60.012,0.000672881
"n_400_c_10000000000_g_10_f_0.2_eps_1e-05_s_200",9993891825,63.317,0.00061212
"n_400_c_10000000000_g_10_f_0.2_eps_1e-05_s_300",9993900563,60.148,0.00061153
"n_400_c_10000000000_g_10_f_0.3_eps_0.0001_s_100",9999476461,0.748,5.28354e-05
"n_400_c_10000000000_g_10_f_0.3_eps_0.0001_s_200",9999477850,0.00699997,5.30643e-05
"n_400_c_10000000000_g_10_f_0.3_eps_0.0001_s_300",9999908441,0.113,1.05004e-05
"n_400_c_10000000000_g_10_f_0.3_eps_0.001_s_100",9999229807,0.502,7.7489e-05
"n_400_c_10000000000_g_10_f_0.3_eps_0.001_s_200",9999242872,0.0810001,7.68153e-05
"n_400_c_10000000000_g_10_f_0.3_eps_0.001_s_300",9999256323,0.399,7.5905e-05
"n_400_c_10000000000_g_10_f_0.3_eps_0.01_s_100",9999225517,0.00699997,7.78869e-05
"n_400_c_10000000000_g_10_f_0.3_eps_0.01_s_200",9999234667,3.702,7.72915e-05
"n_400_c_10000000000_g_10_f_0.3_eps_0.01_s_300",9999244294,1.938,7.69665e-05
"n_400_c_10000000000_g_10_f_0.3_eps_0.1_s_100",9996100629,60.007,0.000389966
"n_400_c_10000000000_g_10_f_0.3_eps_0.1_s_200",9996107942,60.017,0.00038956
"n_400_c_10000000000_g_10_f_0.3_eps_0.1_s_300",9996114403,60.008,0.000389089
"n_400_c_10000000000_g_10_f_0.3_eps_0_s_100",10000009608,0.0280001,7.07811e-10
"n_400_c_10000000000_g_10_f_0.3_eps_0_s_200",10000017469,3.237,4.73082e-08
"n_400_c_10000000000_g_10_f_0.3_eps_0_s_300",9980507754,60.01,0.00195419
"n_400_c_10000000000_g_10_f_0.3_eps_1e-05_s_100",9992681705,60.023,0.00073283
"n_400_c_10000000000_g_10_f_0.3_eps_1e-05_s_200",9992693747,60.011,0.000732093
"n_400_c_10000000000_g_10_f_0.3_eps_1e-05_s_300",9992305074,60.004,0.000771194
"n_400_c_10000000000_g_14_f_0.1_eps_0.0001_s_100",9999161772,0.0079999,8.43359e-05
"n_400_c_10000000000_g_14_f_0.1_eps_0.0001_s_200",9999180731,0.00600004,8.29501e-05
"n_400_c_10000000000_g_14_f_0.1_eps_0.0001_s_300",9999721889,0.0079999,2.93047e-05
"n_400_c_10000000000_g_14_f_0.1_eps_0.001_s_100",9999971042,0.0450001,3.37441e-06
"n_400_c_10000000000_g_14_f_0.1_eps_0.001_s_200",9999765145,0.0079999,2.45875e-05
"n_400_c_10000000000_g_14_f_0.1_eps_0.001_s_300",9999674202,0.00800014,3.41514e-05
"n_400_c_10000000000_g_14_f_0.1_eps_0.01_s_100",9999417235,0.00600004,5.86912e-05
"n_400_c_10000000000_g_14_f_0.1_eps_0.01_s_200",9999420267,0.00600004,5.88186e-05
"n_400_c_10000000000_g_14_f_0.1_eps_0.01_s_300",9999422731,0.0079999,5.88857e-05
"n_400_c_10000000000_g_14_f_0.1_eps_0.1_s_100",9999758471,0.02,2.43154e-05
"n_400_c_10000000000_g_14_f_0.1_eps_0.1_s_200",9999762418,0.287,2.4075e-05
"n_400_c_10000000000_g_14_f_0.1_eps_0.1_s_300",9999765673,0.069,2.38917e-05
"n_400_c_10000000000_g_14_f_0.1_eps_0_s_100",10000011098,0.121,1.59215e-07
"n_400_c_10000000000_g_14_f_0.1_eps_0_s_200",9998808439,60.013,0.000120292
"n_400_c_10000000000_g_14_f_0.1_eps_0_s_300",9998818854,62.97,0.000119675
"n_400_c_10000000000_g_14_f_0.1_eps_1e-05_s_100",9999121396,0.00600004,8.83548e-05
"n_400_c_10000000000_g_14_f_0.1_eps_1e-05_s_200",9999387746,0.00699997,6.23535e-05
"n_400_c_10000000000_g_14_f_0.1_eps_1e-05_s_300",9999911591,0.00600004,1.04411e-05
"n_400_c_10000000000_g_14_f_0.2_eps_0.0001_s_100",9999470406,0.00900006,5.34607e-05
"n_400_c_10000000000_g_14_f_0.2_eps_0.0001_s_200",9999506562,0.00600004,5.04166e-05
"n_400_c_10000000000_g_14_f_0.2_eps_0.0001_s_300",9999935140,0.00600004,8.04741e-06
"n_400_c_10000000000_g_14_f_0.2_eps_0.001_s_100",9999971711,0.029,3.41304e-06
"n_400_c_10000000000_g_14_f_0.2_eps_0.001_s_200",9999516323,0.00600004,4.93856e-05
"n_400_c_10000000000_g_14_f_0.2_eps_0.001_s_300",9999473196,0.00800014,5.41957e-05
"n_400_c_10000000000_g_14_f_0.2_eps_0.01_s_100",9999959158,0.075,4.56747e-06
"n_400_c_10000000000_g_14_f_0.2_eps_0.01_s_200",9999673175,0.0120001,3.35099e-05
"n_400_c_10000000000_g_14_f_0.2_eps_0.01_s_300",9999101838,0.00600004,9.11014e-05
"n_400_c_10000000000_g_14_f_0.2_eps_0.1_s_100",9999761408,0.0340002,2.41032e-05
"n_400_c_10000000000_g_14_f_0.2_eps_0.1_s_200",9999765738,0.257,2.38951e-05
"n_400_c_10000000000_g_14_f_0.2_eps_0.1_s_300",9999771106,0.059,2.35192e-05
"n_400_c_10000000000_g_14_f_0.2_eps_0_s_100",10000012475,0.284,1.91448e-07
"n_400_c_10000000000_g_14_f_0.2_eps_0_s_200",10000021912,28.303,3.1002e-08
"n_400_c_10000000000_g_14_f_0.2_eps_0_s_300",9998823125,60.007,0.000119381
"n_400_c_10000000000_g_14_f_0.2_eps_1e-05_s_100",9999704659,0.0079999,3.01407e-05
"n_400_c_10000000000_g_14_f_0.2_eps_1e-05_s_200",9999608722,0.0079999,4.01038e-05
"n_400_c_10000000000_g_14_f_0.2_eps_1e-05_s_300",9999914973,0.0079999,1.00536e-05
"n_400_c_10000000000_g_14_f_0.3_eps_0.0001_s_100",9999530509,0.0079999,4.75662e-05
"n_400_c_10000000000_g_14_f_0.3_eps_0.0001_s_200",9999405396,0.00600004,6.05808e-05
"n_400_c_10000000000_g_14_f_0.3_eps_0.0001_s_300",9999308175,0.00699997,7.07922e-05
"n_400_c_10000000000_g_14_f_0.3_eps_0.001_s_100",9999336076,0.0079999,6.69658e-05
"n_400_c_10000000000_g_14_f_0.3_eps_0.001_s_200",9999533228,0.0079999,4.78662e-05
"n_400_c_10000000000_g_14_f_0.3_eps_0.001_s_300",9999636387,0.00899982,3.79618e-05
"n_400_c_10000000000_g_14_f_0.3_eps_0.01_s_100",9999863201,0.02,1.42121e-05
"n_400_c_10000000000_g_14_f_0.3_eps_0.01_s_200",9999041271,0.0880001,9.68916e-05
"n_400_c_10000000000_g_14_f_0.3_eps_0.01_s_300",9999887262,0.00800014,1.28568e-05
"n_400_c_10000000000_g_14_f_0.3_eps_0.1_s_100",9999763575,0.352,2.39642e-05
"n_400_c_10000000000_g_14_f_0.3_eps_0.1_s_200",9999770222,0.049,2.36012e-05
"n_400_c_10000000000_g_14_f_0.3_eps_0.1_s_300",9999772107,0.228,2.36693e-05
"n_400_c_10000000000_g_14_f_0.3_eps_0_s_100",10000012883,0.467,2.36256e-07
"n_400_c_10000000000_g_14_f_0.3_eps_0_s_200",10000021444,0.043,2.42745e-09
"n_400_c_10000000000_g_14_f_0.3_eps_0_s_300",10000033188,3.487,3.28406e-08
"n_400_c_10000000000_g_14_f_0.3_eps_1e-05_s_100",9999945413,0.00999999,6.04249e-06
"n_400_c_10000000000_g_14_f_0.3_eps_1e-05_s_200",9999829933,0.0079999,1.81208e-05
"n_400_c_10000000000_g_14_f_0.3_eps_1e-05_s_300",9999884226,0.00699997,1.32625e-05
"n_400_c_10000000000_g_2_f_0.1_eps_0.0001_s_100",5001001990,0.00399995,0
"n_400_c_10000000000_g_2_f_0.1_eps_0.0001_s_200",5001004377,0.00499988,0
"n_400_c_10000000000_g_2_f_0.1_eps_0.0001_s_300",5001006429,0.0059998,0
"n_400_c_10000000000_g_2_f_0.1_eps_0.001_s_100",5010002035,0.00399995,1.99601e-10
"n_400_c_10000000000_g_2_f_0.1_eps_0.001_s_200",5010004517,0.00399995,3.99201e-10
"n_400_c_10000000000_g_2_f_0.1_eps_0.001_s_300",5010006558,0.00300002,0
"n_400_c_10000000000_g_2_f_0.1_eps_0.01_s_100",5100002293,0.00399995,0
"n_400_c_10000000000_g_2_f_0.1_eps_0.01_s_200",5100003961,0.00600004,0
"n_400_c_10000000000_g_2_f_0.1_eps_0.01_s_300",5100005587,0.00600004,0
"n_400_c_10000000000_g_2_f_0.1_eps_0.1_s_100",6000001946,0.00399995,0
"n_400_c_10000000000_g_2_f_0.1_eps_0.1_s_200",6000004415,0.00300002,0
"n_400_c_10000000000_g_2_f_0.1_eps_0.1_s_300",6000007122,0.00600004,0
"n_400_c_10000000000_g_2_f_0.1_eps_0_s_100",10000001421,0.0079999,0
"n_400_c_10000000000_g_2_f_0.1_eps_0_s_200",10000003066,0.00999999,0
"n_400_c_10000000000_g_2_f_0.1_eps_0_s_300",10000004645,0.0079999,0
"n_400_c_10000000000_g_2_f_0.1_eps_1e-05_s_100",5000101912,0.00399995,0
"n_400_c_10000000000_g_2_f_0.1_eps_1e-05_s_200",5000103867,0.00399995,0
"n_400_c_10000000000_g_2_f_0.1_eps_1e-05_s_300",5000106101,0.0059998,0
"n_400_c_10000000000_g_2_f_0.2_eps_0.0001_s_100",5001003881,0.00399995,3.9992e-10
"n_400_c_10000000000_g_2_f_0.2_eps_0.0001_s_200",5001008383,0.00600004,0
"n_400_c_10000000000_g_2_f_0.2_eps_0.0001_s_300",5001013141,0.00600004,0
"n_400_c_10000000000_g_2_f_0.2_eps_0.001_s_100",5010004043,0.00600004,0
"n_400_c_10000000000_g_2_f_0.2_eps_0.001_s_200",5010008394,0.00600004,0
"n_400_c_10000000000_g_2_f_0.2_eps_0.001_s_300",5010012618,0.00399995,5.98801e-10
"n_400_c_10000000000_g_2_f_0.2_eps_0.01_s_100",5100003546,0.0059998,0
"n_400_c_10000000000_g_2_f_0.2_eps_0.01_s_200",5100008342,0.00500011,0
"n_400_c_10000000000_g_2_f_0.2_eps_0.01_s_300",5100013473,0.00399995,0
"n_400_c_10000000000_g_2_f_0.2_eps_0.1_s_100",6000004724,0.00500011,1.66667e-10
"n_400_c_10000000000_g_2_f_0.2_eps_0.1_s_200",6000008277,0.00600004,0
"n_400_c_10000000000_g_2_f_0.2_eps_0.1_s_300",6000011061,0.00399995,8.33332e-10
"n_400_c_10000000000_g_2_f_0.2_eps_0_s_100",10000002706,0.00800014,0
"n_400_c_10000000000_g_2_f_0.2_eps_0_s_200",10000004856,0.00999999,0
"n_400_c_10000000000_g_2_f_0.2_eps_0_s_300",10000009412,0.0079999,0
"n_400_c_10000000000_g_2_f_0.2_eps_1e-05_s_100",5000104014,0.00600004,0
"n_400_c_10000000000_g_2_f_0.2_eps_1e-05_s_200",5000108370,0.00399995,0
"n_400_c_10000000000_g_2_f_0.2_eps_1e-05_s_300",5000111653,0.00399995,0
"n_400_c_10000000000_g_2_f_0.3_eps_0.0001_s_100",5001006179,0.00400019,1.9996e-10
"n_400_c_10000000000_g_2_f_0.3_eps_0.0001_s_200",5001012703,0.00399995,0
"n_400_c_10000000000_g_2_f_0.3_eps_0.0001_s_300",5001018185,0.00499988,0
"n_400_c_10000000000_g_2_f_0.3_eps_0.001_s_100",5010006125,0.00400019,0
"n_400_c_10000000000_g_2_f_0.3_eps_0.001_s_200",5010013027,0.00600004,0
"n_400_c_10000000000_g_2_f_0.3_eps_0.001_s_300",5010018062,0.00700021,0
"n_400_c_10000000000_g_2_f_0.3_eps_0.01_s_100",5100007082,0.00600004,0
"n_400_c_10000000000_g_2_f_0.3_eps_0.01_s_200",5100012759,0.00400019,0
"n_400_c_10000000000_g_2_f_0.3_eps_0.01_s_300",5100017545,0.00500011,0
"n_400_c_10000000000_g_2_f_0.3_eps_0.1_s_100",6000006467,0.00600004,6.66666e-10
"n_400_c_10000000000_g_2_f_0.3_eps_0.1_s_200",6000012054,0.00600004,0
"n_400_c_10000000000_g_2_f_0.3_eps_0.1_s_300",6000018328,0.00899982,0
"n_400_c_10000000000_g_2_f_0.3_eps_0_s_100",10000003995,0.0139999,0
"n_400_c_10000000000_g_2_f_0.3_eps_0_s_200",10000009640,0.0179999,0
"n_400_c_10000000000_g_2_f_0.3_eps_0_s_300",10000013466,0.0110002,0
"n_400_c_10000000000_g_2_f_0.3_eps_1e-05_s_100",5000106463,0.00800014,0
"n_400_c_10000000000_g_2_f_0.3_eps_1e-05_s_200",5000112062,0.00399995,0
"n_400_c_10000000000_g_2_f_0.3_eps_1e-05_s_300",5000117638,0.00800014,0
"n_400_c_10000000000_g_6_f_0.1_eps_0.0001_s_100",9718504407,62.751,0.0289651
"n_400_c_10000000000_g_6_f_0.1_eps_0.0001_s_200",9718508686,3.458,0
"n_400_c_10000000000_g_6_f_0.1_eps_0.0001_s_300",9718512987,60.008,0.0289646
"n_400_c_10000000000_g_6_f_0.1_eps_0.001_s_100",9997504299,60.005,0.000249807
"n_400_c_10000000000_g_6_f_0.1_eps_0.001_s_200",9997508874,60.019,0.00024957
"n_400_c_10000000000_g_6_f_0.1_eps_0.001_s_300",9997512499,60.4,0.000249319
"n_400_c_10000000000_g_6_f_0.1_eps_0.01_s_100",9975002769,60.004,0.00250617
"n_400_c_10000000000_g_6_f_0.1_eps_0.01_s_200",9975005323,61.104,0.00250613
"n_400_c_10000000000_g_6_f_0.1_eps_0.01_s_300",9975008543,60.009,0.00250579
"n_400_c_10000000000_g_6_f_0.1_eps_0.1_s_100",10000002302,1.322,6.79952e-08
"n_400_c_10000000000_g_6_f_0.1_eps_0.1_s_200",10000003940,0.457,2.47733e-08
"n_400_c_10000000000_g_6_f_0.1_eps_0.1_s_300",10000005466,0.395,2.6338e-08
"n_400_c_10000000000_g_6_f_0.1_eps_0_s_100",10000003009,0.00800014,0
"n_400_c_10000000000_g_6_f_0.1_eps_0_s_200",10000006424,0.00600004,0
"n_400_c_10000000000_g_6_f_0.1_eps_0_s_300",10000010356,0.0059998,0
"n_400_c_10000000000_g_6_f_0.1_eps_1e-05_s_100",9690604184,60.017,0.0319276
"n_400_c_10000000000_g_6_f_0.1_eps_1e-05_s_200",9690609400,60.008,0.0319273
"n_400_c_10000000000_g_6_f_0.1_eps_1e-05_s_300",9690614199,60.719,0.031927
"n_400_c_10000000000_g_6_f_0.2_eps_0.0001_s_100",9718506500,60.014,0.0289647
"n_400_c_10000000000_g_6_f_0.2_eps_0.0001_s_200",9718513115,60.013,0.0289646
"n_400_c_10000000000_g_6_f_0.2_eps_0.0001_s_300",9718519057,3.973,0
"n_400_c_10000000000_g_6_f_0.2_eps_0.001_s_100",9997506140,60.013,0.000249694
"n_400_c_10000000000_g_6_f_0.2_eps_0.001_s_200",9997511732,60.013,0.000249412
"n_400_c_10000000000_g_6_f_0.2_eps_0.001_s_300",9997518601,60.013,0.000249015
"n_400_c_10000000000_g_6_f_0.2_eps_0.01_s_100",9975004270,60.007,0.00250607
"n_400_c_10000000000_g_6_f_0.2_eps_0.01_s_200",9975009596,60.009,0.00250575
"n_400_c_10000000000_g_6_f_0.2_eps_0.01_s_300",9975013325,60.142,0.00250563
"n_400_c_10000000000_g_6_f_0.2_eps_0.1_s_100",10000002733,0.461,1.52286e-08
"n_400_c_10000000000_g_6_f_0.2_eps_0.1_s_200",10000006093,0.338,3.25718e-08
"n_400_c_10000000000_g_6_f_0.2_eps_0.1_s_300",10000011995,0.446,1.1938e-07
"n_400_c_10000000000_g_6_f_0.2_eps_0_s_100",10000004857,0.0079999,0
"n_400_c_10000000000_g_6_f_0.2_eps_0_s_200",10000009908,0.00600004,0
"n_400_c_10000000000_g_6_f_0.2_eps_0_s_300",10000010918,0.023,2.1e-09
"n_400_c_10000000000_g_6_f_0.2_eps_1e-05_s_100",9690606152,4.763,0
"n_400_c_10000000000_g_6_f_0.2_eps_1e-05_s_200",9690613285,3.191,0
"n_400_c_10000000000_g_6_f_0.2_eps_1e-05_s_300",9690619457,60.002,0.0319263
"n_400_c_10000000000_g_6_f_0.3_eps_0.0001_s_100",9718508284,60.048,0.0289648
"n_400_c_10000000000_g_6_f_0.3_eps_0.0001_s_200",9718516767,4.204,0
"n_400_c_10000000000_g_6_f_0.3_eps_0.0001_s_300",9718523821,3.417,0
"n_400_c_10000000000_g_6_f_0.3_eps_0.001_s_100",9997508621,60.01,0.000249544
"n_400_c_10000000000_g_6_f_0.3_eps_0.001_s_200",9997516368,60.006,0.0002491
"n_400_c_10000000000_g_6_f_0.3_eps_0.001_s_300",9997526012,60.004,0.000248506
"n_400_c_10000000000_g_6_f_0.3_eps_0.01_s_100",9975006812,60.005,0.00250588
"n_400_c_10000000000_g_6_f_0.3_eps_0.01_s_200",9975013179,60.007,0.00250539
"n_400_c_10000000000_g_6_f_0.3_eps_0.01_s_300",9975020011,60.009,0.00250524
"n_400_c_10000000000_g_6_f_0.3_eps_0.1_s_100",10000004802,1.866,1.22667e-08
"n_400_c_10000000000_g_6_f_0.3_eps_0.1_s_200",10000008589,0.81,1.76401e-08
"n_400_c_10000000000_g_6_f_0.3_eps_0.1_s_300",10000018026,0.178,5.806e-07
"n_400_c_10000000000_g_6_f_0.3_eps_0_s_100",10000005595,0.00600004,0
"n_400_c_10000000000_g_6_f_0.3_eps_0_s_200",10000013032,0.00699997,0
"n_400_c_10000000000_g_6_f_0.3_eps_0_s_300",10000017646,0.115,5.09999e-09
"n_400_c_10000000000_g_6_f_0.3_eps_1e-05_s_100",9690608185,60.013,0.0319273
"n_400_c_10000000000_g_6_f_0.3_eps_1e-05_s_200",9690615471,4.218,0
"n_400_c_10000000000_g_6_f_0.3_eps_1e-05_s_300",9690624213,4.018,0
"n_400_c_100000000_g_10_f_0.1_eps_0.0001_s_100",99995242,0.109,8.42491e-05
"n_400_c_100000000_g_10_f_0.1_eps_0.0001_s_200",100001326,0.17,7.06615e-05
"n_400_c_100000000_g_10_f_0.1_eps_0.0001_s_300",100009560,0.0530002,1.30316e-05
"n_400_c_100000000_g_10_f_0.1_eps_0.001_s_100",99994339,0.00999999,9.43813e-05
"n_400_c_100000000_g_10_f_0.1_eps_0.001_s_200",100006860,0.0150001,1.81913e-05
"n_400_c_100000000_g_10_f_0.1_eps_0.001_s_300",100009421,0.114,3.61823e-05
"n_400_c_100000000_g_10_f_0.1_eps_0.01_s_100",99998552,0.226,4.4527e-05
"n_400_c_100000000_g_10_f_0.1_eps_0.01_s_200",100001015,3.239,4.75153e-05
"n_400_c_100000000_g_10_f_0.1_eps_0.01_s_300",100011074,0.0550001,1.01539e-05
"n_400_c_100000000_g_10_f_0.1_eps_0.1_s_100",99964009,60.004,0.000375409
"n_400_c_100000000_g_10_f_0.1_eps_0.1_s_200",99966256,60.008,0.000359918
"n_400_c_100000000_g_10_f_0.1_eps_0.1_s_300",99969371,60.007,0.000348989
"n_400_c_100000000_g_10_f_0.1_eps_0_s_100",99815286,60.007,0.00189927
"n_400_c_100000000_g_10_f_0.1_eps_0_s_200",99824511,60.006,0.00184216
"n_400_c_100000000_g_10_f_0.1_eps_0_s_300",99834746,60.004,0.00173968
"n_400_c_100000000_g_10_f_0.1_eps_1e-05_s_100",99960834,60.008,0.000431276
"n_400_c_100000000_g_10_f_0.1_eps_1e-05_s_200",99970776,60.013,0.000377533
"n_400_c_100000000_g_10_f_0.1_eps_1e-05_s_300",99980250,60.016,0.0003135
"n_400_c_100000000_g_10_f_0.2_eps_0.0001_s_100",99997597,0.046,7.20944e-05
"n_400_c_100000000_g_10_f_0.2_eps_0.0001_s_200",100005686,0.00699997,2.63402e-05
"n_400_c_100000000_g_10_f_0.2_eps_0.0001_s_300",100013336,0.0280001,1.63006e-06
"n_400_c_100000000_g_10_f_0.2_eps_0.001_s_100",99996298,0.0190001,8.61465e-05
"n_400_c_100000000_g_10_f_0.2_eps_0.001_s_200",99999249,0.0810001,8.8825e-05
"n_400_c_100000000_g_10_f_0.2_eps_0.001_s_300",100003535,0.0469999,9.99831e-05
"n_400_c_100000000_g_10_f_0.2_eps_0.01_s_100",99998555,2.265,5.1383e-05
"n_400_c_100000000_g_10_f_0.2_eps_0.01_s_200",99997616,2.106,9.84623e-05
"n_400_c_100000000_g_10_f_0.2_eps_0.01_s_300",100009405,2.288,3.73293e-05
"n_400_c_100000000_g_10_f_0.2_eps_0.1_s_100",99966338,60.019,0.000358655
"n_400_c_100000000_g_10_f_0.2_eps_0.1_s_200",99971183,60.012,0.000324881
"n_400_c_100000000_g_10_f_0.2_eps_0.1_s_300",99977495,60.012,0.000293095
"n_400_c_100000000_g_10_f_0.2_eps_0_s_100",99816942,60.016,0.00187769
"n_400_c_100000000_g_10_f_0.2_eps_0_s_200",99830175,60.005,0.00180735
"n_400_c_100000000_g_10_f_0.2_eps_0_s_300",99839276,60.012,0.00172246
"n_400_c_100000000_g_10_f_0.2_eps_1e-05_s_100",99948280,60.01,0.0005624
"n_400_c_100000000_g_10_f_0.2_eps_1e-05_s_200",99959768,60.013,0.000489945
"n_400_c_100000000_g_10_f_0.2_eps_1e-05_s_300",99973875,60.007,0.000397243
"n_400_c_100000000_g_10_f_0.3_eps_0.0001_s_100",99999905,0.115,4.7848e-05
"n_400_c_100000000_g_10_f_0.3_eps_0.0001_s_200",100000148,0.00900006,9.50359e-05
"n_400_c_100000000_g_10_f_0.3_eps_0.0001_s_300",100009117,0.835,4.22456e-05
"n_400_c_100000000_g_10_f_0.3_eps_0.001_s_100",100001971,0.0870001,3.13405e-05
"n_400_c_100000000_g_10_f_0.3_eps_0.001_s_200",100001079,0.221,8.339e-05
"n_400_c_100000000_g_10_f_0.3_eps_0.001_s_300",100006495,0.0780001,7.55792e-05
"n_400_c_100000000_g_10_f_0.3_eps_0.01_s_100",100000551,2.551,3.4758e-05
"n_400_c_100000000_g_10_f_0.3_eps_0.01_s_200",100002626,1.346,5.92188e-05
"n_400_c_100000000_g_10_f_0.3_eps_0.01_s_300",100005706,0.0669999,6.57057e-05
"n_400_c_100000000_g_10_f_0.3_eps_0.1_s_100",99968240,60.006,0.000341633
"n_400_c_100000000_g_10_f_0.3_eps_0.1_s_200",99976074,60.011,0.00029751
"n_400_c_100000000_g_10_f_0.3_eps_0.1_s_300",99981266,60.007,0.00025199
"n_400_c_100000000_g_10_f_0.3_eps_0_s_100",100001403,5.317,0
"n_400_c_100000000_g_10_f_0.3_eps_0_s_200",99829702,60.004,0.00174805
"n_400_c_100000000_g_10_f_0.3_eps_0_s_300",99844719,60.01,0.00160547
"n_400_c_100000000_g_10_f_0.3_eps_1e-05_s_100",99938180,60.012,0.000662217
"n_400_c_100000000_g_10_f_0.3_eps_1e-05_s_200",99953258,60.004,0.000565018
"n_400_c_100000000_g_10_f_0.3_eps_1e-05_s_300",99965842,60.013,0.000507674
"n_400_c_100000000_g_14_f_0.1_eps_0.0001_s_100",100003304,0.0079999,1.82323e-05
"n_400_c_100000000_g_14_f_0.1_eps_0.0001_s_200",100002999,0.0079999,6.58344e-05
"n_400_c_100000000_g_14_f_0.1_eps_0.0001_s_300",100007335,0.0079999,7.55712e-05
"n_400_c_100000000_g_14_f_0.1_eps_0.001_s_100",100003630,0.00699997,1.66772e-05
"n_400_c_100000000_g_14_f_0.1_eps_0.001_s_200",100002964,0.0079999,7.48691e-05
"n_400_c_100000000_g_14_f_0.1_eps_0.001_s_300",100009571,0.0209999,6.50398e-05
"n_400_c_100000000_g_14_f_0.1_eps_0.01_s_100",99995743,0.00999999,8.36982e-05
"n_400_c_100000000_g_14_f_0.1_eps_0.01_s_200",100000345,0.0079999,9.49734e-05
"n_400_c_100000000_g_14_f_0.1_eps_0.01_s_300",100010071,0.026,2.5848e-05
"n_400_c_100000000_g_14_f_0.1_eps_0.1_s_100",100000883,0.111,9.95009e-06
"n_400_c_100000000_g_14_f_0.1_eps_0.1_s_200",100003015,0.142,2.70865e-06
"n_400_c_100000000_g_14_f_0.1_eps_0.1_s_300",99994687,0.066,9.93659e-05
"n_400_c_100000000_g_14_f_0.1_eps_0_s_100",99997457,0.00800014,7.92e-05
"n_400_c_100000000_g_14_f_0.1_eps_0_s_200",100001680,0.0079999,7.78027e-05
"n_400_c_100000000_g_14_f_0.1_eps_0_s_300",100004051,0.00800014,9.43564e-05
"n_400_c_100000000_g_14_f_0.1_eps_1e-05_s_100",99999850,0.00700021,5.43481e-05
"n_400_c_100000000_g_14_f_0.1_eps_1e-05_s_200",100000140,0.00600004,8.89168e-05
"n_400_c_100000000_g_14_f_0.1_eps_1e-05_s_300",100013446,0.0079999,9.03436e-07
"n_400_c_100000000_g_14_f_0.2_eps_0.0001_s_100",100001690,0.00600004,3.84996e-05
"n_400_c_100000000_g_14_f_0.2_eps_0.0001_s_200",100003737,0.0079999,6.74636e-05
"n_400_c_100000000_g_14_f_0.2_eps_0.0001_s_300",100007545,0.0059998,7.60224e-05
"n_400_c_100000000_g_14_f_0.2_eps_0.001_s_100",99999417,0.00800014,5.31777e-05
"n_400_c_100000000_g_14_f_0.2_eps_0.001_s_200",100000953,0.00999999,9.71449e-05
"n_400_c_100000000_g_14_f_0.2_eps_0.001_s_300",100010616,0.02,4.80182e-05
"n_400_c_100000000_g_14_f_0.2_eps_0.01_s_100",99998728,0.026,5.8007e-05
"n_400_c_100000000_g_14_f_0.2_eps_0.01_s_200",100006993,0.00999999,2.5775e-05
"n_400_c_100000000_g_14_f_0.2_eps_0.01_s_300",100005462,0.00699997,7.89773e-05
"n_400_c_100000000_g_14_f_0.2_eps_0.1_s_100",100001906,0.309,2.01198e-06
"n_400_c_100000000_g_14_f_0.2_eps_0.1_s_200",99995504,0.0510001,8.85063e-05
"n_400_c_100000000_g_14_f_0.2_eps_0.1_s_300",99999922,0.00699997,6.69093e-05
"n_400_c_100000000_g_14_f_0.2_eps_0_s_100",100001118,0.0079999,4.31447e-05
"n_400_c_100000000_g_14_f_0.2_eps_0_s_200",100004642,0.00600004,6.33295e-05
"n_400_c_100000000_g_14_f_0.2_eps_0_s_300",100004338,0.00800014,9.15118e-05
"n_400_c_100000000_g_14_f_0.2_eps_1e-05_s_100",99999313,0.00600004,6.41869e-05
"n_400_c_100000000_g_14_f_0.2_eps_1e-05_s_200",100001995,0.0059998,8.37088e-05
"n_400_c_100000000_g_14_f_0.2_eps_1e-05_s_300",100008799,0.00699997,7.24094e-05
"n_400_c_100000000_g_14_f_0.3_eps_0.0001_s_100",99997262,0.0059998,8.52694e-05
"n_400_c_100000000_g_14_f_0.3_eps_0.0001_s_200",100001721,0.00600004,9.58611e-05
"n_400_c_100000000_g_14_f_0.3_eps_0.0001_s_300",100013008,0.00499988,3.51849e-05
"n_400_c_100000000_g_14_f_0.3_eps_0.001_s_100",100001181,0.00600004,4.82648e-05
"n_400_c_100000000_g_14_f_0.3_eps_0.001_s_200",100004259,0.00500011,6.60579e-05
"n_400_c_100000000_g_14_f_0.3_eps_0.001_s_300",100008637,0.00800014,9.46599e-05
"n_400_c_100000000_g_14_f_0.3_eps_0.01_s_100",99997726,0.00800014,7.38048e-05
"n_400_c_100000000_g_14_f_0.3_eps_0.01_s_200",100005922,0.072,4.22305e-05
"n_400_c_100000000_g_14_f_0.3_eps_0.01_s_300",100011446,0.0110002,2.54519e-05
"n_400_c_100000000_g_14_f_0.3_eps_0.1_s_100",99993055,0.029,9.67437e-05
"n_400_c_100000000_g_14_f_0.3_eps_0.1_s_200",99999850,0.0280001,5.5741e-05
"n_400_c_100000000_g_14_f_0.3_eps_0.1_s_300",100001813,0.198,6.24958e-05
"n_400_c_100000000_g_14_f_0.3_eps_0_s_100",99998053,0.0079999,7.52538e-05
"n_400_c_100000000_g_14_f_0.3_eps_0_s_200",100005490,0.00699997,4.27153e-05
"n_400_c_100000000_g_14_f_0.3_eps_0_s_300",100006931,0.00800014,9.86096e-05
"n_400_c_100000000_g_14_f_0.3_eps_1e-05_s_100",99998638,0.0079999,6.59126e-05
"n_400_c_100000000_g_14_f_0.3_eps_1e-05_s_200",100002434,0.00499988,9.84073e-05
"n_400_c_100000000_g_14_f_0.3_eps_1e-05_s_300",100013721,0.0079999,4.53043e-05
"n_400_c_100000000_g_2_f_0.1_eps_0.0001_s_100",50011876,0.00200009,0
"n_400_c_100000000_g_2_f_0.1_eps_0.0001_s_200",50014425,0.00400019,0
"n_400_c_100000000_g_2_f_0.1_eps_0.0001_s_300",50015400,0.00600004,0
"n_400_c_100000000_g_2_f_0.1_eps_0.001_s_100",50101864,0.00200009,0
"n_400_c_100000000_g_2_f_0.1_eps_0.001_s_200",50104061,0.00600004,0
"n_400_c_100000000_g_2_f_0.1_eps_0.001_s_300",50106235,0.00600004,0
"n_400_c_100000000_g_2_f_0.1_eps_0.01_s_100",51002184,0.00199986,0
"n_400_c_100000000_g_2_f_0.1_eps_0.01_s_200",51003472,0.00199986,0
"n_400_c_100000000_g_2_f_0.1_eps_0.01_s_300",51006311,0.00399995,0
"n_400_c_100000000_g_2_f_0.1_eps_0.1_s_100",60002144,0.00199986,0
"n_400_c_100000000_g_2_f_0.1_eps_0.1_s_200",60003913,0.00399995,0
"n_400_c_100000000_g_2_f_0.1_eps_0.1_s_300",60005975,0.00400019,0
"n_400_c_100000000_g_2_f_0.1_eps_0_s_100",50002216,0.0320001,0
"n_400_c_100000000_g_2_f_0.1_eps_0_s_200",50003929,0.103,0
"n_400_c_100000000_g_2_f_0.1_eps_0_s_300",50006933,0.113,0
"n_400_c_100000000_g_2_f_0.1_eps_1e-05_s_100",50003042,0.00199986,0
"n_400_c_100000000_g_2_f_0.1_eps_1e-05_s_200",50004947,0.00400019,3.9996e-08
"n_400_c_100000000_g_2_f_0.1_eps_1e-05_s_300",50008005,0.0059998,0
"n_400_c_100000000_g_2_f_0.2_eps_0.0001_s_100",50014064,0.00500011,0
"n_400_c_100000000_g_2_f_0.2_eps_0.0001_s_200",50018720,0.00400019,1.99925e-07
"n_400_c_100000000_g_2_f_0.2_eps_0.0001_s_300",50023138,0.00399995,0
"n_400_c_100000000_g_2_f_0.2_eps_0.001_s_100",50104091,0.00300002,0
"n_400_c_100000000_g_2_f_0.2_eps_0.001_s_200",50108079,0.00600004,0
"n_400_c_100000000_g_2_f_0.2_eps_0.001_s_300",50112210,0.00300002,3.39239e-07
"n_400_c_100000000_g_2_f_0.2_eps_0.01_s_100",51004034,0.00300002,0
"n_400_c_100000000_g_2_f_0.2_eps_0.01_s_200",51008039,0.00299978,0
"n_400_c_100000000_g_2_f_0.2_eps_0.01_s_300",51011762,0.00400019,0
"n_400_c_100000000_g_2_f_0.2_eps_0.1_s_100",60004162,0.00399995,1.66655e-08
"n_400_c_100000000_g_2_f_0.2_eps_0.1_s_200",60008013,0.00399995,0
"n_400_c_100000000_g_2_f_0.2_eps_0.1_s_300",60012897,0.00300002,0
"n_400_c_100000000_g_2_f_0.2_eps_0_s_100",50004206,0.576,0
"n_400_c_100000000_g_2_f_0.2_eps_0_s_200",50007741,0.152,0
"n_400_c_100000000_g_2_f_0.2_eps_0_s_300",50011233,0.095,0
"n_400_c_100000000_g_2_f_0.2_eps_1e-05_s_100",50005009,0.00300002,0
"n_400_c_100000000_g_2_f_0.2_eps_1e-05_s_200",50009187,0.00300002,0
"n_400_c_100000000_g_2_f_0.2_eps_1e-05_s_300",50012692,0.00500011,0
"n_400_c_100000000_g_2_f_0.3_eps_0.0001_s_100",50016124,0.00399995,1.99936e-08
"n_400_c_100000000_g_2_f_0.3_eps_0.0001_s_200",50020966,0.00300002,0
"n_400_c_100000000_g_2_f_0.3_eps_0.0001_s_300",50029447,0.00499988,0
"n_400_c_100000000_g_2_f_0.3_eps_0.001_s_100",50106051,0.00600004,0
"n_400_c_100000000_g_2_f_0.3_eps_0.001_s_200",50111076,0.00600004,0
"n_400_c_100000000_g_2_f_0.3_eps_0.001_s_300",50118967,0.00200009,0
"n_400_c_100000000_g_2_f_0.3_eps_0.01_s_100",51006643,0.00399995,0
"n_400_c_100000000_g_2_f_0.3_eps_0.01_s_200",51012697,0.00399995,0
"n_400_c_100000000_g_2_f_0.3_eps_0.01_s_300",51020037,0.00200009,0
"n_400_c_100000000_g_2_f_0.3_eps_0.1_s_100",60005729,0.00399995,3.33302e-08
"n_400_c_100000000_g_2_f_0.3_eps_0.1_s_200",60011852,0.00600004,0
"n_400_c_100000000_g_2_f_0.3_eps_0.1_s_300",60019036,0.00200009,0
"n_400_c_100000000_g_2_f_0.3_eps_0_s_100",50006357,0.079,0
"n_400_c_100000000_g_2_f_0.3_eps_0_s_200",50013425,0.0449998,0
"n_400_c_100000000_g_2_f_0.3_eps_0_s_300",50016932,0.0220001,5.99797e-07
"n_400_c_100000000_g_2_f_0.3_eps_1e-05_s_100",50006781,0.00200009,0
"n_400_c_100000000_g_2_f_0.3_eps_1e-05_s_200",50013552,0.00200009,0
"n_400_c_100000000_g_2_f_0.3_eps_1e-05_s_300",50019364,0.00600004,0
"n_400_c_100000000_g_6_f_0.1_eps_0.0001_s_100",97189294,60.005,0.013954
"n_400_c_100000000_g_6_f_0.1_eps_0.0001_s_200",97193422,60.017,0.0234815
"n_400_c_100000000_g_6_f_0.1_eps_0.0001_s_300",97198759,60.011,0.0205751
"n_400_c_100000000_g_6_f_0.1_eps_0.001_s_100",99979311,60.009,0.000222966
"n_400_c_100000000_g_6_f_0.1_eps_0.001_s_200",99984190,60.01,0.000204178
"n_400_c_100000000_g_6_f_0.1_eps_0.001_s_300",99988758,60.015,0.000172442
"n_400_c_100000000_g_6_f_0.1_eps_0.01_s_100",99752503,60.008,0.00249536
"n_400_c_100000000_g_6_f_0.1_eps_0.01_s_200",99755739,60.011,0.00248898
"n_400_c_100000000_g_6_f_0.1_eps_0.01_s_300",99757298,60.013,0.00247463
"n_400_c_100000000_g_6_f_0.1_eps_0.1_s_100",99377358,60.012,0.00627494
"n_400_c_100000000_g_6_f_0.1_eps_0.1_s_200",99379666,60.01,0.00625927
"n_400_c_100000000_g_6_f_0.1_eps_0.1_s_300",99382647,60.009,0.00624362
"n_400_c_100000000_g_6_f_0.1_eps_0_s_100",100000498,4.482,0
"n_400_c_100000000_g_6_f_0.1_eps_0_s_200",96883871,60.016,0.0322117
"n_400_c_100000000_g_6_f_0.1_eps_0_s_300",96888130,60.006,0.0321543
"n_400_c_100000000_g_6_f_0.1_eps_1e-05_s_100",96910655,60.009,0.0310536
"n_400_c_100000000_g_6_f_0.1_eps_1e-05_s_200",96915386,60.01,0.0318656
"n_400_c_100000000_g_6_f_0.1_eps_1e-05_s_300",96919362,60.012,0.0267963
"n_400_c_100000000_g_6_f_0.2_eps_0.0001_s_100",97191157,60.004,0.0233648
"n_400_c_100000000_g_6_f_0.2_eps_0.0001_s_200",97197189,60.011,0.0233582
"n_400_c_100000000_g_6_f_0.2_eps_0.0001_s_300",97204263,60.022,0.0236086
"n_400_c_100000000_g_6_f_0.2_eps_0.001_s_100",99981044,60.007,0.000210365
"n_400_c_100000000_g_6_f_0.2_eps_0.001_s_200",99987754,60.009,0.000171392
"n_400_c_100000000_g_6_f_0.2_eps_0.001_s_300",99993513,60.016,0.000144399
"n_400_c_100000000_g_6_f_0.2_eps_0.01_s_100",99754685,60.012,0.00117893
"n_400_c_100000000_g_6_f_0.2_eps_0.01_s_200",99758948,60.011,0.00245743
"n_400_c_100000000_g_6_f_0.2_eps_0.01_s_300",99763922,60.005,0.00243999
"n_400_c_100000000_g_6_f_0.2_eps_0.1_s_100",99379362,60.011,0.00626245
"n_400_c_100000000_g_6_f_0.2_eps_0.1_s_200",99383565,60.008,0.00623136
"n_400_c_100000000_g_6_f_0.2_eps_0.1_s_300",99388441,60.012,0.00620453
"n_400_c_100000000_g_6_f_0.2_eps_0_s_100",96881195,60.005,0.0322182
"n_400_c_100000000_g_6_f_0.2_eps_0_s_200",96887121,60.012,0.0321925
"n_400_c_100000000_g_6_f_0.2_eps_0_s_300",96894906,60.009,0.0321381
"n_400_c_100000000_g_6_f_0.2_eps_1e-05_s_100",96912775,60.006,0.0238791
"n_400_c_100000000_g_6_f_0.2_eps_1e-05_s_200",96918145,60.015,0.0318502
"n_400_c_100000000_g_6_f_0.2_eps_1e-05_s_300",96925996,60.007,0.0265585
"n_400_c_100000000_g_6_f_0.3_eps_0.0001_s_100",97192927,60.004,0.0289113
"n_400_c_100000000_g_6_f_0.3_eps_0.0001_s_200",97200458,60.006,0.0243521
"n_400_c_100000000_g_6_f_0.3_eps_0.0001_s_300",97209679,60.013,0.0232324
"n_400_c_100000000_g_6_f_0.3_eps_0.001_s_100",99983384,60.007,0.000192286
"n_400_c_100000000_g_6_f_0.3_eps_0.001_s_200",99991757,60.002,0.000145585
"n_400_c_100000000_g_6_f_0.3_eps_0.001_s_300",100000590,0.693,9.76062e-05
"n_400_c_100000000_g_6_f_0.3_eps_0.01_s_100",99756499,60.004,0.00247368
"n_400_c_100000000_g_6_f_0.3_eps_0.01_s_200",99762915,60.012,0.00244746
"n_400_c_100000000_g_6_f_0.3_eps_0.01_s_300",99768821,60.003,0.00239163
"n_400_c_100000000_g_6_f_0.3_eps_0.1_s_100",99381182,60.085,0.00624487
"n_400_c_100000000_g_6_f_0.3_eps_0.1_s_200",99388336,60.012,0.00620795
"n_400_c_100000000_g_6_f_0.3_eps_0.1_s_300",99395548,60.006,0.0061557
"n_400_c_100000000_g_6_f_0.3_eps_0_s_100",96882564,60.017,0.0322099
"n_400_c_100000000_g_6_f_0.3_eps_0_s_200",96891457,60.007,0.0321545
"n_400_c_100000000_g_6_f_0.3_eps_0_s_300",96899763,60.009,0.0320375
"n_400_c_100000000_g_6_f_0.3_eps_1e-05_s_100",96914165,60.008,0.0228928
"n_400_c_100000000_g_6_f_0.3_eps_1e-05_s_200",96922171,60.007,0.0240923
"n_400_c_100000000_g_6_f_0.3_eps_1e-05_s_300",96928274,60.008,0.0269814
"n_400_c_1000000_g_10_f_0.1_eps_0.0001_s_100",1004159,0.039,5.49113e-05
"n_400_c_1000000_g_10_f_0.1_eps_0.0001_s_200",1008425,0.0479999,5.16918e-05
"n_400_c_1000000_g_10_f_0.1_eps_0.0001_s_300",1012153,0.0309999,8.45386e-05
"n_400_c_1000000_g_10_f_0.1_eps_0.001_s_100",1004444,0.0639999,6.82941e-05
"n_400_c_1000000_g_10_f_0.1_eps_0.001_s_200",1007988,0.03,9.57225e-05
"n_400_c_1000000_g_10_f_0.1_eps_0.001_s_300",1013379,0.0239999,9.62685e-05
"n_400_c_1000000_g_10_f_0.1_eps_0.01_s_100",1003749,0.0580001,4.41337e-05
"n_400_c_1000000_g_10_f_0.1_eps_0.01_s_200",1005893,0.00999999,2.43422e-05
"n_400_c_1000000_g_10_f_0.1_eps_0.01_s_300",1009940,0.027,7.34867e-05
"n_400_c_1000000_g_10_f_0.1_eps_0.1_s_100",1001241,0.0109999,9.54744e-05
"n_400_c_1000000_g_10_f_0.1_eps_0.1_s_200",1002853,0.388,0
"n_400_c_1000000_g_10_f_0.1_eps_0.1_s_300",1003954,0.0869999,9.33895e-05
"n_400_c_1000000_g_10_f_0.1_eps_0_s_100",1003939,0.997,0
"n_400_c_1000000_g_10_f_0.1_eps_0_s_200",1007751,0.00999999,6.42619e-05
"n_400_c_1000000_g_10_f_0.1_eps_0_s_300",1012196,0.0239999,6.62515e-05
"n_400_c_1000000_g_10_f_0.1_eps_1e-05_s_100",1004026,0.0079999,2.58882e-05
"n_400_c_1000000_g_10_f_0.1_eps_1e-05_s_200",1008354,0.0059998,3.70688e-05
"n_400_c_1000000_g_10_f_0.1_eps_1e-05_s_300",1012414,0.0349998,9.59333e-05
"n_400_c_1000000_g_10_f_0.2_eps_0.0001_s_100",1004401,0.03,4.30674e-05
"n_400_c_1000000_g_10_f_0.2_eps_0.0001_s_200",1009770,0.0120001,9.13575e-05
"n_400_c_1000000_g_10_f_0.2_eps_0.0001_s_300",1015950,0.0079999,8.01545e-05
"n_400_c_1000000_g_10_f_0.2_eps_0.001_s_100",1004299,0.00999999,8.84468e-05
"n_400_c_1000000_g_10_f_0.2_eps_0.001_s_200",1008224,0.017,4.52917e-05
"n_400_c_1000000_g_10_f_0.2_eps_0.001_s_300",1012834,0.0079999,9.0995e-05
"n_400_c_1000000_g_10_f_0.2_eps_0.01_s_100",1004087,0.00800014,7.07072e-05
"n_400_c_1000000_g_10_f_0.2_eps_0.01_s_200",1007689,0.0509999,3.96438e-05
"n_400_c_1000000_g_10_f_0.2_eps_0.01_s_300",1011123,0.0079999,6.11929e-05
"n_400_c_1000000_g_10_f_0.2_eps_0.1_s_100",1002470,1.824,0
"n_400_c_1000000_g_10_f_0.2_eps_0.1_s_200",1003697,0.073,9.87091e-05
"n_400_c_1000000_g_10_f_0.2_eps_0.1_s_300",1005824,0.485,0
"n_400_c_1000000_g_10_f_0.2_eps_0_s_100",1004168,0.0110002,9.45904e-05
"n_400_c_1000000_g_10_f_0.2_eps_0_s_200",1008716,0.00699997,4.16461e-05
"n_400_c_1000000_g_10_f_0.2_eps_0_s_300",1011918,0.0110002,2.15142e-05
"n_400_c_1000000_g_10_f_0.2_eps_1e-05_s_100",1004483,0.016,7.18658e-05
"n_400_c_1000000_g_10_f_0.2_eps_1e-05_s_200",1008812,0.00999999,4.47175e-05
"n_400_c_1000000_g_10_f_0.2_eps_1e-05_s_300",1011256,0.0139999,3.93747e-05
"n_400_c_1000000_g_10_f_0.3_eps_0.0001_s_100",1004775,0.046,8.01697e-05
"n_400_c_1000000_g_10_f_0.3_eps_0.0001_s_200",1010439,0.00999999,8.07064e-05
"n_400_c_1000000_g_10_f_0.3_eps_0.0001_s_300",1014325,0.0279999,6.76033e-05
"n_400_c_1000000_g_10_f_0.3_eps_0.001_s_100",1004769,0.00999999,2.94641e-06
"n_400_c_1000000_g_10_f_0.3_eps_0.001_s_200",1008528,0.0150001,9.19132e-05
"n_400_c_1000000_g_10_f_0.3_eps_0.001_s_300",1012266,0.00999999,7.8837e-05
"n_400_c_1000000_g_10_f_0.3_eps_0.01_s_100",1004086,0.0119998,7.06064e-05
"n_400_c_1000000_g_10_f_0.3_eps_0.01_s_200",1007853,0.0109999,9.62593e-05
"n_400_c_1000000_g_10_f_0.3_eps_0.01_s_300",1012789,0.0220001,5.35582e-05
"n_400_c_1000000_g_10_f_0.3_eps_0.1_s_100",1002612,0.0280001,5.97263e-05
"n_400_c_1000000_g_10_f_0.3_eps_0.1_s_200",1004373,0.0279999,6.71333e-05
"n_400_c_1000000_g_10_f_0.3_eps_0.1_s_300",1007976,0.729,0
"n_400_c_1000000_g_10_f_0.3_eps_0_s_100",1004971,0.0140002,4.40302e-05
"n_400_c_1000000_g_10_f_0.3_eps_0_s_200",1008480,0.00900006,1.94974e-05
"n_400_c_1000000_g_10_f_0.3_eps_0_s_300",1012279,0.00999999,7.51333e-05
"n_400_c_1000000_g_10_f_0.3_eps_1e-05_s_100",1005318,0.0829999,8.04827e-05
"n_400_c_1000000_g_10_f_0.3_eps_1e-05_s_200",1009329,0.00999999,7.28283e-05
"n_400_c_1000000_g_10_f_0.3_eps_1e-05_s_300",1016602,0.0330002,7.64409e-05
"n_400_c_1000000_g_14_f_0.1_eps_0.0001_s_100",1005227,0.00800014,9.25556e-06
"n_400_c_1000000_g_14_f_0.1_eps_0.0001_s_200",1010115,0.00999999,4.50068e-05
"n_400_c_1000000_g_14_f_0.1_eps_0.0001_s_300",1014912,0.0079999,8.89788e-05
"n_400_c_1000000_g_14_f_0.1_eps_0.001_s_100",1005537,0.0179999,6.5986e-05
"n_400_c_1000000_g_14_f_0.1_eps_0.001_s_200",1009740,0.0120001,6.82578e-05
"n_400_c_1000000_g_14_f_0.1_eps_0.001_s_300",1014457,0.0119998,7.60554e-05
"n_400_c_1000000_g_14_f_0.1_eps_0.01_s_100",1003885,0.0109999,7.33894e-05
"n_400_c_1000000_g_14_f_0.1_eps_0.01_s_200",1008727,0.0120001,3.61298e-05
"n_400_c_1000000_g_14_f_0.1_eps_0.01_s_300",1011892,0.0309999,6.53999e-05
"n_400_c_1000000_g_14_f_0.1_eps_0.1_s_100",1001772,0.0150001,5.50274e-05
"n_400_c_1000000_g_14_f_0.1_eps_0.1_s_200",1002691,0.606,0
"n_400_c_1000000_g_14_f_0.1_eps_0.1_s_300",1006052,0.314,8.57961e-05
"n_400_c_1000000_g_14_f_0.1_eps_0_s_100",1005374,0.0120001,4.42021e-05
"n_400_c_1000000_g_14_f_0.1_eps_0_s_200",1009864,0.0120001,5.03921e-05
"n_400_c_1000000_g_14_f_0.1_eps_0_s_300",1015146,0.00999999,9.71217e-05
"n_400_c_1000000_g_14_f_0.1_eps_1e-05_s_100",1004817,0.00999999,1.78401e-05
"n_400_c_1000000_g_14_f_0.1_eps_1e-05_s_200",1010984,0.0079999,5.43519e-05
"n_400_c_1000000_g_14_f_0.1_eps_1e-05_s_300",1015557,0.00899982,4.30443e-05
"n_400_c_1000000_g_14_f_0.2_eps_0.0001_s_100",1005205,0.0079999,4.93899e-05
"n_400_c_1000000_g_14_f_0.2_eps_0.0001_s_200",1009933,0.0079999,1.38274e-05
"n_400_c_1000000_g_14_f_0.2_eps_0.0001_s_300",1016761,0.0139999,9.94584e-05
"n_400_c_1000000_g_14_f_0.2_eps_0.001_s_100",1005182,0.00999999,3.19366e-05
"n_400_c_1000000_g_14_f_0.2_eps_0.001_s_200",1010312,0.00699997,7.96685e-05
"n_400_c_1000000_g_14_f_0.2_eps_0.001_s_300",1016439,0.00999999,4.36612e-05
"n_400_c_1000000_g_14_f_0.2_eps_0.01_s_100",1004228,0.00699997,5.64905e-05
"n_400_c_1000000_g_14_f_0.2_eps_0.01_s_200",1009794,0.0109999,7.20133e-05
"n_400_c_1000000_g_14_f_0.2_eps_0.01_s_300",1013411,0.0150001,9.34328e-05
"n_400_c_1000000_g_14_f_0.2_eps_0.1_s_100",1002182,1.452,0
"n_400_c_1000000_g_14_f_0.2_eps_0.1_s_200",1003997,0.144,5.42609e-05
"n_400_c_1000000_g_14_f_0.2_eps_0.1_s_300",1006752,0.137,5.76505e-05
"n_400_c_1000000_g_14_f_0.2_eps_0_s_100",1005698,0.00999999,3.0473e-05
"n_400_c_1000000_g_14_f_0.2_eps_0_s_200",1010542,0.0110002,7.66272e-05
"n_400_c_1000000_g_14_f_0.2_eps_0_s_300",1014126,0.00900006,9.76661e-05
"n_400_c_1000000_g_14_f_0.2_eps_1e-05_s_100",1005522,0.00999999,3.23329e-05
"n_400_c_1000000_g_14_f_0.2_eps_1e-05_s_200",1008331,0.0079999,4.38322e-05
"n_400_c_1000000_g_14_f_0.2_eps_1e-05_s_300",1017998,0.00999999,6.73764e-05
"n_400_c_1000000_g_14_f_0.3_eps_0.0001_s_100",1005544,0.00800014,5.34433e-05
"n_400_c_1000000_g_14_f_0.3_eps_0.0001_s_200",1012361,0.00999999,3.74364e-05
"n_400_c_1000000_g_14_f_0.3_eps_0.0001_s_300",1017477,0.0120001,8.2024e-05
"n_400_c_1000000_g_14_f_0.3_eps_0.001_s_100",1004902,0.00999999,3.03446e-05
"n_400_c_1000000_g_14_f_0.3_eps_0.001_s_200",1009630,0.00900006,1.62887e-05
"n_400_c_1000000_g_14_f_0.3_eps_0.001_s_300",1016881,0.0100002,3.1696e-05
"n_400_c_1000000_g_14_f_0.3_eps_0.01_s_100",1004736,0.02,3.03651e-05
"n_400_c_1000000_g_14_f_0.3_eps_0.01_s_200",1009113,0.00999999,6.98856e-05
"n_400_c_1000000_g_14_f_0.3_eps_0.01_s_300",1015995,0.00800014,7.41082e-05
"n_400_c_1000000_g_14_f_0.3_eps_0.1_s_100",1002592,0.134,8.19463e-05
"n_400_c_1000000_g_14_f_0.3_eps_0.1_s_200",1005159,0.281,9.75315e-05
"n_400_c_1000000_g_14_f_0.3_eps_0.1_s_300",1008229,0.534,0
"n_400_c_1000000_g_14_f_0.3_eps_0_s_100",1004997,0.0120001,3.05975e-05
"n_400_c_1000000_g_14_f_0.3_eps_0_s_200",1012192,0.00999999,8.57483e-05
"n_400_c_1000000_g_14_f_0.3_eps_0_s_300",1016920,0.00999999,7.83566e-05
"n_400_c_1000000_g_14_f_0.3_eps_1e-05_s_100",1005027,0.00999999,1.6007e-05
"n_400_c_1000000_g_14_f_0.3_eps_1e-05_s_200",1011339,0.00900006,9.13458e-05
"n_400_c_1000000_g_14_f_0.3_eps_1e-05_s_300",1016812,0.0079999,5.4334e-05
"n_400_c_1000000_g_2_f_0.1_eps_0.0001_s_100",502437,0.00199986,0
"n_400_c_1000000_g_2_f_0.1_eps_0.0001_s_200",505206,0.00200009,1.78145e-05
"n_400_c_1000000_g_2_f_0.1_eps_0.0001_s_300",506035,0.00399995,0
"n_400_c_1000000_g_2_f_0.1_eps_0.001_s_100",503313,0.00399995,0
"n_400_c_1000000_g_2_f_0.1_eps_0.001_s_200",504648,0.00399995,0
"n_400_c_1000000_g_2_f_0.1_eps_0.001_s_300",507304,0.00399995,0
"n_400_c_1000000_g_2_f_0.1_eps_0.01_s_100",512187,0.000999928,0
"n_400_c_1000000_g_2_f_0.1_eps_0.01_s_200",513600,0.0059998,0
"n_400_c_1000000_g_2_f_0.1_eps_0.01_s_300",517209,0.00500011,0
"n_400_c_1000000_g_2_f_0.1_eps_0.1_s_100",602022,0.00199986,0
"n_400_c_1000000_g_2_f_0.1_eps_0.1_s_200",604798,0.00399995,0
"n_400_c_1000000_g_2_f_0.1_eps_0.1_s_300",606257,0.00399995,0
"n_400_c_1000000_g_2_f_0.1_eps_0_s_100",501979,0.00399995,0
"n_400_c_1000000_g_2_f_0.1_eps_0_s_200",503787,0.00399995,0
"n_400_c_1000000_g_2_f_0.1_eps_0_s_300",506711,0.00600004,0
"n_400_c_1000000_g_2_f_0.1_eps_1e-05_s_100",502220,0.00499988,0
"n_400_c_1000000_g_2_f_0.1_eps_1e-05_s_200",503977,0.00400019,0
"n_400_c_1000000_g_2_f_0.1_eps_1e-05_s_300",506272,0.00400019,0
"n_400_c_1000000_g_2_f_0.2_eps_0.0001_s_100",504485,0.00399995,0
"n_400_c_1000000_g_2_f_0.2_eps_0.0001_s_200",507571,0.00199986,5.9105e-06
"n_400_c_1000000_g_2_f_0.2_eps_0.0001_s_300",513438,0.00600004,0
"n_400_c_1000000_g_2_f_0.2_eps_0.001_s_100",505088,0.00200009,0
"n_400_c_1000000_g_2_f_0.2_eps_0.001_s_200",509121,0.00400019,1.57134e-05
"n_400_c_1000000_g_2_f_0.2_eps_0.001_s_300",514845,0.00200009,0
"n_400_c_1000000_g_2_f_0.2_eps_0.01_s_100",514451,0.00200009,0
"n_400_c_1000000_g_2_f_0.2_eps_0.01_s_200",519369,0.00200009,0
"n_400_c_1000000_g_2_f_0.2_eps_0.01_s_300",521869,0.00199986,0
"n_400_c_1000000_g_2_f_0.2_eps_0.1_s_100",604448,0.00300002,0
"n_400_c_1000000_g_2_f_0.2_eps_0.1_s_200",608592,0.00499988,0
"n_400_c_1000000_g_2_f_0.2_eps_0.1_s_300",612361,0.00399995,0
"n_400_c_1000000_g_2_f_0.2_eps_0_s_100",503886,0.00399995,0
"n_400_c_1000000_g_2_f_0.2_eps_0_s_200",508832,0.00400019,1.96529e-06
"n_400_c_1000000_g_2_f_0.2_eps_0_s_300",511354,0.00399995,0
"n_400_c_1000000_g_2_f_0.2_eps_1e-05_s_100",503987,0.00399995,0
"n_400_c_1000000_g_2_f_0.2_eps_1e-05_s_200",507920,0.00200009,3.93763e-06
"n_400_c_1000000_g_2_f_0.2_eps_1e-05_s_300",512494,0.00400019,0
"n_400_c_1000000_g_2_f_0.3_eps_0.0001_s_100",506374,0.00400019,0
"n_400_c_1000000_g_2_f_0.3_eps_0.0001_s_200",512603,0.00399995,0
"n_400_c_1000000_g_2_f_0.3_eps_0.0001_s_300",517989,0.00600004,0
"n_400_c_1000000_g_2_f_0.3_eps_0.001_s_100",507242,0.00399995,0
"n_400_c_1000000_g_2_f_0.3_eps_0.001_s_200",513204,0.00399995,0
"n_400_c_1000000_g_2_f_0.3_eps_0.001_s_300",520347,0.00399995,0
"n_400_c_1000000_g_2_f_0.3_eps_0.01_s_100",516433,0.00500011,0
"n_400_c_1000000_g_2_f_0.3_eps_0.01_s_200",521976,0.00499988,0
"n_400_c_1000000_g_2_f_0.3_eps_0.01_s_300",527210,0.00399995,0
"n_400_c_1000000_g_2_f_0.3_eps_0.1_s_100",606228,0.00399995,0
"n_400_c_1000000_g_2_f_0.3_eps_0.1_s_200",612201,0.00400019,0
"n_400_c_1000000_g_2_f_0.3_eps_0.1_s_300",617769,0.00400019,0
"n_400_c_1000000_g_2_f_0.3_eps_0_s_100",505940,0.0059998,0
"n_400_c_1000000_g_2_f_0.3_eps_0_s_200",511217,0.00600004,0
"n_400_c_1000000_g_2_f_0.3_eps_0_s_300",518908,0.00399995,0
"n_400_c_1000000_g_2_f_0.3_eps_1e-05_s_100",506364,0.00399995,0
"n_400_c_1000000_g_2_f_0.3_eps_1e-05_s_200",512129,0.00399995,3.90527e-06
"n_400_c_1000000_g_2_f_0.3_eps_1e-05_s_300",520214,0.00399995,0
"n_400_c_1000000_g_6_f_0.1_eps_0.0001_s_100",976373,2.354,0
"n_400_c_1000000_g_6_f_0.1_eps_0.0001_s_200",980354,1.346,0
"n_400_c_1000000_g_6_f_0.1_eps_0.0001_s_300",984994,1.316,0
"n_400_c_1000000_g_6_f_0.1_eps_0.001_s_100",1001600,1.289,0
"n_400_c_1000000_g_6_f_0.1_eps_0.001_s_200",1004242,0.807,0
"n_400_c_1000000_g_6_f_0.1_eps_0.001_s_300",1006268,0.504,0
"n_400_c_1000000_g_6_f_0.1_eps_0.01_s_100",1000533,2.51,0
"n_400_c_1000000_g_6_f_0.1_eps_0.01_s_200",1002153,1.447,0
"n_400_c_1000000_g_6_f_0.1_eps_0.01_s_300",1003132,1.266,0
"n_400_c_1000000_g_6_f_0.1_eps_0.1_s_100",996005,2.41,0
"n_400_c_1000000_g_6_f_0.1_eps_0.1_s_200",998792,2.32,0
"n_400_c_1000000_g_6_f_0.1_eps_0.1_s_300",1000795,1.212,0
"n_400_c_1000000_g_6_f_0.1_eps_0_s_100",972853,2.469,0
"n_400_c_1000000_g_6_f_0.1_eps_0_s_200",977038,1.452,0
"n_400_c_1000000_g_6_f_0.1_eps_0_s_300",980653,1.706,0
"n_400_c_1000000_g_6_f_0.1_eps_1e-05_s_100",973594,2.776,0
"n_400_c_1000000_g_6_f_0.1_eps_1e-05_s_200",977806,2.559,0
"n_400_c_1000000_g_6_f_0.1_eps_1e-05_s_300",981948,1.345,0
"n_400_c_1000000_g_6_f_0.2_eps_0.0001_s_100",978543,2.427,0
"n_400_c_1000000_g_6_f_0.2_eps_0.0001_s_200",984820,2.547,0
"n_400_c_1000000_g_6_f_0.2_eps_0.0001_s_300",990550,2.923,0
"n_400_c_1000000_g_6_f_0.2_eps_0.001_s_100",1002458,2.467,0
"n_400_c_1000000_g_6_f_0.2_eps_0.001_s_200",1005138,0.02,6.48356e-05
"n_400_c_1000000_g_6_f_0.2_eps_0.001_s_300",1007456,0.541,0
"n_400_c_1000000_g_6_f_0.2_eps_0.01_s_100",1001765,2.593,0
"n_400_c_1000000_g_6_f_0.2_eps_0.01_s_200",1004514,1.316,0
"n_400_c_1000000_g_6_f_0.2_eps_0.01_s_300",1006463,1.269,0
"n_400_c_1000000_g_6_f_0.2_eps_0.1_s_100",998139,2.323,0
"n_400_c_1000000_g_6_f_0.2_eps_0.1_s_200",1003054,2.295,0
"n_400_c_1000000_g_6_f_0.2_eps_0.1_s_300",1004665,1.118,0
"n_400_c_1000000_g_6_f_0.2_eps_0_s_100",974628,2.519,0
"n_400_c_1000000_g_6_f_0.2_eps_0_s_200",981891,1.399,0
"n_400_c_1000000_g_6_f_0.2_eps_0_s_300",988598,1.372,0
"n_400_c_1000000_g_6_f_0.2_eps_1e-05_s_100",975324,2.559,0
"n_400_c_1000000_g_6_f_0.2_eps_1e-05_s_200",980816,2.397,0
"n_400_c_1000000_g_6_f_0.2_eps_1e-05_s_300",987819,1.386,0
"n_400_c_1000000_g_6_f_0.3_eps_0.0001_s_100",979425,1.207,0
"n_400_c_1000000_g_6_f_0.3_eps_0.0001_s_200",987596,1.492,0
"n_400_c_1000000_g_6_f_0.3_eps_0.0001_s_300",998149,1.509,0
"n_400_c_1000000_g_6_f_0.3_eps_0.001_s_100",1002974,2.518,0
"n_400_c_1000000_g_6_f_0.3_eps_0.001_s_200",1006755,0.706,0
"n_400_c_1000000_g_6_f_0.3_eps_0.001_s_300",1008683,0.00600004,7.92713e-05
"n_400_c_1000000_g_6_f_0.3_eps_0.01_s_100",1002301,2.637,0
"n_400_c_1000000_g_6_f_0.3_eps_0.01_s_200",1005000,2.273,0
"n_400_c_1000000_g_6_f_0.3_eps_0.01_s_300",1010264,0.564,0
"n_400_c_1000000_g_6_f_0.3_eps_0.1_s_100",999885,1.049,0
"n_400_c_1000000_g_6_f_0.3_eps_0.1_s_200",1004028,1.227,0
"n_400_c_1000000_g_6_f_0.3_eps_0.1_s_300",1008061,2.346,0
"n_400_c_1000000_g_6_f_0.3_eps_0_s_100",976770,1.315,0
"n_400_c_1000000_g_6_f_0.3_eps_0_s_200",986199,1.535,0
"n_400_c_1000000_g_6_f_0.3_eps_0_s_300",993592,1.474,0
"n_400_c_1000000_g_6_f_0.3_eps_1e-05_s_100",977499,2.524,0
"n_400_c_1000000_g_6_f_0.3_eps_1e-05_s_200",985804,2.528,0
"n_400_c_1000000_g_6_f_0.3_eps_1e-05_s_300",993039,1.415,0
"n_600_c_10000000000_g_10_f_0.1_eps_0.0001_s_100",9999353095,0.0769999,6.52541e-05
"n_600_c_10000000000_g_10_f_0.1_eps_0.0001_s_200",9999833628,0.00800014,1.78173e-05
"n_600_c_10000000000_g_10_f_0.1_eps_0.0001_s_300",9999843601,0.05,1.7368e-05
"n_600_c_10000000000_g_10_f_0.1_eps_0.001_s_100",9999073858,0.949,9.31913e-05
"n_600_c_10000000000_g_10_f_0.1_eps_0.001_s_200",9999085159,1.238,9.24409e-05
"n_600_c_10000000000_g_10_f_0.1_eps_0.001_s_300",9999388192,0.00999999,6.28606e-05
"n_600_c_10000000000_g_10_f_0.1_eps_0.01_s_100",9999225245,0.0139999,7.78794e-05
"n_600_c_10000000000_g_10_f_0.1_eps_0.01_s_200",9999231486,1.926,7.77557e-05
"n_600_c_10000000000_g_10_f_0.1_eps_0.01_s_300",9999238989,0.326,7.7353e-05
"n_600_c_10000000000_g_10_f_0.1_eps_0.1_s_100",9996097776,60.013,0.000390433
"n_600_c_10000000000_g_10_f_0.1_eps_0.1_s_200",9996101163,60.003,0.000390343
"n_600_c_10000000000_g_10_f_0.1_eps_0.1_s_300",9996105688,60.005,0.000390101
"n_600_c_10000000000_g_10_f_0.1_eps_0_s_100",10000010304,0.0579998,5.62508e-10
"n_600_c_10000000000_g_10_f_0.1_eps_0_s_200",10000020000,2.505,3.992e-07
"n_600_c_10000000000_g_10_f_0.1_eps_0_s_300",10000022762,49.684,9.76832e-07
"n_600_c_10000000000_g_10_f_0.1_eps_1e-05_s_100",9998582110,60.023,0.000142302
"n_600_c_10000000000_g_10_f_0.1_eps_1e-05_s_200",9998994299,60.075,0.00010164
"n_600_c_10000000000_g_10_f_0.1_eps_1e-05_s_300",9998906886,60.003,0.000110976
"n_600_c_10000000000_g_10_f_0.2_eps_0.0001_s_100",9999354299,0.0139999,6.51214e-05
"n_600_c_10000000000_g_10_f_0.2_eps_0.0001_s_200",9999365338,0.00999999,6.46433e-05
"n_600_c_10000000000_g_10_f_0.2_eps_0.0001_s_300",9999378724,0.293,6.41369e-05
"n_600_c_10000000000_g_10_f_0.2_eps_0.001_s_100",9999697120,1.157,3.07982e-05
"n_600_c_10000000000_g_10_f_0.2_eps_0.001_s_200",9999236594,2.395,7.74065e-05
"n_600_c_10000000000_g_10_f_0.2_eps_0.001_s_300",9999402736,0.318,6.17049e-05
"n_600_c_10000000000_g_10_f_0.2_eps_0.01_s_100",9999226985,0.063,7.7775e-05
"n_600_c_10000000000_g_10_f_0.2_eps_0.01_s_200",9999235294,0.0400002,7.7467e-05
"n_600_c_10000000000_g_10_f_0.2_eps_0.01_s_300",9999249127,0.0940001,7.66542e-05
"n_600_c_10000000000_g_10_f_0.2_eps_0.1_s_100",9996100023,60.005,0.000389138
"n_600_c_10000000000_g_10_f_0.2_eps_0.1_s_200",9996108742,60.01,0.000389813
"n_600_c_10000000000_g_10_f_0.2_eps_0.1_s_300",9996114645,60.007,0.000388697
"n_600_c_10000000000_g_10_f_0.2_eps_0_s_100",10000012419,0.197,4.50015e-10
"n_600_c_10000000000_g_10_f_0.2_eps_0_s_200",10000020018,16.019,9.29496e-07
"n_600_c_10000000000_g_10_f_0.2_eps_0_s_300",9980515214,60.005,0.00195417
"n_600_c_10000000000_g_10_f_0.2_eps_1e-05_s_100",9997684447,60.199,0.000232222
"n_600_c_10000000000_g_10_f_0.2_eps_1e-05_s_200",9997600676,60.008,0.000241214
"n_600_c_10000000000_g_10_f_0.2_eps_1e-05_s_300",9997613433,62.381,0.000240662
"n_600_c_10000000000_g_10_f_0.3_eps_0.0001_s_100",9999359616,0.233,6.46737e-05
"n_600_c_10000000000_g_10_f_0.3_eps_0.0001_s_200",9999373924,0.138,6.38675e-05
"n_600_c_10000000000_g_10_f_0.3_eps_0.0001_s_300",9999391461,0.219,6.2969e-05
"n_600_c_10000000000_g_10_f_0.3_eps_0.001_s_100",9999699853,3.757,3.0747e-05
"n_600_c_10000000000_g_10_f_0.3_eps_0.001_s_200",9999710982,0.023,3.01538e-05
"n_600_c_10000000000_g_10_f_0.3_eps_0.001_s_300",9999253354,0.033,7.6556e-05
"n_600_c_10000000000_g_10_f_0.3_eps_0.01_s_100",9999230364,0.0249999,7.7657e-05
"n_600_c_10000000000_g_10_f_0.3_eps_0.01_s_200",9999244519,0.145,7.66722e-05
"n_600_c_10000000000_g_10_f_0.3_eps_0.01_s_300",9999258123,0.141,7.59732e-05
"n_600_c_10000000000_g_10_f_0.3_eps_0.1_s_100",9996103548,60.005,0.000389907
"n_600_c_10000000000_g_10_f_0.3_eps_0.1_s_200",9996114645,60.012,0.000388449
"n_600_c_10000000000_g_10_f_0.3_eps_0.1_s_300",9996123462,60.009,0.000388601
"n_600_c_10000000000_g_10_f_0.3_eps_0_s_100",10000012318,0.34,0
"n_600_c_10000000000_g_10_f_0.3_eps_0_s_200",9980506102,60.008,0.00195464
"n_600_c_10000000000_g_10_f_0.3_eps_0_s_300",9980522920,60.008,0.00195359
"n_600_c_10000000000_g_10_f_0.3_eps_1e-05_s_100",9996387116,60.005,0.000362057
"n_600_c_10000000000_g_10_f_0.3_eps_1e-05_s_200",9996204076,62.501,0.000381024
"n_600_c_10000000000_g_10_f_0.3_eps_1e-05_s_300",9996521825,60.301,0.000349881
"n_600_c_10000000000_g_14_f_0.1_eps_0.0001_s_100",9999114987,0.0189998,8.92063e-05
"n_600_c_10000000000_g_14_f_0.1_eps_0.0001_s_200",9999593138,0.00699997,4.20757e-05
"n_600_c_10000000000_g_14_f_0.1_eps_0.0001_s_300",9999337163,0.0079999,6.83405e-05
"n_600_c_10000000000_g_14_f_0.1_eps_0.001_s_100",9999671838,0.0120001,3.35719e-05
"n_600_c_10000000000_g_14_f_0.1_eps_0.001_s_200",9999685026,0.0120001,3.30035e-05
"n_600_c_10000000000_g_14_f_0.1_eps_0.001_s_300",9999843093,0.0109999,1.79093e-05
"n_600_c_10000000000_g_14_f_0.1_eps_0.01_s_100",9999617948,0.0139999,3.87345e-05
"n_600_c_10000000000_g_14_f_0.1_eps_0.01_s_200",9999139189,0.0120001,8.72246e-05
"n_600_c_10000000000_g_14_f_0.1_eps_0.01_s_300",9999633539,0.0190001,3.80727e-05
"n_600_c_10000000000_g_14_f_0.1_eps_0.1_s_100",9999760149,0.28,2.4183e-05
"n_600_c_10000000000_g_14_f_0.1_eps_0.1_s_200",9999764437,0.688,2.39736e-05
"n_600_c_10000000000_g_14_f_0.1_eps_0.1_s_300",9999764043,0.516,2.41706e-05
"n_600_c_10000000000_g_14_f_0.1_eps_0_s_100",10000006563,3.52,3.785e-07
"n_600_c_10000000000_g_14_f_0.1_eps_0_s_200",9998817771,60.325,0.000119782
"n_600_c_10000000000_g_14_f_0.1_eps_0_s_300",9998837811,61.206,0.000118544
"n_600_c_10000000000_g_14_f_0.1_eps_1e-05_s_100",9999362233,0.0079999,6.45202e-05
"n_600_c_10000000000_g_14_f_0.1_eps_1e-05_s_200",9999488022,0.00600004,5.26915e-05
"n_600_c_10000000000_g_14_f_0.1_eps_1e-05_s_300",9999393563,0.0059998,6.2937e-05
"n_600_c_10000000000_g_14_f_0.2_eps_0.0001_s_100",9999515374,0.00800014,4.92694e-05
"n_600_c_10000000000_g_14_f_0.2_eps_0.0001_s_200",9999530232,0.00600004,4.84725e-05
"n_600_c_10000000000_g_14_f_0.2_eps_0.0001_s_300",9999278843,0.0079999,7.42463e-05
"n_600_c_10000000000_g_14_f_0.2_eps_0.001_s_100",9999447206,0.00899982,5.59861e-05
"n_600_c_10000000000_g_14_f_0.2_eps_0.001_s_200",9999928877,0.00900006,8.44658e-06
"n_600_c_10000000000_g_14_f_0.2_eps_0.001_s_300",9999722940,0.00800014,3.00007e-05
"n_600_c_10000000000_g_14_f_0.2_eps_0.01_s_100",9999082293,0.224,9.2387e-05
"n_600_c_10000000000_g_14_f_0.2_eps_0.01_s_200",9999634409,0.00999999,3.78631e-05
"n_600_c_10000000000_g_14_f_0.2_eps_0.01_s_300",9999105417,0.0809999,9.13338e-05
"n_600_c_10000000000_g_14_f_0.2_eps_0.1_s_100",9999763791,0.675,2.39758e-05
"n_600_c_10000000000_g_14_f_0.2_eps_0.1_s_200",9999765548,0.444,2.39974e-05
"n_600_c_10000000000_g_14_f_0.2_eps_0.1_s_300",9999778305,0.119,2.29335e-05
"n_600_c_10000000000_g_14_f_0.2_eps_0_s_100",10000016584,48.07,5.36895e-07
"n_600_c_10000000000_g_14_f_0.2_eps_0_s_200",9998821519,60.005,0.000119473
"n_600_c_10000000000_g_14_f_0.2_eps_0_s_300",9998836109,60.007,0.000118262
"n_600_c_10000000000_g_14_f_0.2_eps_1e-05_s_100",9999823693,0.00699997,1.83769e-05
"n_600_c_10000000000_g_14_f_0.2_eps_1e-05_s_200",9999629292,0.00999999,3.8549e-05
"n_600_c_10000000000_g_14_f_0.2_eps_1e-05_s_300",9999790634,0.00999999,2.29704e-05
"n_600_c_10000000000_g_14_f_0.3_eps_0.0001_s_100",9999062631,0.00900006,9.45102e-05
"n_600_c_10000000000_g_14_f_0.3_eps_0.0001_s_200",9999973453,0.00900006,4.42585e-06
"n_600_c_10000000000_g_14_f_0.3_eps_0.0001_s_300",9999652117,0.00800014,3.71781e-05
"n_600_c_10000000000_g_14_f_0.3_eps_0.001_s_100",9999587588,0.013,4.21422e-05
"n_600_c_10000000000_g_14_f_0.3_eps_0.001_s_200",9999842448,0.00999999,1.73627e-05
"n_600_c_10000000000_g_14_f_0.3_eps_0.001_s_300",9999534808,0.00999999,4.88911e-05
"n_600_c_10000000000_g_14_f_0.3_eps_0.01_s_100",9999718905,0.016,2.87618e-05
"n_600_c_10000000000_g_14_f_0.3_eps_0.01_s_200",9999928749,0.05,8.58203e-06
"n_600_c_10000000000_g_14_f_0.3_eps_0.01_s_300",9999746935,0.0120001,2.73609e-05
"n_600_c_10000000000_g_14_f_0.3_eps_0.1_s_100",9999765504,0.203,2.38136e-05
"n_600_c_10000000000_g_14_f_0.3_eps_0.1_s_200",9999776178,0.123,2.32018e-05
"n_600_c_10000000000_g_14_f_0.3_eps_0.1_s_300",9999785111,0.252,2.25233e-05
"n_600_c_10000000000_g_14_f_0.3_eps_0_s_100",9998801432,62.943,0.000120656
"n_600_c_10000000000_g_14_f_0.3_eps_0_s_200",9998821161,60.01,0.000119261
"n_600_c_10000000000_g_14_f_0.3_eps_0_s_300",9998841877,60.009,0.000118021
"n_600_c_10000000000_g_14_f_0.3_eps_1e-05_s_100",9999985296,0.0109999,2.33583e-06
"n_600_c_10000000000_g_14_f_0.3_eps_1e-05_s_200",9999694434,0.00999999,3.21441e-05
"n_600_c_10000000000_g_14_f_0.3_eps_1e-05_s_300",9999624406,0.0120001,3.97271e-05
"n_600_c_10000000000_g_2_f_0.1_eps_0.0001_s_100",5001003438,0.00499988,0
"n_600_c_10000000000_g_2_f_0.1_eps_0.0001_s_200",5001006164,0.0059998,4.79903e-09
"n_600_c_10000000000_g_2_f_0.1_eps_0.0001_s_300",5001009562,0.00600004,0
"n_600_c_10000000000_g_2_f_0.1_eps_0.001_s_100",5010002986,0.00600004,0
"n_600_c_10000000000_g_2_f_0.1_eps_0.001_s_200",5010005877,0.00899982,0
"n_600_c_10000000000_g_2_f_0.1_eps_0.001_s_300",5010009751,0.00999999,0
"n_600_c_10000000000_g_2_f_0.1_eps_0.01_s_100",5100003116,0.00500011,0
"n_600_c_10000000000_g_2_f_0.1_eps_0.01_s_200",5100006207,0.00800014,0
"n_600_c_10000000000_g_2_f_0.1_eps_0.01_s_300",5100008433,0.00600004,3.92156e-10
"n_600_c_10000000000_g_2_f_0.1_eps_0.1_s_100",6000002911,0.00900006,0
"n_600_c_10000000000_g_2_f_0.1_eps_0.1_s_200",6000005869,0.00500011,1.83333e-09
"n_600_c_10000000000_g_2_f_0.1_eps_0.1_s_300",6000008772,0.00499988,0
"n_600_c_10000000000_g_2_f_0.1_eps_0_s_100",10000002001,0.0150001,0
"n_600_c_10000000000_g_2_f_0.1_eps_0_s_200",10000003505,0.0180001,0
"n_600_c_10000000000_g_2_f_0.1_eps_0_s_300",10000007242,0.02,0
"n_600_c_10000000000_g_2_f_0.1_eps_1e-05_s_100",5000102980,0.00600004,0
"n_600_c_10000000000_g_2_f_0.1_eps_1e-05_s_200",5000106083,0.00800014,0
"n_600_c_10000000000_g_2_f_0.1_eps_1e-05_s_300",5000108610,0.00899982,0
"n_600_c_10000000000_g_2_f_0.2_eps_0.0001_s_100",5001005855,0.00600004,1.9996e-10
"n_600_c_10000000000_g_2_f_0.2_eps_0.0001_s_200",5001012873,0.0059998,0
"n_600_c_10000000000_g_2_f_0.2_eps_0.0001_s_300",5001018200,0.0139999,0
"n_600_c_10000000000_g_2_f_0.2_eps_0.001_s_100",5010006188,0.0059998,0
"n_600_c_10000000000_g_2_f_0.2_eps_0.001_s_200",5010012077,0.00600004,0
"n_600_c_10000000000_g_2_f_0.2_eps_0.001_s_300",5010017910,0.013,0
"n_600_c_10000000000_g_2_f_0.2_eps_0.01_s_100",5100006037,0.00999999,0
"n_600_c_10000000000_g_2_f_0.2_eps_0.01_s_200",5100013117,0.00899982,0
"n_600_c_10000000000_g_2_f_0.2_eps_0.01_s_300",5100017833,0.00900006,1.37254e-09
"n_600_c_10000000000_g_2_f_0.2_eps_0.1_s_100",6000006130,0.0150001,0
"n_600_c_10000000000_g_2_f_0.2_eps_0.1_s_200",6000011356,0.00899982,0
"n_600_c_10000000000_g_2_f_0.2_eps_0.1_s_300",6000018141,0.00900006,2.83332e-09
"n_600_c_10000000000_g_2_f_0.2_eps_0_s_100",10000004120,0.013,0
"n_600_c_10000000000_g_2_f_0.2_eps_0_s_200",10000008759,0.0150001,0
"n_600_c_10000000000_g_2_f_0.2_eps_0_s_300",10000013313,0.0149999,0
"n_600_c_10000000000_g_2_f_0.2_eps_1e-05_s_100",5000106251,0.00900006,0
"n_600_c_10000000000_g_2_f_0.2_eps_1e-05_s_200",5000113678,0.00600004,0
"n_600_c_10000000000_g_2_f_0.2_eps_1e-05_s_300",5000118668,0.00999999,0
"n_600_c_10000000000_g_2_f_0.3_eps_0.0001_s_100",5001009403,0.00999999,0
"n_600_c_10000000000_g_2_f_0.3_eps_0.0001_s_200",5001018873,0.0109999,0
"n_600_c_10000000000_g_2_f_0.3_eps_0.0001_s_300",5001028554,0.00699997,0
"n_600_c_10000000000_g_2_f_0.3_eps_0.001_s_100",5010009246,0.00699997,1.996e-10
"n_600_c_10000000000_g_2_f_0.3_eps_0.001_s_200",5010018129,0.00600004,3.992e-10
"n_600_c_10000000000_g_2_f_0.3_eps_0.001_s_300",5010028274,0.00899982,0
"n_600_c_10000000000_g_2_f_0.3_eps_0.01_s_100",5100009135,0.0059998,0
"n_600_c_10000000000_g_2_f_0.3_eps_0.01_s_200",5100017823,0.00900006,0
"n_600_c_10000000000_g_2_f_0.3_eps_0.01_s_300",5100025982,0.0079999,9.80387e-10
"n_600_c_10000000000_g_2_f_0.3_eps_0.1_s_100",6000009133,0.013,0
"n_600_c_10000000000_g_2_f_0.3_eps_0.1_s_200",6000017987,0.00999999,0
"n_600_c_10000000000_g_2_f_0.3_eps_0.1_s_300",6000025131,0.00800014,0
"n_600_c_10000000000_g_2_f_0.3_eps_0_s_100",10000007156,0.0190001,0
"n_600_c_10000000000_g_2_f_0.3_eps_0_s_200",10000012635,0.0139999,0
"n_600_c_10000000000_g_2_f_0.3_eps_0_s_300",10000020569,0.0190001,0
"n_600_c_10000000000_g_2_f_0.3_eps_1e-05_s_100",5000109153,0.013,0
"n_600_c_10000000000_g_2_f_0.3_eps_1e-05_s_200",5000118305,0.013,0
"n_600_c_10000000000_g_2_f_0.3_eps_1e-05_s_300",5000127548,0.00600004,0
"n_600_c_10000000000_g_6_f_0.1_eps_0.0001_s_100",9718505574,61.02,0.0289651
"n_600_c_10000000000_g_6_f_0.1_eps_0.0001_s_200",9718511156,60.006,0.0289647
"n_600_c_10000000000_g_6_f_0.1_eps_0.0001_s_300",9718516397,60.075,0.0289642
"n_600_c_10000000000_g_6_f_0.1_eps_0.001_s_100",9997505834,60.941,0.000249736
"n_600_c_10000000000_g_6_f_0.1_eps_0.001_s_200",9997511488,60.766,0.000249397
"n_600_c_10000000000_g_6_f_0.1_eps_0.001_s_300",9997516111,60.012,0.000249159
"n_600_c_10000000000_g_6_f_0.1_eps_0.01_s_100",9975003803,60.006,0.00250613
"n_600_c_10000000000_g_6_f_0.1_eps_0.01_s_200",9975007187,60.014,0.00250601
"n_600_c_10000000000_g_6_f_0.1_eps_0.01_s_300",9975010561,60.003,0.00250593
"n_600_c_10000000000_g_6_f_0.1_eps_0.1_s_100",10000002733,1.672,2.25476e-08
"n_600_c_10000000000_g_6_f_0.1_eps_0.1_s_200",10000004197,0.473,2.97133e-08
"n_600_c_10000000000_g_6_f_0.1_eps_0.1_s_300",10000010619,1.264,3.03328e-07
"n_600_c_10000000000_g_6_f_0.1_eps_0_s_100",10000003910,0.013,0
"n_600_c_10000000000_g_6_f_0.1_eps_0_s_200",10000008089,0.00800014,0
"n_600_c_10000000000_g_6_f_0.1_eps_0_s_300",10000014082,0.0120001,0
"n_600_c_10000000000_g_6_f_0.1_eps_1e-05_s_100",9690605786,61.534,0.0319275
"n_600_c_10000000000_g_6_f_0.1_eps_1e-05_s_200",9690610992,60.006,0.0319272
"n_600_c_10000000000_g_6_f_0.1_eps_1e-05_s_300",9690617376,60.011,0.0319268
"n_600_c_10000000000_g_6_f_0.2_eps_0.0001_s_100",9718509202,60.007,0.0289648
"n_600_c_10000000000_g_6_f_0.2_eps_0.0001_s_200",9718518029,61.338,0.0289643
"n_600_c_10000000000_g_6_f_0.2_eps_0.0001_s_300",9718525028,60.01,0.0289629
"n_600_c_10000000000_g_6_f_0.2_eps_0.001_s_100",9997508398,60.01,0.000249458
"n_600_c_10000000000_g_6_f_0.2_eps_0.001_s_200",9997517166,60.004,0.000249092
"n_600_c_10000000000_g_6_f_0.2_eps_0.001_s_300",9997524401,60.007,0.000248641
"n_600_c_10000000000_g_6_f_0.2_eps_0.01_s_100",9975006109,60.005,0.00250595
"n_600_c_10000000000_g_6_f_0.2_eps_0.01_s_200",9975011955,60.004,0.00250553
"n_600_c_10000000000_g_6_f_0.2_eps_0.01_s_300",9975019714,60.007,0.00250521
"n_600_c_10000000000_g_6_f_0.2_eps_0.1_s_100",10000004617,0.521,1.575e-08
"n_600_c_10000000000_g_6_f_0.2_eps_0.1_s_200",10000007472,0.42,2.95333e-08
"n_600_c_10000000000_g_6_f_0.2_eps_0.1_s_300",10000015980,0.379,5.50384e-08
"n_600_c_10000000000_g_6_f_0.2_eps_0_s_100",10000005598,0.00800014,0
"n_600_c_10000000000_g_6_f_0.2_eps_0_s_200",10000012086,0.0079999,0
"n_600_c_10000000000_g_6_f_0.2_eps_0_s_300",10000019034,12.25,4.76998e-08
"n_600_c_10000000000_g_6_f_0.2_eps_1e-05_s_100",9690609055,60.004,0.0319272
"n_600_c_10000000000_g_6_f_0.2_eps_1e-05_s_200",9690618243,60.004,0.0319267
"n_600_c_10000000000_g_6_f_0.2_eps_1e-05_s_300",9690625591,7.168,0
"n_600_c_10000000000_g_6_f_0.3_eps_0.0001_s_100",9718512084,60.007,0.0289646
"n_600_c_10000000000_g_6_f_0.3_eps_0.0001_s_200",9718523601,60.007,0.0289638
"n_600_c_10000000000_g_6_f_0.3_eps_0.0001_s_300",9718537621,65.396,0.0289629
"n_600_c_10000000000_g_6_f_0.3_eps_0.001_s_100",9997511512,60.022,0.000249228
"n_600_c_10000000000_g_6_f_0.3_eps_0.001_s_200",9997523498,60.005,0.000248639
"n_600_c_10000000000_g_6_f_0.3_eps_0.001_s_300",9997535806,60.006,0.000248043
"n_600_c_10000000000_g_6_f_0.3_eps_0.01_s_100",9975010005,60.005,0.00250568
"n_600_c_10000000000_g_6_f_0.3_eps_0.01_s_200",9975018531,60.066,0.00250522
"n_600_c_10000000000_g_6_f_0.3_eps_0.01_s_300",9975028640,61.038,0.00250472
"n_600_c_10000000000_g_6_f_0.3_eps_0.1_s_100",10000006378,1.137,2.31409e-08
"n_600_c_10000000000_g_6_f_0.3_eps_0.1_s_200",10000012885,0.235,4.23571e-08
"n_600_c_10000000000_g_6_f_0.3_eps_0.1_s_300",10000018210,0.96,3.188e-08
"n_600_c_10000000000_g_6_f_0.3_eps_0_s_100",10000007296,0.0190001,0
"n_600_c_10000000000_g_6_f_0.3_eps_0_s_200",10000016010,37.382,7.69998e-08
"n_600_c_10000000000_g_6_f_0.3_eps_0_s_300",10000026283,10.709,6.14995e-08
"n_600_c_10000000000_g_6_f_0.3_eps_1e-05_s_100",9690611803,60.003,0.0319266
"n_600_c_10000000000_g_6_f_0.3_eps_1e-05_s_200",9690622884,60.005,0.0319263
"n_600_c_10000000000_g_6_f_0.3_eps_1e-05_s_300",9690634910,3.646,0
"n_600_c_100000000_g_10_f_0.1_eps_0.0001_s_100",99999563,0.212,5.85113e-05
"n_600_c_100000000_g_10_f_0.1_eps_0.0001_s_200",100008824,0.7,1.19467e-05
"n_600_c_100000000_g_10_f_0.1_eps_0.0001_s_300",100011489,0.0539999,6.3322e-05
"n_600_c_100000000_g_10_f_0.1_eps_0.001_s_100",99997255,0.799,8.25798e-05
"n_600_c_100000000_g_10_f_0.1_eps_0.001_s_200",100008830,0.187,1.99612e-05
"n_600_c_100000000_g_10_f_0.1_eps_0.001_s_300",100009813,0.313,5.16176e-05
"n_600_c_100000000_g_10_f_0.1_eps_0.01_s_100",99999142,2.046,5.52384e-05
"n_600_c_100000000_g_10_f_0.1_eps_0.01_s_200",100000240,0.118,8.53548e-05
"n_600_c_100000000_g_10_f_0.1_eps_0.01_s_300",100010109,0.698,3.23995e-05
"n_600_c_100000000_g_10_f_0.1_eps_0.1_s_100",99965231,60.005,0.000364627
"n_600_c_100000000_g_10_f_0.1_eps_0.1_s_200",99969453,60.005,0.000345819
"n_600_c_100000000_g_10_f_0.1_eps_0.1_s_300",99972454,60.01,0.000332995
"n_600_c_100000000_g_10_f_0.1_eps_0_s_100",99817794,60.085,0.00184712
"n_600_c_100000000_g_10_f_0.1_eps_0_s_200",99832138,60.006,0.00178507
"n_600_c_100000000_g_10_f_0.1_eps_0_s_300",99844388,60.006,0.00171358
"n_600_c_100000000_g_10_f_0.1_eps_1e-05_s_100",99994679,60.005,0.000103229
"n_600_c_100000000_g_10_f_0.1_eps_1e-05_s_200",99996746,60.011,0.000131434
"n_600_c_100000000_g_10_f_0.1_eps_1e-05_s_300",100006603,11.645,9.33425e-05
"n_600_c_100000000_g_10_f_0.2_eps_0.0001_s_100",100003436,0.00999999,2.00838e-05
"n_600_c_100000000_g_10_f_0.2_eps_0.0001_s_200",100006953,0.518,5.93068e-05
"n_600_c_100000000_g_10_f_0.2_eps_0.0001_s_300",100015075,1.731,4.76109e-05
"n_600_c_100000000_g_10_f_0.2_eps_0.001_s_100",99997451,2.45,8.80366e-05
"n_600_c_100000000_g_10_f_0.2_eps_0.001_s_200",100004932,0.161,7.04629e-05
"n_600_c_100000000_g_10_f_0.2_eps_0.001_s_300",100014555,0.0079999,1.50358e-05
"n_600_c_100000000_g_10_f_0.2_eps_0.01_s_100",100001679,0.0600002,3.50484e-05
"n_600_c_100000000_g_10_f_0.2_eps_0.01_s_200",100009390,0.136,2.1052e-06
"n_600_c_100000000_g_10_f_0.2_eps_0.01_s_300",100015868,0.287,9.25487e-06
"n_600_c_100000000_g_10_f_0.2_eps_0.1_s_100",99968118,60.002,0.000342164
"n_600_c_100000000_g_10_f_0.2_eps_0.1_s_200",99974422,60.005,0.000306734
"n_600_c_100000000_g_10_f_0.2_eps_0.1_s_300",99981009,60.009,0.000260263
"n_600_c_100000000_g_10_f_0.2_eps_0_s_100",99820098,60.011,0.00186263
"n_600_c_100000000_g_10_f_0.2_eps_0_s_200",99836107,60.004,0.00176997
"n_600_c_100000000_g_10_f_0.2_eps_0_s_300",99854809,60.005,0.00156192
"n_600_c_100000000_g_10_f_0.2_eps_1e-05_s_100",99992111,60.006,0.000136471
"n_600_c_100000000_g_10_f_0.2_eps_1e-05_s_200",99999650,60.005,0.000123753
"n_600_c_100000000_g_10_f_0.2_eps_1e-05_s_300",100006133,60.006,0.000112571
"n_600_c_100000000_g_10_f_0.3_eps_0.0001_s_100",100007337,0.124,6.28152e-07
"n_600_c_100000000_g_10_f_0.3_eps_0.0001_s_200",100009044,0.0310001,4.46644e-05
"n_600_c_100000000_g_10_f_0.3_eps_0.0001_s_300",100012232,0.0139999,8.27916e-05
"n_600_c_100000000_g_10_f_0.3_eps_0.001_s_100",100004123,0.0539999,2.06577e-05
"n_600_c_100000000_g_10_f_0.3_eps_0.001_s_200",100011077,2.76,2.53209e-05
"n_600_c_100000000_g_10_f_0.3_eps_0.001_s_300",100012071,2.284,9.75031e-05
"n_600_c_100000000_g_10_f_0.3_eps_0.01_s_100",100003543,0.043,2.58435e-05
"n_600_c_100000000_g_10_f_0.3_eps_0.01_s_200",100009758,2.064,1.29128e-05
"n_600_c_100000000_g_10_f_0.3_eps_0.01_s_300",100010374,0.123,8.26721e-05
"n_600_c_100000000_g_10_f_0.3_eps_0.1_s_100",99971448,60.005,0.000327982
"n_600_c_100000000_g_10_f_0.3_eps_0.1_s_200",99981323,60.103,0.000260615
"n_600_c_100000000_g_10_f_0.3_eps_0.1_s_300",99992231,60.009,0.000196906
"n_600_c_100000000_g_10_f_0.3_eps_0_s_100",99822892,60.006,0.00181481
"n_600_c_100000000_g_10_f_0.3_eps_0_s_200",99841259,60.013,0.00174784
"n_600_c_100000000_g_10_f_0.3_eps_0_s_300",99858419,60.004,0.00161619
"n_600_c_100000000_g_10_f_0.3_eps_1e-05_s_100",99980839,60.086,0.000254824
"n_600_c_100000000_g_10_f_0.3_eps_1e-05_s_200",99997076,60.004,0.0001835
"n_600_c_100000000_g_10_f_0.3_eps_1e-05_s_300",100002311,60.004,0.000188201
"n_600_c_100000000_g_14_f_0.1_eps_0.0001_s_100",99999563,0.00699997,8.66545e-05
"n_600_c_100000000_g_14_f_0.1_eps_0.0001_s_200",100007230,0.0079999,7.59702e-05
"n_600_c_100000000_g_14_f_0.1_eps_0.0001_s_300",100014801,0.00999999,8.37277e-05
"n_600_c_100000000_g_14_f_0.1_eps_0.001_s_100",99999234,0.0119998,8.28892e-05
"n_600_c_100000000_g_14_f_0.1_eps_0.001_s_200",100011102,0.0120001,2.78468e-05
"n_600_c_100000000_g_14_f_0.1_eps_0.001_s_300",100021272,0.00999999,1.67338e-05
"n_600_c_100000000_g_14_f_0.1_eps_0.01_s_100",100004306,0.0319998,5.20204e-06
"n_600_c_100000000_g_14_f_0.1_eps_0.01_s_200",100004947,0.00999999,5.71718e-05
"n_600_c_100000000_g_14_f_0.1_eps_0.01_s_300",100013449,0.0140002,2.11306e-05
"n_600_c_100000000_g_14_f_0.1_eps_0.1_s_100",100000912,0.882,9.64028e-06
"n_600_c_100000000_g_14_f_0.1_eps_0.1_s_200",99993838,0.0929999,9.98668e-05
"n_600_c_100000000_g_14_f_0.1_eps_0.1_s_300",99997741,0.522,8.12264e-05
"n_600_c_100000000_g_14_f_0.1_eps_0_s_100",99996974,0.00900006,9.88448e-05
"n_600_c_100000000_g_14_f_0.1_eps_0_s_200",100013425,0.00999999,2.4505e-06
"n_600_c_100000000_g_14_f_0.1_eps_0_s_300",100017637,0.00800014,4.22172e-05
"n_600_c_100000000_g_14_f_0.1_eps_1e-05_s_100",100004762,0.00699997,1.78007e-05
"n_600_c_100000000_g_14_f_0.1_eps_1e-05_s_200",100006611,0.0120001,9.37492e-05
"n_600_c_100000000_g_14_f_0.1_eps_1e-05_s_300",100011082,0.00800014,8.2024e-05
"n_600_c_100000000_g_14_f_0.2_eps_0.0001_s_100",100006596,0.017,1.67997e-05
"n_600_c_100000000_g_14_f_0.2_eps_0.0001_s_200",100011148,0.0079999,5.94319e-05
"n_600_c_100000000_g_14_f_0.2_eps_0.0001_s_300",100014962,0.00999999,8.31113e-05
"n_600_c_100000000_g_14_f_0.2_eps_0.001_s_100",99998185,0.013,8.55404e-05
"n_600_c_100000000_g_14_f_0.2_eps_0.001_s_200",100009630,0.00999999,4.67407e-05
"n_600_c_100000000_g_14_f_0.2_eps_0.001_s_300",100017790,0.00999999,4.77219e-05
"n_600_c_100000000_g_14_f_0.2_eps_0.01_s_100",99999302,0.0120001,6.43412e-05
"n_600_c_100000000_g_14_f_0.2_eps_0.01_s_200",100009814,0.00999999,2.1714e-05
"n_600_c_100000000_g_14_f_0.2_eps_0.01_s_300",100014847,0.063,2.91711e-05
"n_600_c_100000000_g_14_f_0.2_eps_0.1_s_100",100002935,2.246,1.99029e-06
"n_600_c_100000000_g_14_f_0.2_eps_0.1_s_200",99996836,0.15,8.19599e-05
"n_600_c_100000000_g_14_f_0.2_eps_0.1_s_300",100003089,0.467,4.99912e-05
"n_600_c_100000000_g_14_f_0.2_eps_0_s_100",100002972,0.0109999,4.47311e-05
"n_600_c_100000000_g_14_f_0.2_eps_0_s_200",100005847,0.0079999,9.83793e-05
"n_600_c_100000000_g_14_f_0.2_eps_0_s_300",100015628,0.00999999,6.68183e-05
"n_600_c_100000000_g_14_f_0.2_eps_1e-05_s_100",100006465,0.00699997,2.17572e-05
"n_600_c_100000000_g_14_f_0.2_eps_1e-05_s_200",100008293,0.00800014,7.21819e-05
"n_600_c_100000000_g_14_f_0.2_eps_1e-05_s_300",100016176,0.00999999,7.19396e-05
"n_600_c_100000000_g_14_f_0.3_eps_0.0001_s_100",99998062,0.00600004,9.50177e-05
"n_600_c_100000000_g_14_f_0.3_eps_0.0001_s_200",100008176,0.00800014,8.65473e-05
"n_600_c_100000000_g_14_f_0.3_eps_0.0001_s_300",100019277,0.00900006,4.23762e-05
"n_600_c_100000000_g_14_f_0.3_eps_0.001_s_100",100000805,0.0239999,7.66178e-05
"n_600_c_100000000_g_14_f_0.3_eps_0.001_s_200",100010724,0.00900006,6.85995e-05
"n_600_c_100000000_g_14_f_0.3_eps_0.001_s_300",100014873,0.00900006,9.69399e-05
"n_600_c_100000000_g_14_f_0.3_eps_0.01_s_100",100000139,0.0369999,6.62438e-05
"n_600_c_100000000_g_14_f_0.3_eps_0.01_s_200",100008868,0.023,4.51773e-05
"n_600_c_100000000_g_14_f_0.3_eps_0.01_s_300",100013977,0.016,8.20219e-05
"n_600_c_100000000_g_14_f_0.3_eps_0.1_s_100",99998011,0.373,6.10696e-05
"n_600_c_100000000_g_14_f_0.3_eps_0.1_s_200",99998329,0.0639999,8.87393e-05
"n_600_c_100000000_g_14_f_0.3_eps_0.1_s_300",100000905,0.269,9.58418e-05
"n_600_c_100000000_g_14_f_0.3_eps_0_s_100",99998032,0.00600004,9.63863e-05
"n_600_c_100000000_g_14_f_0.3_eps_0_s_200",100013141,0.00800014,1.40683e-05
"n_600_c_100000000_g_14_f_0.3_eps_0_s_300",100023749,0.00900006,6.29385e-06
"n_600_c_100000000_g_14_f_0.3_eps_1e-05_s_100",100006462,0.00800014,1.82049e-05
"n_600_c_100000000_g_14_f_0.3_eps_1e-05_s_200",100013827,0.0079999,1.18196e-05
"n_600_c_100000000_g_14_f_0.3_eps_1e-05_s_300",100014701,0.0120001,4.74996e-05
"n_600_c_100000000_g_2_f_0.1_eps_0.0001_s_100",50013062,0.0059998,0
"n_600_c_100000000_g_2_f_0.1_eps_0.0001_s_200",50016277,0.00200009,0
"n_600_c_100000000_g_2_f_0.1_eps_0.0001_s_300",50020110,0.00199986,0
"n_600_c_100000000_g_2_f_0.1_eps_0.001_s_100",50103315,0.00399995,1.39711e-07
"n_600_c_100000000_g_2_f_0.1_eps_0.001_s_200",50105979,0.00200009,0
"n_600_c_100000000_g_2_f_0.1_eps_0.001_s_300",50109100,0.00300002,0
"n_600_c_100000000_g_2_f_0.1_eps_0.01_s_100",51003101,0.00200009,1.96067e-08
"n_600_c_100000000_g_2_f_0.1_eps_0.01_s_200",51006727,0.00399995,0
"n_600_c_100000000_g_2_f_0.1_eps_0.01_s_300",51009346,0.00499988,0
"n_600_c_100000000_g_2_f_0.1_eps_0.1_s_100",60003192,0.00299978,1.66658e-08
"n_600_c_100000000_g_2_f_0.1_eps_0.1_s_200",60005942,0.00300002,0
"n_600_c_100000000_g_2_f_0.1_eps_0.1_s_300",60009020,0.00600004,0
"n_600_c_100000000_g_2_f_0.1_eps_0_s_100",50003072,0.0179999,0
"n_600_c_100000000_g_2_f_0.1_eps_0_s_200",50005802,0.111,0
"n_600_c_100000000_g_2_f_0.1_eps_0_s_300",50010619,0.391,0
"n_600_c_100000000_g_2_f_0.1_eps_1e-05_s_100",50004296,0.00500011,0
"n_600_c_100000000_g_2_f_0.1_eps_1e-05_s_200",50007861,0.00499988,0
"n_600_c_100000000_g_2_f_0.1_eps_1e-05_s_300",50010814,0.00300002,0
"n_600_c_100000000_g_2_f_0.2_eps_0.0001_s_100",50016271,0.00600004,0
"n_600_c_100000000_g_2_f_0.2_eps_0.0001_s_200",50022752,0.00499988,0
"n_600_c_100000000_g_2_f_0.2_eps_0.0001_s_300",50029162,0.00499988,0
"n_600_c_100000000_g_2_f_0.2_eps_0.001_s_100",50105828,0.00300002,0
"n_600_c_100000000_g_2_f_0.2_eps_0.001_s_200",50111877,0.00500011,0
"n_600_c_100000000_g_2_f_0.2_eps_0.001_s_300",50118738,0.00399995,1.39668e-07
"n_600_c_100000000_g_2_f_0.2_eps_0.01_s_100",51006500,0.00399995,0
"n_600_c_100000000_g_2_f_0.2_eps_0.01_s_200",51012812,0.00399995,1.96029e-08
"n_600_c_100000000_g_2_f_0.2_eps_0.01_s_300",51019435,0.00600004,0
"n_600_c_100000000_g_2_f_0.2_eps_0.1_s_100",60006541,0.00399995,1.66648e-08
"n_600_c_100000000_g_2_f_0.2_eps_0.1_s_200",60011722,0.00399995,1.33307e-07
"n_600_c_100000000_g_2_f_0.2_eps_0.1_s_300",60017597,0.00500011,0
"n_600_c_100000000_g_2_f_0.2_eps_0_s_100",50006523,0.0190001,0
"n_600_c_100000000_g_2_f_0.2_eps_0_s_200",50013014,0.612,0
"n_600_c_100000000_g_2_f_0.2_eps_0_s_300",50017264,0.456,0
"n_600_c_100000000_g_2_f_0.2_eps_1e-05_s_100",50007222,0.00600004,0
"n_600_c_100000000_g_2_f_0.2_eps_1e-05_s_200",50013117,0.00399995,5.99843e-08
"n_600_c_100000000_g_2_f_0.2_eps_1e-05_s_300",50018377,0.00399995,3.99853e-08
"n_600_c_100000000_g_2_f_0.3_eps_0.0001_s_100",50019391,0.00300002,0
"n_600_c_100000000_g_2_f_0.3_eps_0.0001_s_200",50028822,0.00600004,0
"n_600_c_100000000_g_2_f_0.3_eps_0.0001_s_300",50039435,0.00499988,0
"n_600_c_100000000_g_2_f_0.3_eps_0.001_s_100",50109346,0.00399995,1.99564e-08
"n_600_c_100000000_g_2_f_0.3_eps_0.001_s_200",50116902,0.0059998,0
"n_600_c_100000000_g_2_f_0.3_eps_0.001_s_300",50128849,0.00400019,0
"n_600_c_100000000_g_2_f_0.3_eps_0.01_s_100",51009370,0.00300002,0
"n_600_c_100000000_g_2_f_0.3_eps_0.01_s_200",51017832,0.00499988,0
"n_600_c_100000000_g_2_f_0.3_eps_0.01_s_300",51026718,0.0059998,0
"n_600_c_100000000_g_2_f_0.3_eps_0.1_s_100",60009512,0.00600004,0
"n_600_c_100000000_g_2_f_0.3_eps_0.1_s_200",60018875,0.00699997,0
"n_600_c_100000000_g_2_f_0.3_eps_0.1_s_300",60026818,0.00399995,8.32961e-08
"n_600_c_100000000_g_2_f_0.3_eps_0_s_100",50009275,0.0209999,0
"n_600_c_100000000_g_2_f_0.3_eps_0_s_200",50017875,1.398,0
"n_600_c_100000000_g_2_f_0.3_eps_0_s_300",50027003,0.0279999,1.27731e-05
"n_600_c_100000000_g_2_f_0.3_eps_1e-05_s_100",50010405,0.00399995,1.99958e-08
"n_600_c_100000000_g_2_f_0.3_eps_1e-05_s_200",50019049,0.00400019,2.19916e-07
"n_600_c_100000000_g_2_f_0.3_eps_1e-05_s_300",50027921,0.00400019,0
"n_600_c_100000000_g_6_f_0.1_eps_0.0001_s_100",97190568,60.015,0.0254082
"n_600_c_100000000_g_6_f_0.1_eps_0.0001_s_200",97195312,60.01,0.0240998
"n_600_c_100000000_g_6_f_0.1_eps_0.0001_s_300",97202949,60.005,0.0239863
"n_600_c_100000000_g_6_f_0.1_eps_0.001_s_100",99980768,60.003,0.000216704
"n_600_c_100000000_g_6_f_0.1_eps_0.001_s_200",99985613,60.01,0.000198377
"n_600_c_100000000_g_6_f_0.1_eps_0.001_s_300",99992441,60.004,0.000152639
"n_600_c_100000000_g_6_f_0.1_eps_0.01_s_100",99753325,60.012,0.00249641
"n_600_c_100000000_g_6_f_0.1_eps_0.01_s_200",99757017,60.004,0.00247158
"n_600_c_100000000_g_6_f_0.1_eps_0.01_s_300",99759822,60.007,0.00247481
"n_600_c_100000000_g_6_f_0.1_eps_0.1_s_100",99378409,60.015,0.00626838
"n_600_c_100000000_g_6_f_0.1_eps_0.1_s_200",99381622,60.008,0.006248
"n_600_c_100000000_g_6_f_0.1_eps_0.1_s_300",99385764,60.035,0.0062338
"n_600_c_100000000_g_6_f_0.1_eps_0_s_100",96880437,60.004,0.0322277
"n_600_c_100000000_g_6_f_0.1_eps_0_s_200",96886087,60.007,0.0321942
"n_600_c_100000000_g_6_f_0.1_eps_0_s_300",96891960,60.005,0.0319679
"n_600_c_100000000_g_6_f_0.1_eps_1e-05_s_100",96912091,60.009,0.0262711
"n_600_c_100000000_g_6_f_0.1_eps_1e-05_s_200",96918361,60.012,0.0267755
"n_600_c_100000000_g_6_f_0.1_eps_1e-05_s_300",96921994,60.006,0.0261031
"n_600_c_100000000_g_6_f_0.2_eps_0.0001_s_100",97193367,60.01,0.0271389
"n_600_c_100000000_g_6_f_0.2_eps_0.0001_s_200",97201739,60.007,0.024001
"n_600_c_100000000_g_6_f_0.2_eps_0.0001_s_300",97211387,60.107,0.0272792
"n_600_c_100000000_g_6_f_0.2_eps_0.001_s_100",99983256,60.009,0.000202572
"n_600_c_100000000_g_6_f_0.2_eps_0.001_s_200",99992778,60.004,0.000148668
"n_600_c_100000000_g_6_f_0.2_eps_0.001_s_300",99998325,1.119,9.35186e-05
"n_600_c_100000000_g_6_f_0.2_eps_0.01_s_100",99756833,60.006,0.00246642
"n_600_c_100000000_g_6_f_0.2_eps_0.01_s_200",99763182,60.007,0.00196993
"n_600_c_100000000_g_6_f_0.2_eps_0.01_s_300",99769783,60.005,0.00241076
"n_600_c_100000000_g_6_f_0.2_eps_0.1_s_100",99381433,60.008,0.0062441
"n_600_c_100000000_g_6_f_0.2_eps_0.1_s_200",99387558,60.004,0.00621688
"n_600_c_100000000_g_6_f_0.2_eps_0.1_s_300",99395682,60.009,0.00617053
"n_600_c_100000000_g_6_f_0.2_eps_0_s_100",100000485,5.506,0
"n_600_c_100000000_g_6_f_0.2_eps_0_s_200",96892537,60.003,0.0321502
"n_600_c_100000000_g_6_f_0.2_eps_0_s_300",96900046,60.008,0.0320749
"n_600_c_100000000_g_6_f_0.2_eps_1e-05_s_100",96914489,60.009,0.0259047
"n_600_c_100000000_g_6_f_0.2_eps_1e-05_s_200",96923455,60.006,0.0264595
"n_600_c_100000000_g_6_f_0.2_eps_1e-05_s_300",96931615,60.011,0.0275487
"n_600_c_100000000_g_6_f_0.3_eps_0.0001_s_100",97196728,60.009,0.0271552
"n_600_c_100000000_g_6_f_0.3_eps_0.0001_s_200",97208218,60.005,0.0235938
"n_600_c_100000000_g_6_f_0.3_eps_0.0001_s_300",97220586,60.058,0.0234957
"n_600_c_100000000_g_6_f_0.3_eps_0.001_s_100",99987622,60.006,0.000167435
"n_600_c_100000000_g_6_f_0.3_eps_0.001_s_200",99997430,60.005,0.000108898
"n_600_c_100000000_g_6_f_0.3_eps_0.001_s_300",100007488,5.678,6.45093e-05
"n_600_c_100000000_g_6_f_0.3_eps_0.01_s_100",99759872,60.241,0.00244765
"n_600_c_100000000_g_6_f_0.3_eps_0.01_s_200",99768503,60.004,0.00240271
"n_600_c_100000000_g_6_f_0.3_eps_0.01_s_300",99779910,60.272,0.00232746
"n_600_c_100000000_g_6_f_0.3_eps_0.1_s_100",99384305,60.005,0.00623059
"n_600_c_100000000_g_6_f_0.3_eps_0.1_s_200",99394432,60.005,0.00616382
"n_600_c_100000000_g_6_f_0.3_eps_0.1_s_300",99403307,60.01,0.0061079
"n_600_c_100000000_g_6_f_0.3_eps_0_s_100",96886691,60.025,0.0321848
"n_600_c_100000000_g_6_f_0.3_eps_0_s_200",96898844,60.008,0.0321066
"n_600_c_100000000_g_6_f_0.3_eps_0_s_300",96909720,60.007,0.0319042
"n_600_c_100000000_g_6_f_0.3_eps_1e-05_s_100",96918650,60.004,0.0318479
"n_600_c_100000000_g_6_f_0.3_eps_1e-05_s_200",96929067,60.006,0.031779
"n_600_c_100000000_g_6_f_0.3_eps_1e-05_s_300",96938789,60.006,0.0264564
"n_600_c_1000000_g_10_f_0.1_eps_0.0001_s_100",1004811,0.0150001,4.88633e-05
"n_600_c_1000000_g_10_f_0.1_eps_0.0001_s_200",1010751,0.0350001,8.60693e-05
"n_600_c_1000000_g_10_f_0.1_eps_0.0001_s_300",1016373,0.0289998,9.98855e-05
"n_600_c_1000000_g_10_f_0.1_eps_0.001_s_100",1005320,0.0150001,9.60823e-06
"n_600_c_1000000_g_10_f_0.1_eps_0.001_s_200",1009867,0.017,6.68406e-05
"n_600_c_1000000_g_10_f_0.1_eps_0.001_s_300",1015623,0.0449998,7.46854e-05
"n_600_c_1000000_g_10_f_0.1_eps_0.01_s_100",1004277,0.0119998,8.23426e-05
"n_600_c_1000000_g_10_f_0.1_eps_0.01_s_200",1007922,0.0149999,8.54163e-05
"n_600_c_1000000_g_10_f_0.1_eps_0.01_s_300",1011179,0.027,7.15002e-05
"n_600_c_1000000_g_10_f_0.1_eps_0.1_s_100",1001817,5.615,0
"n_600_c_1000000_g_10_f_0.1_eps_0.1_s_200",1002900,0.202,8.29545e-05
"n_600_c_1000000_g_10_f_0.1_eps_0.1_s_300",1005058,0.137,8.91084e-05
"n_600_c_1000000_g_10_f_0.1_eps_0_s_100",1005260,0.186,9.06514e-05
"n_600_c_1000000_g_10_f_0.1_eps_0_s_200",1011857,0.033,4.67215e-05
"n_600_c_1000000_g_10_f_0.1_eps_0_s_300",1015482,0.0120001,4.06733e-05
"n_600_c_1000000_g_10_f_0.1_eps_1e-05_s_100",1005817,0.0140002,5.48362e-06
"n_600_c_1000000_g_10_f_0.1_eps_1e-05_s_200",1010347,0.013,8.59474e-06
"n_600_c_1000000_g_10_f_0.1_eps_1e-05_s_300",1019446,0.0760002,9.31078e-05
"n_600_c_1000000_g_10_f_0.2_eps_0.0001_s_100",1006406,0.00999999,3.49957e-05
"n_600_c_1000000_g_10_f_0.2_eps_0.0001_s_200",1012418,0.0209999,5.78192e-05
"n_600_c_1000000_g_10_f_0.2_eps_0.0001_s_300",1017768,0.0309999,4.18588e-05
"n_600_c_1000000_g_10_f_0.2_eps_0.001_s_100",1004892,0.0149999,4.98275e-05
"n_600_c_1000000_g_10_f_0.2_eps_0.001_s_200",1012067,0.0150001,6.80155e-05
"n_600_c_1000000_g_10_f_0.2_eps_0.001_s_300",1017391,0.013,3.25697e-05
"n_600_c_1000000_g_10_f_0.2_eps_0.01_s_100",1005315,0.03,8.86937e-05
"n_600_c_1000000_g_10_f_0.2_eps_0.01_s_200",1010891,0.039,4.42369e-05
"n_600_c_1000000_g_10_f_0.2_eps_0.01_s_300",1015121,0.0680001,8.311e-05
"n_600_c_1000000_g_10_f_0.2_eps_0.1_s_100",1003244,0.027,7.84374e-05
"n_600_c_1000000_g_10_f_0.2_eps_0.1_s_200",1004999,0.0770001,8.823e-05
"n_600_c_1000000_g_10_f_0.2_eps_0.1_s_300",1008191,0.053,9.75795e-05
"n_600_c_1000000_g_10_f_0.2_eps_0_s_100",1006543,0.0119998,3.94363e-05
"n_600_c_1000000_g_10_f_0.2_eps_0_s_200",1011277,0.0150001,5.10357e-05
"n_600_c_1000000_g_10_f_0.2_eps_0_s_300",1019880,0.0239999,6.6226e-05
"n_600_c_1000000_g_10_f_0.2_eps_1e-05_s_100",1006232,0.026,7.61739e-05
"n_600_c_1000000_g_10_f_0.2_eps_1e-05_s_200",1011294,0.0560002,3.62236e-05
"n_600_c_1000000_g_10_f_0.2_eps_1e-05_s_300",1020691,0.0549998,9.94326e-05
"n_600_c_1000000_g_10_f_0.3_eps_0.0001_s_100",1007290,0.017,7.5497e-05
"n_600_c_1000000_g_10_f_0.3_eps_0.0001_s_200",1015746,0.0149999,7.01421e-06
"n_600_c_1000000_g_10_f_0.3_eps_0.0001_s_300",1019832,0.0179999,4.78829e-05
"n_600_c_1000000_g_10_f_0.3_eps_0.001_s_100",1006084,0.017,7.42158e-05
"n_600_c_1000000_g_10_f_0.3_eps_0.001_s_200",1013197,0.0139999,4.36264e-05
"n_600_c_1000000_g_10_f_0.3_eps_0.001_s_300",1022922,0.016,7.18458e-05
"n_600_c_1000000_g_10_f_0.3_eps_0.01_s_100",1005758,0.0369999,9.46628e-05
"n_600_c_1000000_g_10_f_0.3_eps_0.01_s_200",1011995,0.0149999,9.11811e-05
"n_600_c_1000000_g_10_f_0.3_eps_0.01_s_300",1016969,0.03,8.29544e-05
"n_600_c_1000000_g_10_f_0.3_eps_0.1_s_100",1004139,0.0180001,7.4618e-05
"n_600_c_1000000_g_10_f_0.3_eps_0.1_s_200",1007414,0.0150001,2.16633e-05
"n_600_c_1000000_g_10_f_0.3_eps_0.1_s_300",1011894,0.0440001,6.31561e-05
"n_600_c_1000000_g_10_f_0.3_eps_0_s_100",1007514,0.016,4.06052e-05
"n_600_c_1000000_g_10_f_0.3_eps_0_s_200",1013260,0.013,3.13871e-05
"n_600_c_1000000_g_10_f_0.3_eps_0_s_300",1019573,0.0110002,5.50995e-05
"n_600_c_1000000_g_10_f_0.3_eps_1e-05_s_100",1007123,0.105,4.53552e-05
"n_600_c_1000000_g_10_f_0.3_eps_1e-05_s_200",1012456,0.0150001,7.74055e-05
"n_600_c_1000000_g_10_f_0.3_eps_1e-05_s_300",1021867,0.017,4.84948e-05
"n_600_c_1000000_g_14_f_0.1_eps_0.0001_s_100",1007873,0.013,6.0943e-05
"n_600_c_1000000_g_14_f_0.1_eps_0.0001_s_200",1012719,0.0150001,4.11871e-05
"n_600_c_1000000_g_14_f_0.1_eps_0.0001_s_300",1021175,0.013,3.66101e-05
"n_600_c_1000000_g_14_f_0.1_eps_0.001_s_100",1006856,0.0110002,5.4792e-05
"n_600_c_1000000_g_14_f_0.1_eps_0.001_s_200",1014515,0.0150001,1.37818e-05
"n_600_c_1000000_g_14_f_0.1_eps_0.001_s_300",1021084,0.013,6.63305e-05
"n_600_c_1000000_g_14_f_0.1_eps_0.01_s_100",1005102,0.0209999,9.8747e-05
"n_600_c_1000000_g_14_f_0.1_eps_0.01_s_200",1009314,0.0159998,7.3383e-05
"n_600_c_1000000_g_14_f_0.1_eps_0.01_s_300",1016463,0.013,8.21498e-05
"n_600_c_1000000_g_14_f_0.1_eps_0.1_s_100",1001953,0.887,6.2411e-05
"n_600_c_1000000_g_14_f_0.1_eps_0.1_s_200",1003303,0.245,8.9317e-05
"n_600_c_1000000_g_14_f_0.1_eps_0.1_s_300",1005936,0.237,8.51075e-05
"n_600_c_1000000_g_14_f_0.1_eps_0_s_100",1007526,0.016,2.67583e-05
"n_600_c_1000000_g_14_f_0.1_eps_0_s_200",1013776,0.0140002,5.74605e-05
"n_600_c_1000000_g_14_f_0.1_eps_0_s_300",1020782,0.0170002,7.08973e-05
"n_600_c_1000000_g_14_f_0.1_eps_1e-05_s_100",1007254,0.0139999,5.09899e-06
"n_600_c_1000000_g_14_f_0.1_eps_1e-05_s_200",1014739,0.0139999,2.49517e-05
"n_600_c_1000000_g_14_f_0.1_eps_1e-05_s_300",1022868,0.0139999,3.46064e-05
"n_600_c_1000000_g_14_f_0.2_eps_0.0001_s_100",1007238,0.013,2.69419e-05
"n_600_c_1000000_g_14_f_0.2_eps_0.0001_s_200",1014615,0.0119998,6.3336e-05
"n_600_c_1000000_g_14_f_0.2_eps_0.0001_s_300",1022524,0.0139999,5.6221e-06
"n_600_c_1000000_g_14_f_0.2_eps_0.001_s_100",1007556,0.0150001,9.3543e-06
"n_600_c_1000000_g_14_f_0.2_eps_0.001_s_200",1014820,0.0139999,5.48001e-05
"n_600_c_1000000_g_14_f_0.2_eps_0.001_s_300",1022588,0.0110002,3.94285e-05
"n_600_c_1000000_g_14_f_0.2_eps_0.01_s_100",1005968,0.0150001,6.3922e-06
"n_600_c_1000000_g_14_f_0.2_eps_0.01_s_200",1012269,0.0189998,5.94871e-05
"n_600_c_1000000_g_14_f_0.2_eps_0.01_s_300",1018945,0.03,4.50864e-05
"n_600_c_1000000_g_14_f_0.2_eps_0.1_s_100",1002875,0.392,8.11134e-05
"n_600_c_1000000_g_14_f_0.2_eps_0.1_s_200",1005094,1.954,0
"n_600_c_1000000_g_14_f_0.2_eps_0.1_s_300",1007961,1.094,0
"n_600_c_1000000_g_14_f_0.2_eps_0_s_100",1008006,0.0140002,1.5883e-05
"n_600_c_1000000_g_14_f_0.2_eps_0_s_200",1014406,0.0149999,4.04637e-05
"n_600_c_1000000_g_14_f_0.2_eps_0_s_300",1022627,0.0150001,2.56716e-05
"n_600_c_1000000_g_14_f_0.2_eps_1e-05_s_100",1009076,0.013,1.94091e-05
"n_600_c_1000000_g_14_f_0.2_eps_1e-05_s_200",1014503,0.013,9.20558e-05
"n_600_c_1000000_g_14_f_0.2_eps_1e-05_s_300",1020529,0.016,9.54383e-05
"n_600_c_1000000_g_14_f_0.3_eps_0.0001_s_100",1007768,0.0119998,9.86705e-05
"n_600_c_1000000_g_14_f_0.3_eps_0.0001_s_200",1016047,0.0109999,2.60661e-05
"n_600_c_1000000_g_14_f_0.3_eps_0.0001_s_300",1023889,0.013,2.36518e-05
"n_600_c_1000000_g_14_f_0.3_eps_0.001_s_100",1007615,0.013,6.21846e-05
"n_600_c_1000000_g_14_f_0.3_eps_0.001_s_200",1016190,0.013,7.941e-05
"n_600_c_1000000_g_14_f_0.3_eps_0.001_s_300",1023689,0.013,7.47795e-05
"n_600_c_1000000_g_14_f_0.3_eps_0.01_s_100",1006535,0.0139999,3.35103e-05
"n_600_c_1000000_g_14_f_0.3_eps_0.01_s_200",1014048,0.0289998,5.16057e-05
"n_600_c_1000000_g_14_f_0.3_eps_0.01_s_300",1020084,0.0179999,8.18523e-05
"n_600_c_1000000_g_14_f_0.3_eps_0.1_s_100",1003359,0.099,9.36853e-05
"n_600_c_1000000_g_14_f_0.3_eps_0.1_s_200",1006414,1.729,0
"n_600_c_1000000_g_14_f_0.3_eps_0.1_s_300",1013242,0.503,5.77896e-05
"n_600_c_1000000_g_14_f_0.3_eps_0_s_100",1008638,0.00999999,5.31345e-06
"n_600_c_1000000_g_14_f_0.3_eps_0_s_200",1016479,0.0139999,5.36434e-05
"n_600_c_1000000_g_14_f_0.3_eps_0_s_300",1024266,0.0139999,3.60993e-05
"n_600_c_1000000_g_14_f_0.3_eps_1e-05_s_100",1007630,0.0190001,7.28491e-06
"n_600_c_1000000_g_14_f_0.3_eps_1e-05_s_200",1014925,0.016,9.30081e-06
"n_600_c_1000000_g_14_f_0.3_eps_1e-05_s_300",1024008,0.0149999,5.74077e-05
"n_600_c_1000000_g_2_f_0.1_eps_0.0001_s_100",503510,0.00400019,0
"n_600_c_1000000_g_2_f_0.1_eps_0.0001_s_200",506450,0.00600004,0
"n_600_c_1000000_g_2_f_0.1_eps_0.0001_s_300",508338,0.00399995,9.63926e-05
"n_600_c_1000000_g_2_f_0.1_eps_0.001_s_100",503645,0.00300002,0
"n_600_c_1000000_g_2_f_0.1_eps_0.001_s_200",506368,0.00399995,1.18491e-05
"n_600_c_1000000_g_2_f_0.1_eps_0.001_s_300",509152,0.00600004,0
"n_600_c_1000000_g_2_f_0.1_eps_0.01_s_100",513142,0.00400019,0
"n_600_c_1000000_g_2_f_0.1_eps_0.01_s_200",516237,0.00300002,0
"n_600_c_1000000_g_2_f_0.1_eps_0.01_s_300",519972,0.00300002,0
"n_600_c_1000000_g_2_f_0.1_eps_0.1_s_100",603289,0.00500011,0
"n_600_c_1000000_g_2_f_0.1_eps_0.1_s_200",606631,0.00399995,0
"n_600_c_1000000_g_2_f_0.1_eps_0.1_s_300",609079,0.00500011,0
"n_600_c_1000000_g_2_f_0.1_eps_0_s_100",503182,0.016,0
"n_600_c_1000000_g_2_f_0.1_eps_0_s_200",505828,0.00399995,4.3493e-05
"n_600_c_1000000_g_2_f_0.1_eps_0_s_300",509496,0.00600004,0
"n_600_c_1000000_g_2_f_0.1_eps_1e-05_s_100",503327,0.00600004,0
"n_600_c_1000000_g_2_f_0.1_eps_1e-05_s_200",505610,0.00499988,0
"n_600_c_1000000_g_2_f_0.1_eps_1e-05_s_300",509845,0.00399995,0
"n_600_c_1000000_g_2_f_0.2_eps_0.0001_s_100",506252,0.00399995,0
"n_600_c_1000000_g_2_f_0.2_eps_0.0001_s_200",512323,0.00500011,0
"n_600_c_1000000_g_2_f_0.2_eps_0.0001_s_300",519237,0.00600004,0
"n_600_c_1000000_g_2_f_0.2_eps_0.001_s_100",507378,0.00600004,0
"n_600_c_1000000_g_2_f_0.2_eps_0.001_s_200",513836,0.00600004,0
"n_600_c_1000000_g_2_f_0.2_eps_0.001_s_300",520017,0.00600004,0
"n_600_c_1000000_g_2_f_0.2_eps_0.01_s_100",516492,0.00600004,0
"n_600_c_1000000_g_2_f_0.2_eps_0.01_s_200",522499,0.0059998,0
"n_600_c_1000000_g_2_f_0.2_eps_0.01_s_300",529814,0.00600004,0
"n_600_c_1000000_g_2_f_0.2_eps_0.1_s_100",605904,0.00400019,0
"n_600_c_1000000_g_2_f_0.2_eps_0.1_s_200",612892,0.00600004,0
"n_600_c_1000000_g_2_f_0.2_eps_0.1_s_300",619792,0.00600004,0
"n_600_c_1000000_g_2_f_0.2_eps_0_s_100",506314,0.0109999,0
"n_600_c_1000000_g_2_f_0.2_eps_0_s_200",511833,0.0059998,0
"n_600_c_1000000_g_2_f_0.2_eps_0_s_300",517346,0.00399995,1.93294e-06
"n_600_c_1000000_g_2_f_0.2_eps_1e-05_s_100",505845,0.00600004,0
"n_600_c_1000000_g_2_f_0.2_eps_1e-05_s_200",512253,0.00600004,0
"n_600_c_1000000_g_2_f_0.2_eps_1e-05_s_300",519257,0.00600004,0
"n_600_c_1000000_g_2_f_0.3_eps_0.0001_s_100",509793,0.00600004,0
"n_600_c_1000000_g_2_f_0.3_eps_0.0001_s_200",518078,0.00300002,0
"n_600_c_1000000_g_2_f_0.3_eps_0.0001_s_300",528574,0.00600004,0
"n_600_c_1000000_g_2_f_0.3_eps_0.001_s_100",510679,0.00399995,1.95818e-06
"n_600_c_1000000_g_2_f_0.3_eps_0.001_s_200",519682,0.00399995,0
"n_600_c_1000000_g_2_f_0.3_eps_0.001_s_300",527435,0.00699997,0
"n_600_c_1000000_g_2_f_0.3_eps_0.01_s_100",519301,0.00399995,0
"n_600_c_1000000_g_2_f_0.3_eps_0.01_s_200",528472,0.00400019,0
"n_600_c_1000000_g_2_f_0.3_eps_0.01_s_300",539538,0.00600004,0
"n_600_c_1000000_g_2_f_0.3_eps_0.1_s_100",609814,0.00499988,1.63984e-06
"n_600_c_1000000_g_2_f_0.3_eps_0.1_s_200",618751,0.00600004,0
"n_600_c_1000000_g_2_f_0.3_eps_0.1_s_300",625752,0.00600004,0
"n_600_c_1000000_g_2_f_0.3_eps_0_s_100",508718,0.017,0
"n_600_c_1000000_g_2_f_0.3_eps_0_s_200",519233,0.00399995,1.92592e-06
"n_600_c_1000000_g_2_f_0.3_eps_0_s_300",527855,0.00600004,0
"n_600_c_1000000_g_2_f_0.3_eps_1e-05_s_100",508354,0.00499988,1.37699e-05
"n_600_c_1000000_g_2_f_0.3_eps_1e-05_s_200",517679,0.00699997,0
"n_600_c_1000000_g_2_f_0.3_eps_1e-05_s_300",527445,0.00600004,0
"n_600_c_1000000_g_6_f_0.1_eps_0.0001_s_100",977196,3.564,0
"n_600_c_1000000_g_6_f_0.1_eps_0.0001_s_200",982666,3.421,0
"n_600_c_1000000_g_6_f_0.1_eps_0.0001_s_300",987016,2.108,0
"n_600_c_1000000_g_6_f_0.1_eps_0.001_s_100",1002572,0.978,0
"n_600_c_1000000_g_6_f_0.1_eps_0.001_s_200",1005461,0.138,9.08289e-05
"n_600_c_1000000_g_6_f_0.1_eps_0.001_s_300",1007894,0.119,7.95212e-05
"n_600_c_1000000_g_6_f_0.1_eps_0.01_s_100",1000549,3.554,0
"n_600_c_1000000_g_6_f_0.1_eps_0.01_s_200",1002908,1.859,0
"n_600_c_1000000_g_6_f_0.1_eps_0.01_s_300",1006674,1.904,0
"n_600_c_1000000_g_6_f_0.1_eps_0.1_s_100",997500,3.314,0
"n_600_c_1000000_g_6_f_0.1_eps_0.1_s_200",1000412,3.186,0
"n_600_c_1000000_g_6_f_0.1_eps_0.1_s_300",1003249,3.289,0
"n_600_c_1000000_g_6_f_0.1_eps_0_s_100",974175,3.463,0
"n_600_c_1000000_g_6_f_0.1_eps_0_s_200",980374,3.409,0
"n_600_c_1000000_g_6_f_0.1_eps_0_s_300",986066,1.969,0
"n_600_c_1000000_g_6_f_0.1_eps_1e-05_s_100",975044,3.661,0
"n_600_c_1000000_g_6_f_0.1_eps_1e-05_s_200",980409,3.473,0
"n_600_c_1000000_g_6_f_0.1_eps_1e-05_s_300",985086,1.958,0
"n_600_c_1000000_g_6_f_0.2_eps_0.0001_s_100",979850,60.006,0.0235569
"n_600_c_1000000_g_6_f_0.2_eps_0.0001_s_200",989237,60.008,0.0114
"n_600_c_1000000_g_6_f_0.2_eps_0.0001_s_300",998470,60.003,0.0129164
"n_600_c_1000000_g_6_f_0.2_eps_0.001_s_100",1003415,0.248,2.64708e-05
"n_600_c_1000000_g_6_f_0.2_eps_0.001_s_200",1007464,0.056,9.79178e-05
"n_600_c_1000000_g_6_f_0.2_eps_0.001_s_300",1010981,0.016,5.88703e-05
"n_600_c_1000000_g_6_f_0.2_eps_0.01_s_100",1002316,3.765,0
"n_600_c_1000000_g_6_f_0.2_eps_0.01_s_200",1005548,8.315,0
"n_600_c_1000000_g_6_f_0.2_eps_0.01_s_300",1009412,0.00900006,3.22967e-05
"n_600_c_1000000_g_6_f_0.2_eps_0.1_s_100",999711,3.295,0
"n_600_c_1000000_g_6_f_0.2_eps_0.1_s_200",1005009,6.454,0
"n_600_c_1000000_g_6_f_0.2_eps_0.1_s_300",1007065,5.765,0
"n_600_c_1000000_g_6_f_0.2_eps_0_s_100",977503,60.02,0.0266978
"n_600_c_1000000_g_6_f_0.2_eps_0_s_200",985821,60.008,0.0205798
"n_600_c_1000000_g_6_f_0.2_eps_0_s_300",992615,60.023,0.00947875
"n_600_c_1000000_g_6_f_0.2_eps_1e-05_s_100",977920,5.434,0
"n_600_c_1000000_g_6_f_0.2_eps_1e-05_s_200",987498,60.004,0.0209312
"n_600_c_1000000_g_6_f_0.2_eps_1e-05_s_300",995131,60.012,0.016839
"n_600_c_1000000_g_6_f_0.3_eps_0.0001_s_100",982477,5.344,6.2088e-05
"n_600_c_1000000_g_6_f_0.3_eps_0.0001_s_200",995216,60.011,0.0132408
"n_600_c_1000000_g_6_f_0.3_eps_0.0001_s_300",1003655,60.006,0.00134999
"n_600_c_1000000_g_6_f_0.3_eps_0.001_s_100",1004693,0.125,8.52085e-05
"n_600_c_1000000_g_6_f_0.3_eps_0.001_s_200",1008419,0.0479999,8.48985e-05
"n_600_c_1000000_g_6_f_0.3_eps_0.001_s_300",1014205,0.766,0
"n_600_c_1000000_g_6_f_0.3_eps_0.01_s_100",1003537,60.04,0.000552974
"n_600_c_1000000_g_6_f_0.3_eps_0.01_s_200",1008542,0.108,9.20938e-05
"n_600_c_1000000_g_6_f_0.3_eps_0.01_s_300",1012465,1.694,0
"n_600_c_1000000_g_6_f_0.3_eps_0.1_s_100",1002412,60.005,0.000857841
"n_600_c_1000000_g_6_f_0.3_eps_0.1_s_200",1007269,3.71,0
"n_600_c_1000000_g_6_f_0.3_eps_0.1_s_300",1010634,10.169,0
"n_600_c_1000000_g_6_f_0.3_eps_0_s_100",979694,60.002,0.0252869
"n_600_c_1000000_g_6_f_0.3_eps_0_s_200",991649,4.741,0
"n_600_c_1000000_g_6_f_0.3_eps_0_s_300",1003728,60.003,0.0103479
"n_600_c_1000000_g_6_f_0.3_eps_1e-05_s_100",980530,4.844,0
"n_600_c_1000000_g_6_f_0.3_eps_1e-05_s_200",991922,60.007,0.0165538
"n_600_c_1000000_g_6_f_0.3_eps_1e-05_s_300",1004489,60.007,0.00954116
"n_800_c_10000000000_g_10_f_0.1_eps_0.0001_s_100",9999294563,0.114,7.12205e-05
"n_800_c_10000000000_g_10_f_0.1_eps_0.0001_s_200",9999835557,0.0150001,1.77985e-05
"n_800_c_10000000000_g_10_f_0.1_eps_0.0001_s_300",9999846091,0.0680001,1.73289e-05
"n_800_c_10000000000_g_10_f_0.1_eps_0.001_s_100",9999543250,0.198,4.64029e-05
"n_800_c_10000000000_g_10_f_0.1_eps_0.001_s_200",9999554731,0.0109999,4.58057e-05
"n_800_c_10000000000_g_10_f_0.1_eps_0.001_s_300",9999565173,0.075,4.55163e-05
"n_800_c_10000000000_g_10_f_0.1_eps_0.01_s_100",9999227388,0.267,7.77519e-05
"n_800_c_10000000000_g_10_f_0.1_eps_0.01_s_200",9999232125,3.241,7.7666e-05
"n_800_c_10000000000_g_10_f_0.1_eps_0.01_s_300",9999241302,0.095,7.72646e-05
"n_800_c_10000000000_g_10_f_0.1_eps_0.1_s_100",9996098548,60.004,0.000390523
"n_800_c_10000000000_g_10_f_0.1_eps_0.1_s_200",9996103061,60.005,0.000390267
"n_800_c_10000000000_g_10_f_0.1_eps_0.1_s_300",9996107864,60.005,0.000389994
"n_800_c_10000000000_g_10_f_0.1_eps_0_s_100",10000013211,41.456,9.94998e-09
"n_800_c_10000000000_g_10_f_0.1_eps_0_s_200",9980500725,60.006,0.00195492
"n_800_c_10000000000_g_10_f_0.1_eps_0_s_300",9980510769,60.006,0.00195432
"n_800_c_10000000000_g_10_f_0.1_eps_1e-05_s_100",9999084796,18.64,9.22389e-05
"n_800_c_10000000000_g_10_f_0.1_eps_1e-05_s_200",9999097754,11.029,9.14897e-05
"n_800_c_10000000000_g_10_f_0.1_eps_1e-05_s_300",9999117375,8.062,9.05046e-05
"n_800_c_10000000000_g_10_f_0.2_eps_0.0001_s_100",9999299674,0.766,7.08594e-05
"n_800_c_10000000000_g_10_f_0.2_eps_0.0001_s_200",9999845769,0.161,1.68699e-05
"n_800_c_10000000000_g_10_f_0.2_eps_0.0001_s_300",9999325636,0.0480001,6.99208e-05
"n_800_c_10000000000_g_10_f_0.2_eps_0.001_s_100",9999077094,1.012,9.30611e-05
"n_800_c_10000000000_g_10_f_0.2_eps_0.001_s_200",9999865649,0.767,1.48754e-05
"n_800_c_10000000000_g_10_f_0.2_eps_0.001_s_300",9999877371,0.654,1.47014e-05
"n_800_c_10000000000_g_10_f_0.2_eps_0.01_s_100",9999231718,5.353,7.74599e-05
"n_800_c_10000000000_g_10_f_0.2_eps_0.01_s_200",9999240074,2.509,7.73387e-05
"n_800_c_10000000000_g_10_f_0.2_eps_0.01_s_300",9999247744,3.205,7.70706e-05
"n_800_c_10000000000_g_10_f_0.2_eps_0.1_s_100",9996103014,60.003,0.000389799
"n_800_c_10000000000_g_10_f_0.2_eps_0.1_s_200",9996111203,60.006,0.000389533
"n_800_c_10000000000_g_10_f_0.2_eps_0.1_s_300",9996120123,60.006,0.000388259
"n_800_c_10000000000_g_10_f_0.2_eps_0_s_100",9980487311,60.008,0.0019555
"n_800_c_10000000000_g_10_f_0.2_eps_0_s_200",9980501559,60.01,0.00195275
"n_800_c_10000000000_g_10_f_0.2_eps_0_s_300",9980528504,60.004,0.00195339
"n_800_c_10000000000_g_10_f_0.2_eps_1e-05_s_100",9999088764,28.558,9.19425e-05
"n_800_c_10000000000_g_10_f_0.2_eps_1e-05_s_200",9999008304,60.004,0.000100652
"n_800_c_10000000000_g_10_f_0.2_eps_1e-05_s_300",9999125783,44.549,8.96967e-05
"n_800_c_10000000000_g_10_f_0.3_eps_0.0001_s_100",9999833741,0.246,1.75449e-05
"n_800_c_10000000000_g_10_f_0.3_eps_0.0001_s_200",9999843739,0.0149999,1.7208e-05
"n_800_c_10000000000_g_10_f_0.3_eps_0.0001_s_300",9999872681,0.158,1.51803e-05
"n_800_c_10000000000_g_10_f_0.3_eps_0.001_s_100",9999082958,1.888,9.24707e-05
"n_800_c_10000000000_g_10_f_0.3_eps_0.001_s_200",9999571908,1.922,4.43774e-05
"n_800_c_10000000000_g_10_f_0.3_eps_0.001_s_300",9999123327,1.184,9.01514e-05
"n_800_c_10000000000_g_10_f_0.3_eps_0.01_s_100",9999235521,0.136,7.71629e-05
"n_800_c_10000000000_g_10_f_0.3_eps_0.01_s_200",9999250256,0.192,7.63429e-05
"n_800_c_10000000000_g_10_f_0.3_eps_0.01_s_300",9999257206,1.695,7.64498e-05
"n_800_c_10000000000_g_10_f_0.3_eps_0.1_s_100",9996107122,60.03,0.00038952
"n_800_c_10000000000_g_10_f_0.3_eps_0.1_s_200",9996120113,60.006,0.000389206
"n_800_c_10000000000_g_10_f_0.3_eps_0.1_s_300",9996133818,60.006,0.000388033
"n_800_c_10000000000_g_10_f_0.3_eps_0_s_100",9980489771,60.014,0.00195527
"n_800_c_10000000000_g_10_f_0.3_eps_0_s_200",9980513127,60.009,0.0019543
"n_800_c_10000000000_g_10_f_0.3_eps_0_s_300",9980537247,60.006,0.00195263
"n_800_c_10000000000_g_10_f_0.3_eps_1e-05_s_100",9999091600,57.226,9.17365e-05
"n_800_c_10000000000_g_10_f_0.3_eps_1e-05_s_200",9999013860,60.005,0.000100385
"n_800_c_10000000000_g_10_f_0.3_eps_1e-05_s_300",9999038308,20.421,9.88201e-05
"n_800_c_10000000000_g_14_f_0.1_eps_0.0001_s_100",9999938729,0.016,7.07347e-06
"n_800_c_10000000000_g_14_f_0.1_eps_0.0001_s_200",9999500185,0.0139999,5.16983e-05
"n_800_c_10000000000_g_14_f_0.1_eps_0.0001_s_300",9999072483,0.0149999,9.52233e-05
"n_800_c_10000000000_g_14_f_0.1_eps_0.001_s_100",9999147118,0.0149999,8.61273e-05
"n_800_c_10000000000_g_14_f_0.1_eps_0.001_s_200",9999439806,0.016,5.79408e-05
"n_800_c_10000000000_g_14_f_0.1_eps_0.001_s_300",9999887013,0.0170002,1.40862e-05
"n_800_c_10000000000_g_14_f_0.1_eps_0.01_s_100",9999130617,0.0350001,8.75311e-05
"n_800_c_10000000000_g_14_f_0.1_eps_0.01_s_200",9999142557,0.77,8.69476e-05
"n_800_c_10000000000_g_14_f_0.1_eps_0.01_s_300",9999244962,0.0599999,7.71556e-05
"n_800_c_10000000000_g_14_f_0.1_eps_0.1_s_100",9999760322,0.259,2.41811e-05
"n_800_c_10000000000_g_14_f_0.1_eps_0.1_s_200",9999765440,0.0210001,2.39836e-05
"n_800_c_10000000000_g_14_f_0.1_eps_0.1_s_300",9999764950,0.366,2.40981e-05
"n_800_c_10000000000_g_14_f_0.1_eps_0_s_100",9998803735,60.663,0.000120501
"n_800_c_10000000000_g_14_f_0.1_eps_0_s_200",9998824558,60.018,0.000119419
"n_800_c_10000000000_g_14_f_0.1_eps_0_s_300",9998849825,61.457,0.000117665
"n_800_c_10000000000_g_14_f_0.1_eps_1e-05_s_100",9999223840,0.0150001,7.85381e-05
"n_800_c_10000000000_g_14_f_0.1_eps_1e-05_s_200",9999032039,0.00900006,9.85465e-05
"n_800_c_10000000000_g_14_f_0.1_eps_1e-05_s_300",9999214451,0.00999999,8.15982e-05
"n_800_c_10000000000_g_14_f_0.2_eps_0.0001_s_100",9999194122,0.0120001,8.15279e-05
"n_800_c_10000000000_g_14_f_0.2_eps_0.0001_s_200",9999053782,0.00900006,9.68692e-05
"n_800_c_10000000000_g_14_f_0.2_eps_0.0001_s_300",9999968906,0.0139999,6.3165e-06
"n_800_c_10000000000_g_14_f_0.2_eps_0.001_s_100",9999807348,0.0120001,2.03531e-05
"n_800_c_10000000000_g_14_f_0.2_eps_0.001_s_200",9999263900,0.0150001,7.55293e-05
"n_800_c_10000000000_g_14_f_0.2_eps_0.001_s_300",9999234962,0.0139999,7.95363e-05
"n_800_c_10000000000_g_14_f_0.2_eps_0.01_s_100",9999621951,0.0669999,3.846e-05
"n_800_c_10000000000_g_14_f_0.2_eps_0.01_s_200",9999342357,0.02,6.73242e-05
"n_800_c_10000000000_g_14_f_0.2_eps_0.01_s_300",9999160926,0.017,8.62055e-05
"n_800_c_10000000000_g_14_f_0.2_eps_0.1_s_100",9999765028,0.496,2.38757e-05
"n_800_c_10000000000_g_14_f_0.2_eps_0.1_s_200",9999772692,0.687,2.34607e-05
"n_800_c_10000000000_g_14_f_0.2_eps_0.1_s_300",9999782847,1.756,2.28016e-05
"n_800_c_10000000000_g_14_f_0.2_eps_0_s_100",9998806367,60.012,0.000120364
"n_800_c_10000000000_g_14_f_0.2_eps_0_s_200",9998831369,60.029,0.000118702
"n_800_c_10000000000_g_14_f_0.2_eps_0_s_300",9998860901,60.037,0.000117059
"n_800_c_10000000000_g_14_f_0.2_eps_1e-05_s_100",9999424413,0.00999999,5.86077e-05
"n_800_c_10000000000_g_14_f_0.2_eps_1e-05_s_200",9999269004,0.0120001,7.5406e-05
"n_800_c_10000000000_g_14_f_0.2_eps_1e-05_s_300",9999502889,0.0140002,5.25467e-05
"n_800_c_10000000000_g_14_f_0.3_eps_0.0001_s_100",9999208682,0.0120001,8.00927e-05
"n_800_c_10000000000_g_14_f_0.3_eps_0.0001_s_200",9999867553,0.00999999,1.55397e-05
"n_800_c_10000000000_g_14_f_0.3_eps_0.0001_s_300",9999480400,0.0120001,5.52013e-05
"n_800_c_10000000000_g_14_f_0.3_eps_0.001_s_100",9999903725,0.0120001,1.06153e-05
"n_800_c_10000000000_g_14_f_0.3_eps_0.001_s_200",9999177537,0.0209999,8.4164e-05
"n_800_c_10000000000_g_14_f_0.3_eps_0.001_s_300",9999064010,0.017,9.65668e-05
"n_800_c_10000000000_g_14_f_0.3_eps_0.01_s_100",9999622348,0.016,3.85968e-05
"n_800_c_10000000000_g_14_f_0.3_eps_0.01_s_200",9999932847,0.0569999,8.30856e-06
"n_800_c_10000000000_g_14_f_0.3_eps_0.01_s_300",9999944600,0.0250001,7.79019e-06
"n_800_c_10000000000_g_14_f_0.3_eps_0.1_s_100",9999768458,0.231,2.36434e-05
"n_800_c_10000000000_g_14_f_0.3_eps_0.1_s_200",9999780386,0.545,2.28826e-05
"n_800_c_10000000000_g_14_f_0.3_eps_0.1_s_300",9999793243,0.0730002,2.19747e-05
"n_800_c_10000000000_g_14_f_0.3_eps_0_s_100",10000019855,23.328,1.87232e-08
"n_800_c_10000000000_g_14_f_0.3_eps_0_s_200",9998834070,60.045,0.000118531
"n_800_c_10000000000_g_14_f_0.3_eps_0_s_300",9998861104,60.004,0.000116899
"n_800_c_10000000000_g_14_f_0.3_eps_1e-05_s_100",9999749095,0.0139999,2.61664e-05
"n_800_c_10000000000_g_14_f_0.3_eps_1e-05_s_200",9999025336,0.0109999,9.93448e-05
"n_800_c_10000000000_g_14_f_0.3_eps_1e-05_s_300",9999703502,0.0110002,3.26074e-05
"n_800_c_10000000000_g_2_f_0.1_eps_0.0001_s_100",5001004203,0.00500011,0
"n_800_c_10000000000_g_2_f_0.1_eps_0.0001_s_200",5001008572,0.00400019,0
"n_800_c_10000000000_g_2_f_0.1_eps_0.0001_s_300",5001011656,0.00600004,3.99919e-10
"n_800_c_10000000000_g_2_f_0.1_eps_0.001_s_100",5010004155,0.00800014,0
"n_800_c_10000000000_g_2_f_0.1_eps_0.001_s_200",5010007744,0.00399995,0
"n_800_c_10000000000_g_2_f_0.1_eps_0.001_s_300",5010011586,0.00399995,0
"n_800_c_10000000000_g_2_f_0.1_eps_0.01_s_100",5100003862,0.00399995,0
"n_800_c_10000000000_g_2_f_0.1_eps_0.01_s_200",5100007975,0.00399995,0
"n_800_c_10000000000_g_2_f_0.1_eps_0.01_s_300",5100011265,0.00699997,0
"n_800_c_10000000000_g_2_f_0.1_eps_0.1_s_100",6000004469,0.0079999,0
"n_800_c_10000000000_g_2_f_0.1_eps_0.1_s_200",6000008348,0.00499988,1.66666e-10
"n_800_c_10000000000_g_2_f_0.1_eps_0.1_s_300",6000009897,0.00699997,0
"n_800_c_10000000000_g_2_f_0.1_eps_0_s_100",10000002847,0.0120001,0
"n_800_c_10000000000_g_2_f_0.1_eps_0_s_200",10000005078,0.0119998,0
"n_800_c_10000000000_g_2_f_0.1_eps_0_s_300",10000007973,0.0120001,0
"n_800_c_10000000000_g_2_f_0.1_eps_1e-05_s_100",5000104062,0.00600004,0
"n_800_c_10000000000_g_2_f_0.1_eps_1e-05_s_200",5000108311,0.00499988,0
"n_800_c_10000000000_g_2_f_0.1_eps_1e-05_s_300",5000112032,0.00500011,1.99996e-10
"n_800_c_10000000000_g_2_f_0.2_eps_0.0001_s_100",5001008367,0.00399995,0
"n_800_c_10000000000_g_2_f_0.2_eps_0.0001_s_200",5001014609,0.00499988,1.99959e-10
"n_800_c_10000000000_g_2_f_0.2_eps_0.0001_s_300",5001024301,0.00600004,1.99959e-10
"n_800_c_10000000000_g_2_f_0.2_eps_0.001_s_100",5010008769,0.00500011,3.99201e-10
"n_800_c_10000000000_g_2_f_0.2_eps_0.001_s_200",5010015986,0.00699997,0
"n_800_c_10000000000_g_2_f_0.2_eps_0.001_s_300",5010026215,0.00699997,0
"n_800_c_10000000000_g_2_f_0.2_eps_0.01_s_100",5100007666,0.00499988,0
"n_800_c_10000000000_g_2_f_0.2_eps_0.01_s_200",5100017384,0.00499988,0
"n_800_c_10000000000_g_2_f_0.2_eps_0.01_s_300",5100025832,0.00699997,0
"n_800_c_10000000000_g_2_f_0.2_eps_0.1_s_100",6000007605,0.00499988,0
"n_800_c_10000000000_g_2_f_0.2_eps_0.1_s_200",6000016871,0.00600004,0
"n_800_c_10000000000_g_2_f_0.2_eps_0.1_s_300",6000025564,0.0079999,0
"n_800_c_10000000000_g_2_f_0.2_eps_0_s_100",10000005669,0.00999999,0
"n_800_c_10000000000_g_2_f_0.2_eps_0_s_200",10000011628,0.0120001,0
"n_800_c_10000000000_g_2_f_0.2_eps_0_s_300",10000015385,0.013,0
"n_800_c_10000000000_g_2_f_0.2_eps_1e-05_s_100",5000107967,0.0079999,0
"n_800_c_10000000000_g_2_f_0.2_eps_1e-05_s_200",5000115993,0.00699997,0
"n_800_c_10000000000_g_2_f_0.2_eps_1e-05_s_300",5000124552,0.00600004,3.9999e-10
"n_800_c_10000000000_g_2_f_0.3_eps_0.0001_s_100",5001012485,0.00699997,0
"n_800_c_10000000000_g_2_f_0.3_eps_0.0001_s_200",5001023558,0.00699997,0
"n_800_c_10000000000_g_2_f_0.3_eps_0.0001_s_300",5001038431,0.00600004,1.99958e-10
"n_800_c_10000000000_g_2_f_0.3_eps_0.001_s_100",5010011985,0.00400019,0
"n_800_c_10000000000_g_2_f_0.3_eps_0.001_s_200",5010025415,0.00800014,0
"n_800_c_10000000000_g_2_f_0.3_eps_0.001_s_300",5010036249,0.00699997,0
"n_800_c_10000000000_g_2_f_0.3_eps_0.01_s_100",5100012520,0.00600004,0
"n_800_c_10000000000_g_2_f_0.3_eps_0.01_s_200",5100024693,0.0079999,0
"n_800_c_10000000000_g_2_f_0.3_eps_0.01_s_300",5100037781,0.00900006,0
"n_800_c_10000000000_g_2_f_0.3_eps_0.1_s_100",6000011749,0.00800014,0
"n_800_c_10000000000_g_2_f_0.3_eps_0.1_s_200",6000024643,0.00699997,0
"n_800_c_10000000000_g_2_f_0.3_eps_0.1_s_300",6000039025,0.00699997,0
"n_800_c_10000000000_g_2_f_0.3_eps_0_s_100",10000007955,0.013,0
"n_800_c_10000000000_g_2_f_0.3_eps_0_s_200",10000015115,0.013,0
"n_800_c_10000000000_g_2_f_0.3_eps_0_s_300",10000029847,0.0120001,0
"n_800_c_10000000000_g_2_f_0.3_eps_1e-05_s_100",5000111979,0.00499988,0
"n_800_c_10000000000_g_2_f_0.3_eps_1e-05_s_200",5000124249,0.00800014,0
"n_800_c_10000000000_g_2_f_0.3_eps_1e-05_s_300",5000137616,0.00699997,0
"n_800_c_10000000000_g_6_f_0.1_eps_0.0001_s_100",9718506901,66.088,0.0289646
"n_800_c_10000000000_g_6_f_0.1_eps_0.0001_s_200",9718513263,60.009,0.0289646
"n_800_c_10000000000_g_6_f_0.1_eps_0.0001_s_300",9718518655,63.966,0.0289641
"n_800_c_10000000000_g_6_f_0.1_eps_0.001_s_100",9997506591,62.788,0.000249683
"n_800_c_10000000000_g_6_f_0.1_eps_0.001_s_200",9997513106,60.006,0.000249344
"n_800_c_10000000000_g_6_f_0.1_eps_0.001_s_300",9997519646,60.008,0.000248843
"n_800_c_10000000000_g_6_f_0.1_eps_0.01_s_100",9975004492,60.983,0.00250609
"n_800_c_10000000000_g_6_f_0.1_eps_0.01_s_200",9975009249,60.007,0.00250587
"n_800_c_10000000000_g_6_f_0.1_eps_0.01_s_300",9975013921,62.33,0.00250575
"n_800_c_10000000000_g_6_f_0.1_eps_0.1_s_100",10000002732,0.671,2.40952e-08
"n_800_c_10000000000_g_6_f_0.1_eps_0.1_s_200",10000007043,2.587,6.24903e-08
"n_800_c_10000000000_g_6_f_0.1_eps_0.1_s_300",10000009870,1.007,9.16799e-08
"n_800_c_10000000000_g_6_f_0.1_eps_0_s_100",10000004731,0.00900006,0
"n_800_c_10000000000_g_6_f_0.1_eps_0_s_200",10000010408,0.02,0
"n_800_c_10000000000_g_6_f_0.1_eps_0_s_300",10000014721,0.027,8.00194e-10
"n_800_c_10000000000_g_6_f_0.1_eps_1e-05_s_100",9690606729,60.006,0.0319275
"n_800_c_10000000000_g_6_f_0.1_eps_1e-05_s_200",9690613961,62.933,0.0319271
"n_800_c_10000000000_g_6_f_0.1_eps_1e-05_s_300",9690620026,60.334,0.0319267
"n_800_c_10000000000_g_6_f_0.2_eps_0.0001_s_100",9718510655,60.004,0.0289647
"n_800_c_10000000000_g_6_f_0.2_eps_0.0001_s_200",9718521319,60.006,0.028964
"n_800_c_10000000000_g_6_f_0.2_eps_0.0001_s_300",9718534476,60.099,0.0289634
"n_800_c_10000000000_g_6_f_0.2_eps_0.001_s_100",9997510572,60.005,0.000249249
"n_800_c_10000000000_g_6_f_0.2_eps_0.001_s_200",9997522698,60.008,0.000248781
"n_800_c_10000000000_g_6_f_0.2_eps_0.001_s_300",9997532618,60.003,0.000248159
"n_800_c_10000000000_g_6_f_0.2_eps_0.01_s_100",9975008473,60.005,0.0025058
"n_800_c_10000000000_g_6_f_0.2_eps_0.01_s_200",9975016767,60.048,0.00250537
"n_800_c_10000000000_g_6_f_0.2_eps_0.01_s_300",9975025687,60.008,0.00250487
"n_800_c_10000000000_g_6_f_0.2_eps_0.1_s_100",10000005715,3.328,4.03571e-08
"n_800_c_10000000000_g_6_f_0.2_eps_0.1_s_200",10000012384,0.837,4.47285e-08
"n_800_c_10000000000_g_6_f_0.2_eps_0.1_s_300",10000015196,0.695,7.76474e-08
"n_800_c_10000000000_g_6_f_0.2_eps_0_s_100",10000007756,0.016,1.90735e-16
"n_800_c_10000000000_g_6_f_0.2_eps_0_s_200",10000015296,3.684,3.54332e-08
"n_800_c_10000000000_g_6_f_0.2_eps_0_s_300",9687532961,60.01,0.032256
"n_800_c_10000000000_g_6_f_0.2_eps_1e-05_s_100",9690610551,60.007,0.0319272
"n_800_c_10000000000_g_6_f_0.2_eps_1e-05_s_200",9690621793,60.005,0.0319264
"n_800_c_10000000000_g_6_f_0.2_eps_1e-05_s_300",9690632598,60.111,0.0319257
"n_800_c_10000000000_g_6_f_0.3_eps_0.0001_s_100",9718514761,60.005,0.0289641
"n_800_c_10000000000_g_6_f_0.3_eps_0.0001_s_200",9718528986,60.007,0.0289633
"n_800_c_10000000000_g_6_f_0.3_eps_0.0001_s_300",9718542509,60.008,0.0289625
"n_800_c_10000000000_g_6_f_0.3_eps_0.001_s_100",9997515006,64.565,0.000249172
"n_800_c_10000000000_g_6_f_0.3_eps_0.001_s_200",9997529814,60.006,0.000248268
"n_800_c_10000000000_g_6_f_0.3_eps_0.001_s_300",9997543521,60.005,0.000247338
"n_800_c_10000000000_g_6_f_0.3_eps_0.01_s_100",9975012583,60.005,0.00250552
"n_800_c_10000000000_g_6_f_0.3_eps_0.01_s_200",9975024199,61.744,0.00250484
"n_800_c_10000000000_g_6_f_0.3_eps_0.01_s_300",9975038234,60.632,0.00250402
"n_800_c_10000000000_g_6_f_0.3_eps_0.1_s_100",10000008023,0.543,2.52681e-08
"n_800_c_10000000000_g_6_f_0.3_eps_0.1_s_200",10000018258,0.397,4.258e-08
"n_800_c_10000000000_g_6_f_0.3_eps_0.1_s_300",10000025392,0.49,8.64299e-08
"n_800_c_10000000000_g_6_f_0.3_eps_0_s_100",10000010841,0.0279999,0
"n_800_c_10000000000_g_6_f_0.3_eps_0_s_200",10000020624,9.121,6.05996e-08
"n_800_c_10000000000_g_6_f_0.3_eps_0_s_300",9687544608,60.008,0.0322548
"n_800_c_10000000000_g_6_f_0.3_eps_1e-05_s_100",9690614397,60.008,0.0319269
"n_800_c_10000000000_g_6_f_0.3_eps_1e-05_s_200",9690629375,60.007,0.0319259
"n_800_c_10000000000_g_6_f_0.3_eps_1e-05_s_300",9690641652,60.008,0.031925
"n_800_c_100000000_g_10_f_0.1_eps_0.0001_s_100",100005721,0.108,8.85474e-06
"n_800_c_100000000_g_10_f_0.1_eps_0.0001_s_200",100009572,0.336,3.7783e-05
"n_800_c_100000000_g_10_f_0.1_eps_0.0001_s_300",100010465,0.614,8.8729e-05
"n_800_c_100000000_g_10_f_0.1_eps_0.001_s_100",99996871,0.0140002,9.55982e-05
"n_800_c_100000000_g_10_f_0.1_eps_0.001_s_200",100010946,0.147,2.50002e-05
"n_800_c_100000000_g_10_f_0.1_eps_0.001_s_300",100019262,3.887,1.66149e-05
"n_800_c_100000000_g_10_f_0.1_eps_0.01_s_100",99999221,2.884,5.66067e-05
"n_800_c_100000000_g_10_f_0.1_eps_0.01_s_200",100001938,0.263,6.81694e-05
"n_800_c_100000000_g_10_f_0.1_eps_0.01_s_300",100005828,0.0190001,8.07797e-05
"n_800_c_100000000_g_10_f_0.1_eps_0.1_s_100",99965568,60.004,0.000362477
"n_800_c_100000000_g_10_f_0.1_eps_0.1_s_200",99971195,60.009,0.00032975
"n_800_c_100000000_g_10_f_0.1_eps_0.1_s_300",99976438,60.006,0.000299235
"n_800_c_100000000_g_10_f_0.1_eps_0_s_100",99821622,60.005,0.00185236
"n_800_c_100000000_g_10_f_0.1_eps_0_s_200",99837820,60.004,0.00176574
"n_800_c_100000000_g_10_f_0.1_eps_0_s_300",99857611,60.006,0.00149847
"n_800_c_100000000_g_10_f_0.1_eps_1e-05_s_100",99997401,6.123,9.88616e-05
"n_800_c_100000000_g_10_f_0.1_eps_1e-05_s_200",100004898,8.344,8.46265e-05
"n_800_c_100000000_g_10_f_0.1_eps_1e-05_s_300",100011449,3.939,9.33489e-05
"n_800_c_100000000_g_10_f_0.2_eps_0.0001_s_100",100001477,0.112,6.11415e-05
"n_800_c_100000000_g_10_f_0.2_eps_0.0001_s_200",100014814,0.013,1.7261e-06
"n_800_c_100000000_g_10_f_0.2_eps_0.0001_s_300",100013428,0.259,9.03577e-05
"n_800_c_100000000_g_10_f_0.2_eps_0.001_s_100",100002442,0.725,5.26552e-05
"n_800_c_100000000_g_10_f_0.2_eps_0.001_s_200",100007119,0.0780001,9.5088e-05
"n_800_c_100000000_g_10_f_0.2_eps_0.001_s_300",100014464,0.013,8.74505e-05
"n_800_c_100000000_g_10_f_0.2_eps_0.01_s_100",99997603,0.185,8.87774e-05
"n_800_c_100000000_g_10_f_0.2_eps_0.01_s_200",100007029,0.00999999,6.62981e-05
"n_800_c_100000000_g_10_f_0.2_eps_0.01_s_300",100009424,0.756,9.07796e-05
"n_800_c_100000000_g_10_f_0.2_eps_0.1_s_100",99969810,60.005,0.00033185
"n_800_c_100000000_g_10_f_0.2_eps_0.1_s_200",99978477,60.007,0.00028625
"n_800_c_100000000_g_10_f_0.2_eps_0.1_s_300",99986631,60.005,0.000226162
"n_800_c_100000000_g_10_f_0.2_eps_0_s_100",99824535,60.003,0.00182013
"n_800_c_100000000_g_10_f_0.2_eps_0_s_200",99844964,60.006,0.00164677
"n_800_c_100000000_g_10_f_0.2_eps_0_s_300",99863823,60.009,0.00149983
"n_800_c_100000000_g_10_f_0.2_eps_1e-05_s_100",99997970,9.579,9.69323e-05
"n_800_c_100000000_g_10_f_0.2_eps_1e-05_s_200",100008208,8.6,8.44767e-05
"n_800_c_100000000_g_10_f_0.2_eps_1e-05_s_300",100014747,8.345,9.25845e-05
"n_800_c_100000000_g_10_f_0.3_eps_0.0001_s_100",100004024,0.14,4.23382e-05
"n_800_c_100000000_g_10_f_0.3_eps_0.0001_s_200",100013529,0.016,6.02168e-05
"n_800_c_100000000_g_10_f_0.3_eps_0.0001_s_300",100018669,0.32,7.00059e-05
"n_800_c_100000000_g_10_f_0.3_eps_0.001_s_100",100005478,3.209,3.0699e-05
"n_800_c_100000000_g_10_f_0.3_eps_0.001_s_200",100008679,3.072,9.88276e-05
"n_800_c_100000000_g_10_f_0.3_eps_0.001_s_300",100018441,1.743,9.20714e-05
"n_800_c_100000000_g_10_f_0.3_eps_0.01_s_100",99998015,0.103,9.31495e-05
"n_800_c_100000000_g_10_f_0.3_eps_0.01_s_200",100009308,2.932,5.18926e-05
"n_800_c_100000000_g_10_f_0.3_eps_0.01_s_300",100017327,1.158,5.05623e-05
"n_800_c_100000000_g_10_f_0.3_eps_0.1_s_100",99973751,60.005,0.000306494
"n_800_c_100000000_g_10_f_0.3_eps_0.1_s_200",99986129,60.004,0.000220605
"n_800_c_100000000_g_10_f_0.3_eps_0.1_s_300",100000089,60.002,0.000135283
"n_800_c_100000000_g_10_f_0.3_eps_0_s_100",99827655,60.003,0.00179711
"n_800_c_100000000_g_10_f_0.3_eps_0_s_200",99849773,60.006,0.00167193
"n_800_c_100000000_g_10_f_0.3_eps_0_s_300",99872993,60.01,0.00139045
"n_800_c_100000000_g_10_f_0.3_eps_1e-05_s_100",99998684,18.376,9.82557e-05
"n_800_c_100000000_g_10_f_0.3_eps_1e-05_s_200",100008619,11.094,9.53797e-05
"n_800_c_100000000_g_10_f_0.3_eps_1e-05_s_300",100017509,3.758,9.84103e-05
"n_800_c_100000000_g_14_f_0.1_eps_0.0001_s_100",100001509,0.0159998,7.26543e-05
"n_800_c_100000000_g_14_f_0.1_eps_0.0001_s_200",100011624,0.013,7.3685e-05
"n_800_c_100000000_g_14_f_0.1_eps_0.0001_s_300",100026559,0.0139999,1.19279e-05
"n_800_c_100000000_g_14_f_0.1_eps_0.001_s_100",100006940,0.0210001,7.4755e-06
"n_800_c_100000000_g_14_f_0.1_eps_0.001_s_200",100012382,0.0139999,4.03985e-05
"n_800_c_100000000_g_14_f_0.1_eps_0.001_s_300",100023459,0.0210001,2.17856e-05
"n_800_c_100000000_g_14_f_0.1_eps_0.01_s_100",100000908,0.0669999,5.27514e-05
"n_800_c_100000000_g_14_f_0.1_eps_0.01_s_200",100011503,0.073,2.49375e-06
"n_800_c_100000000_g_14_f_0.1_eps_0.01_s_300",100014284,0.0129998,5.21028e-05
"n_800_c_100000000_g_14_f_0.1_eps_0.1_s_100",100001806,0.884,2.84035e-06
"n_800_c_100000000_g_14_f_0.1_eps_0.1_s_200",99995488,0.83,9.79908e-05
"n_800_c_100000000_g_14_f_0.1_eps_0.1_s_300",99999585,0.329,7.16126e-05
"n_800_c_100000000_g_14_f_0.1_eps_0_s_100",100005796,0.013,3.30267e-05
"n_800_c_100000000_g_14_f_0.1_eps_0_s_200",100011906,0.0119998,7.69525e-05
"n_800_c_100000000_g_14_f_0.1_eps_0_s_300",100024691,0.0120001,7.72933e-06
"n_800_c_100000000_g_14_f_0.1_eps_1e-05_s_100",100001978,0.0120001,7.05738e-05
"n_800_c_100000000_g_14_f_0.1_eps_1e-05_s_200",100013549,0.0140002,4.53751e-05
"n_800_c_100000000_g_14_f_0.1_eps_1e-05_s_300",100016695,0.02,9.54194e-05
"n_800_c_100000000_g_14_f_0.2_eps_0.0001_s_100",100008477,0.02,2.54938e-05
"n_800_c_100000000_g_14_f_0.2_eps_0.0001_s_200",100017565,0.0109999,1.36286e-05
"n_800_c_100000000_g_14_f_0.2_eps_0.0001_s_300",100028414,0.0119998,1.84965e-05
"n_800_c_100000000_g_14_f_0.2_eps_0.001_s_100",100003158,0.0210001,6.81291e-05
"n_800_c_100000000_g_14_f_0.2_eps_0.001_s_200",100017540,0.0129998,1.68608e-05
"n_800_c_100000000_g_14_f_0.2_eps_0.001_s_300",100029166,0.0139999,2.13258e-06
"n_800_c_100000000_g_14_f_0.2_eps_0.01_s_100",100007460,0.04,2.45706e-06
"n_800_c_100000000_g_14_f_0.2_eps_0.01_s_200",100009405,0.095,6.24233e-05
"n_800_c_100000000_g_14_f_0.2_eps_0.01_s_300",100020783,0.017,8.88157e-06
"n_800_c_100000000_g_14_f_0.2_eps_0.1_s_100",99993796,0.282,9.78896e-05
"n_800_c_100000000_g_14_f_0.2_eps_0.1_s_200",100002043,0.558,5.36542e-05
"n_800_c_100000000_g_14_f_0.2_eps_0.1_s_300",100007769,0.0769999,2.15517e-05
"n_800_c_100000000_g_14_f_0.2_eps_0_s_100",99999919,0.0120001,9.74358e-05
"n_800_c_100000000_g_14_f_0.2_eps_0_s_200",100011736,0.00999999,6.87707e-05
"n_800_c_100000000_g_14_f_0.2_eps_0_s_300",100026384,0.013,3.8257e-05
"n_800_c_100000000_g_14_f_0.2_eps_1e-05_s_100",100004593,0.0119998,4.79217e-05
"n_800_c_100000000_g_14_f_0.2_eps_1e-05_s_200",100014950,0.0120001,4.93623e-05
"n_800_c_100000000_g_14_f_0.2_eps_1e-05_s_300",100025313,0.013,5.91916e-05
"n_800_c_100000000_g_14_f_0.3_eps_0.0001_s_100",100007014,0.00999999,3.26777e-05
"n_800_c_100000000_g_14_f_0.3_eps_0.0001_s_200",100009518,0.00999999,9.38264e-05
"n_800_c_100000000_g_14_f_0.3_eps_0.0001_s_300",100031569,0.0139999,3.92176e-06
"n_800_c_100000000_g_14_f_0.3_eps_0.001_s_100",100000307,0.0110002,9.46867e-05
"n_800_c_100000000_g_14_f_0.3_eps_0.001_s_200",100011539,0.0140002,8.20573e-05
"n_800_c_100000000_g_14_f_0.3_eps_0.001_s_300",100022425,0.0139999,8.28495e-05
"n_800_c_100000000_g_14_f_0.3_eps_0.01_s_100",99998575,0.0279999,9.91956e-05
"n_800_c_100000000_g_14_f_0.3_eps_0.01_s_200",100013213,0.069,3.28359e-05
"n_800_c_100000000_g_14_f_0.3_eps_0.01_s_300",100017704,0.0180001,8.09801e-05
"n_800_c_100000000_g_14_f_0.3_eps_0.1_s_100",99998683,0.233,6.65145e-05
"n_800_c_100000000_g_14_f_0.3_eps_0.1_s_200",100006013,0.236,4.06195e-05
"n_800_c_100000000_g_14_f_0.3_eps_0.1_s_300",100012830,2.016,2.78964e-05
"n_800_c_100000000_g_14_f_0.3_eps_0_s_100",100000525,0.00900006,9.94304e-05
"n_800_c_100000000_g_14_f_0.3_eps_0_s_200",100016242,0.0140002,3.36337e-05
"n_800_c_100000000_g_14_f_0.3_eps_0_s_300",100018336,0.013,9.97625e-05
"n_800_c_100000000_g_14_f_0.3_eps_1e-05_s_100",100004466,0.0109999,6.42098e-05
"n_800_c_100000000_g_14_f_0.3_eps_1e-05_s_200",100020653,0.0139999,1.74476e-05
"n_800_c_100000000_g_14_f_0.3_eps_1e-05_s_300",100022318,0.013,8.90916e-05
"n_800_c_100000000_g_2_f_0.1_eps_0.0001_s_100",50013865,0.00600004,0
"n_800_c_100000000_g_2_f_0.1_eps_0.0001_s_200",50018205,0.00400019,1.99927e-08
"n_800_c_100000000_g_2_f_0.1_eps_0.0001_s_300",50022269,0.00600004,0
"n_800_c_100000000_g_2_f_0.1_eps_0.001_s_100",50103720,0.00600004,0
"n_800_c_100000000_g_2_f_0.1_eps_0.001_s_200",50108440,0.00600004,0
"n_800_c_100000000_g_2_f_0.1_eps_0.001_s_300",50112738,0.00500011,0
"n_800_c_100000000_g_2_f_0.1_eps_0.01_s_100",51003833,0.00600004,0
"n_800_c_100000000_g_2_f_0.1_eps_0.01_s_200",51008216,0.0059998,0
"n_800_c_100000000_g_2_f_0.1_eps_0.01_s_300",51012822,0.00600004,0
"n_800_c_100000000_g_2_f_0.1_eps_0.1_s_100",60004314,0.00399995,3.33309e-08
"n_800_c_100000000_g_2_f_0.1_eps_0.1_s_200",60008512,0.0059998,0
"n_800_c_100000000_g_2_f_0.1_eps_0.1_s_300",60012913,0.00600004,0
"n_800_c_100000000_g_2_f_0.1_eps_0_s_100",50003882,0.0320001,0
"n_800_c_100000000_g_2_f_0.1_eps_0_s_200",50007978,0.968,0
"n_800_c_100000000_g_2_f_0.1_eps_0_s_300",50013294,0.43,0
"n_800_c_100000000_g_2_f_0.1_eps_1e-05_s_100",50004804,0.00600004,0
"n_800_c_100000000_g_2_f_0.1_eps_1e-05_s_200",50008532,0.00600004,0
"n_800_c_100000000_g_2_f_0.1_eps_1e-05_s_300",50011845,0.00499988,0
"n_800_c_100000000_g_2_f_0.2_eps_0.0001_s_100",50017755,0.00500011,3.99858e-08
"n_800_c_100000000_g_2_f_0.2_eps_0.0001_s_200",50027200,0.00600004,0
"n_800_c_100000000_g_2_f_0.2_eps_0.0001_s_300",50032518,0.00600004,0
"n_800_c_100000000_g_2_f_0.2_eps_0.001_s_100",50107861,0.00500011,1.99569e-08
"n_800_c_100000000_g_2_f_0.2_eps_0.001_s_200",50116827,0.00600004,0
"n_800_c_100000000_g_2_f_0.2_eps_0.001_s_300",50122791,0.00500011,1.9951e-08
"n_800_c_100000000_g_2_f_0.2_eps_0.01_s_100",51007971,0.00400019,1.96048e-08
"n_800_c_100000000_g_2_f_0.2_eps_0.01_s_200",51016069,0.00500011,1.96017e-08
"n_800_c_100000000_g_2_f_0.2_eps_0.01_s_300",51025301,0.00699997,0
"n_800_c_100000000_g_2_f_0.2_eps_0.1_s_100",60007799,0.00300002,0
"n_800_c_100000000_g_2_f_0.2_eps_0.1_s_200",60016930,0.00500011,1.6662e-08
"n_800_c_100000000_g_2_f_0.2_eps_0.1_s_300",60026035,0.00500011,1.66594e-08
"n_800_c_100000000_g_2_f_0.2_eps_0_s_100",50008431,0.075,0
"n_800_c_100000000_g_2_f_0.2_eps_0_s_200",50015789,1.183,0
"n_800_c_100000000_g_2_f_0.2_eps_0_s_300",50024081,0.204,0
"n_800_c_100000000_g_2_f_0.2_eps_1e-05_s_100",50009288,0.00399995,0
"n_800_c_100000000_g_2_f_0.2_eps_1e-05_s_200",50017480,0.00399995,0
"n_800_c_100000000_g_2_f_0.2_eps_1e-05_s_300",50025136,0.00400019,0
"n_800_c_100000000_g_2_f_0.3_eps_0.0001_s_100",50022138,0.00699997,0
"n_800_c_100000000_g_2_f_0.3_eps_0.0001_s_200",50034370,0.00399995,0
"n_800_c_100000000_g_2_f_0.3_eps_0.0001_s_300",50046599,0.00500011,1.99814e-08
"n_800_c_100000000_g_2_f_0.3_eps_0.001_s_100",50111706,0.00399995,1.99554e-08
"n_800_c_100000000_g_2_f_0.3_eps_0.001_s_200",50124752,0.00500011,9.97511e-08
"n_800_c_100000000_g_2_f_0.3_eps_0.001_s_300",50135450,0.00499988,0
"n_800_c_100000000_g_2_f_0.3_eps_0.01_s_100",51012610,0.00499988,0
"n_800_c_100000000_g_2_f_0.3_eps_0.01_s_200",51023935,0.00399995,0
"n_800_c_100000000_g_2_f_0.3_eps_0.01_s_300",51036009,0.00499988,1.9594e-08
"n_800_c_100000000_g_2_f_0.3_eps_0.1_s_100",60011701,0.00500011,3.33268e-08
"n_800_c_100000000_g_2_f_0.3_eps_0.1_s_200",60024093,0.00600004,0
"n_800_c_100000000_g_2_f_0.3_eps_0.1_s_300",60033667,0.00699997,0
"n_800_c_100000000_g_2_f_0.3_eps_0_s_100",50012237,0.0310001,0
"n_800_c_100000000_g_2_f_0.3_eps_0_s_200",50022957,0.235,0
"n_800_c_100000000_g_2_f_0.3_eps_0_s_300",50035931,0.21,0
"n_800_c_100000000_g_2_f_0.3_eps_1e-05_s_100",50013395,0.00500011,1.79952e-07
"n_800_c_100000000_g_2_f_0.3_eps_1e-05_s_200",50026208,0.00499988,0
"n_800_c_100000000_g_2_f_0.3_eps_1e-05_s_300",50037372,0.00800014,0
"n_800_c_100000000_g_6_f_0.1_eps_0.0001_s_100",97191951,60.01,0.0251956
"n_800_c_100000000_g_6_f_0.1_eps_0.0001_s_200",97198753,60.014,0.0288862
"n_800_c_100000000_g_6_f_0.1_eps_0.0001_s_300",97203810,60.003,0.0244307
"n_800_c_100000000_g_6_f_0.1_eps_0.001_s_100",99981746,60.004,0.000209079
"n_800_c_100000000_g_6_f_0.1_eps_0.001_s_200",99989325,60.005,0.000173528
"n_800_c_100000000_g_6_f_0.1_eps_0.001_s_300",99994997,60.006,0.000129926
"n_800_c_100000000_g_6_f_0.1_eps_0.01_s_100",99754581,60.011,0.00247987
"n_800_c_100000000_g_6_f_0.1_eps_0.01_s_200",99758952,60.007,0.0024632
"n_800_c_100000000_g_6_f_0.1_eps_0.01_s_300",99763096,60.009,0.00244319
"n_800_c_100000000_g_6_f_0.1_eps_0.1_s_100",99379659,60.005,0.00626097
"n_800_c_100000000_g_6_f_0.1_eps_0.1_s_200",99383639,60.006,0.0062363
"n_800_c_100000000_g_6_f_0.1_eps_0.1_s_300",99388319,60.011,0.00620435
"n_800_c_100000000_g_6_f_0.1_eps_0_s_100",96882025,60.007,0.0322184
"n_800_c_100000000_g_6_f_0.1_eps_0_s_200",100001180,7.047,0
"n_800_c_100000000_g_6_f_0.1_eps_0_s_300",96895612,60.026,0.0321419
"n_800_c_100000000_g_6_f_0.1_eps_1e-05_s_100",96912794,60.01,0.0265878
"n_800_c_100000000_g_6_f_0.1_eps_1e-05_s_200",96918996,60.004,0.0267088
"n_800_c_100000000_g_6_f_0.1_eps_1e-05_s_300",96926606,60.004,0.0277932
"n_800_c_100000000_g_6_f_0.2_eps_0.0001_s_100",97195588,60.006,0.021625
"n_800_c_100000000_g_6_f_0.2_eps_0.0001_s_200",97206807,60.009,0.0241775
"n_800_c_100000000_g_6_f_0.2_eps_0.0001_s_300",97216957,60.008,0.0261355
"n_800_c_100000000_g_6_f_0.2_eps_0.001_s_100",99985763,60.008,0.000186773
"n_800_c_100000000_g_6_f_0.2_eps_0.001_s_200",99996352,60.005,0.00011915
"n_800_c_100000000_g_6_f_0.2_eps_0.001_s_300",100004724,1.26,9.15753e-05
"n_800_c_100000000_g_6_f_0.2_eps_0.01_s_100",99758141,60.005,0.00246149
"n_800_c_100000000_g_6_f_0.2_eps_0.01_s_200",99765536,60.008,0.0021223
"n_800_c_100000000_g_6_f_0.2_eps_0.01_s_300",99776512,60.006,0.00235135
"n_800_c_100000000_g_6_f_0.2_eps_0.1_s_100",99383428,60.018,0.00623538
"n_800_c_100000000_g_6_f_0.2_eps_0.1_s_200",99392437,60.007,0.00617999
"n_800_c_100000000_g_6_f_0.2_eps_0.1_s_300",99399075,60.123,0.00613377
"n_800_c_100000000_g_6_f_0.2_eps_0_s_100",96886125,60.008,0.032166
"n_800_c_100000000_g_6_f_0.2_eps_0_s_200",96896359,60.005,0.0320678
"n_800_c_100000000_g_6_f_0.2_eps_0_s_300",96908493,60.008,0.0319521
"n_800_c_100000000_g_6_f_0.2_eps_1e-05_s_100",96916951,60.005,0.0311899
"n_800_c_100000000_g_6_f_0.2_eps_1e-05_s_200",96925954,60.006,0.0287325
"n_800_c_100000000_g_6_f_0.2_eps_1e-05_s_300",96937801,60.008,0.02517
"n_800_c_100000000_g_6_f_0.3_eps_0.0001_s_100",97199826,60.006,0.0288679
"n_800_c_100000000_g_6_f_0.3_eps_0.0001_s_200",97214588,60.007,0.0282902
"n_800_c_100000000_g_6_f_0.3_eps_0.0001_s_300",97229267,60.072,0.0253617
"n_800_c_100000000_g_6_f_0.3_eps_0.001_s_100",99989571,60.004,0.000151738
"n_800_c_100000000_g_6_f_0.3_eps_0.001_s_200",100002792,1.592,8.97752e-05
"n_800_c_100000000_g_6_f_0.3_eps_0.001_s_300",100009857,0.0249999,7.1402e-05
"n_800_c_100000000_g_6_f_0.3_eps_0.01_s_100",99762599,60.009,0.00243278
"n_800_c_100000000_g_6_f_0.3_eps_0.01_s_200",99776460,60.007,0.00234582
"n_800_c_100000000_g_6_f_0.3_eps_0.01_s_300",99788463,60.004,0.00226919
"n_800_c_100000000_g_6_f_0.3_eps_0.1_s_100",99387451,60.009,0.00620502
"n_800_c_100000000_g_6_f_0.3_eps_0.1_s_200",99400423,60.005,0.00612601
"n_800_c_100000000_g_6_f_0.3_eps_0.1_s_300",99411426,60.005,0.0060403
"n_800_c_100000000_g_6_f_0.3_eps_0_s_100",100000688,5.235,0
"n_800_c_100000000_g_6_f_0.3_eps_0_s_200",96905411,60.006,0.0320695
"n_800_c_100000000_g_6_f_0.3_eps_0_s_300",96919260,60.007,0.0319737
"n_800_c_100000000_g_6_f_0.3_eps_1e-05_s_100",96921378,60.006,0.030937
"n_800_c_100000000_g_6_f_0.3_eps_1e-05_s_200",96933821,60.004,0.0296123
"n_800_c_100000000_g_6_f_0.3_eps_1e-05_s_300",96948833,60.003,0.0293495
"n_800_c_1000000_g_10_f_0.1_eps_0.0001_s_100",1006024,0.0710001,4.2726e-05
"n_800_c_1000000_g_10_f_0.1_eps_0.0001_s_200",1012732,0.0139999,5.90447e-05
"n_800_c_1000000_g_10_f_0.1_eps_0.0001_s_300",1019130,0.013,9.8281e-05
"n_800_c_1000000_g_10_f_0.1_eps_0.001_s_100",1006201,0.017,6.64453e-06
"n_800_c_1000000_g_10_f_0.1_eps_0.001_s_200",1013403,0.016,7.90117e-05
"n_800_c_1000000_g_10_f_0.1_eps_0.001_s_300",1017233,0.016,5.29704e-05
"n_800_c_1000000_g_10_f_0.1_eps_0.01_s_100",1005058,0.0449998,6.53796e-05
"n_800_c_1000000_g_10_f_0.1_eps_0.01_s_200",1009751,0.016,6.79939e-05
"n_800_c_1000000_g_10_f_0.1_eps_0.01_s_300",1015465,0.0749998,7.59557e-05
"n_800_c_1000000_g_10_f_0.1_eps_0.1_s_100",1001971,2.662,0
"n_800_c_1000000_g_10_f_0.1_eps_0.1_s_200",1004759,0.927,0
"n_800_c_1000000_g_10_f_0.1_eps_0.1_s_300",1006302,1.032,0
"n_800_c_1000000_g_10_f_0.1_eps_0_s_100",1007064,0.0869999,5.1454e-05
"n_800_c_1000000_g_10_f_0.1_eps_0_s_200",1012679,0.016,5.39095e-05
"n_800_c_1000000_g_10_f_0.1_eps_0_s_300",1020295,0.0339999,4.64984e-05
"n_800_c_1000000_g_10_f_0.1_eps_1e-05_s_100",1006337,0.0139999,3.29639e-05
"n_800_c_1000000_g_10_f_0.1_eps_1e-05_s_200",1012987,0.016,5.37796e-05
"n_800_c_1000000_g_10_f_0.1_eps_1e-05_s_300",1019987,0.0159998,5.39094e-05
"n_800_c_1000000_g_10_f_0.2_eps_0.0001_s_100",1007474,0.0369999,3.35774e-05
"n_800_c_1000000_g_10_f_0.2_eps_0.0001_s_200",1017620,0.02,2.86926e-05
"n_800_c_1000000_g_10_f_0.2_eps_0.0001_s_300",1022998,0.017,6.00193e-05
"n_800_c_1000000_g_10_f_0.2_eps_0.001_s_100",1006540,0.0109999,2.27836e-05
"n_800_c_1000000_g_10_f_0.2_eps_0.001_s_200",1013762,0.016,8.70572e-05
"n_800_c_1000000_g_10_f_0.2_eps_0.001_s_300",1023741,0.0309999,7.46088e-05
"n_800_c_1000000_g_10_f_0.2_eps_0.01_s_100",1005809,0.017,5.96917e-05
"n_800_c_1000000_g_10_f_0.2_eps_0.01_s_200",1011565,0.0150001,4.69694e-05
"n_800_c_1000000_g_10_f_0.2_eps_0.01_s_300",1017782,0.033,8.84145e-05
"n_800_c_1000000_g_10_f_0.2_eps_0.1_s_100",1003371,0.0369999,9.8731e-05
"n_800_c_1000000_g_10_f_0.2_eps_0.1_s_200",1007547,0.086,3.85505e-05
"n_800_c_1000000_g_10_f_0.2_eps_0.1_s_300",1009481,0.109,4.50383e-05
"n_800_c_1000000_g_10_f_0.2_eps_0_s_100",1007726,0.0159998,2.8766e-05
"n_800_c_1000000_g_10_f_0.2_eps_0_s_200",1016379,0.0339999,4.01336e-05
"n_800_c_1000000_g_10_f_0.2_eps_0_s_300",1024831,0.017,6.99199e-05
"n_800_c_1000000_g_10_f_0.2_eps_1e-05_s_100",1007692,0.013,2.64777e-05
"n_800_c_1000000_g_10_f_0.2_eps_1e-05_s_200",1015934,0.0249999,6.95976e-05
"n_800_c_1000000_g_10_f_0.2_eps_1e-05_s_300",1023647,0.0109999,8.00135e-05
"n_800_c_1000000_g_10_f_0.3_eps_0.0001_s_100",1008345,0.0109999,2.72561e-05
"n_800_c_1000000_g_10_f_0.3_eps_0.0001_s_200",1016636,0.0139999,6.17834e-05
"n_800_c_1000000_g_10_f_0.3_eps_0.0001_s_300",1025494,0.0139999,7.53878e-05
"n_800_c_1000000_g_10_f_0.3_eps_0.001_s_100",1008394,0.0139999,1.6713e-05
"n_800_c_1000000_g_10_f_0.3_eps_0.001_s_200",1016008,0.017,4.12459e-05
"n_800_c_1000000_g_10_f_0.3_eps_0.001_s_300",1024004,0.016,7.28917e-05
"n_800_c_1000000_g_10_f_0.3_eps_0.01_s_100",1007531,0.023,3.84017e-05
"n_800_c_1000000_g_10_f_0.3_eps_0.01_s_200",1015370,0.0419998,2.835e-05
"n_800_c_1000000_g_10_f_0.3_eps_0.01_s_300",1022341,0.0239999,9.25621e-05
"n_800_c_1000000_g_10_f_0.3_eps_0.1_s_100",1004586,0.029,8.29733e-05
"n_800_c_1000000_g_10_f_0.3_eps_0.1_s_200",1008483,0.053,4.87782e-05
"n_800_c_1000000_g_10_f_0.3_eps_0.1_s_300",1014297,0.286,8.73875e-05
"n_800_c_1000000_g_10_f_0.3_eps_0_s_100",1009016,0.0179999,9.91321e-05
"n_800_c_1000000_g_10_f_0.3_eps_0_s_200",1016961,0.017,5.93193e-05
"n_800_c_1000000_g_10_f_0.3_eps_0_s_300",1026490,0.017,8.92711e-05
"n_800_c_1000000_g_10_f_0.3_eps_1e-05_s_100",1009299,0.0150001,9.96446e-05
"n_800_c_1000000_g_10_f_0.3_eps_1e-05_s_200",1018622,0.0139999,2.44531e-05
"n_800_c_1000000_g_10_f_0.3_eps_1e-05_s_300",1026026,0.017,9.05818e-05
"n_800_c_1000000_g_14_f_0.1_eps_0.0001_s_100",1009142,0.0120001,2.0382e-05
"n_800_c_1000000_g_14_f_0.1_eps_0.0001_s_200",1019547,0.0139999,5.8333e-05
"n_800_c_1000000_g_14_f_0.1_eps_0.0001_s_300",1029425,0.0150001,6.34242e-05
"n_800_c_1000000_g_14_f_0.1_eps_0.001_s_100",1008654,0.0139999,9.31964e-05
"n_800_c_1000000_g_14_f_0.1_eps_0.001_s_200",1016624,0.0159998,9.37529e-06
"n_800_c_1000000_g_14_f_0.1_eps_0.001_s_300",1026083,0.0190001,6.36852e-05
"n_800_c_1000000_g_14_f_0.1_eps_0.01_s_100",1006262,0.017,4.31689e-05
"n_800_c_1000000_g_14_f_0.1_eps_0.01_s_200",1011854,0.0170002,8.28373e-05
"n_800_c_1000000_g_14_f_0.1_eps_0.01_s_300",1017651,0.0210001,7.1965e-05
"n_800_c_1000000_g_14_f_0.1_eps_0.1_s_100",1002193,3.784,0
"n_800_c_1000000_g_14_f_0.1_eps_0.1_s_200",1004006,0.406,4.99809e-05
"n_800_c_1000000_g_14_f_0.1_eps_0.1_s_300",1005877,1.771,0
"n_800_c_1000000_g_14_f_0.1_eps_0_s_100",1008896,0.013,4.35251e-05
"n_800_c_1000000_g_14_f_0.1_eps_0_s_200",1019803,0.0180001,5.39932e-05
"n_800_c_1000000_g_14_f_0.1_eps_0_s_300",1027990,0.017,6.07284e-05
"n_800_c_1000000_g_14_f_0.1_eps_1e-05_s_100",1009845,0.016,5.17393e-05
"n_800_c_1000000_g_14_f_0.1_eps_1e-05_s_200",1016785,0.016,3.31968e-05
"n_800_c_1000000_g_14_f_0.1_eps_1e-05_s_300",1028578,0.0139999,3.51591e-05
"n_800_c_1000000_g_14_f_0.2_eps_0.0001_s_100",1010174,0.0109999,7.29442e-05
"n_800_c_1000000_g_14_f_0.2_eps_0.0001_s_200",1019872,0.0109999,6.90881e-05
"n_800_c_1000000_g_14_f_0.2_eps_0.0001_s_300",1030150,0.0150001,8.26046e-05
"n_800_c_1000000_g_14_f_0.2_eps_0.001_s_100",1009782,0.0149999,5.20996e-05
"n_800_c_1000000_g_14_f_0.2_eps_0.001_s_200",1018767,0.0150001,1.84271e-05
"n_800_c_1000000_g_14_f_0.2_eps_0.001_s_300",1027184,0.0139999,7.82379e-05
"n_800_c_1000000_g_14_f_0.2_eps_0.01_s_100",1007060,0.013,6.23221e-05
"n_800_c_1000000_g_14_f_0.2_eps_0.01_s_200",1014073,0.016,4.05396e-06
"n_800_c_1000000_g_14_f_0.2_eps_0.01_s_300",1020591,0.0579998,6.30835e-05
"n_800_c_1000000_g_14_f_0.2_eps_0.1_s_100",1003326,1.452,9.3896e-05
"n_800_c_1000000_g_14_f_0.2_eps_0.1_s_200",1007067,0.854,8.88061e-05
"n_800_c_1000000_g_14_f_0.2_eps_0.1_s_300",1010179,0.749,9.07458e-05
"n_800_c_1000000_g_14_f_0.2_eps_0_s_100",1010347,0.0180001,7.96955e-05
"n_800_c_1000000_g_14_f_0.2_eps_0_s_200",1020184,0.0119998,4.45747e-05
"n_800_c_1000000_g_14_f_0.2_eps_0_s_300",1030253,0.017,1.82093e-05
"n_800_c_1000000_g_14_f_0.2_eps_1e-05_s_100",1009909,0.017,1.47562e-05
"n_800_c_1000000_g_14_f_0.2_eps_1e-05_s_200",1018832,0.0179999,8.604e-06
"n_800_c_1000000_g_14_f_0.2_eps_1e-05_s_300",1027383,0.017,3.92828e-05
"n_800_c_1000000_g_14_f_0.3_eps_0.0001_s_100",1010373,0.0150001,4.5823e-05
"n_800_c_1000000_g_14_f_0.3_eps_0.0001_s_200",1020472,0.0159998,1.3329e-05
"n_800_c_1000000_g_14_f_0.3_eps_0.0001_s_300",1032412,0.017,7.88881e-05
"n_800_c_1000000_g_14_f_0.3_eps_0.001_s_100",1010731,0.0220001,5.18115e-05
"n_800_c_1000000_g_14_f_0.3_eps_0.001_s_200",1020452,0.017,3.45044e-05
"n_800_c_1000000_g_14_f_0.3_eps_0.001_s_300",1027946,0.0170002,4.1371e-05
"n_800_c_1000000_g_14_f_0.3_eps_0.01_s_100",1008022,0.016,8.08531e-05
"n_800_c_1000000_g_14_f_0.3_eps_0.01_s_200",1016356,0.027,7.50312e-05
"n_800_c_1000000_g_14_f_0.3_eps_0.01_s_300",1022657,0.0279999,9.17355e-05
"n_800_c_1000000_g_14_f_0.3_eps_0.1_s_100",1005069,0.451,3.96512e-05
"n_800_c_1000000_g_14_f_0.3_eps_0.1_s_200",1010239,0.226,4.69381e-05
"n_800_c_1000000_g_14_f_0.3_eps_0.1_s_300",1016440,0.516,6.16378e-05
"n_800_c_1000000_g_14_f_0.3_eps_0_s_100",1010183,0.017,2.04218e-05
"n_800_c_1000000_g_14_f_0.3_eps_0_s_200",1020682,0.0119998,8.91241e-05
"n_800_c_1000000_g_14_f_0.3_eps_0_s_300",1032126,0.0110002,5.50184e-05
"n_800_c_1000000_g_14_f_0.3_eps_1e-05_s_100",1009898,0.0170002,1.50201e-05
"n_800_c_1000000_g_14_f_0.3_eps_1e-05_s_200",1020848,0.016,7.70307e-05
"n_800_c_1000000_g_14_f_0.3_eps_1e-05_s_300",1026926,0.016,6.20216e-05
"n_800_c_1000000_g_2_f_0.1_eps_0.0001_s_100",504096,0.00699997,0
"n_800_c_1000000_g_2_f_0.1_eps_0.0001_s_200",508789,0.00399995,0
"n_800_c_1000000_g_2_f_0.1_eps_0.0001_s_300",512492,0.00399995,6.43912e-05
"n_800_c_1000000_g_2_f_0.1_eps_0.001_s_100",505084,0.00399995,0
"n_800_c_1000000_g_2_f_0.1_eps_0.001_s_200",508943,0.00399995,0
"n_800_c_1000000_g_2_f_0.1_eps_0.001_s_300",513006,0.00399995,0
"n_800_c_1000000_g_2_f_0.1_eps_0.01_s_100",513710,0.00300002,0
"n_800_c_1000000_g_2_f_0.1_eps_0.01_s_200",517989,0.00499988,0
"n_800_c_1000000_g_2_f_0.1_eps_0.01_s_300",522135,0.00600004,0
"n_800_c_1000000_g_2_f_0.1_eps_0.1_s_100",603984,0.00399995,0
"n_800_c_1000000_g_2_f_0.1_eps_0.1_s_200",607239,0.00700021,0
"n_800_c_1000000_g_2_f_0.1_eps_0.1_s_300",612531,0.00399995,0
"n_800_c_1000000_g_2_f_0.1_eps_0_s_100",503918,0.00699997,0
"n_800_c_1000000_g_2_f_0.1_eps_0_s_200",508009,0.0059998,0
"n_800_c_1000000_g_2_f_0.1_eps_0_s_300",513348,0.00600004,0
"n_800_c_1000000_g_2_f_0.1_eps_1e-05_s_100",504243,0.0059998,0
"n_800_c_1000000_g_2_f_0.1_eps_1e-05_s_200",508591,0.00399995,0
"n_800_c_1000000_g_2_f_0.1_eps_1e-05_s_300",512312,0.00400019,1.95194e-06
"n_800_c_1000000_g_2_f_0.2_eps_0.0001_s_100",509098,0.00400019,0
"n_800_c_1000000_g_2_f_0.2_eps_0.0001_s_200",515167,0.00699997,0
"n_800_c_1000000_g_2_f_0.2_eps_0.0001_s_300",524123,0.00699997,0
"n_800_c_1000000_g_2_f_0.2_eps_0.001_s_100",508778,0.00699997,0
"n_800_c_1000000_g_2_f_0.2_eps_0.001_s_200",518014,0.00499988,1.93045e-06
"n_800_c_1000000_g_2_f_0.2_eps_0.001_s_300",525569,0.00699997,0
"n_800_c_1000000_g_2_f_0.2_eps_0.01_s_100",517968,0.00399995,0
"n_800_c_1000000_g_2_f_0.2_eps_0.01_s_200",526236,0.00499988,0
"n_800_c_1000000_g_2_f_0.2_eps_0.01_s_300",533231,0.00399995,0
"n_800_c_1000000_g_2_f_0.2_eps_0.1_s_100",608360,0.00500011,1.64376e-06
"n_800_c_1000000_g_2_f_0.2_eps_0.1_s_200",615577,0.00399995,0
"n_800_c_1000000_g_2_f_0.2_eps_0.1_s_300",625615,0.00600004,0
"n_800_c_1000000_g_2_f_0.2_eps_0_s_100",508303,0.0120001,0
"n_800_c_1000000_g_2_f_0.2_eps_0_s_200",516874,0.00700021,0
"n_800_c_1000000_g_2_f_0.2_eps_0_s_300",525141,0.00499988,3.8085e-06
"n_800_c_1000000_g_2_f_0.2_eps_1e-05_s_100",508397,0.00399995,0
"n_800_c_1000000_g_2_f_0.2_eps_1e-05_s_200",516781,0.00600004,0
"n_800_c_1000000_g_2_f_0.2_eps_1e-05_s_300",524762,0.00399995,9.52813e-06
"n_800_c_1000000_g_2_f_0.3_eps_0.0001_s_100",513034,0.00399995,0
"n_800_c_1000000_g_2_f_0.3_eps_0.0001_s_200",523961,0.00399995,0
"n_800_c_1000000_g_2_f_0.3_eps_0.0001_s_300",537158,0.00699997,0
"n_800_c_1000000_g_2_f_0.3_eps_0.001_s_100",513559,0.00500011,0
"n_800_c_1000000_g_2_f_0.3_eps_0.001_s_200",525529,0.00699997,0
"n_800_c_1000000_g_2_f_0.3_eps_0.001_s_300",537176,0.00699997,0
"n_800_c_1000000_g_2_f_0.3_eps_0.01_s_100",521598,0.00399995,0
"n_800_c_1000000_g_2_f_0.3_eps_0.01_s_200",535304,0.00500011,0
"n_800_c_1000000_g_2_f_0.3_eps_0.01_s_300",545077,0.00600004,0
"n_800_c_1000000_g_2_f_0.3_eps_0.1_s_100",612326,0.00699997,0
"n_800_c_1000000_g_2_f_0.3_eps_0.1_s_200",624829,0.00399995,0
"n_800_c_1000000_g_2_f_0.3_eps_0.1_s_300",635034,0.00800014,0
"n_800_c_1000000_g_2_f_0.3_eps_0_s_100",512765,0.0180001,0
"n_800_c_1000000_g_2_f_0.3_eps_0_s_200",523629,0.0079999,0
"n_800_c_1000000_g_2_f_0.3_eps_0_s_300",534494,0.00699997,0
"n_800_c_1000000_g_2_f_0.3_eps_1e-05_s_100",511976,0.00699997,0
"n_800_c_1000000_g_2_f_0.3_eps_1e-05_s_200",522735,0.00499988,0
"n_800_c_1000000_g_2_f_0.3_eps_1e-05_s_300",536552,0.00500011,5.59126e-06
"n_800_c_1000000_g_6_f_0.1_eps_0.0001_s_100",978580,60.005,0.0237751
"n_800_c_1000000_g_6_f_0.1_eps_0.0001_s_200",985275,60.005,0.0153146
"n_800_c_1000000_g_6_f_0.1_eps_0.0001_s_300",992980,60.003,0.0169937
"n_800_c_1000000_g_6_f_0.1_eps_0.001_s_100",1003213,0.0249999,8.78079e-05
"n_800_c_1000000_g_6_f_0.1_eps_0.001_s_200",1006750,0.0909998,8.59307e-05
"n_800_c_1000000_g_6_f_0.1_eps_0.001_s_300",1008992,0.91,0
"n_800_c_1000000_g_6_f_0.1_eps_0.01_s_100",1001603,60.005,0.000682753
"n_800_c_1000000_g_6_f_0.1_eps_0.01_s_200",1003866,60.007,0.00137649
"n_800_c_1000000_g_6_f_0.1_eps_0.01_s_300",1007860,3.878,8.22146e-05
"n_800_c_1000000_g_6_f_0.1_eps_0.1_s_100",998198,60.006,0.00368282
"n_800_c_1000000_g_6_f_0.1_eps_0.1_s_200",1002752,60.004,0.00148597
"n_800_c_1000000_g_6_f_0.1_eps_0.1_s_300",1004670,60.004,0.000704819
"n_800_c_1000000_g_6_f_0.1_eps_0_s_100",975460,60.027,0.0256762
"n_800_c_1000000_g_6_f_0.1_eps_0_s_200",983027,60.006,0.0183876
"n_800_c_1000000_g_6_f_0.1_eps_0_s_300",988629,60.007,0.0140725
"n_800_c_1000000_g_6_f_0.1_eps_1e-05_s_100",976220,60.006,0.025108
"n_800_c_1000000_g_6_f_0.1_eps_1e-05_s_200",983203,60.003,0.0219044
"n_800_c_1000000_g_6_f_0.1_eps_1e-05_s_300",989895,60.01,0.0120791
"n_800_c_1000000_g_6_f_0.2_eps_0.0001_s_100",982392,60.011,0.0226114
"n_800_c_1000000_g_6_f_0.2_eps_0.0001_s_200",994712,60.006,0.0151902
"n_800_c_1000000_g_6_f_0.2_eps_0.0001_s_300",1003965,60.005,0.00110698
"n_800_c_1000000_g_6_f_0.2_eps_0.001_s_100",1004067,0.0640001,1.64434e-05
"n_800_c_1000000_g_6_f_0.2_eps_0.001_s_200",1007551,0.026,6.5414e-05
"n_800_c_1000000_g_6_f_0.2_eps_0.001_s_300",1011547,0.0400002,8.74635e-05
"n_800_c_1000000_g_6_f_0.2_eps_0.01_s_100",1003896,60.004,0.000783374
"n_800_c_1000000_g_6_f_0.2_eps_0.01_s_200",1007140,2.941,0
"n_800_c_1000000_g_6_f_0.2_eps_0.01_s_300",1013019,0.0940001,4.27316e-05
"n_800_c_1000000_g_6_f_0.2_eps_0.1_s_100",1001782,60.005,0.00129649
"n_800_c_1000000_g_6_f_0.2_eps_0.1_s_200",1005439,60.006,0.000430566
"n_800_c_1000000_g_6_f_0.2_eps_0.1_s_300",1008214,60.004,0.000736764
"n_800_c_1000000_g_6_f_0.2_eps_0_s_100",979395,60.005,0.0256458
"n_800_c_1000000_g_6_f_0.2_eps_0_s_200",989694,60.005,0.011894
"n_800_c_1000000_g_6_f_0.2_eps_0_s_300",999741,60.023,0.00275735
"n_800_c_1000000_g_6_f_0.2_eps_1e-05_s_100",980098,60.006,0.0253512
"n_800_c_1000000_g_6_f_0.2_eps_1e-05_s_200",991078,60.009,0.0107459
"n_800_c_1000000_g_6_f_0.2_eps_1e-05_s_300",998373,60.003,0.0118233
"n_800_c_1000000_g_6_f_0.3_eps_0.0001_s_100",986950,60.007,0.0141758
"n_800_c_1000000_g_6_f_0.3_eps_0.0001_s_200",1001189,60.008,0.010091
"n_800_c_1000000_g_6_f_0.3_eps_0.0001_s_300",1010114,4.719,9.64485e-05
"n_800_c_1000000_g_6_f_0.3_eps_0.001_s_100",1005432,0.172,4.09065e-05
"n_800_c_1000000_g_6_f_0.3_eps_0.001_s_200",1011088,3.651,0
"n_800_c_1000000_g_6_f_0.3_eps_0.001_s_300",1017221,5.387,0
"n_800_c_1000000_g_6_f_0.3_eps_0.01_s_100",1004885,5.261,5.42114e-05
"n_800_c_1000000_g_6_f_0.3_eps_0.01_s_200",1011729,0.0300002,6.08897e-05
"n_800_c_1000000_g_6_f_0.3_eps_0.01_s_300",1014525,3.751,5.04525e-05
"n_800_c_1000000_g_6_f_0.3_eps_0.1_s_100",1003859,60.013,0.000601242
"n_800_c_1000000_g_6_f_0.3_eps_0.1_s_200",1009316,60.004,0.000277771
"n_800_c_1000000_g_6_f_0.3_eps_0.1_s_300",1012912,60.008,0.000753682
"n_800_c_1000000_g_6_f_0.3_eps_0_s_100",983625,60.006,0.0225753
"n_800_c_1000000_g_6_f_0.3_eps_0_s_200",998609,60.008,0.00527661
"n_800_c_1000000_g_6_f_0.3_eps_0_s_300",1014262,4.481,8.65221e-05
"n_800_c_1000000_g_6_f_0.3_eps_1e-05_s_100",983660,60.006,0.0171912
"n_800_c_1000000_g_6_f_0.3_eps_1e-05_s_200",998907,60.007,0.0118584
"n_800_c_1000000_g_6_f_0.3_eps_1e-05_s_300",1009744,60.004,0.00641897
