Name:,Obj Fn,Runtime,MIPGAP
"n_1000_c_10000000000_g_10_f_0.1_eps_0.0001_s_100",9.9993e+09
"n_1000_c_10000000000_g_10_f_0.1_eps_0.0001_s_200",9.99978e+09
"n_1000_c_10000000000_g_10_f_0.1_eps_0.0001_s_300",9.9998e+09
"n_1000_c_10000000000_g_10_f_0.1_eps_0.001_s_100",9.99907e+09
"n_1000_c_10000000000_g_10_f_0.1_eps_0.001_s_200",9.99956e+09
"n_1000_c_10000000000_g_10_f_0.1_eps_0.001_s_300",9.99942e+09
"n_1000_c_10000000000_g_10_f_0.1_eps_0.01_s_100",9.99923e+09
"n_1000_c_10000000000_g_10_f_0.1_eps_0.01_s_200",9.99924e+09
"n_1000_c_10000000000_g_10_f_0.1_eps_0.01_s_300",9.99925e+09
"n_1000_c_10000000000_g_10_f_0.1_eps_0.1_s_100",9.99611e+09
"n_1000_c_10000000000_g_10_f_0.1_eps_0.1_s_200",9.99611e+09
"n_1000_c_10000000000_g_10_f_0.1_eps_0.1_s_300",9.99611e+09
"n_1000_c_10000000000_g_10_f_0.1_eps_0_s_100",9.98049e+09
"n_1000_c_10000000000_g_10_f_0.1_eps_0_s_200",9.98051e+09
"n_1000_c_10000000000_g_10_f_0.1_eps_0_s_300",9.98052e+09
"n_1000_c_10000000000_g_10_f_0.1_eps_1e-05_s_100",9.99909e+09
"n_1000_c_10000000000_g_10_f_0.1_eps_1e-05_s_200",9.99911e+09
"n_1000_c_10000000000_g_10_f_0.1_eps_1e-05_s_300",9.99922e+09
"n_1000_c_10000000000_g_10_f_0.2_eps_0.0001_s_100",9.9993e+09
"n_1000_c_10000000000_g_10_f_0.2_eps_0.0001_s_200",9.99932e+09
"n_1000_c_10000000000_g_10_f_0.2_eps_0.0001_s_300",9.99933e+09
"n_1000_c_10000000000_g_10_f_0.2_eps_0.001_s_100",9.99908e+09
"n_1000_c_10000000000_g_10_f_0.2_eps_0.001_s_200",9.99956e+09
"n_1000_c_10000000000_g_10_f_0.2_eps_0.001_s_300",9.99958e+09
"n_1000_c_10000000000_g_10_f_0.2_eps_0.01_s_100",9.99923e+09
"n_1000_c_10000000000_g_10_f_0.2_eps_0.01_s_200",9.99924e+09
"n_1000_c_10000000000_g_10_f_0.2_eps_0.01_s_300",9.99926e+09
"n_1000_c_10000000000_g_10_f_0.2_eps_0.1_s_100",9.99611e+09
"n_1000_c_10000000000_g_10_f_0.2_eps_0.1_s_200",9.99612e+09
"n_1000_c_10000000000_g_10_f_0.2_eps_0.1_s_300",9.99613e+09
"n_1000_c_10000000000_g_10_f_0.2_eps_0_s_100",1e+10
"n_1000_c_10000000000_g_10_f_0.2_eps_0_s_200",9.98052e+09
"n_1000_c_10000000000_g_10_f_0.2_eps_0_s_300",9.98054e+09
"n_1000_c_10000000000_g_10_f_0.2_eps_1e-05_s_100",9.99909e+09
"n_1000_c_10000000000_g_10_f_0.2_eps_1e-05_s_200",9.99921e+09
"n_1000_c_10000000000_g_10_f_0.2_eps_1e-05_s_300",9.99913e+09
"n_1000_c_10000000000_g_10_f_0.3_eps_0.0001_s_100",9.99983e+09
"n_1000_c_10000000000_g_10_f_0.3_eps_0.0001_s_200",9.99932e+09
"n_1000_c_10000000000_g_10_f_0.3_eps_0.0001_s_300",9.99987e+09
"n_1000_c_10000000000_g_10_f_0.3_eps_0.001_s_100",9.99909e+09
"n_1000_c_10000000000_g_10_f_0.3_eps_0.001_s_200",9.99957e+09
"n_1000_c_10000000000_g_10_f_0.3_eps_0.001_s_300",9.99912e+09
"n_1000_c_10000000000_g_10_f_0.3_eps_0.01_s_100",9.99923e+09
"n_1000_c_10000000000_g_10_f_0.3_eps_0.01_s_200",9.99925e+09
"n_1000_c_10000000000_g_10_f_0.3_eps_0.01_s_300",9.99926e+09
"n_1000_c_10000000000_g_10_f_0.3_eps_0.1_s_100",9.99611e+09
"n_1000_c_10000000000_g_10_f_0.3_eps_0.1_s_200",9.99613e+09
"n_1000_c_10000000000_g_10_f_0.3_eps_0.1_s_300",9.99615e+09
"n_1000_c_10000000000_g_10_f_0.3_eps_0_s_100",9.9805e+09
"n_1000_c_10000000000_g_10_f_0.3_eps_0_s_200",9.98052e+09
"n_1000_c_10000000000_g_10_f_0.3_eps_0_s_300",9.98055e+09
"n_1000_c_10000000000_g_10_f_0.3_eps_1e-05_s_100",9.9991e+09
"n_1000_c_10000000000_g_10_f_0.3_eps_1e-05_s_200",9.99902e+09
"n_1000_c_10000000000_g_10_f_0.3_eps_1e-05_s_300",9.99905e+09
"n_1000_c_10000000000_g_14_f_0.1_eps_0.0001_s_100",9.99983e+09
"n_1000_c_10000000000_g_14_f_0.1_eps_0.0001_s_200",9.99914e+09
"n_1000_c_10000000000_g_14_f_0.1_eps_0.0001_s_300",9.99938e+09
"n_1000_c_10000000000_g_14_f_0.1_eps_0.001_s_100",9.99965e+09
"n_1000_c_10000000000_g_14_f_0.1_eps_0.001_s_200",9.99977e+09
"n_1000_c_10000000000_g_14_f_0.1_eps_0.001_s_300",9.99955e+09
"n_1000_c_10000000000_g_14_f_0.1_eps_0.01_s_100",9.99903e+09
"n_1000_c_10000000000_g_14_f_0.1_eps_0.01_s_200",9.99924e+09
"n_1000_c_10000000000_g_14_f_0.1_eps_0.01_s_300",9.99915e+09
"n_1000_c_10000000000_g_14_f_0.1_eps_0.1_s_100",9.99976e+09
"n_1000_c_10000000000_g_14_f_0.1_eps_0.1_s_200",9.99977e+09
"n_1000_c_10000000000_g_14_f_0.1_eps_0.1_s_300",9.99977e+09
"n_1000_c_10000000000_g_14_f_0.1_eps_0_s_100",9.99881e+09
"n_1000_c_10000000000_g_14_f_0.1_eps_0_s_200",9.99883e+09
"n_1000_c_10000000000_g_14_f_0.1_eps_0_s_300",9.99887e+09
"n_1000_c_10000000000_g_14_f_0.1_eps_1e-05_s_100",9.99918e+09
"n_1000_c_10000000000_g_14_f_0.1_eps_1e-05_s_200",9.99949e+09
"n_1000_c_10000000000_g_14_f_0.1_eps_1e-05_s_300",9.99947e+09
"n_1000_c_10000000000_g_14_f_0.2_eps_0.0001_s_100",9.99952e+09
"n_1000_c_10000000000_g_14_f_0.2_eps_0.0001_s_200",9.99942e+09
"n_1000_c_10000000000_g_14_f_0.2_eps_0.0001_s_300",9.99914e+09
"n_1000_c_10000000000_g_14_f_0.2_eps_0.001_s_100",9.99957e+09
"n_1000_c_10000000000_g_14_f_0.2_eps_0.001_s_200",9.99935e+09
"n_1000_c_10000000000_g_14_f_0.2_eps_0.001_s_300",9.99975e+09
"n_1000_c_10000000000_g_14_f_0.2_eps_0.01_s_100",9.99923e+09
"n_1000_c_10000000000_g_14_f_0.2_eps_0.01_s_200",9.99925e+09
"n_1000_c_10000000000_g_14_f_0.2_eps_0.01_s_300",9.99926e+09
"n_1000_c_10000000000_g_14_f_0.2_eps_0.1_s_100",9.99977e+09
"n_1000_c_10000000000_g_14_f_0.2_eps_0.1_s_200",9.99978e+09
"n_1000_c_10000000000_g_14_f_0.2_eps_0.1_s_300",9.99979e+09
"n_1000_c_10000000000_g_14_f_0.2_eps_0_s_100",9.99881e+09
"n_1000_c_10000000000_g_14_f_0.2_eps_0_s_200",9.99884e+09
"n_1000_c_10000000000_g_14_f_0.2_eps_0_s_300",9.99888e+09
"n_1000_c_10000000000_g_14_f_0.2_eps_1e-05_s_100",9.99965e+09
"n_1000_c_10000000000_g_14_f_0.2_eps_1e-05_s_200",9.99923e+09
"n_1000_c_10000000000_g_14_f_0.2_eps_1e-05_s_300",9.99987e+09
"n_1000_c_10000000000_g_14_f_0.3_eps_0.0001_s_100",9.99961e+09
"n_1000_c_10000000000_g_14_f_0.3_eps_0.0001_s_200",9.99973e+09
"n_1000_c_10000000000_g_14_f_0.3_eps_0.0001_s_300",9.99976e+09
"n_1000_c_10000000000_g_14_f_0.3_eps_0.001_s_100",9.99953e+09
"n_1000_c_10000000000_g_14_f_0.3_eps_0.001_s_200",9.99998e+09
"n_1000_c_10000000000_g_14_f_0.3_eps_0.001_s_300",9.99915e+09
"n_1000_c_10000000000_g_14_f_0.3_eps_0.01_s_100",9.99914e+09
"n_1000_c_10000000000_g_14_f_0.3_eps_0.01_s_200",9.99916e+09
"n_1000_c_10000000000_g_14_f_0.3_eps_0.01_s_300",9.99956e+09
"n_1000_c_10000000000_g_14_f_0.3_eps_0.1_s_100",9.99977e+09
"n_1000_c_10000000000_g_14_f_0.3_eps_0.1_s_200",9.99979e+09
"n_1000_c_10000000000_g_14_f_0.3_eps_0.1_s_300",9.9998e+09
"n_1000_c_10000000000_g_14_f_0.3_eps_0_s_100",9.99885e+09
"n_1000_c_10000000000_g_14_f_0.3_eps_0_s_200",9.99885e+09
"n_1000_c_10000000000_g_14_f_0.3_eps_0_s_300",9.99889e+09
"n_1000_c_10000000000_g_14_f_0.3_eps_1e-05_s_100",9.99935e+09
"n_1000_c_10000000000_g_14_f_0.3_eps_1e-05_s_200",1e+10
"n_1000_c_10000000000_g_14_f_0.3_eps_1e-05_s_300",9.99914e+09
"n_1000_c_10000000000_g_2_f_0.1_eps_0.0001_s_100",5.00101e+09
"n_1000_c_10000000000_g_2_f_0.1_eps_0.0001_s_200",5.00101e+09
"n_1000_c_10000000000_g_2_f_0.1_eps_0.0001_s_300",5.00102e+09
"n_1000_c_10000000000_g_2_f_0.1_eps_0.001_s_100",5.01001e+09
"n_1000_c_10000000000_g_2_f_0.1_eps_0.001_s_200",5.01001e+09
"n_1000_c_10000000000_g_2_f_0.1_eps_0.001_s_300",5.01002e+09
"n_1000_c_10000000000_g_2_f_0.1_eps_0.01_s_100",5.10001e+09
"n_1000_c_10000000000_g_2_f_0.1_eps_0.01_s_200",5.10001e+09
"n_1000_c_10000000000_g_2_f_0.1_eps_0.01_s_300",5.10002e+09
"n_1000_c_10000000000_g_2_f_0.1_eps_0.1_s_100",6.00001e+09
"n_1000_c_10000000000_g_2_f_0.1_eps_0.1_s_200",6.00001e+09
"n_1000_c_10000000000_g_2_f_0.1_eps_0.1_s_300",6.00002e+09
"n_1000_c_10000000000_g_2_f_0.1_eps_0_s_100",1e+10
"n_1000_c_10000000000_g_2_f_0.1_eps_0_s_200",1e+10
"n_1000_c_10000000000_g_2_f_0.1_eps_0_s_300",1e+10
"n_1000_c_10000000000_g_2_f_0.1_eps_1e-05_s_100",5.00011e+09
"n_1000_c_10000000000_g_2_f_0.1_eps_1e-05_s_200",5.00011e+09
"n_1000_c_10000000000_g_2_f_0.1_eps_1e-05_s_300",5.00012e+09
"n_1000_c_10000000000_g_2_f_0.2_eps_0.0001_s_100",5.00101e+09
"n_1000_c_10000000000_g_2_f_0.2_eps_0.0001_s_200",5.00102e+09
"n_1000_c_10000000000_g_2_f_0.2_eps_0.0001_s_300",5.00103e+09
"n_1000_c_10000000000_g_2_f_0.2_eps_0.001_s_100",5.01001e+09
"n_1000_c_10000000000_g_2_f_0.2_eps_0.001_s_200",5.01002e+09
"n_1000_c_10000000000_g_2_f_0.2_eps_0.001_s_300",5.01003e+09
"n_1000_c_10000000000_g_2_f_0.2_eps_0.01_s_100",5.10001e+09
"n_1000_c_10000000000_g_2_f_0.2_eps_0.01_s_200",5.10002e+09
"n_1000_c_10000000000_g_2_f_0.2_eps_0.01_s_300",5.10003e+09
"n_1000_c_10000000000_g_2_f_0.2_eps_0.1_s_100",6.00001e+09
"n_1000_c_10000000000_g_2_f_0.2_eps_0.1_s_200",6.00002e+09
"n_1000_c_10000000000_g_2_f_0.2_eps_0.1_s_300",6.00003e+09
"n_1000_c_10000000000_g_2_f_0.2_eps_0_s_100",1e+10
"n_1000_c_10000000000_g_2_f_0.2_eps_0_s_200",1e+10
"n_1000_c_10000000000_g_2_f_0.2_eps_0_s_300",1e+10
"n_1000_c_10000000000_g_2_f_0.2_eps_1e-05_s_100",5.00011e+09
"n_1000_c_10000000000_g_2_f_0.2_eps_1e-05_s_200",5.00012e+09
"n_1000_c_10000000000_g_2_f_0.2_eps_1e-05_s_300",5.00013e+09
"n_1000_c_10000000000_g_2_f_0.3_eps_0.0001_s_100",5.00102e+09
"n_1000_c_10000000000_g_2_f_0.3_eps_0.0001_s_200",5.00103e+09
"n_1000_c_10000000000_g_2_f_0.3_eps_0.0001_s_300",5.00104e+09
"n_1000_c_10000000000_g_2_f_0.3_eps_0.001_s_100",5.01001e+09
"n_1000_c_10000000000_g_2_f_0.3_eps_0.001_s_200",5.01003e+09
"n_1000_c_10000000000_g_2_f_0.3_eps_0.001_s_300",5.01004e+09
"n_1000_c_10000000000_g_2_f_0.3_eps_0.01_s_100",5.10002e+09
"n_1000_c_10000000000_g_2_f_0.3_eps_0.01_s_200",5.10003e+09
"n_1000_c_10000000000_g_2_f_0.3_eps_0.01_s_300",5.10005e+09
"n_1000_c_10000000000_g_2_f_0.3_eps_0.1_s_100",6.00002e+09
"n_1000_c_10000000000_g_2_f_0.3_eps_0.1_s_200",6.00003e+09
"n_1000_c_10000000000_g_2_f_0.3_eps_0.1_s_300",6.00004e+09
"n_1000_c_10000000000_g_2_f_0.3_eps_0_s_100",1e+10
"n_1000_c_10000000000_g_2_f_0.3_eps_0_s_200",1e+10
"n_1000_c_10000000000_g_2_f_0.3_eps_0_s_300",1e+10
"n_1000_c_10000000000_g_2_f_0.3_eps_1e-05_s_100",5.00012e+09
"n_1000_c_10000000000_g_2_f_0.3_eps_1e-05_s_200",5.00013e+09
"n_1000_c_10000000000_g_2_f_0.3_eps_1e-05_s_300",5.00014e+09
"n_1000_c_10000000000_g_6_f_0.1_eps_0.0001_s_100",9.71851e+09
"n_1000_c_10000000000_g_6_f_0.1_eps_0.0001_s_200",9.71852e+09
"n_1000_c_10000000000_g_6_f_0.1_eps_0.0001_s_300",9.71852e+09
"n_1000_c_10000000000_g_6_f_0.1_eps_0.001_s_100",9.99751e+09
"n_1000_c_10000000000_g_6_f_0.1_eps_0.001_s_200",9.99752e+09
"n_1000_c_10000000000_g_6_f_0.1_eps_0.001_s_300",9.99753e+09
"n_1000_c_10000000000_g_6_f_0.1_eps_0.01_s_100",9.97501e+09
"n_1000_c_10000000000_g_6_f_0.1_eps_0.01_s_200",9.96251e+09
"n_1000_c_10000000000_g_6_f_0.1_eps_0.01_s_300",9.97502e+09
"n_1000_c_10000000000_g_6_f_0.1_eps_0.1_s_100",1e+10
"n_1000_c_10000000000_g_6_f_0.1_eps_0.1_s_200",1e+10
"n_1000_c_10000000000_g_6_f_0.1_eps_0.1_s_300",1e+10
"n_1000_c_10000000000_g_6_f_0.1_eps_0_s_100",1e+10
"n_1000_c_10000000000_g_6_f_0.1_eps_0_s_200",1e+10
"n_1000_c_10000000000_g_6_f_0.1_eps_0_s_300",1e+10
"n_1000_c_10000000000_g_6_f_0.1_eps_1e-05_s_100",9.69061e+09
"n_1000_c_10000000000_g_6_f_0.1_eps_1e-05_s_200",9.69062e+09
"n_1000_c_10000000000_g_6_f_0.1_eps_1e-05_s_300",9.69063e+09
"n_1000_c_10000000000_g_6_f_0.2_eps_0.0001_s_100",9.71851e+09
"n_1000_c_10000000000_g_6_f_0.2_eps_0.0001_s_200",9.71853e+09
"n_1000_c_10000000000_g_6_f_0.2_eps_0.0001_s_300",9.71854e+09
"n_1000_c_10000000000_g_6_f_0.2_eps_0.001_s_100",9.99751e+09
"n_1000_c_10000000000_g_6_f_0.2_eps_0.001_s_200",9.99752e+09
"n_1000_c_10000000000_g_6_f_0.2_eps_0.001_s_300",9.99754e+09
"n_1000_c_10000000000_g_6_f_0.2_eps_0.01_s_100",9.97501e+09
"n_1000_c_10000000000_g_6_f_0.2_eps_0.01_s_200",9.97502e+09
"n_1000_c_10000000000_g_6_f_0.2_eps_0.01_s_300",9.97503e+09
"n_1000_c_10000000000_g_6_f_0.2_eps_0.1_s_100",1e+10
"n_1000_c_10000000000_g_6_f_0.2_eps_0.1_s_200",1e+10
"n_1000_c_10000000000_g_6_f_0.2_eps_0.1_s_300",1e+10
"n_1000_c_10000000000_g_6_f_0.2_eps_0_s_100",1e+10
"n_1000_c_10000000000_g_6_f_0.2_eps_0_s_200",9.68753e+09
"n_1000_c_10000000000_g_6_f_0.2_eps_0_s_300",9.68754e+09
"n_1000_c_10000000000_g_6_f_0.2_eps_1e-05_s_100",9.69062e+09
"n_1000_c_10000000000_g_6_f_0.2_eps_1e-05_s_200",9.69063e+09
"n_1000_c_10000000000_g_6_f_0.2_eps_1e-05_s_300",9.69064e+09
"n_1000_c_10000000000_g_6_f_0.3_eps_0.0001_s_100",9.71852e+09
"n_1000_c_10000000000_g_6_f_0.3_eps_0.0001_s_200",9.71854e+09
"n_1000_c_10000000000_g_6_f_0.3_eps_0.0001_s_300",9.71856e+09
"n_1000_c_10000000000_g_6_f_0.3_eps_0.001_s_100",9.99752e+09
"n_1000_c_10000000000_g_6_f_0.3_eps_0.001_s_200",9.99753e+09
"n_1000_c_10000000000_g_6_f_0.3_eps_0.001_s_300",9.99755e+09
"n_1000_c_10000000000_g_6_f_0.3_eps_0.01_s_100",9.97502e+09
"n_1000_c_10000000000_g_6_f_0.3_eps_0.01_s_200",9.96253e+09
"n_1000_c_10000000000_g_6_f_0.3_eps_0.01_s_300",9.97505e+09
"n_1000_c_10000000000_g_6_f_0.3_eps_0.1_s_100",1e+10
"n_1000_c_10000000000_g_6_f_0.3_eps_0.1_s_200",1e+10
"n_1000_c_10000000000_g_6_f_0.3_eps_0.1_s_300",1e+10
"n_1000_c_10000000000_g_6_f_0.3_eps_0_s_100",1e+10
"n_1000_c_10000000000_g_6_f_0.3_eps_0_s_200",1e+10
"n_1000_c_10000000000_g_6_f_0.3_eps_0_s_300",9.68755e+09
"n_1000_c_10000000000_g_6_f_0.3_eps_1e-05_s_100",9.69062e+09
"n_1000_c_10000000000_g_6_f_0.3_eps_1e-05_s_200",9.69064e+09
"n_1000_c_10000000000_g_6_f_0.3_eps_1e-05_s_300",9.69065e+09
"n_1000_c_100000000_g_10_f_0.1_eps_0.0001_s_100",1.00007e+08
"n_1000_c_100000000_g_10_f_0.1_eps_0.0001_s_200",1.00011e+08
"n_1000_c_100000000_g_10_f_0.1_eps_0.0001_s_300",1.0002e+08
"n_1000_c_100000000_g_10_f_0.1_eps_0.001_s_100",1.00003e+08
"n_1000_c_100000000_g_10_f_0.1_eps_0.001_s_200",1.00009e+08
"n_1000_c_100000000_g_10_f_0.1_eps_0.001_s_300",1.0002e+08
"n_1000_c_100000000_g_10_f_0.1_eps_0.01_s_100",1.00001e+08
"n_1000_c_100000000_g_10_f_0.1_eps_0.01_s_200",1.00005e+08
"n_1000_c_100000000_g_10_f_0.1_eps_0.01_s_300",1.0001e+08
"n_1000_c_100000000_g_10_f_0.1_eps_0.1_s_100",9.99668e+07
"n_1000_c_100000000_g_10_f_0.1_eps_0.1_s_200",9.99733e+07
"n_1000_c_100000000_g_10_f_0.1_eps_0.1_s_300",9.99796e+07
"n_1000_c_100000000_g_10_f_0.1_eps_0_s_100",9.98252e+07
"n_1000_c_100000000_g_10_f_0.1_eps_0_s_200",9.98421e+07
"n_1000_c_100000000_g_10_f_0.1_eps_0_s_300",9.98618e+07
"n_1000_c_100000000_g_10_f_0.1_eps_1e-05_s_100",9.99977e+07
"n_1000_c_100000000_g_10_f_0.1_eps_1e-05_s_200",1.00005e+08
"n_1000_c_100000000_g_10_f_0.1_eps_1e-05_s_300",1.00015e+08
"n_1000_c_100000000_g_10_f_0.2_eps_0.0001_s_100",1.00001e+08
"n_1000_c_100000000_g_10_f_0.2_eps_0.0001_s_200",1.00017e+08
"n_1000_c_100000000_g_10_f_0.2_eps_0.0001_s_300",1.00021e+08
"n_1000_c_100000000_g_10_f_0.2_eps_0.001_s_100",1.00007e+08
"n_1000_c_100000000_g_10_f_0.2_eps_0.001_s_200",1.00016e+08
"n_1000_c_100000000_g_10_f_0.2_eps_0.001_s_300",1.00024e+08
"n_1000_c_100000000_g_10_f_0.2_eps_0.01_s_100",1.00004e+08
"n_1000_c_100000000_g_10_f_0.2_eps_0.01_s_200",1.00011e+08
"n_1000_c_100000000_g_10_f_0.2_eps_0.01_s_300",1.00012e+08
"n_1000_c_100000000_g_10_f_0.2_eps_0.1_s_100",9.9973e+07
"n_1000_c_100000000_g_10_f_0.2_eps_0.1_s_200",9.99835e+07
"n_1000_c_100000000_g_10_f_0.2_eps_0.1_s_300",9.99943e+07
"n_1000_c_100000000_g_10_f_0.2_eps_0_s_100",9.9828e+07
"n_1000_c_100000000_g_10_f_0.2_eps_0_s_200",9.98508e+07
"n_1000_c_100000000_g_10_f_0.2_eps_0_s_300",9.98724e+07
"n_1000_c_100000000_g_10_f_0.2_eps_1e-05_s_100",1.00001e+08
"n_1000_c_100000000_g_10_f_0.2_eps_1e-05_s_200",1.00012e+08
"n_1000_c_100000000_g_10_f_0.2_eps_1e-05_s_300",1.00018e+08
"n_1000_c_100000000_g_10_f_0.3_eps_0.0001_s_100",1.00009e+08
"n_1000_c_100000000_g_10_f_0.3_eps_0.0001_s_200",1.00012e+08
"n_1000_c_100000000_g_10_f_0.3_eps_0.0001_s_300",1.00028e+08
"n_1000_c_100000000_g_10_f_0.3_eps_0.001_s_100",1.00008e+08
"n_1000_c_100000000_g_10_f_0.3_eps_0.001_s_200",1.00014e+08
"n_1000_c_100000000_g_10_f_0.3_eps_0.001_s_300",1.00028e+08
"n_1000_c_100000000_g_10_f_0.3_eps_0.01_s_100",1.00004e+08
"n_1000_c_100000000_g_10_f_0.3_eps_0.01_s_200",1.0001e+08
"n_1000_c_100000000_g_10_f_0.3_eps_0.01_s_300",1.00018e+08
"n_1000_c_100000000_g_10_f_0.3_eps_0.1_s_100",9.99783e+07
"n_1000_c_100000000_g_10_f_0.3_eps_0.1_s_200",9.99948e+07
"n_1000_c_100000000_g_10_f_0.3_eps_0.1_s_300",1.00006e+08
"n_1000_c_100000000_g_10_f_0.3_eps_0_s_100",9.98322e+07
"n_1000_c_100000000_g_10_f_0.3_eps_0_s_200",9.98596e+07
"n_1000_c_100000000_g_10_f_0.3_eps_0_s_300",9.98876e+07
"n_1000_c_100000000_g_10_f_0.3_eps_1e-05_s_100",1.00001e+08
"n_1000_c_100000000_g_10_f_0.3_eps_1e-05_s_200",1.00015e+08
"n_1000_c_100000000_g_10_f_0.3_eps_1e-05_s_300",1.0002e+08
"n_1000_c_100000000_g_14_f_0.1_eps_0.0001_s_100",1.00009e+08
"n_1000_c_100000000_g_14_f_0.1_eps_0.0001_s_200",1.00018e+08
"n_1000_c_100000000_g_14_f_0.1_eps_0.0001_s_300",1.00025e+08
"n_1000_c_100000000_g_14_f_0.1_eps_0.001_s_100",1.00007e+08
"n_1000_c_100000000_g_14_f_0.1_eps_0.001_s_200",1.00017e+08
"n_1000_c_100000000_g_14_f_0.1_eps_0.001_s_300",1.0003e+08
"n_1000_c_100000000_g_14_f_0.1_eps_0.01_s_100",1.00004e+08
"n_1000_c_100000000_g_14_f_0.1_eps_0.01_s_200",1.00014e+08
"n_1000_c_100000000_g_14_f_0.1_eps_0.01_s_300",1.0002e+08
"n_1000_c_100000000_g_14_f_0.1_eps_0.1_s_100",1.00001e+08
"n_1000_c_100000000_g_14_f_0.1_eps_0.1_s_200",9.99977e+07
"n_1000_c_100000000_g_14_f_0.1_eps_0.1_s_300",1.00004e+08
"n_1000_c_100000000_g_14_f_0.1_eps_0_s_100",1.00006e+08
"n_1000_c_100000000_g_14_f_0.1_eps_0_s_200",1.00017e+08
"n_1000_c_100000000_g_14_f_0.1_eps_0_s_300",1.00028e+08
"n_1000_c_100000000_g_14_f_0.1_eps_1e-05_s_100",1.00004e+08
"n_1000_c_100000000_g_14_f_0.1_eps_1e-05_s_200",1.00015e+08
"n_1000_c_100000000_g_14_f_0.1_eps_1e-05_s_300",1.00025e+08
"n_1000_c_100000000_g_14_f_0.2_eps_0.0001_s_100",1.00005e+08
"n_1000_c_100000000_g_14_f_0.2_eps_0.0001_s_200",1.00026e+08
"n_1000_c_100000000_g_14_f_0.2_eps_0.0001_s_300",1.00027e+08
"n_1000_c_100000000_g_14_f_0.2_eps_0.001_s_100",1.00006e+08
"n_1000_c_100000000_g_14_f_0.2_eps_0.001_s_200",1.00016e+08
"n_1000_c_100000000_g_14_f_0.2_eps_0.001_s_300",1.00027e+08
"n_1000_c_100000000_g_14_f_0.2_eps_0.01_s_100",1.00004e+08
"n_1000_c_100000000_g_14_f_0.2_eps_0.01_s_200",1.00017e+08
"n_1000_c_100000000_g_14_f_0.2_eps_0.01_s_300",1.00021e+08
"n_1000_c_100000000_g_14_f_0.2_eps_0.1_s_100",9.99971e+07
"n_1000_c_100000000_g_14_f_0.2_eps_0.1_s_200",1.00006e+08
"n_1000_c_100000000_g_14_f_0.2_eps_0.1_s_300",1.00004e+08
"n_1000_c_100000000_g_14_f_0.2_eps_0_s_100",1.0001e+08
"n_1000_c_100000000_g_14_f_0.2_eps_0_s_200",1.00017e+08
"n_1000_c_100000000_g_14_f_0.2_eps_0_s_300",1.00036e+08
"n_1000_c_100000000_g_14_f_0.2_eps_1e-05_s_100",1.00004e+08
"n_1000_c_100000000_g_14_f_0.2_eps_1e-05_s_200",1.00025e+08
"n_1000_c_100000000_g_14_f_0.2_eps_1e-05_s_300",1.00026e+08
"n_1000_c_100000000_g_14_f_0.3_eps_0.0001_s_100",1.00011e+08
"n_1000_c_100000000_g_14_f_0.3_eps_0.0001_s_200",1.00019e+08
"n_1000_c_100000000_g_14_f_0.3_eps_0.0001_s_300",1.00032e+08
"n_1000_c_100000000_g_14_f_0.3_eps_0.001_s_100",1.00003e+08
"n_1000_c_100000000_g_14_f_0.3_eps_0.001_s_200",1.00024e+08
"n_1000_c_100000000_g_14_f_0.3_eps_0.001_s_300",1.00038e+08
"n_1000_c_100000000_g_14_f_0.3_eps_0.01_s_100",1.00008e+08
"n_1000_c_100000000_g_14_f_0.3_eps_0.01_s_200",1.00015e+08
"n_1000_c_100000000_g_14_f_0.3_eps_0.01_s_300",1.00021e+08
"n_1000_c_100000000_g_14_f_0.3_eps_0.1_s_100",9.99975e+07
"n_1000_c_100000000_g_14_f_0.3_eps_0.1_s_200",1.00003e+08
"n_1000_c_100000000_g_14_f_0.3_eps_0.1_s_300",1.00015e+08
"n_1000_c_100000000_g_14_f_0.3_eps_0_s_100",1.00011e+08
"n_1000_c_100000000_g_14_f_0.3_eps_0_s_200",1.00024e+08
"n_1000_c_100000000_g_14_f_0.3_eps_0_s_300",1.00036e+08
"n_1000_c_100000000_g_14_f_0.3_eps_1e-05_s_100",1.0001e+08
"n_1000_c_100000000_g_14_f_0.3_eps_1e-05_s_200",1.00025e+08
"n_1000_c_100000000_g_14_f_0.3_eps_1e-05_s_300",1.00037e+08
"n_1000_c_100000000_g_2_f_0.1_eps_0.0001_s_100",5.00146e+07
"n_1000_c_100000000_g_2_f_0.1_eps_0.0001_s_200",5.00197e+07
"n_1000_c_100000000_g_2_f_0.1_eps_0.0001_s_300",5.00265e+07
"n_1000_c_100000000_g_2_f_0.1_eps_0.001_s_100",5.01051e+07
"n_1000_c_100000000_g_2_f_0.1_eps_0.001_s_200",5.01097e+07
"n_1000_c_100000000_g_2_f_0.1_eps_0.001_s_300",5.01158e+07
"n_1000_c_100000000_g_2_f_0.1_eps_0.01_s_100",5.10054e+07
"n_1000_c_100000000_g_2_f_0.1_eps_0.01_s_200",5.10096e+07
"n_1000_c_100000000_g_2_f_0.1_eps_0.01_s_300",5.10152e+07
"n_1000_c_100000000_g_2_f_0.1_eps_0.1_s_100",6.0005e+07
"n_1000_c_100000000_g_2_f_0.1_eps_0.1_s_200",6.00094e+07
"n_1000_c_100000000_g_2_f_0.1_eps_0.1_s_300",6.00133e+07
"n_1000_c_100000000_g_2_f_0.1_eps_0_s_100",5.00045e+07
"n_1000_c_100000000_g_2_f_0.1_eps_0_s_200",5.00103e+07
"n_1000_c_100000000_g_2_f_0.1_eps_0_s_300",5.00163e+07
"n_1000_c_100000000_g_2_f_0.1_eps_1e-05_s_100",5.00058e+07
"n_1000_c_100000000_g_2_f_0.1_eps_1e-05_s_200",5.00115e+07
"n_1000_c_100000000_g_2_f_0.1_eps_1e-05_s_300",5.00165e+07
"n_1000_c_100000000_g_2_f_0.2_eps_0.0001_s_100",5.002e+07
"n_1000_c_100000000_g_2_f_0.2_eps_0.0001_s_200",5.00302e+07
"n_1000_c_100000000_g_2_f_0.2_eps_0.0001_s_300",5.00407e+07
"n_1000_c_100000000_g_2_f_0.2_eps_0.001_s_100",5.01108e+07
"n_1000_c_100000000_g_2_f_0.2_eps_0.001_s_200",5.01203e+07
"n_1000_c_100000000_g_2_f_0.2_eps_0.001_s_300",5.01286e+07
"n_1000_c_100000000_g_2_f_0.2_eps_0.01_s_100",5.10093e+07
"n_1000_c_100000000_g_2_f_0.2_eps_0.01_s_200",5.10211e+07
"n_1000_c_100000000_g_2_f_0.2_eps_0.01_s_300",5.10314e+07
"n_1000_c_100000000_g_2_f_0.2_eps_0.1_s_100",6.00099e+07
"n_1000_c_100000000_g_2_f_0.2_eps_0.1_s_200",6.00212e+07
"n_1000_c_100000000_g_2_f_0.2_eps_0.1_s_300",6.00298e+07
"n_1000_c_100000000_g_2_f_0.2_eps_0_s_100",5.00095e+07
"n_1000_c_100000000_g_2_f_0.2_eps_0_s_200",5.00197e+07
"n_1000_c_100000000_g_2_f_0.2_eps_0_s_300",5.00302e+07
"n_1000_c_100000000_g_2_f_0.2_eps_1e-05_s_100",5.00112e+07
"n_1000_c_100000000_g_2_f_0.2_eps_1e-05_s_200",5.00224e+07
"n_1000_c_100000000_g_2_f_0.2_eps_1e-05_s_300",5.00305e+07
"n_1000_c_100000000_g_2_f_0.3_eps_0.0001_s_100",5.00256e+07
"n_1000_c_100000000_g_2_f_0.3_eps_0.0001_s_200",5.00407e+07
"n_1000_c_100000000_g_2_f_0.3_eps_0.0001_s_300",5.00561e+07
"n_1000_c_100000000_g_2_f_0.3_eps_0.001_s_100",5.01148e+07
"n_1000_c_100000000_g_2_f_0.3_eps_0.001_s_200",5.013e+07
"n_1000_c_100000000_g_2_f_0.3_eps_0.001_s_300",5.01438e+07
"n_1000_c_100000000_g_2_f_0.3_eps_0.01_s_100",5.10148e+07
"n_1000_c_100000000_g_2_f_0.3_eps_0.01_s_200",5.10292e+07
"n_1000_c_100000000_g_2_f_0.3_eps_0.01_s_300",5.10455e+07
"n_1000_c_100000000_g_2_f_0.3_eps_0.1_s_100",6.00161e+07
"n_1000_c_100000000_g_2_f_0.3_eps_0.1_s_200",6.00299e+07
"n_1000_c_100000000_g_2_f_0.3_eps_0.1_s_300",6.00446e+07
"n_1000_c_100000000_g_2_f_0.3_eps_0_s_100",5.00146e+07
"n_1000_c_100000000_g_2_f_0.3_eps_0_s_200",5.00304e+07
"n_1000_c_100000000_g_2_f_0.3_eps_0_s_300",5.00453e+07
"n_1000_c_100000000_g_2_f_0.3_eps_1e-05_s_100",5.00162e+07
"n_1000_c_100000000_g_2_f_0.3_eps_1e-05_s_200",5.00332e+07
"n_1000_c_100000000_g_2_f_0.3_eps_1e-05_s_300",5.00454e+07
"n_1000_c_100000000_g_6_f_0.1_eps_0.0001_s_100",9.71928e+07
"n_1000_c_100000000_g_6_f_0.1_eps_0.0001_s_200",9.71999e+07
"n_1000_c_100000000_g_6_f_0.1_eps_0.0001_s_300",9.72097e+07
"n_1000_c_100000000_g_6_f_0.1_eps_0.001_s_100",9.99831e+07
"n_1000_c_100000000_g_6_f_0.1_eps_0.001_s_200",9.99907e+07
"n_1000_c_100000000_g_6_f_0.1_eps_0.001_s_300",9.99976e+07
"n_1000_c_100000000_g_6_f_0.1_eps_0.01_s_100",9.97558e+07
"n_1000_c_100000000_g_6_f_0.1_eps_0.01_s_200",9.97605e+07
"n_1000_c_100000000_g_6_f_0.1_eps_0.01_s_300",9.97655e+07
"n_1000_c_100000000_g_6_f_0.1_eps_0.1_s_100",9.93809e+07
"n_1000_c_100000000_g_6_f_0.1_eps_0.1_s_200",9.93863e+07
"n_1000_c_100000000_g_6_f_0.1_eps_0.1_s_300",9.93904e+07
"n_1000_c_100000000_g_6_f_0.1_eps_0_s_100",9.68829e+07
"n_1000_c_100000000_g_6_f_0.1_eps_0_s_200",1.00001e+08
"n_1000_c_100000000_g_6_f_0.1_eps_0_s_300",1.00001e+08
"n_1000_c_100000000_g_6_f_0.1_eps_1e-05_s_100",9.69139e+07
"n_1000_c_100000000_g_6_f_0.1_eps_1e-05_s_200",9.69221e+07
"n_1000_c_100000000_g_6_f_0.1_eps_1e-05_s_300",9.69291e+07
"n_1000_c_100000000_g_6_f_0.2_eps_0.0001_s_100",9.71984e+07
"n_1000_c_100000000_g_6_f_0.2_eps_0.0001_s_200",9.72086e+07
"n_1000_c_100000000_g_6_f_0.2_eps_0.0001_s_300",9.72248e+07
"n_1000_c_100000000_g_6_f_0.2_eps_0.001_s_100",9.99876e+07
"n_1000_c_100000000_g_6_f_0.2_eps_0.001_s_200",1e+08
"n_1000_c_100000000_g_6_f_0.2_eps_0.001_s_300",1.00009e+08
"n_1000_c_100000000_g_6_f_0.2_eps_0.01_s_100",9.97603e+07
"n_1000_c_100000000_g_6_f_0.2_eps_0.01_s_200",9.97708e+07
"n_1000_c_100000000_g_6_f_0.2_eps_0.01_s_300",9.97793e+07
"n_1000_c_100000000_g_6_f_0.2_eps_0.1_s_100",9.93854e+07
"n_1000_c_100000000_g_6_f_0.2_eps_0.1_s_200",9.93957e+07
"n_1000_c_100000000_g_6_f_0.2_eps_0.1_s_300",9.94069e+07
"n_1000_c_100000000_g_6_f_0.2_eps_0_s_100",9.68878e+07
"n_1000_c_100000000_g_6_f_0.2_eps_0_s_200",9.69001e+07
"n_1000_c_100000000_g_6_f_0.2_eps_0_s_300",9.69134e+07
"n_1000_c_100000000_g_6_f_0.2_eps_1e-05_s_100",9.69188e+07
"n_1000_c_100000000_g_6_f_0.2_eps_1e-05_s_200",9.69304e+07
"n_1000_c_100000000_g_6_f_0.2_eps_1e-05_s_300",9.69454e+07
"n_1000_c_100000000_g_6_f_0.3_eps_0.0001_s_100",9.72029e+07
"n_1000_c_100000000_g_6_f_0.3_eps_0.0001_s_200",9.722e+07
"n_1000_c_100000000_g_6_f_0.3_eps_0.0001_s_300",9.72383e+07
"n_1000_c_100000000_g_6_f_0.3_eps_0.001_s_100",9.99921e+07
"n_1000_c_100000000_g_6_f_0.3_eps_0.001_s_200",1.00008e+08
"n_1000_c_100000000_g_6_f_0.3_eps_0.001_s_300",1.00018e+08
"n_1000_c_100000000_g_6_f_0.3_eps_0.01_s_100",9.97655e+07
"n_1000_c_100000000_g_6_f_0.3_eps_0.01_s_200",9.97797e+07
"n_1000_c_100000000_g_6_f_0.3_eps_0.01_s_300",9.97977e+07
"n_1000_c_100000000_g_6_f_0.3_eps_0.1_s_100",9.93904e+07
"n_1000_c_100000000_g_6_f_0.3_eps_0.1_s_200",9.94069e+07
"n_1000_c_100000000_g_6_f_0.3_eps_1e-05_s_300",9.69584e+07
"n_1000_c_1000000_g_10_f_0.1_eps_0.0001_s_100",1.00722e+06
"n_1000_c_1000000_g_10_f_0.1_eps_0.0001_s_200",1.01596e+06
"n_1000_c_1000000_g_10_f_0.1_eps_0.0001_s_300",1.02228e+06
"n_1000_c_1000000_g_10_f_0.1_eps_0.001_s_100",1.00822e+06
"n_1000_c_1000000_g_10_f_0.1_eps_0.001_s_200",1.01425e+06
"n_1000_c_1000000_g_10_f_0.1_eps_0.001_s_300",1.02431e+06
"n_1000_c_1000000_g_10_f_0.1_eps_0.01_s_100",1.00565e+06
"n_1000_c_1000000_g_10_f_0.1_eps_0.01_s_200",1.01178e+06
"n_1000_c_1000000_g_10_f_0.1_eps_0.01_s_300",1.01585e+06
"n_1000_c_1000000_g_10_f_0.1_eps_0.1_s_100",1.00273e+06
"n_1000_c_1000000_g_10_f_0.1_eps_0.1_s_200",1.00484e+06
"n_1000_c_1000000_g_10_f_0.1_eps_0.1_s_300",1.0072e+06
"n_1000_c_1000000_g_10_f_0.1_eps_0_s_100",1.00831e+06
"n_1000_c_1000000_g_10_f_0.1_eps_0_s_200",1.01608e+06
"n_1000_c_1000000_g_10_f_0.1_eps_0_s_300",1.02276e+06
"n_1000_c_1000000_g_10_f_0.1_eps_1e-05_s_100",1.0084e+06
"n_1000_c_1000000_g_10_f_0.1_eps_1e-05_s_200",1.01432e+06
"n_1000_c_1000000_g_10_f_0.1_eps_1e-05_s_300",1.02373e+06
"n_1000_c_1000000_g_10_f_0.2_eps_0.0001_s_100",1.01008e+06
"n_1000_c_1000000_g_10_f_0.2_eps_0.0001_s_200",1.02028e+06
"n_1000_c_1000000_g_10_f_0.2_eps_0.0001_s_300",1.02746e+06
"n_1000_c_1000000_g_10_f_0.2_eps_0.001_s_100",1.00888e+06
"n_1000_c_1000000_g_10_f_0.2_eps_0.001_s_200",1.01982e+06
"n_1000_c_1000000_g_10_f_0.2_eps_0.001_s_300",1.02775e+06
"n_1000_c_1000000_g_10_f_0.2_eps_0.01_s_100",1.00752e+06
"n_1000_c_1000000_g_10_f_0.2_eps_0.01_s_200",1.01408e+06
"n_1000_c_1000000_g_10_f_0.2_eps_0.01_s_300",1.02238e+06
"n_1000_c_1000000_g_10_f_0.2_eps_0.1_s_100",1.00404e+06
"n_1000_c_1000000_g_10_f_0.2_eps_0.1_s_200",1.0093e+06
"n_1000_c_1000000_g_10_f_0.2_eps_0.1_s_300",1.01338e+06
"n_1000_c_1000000_g_10_f_0.2_eps_0_s_100",1.00846e+06
"n_1000_c_1000000_g_10_f_0.2_eps_0_s_200",1.01898e+06
"n_1000_c_1000000_g_10_f_0.2_eps_0_s_300",1.02916e+06
"n_1000_c_1000000_g_10_f_0.2_eps_1e-05_s_100",1.00976e+06
"n_1000_c_1000000_g_10_f_0.2_eps_1e-05_s_200",1.01792e+06
"n_1000_c_1000000_g_10_f_0.2_eps_1e-05_s_300",1.02534e+06
"n_1000_c_1000000_g_10_f_0.3_eps_0.0001_s_100",1.01018e+06
"n_1000_c_1000000_g_10_f_0.3_eps_0.0001_s_200",1.02055e+06
"n_1000_c_1000000_g_10_f_0.3_eps_0.0001_s_300",1.03209e+06
"n_1000_c_1000000_g_10_f_0.3_eps_0.001_s_100",1.01026e+06
"n_1000_c_1000000_g_10_f_0.3_eps_0.001_s_200",1.01975e+06
"n_1000_c_1000000_g_10_f_0.3_eps_0.001_s_300",1.03291e+06
"n_1000_c_1000000_g_10_f_0.3_eps_0.01_s_100",1.00859e+06
"n_1000_c_1000000_g_10_f_0.3_eps_0.01_s_200",1.01599e+06
"n_1000_c_1000000_g_10_f_0.3_eps_0.01_s_300",1.02715e+06
"n_1000_c_1000000_g_10_f_0.3_eps_0.1_s_100",1.00616e+06
"n_1000_c_1000000_g_10_f_0.3_eps_0.1_s_200",1.01184e+06
"n_1000_c_1000000_g_10_f_0.3_eps_0.1_s_300",1.0179e+06
"n_1000_c_1000000_g_10_f_0.3_eps_0_s_100",1.01022e+06
"n_1000_c_1000000_g_10_f_0.3_eps_0_s_200",1.02185e+06
"n_1000_c_1000000_g_10_f_0.3_eps_0_s_300",1.03144e+06
"n_1000_c_1000000_g_10_f_0.3_eps_1e-05_s_100",1.01133e+06
"n_1000_c_1000000_g_10_f_0.3_eps_1e-05_s_200",1.02028e+06
"n_1000_c_1000000_g_10_f_0.3_eps_1e-05_s_300",1.03105e+06
"n_1000_c_1000000_g_14_f_0.1_eps_0.0001_s_100",1.01127e+06
"n_1000_c_1000000_g_14_f_0.1_eps_0.0001_s_200",1.02373e+06
"n_1000_c_1000000_g_14_f_0.1_eps_0.0001_s_300",1.03342e+06
"n_1000_c_1000000_g_14_f_0.1_eps_0.001_s_100",1.0119e+06
"n_1000_c_1000000_g_14_f_0.1_eps_0.001_s_200",1.01978e+06
"n_1000_c_1000000_g_14_f_0.1_eps_0.001_s_300",1.03255e+06
"n_1000_c_1000000_g_14_f_0.1_eps_0.01_s_100",1.00651e+06
"n_1000_c_1000000_g_14_f_0.1_eps_0.01_s_200",1.01423e+06
"n_1000_c_1000000_g_14_f_0.1_eps_0.01_s_300",1.02088e+06
"n_1000_c_1000000_g_14_f_0.1_eps_0.1_s_100",1.00264e+06
"n_1000_c_1000000_g_14_f_0.1_eps_0.1_s_200",1.00523e+06
"n_1000_c_1000000_g_14_f_0.1_eps_0.1_s_300",1.00702e+06
"n_1000_c_1000000_g_14_f_0.1_eps_0_s_100",1.01117e+06
"n_1000_c_1000000_g_14_f_0.1_eps_0_s_200",1.02246e+06
"n_1000_c_1000000_g_14_f_0.1_eps_0_s_300",1.03463e+06
"n_1000_c_1000000_g_14_f_0.1_eps_1e-05_s_100",1.01216e+06
"n_1000_c_1000000_g_14_f_0.1_eps_1e-05_s_200",1.02278e+06
"n_1000_c_1000000_g_14_f_0.1_eps_1e-05_s_300",1.03373e+06
"n_1000_c_1000000_g_14_f_0.2_eps_0.0001_s_100",1.01231e+06
"n_1000_c_1000000_g_14_f_0.2_eps_0.0001_s_200",1.0242e+06
"n_1000_c_1000000_g_14_f_0.2_eps_0.0001_s_300",1.03678e+06
"n_1000_c_1000000_g_14_f_0.2_eps_0.001_s_100",1.01204e+06
"n_1000_c_1000000_g_14_f_0.2_eps_0.001_s_200",1.02569e+06
"n_1000_c_1000000_g_14_f_0.2_eps_0.001_s_300",1.0338e+06
"n_1000_c_1000000_g_14_f_0.2_eps_0.01_s_100",1.00865e+06
"n_1000_c_1000000_g_14_f_0.2_eps_0.01_s_200",1.01793e+06
"n_1000_c_1000000_g_14_f_0.2_eps_0.01_s_300",1.0263e+06
"n_1000_c_1000000_g_14_f_0.2_eps_0.1_s_100",1.00451e+06
"n_1000_c_1000000_g_14_f_0.2_eps_0.1_s_200",1.0087e+06
"n_1000_c_1000000_g_14_f_0.2_eps_0.1_s_300",1.01124e+06
"n_1000_c_1000000_g_14_f_0.2_eps_0_s_100",1.01201e+06
"n_1000_c_1000000_g_14_f_0.2_eps_0_s_200",1.02366e+06
"n_1000_c_1000000_g_14_f_0.2_eps_0_s_300",1.034e+06
"n_1000_c_1000000_g_14_f_0.2_eps_1e-05_s_100",1.01195e+06
"n_1000_c_1000000_g_14_f_0.2_eps_1e-05_s_200",1.02439e+06
"n_1000_c_1000000_g_14_f_0.2_eps_1e-05_s_300",1.03784e+06
"n_1000_c_1000000_g_14_f_0.3_eps_0.0001_s_100",1.0126e+06
"n_1000_c_1000000_g_14_f_0.3_eps_0.0001_s_200",1.02541e+06
"n_1000_c_1000000_g_14_f_0.3_eps_0.0001_s_300",1.03553e+06
"n_1000_c_1000000_g_14_f_0.3_eps_0.001_s_100",1.01164e+06
"n_1000_c_1000000_g_14_f_0.3_eps_0.001_s_200",1.02436e+06
"n_1000_c_1000000_g_14_f_0.3_eps_0.001_s_300",1.03768e+06
"n_1000_c_1000000_g_14_f_0.3_eps_0.01_s_100",1.0094e+06
"n_1000_c_1000000_g_14_f_0.3_eps_0.01_s_200",1.01826e+06
"n_1000_c_1000000_g_14_f_0.3_eps_0.01_s_300",1.02904e+06
"n_1000_c_1000000_g_14_f_0.3_eps_0.1_s_100",1.00646e+06
"n_1000_c_1000000_g_14_f_0.3_eps_0.1_s_200",1.01176e+06
"n_1000_c_1000000_g_14_f_0.3_eps_0.1_s_300",1.02062e+06
"n_1000_c_1000000_g_14_f_0.3_eps_0_s_100",1.01339e+06
"n_1000_c_1000000_g_14_f_0.3_eps_0_s_200",1.02677e+06
"n_1000_c_1000000_g_14_f_0.3_eps_0_s_300",1.0395e+06
"n_1000_c_1000000_g_14_f_0.3_eps_1e-05_s_100",1.01242e+06
"n_1000_c_1000000_g_14_f_0.3_eps_1e-05_s_200",1.02629e+06
"n_1000_c_1000000_g_14_f_0.3_eps_1e-05_s_300",1.03969e+06
"n_1000_c_1000000_g_2_f_0.1_eps_0.0001_s_100",505234
"n_1000_c_1000000_g_2_f_0.1_eps_0.0001_s_200",510624
"n_1000_c_1000000_g_2_f_0.1_eps_0.0001_s_300",514890
"n_1000_c_1000000_g_2_f_0.1_eps_0.001_s_100",505894
"n_1000_c_1000000_g_2_f_0.1_eps_0.001_s_200",510730
"n_1000_c_1000000_g_2_f_0.1_eps_0.001_s_300",515158
"n_1000_c_1000000_g_2_f_0.1_eps_0.01_s_100",515037
"n_1000_c_1000000_g_2_f_0.1_eps_0.01_s_200",521454
"n_1000_c_1000000_g_2_f_0.1_eps_0.01_s_300",525398
"n_1000_c_1000000_g_2_f_0.1_eps_0.1_s_100",605344
"n_1000_c_1000000_g_2_f_0.1_eps_0.1_s_200",610137
"n_1000_c_1000000_g_2_f_0.1_eps_0.1_s_300",615325
"n_1000_c_1000000_g_2_f_0.1_eps_0_s_100",504948
"n_1000_c_1000000_g_2_f_0.1_eps_0_s_200",509491
"n_1000_c_1000000_g_2_f_0.1_eps_0_s_300",515234
"n_1000_c_1000000_g_2_f_0.1_eps_1e-05_s_100",505265
"n_1000_c_1000000_g_2_f_0.1_eps_1e-05_s_200",509900
"n_1000_c_1000000_g_2_f_0.1_eps_1e-05_s_300",515286
"n_1000_c_1000000_g_2_f_0.2_eps_0.0001_s_100",510428
"n_1000_c_1000000_g_2_f_0.2_eps_0.0001_s_200",520337
"n_1000_c_1000000_g_2_f_0.2_eps_0.0001_s_300",530313
"n_1000_c_1000000_g_2_f_0.2_eps_0.001_s_100",511418
"n_1000_c_1000000_g_2_f_0.2_eps_0.001_s_200",520052
"n_1000_c_1000000_g_2_f_0.2_eps_0.001_s_300",530707
"n_1000_c_1000000_g_2_f_0.2_eps_0.01_s_100",520446
"n_1000_c_1000000_g_2_f_0.2_eps_0.01_s_200",530118
"n_1000_c_1000000_g_2_f_0.2_eps_0.01_s_300",539101
"n_1000_c_1000000_g_2_f_0.2_eps_0.1_s_100",610668
"n_1000_c_1000000_g_2_f_0.2_eps_0.1_s_200",620013
"n_1000_c_1000000_g_2_f_0.2_eps_0.1_s_300",631000
"n_1000_c_1000000_g_2_f_0.2_eps_0_s_100",510266
"n_1000_c_1000000_g_2_f_0.2_eps_0_s_200",520017
"n_1000_c_1000000_g_2_f_0.2_eps_0_s_300",528839
"n_1000_c_1000000_g_2_f_0.2_eps_1e-05_s_100",509989
"n_1000_c_1000000_g_2_f_0.2_eps_1e-05_s_200",521022
"n_1000_c_1000000_g_2_f_0.2_eps_1e-05_s_300",530250
"n_1000_c_1000000_g_2_f_0.3_eps_0.0001_s_100",515290
"n_1000_c_1000000_g_2_f_0.3_eps_0.0001_s_200",528964
"n_1000_c_1000000_g_2_f_0.3_eps_0.0001_s_300",546156
"n_1000_c_1000000_g_2_f_0.3_eps_0.001_s_100",515548
"n_1000_c_1000000_g_2_f_0.3_eps_0.001_s_200",532254
"n_1000_c_1000000_g_2_f_0.3_eps_0.001_s_300",545029
"n_1000_c_1000000_g_2_f_0.3_eps_0.01_s_100",525839
"n_1000_c_1000000_g_2_f_0.3_eps_0.01_s_200",539708
"n_1000_c_1000000_g_2_f_0.3_eps_0.01_s_300",552957
"n_1000_c_1000000_g_2_f_0.3_eps_0.1_s_100",615783
"n_1000_c_1000000_g_2_f_0.3_eps_0.1_s_200",631377
"n_1000_c_1000000_g_2_f_0.3_eps_0.1_s_300",643786
"n_1000_c_1000000_g_2_f_0.3_eps_0_s_100",515259
"n_1000_c_1000000_g_2_f_0.3_eps_0_s_200",532993
"n_1000_c_1000000_g_2_f_0.3_eps_0_s_300",545248
"n_1000_c_1000000_g_2_f_0.3_eps_1e-05_s_100",515468
"n_1000_c_1000000_g_2_f_0.3_eps_1e-05_s_200",528690
"n_1000_c_1000000_g_2_f_0.3_eps_1e-05_s_300",546505
"n_1000_c_1000000_g_6_f_0.1_eps_0.0001_s_100",980110
"n_1000_c_1000000_g_6_f_0.1_eps_0.0001_s_200",986354
"n_1000_c_1000000_g_6_f_0.1_eps_0.0001_s_300",993984
"n_1000_c_1000000_g_6_f_0.1_eps_0.001_s_100",1.00355e+06
"n_1000_c_1000000_g_6_f_0.1_eps_0.001_s_200",1.00721e+06
"n_1000_c_1000000_g_6_f_0.1_eps_0.001_s_300",1.00919e+06
"n_1000_c_1000000_g_6_f_0.1_eps_0.01_s_100",1.00155e+06
"n_1000_c_1000000_g_6_f_0.1_eps_0.01_s_200",1.00584e+06
"n_1000_c_1000000_g_6_f_0.1_eps_0.01_s_300",1.00882e+06
"n_1000_c_1000000_g_6_f_0.1_eps_0.1_s_100",999521
"n_1000_c_1000000_g_6_f_0.1_eps_0.1_s_200",1.00416e+06
"n_1000_c_1000000_g_6_f_0.1_eps_0.1_s_300",1.0061e+06
"n_1000_c_1000000_g_6_f_0.1_eps_0_s_100",976615
"n_1000_c_1000000_g_6_f_0.1_eps_0_s_200",984766
"n_1000_c_1000000_g_6_f_0.1_eps_0_s_300",991467
"n_1000_c_1000000_g_6_f_0.1_eps_1e-05_s_100",976398
"n_1000_c_1000000_g_6_f_0.1_eps_1e-05_s_200",984513
"n_1000_c_1000000_g_6_f_0.1_eps_1e-05_s_300",992706
"n_1000_c_1000000_g_6_f_0.2_eps_0.0001_s_100",985161
"n_1000_c_1000000_g_6_f_0.2_eps_0.0001_s_200",997413
"n_1000_c_1000000_g_6_f_0.2_eps_0.0001_s_300",1.00982e+06
"n_1000_c_1000000_g_6_f_0.2_eps_0.001_s_100",1.00533e+06
"n_1000_c_1000000_g_6_f_0.2_eps_0.001_s_200",1.01157e+06
"n_1000_c_1000000_g_6_f_0.2_eps_0.001_s_300",1.01548e+06
"n_1000_c_1000000_g_6_f_0.2_eps_0.01_s_100",1.00418e+06
"n_1000_c_1000000_g_6_f_0.2_eps_0.01_s_200",1.00983e+06
"n_1000_c_1000000_g_6_f_0.2_eps_0.01_s_300",1.01409e+06
"n_1000_c_1000000_g_6_f_0.2_eps_0.1_s_100",1.0027e+06
"n_1000_c_1000000_g_6_f_0.2_eps_0.1_s_200",1.00732e+06
"n_1000_c_1000000_g_6_f_0.2_eps_0.1_s_300",1.0119e+06
"n_1000_c_1000000_g_6_f_0.2_eps_0_s_100",981678
"n_1000_c_1000000_g_6_f_0.2_eps_0_s_200",995294
"n_1000_c_1000000_g_6_f_0.2_eps_0_s_300",1.00456e+06
"n_1000_c_1000000_g_6_f_0.2_eps_1e-05_s_100",982091
"n_1000_c_1000000_g_6_f_0.2_eps_1e-05_s_200",994001
"n_1000_c_1000000_g_6_f_0.2_eps_1e-05_s_300",1.00441e+06
"n_1000_c_1000000_g_6_f_0.3_eps_0.0001_s_100",988768
"n_1000_c_1000000_g_6_f_0.3_eps_0.0001_s_200",1.00658e+06
"n_1000_c_1000000_g_6_f_0.3_eps_0.0001_s_300",1.01845e+06
"n_1000_c_1000000_g_6_f_0.3_eps_0.001_s_100",1.00675e+06
"n_1000_c_1000000_g_6_f_0.3_eps_0.001_s_200",1.01134e+06
"n_1000_c_1000000_g_6_f_0.3_eps_0.001_s_300",1.01602e+06
"n_1000_c_1000000_g_6_f_0.3_eps_0.01_s_100",1.00617e+06
"n_1000_c_1000000_g_6_f_0.3_eps_0.01_s_200",1.01252e+06
"n_1000_c_1000000_g_6_f_0.3_eps_0.01_s_300",1.01928e+06
"n_1000_c_1000000_g_6_f_0.3_eps_0.1_s_100",1.00484e+06
"n_1000_c_1000000_g_6_f_0.3_eps_0.1_s_200",1.01099e+06
"n_1000_c_1000000_g_6_f_0.3_eps_0.1_s_300",1.01378e+06
"n_1000_c_1000000_g_6_f_0.3_eps_0_s_100",986959
"n_1000_c_1000000_g_6_f_0.3_eps_0_s_200",1.00324e+06
"n_1000_c_1000000_g_6_f_0.3_eps_0_s_300",1.01774e+06
"n_1000_c_1000000_g_6_f_0.3_eps_1e-05_s_100",987091
"n_1000_c_1000000_g_6_f_0.3_eps_1e-05_s_200",1.00585e+06
"n_1000_c_1000000_g_6_f_0.3_eps_1e-05_s_300",1.01613e+06
"n_1200_c_10000000000_g_10_f_0.1_eps_0.0001_s_100",9.99924e+09
"n_1200_c_10000000000_g_10_f_0.1_eps_0.0001_s_200",9.99925e+09
"n_1200_c_10000000000_g_10_f_0.1_eps_0.0001_s_300",9.99927e+09
"n_1200_c_10000000000_g_10_f_0.1_eps_0.001_s_100",9.99939e+09
"n_1200_c_10000000000_g_10_f_0.1_eps_0.001_s_200",9.99941e+09
"n_1200_c_10000000000_g_10_f_0.1_eps_0.001_s_300",9.99943e+09
"n_1200_c_10000000000_g_10_f_0.1_eps_0.01_s_100",9.99923e+09
"n_1200_c_10000000000_g_10_f_0.1_eps_0.01_s_200",9.99924e+09
"n_1200_c_10000000000_g_10_f_0.1_eps_0.01_s_300",9.99925e+09
"n_1200_c_10000000000_g_10_f_0.1_eps_0.1_s_100",9.9961e+09
"n_1200_c_10000000000_g_10_f_0.1_eps_0.1_s_200",9.99611e+09
"n_1200_c_10000000000_g_10_f_0.1_eps_0.1_s_300",9.99612e+09
"n_1200_c_10000000000_g_10_f_0.1_eps_0_s_100",9.9805e+09
"n_1200_c_10000000000_g_10_f_0.1_eps_0_s_200",9.98051e+09
"n_1200_c_10000000000_g_10_f_0.1_eps_0_s_300",9.98053e+09
"n_1200_c_10000000000_g_10_f_0.1_eps_1e-05_s_100",9.99909e+09
"n_1200_c_10000000000_g_10_f_0.1_eps_1e-05_s_200",9.99921e+09
"n_1200_c_10000000000_g_10_f_0.1_eps_1e-05_s_300",9.99912e+09
"n_1200_c_10000000000_g_10_f_0.2_eps_0.0001_s_100",9.99977e+09
"n_1200_c_10000000000_g_10_f_0.2_eps_0.0001_s_200",9.9998e+09
"n_1200_c_10000000000_g_10_f_0.2_eps_0.0001_s_300",9.99981e+09
"n_1200_c_10000000000_g_10_f_0.2_eps_0.001_s_100",9.9994e+09
"n_1200_c_10000000000_g_10_f_0.2_eps_0.001_s_200",9.99942e+09
"n_1200_c_10000000000_g_10_f_0.2_eps_0.001_s_300",9.99945e+09
"n_1200_c_10000000000_g_10_f_0.2_eps_0.01_s_100",9.99924e+09
"n_1200_c_10000000000_g_10_f_0.2_eps_0.01_s_200",9.99925e+09
"n_1200_c_10000000000_g_10_f_0.2_eps_0.01_s_300",9.99927e+09
"n_1200_c_10000000000_g_10_f_0.2_eps_0.1_s_100",9.99611e+09
"n_1200_c_10000000000_g_10_f_0.2_eps_0.1_s_200",9.99612e+09
"n_1200_c_10000000000_g_10_f_0.2_eps_0.1_s_300",9.99615e+09
"n_1200_c_10000000000_g_10_f_0.2_eps_0_s_100",9.98049e+09
"n_1200_c_10000000000_g_10_f_0.2_eps_0_s_200",9.98052e+09
"n_1200_c_10000000000_g_10_f_0.2_eps_0_s_300",9.98055e+09
"n_1200_c_10000000000_g_10_f_0.2_eps_1e-05_s_100",9.99909e+09
"n_1200_c_10000000000_g_10_f_0.2_eps_1e-05_s_200",9.99942e+09
"n_1200_c_10000000000_g_10_f_0.2_eps_1e-05_s_300",9.99914e+09
"n_1200_c_10000000000_g_10_f_0.3_eps_0.0001_s_100",9.99931e+09
"n_1200_c_10000000000_g_10_f_0.3_eps_0.0001_s_200",9.99934e+09
"n_1200_c_10000000000_g_10_f_0.3_eps_0.0001_s_300",9.99982e+09
"n_1200_c_10000000000_g_10_f_0.3_eps_0.001_s_100",9.99955e+09
"n_1200_c_10000000000_g_10_f_0.3_eps_0.001_s_200",9.99911e+09
"n_1200_c_10000000000_g_10_f_0.3_eps_0.001_s_300",9.99959e+09
"n_1200_c_10000000000_g_10_f_0.3_eps_0.01_s_100",9.99924e+09
"n_1200_c_10000000000_g_10_f_0.3_eps_0.01_s_200",9.99926e+09
"n_1200_c_10000000000_g_10_f_0.3_eps_0.01_s_300",9.99927e+09
"n_1200_c_10000000000_g_10_f_0.3_eps_0.1_s_100",9.99612e+09
"n_1200_c_10000000000_g_10_f_0.3_eps_0.1_s_200",9.99614e+09
"n_1200_c_10000000000_g_10_f_0.3_eps_0.1_s_300",9.99617e+09
"n_1200_c_10000000000_g_10_f_0.3_eps_0_s_100",9.98053e+09
"n_1200_c_10000000000_g_10_f_0.3_eps_0_s_200",9.98053e+09
"n_1200_c_10000000000_g_10_f_0.3_eps_0_s_300",9.98056e+09
"n_1200_c_10000000000_g_10_f_0.3_eps_1e-05_s_100",9.9991e+09
"n_1200_c_10000000000_g_10_f_0.3_eps_1e-05_s_200",9.99903e+09
"n_1200_c_10000000000_g_10_f_0.3_eps_1e-05_s_300",9.99916e+09
"n_1200_c_10000000000_g_14_f_0.1_eps_0.0001_s_100",9.99995e+09
"n_1200_c_10000000000_g_14_f_0.1_eps_0.0001_s_200",9.99996e+09
"n_1200_c_10000000000_g_14_f_0.1_eps_0.0001_s_300",9.99976e+09
"n_1200_c_10000000000_g_14_f_0.1_eps_0.001_s_100",9.99997e+09
"n_1200_c_10000000000_g_14_f_0.1_eps_0.001_s_200",9.99952e+09
"n_1200_c_10000000000_g_14_f_0.1_eps_0.001_s_300",9.99917e+09
"n_1200_c_10000000000_g_14_f_0.1_eps_0.01_s_100",9.99987e+09
"n_1200_c_10000000000_g_14_f_0.1_eps_0.01_s_200",9.99905e+09
"n_1200_c_10000000000_g_14_f_0.1_eps_0.01_s_300",9.99906e+09
"n_1200_c_10000000000_g_14_f_0.1_eps_0.1_s_100",9.99976e+09
"n_1200_c_10000000000_g_14_f_0.1_eps_0.1_s_200",9.99977e+09
"n_1200_c_10000000000_g_14_f_0.1_eps_0.1_s_300",9.99977e+09
"n_1200_c_10000000000_g_14_f_0.1_eps_0_s_100",9.99881e+09
"n_1200_c_10000000000_g_14_f_0.1_eps_0_s_200",9.99884e+09
"n_1200_c_10000000000_g_14_f_0.1_eps_0_s_300",9.99889e+09
"n_1200_c_10000000000_g_14_f_0.1_eps_1e-05_s_100",9.99958e+09
"n_1200_c_10000000000_g_14_f_0.1_eps_1e-05_s_200",9.99997e+09
"n_1200_c_10000000000_g_14_f_0.1_eps_1e-05_s_300",9.99906e+09
"n_1200_c_10000000000_g_14_f_0.2_eps_0.0001_s_100",9.99922e+09
"n_1200_c_10000000000_g_14_f_0.2_eps_0.0001_s_200",9.99917e+09
"n_1200_c_10000000000_g_14_f_0.2_eps_0.0001_s_300",9.99939e+09
"n_1200_c_10000000000_g_14_f_0.2_eps_0.001_s_100",9.99942e+09
"n_1200_c_10000000000_g_14_f_0.2_eps_0.001_s_200",9.99944e+09
"n_1200_c_10000000000_g_14_f_0.2_eps_0.001_s_300",9.99975e+09
"n_1200_c_10000000000_g_14_f_0.2_eps_0.01_s_100",9.99904e+09
"n_1200_c_10000000000_g_14_f_0.2_eps_0.01_s_200",9.99906e+09
"n_1200_c_10000000000_g_14_f_0.2_eps_0.01_s_300",9.99907e+09
"n_1200_c_10000000000_g_14_f_0.2_eps_0.1_s_100",9.99977e+09
"n_1200_c_10000000000_g_14_f_0.2_eps_0.1_s_200",9.99978e+09
"n_1200_c_10000000000_g_14_f_0.2_eps_0.1_s_300",9.9998e+09
"n_1200_c_10000000000_g_14_f_0.2_eps_0_s_100",9.99882e+09
"n_1200_c_10000000000_g_14_f_0.2_eps_0_s_200",9.99885e+09
"n_1200_c_10000000000_g_14_f_0.2_eps_0_s_300",9.99889e+09
"n_1200_c_10000000000_g_14_f_0.2_eps_1e-05_s_100",9.99943e+09
"n_1200_c_10000000000_g_14_f_0.2_eps_1e-05_s_200",1e+10
"n_1200_c_10000000000_g_14_f_0.2_eps_1e-05_s_300",9.99946e+09
"n_1200_c_10000000000_g_14_f_0.3_eps_0.0001_s_100",9.99977e+09
"n_1200_c_10000000000_g_14_f_0.3_eps_0.0001_s_200",9.99936e+09
"n_1200_c_10000000000_g_14_f_0.3_eps_0.0001_s_300",9.99937e+09
"n_1200_c_10000000000_g_14_f_0.3_eps_0.001_s_100",1e+10
"n_1200_c_10000000000_g_14_f_0.3_eps_0.001_s_200",9.99904e+09
"n_1200_c_10000000000_g_14_f_0.3_eps_0.001_s_300",9.99906e+09
"n_1200_c_10000000000_g_14_f_0.3_eps_0.01_s_100",9.99997e+09
"n_1200_c_10000000000_g_14_f_0.3_eps_0.01_s_200",9.99999e+09
"n_1200_c_10000000000_g_14_f_0.3_eps_0.01_s_300",9.99918e+09
"n_1200_c_10000000000_g_14_f_0.3_eps_0.1_s_100",9.99977e+09
"n_1200_c_10000000000_g_14_f_0.3_eps_0.1_s_200",9.99979e+09
"n_1200_c_10000000000_g_14_f_0.3_eps_0.1_s_300",9.99981e+09
"n_1200_c_10000000000_g_14_f_0.3_eps_0_s_100",9.99882e+09
"n_1200_c_10000000000_g_14_f_0.3_eps_0_s_200",9.99887e+09
"n_1200_c_10000000000_g_14_f_0.3_eps_0_s_300",9.9989e+09
"n_1200_c_10000000000_g_14_f_0.3_eps_1e-05_s_100",9.99969e+09
"n_1200_c_10000000000_g_14_f_0.3_eps_1e-05_s_200",9.99995e+09
"n_1200_c_10000000000_g_14_f_0.3_eps_1e-05_s_300",9.99927e+09
"n_1200_c_10000000000_g_2_f_0.1_eps_0.0001_s_100",5.00101e+09
"n_1200_c_10000000000_g_2_f_0.1_eps_0.0001_s_200",5.00101e+09
"n_1200_c_10000000000_g_2_f_0.1_eps_0.0001_s_300",5.00102e+09
"n_1200_c_10000000000_g_2_f_0.1_eps_0.001_s_100",5.01001e+09
"n_1200_c_10000000000_g_2_f_0.1_eps_0.001_s_200",5.01001e+09
"n_1200_c_10000000000_g_2_f_0.1_eps_0.001_s_300",5.01002e+09
"n_1200_c_10000000000_g_2_f_0.1_eps_0.01_s_100",5.10001e+09
"n_1200_c_10000000000_g_2_f_0.1_eps_0.01_s_200",5.10001e+09
"n_1200_c_10000000000_g_2_f_0.1_eps_0.01_s_300",5.10002e+09
"n_1200_c_10000000000_g_2_f_0.1_eps_0.1_s_100",6.00001e+09
"n_1200_c_10000000000_g_2_f_0.1_eps_0.1_s_200",6.00001e+09
"n_1200_c_10000000000_g_2_f_0.1_eps_0.1_s_300",6.00002e+09
"n_1200_c_10000000000_g_2_f_0.1_eps_0_s_100",1e+10
"n_1200_c_10000000000_g_2_f_0.1_eps_0_s_200",1e+10
"n_1200_c_10000000000_g_2_f_0.1_eps_0_s_300",1e+10
"n_1200_c_10000000000_g_2_f_0.1_eps_1e-05_s_100",5.00011e+09
"n_1200_c_10000000000_g_2_f_0.1_eps_1e-05_s_200",5.00011e+09
"n_1200_c_10000000000_g_2_f_0.1_eps_1e-05_s_300",5.00012e+09
"n_1200_c_10000000000_g_2_f_0.2_eps_0.0001_s_100",5.00101e+09
"n_1200_c_10000000000_g_2_f_0.2_eps_0.0001_s_200",5.00102e+09
"n_1200_c_10000000000_g_2_f_0.2_eps_0.0001_s_300",5.00103e+09
"n_1200_c_10000000000_g_2_f_0.2_eps_0.001_s_100",5.01001e+09
"n_1200_c_10000000000_g_2_f_0.2_eps_0.001_s_200",5.01002e+09
"n_1200_c_10000000000_g_2_f_0.2_eps_0.001_s_300",5.01004e+09
"n_1200_c_10000000000_g_2_f_0.2_eps_0.01_s_100",5.10001e+09
"n_1200_c_10000000000_g_2_f_0.2_eps_0.01_s_200",5.10003e+09
"n_1200_c_10000000000_g_2_f_0.2_eps_0.01_s_300",5.10004e+09
"n_1200_c_10000000000_g_2_f_0.2_eps_0.1_s_100",6.00001e+09
"n_1200_c_10000000000_g_2_f_0.2_eps_0.1_s_200",6.00002e+09
"n_1200_c_10000000000_g_2_f_0.2_eps_0.1_s_300",6.00004e+09
"n_1200_c_10000000000_g_2_f_0.2_eps_0_s_100",1e+10
"n_1200_c_10000000000_g_2_f_0.2_eps_0_s_200",1e+10
"n_1200_c_10000000000_g_2_f_0.2_eps_0_s_300",1e+10
"n_1200_c_10000000000_g_2_f_0.2_eps_1e-05_s_100",5.00011e+09
"n_1200_c_10000000000_g_2_f_0.2_eps_1e-05_s_200",5.00012e+09
"n_1200_c_10000000000_g_2_f_0.2_eps_1e-05_s_300",5.00013e+09
"n_1200_c_10000000000_g_2_f_0.3_eps_0.0001_s_100",5.00102e+09
"n_1200_c_10000000000_g_2_f_0.3_eps_0.0001_s_200",5.00103e+09
"n_1200_c_10000000000_g_2_f_0.3_eps_0.0001_s_300",5.00106e+09
"n_1200_c_10000000000_g_2_f_0.3_eps_0.001_s_100",5.01002e+09
"n_1200_c_10000000000_g_2_f_0.3_eps_0.001_s_200",5.01004e+09
"n_1200_c_10000000000_g_2_f_0.3_eps_0.001_s_300",5.01005e+09
"n_1200_c_10000000000_g_2_f_0.3_eps_0.01_s_100",5.10002e+09
"n_1200_c_10000000000_g_2_f_0.3_eps_0.01_s_200",5.10003e+09
"n_1200_c_10000000000_g_2_f_0.3_eps_0.01_s_300",5.10006e+09
"n_1200_c_10000000000_g_2_f_0.3_eps_0.1_s_100",6.00002e+09
"n_1200_c_10000000000_g_2_f_0.3_eps_0.1_s_200",6.00004e+09
"n_1200_c_10000000000_g_2_f_0.3_eps_0.1_s_300",6.00005e+09
"n_1200_c_10000000000_g_2_f_0.3_eps_0_s_100",1e+10
"n_1200_c_10000000000_g_2_f_0.3_eps_0_s_200",1e+10
"n_1200_c_10000000000_g_2_f_0.3_eps_0_s_300",1e+10
"n_1200_c_10000000000_g_2_f_0.3_eps_1e-05_s_100",5.00012e+09
"n_1200_c_10000000000_g_2_f_0.3_eps_1e-05_s_200",5.00014e+09
"n_1200_c_10000000000_g_2_f_0.3_eps_1e-05_s_300",5.00016e+09
"n_1200_c_10000000000_g_6_f_0.1_eps_0.0001_s_100",9.71851e+09
"n_1200_c_10000000000_g_6_f_0.1_eps_0.0001_s_200",9.71852e+09
"n_1200_c_10000000000_g_6_f_0.1_eps_0.0001_s_300",9.71853e+09
"n_1200_c_10000000000_g_6_f_0.1_eps_0.001_s_100",9.99751e+09
"n_1200_c_10000000000_g_6_f_0.1_eps_0.001_s_200",9.99752e+09
"n_1200_c_10000000000_g_6_f_0.1_eps_0.001_s_300",9.99753e+09
"n_1200_c_10000000000_g_6_f_0.1_eps_0.01_s_100",9.97501e+09
"n_1200_c_10000000000_g_6_f_0.1_eps_0.01_s_200",9.97501e+09
"n_1200_c_10000000000_g_6_f_0.1_eps_0.01_s_300",9.97502e+09
"n_1200_c_10000000000_g_6_f_0.1_eps_0.1_s_100",1e+10
"n_1200_c_10000000000_g_6_f_0.1_eps_0.1_s_200",1e+10
"n_1200_c_10000000000_g_6_f_0.1_eps_0.1_s_300",1e+10
"n_1200_c_10000000000_g_6_f_0.1_eps_0_s_100",1e+10
"n_1200_c_10000000000_g_6_f_0.1_eps_0_s_200",1e+10
"n_1200_c_10000000000_g_6_f_0.1_eps_0_s_300",9.68753e+09
"n_1200_c_10000000000_g_6_f_0.1_eps_1e-05_s_100",9.69061e+09
"n_1200_c_10000000000_g_6_f_0.1_eps_1e-05_s_200",9.69062e+09
"n_1200_c_10000000000_g_6_f_0.1_eps_1e-05_s_300",9.69063e+09
"n_1200_c_10000000000_g_6_f_0.2_eps_0.0001_s_100",9.71852e+09
"n_1200_c_10000000000_g_6_f_0.2_eps_0.0001_s_200",9.71853e+09
"n_1200_c_10000000000_g_6_f_0.2_eps_0.0001_s_300",9.71855e+09
"n_1200_c_10000000000_g_6_f_0.2_eps_0.001_s_100",9.99752e+09
"n_1200_c_10000000000_g_6_f_0.2_eps_0.001_s_200",9.99753e+09
"n_1200_c_10000000000_g_6_f_0.2_eps_0.001_s_300",9.99754e+09
"n_1200_c_10000000000_g_6_f_0.2_eps_0.01_s_100",9.97501e+09
"n_1200_c_10000000000_g_6_f_0.2_eps_0.01_s_200",9.97503e+09
"n_1200_c_10000000000_g_6_f_0.2_eps_0.01_s_300",9.97504e+09
"n_1200_c_10000000000_g_6_f_0.2_eps_0.1_s_100",1e+10
"n_1200_c_10000000000_g_6_f_0.2_eps_0.1_s_200",1e+10
"n_1200_c_10000000000_g_6_f_0.2_eps_0.1_s_300",1e+10
"n_1200_c_10000000000_g_6_f_0.2_eps_0_s_100",1e+10
"n_1200_c_10000000000_g_6_f_0.2_eps_0_s_200",9.68753e+09
"n_1200_c_10000000000_g_6_f_0.2_eps_0_s_300",9.68754e+09
"n_1200_c_10000000000_g_6_f_0.2_eps_1e-05_s_100",9.69061e+09
"n_1200_c_10000000000_g_6_f_0.2_eps_1e-05_s_200",9.69063e+09
"n_1200_c_10000000000_g_6_f_0.2_eps_1e-05_s_300",9.69065e+09
"n_1200_c_10000000000_g_6_f_0.3_eps_0.0001_s_100",9.71852e+09
"n_1200_c_10000000000_g_6_f_0.3_eps_0.0001_s_200",9.71854e+09
"n_1200_c_10000000000_g_6_f_0.3_eps_0.0001_s_300",9.71857e+09
"n_1200_c_10000000000_g_6_f_0.3_eps_0.001_s_100",9.99752e+09
"n_1200_c_10000000000_g_6_f_0.3_eps_0.001_s_200",9.99755e+09
"n_1200_c_10000000000_g_6_f_0.3_eps_0.001_s_300",9.99756e+09
"n_1200_c_10000000000_g_6_f_0.3_eps_0.01_s_100",9.97502e+09
"n_1200_c_10000000000_g_6_f_0.3_eps_0.01_s_200",9.97504e+09
"n_1200_c_10000000000_g_6_f_0.3_eps_0.01_s_300",9.97506e+09
"n_1200_c_10000000000_g_6_f_0.3_eps_0.1_s_100",1e+10
"n_1200_c_10000000000_g_6_f_0.3_eps_0.1_s_200",1e+10
"n_1200_c_10000000000_g_6_f_0.3_eps_0.1_s_300",1e+10
"n_1200_c_10000000000_g_6_f_0.3_eps_0_s_100",1e+10
"n_1200_c_10000000000_g_6_f_0.3_eps_0_s_200",9.68754e+09
"n_1200_c_10000000000_g_6_f_0.3_eps_0_s_300",9.68756e+09
"n_1200_c_10000000000_g_6_f_0.3_eps_1e-05_s_100",9.69062e+09
"n_1200_c_10000000000_g_6_f_0.3_eps_1e-05_s_200",9.69064e+09
"n_1200_c_10000000000_g_6_f_0.3_eps_1e-05_s_300",9.69067e+09
"n_1200_c_100000000_g_10_f_0.1_eps_0.0001_s_100",1.00009e+08
"n_1200_c_100000000_g_10_f_0.1_eps_0.0001_s_200",1.0001e+08
"n_1200_c_100000000_g_10_f_0.1_eps_0.0001_s_300",1.00022e+08
"n_1200_c_100000000_g_10_f_0.1_eps_0.001_s_100",1e+08
"n_1200_c_100000000_g_10_f_0.1_eps_0.001_s_200",1.0001e+08
"n_1200_c_100000000_g_10_f_0.1_eps_0.001_s_300",1.00019e+08
"n_1200_c_100000000_g_10_f_0.1_eps_0.01_s_100",9.99962e+07
"n_1200_c_100000000_g_10_f_0.1_eps_0.01_s_200",1.00002e+08
"n_1200_c_100000000_g_10_f_0.1_eps_0.01_s_300",1.00012e+08
"n_1200_c_100000000_g_10_f_0.1_eps_0.1_s_100",9.99688e+07
"n_1200_c_100000000_g_10_f_0.1_eps_0.1_s_200",9.9975e+07
"n_1200_c_100000000_g_10_f_0.1_eps_0.1_s_300",9.99817e+07
"n_1200_c_100000000_g_10_f_0.1_eps_0_s_100",9.98262e+07
"n_1200_c_100000000_g_10_f_0.1_eps_0_s_200",9.98496e+07
"n_1200_c_100000000_g_10_f_0.1_eps_0_s_300",9.98702e+07
"n_1200_c_100000000_g_10_f_0.1_eps_1e-05_s_100",9.99996e+07
"n_1200_c_100000000_g_10_f_0.1_eps_1e-05_s_200",1.00012e+08
"n_1200_c_100000000_g_10_f_0.1_eps_1e-05_s_300",1.00021e+08
"n_1200_c_100000000_g_10_f_0.2_eps_0.0001_s_100",1.00007e+08
"n_1200_c_100000000_g_10_f_0.2_eps_0.0001_s_200",1.00015e+08
"n_1200_c_100000000_g_10_f_0.2_eps_0.0001_s_300",1.00029e+08
"n_1200_c_100000000_g_10_f_0.2_eps_0.001_s_100",1.00004e+08
"n_1200_c_100000000_g_10_f_0.2_eps_0.001_s_200",1.00013e+08
"n_1200_c_100000000_g_10_f_0.2_eps_0.001_s_300",1.00026e+08
"n_1200_c_100000000_g_10_f_0.2_eps_0.01_s_100",9.99991e+07
"n_1200_c_100000000_g_10_f_0.2_eps_0.01_s_200",1.00014e+08
"n_1200_c_100000000_g_10_f_0.2_eps_0.01_s_300",1.00021e+08
"n_1200_c_100000000_g_10_f_0.2_eps_0.1_s_100",9.99737e+07
"n_1200_c_100000000_g_10_f_0.2_eps_0.1_s_200",9.99867e+07
"n_1200_c_100000000_g_10_f_0.2_eps_0.1_s_300",1.00002e+08
"n_1200_c_100000000_g_10_f_0.2_eps_0_s_100",9.98318e+07
"n_1200_c_100000000_g_10_f_0.2_eps_0_s_200",9.98575e+07
"n_1200_c_100000000_g_10_f_0.2_eps_0_s_300",9.9888e+07
"n_1200_c_100000000_g_10_f_0.2_eps_1e-05_s_100",1.00001e+08
"n_1200_c_100000000_g_10_f_0.2_eps_1e-05_s_200",1.00013e+08
"n_1200_c_100000000_g_10_f_0.2_eps_1e-05_s_300",1.00023e+08
"n_1200_c_100000000_g_10_f_0.3_eps_0.0001_s_100",1.00004e+08
"n_1200_c_100000000_g_10_f_0.3_eps_0.0001_s_200",1.00022e+08
"n_1200_c_100000000_g_10_f_0.3_eps_0.0001_s_300",1.00031e+08
"n_1200_c_100000000_g_10_f_0.3_eps_0.001_s_100",1.00012e+08
"n_1200_c_100000000_g_10_f_0.3_eps_0.001_s_200",1.00012e+08
"n_1200_c_100000000_g_10_f_0.3_eps_0.001_s_300",1.00028e+08
"n_1200_c_100000000_g_10_f_0.3_eps_0.01_s_100",1.00003e+08
"n_1200_c_100000000_g_10_f_0.3_eps_0.01_s_200",1.00021e+08
"n_1200_c_100000000_g_10_f_0.3_eps_0.01_s_300",1.00023e+08
"n_1200_c_100000000_g_10_f_0.3_eps_0.1_s_100",9.99789e+07
"n_1200_c_100000000_g_10_f_0.3_eps_0.1_s_200",1e+08
"n_1200_c_100000000_g_10_f_0.3_eps_0.1_s_300",1.0001e+08
"n_1200_c_100000000_g_10_f_0.3_eps_0_s_100",9.98362e+07
"n_1200_c_100000000_g_10_f_0.3_eps_0_s_200",9.98675e+07
"n_1200_c_100000000_g_10_f_0.3_eps_0_s_300",9.99017e+07
"n_1200_c_100000000_g_10_f_0.3_eps_1e-05_s_100",1.00002e+08
"n_1200_c_100000000_g_10_f_0.3_eps_1e-05_s_200",1.00016e+08
"n_1200_c_100000000_g_10_f_0.3_eps_1e-05_s_300",1.00024e+08
"n_1200_c_100000000_g_14_f_0.1_eps_0.0001_s_100",1.00004e+08
"n_1200_c_100000000_g_14_f_0.1_eps_0.0001_s_200",1.00023e+08
"n_1200_c_100000000_g_14_f_0.1_eps_0.0001_s_300",1.00033e+08
"n_1200_c_100000000_g_14_f_0.1_eps_0.001_s_100",1.00002e+08
"n_1200_c_100000000_g_14_f_0.1_eps_0.001_s_200",1.00018e+08
"n_1200_c_100000000_g_14_f_0.1_eps_0.001_s_300",1.00034e+08
"n_1200_c_100000000_g_14_f_0.1_eps_0.01_s_100",1.00002e+08
"n_1200_c_100000000_g_14_f_0.1_eps_0.01_s_200",1.00012e+08
"n_1200_c_100000000_g_14_f_0.1_eps_0.01_s_300",1.00023e+08
"n_1200_c_100000000_g_14_f_0.1_eps_0.1_s_100",1.00002e+08
"n_1200_c_100000000_g_14_f_0.1_eps_0.1_s_200",9.99969e+07
"n_1200_c_100000000_g_14_f_0.1_eps_0.1_s_300",1.00003e+08
"n_1200_c_100000000_g_14_f_0.1_eps_0_s_100",1.00013e+08
"n_1200_c_100000000_g_14_f_0.1_eps_0_s_200",1.00024e+08
"n_1200_c_100000000_g_14_f_0.1_eps_0_s_300",1.00034e+08
"n_1200_c_100000000_g_14_f_0.1_eps_1e-05_s_100",1.00004e+08
"n_1200_c_100000000_g_14_f_0.1_eps_1e-05_s_200",1.00023e+08
"n_1200_c_100000000_g_14_f_0.1_eps_1e-05_s_300",1.00031e+08
"n_1200_c_100000000_g_14_f_0.2_eps_0.0001_s_100",1.0001e+08
"n_1200_c_100000000_g_14_f_0.2_eps_0.0001_s_200",1.00029e+08
"n_1200_c_100000000_g_14_f_0.2_eps_0.0001_s_300",1.00044e+08
"n_1200_c_100000000_g_14_f_0.2_eps_0.001_s_100",1.00004e+08
"n_1200_c_100000000_g_14_f_0.2_eps_0.001_s_200",1.00019e+08
"n_1200_c_100000000_g_14_f_0.2_eps_0.001_s_300",1.00029e+08
"n_1200_c_100000000_g_14_f_0.2_eps_0.01_s_100",1.00008e+08
"n_1200_c_100000000_g_14_f_0.2_eps_0.01_s_200",1.00008e+08
"n_1200_c_100000000_g_14_f_0.2_eps_0.01_s_300",1.00026e+08
"n_1200_c_100000000_g_14_f_0.2_eps_0.1_s_100",9.99991e+07
"n_1200_c_100000000_g_14_f_0.2_eps_0.1_s_200",1.00007e+08
"n_1200_c_100000000_g_14_f_0.2_eps_0.1_s_300",1.00016e+08
"n_1200_c_100000000_g_14_f_0.2_eps_0_s_100",1.00012e+08
"n_1200_c_100000000_g_14_f_0.2_eps_0_s_200",1.00025e+08
"n_1200_c_100000000_g_14_f_0.2_eps_0_s_300",1.0003e+08
"n_1200_c_100000000_g_14_f_0.2_eps_1e-05_s_100",1.00004e+08
"n_1200_c_100000000_g_14_f_0.2_eps_1e-05_s_200",1.00022e+08
"n_1200_c_100000000_g_14_f_0.2_eps_1e-05_s_300",1.00042e+08
"n_1200_c_100000000_g_14_f_0.3_eps_0.0001_s_100",1.00009e+08
"n_1200_c_100000000_g_14_f_0.3_eps_0.0001_s_200",1.00026e+08
"n_1200_c_100000000_g_14_f_0.3_eps_0.0001_s_300",1.00048e+08
"n_1200_c_100000000_g_14_f_0.3_eps_0.001_s_100",1.00013e+08
"n_1200_c_100000000_g_14_f_0.3_eps_0.001_s_200",1.00019e+08
"n_1200_c_100000000_g_14_f_0.3_eps_0.001_s_300",1.00046e+08
"n_1200_c_100000000_g_14_f_0.3_eps_0.01_s_100",1.00008e+08
"n_1200_c_100000000_g_14_f_0.3_eps_0.01_s_200",1.00012e+08
"n_1200_c_100000000_g_14_f_0.3_eps_0.01_s_300",1.00032e+08
"n_1200_c_100000000_g_14_f_0.3_eps_0.1_s_100",1.00004e+08
"n_1200_c_100000000_g_14_f_0.3_eps_0.1_s_200",1.00013e+08
"n_1200_c_100000000_g_14_f_0.3_eps_0.1_s_300",1.00011e+08
"n_1200_c_100000000_g_14_f_0.3_eps_0_s_100",1.00004e+08
"n_1200_c_100000000_g_14_f_0.3_eps_0_s_200",1.0002e+08
"n_1200_c_100000000_g_14_f_0.3_eps_0_s_300",1.00046e+08
"n_1200_c_100000000_g_14_f_0.3_eps_1e-05_s_100",1.0001e+08
"n_1200_c_100000000_g_14_f_0.3_eps_1e-05_s_200",1.00027e+08
"n_1200_c_100000000_g_14_f_0.3_eps_1e-05_s_300",1.0004e+08
"n_1200_c_100000000_g_2_f_0.1_eps_0.0001_s_100",5.00162e+07
"n_1200_c_100000000_g_2_f_0.1_eps_0.0001_s_200",5.00208e+07
"n_1200_c_100000000_g_2_f_0.1_eps_0.0001_s_300",5.00274e+07
"n_1200_c_100000000_g_2_f_0.1_eps_0.001_s_100",5.01061e+07
"n_1200_c_100000000_g_2_f_0.1_eps_0.001_s_200",5.0113e+07
"n_1200_c_100000000_g_2_f_0.1_eps_0.001_s_300",5.01165e+07
"n_1200_c_100000000_g_2_f_0.1_eps_0.01_s_100",5.1006e+07
"n_1200_c_100000000_g_2_f_0.1_eps_0.01_s_200",5.10113e+07
"n_1200_c_100000000_g_2_f_0.1_eps_0.01_s_300",5.10178e+07
"n_1200_c_100000000_g_2_f_0.1_eps_0.1_s_100",6.00058e+07
"n_1200_c_100000000_g_2_f_0.1_eps_0.1_s_200",6.00129e+07
"n_1200_c_100000000_g_2_f_0.1_eps_0.1_s_300",6.00196e+07
"n_1200_c_100000000_g_2_f_0.1_eps_0_s_100",5.00065e+07
"n_1200_c_100000000_g_2_f_0.1_eps_0_s_200",5.00123e+07
"n_1200_c_100000000_g_2_f_0.1_eps_0_s_300",5.0018e+07
"n_1200_c_100000000_g_2_f_0.1_eps_1e-05_s_100",5.00074e+07
"n_1200_c_100000000_g_2_f_0.1_eps_1e-05_s_200",5.0014e+07
"n_1200_c_100000000_g_2_f_0.1_eps_1e-05_s_300",5.00205e+07
"n_1200_c_100000000_g_2_f_0.2_eps_0.0001_s_100",5.00229e+07
"n_1200_c_100000000_g_2_f_0.2_eps_0.0001_s_200",5.0035e+07
"n_1200_c_100000000_g_2_f_0.2_eps_0.0001_s_300",5.00479e+07
"n_1200_c_100000000_g_2_f_0.2_eps_0.001_s_100",5.01117e+07
"n_1200_c_100000000_g_2_f_0.2_eps_0.001_s_200",5.01243e+07
"n_1200_c_100000000_g_2_f_0.2_eps_0.001_s_300",5.01334e+07
"n_1200_c_100000000_g_2_f_0.2_eps_0.01_s_100",5.1012e+07
"n_1200_c_100000000_g_2_f_0.2_eps_0.01_s_200",5.10238e+07
"n_1200_c_100000000_g_2_f_0.2_eps_0.01_s_300",5.10364e+07
"n_1200_c_100000000_g_2_f_0.2_eps_0.1_s_100",6.00117e+07
"n_1200_c_100000000_g_2_f_0.2_eps_0.1_s_200",6.00247e+07
"n_1200_c_100000000_g_2_f_0.2_eps_0.1_s_300",6.00359e+07
"n_1200_c_100000000_g_2_f_0.2_eps_0_s_100",5.00124e+07
"n_1200_c_100000000_g_2_f_0.2_eps_0_s_200",5.0026e+07
"n_1200_c_100000000_g_2_f_0.2_eps_0_s_300",5.00354e+07
"n_1200_c_100000000_g_2_f_0.2_eps_1e-05_s_100",5.00128e+07
"n_1200_c_100000000_g_2_f_0.2_eps_1e-05_s_200",5.00256e+07
"n_1200_c_100000000_g_2_f_0.2_eps_1e-05_s_300",5.00366e+07
"n_1200_c_100000000_g_2_f_0.3_eps_0.0001_s_100",5.0028e+07
"n_1200_c_100000000_g_2_f_0.3_eps_0.0001_s_200",5.00456e+07
"n_1200_c_100000000_g_2_f_0.3_eps_0.0001_s_300",5.0062e+07
"n_1200_c_100000000_g_2_f_0.3_eps_0.001_s_100",5.01181e+07
"n_1200_c_100000000_g_2_f_0.3_eps_0.001_s_200",5.01365e+07
"n_1200_c_100000000_g_2_f_0.3_eps_0.001_s_300",5.01576e+07
"n_1200_c_100000000_g_2_f_0.3_eps_0.01_s_100",5.10184e+07
"n_1200_c_100000000_g_2_f_0.3_eps_0.01_s_200",5.10356e+07
"n_1200_c_100000000_g_2_f_0.3_eps_0.01_s_300",5.10558e+07
"n_1200_c_100000000_g_2_f_0.3_eps_0.1_s_100",6.00174e+07
"n_1200_c_100000000_g_2_f_0.3_eps_0.1_s_200",6.00362e+07
"n_1200_c_100000000_g_2_f_0.3_eps_0.1_s_300",6.00543e+07
"n_1200_c_100000000_g_2_f_0.3_eps_0_s_100",5.00182e+07
"n_1200_c_100000000_g_2_f_0.3_eps_0_s_200",5.00378e+07
"n_1200_c_100000000_g_2_f_0.3_eps_0_s_300",5.00514e+07
"n_1200_c_100000000_g_2_f_0.3_eps_1e-05_s_100",5.00187e+07
"n_1200_c_100000000_g_2_f_0.3_eps_1e-05_s_200",5.0038e+07
"n_1200_c_100000000_g_2_f_0.3_eps_1e-05_s_300",5.00536e+07
"n_1200_c_100000000_g_6_f_0.1_eps_0.0001_s_100",9.71937e+07
"n_1200_c_100000000_g_6_f_0.1_eps_0.0001_s_200",9.7203e+07
"n_1200_c_100000000_g_6_f_0.1_eps_0.0001_s_300",9.72123e+07
"n_1200_c_100000000_g_6_f_0.1_eps_0.001_s_100",9.99837e+07
"n_1200_c_100000000_g_6_f_0.1_eps_0.001_s_200",9.99923e+07
"n_1200_c_100000000_g_6_f_0.1_eps_0.001_s_300",1.00001e+08
"n_1200_c_100000000_g_6_f_0.1_eps_0.01_s_100",9.97566e+07
"n_1200_c_100000000_g_6_f_0.1_eps_0.01_s_200",9.97642e+07
"n_1200_c_100000000_g_6_f_0.1_eps_0.01_s_300",9.97697e+07
"n_1200_c_100000000_g_6_f_0.1_eps_0.1_s_100",9.93816e+07
"n_1200_c_100000000_g_6_f_0.1_eps_0.1_s_200",9.93882e+07
"n_1200_c_100000000_g_6_f_0.1_eps_0.1_s_300",9.93948e+07
"n_1200_c_100000000_g_6_f_0.1_eps_0_s_100",9.68838e+07
"n_1200_c_100000000_g_6_f_0.1_eps_0_s_200",9.68924e+07
"n_1200_c_100000000_g_6_f_0.1_eps_0_s_300",9.69011e+07
"n_1200_c_100000000_g_6_f_0.1_eps_1e-05_s_100",9.69152e+07
"n_1200_c_100000000_g_6_f_0.1_eps_1e-05_s_200",9.69231e+07
"n_1200_c_100000000_g_6_f_0.1_eps_1e-05_s_300",9.69312e+07
"n_1200_c_100000000_g_6_f_0.2_eps_0.0001_s_100",9.72006e+07
"n_1200_c_100000000_g_6_f_0.2_eps_0.0001_s_200",9.72156e+07
"n_1200_c_100000000_g_6_f_0.2_eps_0.0001_s_300",9.72315e+07
"n_1200_c_100000000_g_6_f_0.2_eps_0.001_s_100",9.99904e+07
"n_1200_c_100000000_g_6_f_0.2_eps_0.001_s_200",1.00004e+08
"n_1200_c_100000000_g_6_f_0.2_eps_0.001_s_300",1.00009e+08
"n_1200_c_100000000_g_6_f_0.2_eps_0.01_s_100",9.97621e+07
"n_1200_c_100000000_g_6_f_0.2_eps_0.01_s_200",9.97752e+07
"n_1200_c_100000000_g_6_f_0.2_eps_0.01_s_300",9.97871e+07
"n_1200_c_100000000_g_6_f_0.2_eps_0.1_s_100",9.93874e+07
"n_1200_c_100000000_g_6_f_0.2_eps_0.1_s_200",9.93982e+07
"n_1200_c_100000000_g_6_f_0.2_eps_0.1_s_300",9.94103e+07
"n_1200_c_100000000_g_6_f_0.2_eps_0_s_100",9.68902e+07
"n_1200_c_100000000_g_6_f_0.2_eps_0_s_200",9.69041e+07
"n_1200_c_100000000_g_6_f_0.2_eps_0_s_300",9.69172e+07
"n_1200_c_100000000_g_6_f_0.2_eps_1e-05_s_100",9.6922e+07
"n_1200_c_100000000_g_6_f_0.2_eps_1e-05_s_200",9.69369e+07
"n_1200_c_100000000_g_6_f_0.2_eps_1e-05_s_300",9.69515e+07
"n_1200_c_100000000_g_6_f_0.3_eps_0.0001_s_100",9.72055e+07
"n_1200_c_100000000_g_6_f_0.3_eps_0.0001_s_200",9.72254e+07
"n_1200_c_100000000_g_6_f_0.3_eps_0.0001_s_300",9.72481e+07
"n_1200_c_100000000_g_6_f_0.3_eps_0.001_s_100",9.99954e+07
"n_1200_c_100000000_g_6_f_0.3_eps_0.001_s_200",1.00007e+08
"n_1200_c_100000000_g_6_f_0.3_eps_0.001_s_300",1.00017e+08
"n_1200_c_100000000_g_6_f_0.3_eps_0.01_s_100",9.97682e+07
"n_1200_c_100000000_g_6_f_0.3_eps_0.01_s_200",9.97888e+07
"n_1200_c_100000000_g_6_f_0.3_eps_0.01_s_300",9.98034e+07
"n_1200_c_100000000_g_6_f_0.3_eps_0.1_s_100",9.93944e+07
"n_1200_c_100000000_g_6_f_0.3_eps_0.1_s_200",9.94096e+07
"n_1200_c_100000000_g_6_f_0.3_eps_0.1_s_300",9.94316e+07
"n_1200_c_100000000_g_6_f_0.3_eps_0_s_100",9.68958e+07
"n_1200_c_100000000_g_6_f_0.3_eps_0_s_200",9.69174e+07
"n_1200_c_100000000_g_6_f_0.3_eps_0_s_300",1.00004e+08
"n_1200_c_100000000_g_6_f_0.3_eps_1e-05_s_100",9.69273e+07
"n_1200_c_100000000_g_6_f_0.3_eps_1e-05_s_200",9.69477e+07
"n_1200_c_100000000_g_6_f_0.3_eps_1e-05_s_300",9.69689e+07
"n_1200_c_1000000_g_10_f_0.1_eps_0.0001_s_100",1.00918e+06
"n_1200_c_1000000_g_10_f_0.1_eps_0.0001_s_200",1.0189e+06
"n_1200_c_1000000_g_10_f_0.1_eps_0.0001_s_300",1.02821e+06
"n_1200_c_1000000_g_10_f_0.1_eps_0.001_s_100",1.00934e+06
"n_1200_c_1000000_g_10_f_0.1_eps_0.001_s_200",1.01827e+06
"n_1200_c_1000000_g_10_f_0.1_eps_0.001_s_300",1.02498e+06
"n_1200_c_1000000_g_10_f_0.1_eps_0.01_s_100",1.00612e+06
"n_1200_c_1000000_g_10_f_0.1_eps_0.01_s_200",1.01266e+06
"n_1200_c_1000000_g_10_f_0.1_eps_0.01_s_300",1.01814e+06
"n_1200_c_1000000_g_10_f_0.1_eps_0.1_s_100",1.00254e+06
"n_1200_c_1000000_g_10_f_0.1_eps_0.1_s_200",1.00526e+06
"n_1200_c_1000000_g_10_f_0.1_eps_0.1_s_300",1.00771e+06
"n_1200_c_1000000_g_10_f_0.1_eps_0_s_100",1.00928e+06
"n_1200_c_1000000_g_10_f_0.1_eps_0_s_200",1.0175e+06
"n_1200_c_1000000_g_10_f_0.1_eps_0_s_300",1.02655e+06
"n_1200_c_1000000_g_10_f_0.1_eps_1e-05_s_100",1.00903e+06
"n_1200_c_1000000_g_10_f_0.1_eps_1e-05_s_200",1.0184e+06
"n_1200_c_1000000_g_10_f_0.1_eps_1e-05_s_300",1.02642e+06
"n_1200_c_1000000_g_10_f_0.2_eps_0.0001_s_100",1.01082e+06
"n_1200_c_1000000_g_10_f_0.2_eps_0.0001_s_200",1.02026e+06
"n_1200_c_1000000_g_10_f_0.2_eps_0.0001_s_300",1.03118e+06
"n_1200_c_1000000_g_10_f_0.2_eps_0.001_s_100",1.01085e+06
"n_1200_c_1000000_g_10_f_0.2_eps_0.001_s_200",1.01991e+06
"n_1200_c_1000000_g_10_f_0.2_eps_0.001_s_300",1.03166e+06
"n_1200_c_1000000_g_10_f_0.2_eps_0.01_s_100",1.00858e+06
"n_1200_c_1000000_g_10_f_0.2_eps_0.01_s_200",1.01495e+06
"n_1200_c_1000000_g_10_f_0.2_eps_0.01_s_300",1.0222e+06
"n_1200_c_1000000_g_10_f_0.2_eps_0.1_s_100",1.00488e+06
"n_1200_c_1000000_g_10_f_0.2_eps_0.1_s_200",1.0101e+06
"n_1200_c_1000000_g_10_f_0.2_eps_0.1_s_300",1.01576e+06
"n_1200_c_1000000_g_10_f_0.2_eps_0_s_100",1.01115e+06
"n_1200_c_1000000_g_10_f_0.2_eps_0_s_200",1.02249e+06
"n_1200_c_1000000_g_10_f_0.2_eps_0_s_300",1.03208e+06
"n_1200_c_1000000_g_10_f_0.2_eps_1e-05_s_100",1.00974e+06
"n_1200_c_1000000_g_10_f_0.2_eps_1e-05_s_200",1.0218e+06
"n_1200_c_1000000_g_10_f_0.2_eps_1e-05_s_300",1.03107e+06
"n_1200_c_1000000_g_10_f_0.3_eps_0.0001_s_100",1.01172e+06
"n_1200_c_1000000_g_10_f_0.3_eps_0.0001_s_200",1.02264e+06
"n_1200_c_1000000_g_10_f_0.3_eps_0.0001_s_300",1.03609e+06
"n_1200_c_1000000_g_10_f_0.3_eps_0.001_s_100",1.01048e+06
"n_1200_c_1000000_g_10_f_0.3_eps_0.001_s_200",1.02324e+06
"n_1200_c_1000000_g_10_f_0.3_eps_0.001_s_300",1.0364e+06
"n_1200_c_1000000_g_10_f_0.3_eps_0.01_s_100",1.00982e+06
"n_1200_c_1000000_g_10_f_0.3_eps_0.01_s_200",1.02147e+06
"n_1200_c_1000000_g_10_f_0.3_eps_0.01_s_300",1.02762e+06
"n_1200_c_1000000_g_10_f_0.3_eps_0.1_s_100",1.00632e+06
"n_1200_c_1000000_g_10_f_0.3_eps_0.1_s_200",1.01459e+06
"n_1200_c_1000000_g_10_f_0.3_eps_0.1_s_300",1.02016e+06
"n_1200_c_1000000_g_10_f_0.3_eps_0_s_100",1.01208e+06
"n_1200_c_1000000_g_10_f_0.3_eps_0_s_200",1.02395e+06
"n_1200_c_1000000_g_10_f_0.3_eps_0_s_300",1.03251e+06
"n_1200_c_1000000_g_10_f_0.3_eps_1e-05_s_100",1.01148e+06
"n_1200_c_1000000_g_10_f_0.3_eps_1e-05_s_200",1.02346e+06
"n_1200_c_1000000_g_10_f_0.3_eps_1e-05_s_300",1.03673e+06
"n_1200_c_1000000_g_14_f_0.1_eps_0.0001_s_100",1.01319e+06
"n_1200_c_1000000_g_14_f_0.1_eps_0.0001_s_200",1.02649e+06
"n_1200_c_1000000_g_14_f_0.1_eps_0.0001_s_300",1.03818e+06
"n_1200_c_1000000_g_14_f_0.1_eps_0.001_s_100",1.01163e+06
"n_1200_c_1000000_g_14_f_0.1_eps_0.001_s_200",1.02489e+06
"n_1200_c_1000000_g_14_f_0.1_eps_0.001_s_300",1.03965e+06
"n_1200_c_1000000_g_14_f_0.1_eps_0.01_s_100",1.00698e+06
"n_1200_c_1000000_g_14_f_0.1_eps_0.01_s_200",1.01501e+06
"n_1200_c_1000000_g_14_f_0.1_eps_0.01_s_300",1.0216e+06
"n_1200_c_1000000_g_14_f_0.1_eps_0.1_s_100",1.00285e+06
"n_1200_c_1000000_g_14_f_0.1_eps_0.1_s_200",1.00499e+06
"n_1200_c_1000000_g_14_f_0.1_eps_0.1_s_300",1.00886e+06
"n_1200_c_1000000_g_14_f_0.1_eps_0_s_100",1.01302e+06
"n_1200_c_1000000_g_14_f_0.1_eps_0_s_200",1.02859e+06
"n_1200_c_1000000_g_14_f_0.1_eps_0_s_300",1.03831e+06
"n_1200_c_1000000_g_14_f_0.1_eps_1e-05_s_100",1.01317e+06
"n_1200_c_1000000_g_14_f_0.1_eps_1e-05_s_200",1.0266e+06
"n_1200_c_1000000_g_14_f_0.1_eps_1e-05_s_300",1.04019e+06
"n_1200_c_1000000_g_14_f_0.2_eps_0.0001_s_100",1.01443e+06
"n_1200_c_1000000_g_14_f_0.2_eps_0.0001_s_200",1.02983e+06
"n_1200_c_1000000_g_14_f_0.2_eps_0.0001_s_300",1.0443e+06
"n_1200_c_1000000_g_14_f_0.2_eps_0.001_s_100",1.01391e+06
"n_1200_c_1000000_g_14_f_0.2_eps_0.001_s_200",1.028e+06
"n_1200_c_1000000_g_14_f_0.2_eps_0.001_s_300",1.0366e+06
"n_1200_c_1000000_g_14_f_0.2_eps_0.01_s_100",1.00965e+06
"n_1200_c_1000000_g_14_f_0.2_eps_0.01_s_200",1.01704e+06
"n_1200_c_1000000_g_14_f_0.2_eps_0.01_s_300",1.03022e+06
"n_1200_c_1000000_g_14_f_0.2_eps_0.1_s_100",1.00467e+06
"n_1200_c_1000000_g_14_f_0.2_eps_0.1_s_200",1.00978e+06
"n_1200_c_1000000_g_14_f_0.2_eps_0.1_s_300",1.01552e+06
"n_1200_c_1000000_g_14_f_0.2_eps_0_s_100",1.01321e+06
"n_1200_c_1000000_g_14_f_0.2_eps_0_s_200",1.0304e+06
"n_1200_c_1000000_g_14_f_0.2_eps_0_s_300",1.04374e+06
"n_1200_c_1000000_g_14_f_0.2_eps_1e-05_s_100",1.01425e+06
"n_1200_c_1000000_g_14_f_0.2_eps_1e-05_s_200",1.03086e+06
"n_1200_c_1000000_g_14_f_0.2_eps_1e-05_s_300",1.04606e+06
"n_1200_c_1000000_g_14_f_0.3_eps_0.0001_s_100",1.01417e+06
"n_1200_c_1000000_g_14_f_0.3_eps_0.0001_s_200",1.03132e+06
"n_1200_c_1000000_g_14_f_0.3_eps_0.0001_s_300",1.0439e+06
"n_1200_c_1000000_g_14_f_0.3_eps_0.001_s_100",1.01446e+06
"n_1200_c_1000000_g_14_f_0.3_eps_0.001_s_200",1.02756e+06
"n_1200_c_1000000_g_14_f_0.3_eps_0.001_s_300",1.04339e+06
"n_1200_c_1000000_g_14_f_0.3_eps_0.01_s_100",1.01185e+06
"n_1200_c_1000000_g_14_f_0.3_eps_0.01_s_200",1.02189e+06
"n_1200_c_1000000_g_14_f_0.3_eps_0.01_s_300",1.03262e+06
"n_1200_c_1000000_g_14_f_0.3_eps_0.1_s_100",1.00663e+06
"n_1200_c_1000000_g_14_f_0.3_eps_0.1_s_200",1.01346e+06
"n_1200_c_1000000_g_14_f_0.3_eps_0.1_s_300",1.02224e+06
"n_1200_c_1000000_g_14_f_0.3_eps_0_s_100",1.01442e+06
"n_1200_c_1000000_g_14_f_0.3_eps_0_s_200",1.02908e+06
"n_1200_c_1000000_g_14_f_0.3_eps_0_s_300",1.04293e+06
"n_1200_c_1000000_g_14_f_0.3_eps_1e-05_s_100",1.01381e+06
"n_1200_c_1000000_g_14_f_0.3_eps_1e-05_s_200",1.0305e+06
"n_1200_c_1000000_g_14_f_0.3_eps_1e-05_s_300",1.04691e+06
"n_1200_c_1000000_g_2_f_0.1_eps_0.0001_s_100",506183
"n_1200_c_1000000_g_2_f_0.1_eps_0.0001_s_200",511470
"n_1200_c_1000000_g_2_f_0.1_eps_0.0001_s_300",516853
"n_1200_c_1000000_g_2_f_0.1_eps_0.001_s_100",507234
"n_1200_c_1000000_g_2_f_0.1_eps_0.001_s_200",513099
"n_1200_c_1000000_g_2_f_0.1_eps_0.001_s_300",519199
"n_1200_c_1000000_g_2_f_0.1_eps_0.01_s_100",516095
"n_1200_c_1000000_g_2_f_0.1_eps_0.01_s_200",521373
"n_1200_c_1000000_g_2_f_0.1_eps_0.01_s_300",528902
"n_1200_c_1000000_g_2_f_0.1_eps_0.1_s_100",606207
"n_1200_c_1000000_g_2_f_0.1_eps_0.1_s_200",613099
"n_1200_c_1000000_g_2_f_0.1_eps_0.1_s_300",616921
"n_1200_c_1000000_g_2_f_0.1_eps_0_s_100",505853
"n_1200_c_1000000_g_2_f_0.1_eps_0_s_200",512693
"n_1200_c_1000000_g_2_f_0.1_eps_0_s_300",519504
"n_1200_c_1000000_g_2_f_0.1_eps_1e-05_s_100",506322
"n_1200_c_1000000_g_2_f_0.1_eps_1e-05_s_200",513841
"n_1200_c_1000000_g_2_f_0.1_eps_1e-05_s_300",517491
"n_1200_c_1000000_g_2_f_0.2_eps_0.0001_s_100",511625
"n_1200_c_1000000_g_2_f_0.2_eps_0.0001_s_200",524649
"n_1200_c_1000000_g_2_f_0.2_eps_0.0001_s_300",536642
"n_1200_c_1000000_g_2_f_0.2_eps_0.001_s_100",512816
"n_1200_c_1000000_g_2_f_0.2_eps_0.001_s_200",525790
"n_1200_c_1000000_g_2_f_0.2_eps_0.001_s_300",536972
"n_1200_c_1000000_g_2_f_0.2_eps_0.01_s_100",522515
"n_1200_c_1000000_g_2_f_0.2_eps_0.01_s_200",534400
"n_1200_c_1000000_g_2_f_0.2_eps_0.01_s_300",547699
"n_1200_c_1000000_g_2_f_0.2_eps_0.1_s_100",612104
"n_1200_c_1000000_g_2_f_0.2_eps_0.1_s_200",625166
"n_1200_c_1000000_g_2_f_0.2_eps_0.1_s_300",636624
"n_1200_c_1000000_g_2_f_0.2_eps_0_s_100",512427
"n_1200_c_1000000_g_2_f_0.2_eps_0_s_200",524473
"n_1200_c_1000000_g_2_f_0.2_eps_0_s_300",538459
"n_1200_c_1000000_g_2_f_0.2_eps_1e-05_s_100",511728
"n_1200_c_1000000_g_2_f_0.2_eps_1e-05_s_200",525790
"n_1200_c_1000000_g_2_f_0.2_eps_1e-05_s_300",534949
"n_1200_c_1000000_g_2_f_0.3_eps_0.0001_s_100",518103
"n_1200_c_1000000_g_2_f_0.3_eps_0.0001_s_200",538147
"n_1200_c_1000000_g_2_f_0.3_eps_0.0001_s_300",556686
"n_1200_c_1000000_g_2_f_0.3_eps_0.001_s_100",519971
"n_1200_c_1000000_g_2_f_0.3_eps_0.001_s_200",538811
"n_1200_c_1000000_g_2_f_0.3_eps_0.001_s_300",553345
"n_1200_c_1000000_g_2_f_0.3_eps_0.01_s_100",528822
"n_1200_c_1000000_g_2_f_0.3_eps_0.01_s_200",546298
"n_1200_c_1000000_g_2_f_0.3_eps_0.01_s_300",563157
"n_1200_c_1000000_g_2_f_0.3_eps_0.1_s_100",618212
"n_1200_c_1000000_g_2_f_0.3_eps_0.1_s_200",635304
"n_1200_c_1000000_g_2_f_0.3_eps_0.1_s_300",653192
"n_1200_c_1000000_g_2_f_0.3_eps_0_s_100",518387
"n_1200_c_1000000_g_2_f_0.3_eps_0_s_200",537025
"n_1200_c_1000000_g_2_f_0.3_eps_0_s_300",551477
"n_1200_c_1000000_g_2_f_0.3_eps_1e-05_s_100",518247
"n_1200_c_1000000_g_2_f_0.3_eps_1e-05_s_200",536867
"n_1200_c_1000000_g_2_f_0.3_eps_1e-05_s_300",555476
"n_1200_c_1000000_g_6_f_0.1_eps_0.0001_s_100",980905
"n_1200_c_1000000_g_6_f_0.1_eps_0.0001_s_200",990392
"n_1200_c_1000000_g_6_f_0.1_eps_0.0001_s_300",999034
"n_1200_c_1000000_g_6_f_0.1_eps_0.001_s_100",1.00382e+06
"n_1200_c_1000000_g_6_f_0.1_eps_0.001_s_200",1.00758e+06
"n_1200_c_1000000_g_6_f_0.1_eps_0.001_s_300",1.01185e+06
"n_1200_c_1000000_g_6_f_0.1_eps_0.01_s_100",1.00243e+06
"n_1200_c_1000000_g_6_f_0.1_eps_0.01_s_200",1.00553e+06
"n_1200_c_1000000_g_6_f_0.1_eps_0.01_s_300",1.01022e+06
"n_1200_c_1000000_g_6_f_0.1_eps_0.1_s_100",999943
"n_1200_c_1000000_g_6_f_0.1_eps_0.1_s_200",1.00385e+06
"n_1200_c_1000000_g_6_f_0.1_eps_0.1_s_300",1.007e+06
"n_1200_c_1000000_g_6_f_0.1_eps_0_s_100",977173
"n_1200_c_1000000_g_6_f_0.1_eps_0_s_200",987989
"n_1200_c_1000000_g_6_f_0.1_eps_0_s_300",996341
"n_1200_c_1000000_g_6_f_0.1_eps_1e-05_s_100",978142
"n_1200_c_1000000_g_6_f_0.1_eps_1e-05_s_200",986769
"n_1200_c_1000000_g_6_f_0.1_eps_1e-05_s_300",995661
"n_1200_c_1000000_g_6_f_0.2_eps_0.0001_s_100",986907
"n_1200_c_1000000_g_6_f_0.2_eps_0.0001_s_200",999776
"n_1200_c_1000000_g_6_f_0.2_eps_0.0001_s_300",1.01435e+06
"n_1200_c_1000000_g_6_f_0.2_eps_0.001_s_100",1.00638e+06
"n_1200_c_1000000_g_6_f_0.2_eps_0.001_s_200",1.01155e+06
"n_1200_c_1000000_g_6_f_0.2_eps_0.001_s_300",1.01751e+06
"n_1200_c_1000000_g_6_f_0.2_eps_0.01_s_100",1.00538e+06
"n_1200_c_1000000_g_6_f_0.2_eps_0.01_s_200",1.01072e+06
"n_1200_c_1000000_g_6_f_0.2_eps_0.01_s_300",1.01697e+06
"n_1200_c_1000000_g_6_f_0.2_eps_0.1_s_100",1.00452e+06
"n_1200_c_1000000_g_6_f_0.2_eps_0.1_s_200",1.00847e+06
"n_1200_c_1000000_g_6_f_0.2_eps_0.1_s_300",1.01281e+06
"n_1200_c_1000000_g_6_f_0.2_eps_0_s_100",983463
"n_1200_c_1000000_g_6_f_0.2_eps_0_s_200",1.00026e+06
"n_1200_c_1000000_g_6_f_0.2_eps_0_s_300",1.01314e+06
"n_1200_c_1000000_g_6_f_0.2_eps_1e-05_s_100",984391
"n_1200_c_1000000_g_6_f_0.2_eps_1e-05_s_200",999010
"n_1200_c_1000000_g_6_f_0.2_eps_1e-05_s_300",1.01185e+06
"n_1200_c_1000000_g_6_f_0.3_eps_0.0001_s_100",992498
"n_1200_c_1000000_g_6_f_0.3_eps_0.0001_s_200",1.01108e+06
"n_1200_c_1000000_g_6_f_0.3_eps_0.0001_s_300",1.02275e+06
"n_1200_c_1000000_g_6_f_0.3_eps_0.001_s_100",1.0068e+06
"n_1200_c_1000000_g_6_f_0.3_eps_0.001_s_200",1.01511e+06
"n_1200_c_1000000_g_6_f_0.3_eps_0.001_s_300",1.0205e+06
"n_1200_c_1000000_g_6_f_0.3_eps_0.01_s_100",1.00764e+06
"n_1200_c_1000000_g_6_f_0.3_eps_0.01_s_200",1.016e+06
"n_1200_c_1000000_g_6_f_0.3_eps_0.01_s_300",1.02217e+06
"n_1200_c_1000000_g_6_f_0.3_eps_0.1_s_100",1.00612e+06
"n_1200_c_1000000_g_6_f_0.3_eps_0.1_s_200",1.01194e+06
"n_1200_c_1000000_g_6_f_0.3_eps_0.1_s_300",1.01915e+06
"n_1200_c_1000000_g_6_f_0.3_eps_0_s_100",989495
"n_1200_c_1000000_g_6_f_0.3_eps_0_s_200",1.00817e+06
"n_1200_c_1000000_g_6_f_0.3_eps_0_s_300",1.02087e+06
"n_1200_c_1000000_g_6_f_0.3_eps_1e-05_s_100",989407
"n_1200_c_1000000_g_6_f_0.3_eps_1e-05_s_200",1.00776e+06
"n_1200_c_1000000_g_6_f_0.3_eps_1e-05_s_300",1.02052e+06
"n_400_c_10000000000_g_10_f_0.1_eps_0.0001_s_100",9.99988e+09
"n_400_c_10000000000_g_10_f_0.1_eps_0.0001_s_200",9.99936e+09
"n_400_c_10000000000_g_10_f_0.1_eps_0.0001_s_300",9.99948e+09
"n_400_c_10000000000_g_10_f_0.1_eps_0.001_s_100",9.9997e+09
"n_400_c_10000000000_g_10_f_0.1_eps_0.001_s_200",9.9997e+09
"n_400_c_10000000000_g_10_f_0.1_eps_0.001_s_300",9.99971e+09
"n_400_c_10000000000_g_10_f_0.1_eps_0.01_s_100",9.99923e+09
"n_400_c_10000000000_g_10_f_0.1_eps_0.01_s_200",9.99923e+09
"n_400_c_10000000000_g_10_f_0.1_eps_0.01_s_300",9.99923e+09
"n_400_c_10000000000_g_10_f_0.1_eps_0.1_s_100",9.9961e+09
"n_400_c_10000000000_g_10_f_0.1_eps_0.1_s_200",9.99611e+09
"n_400_c_10000000000_g_10_f_0.1_eps_0.1_s_300",9.9961e+09
"n_400_c_10000000000_g_10_f_0.1_eps_0_s_100",1e+10
"n_400_c_10000000000_g_10_f_0.1_eps_0_s_200",1e+10
"n_400_c_10000000000_g_10_f_0.1_eps_0_s_300",9.98051e+09
"n_400_c_10000000000_g_10_f_0.1_eps_1e-05_s_100",9.99498e+09
"n_400_c_10000000000_g_10_f_0.1_eps_1e-05_s_200",9.99519e+09
"n_400_c_10000000000_g_10_f_0.1_eps_1e-05_s_300",9.9948e+09
"n_400_c_10000000000_g_10_f_0.2_eps_0.0001_s_100",9.99988e+09
"n_400_c_10000000000_g_10_f_0.2_eps_0.0001_s_200",9.99989e+09
"n_400_c_10000000000_g_10_f_0.2_eps_0.0001_s_300",9.9999e+09
"n_400_c_10000000000_g_10_f_0.2_eps_0.001_s_100",9.9997e+09
"n_400_c_10000000000_g_10_f_0.2_eps_0.001_s_200",9.99924e+09
"n_400_c_10000000000_g_10_f_0.2_eps_0.001_s_300",9.9994e+09
"n_400_c_10000000000_g_10_f_0.2_eps_0.01_s_100",9.99923e+09
"n_400_c_10000000000_g_10_f_0.2_eps_0.01_s_200",1e+10
"n_400_c_10000000000_g_10_f_0.2_eps_0.01_s_300",9.99924e+09
"n_400_c_10000000000_g_10_f_0.2_eps_0.1_s_100",9.99611e+09
"n_400_c_10000000000_g_10_f_0.2_eps_0.1_s_200",9.99611e+09
"n_400_c_10000000000_g_10_f_0.2_eps_0.1_s_300",9.99612e+09
"n_400_c_10000000000_g_10_f_0.2_eps_0_s_100",1e+10
"n_400_c_10000000000_g_10_f_0.2_eps_0_s_200",1e+10
"n_400_c_10000000000_g_10_f_0.2_eps_0_s_300",9.98055e+09
"n_400_c_10000000000_g_10_f_0.2_eps_1e-05_s_100",9.99388e+09
"n_400_c_10000000000_g_10_f_0.2_eps_1e-05_s_200",9.99409e+09
"n_400_c_10000000000_g_10_f_0.2_eps_1e-05_s_300",9.9939e+09
"n_400_c_10000000000_g_10_f_0.3_eps_0.0001_s_100",9.99989e+09
"n_400_c_10000000000_g_10_f_0.3_eps_0.0001_s_200",9.9999e+09
"n_400_c_10000000000_g_10_f_0.3_eps_0.0001_s_300",9.99991e+09
"n_400_c_10000000000_g_10_f_0.3_eps_0.001_s_100",9.99923e+09
"n_400_c_10000000000_g_10_f_0.3_eps_0.001_s_200",9.99924e+09
"n_400_c_10000000000_g_10_f_0.3_eps_0.001_s_300",9.99973e+09
"n_400_c_10000000000_g_10_f_0.3_eps_0.01_s_100",9.99923e+09
"n_400_c_10000000000_g_10_f_0.3_eps_0.01_s_200",9.99923e+09
"n_400_c_10000000000_g_10_f_0.3_eps_0.01_s_300",9.99924e+09
"n_400_c_10000000000_g_10_f_0.3_eps_0.1_s_100",9.9961e+09
"n_400_c_10000000000_g_10_f_0.3_eps_0.1_s_200",9.99611e+09
"n_400_c_10000000000_g_10_f_0.3_eps_0.1_s_300",9.99612e+09
"n_400_c_10000000000_g_10_f_0.3_eps_0_s_100",1e+10
"n_400_c_10000000000_g_10_f_0.3_eps_0_s_200",1e+10
"n_400_c_10000000000_g_10_f_0.3_eps_0_s_300",9.98051e+09
"n_400_c_10000000000_g_10_f_0.3_eps_1e-05_s_100",9.99258e+09
"n_400_c_10000000000_g_10_f_0.3_eps_1e-05_s_200",9.99279e+09
"n_400_c_10000000000_g_10_f_0.3_eps_1e-05_s_300",9.9928e+09
"n_400_c_10000000000_g_14_f_0.1_eps_0.0001_s_100",9.9997e+09
"n_400_c_10000000000_g_14_f_0.1_eps_0.0001_s_200",9.99939e+09
"n_400_c_10000000000_g_14_f_0.1_eps_0.0001_s_300",9.99972e+09
"n_400_c_10000000000_g_14_f_0.1_eps_0.001_s_100",9.99997e+09
"n_400_c_10000000000_g_14_f_0.1_eps_0.001_s_200",9.9996e+09
"n_400_c_10000000000_g_14_f_0.1_eps_0.001_s_300",9.99989e+09
"n_400_c_10000000000_g_14_f_0.1_eps_0.01_s_100",9.99981e+09
"n_400_c_10000000000_g_14_f_0.1_eps_0.01_s_200",9.99992e+09
"n_400_c_10000000000_g_14_f_0.1_eps_0.01_s_300",9.99909e+09
"n_400_c_10000000000_g_14_f_0.1_eps_0.1_s_100",9.99976e+09
"n_400_c_10000000000_g_14_f_0.1_eps_0.1_s_200",9.99976e+09
"n_400_c_10000000000_g_14_f_0.1_eps_0.1_s_300",9.99977e+09
"n_400_c_10000000000_g_14_f_0.1_eps_0_s_100",1e+10
"n_400_c_10000000000_g_14_f_0.1_eps_0_s_200",9.99881e+09
"n_400_c_10000000000_g_14_f_0.1_eps_0_s_300",9.99882e+09
"n_400_c_10000000000_g_14_f_0.1_eps_1e-05_s_100",9.9999e+09
"n_400_c_10000000000_g_14_f_0.1_eps_1e-05_s_200",9.99941e+09
"n_400_c_10000000000_g_14_f_0.1_eps_1e-05_s_300",9.99952e+09
"n_400_c_10000000000_g_14_f_0.2_eps_0.0001_s_100",9.99947e+09
"n_400_c_10000000000_g_14_f_0.2_eps_0.0001_s_200",9.99994e+09
"n_400_c_10000000000_g_14_f_0.2_eps_0.0001_s_300",9.99994e+09
"n_400_c_10000000000_g_14_f_0.2_eps_0.001_s_100",9.99997e+09
"n_400_c_10000000000_g_14_f_0.2_eps_0.001_s_200",9.99952e+09
"n_400_c_10000000000_g_14_f_0.2_eps_0.001_s_300",9.99981e+09
"n_400_c_10000000000_g_14_f_0.2_eps_0.01_s_100",9.99996e+09
"n_400_c_10000000000_g_14_f_0.2_eps_0.01_s_200",9.99967e+09
"n_400_c_10000000000_g_14_f_0.2_eps_0.01_s_300",9.9991e+09
"n_400_c_10000000000_g_14_f_0.2_eps_0.1_s_100",9.99976e+09
"n_400_c_10000000000_g_14_f_0.2_eps_0.1_s_200",9.99977e+09
"n_400_c_10000000000_g_14_f_0.2_eps_0.1_s_300",9.99977e+09
"n_400_c_10000000000_g_14_f_0.2_eps_0_s_100",1e+10
"n_400_c_10000000000_g_14_f_0.2_eps_0_s_200",1e+10
"n_400_c_10000000000_g_14_f_0.2_eps_0_s_300",9.99882e+09
"n_400_c_10000000000_g_14_f_0.2_eps_1e-05_s_100",9.9997e+09
"n_400_c_10000000000_g_14_f_0.2_eps_1e-05_s_200",9.99985e+09
"n_400_c_10000000000_g_14_f_0.2_eps_1e-05_s_300",9.99904e+09
"n_400_c_10000000000_g_14_f_0.3_eps_0.0001_s_100",9.99958e+09
"n_400_c_10000000000_g_14_f_0.3_eps_0.0001_s_200",9.99923e+09
"n_400_c_10000000000_g_14_f_0.3_eps_0.0001_s_300",9.99948e+09
"n_400_c_10000000000_g_14_f_0.3_eps_0.001_s_100",9.9996e+09
"n_400_c_10000000000_g_14_f_0.3_eps_0.001_s_200",9.99961e+09
"n_400_c_10000000000_g_14_f_0.3_eps_0.001_s_300",9.99915e+09
"n_400_c_10000000000_g_14_f_0.3_eps_0.01_s_100",9.99986e+09
"n_400_c_10000000000_g_14_f_0.3_eps_0.01_s_200",9.99904e+09
"n_400_c_10000000000_g_14_f_0.3_eps_0.01_s_300",9.99989e+09
"n_400_c_10000000000_g_14_f_0.3_eps_0.1_s_100",9.99976e+09
"n_400_c_10000000000_g_14_f_0.3_eps_0.1_s_200",9.99977e+09
"n_400_c_10000000000_g_14_f_0.3_eps_0.1_s_300",9.99978e+09
"n_400_c_10000000000_g_14_f_0.3_eps_0_s_100",1e+10
"n_400_c_10000000000_g_14_f_0.3_eps_0_s_200",1e+10
"n_400_c_10000000000_g_14_f_0.3_eps_0_s_300",1e+10
"n_400_c_10000000000_g_14_f_0.3_eps_1e-05_s_100",9.99995e+09
"n_400_c_10000000000_g_14_f_0.3_eps_1e-05_s_200",9.99905e+09
"n_400_c_10000000000_g_14_f_0.3_eps_1e-05_s_300",9.99988e+09
"n_400_c_10000000000_g_2_f_0.1_eps_0.0001_s_100",5.001e+09
"n_400_c_10000000000_g_2_f_0.1_eps_0.0001_s_200",5.001e+09
"n_400_c_10000000000_g_2_f_0.1_eps_0.0001_s_300",5.00101e+09
"n_400_c_10000000000_g_2_f_0.1_eps_0.001_s_100",5.01e+09
"n_400_c_10000000000_g_2_f_0.1_eps_0.001_s_200",5.01e+09
"n_400_c_10000000000_g_2_f_0.1_eps_0.001_s_300",5.01001e+09
"n_400_c_10000000000_g_2_f_0.1_eps_0.01_s_100",5.1e+09
"n_400_c_10000000000_g_2_f_0.1_eps_0.01_s_200",5.1e+09
"n_400_c_10000000000_g_2_f_0.1_eps_0.01_s_300",5.10001e+09
"n_400_c_10000000000_g_2_f_0.1_eps_0.1_s_100",6e+09
"n_400_c_10000000000_g_2_f_0.1_eps_0.1_s_200",6e+09
"n_400_c_10000000000_g_2_f_0.1_eps_0.1_s_300",6.00001e+09
"n_400_c_10000000000_g_2_f_0.1_eps_0_s_100",1e+10
"n_400_c_10000000000_g_2_f_0.1_eps_0_s_200",1e+10
"n_400_c_10000000000_g_2_f_0.1_eps_0_s_300",1e+10
"n_400_c_10000000000_g_2_f_0.1_eps_1e-05_s_100",5.0001e+09
"n_400_c_10000000000_g_2_f_0.1_eps_1e-05_s_200",5.0001e+09
"n_400_c_10000000000_g_2_f_0.1_eps_1e-05_s_300",5.00011e+09
"n_400_c_10000000000_g_2_f_0.2_eps_0.0001_s_100",5.001e+09
"n_400_c_10000000000_g_2_f_0.2_eps_0.0001_s_200",5.00101e+09
"n_400_c_10000000000_g_2_f_0.2_eps_0.0001_s_300",5.00101e+09
"n_400_c_10000000000_g_2_f_0.2_eps_0.001_s_100",5.01e+09
"n_400_c_10000000000_g_2_f_0.2_eps_0.001_s_200",5.01001e+09
"n_400_c_10000000000_g_2_f_0.2_eps_0.001_s_300",5.01001e+09
"n_400_c_10000000000_g_2_f_0.2_eps_0.01_s_100",5.1e+09
"n_400_c_10000000000_g_2_f_0.2_eps_0.01_s_200",5.10001e+09
"n_400_c_10000000000_g_2_f_0.2_eps_0.01_s_300",5.10001e+09
"n_400_c_10000000000_g_2_f_0.2_eps_0.1_s_100",6e+09
"n_400_c_10000000000_g_2_f_0.2_eps_0.1_s_200",6.00001e+09
"n_400_c_10000000000_g_2_f_0.2_eps_0.1_s_300",6.00001e+09
"n_400_c_10000000000_g_2_f_0.2_eps_0_s_100",1e+10
"n_400_c_10000000000_g_2_f_0.2_eps_0_s_200",1e+10
"n_400_c_10000000000_g_2_f_0.2_eps_0_s_300",1e+10
"n_400_c_10000000000_g_2_f_0.2_eps_1e-05_s_100",5.0001e+09
"n_400_c_10000000000_g_2_f_0.2_eps_1e-05_s_200",5.00011e+09
"n_400_c_10000000000_g_2_f_0.2_eps_1e-05_s_300",5.00011e+09
"n_400_c_10000000000_g_2_f_0.3_eps_0.0001_s_100",5.00101e+09
"n_400_c_10000000000_g_2_f_0.3_eps_0.0001_s_200",5.00101e+09
"n_400_c_10000000000_g_2_f_0.3_eps_0.0001_s_300",5.00102e+09
"n_400_c_10000000000_g_2_f_0.3_eps_0.001_s_100",5.01001e+09
"n_400_c_10000000000_g_2_f_0.3_eps_0.001_s_200",5.01001e+09
"n_400_c_10000000000_g_2_f_0.3_eps_0.001_s_300",5.01002e+09
"n_400_c_10000000000_g_2_f_0.3_eps_0.01_s_100",5.10001e+09
"n_400_c_10000000000_g_2_f_0.3_eps_0.01_s_200",5.10001e+09
"n_400_c_10000000000_g_2_f_0.3_eps_0.01_s_300",5.10002e+09
"n_400_c_10000000000_g_2_f_0.3_eps_0.1_s_100",6.00001e+09
"n_400_c_10000000000_g_2_f_0.3_eps_0.1_s_200",6.00001e+09
"n_400_c_10000000000_g_2_f_0.3_eps_0.1_s_300",6.00002e+09
"n_400_c_10000000000_g_2_f_0.3_eps_0_s_100",1e+10
"n_400_c_10000000000_g_2_f_0.3_eps_0_s_200",1e+10
"n_400_c_10000000000_g_2_f_0.3_eps_0_s_300",1e+10
"n_400_c_10000000000_g_2_f_0.3_eps_1e-05_s_100",5.00011e+09
"n_400_c_10000000000_g_2_f_0.3_eps_1e-05_s_200",5.00011e+09
"n_400_c_10000000000_g_2_f_0.3_eps_1e-05_s_300",5.00012e+09
"n_400_c_10000000000_g_6_f_0.1_eps_0.0001_s_100",9.7185e+09
"n_400_c_10000000000_g_6_f_0.1_eps_0.0001_s_200",9.71851e+09
"n_400_c_10000000000_g_6_f_0.1_eps_0.0001_s_300",9.71851e+09
"n_400_c_10000000000_g_6_f_0.1_eps_0.001_s_100",9.9975e+09
"n_400_c_10000000000_g_6_f_0.1_eps_0.001_s_200",9.99751e+09
"n_400_c_10000000000_g_6_f_0.1_eps_0.001_s_300",9.99751e+09
"n_400_c_10000000000_g_6_f_0.1_eps_0.01_s_100",9.975e+09
"n_400_c_10000000000_g_6_f_0.1_eps_0.01_s_200",9.97501e+09
"n_400_c_10000000000_g_6_f_0.1_eps_0.01_s_300",9.97501e+09
"n_400_c_10000000000_g_6_f_0.1_eps_0.1_s_100",1e+10
"n_400_c_10000000000_g_6_f_0.1_eps_0.1_s_200",1e+10
"n_400_c_10000000000_g_6_f_0.1_eps_0.1_s_300",1e+10
"n_400_c_10000000000_g_6_f_0.1_eps_0_s_100",1e+10
"n_400_c_10000000000_g_6_f_0.1_eps_0_s_200",1e+10
"n_400_c_10000000000_g_6_f_0.1_eps_0_s_300",1e+10
"n_400_c_10000000000_g_6_f_0.1_eps_1e-05_s_100",9.6906e+09
"n_400_c_10000000000_g_6_f_0.1_eps_1e-05_s_200",9.69061e+09
"n_400_c_10000000000_g_6_f_0.1_eps_1e-05_s_300",9.69061e+09
"n_400_c_10000000000_g_6_f_0.2_eps_0.0001_s_100",9.71851e+09
"n_400_c_10000000000_g_6_f_0.2_eps_0.0001_s_200",9.71851e+09
"n_400_c_10000000000_g_6_f_0.2_eps_0.0001_s_300",9.71852e+09
"n_400_c_10000000000_g_6_f_0.2_eps_0.001_s_100",9.99751e+09
"n_400_c_10000000000_g_6_f_0.2_eps_0.001_s_200",9.99751e+09
"n_400_c_10000000000_g_6_f_0.2_eps_0.001_s_300",9.99752e+09
"n_400_c_10000000000_g_6_f_0.2_eps_0.01_s_100",9.975e+09
"n_400_c_10000000000_g_6_f_0.2_eps_0.01_s_200",9.97501e+09
"n_400_c_10000000000_g_6_f_0.2_eps_0.01_s_300",9.97501e+09
"n_400_c_10000000000_g_6_f_0.2_eps_0.1_s_100",1e+10
"n_400_c_10000000000_g_6_f_0.2_eps_0.1_s_200",1e+10
"n_400_c_10000000000_g_6_f_0.2_eps_0.1_s_300",1e+10
"n_400_c_10000000000_g_6_f_0.2_eps_0_s_100",1e+10
"n_400_c_10000000000_g_6_f_0.2_eps_0_s_200",1e+10
"n_400_c_10000000000_g_6_f_0.2_eps_0_s_300",1e+10
"n_400_c_10000000000_g_6_f_0.2_eps_1e-05_s_100",9.69061e+09
"n_400_c_10000000000_g_6_f_0.2_eps_1e-05_s_200",9.69061e+09
"n_400_c_10000000000_g_6_f_0.2_eps_1e-05_s_300",9.69062e+09
"n_400_c_10000000000_g_6_f_0.3_eps_0.0001_s_100",9.71851e+09
"n_400_c_10000000000_g_6_f_0.3_eps_0.0001_s_200",9.71852e+09
"n_400_c_10000000000_g_6_f_0.3_eps_0.0001_s_300",9.71852e+09
"n_400_c_10000000000_g_6_f_0.3_eps_0.001_s_100",9.99751e+09
"n_400_c_10000000000_g_6_f_0.3_eps_0.001_s_200",9.99752e+09
"n_400_c_10000000000_g_6_f_0.3_eps_0.001_s_300",9.99753e+09
"n_400_c_10000000000_g_6_f_0.3_eps_0.01_s_100",9.97501e+09
"n_400_c_10000000000_g_6_f_0.3_eps_0.01_s_200",9.97501e+09
"n_400_c_10000000000_g_6_f_0.3_eps_0.01_s_300",9.97502e+09
"n_400_c_10000000000_g_6_f_0.3_eps_0.1_s_100",1e+10
"n_400_c_10000000000_g_6_f_0.3_eps_0.1_s_200",1e+10
"n_400_c_10000000000_g_6_f_0.3_eps_0.1_s_300",1e+10
"n_400_c_10000000000_g_6_f_0.3_eps_0_s_100",1e+10
"n_400_c_10000000000_g_6_f_0.3_eps_0_s_200",1e+10
"n_400_c_10000000000_g_6_f_0.3_eps_0_s_300",1e+10
"n_400_c_10000000000_g_6_f_0.3_eps_1e-05_s_100",9.69061e+09
"n_400_c_10000000000_g_6_f_0.3_eps_1e-05_s_200",9.69062e+09
"n_400_c_10000000000_g_6_f_0.3_eps_1e-05_s_300",9.69062e+09
"n_400_c_100000000_g_10_f_0.1_eps_0.0001_s_100",9.99952e+07
"n_400_c_100000000_g_10_f_0.1_eps_0.0001_s_200",1.00001e+08
"n_400_c_100000000_g_10_f_0.1_eps_0.0001_s_300",1.0001e+08
"n_400_c_100000000_g_10_f_0.1_eps_0.001_s_100",9.99943e+07
"n_400_c_100000000_g_10_f_0.1_eps_0.001_s_200",1.00007e+08
"n_400_c_100000000_g_10_f_0.1_eps_0.001_s_300",1.00009e+08
"n_400_c_100000000_g_10_f_0.1_eps_0.01_s_100",9.99986e+07
"n_400_c_100000000_g_10_f_0.1_eps_0.01_s_200",1.00001e+08
"n_400_c_100000000_g_10_f_0.1_eps_0.01_s_300",1.00011e+08
"n_400_c_100000000_g_10_f_0.1_eps_0.1_s_100",9.99641e+07
"n_400_c_100000000_g_10_f_0.1_eps_0.1_s_200",9.99663e+07
"n_400_c_100000000_g_10_f_0.1_eps_0.1_s_300",9.99694e+07
"n_400_c_100000000_g_10_f_0.1_eps_0_s_100",9.98153e+07
"n_400_c_100000000_g_10_f_0.1_eps_0_s_200",9.98245e+07
"n_400_c_100000000_g_10_f_0.1_eps_0_s_300",9.9835e+07
"n_400_c_100000000_g_10_f_0.1_eps_1e-05_s_100",9.99608e+07
"n_400_c_100000000_g_10_f_0.1_eps_1e-05_s_200",9.99698e+07
"n_400_c_100000000_g_10_f_0.1_eps_1e-05_s_300",9.99801e+07
"n_400_c_100000000_g_10_f_0.2_eps_0.0001_s_100",9.99976e+07
"n_400_c_100000000_g_10_f_0.2_eps_0.0001_s_200",1.00006e+08
"n_400_c_100000000_g_10_f_0.2_eps_0.0001_s_300",1.00013e+08
"n_400_c_100000000_g_10_f_0.2_eps_0.001_s_100",9.99963e+07
"n_400_c_100000000_g_10_f_0.2_eps_0.001_s_200",9.99992e+07
"n_400_c_100000000_g_10_f_0.2_eps_0.001_s_300",1.00004e+08
"n_400_c_100000000_g_10_f_0.2_eps_0.01_s_100",9.99986e+07
"n_400_c_100000000_g_10_f_0.2_eps_0.01_s_200",9.99976e+07
"n_400_c_100000000_g_10_f_0.2_eps_0.01_s_300",1.00009e+08
"n_400_c_100000000_g_10_f_0.2_eps_0.1_s_100",9.99663e+07
"n_400_c_100000000_g_10_f_0.2_eps_0.1_s_200",9.99712e+07
"n_400_c_100000000_g_10_f_0.2_eps_0.1_s_300",9.99775e+07
"n_400_c_100000000_g_10_f_0.2_eps_0_s_100",9.9817e+07
"n_400_c_100000000_g_10_f_0.2_eps_0_s_200",9.98302e+07
"n_400_c_100000000_g_10_f_0.2_eps_0_s_300",9.98392e+07
"n_400_c_100000000_g_10_f_0.2_eps_1e-05_s_100",9.99484e+07
"n_400_c_100000000_g_10_f_0.2_eps_1e-05_s_200",9.99627e+07
"n_400_c_100000000_g_10_f_0.2_eps_1e-05_s_300",9.99739e+07
"n_400_c_100000000_g_10_f_0.3_eps_0.0001_s_100",9.99999e+07
"n_400_c_100000000_g_10_f_0.3_eps_0.0001_s_200",1.00003e+08
"n_400_c_100000000_g_10_f_0.3_eps_0.0001_s_300",1.00008e+08
"n_400_c_100000000_g_10_f_0.3_eps_0.001_s_100",1.00002e+08
"n_400_c_100000000_g_10_f_0.3_eps_0.001_s_200",1.00001e+08
"n_400_c_100000000_g_10_f_0.3_eps_0.001_s_300",1.00006e+08
"n_400_c_100000000_g_10_f_0.3_eps_0.01_s_100",1.00001e+08
"n_400_c_100000000_g_10_f_0.3_eps_0.01_s_200",1.00003e+08
"n_400_c_100000000_g_10_f_0.3_eps_0.01_s_300",1.00006e+08
"n_400_c_100000000_g_10_f_0.3_eps_0.1_s_100",9.99683e+07
"n_400_c_100000000_g_10_f_0.3_eps_0.1_s_200",9.99761e+07
"n_400_c_100000000_g_10_f_0.3_eps_0.1_s_300",9.99813e+07
"n_400_c_100000000_g_10_f_0.3_eps_0_s_100",1.00001e+08
"n_400_c_100000000_g_10_f_0.3_eps_0_s_200",9.98298e+07
"n_400_c_100000000_g_10_f_0.3_eps_0_s_300",9.98446e+07
"n_400_c_100000000_g_10_f_0.3_eps_1e-05_s_100",9.99382e+07
"n_400_c_100000000_g_10_f_0.3_eps_1e-05_s_200",9.99533e+07
"n_400_c_100000000_g_10_f_0.3_eps_1e-05_s_300",9.99697e+07
"n_400_c_100000000_g_14_f_0.1_eps_0.0001_s_100",1.00003e+08
"n_400_c_100000000_g_14_f_0.1_eps_0.0001_s_200",1.00005e+08
"n_400_c_100000000_g_14_f_0.1_eps_0.0001_s_300",1.00013e+08
"n_400_c_100000000_g_14_f_0.1_eps_0.001_s_100",1.00003e+08
"n_400_c_100000000_g_14_f_0.1_eps_0.001_s_200",1.00003e+08
"n_400_c_100000000_g_14_f_0.1_eps_0.001_s_300",1.00014e+08
"n_400_c_100000000_g_14_f_0.1_eps_0.01_s_100",9.99969e+07
"n_400_c_100000000_g_14_f_0.1_eps_0.01_s_200",1.00008e+08
"n_400_c_100000000_g_14_f_0.1_eps_0.01_s_300",1.00011e+08
"n_400_c_100000000_g_14_f_0.1_eps_0.1_s_100",1.00001e+08
"n_400_c_100000000_g_14_f_0.1_eps_0.1_s_200",1.00003e+08
"n_400_c_100000000_g_14_f_0.1_eps_0.1_s_300",9.99947e+07
"n_400_c_100000000_g_14_f_0.1_eps_0_s_100",9.99975e+07
"n_400_c_100000000_g_14_f_0.1_eps_0_s_200",1.00006e+08
"n_400_c_100000000_g_14_f_0.1_eps_0_s_300",1.00004e+08
"n_400_c_100000000_g_14_f_0.1_eps_1e-05_s_100",9.99998e+07
"n_400_c_100000000_g_14_f_0.1_eps_1e-05_s_200",1.00008e+08
"n_400_c_100000000_g_14_f_0.1_eps_1e-05_s_300",1.00013e+08
"n_400_c_100000000_g_14_f_0.2_eps_0.0001_s_100",9.99999e+07
"n_400_c_100000000_g_14_f_0.2_eps_0.0001_s_200",1.00006e+08
"n_400_c_100000000_g_14_f_0.2_eps_0.0001_s_300",1.0001e+08
"n_400_c_100000000_g_14_f_0.2_eps_0.001_s_100",9.99953e+07
"n_400_c_100000000_g_14_f_0.2_eps_0.001_s_200",1.00001e+08
"n_400_c_100000000_g_14_f_0.2_eps_0.001_s_300",1.00011e+08
"n_400_c_100000000_g_14_f_0.2_eps_0.01_s_100",9.9999e+07
"n_400_c_100000000_g_14_f_0.2_eps_0.01_s_200",1.00007e+08
"n_400_c_100000000_g_14_f_0.2_eps_0.01_s_300",1.00008e+08
"n_400_c_100000000_g_14_f_0.2_eps_0.1_s_100",1.00002e+08
"n_400_c_100000000_g_14_f_0.2_eps_0.1_s_200",9.99955e+07
"n_400_c_100000000_g_14_f_0.2_eps_0.1_s_300",9.99999e+07
"n_400_c_100000000_g_14_f_0.2_eps_0_s_100",1.00001e+08
"n_400_c_100000000_g_14_f_0.2_eps_0_s_200",1.00009e+08
"n_400_c_100000000_g_14_f_0.2_eps_0_s_300",1.00007e+08
"n_400_c_100000000_g_14_f_0.2_eps_1e-05_s_100",1.00005e+08
"n_400_c_100000000_g_14_f_0.2_eps_1e-05_s_200",1.00002e+08
"n_400_c_100000000_g_14_f_0.2_eps_1e-05_s_300",1.00008e+08
"n_400_c_100000000_g_14_f_0.3_eps_0.0001_s_100",1.00003e+08
"n_400_c_100000000_g_14_f_0.3_eps_0.0001_s_200",1.00004e+08
"n_400_c_100000000_g_14_f_0.3_eps_0.0001_s_300",1.00009e+08
"n_400_c_100000000_g_14_f_0.3_eps_0.001_s_100",9.99976e+07
"n_400_c_100000000_g_14_f_0.3_eps_0.001_s_200",1.00005e+08
"n_400_c_100000000_g_14_f_0.3_eps_0.001_s_300",1.00017e+08
"n_400_c_100000000_g_14_f_0.3_eps_0.01_s_100",9.99977e+07
"n_400_c_100000000_g_14_f_0.3_eps_0.01_s_200",1.00006e+08
"n_400_c_100000000_g_14_f_0.3_eps_0.01_s_300",1.00011e+08
"n_400_c_100000000_g_14_f_0.3_eps_0.1_s_100",9.99931e+07
"n_400_c_100000000_g_14_f_0.3_eps_0.1_s_200",9.99999e+07
"n_400_c_100000000_g_14_f_0.3_eps_0.1_s_300",1.00002e+08
"n_400_c_100000000_g_14_f_0.3_eps_0_s_100",9.99962e+07
"n_400_c_100000000_g_14_f_0.3_eps_0_s_200",1.00007e+08
"n_400_c_100000000_g_14_f_0.3_eps_0_s_300",1.00008e+08
"n_400_c_100000000_g_14_f_0.3_eps_1e-05_s_100",9.99982e+07
"n_400_c_100000000_g_14_f_0.3_eps_1e-05_s_200",1.00002e+08
"n_400_c_100000000_g_14_f_0.3_eps_1e-05_s_300",1.00018e+08
"n_400_c_100000000_g_2_f_0.1_eps_0.0001_s_100",5.00119e+07
"n_400_c_100000000_g_2_f_0.1_eps_0.0001_s_200",5.00144e+07
"n_400_c_100000000_g_2_f_0.1_eps_0.0001_s_300",5.00154e+07
"n_400_c_100000000_g_2_f_0.1_eps_0.001_s_100",5.01019e+07
"n_400_c_100000000_g_2_f_0.1_eps_0.001_s_200",5.01041e+07
"n_400_c_100000000_g_2_f_0.1_eps_0.001_s_300",5.01062e+07
"n_400_c_100000000_g_2_f_0.1_eps_0.01_s_100",5.10022e+07
"n_400_c_100000000_g_2_f_0.1_eps_0.01_s_200",5.10035e+07
"n_400_c_100000000_g_2_f_0.1_eps_0.01_s_300",5.10063e+07
"n_400_c_100000000_g_2_f_0.1_eps_0.1_s_100",6.00021e+07
"n_400_c_100000000_g_2_f_0.1_eps_0.1_s_200",6.00039e+07
"n_400_c_100000000_g_2_f_0.1_eps_0.1_s_300",6.0006e+07
"n_400_c_100000000_g_2_f_0.1_eps_0_s_100",5.00022e+07
"n_400_c_100000000_g_2_f_0.1_eps_0_s_200",5.00039e+07
"n_400_c_100000000_g_2_f_0.1_eps_0_s_300",5.00069e+07
"n_400_c_100000000_g_2_f_0.1_eps_1e-05_s_100",5.0003e+07
"n_400_c_100000000_g_2_f_0.1_eps_1e-05_s_200",5.00049e+07
"n_400_c_100000000_g_2_f_0.1_eps_1e-05_s_300",5.0008e+07
"n_400_c_100000000_g_2_f_0.2_eps_0.0001_s_100",5.00141e+07
"n_400_c_100000000_g_2_f_0.2_eps_0.0001_s_200",5.00187e+07
"n_400_c_100000000_g_2_f_0.2_eps_0.0001_s_300",5.00231e+07
"n_400_c_100000000_g_2_f_0.2_eps_0.001_s_100",5.01041e+07
"n_400_c_100000000_g_2_f_0.2_eps_0.001_s_200",5.01081e+07
"n_400_c_100000000_g_2_f_0.2_eps_0.001_s_300",5.01122e+07
"n_400_c_100000000_g_2_f_0.2_eps_0.01_s_100",5.1004e+07
"n_400_c_100000000_g_2_f_0.2_eps_0.01_s_200",5.1008e+07
"n_400_c_100000000_g_2_f_0.2_eps_0.01_s_300",5.10118e+07
"n_400_c_100000000_g_2_f_0.2_eps_0.1_s_100",6.00042e+07
"n_400_c_100000000_g_2_f_0.2_eps_0.1_s_200",6.0008e+07
"n_400_c_100000000_g_2_f_0.2_eps_0.1_s_300",6.00129e+07
"n_400_c_100000000_g_2_f_0.2_eps_0_s_100",5.00042e+07
"n_400_c_100000000_g_2_f_0.2_eps_0_s_200",5.00077e+07
"n_400_c_100000000_g_2_f_0.2_eps_0_s_300",5.00112e+07
"n_400_c_100000000_g_2_f_0.2_eps_1e-05_s_100",5.0005e+07
"n_400_c_100000000_g_2_f_0.2_eps_1e-05_s_200",5.00092e+07
"n_400_c_100000000_g_2_f_0.2_eps_1e-05_s_300",5.00127e+07
"n_400_c_100000000_g_2_f_0.3_eps_0.0001_s_100",5.00161e+07
"n_400_c_100000000_g_2_f_0.3_eps_0.0001_s_200",5.0021e+07
"n_400_c_100000000_g_2_f_0.3_eps_0.0001_s_300",5.00294e+07
"n_400_c_100000000_g_2_f_0.3_eps_0.001_s_100",5.01061e+07
"n_400_c_100000000_g_2_f_0.3_eps_0.001_s_200",5.01111e+07
"n_400_c_100000000_g_2_f_0.3_eps_0.001_s_300",5.0119e+07
"n_400_c_100000000_g_2_f_0.3_eps_0.01_s_100",5.10066e+07
"n_400_c_100000000_g_2_f_0.3_eps_0.01_s_200",5.10127e+07
"n_400_c_100000000_g_2_f_0.3_eps_0.01_s_300",5.102e+07
"n_400_c_100000000_g_2_f_0.3_eps_0.1_s_100",6.00057e+07
"n_400_c_100000000_g_2_f_0.3_eps_0.1_s_200",6.00119e+07
"n_400_c_100000000_g_2_f_0.3_eps_0.1_s_300",6.0019e+07
"n_400_c_100000000_g_2_f_0.3_eps_0_s_100",5.00064e+07
"n_400_c_100000000_g_2_f_0.3_eps_0_s_200",5.00134e+07
"n_400_c_100000000_g_2_f_0.3_eps_0_s_300",5.00169e+07
"n_400_c_100000000_g_2_f_0.3_eps_1e-05_s_100",5.00068e+07
"n_400_c_100000000_g_2_f_0.3_eps_1e-05_s_200",5.00136e+07
"n_400_c_100000000_g_2_f_0.3_eps_1e-05_s_300",5.00194e+07
"n_400_c_100000000_g_6_f_0.1_eps_0.0001_s_100",9.71893e+07
"n_400_c_100000000_g_6_f_0.1_eps_0.0001_s_200",9.71934e+07
"n_400_c_100000000_g_6_f_0.1_eps_0.0001_s_300",9.71988e+07
"n_400_c_100000000_g_6_f_0.1_eps_0.001_s_100",9.99793e+07
"n_400_c_100000000_g_6_f_0.1_eps_0.001_s_200",9.99842e+07
"n_400_c_100000000_g_6_f_0.1_eps_0.001_s_300",9.99888e+07
"n_400_c_100000000_g_6_f_0.1_eps_0.01_s_100",9.97525e+07
"n_400_c_100000000_g_6_f_0.1_eps_0.01_s_200",9.97557e+07
"n_400_c_100000000_g_6_f_0.1_eps_0.01_s_300",9.97574e+07
"n_400_c_100000000_g_6_f_0.1_eps_0.1_s_100",9.93774e+07
"n_400_c_100000000_g_6_f_0.1_eps_0.1_s_200",9.93798e+07
"n_400_c_100000000_g_6_f_0.1_eps_0.1_s_300",9.93827e+07
"n_400_c_100000000_g_6_f_0.1_eps_0_s_100",1e+08
"n_400_c_100000000_g_6_f_0.1_eps_0_s_200",9.68839e+07
"n_400_c_100000000_g_6_f_0.1_eps_0_s_300",9.68881e+07
"n_400_c_100000000_g_6_f_0.1_eps_1e-05_s_100",9.69107e+07
"n_400_c_100000000_g_6_f_0.1_eps_1e-05_s_200",9.69154e+07
"n_400_c_100000000_g_6_f_0.1_eps_1e-05_s_300",9.69194e+07
"n_400_c_100000000_g_6_f_0.2_eps_0.0001_s_100",9.71912e+07
"n_400_c_100000000_g_6_f_0.2_eps_0.0001_s_200",9.71972e+07
"n_400_c_100000000_g_6_f_0.2_eps_0.0001_s_300",9.72043e+07
"n_400_c_100000000_g_6_f_0.2_eps_0.001_s_100",9.99811e+07
"n_400_c_100000000_g_6_f_0.2_eps_0.001_s_200",9.99878e+07
"n_400_c_100000000_g_6_f_0.2_eps_0.001_s_300",9.99935e+07
"n_400_c_100000000_g_6_f_0.2_eps_0.01_s_100",9.97547e+07
"n_400_c_100000000_g_6_f_0.2_eps_0.01_s_200",9.97589e+07
"n_400_c_100000000_g_6_f_0.2_eps_0.01_s_300",9.97639e+07
"n_400_c_100000000_g_6_f_0.2_eps_0.1_s_100",9.93794e+07
"n_400_c_100000000_g_6_f_0.2_eps_0.1_s_200",9.93836e+07
"n_400_c_100000000_g_6_f_0.2_eps_0.1_s_300",9.93886e+07
"n_400_c_100000000_g_6_f_0.2_eps_0_s_100",9.68812e+07
"n_400_c_100000000_g_6_f_0.2_eps_0_s_200",9.68871e+07
"n_400_c_100000000_g_6_f_0.2_eps_0_s_300",9.68949e+07
"n_400_c_100000000_g_6_f_0.2_eps_1e-05_s_100",9.69128e+07
"n_400_c_100000000_g_6_f_0.2_eps_1e-05_s_200",9.69181e+07
"n_400_c_100000000_g_6_f_0.2_eps_1e-05_s_300",9.6926e+07
"n_400_c_100000000_g_6_f_0.3_eps_0.0001_s_100",9.71929e+07
"n_400_c_100000000_g_6_f_0.3_eps_0.0001_s_200",9.72005e+07
"n_400_c_100000000_g_6_f_0.3_eps_0.0001_s_300",9.72097e+07
"n_400_c_100000000_g_6_f_0.3_eps_0.001_s_100",9.99834e+07
"n_400_c_100000000_g_6_f_0.3_eps_0.001_s_200",9.99918e+07
"n_400_c_100000000_g_6_f_0.3_eps_0.001_s_300",1.00001e+08
"n_400_c_100000000_g_6_f_0.3_eps_0.01_s_100",9.97565e+07
"n_400_c_100000000_g_6_f_0.3_eps_0.01_s_200",9.97629e+07
"n_400_c_100000000_g_6_f_0.3_eps_0.01_s_300",9.97688e+07
"n_400_c_100000000_g_6_f_0.3_eps_0.1_s_100",9.93813e+07
"n_400_c_100000000_g_6_f_0.3_eps_0.1_s_200",9.93885e+07
"n_400_c_100000000_g_6_f_0.3_eps_0.1_s_300",9.93957e+07
"n_400_c_100000000_g_6_f_0.3_eps_0_s_100",9.68826e+07
"n_400_c_100000000_g_6_f_0.3_eps_0_s_200",9.68915e+07
"n_400_c_100000000_g_6_f_0.3_eps_0_s_300",9.68998e+07
"n_400_c_100000000_g_6_f_0.3_eps_1e-05_s_100",9.69142e+07
"n_400_c_100000000_g_6_f_0.3_eps_1e-05_s_200",9.69222e+07
"n_400_c_100000000_g_6_f_0.3_eps_1e-05_s_300",9.69283e+07
"n_400_c_1000000_g_10_f_0.1_eps_0.0001_s_100",1.00416e+06
"n_400_c_1000000_g_10_f_0.1_eps_0.0001_s_200",1.00842e+06
"n_400_c_1000000_g_10_f_0.1_eps_0.0001_s_300",1.01215e+06
"n_400_c_1000000_g_10_f_0.1_eps_0.001_s_100",1.00444e+06
"n_400_c_1000000_g_10_f_0.1_eps_0.001_s_200",1.00799e+06
"n_400_c_1000000_g_10_f_0.1_eps_0.001_s_300",1.01338e+06
"n_400_c_1000000_g_10_f_0.1_eps_0.01_s_100",1.00375e+06
"n_400_c_1000000_g_10_f_0.1_eps_0.01_s_200",1.00589e+06
"n_400_c_1000000_g_10_f_0.1_eps_0.01_s_300",1.00993e+06
"n_400_c_1000000_g_10_f_0.1_eps_0.1_s_100",1.00124e+06
"n_400_c_1000000_g_10_f_0.1_eps_0.1_s_200",1.00285e+06
"n_400_c_1000000_g_10_f_0.1_eps_0.1_s_300",1.00395e+06
"n_400_c_1000000_g_10_f_0.1_eps_0_s_100",1.00394e+06
"n_400_c_1000000_g_10_f_0.1_eps_0_s_200",1.00775e+06
"n_400_c_1000000_g_10_f_0.1_eps_0_s_300",1.0122e+06
"n_400_c_1000000_g_10_f_0.1_eps_1e-05_s_100",1.00403e+06
"n_400_c_1000000_g_10_f_0.1_eps_1e-05_s_200",1.00835e+06
"n_400_c_1000000_g_10_f_0.1_eps_1e-05_s_300",1.01241e+06
"n_400_c_1000000_g_10_f_0.2_eps_0.0001_s_100",1.0044e+06
"n_400_c_1000000_g_10_f_0.2_eps_0.0001_s_200",1.00977e+06
"n_400_c_1000000_g_10_f_0.2_eps_0.0001_s_300",1.01595e+06
"n_400_c_1000000_g_10_f_0.2_eps_0.001_s_100",1.0043e+06
"n_400_c_1000000_g_10_f_0.2_eps_0.001_s_200",1.00822e+06
"n_400_c_1000000_g_10_f_0.2_eps_0.001_s_300",1.01283e+06
"n_400_c_1000000_g_10_f_0.2_eps_0.01_s_100",1.00409e+06
"n_400_c_1000000_g_10_f_0.2_eps_0.01_s_200",1.00769e+06
"n_400_c_1000000_g_10_f_0.2_eps_0.01_s_300",1.01112e+06
"n_400_c_1000000_g_10_f_0.2_eps_0.1_s_100",1.00247e+06
"n_400_c_1000000_g_10_f_0.2_eps_0.1_s_200",1.0037e+06
"n_400_c_1000000_g_10_f_0.2_eps_0.1_s_300",1.00582e+06
"n_400_c_1000000_g_10_f_0.2_eps_0_s_100",1.00417e+06
"n_400_c_1000000_g_10_f_0.2_eps_0_s_200",1.00872e+06
"n_400_c_1000000_g_10_f_0.2_eps_0_s_300",1.01192e+06
"n_400_c_1000000_g_10_f_0.2_eps_1e-05_s_100",1.00448e+06
"n_400_c_1000000_g_10_f_0.2_eps_1e-05_s_200",1.00881e+06
"n_400_c_1000000_g_10_f_0.2_eps_1e-05_s_300",1.01126e+06
"n_400_c_1000000_g_10_f_0.3_eps_0.0001_s_100",1.00478e+06
"n_400_c_1000000_g_10_f_0.3_eps_0.0001_s_200",1.01044e+06
"n_400_c_1000000_g_10_f_0.3_eps_0.0001_s_300",1.01432e+06
"n_400_c_1000000_g_10_f_0.3_eps_0.001_s_100",1.00477e+06
"n_400_c_1000000_g_10_f_0.3_eps_0.001_s_200",1.00855e+06
"n_400_c_1000000_g_10_f_0.3_eps_0.001_s_300",1.01227e+06
"n_400_c_1000000_g_10_f_0.3_eps_0.01_s_100",1.00409e+06
"n_400_c_1000000_g_10_f_0.3_eps_0.01_s_200",1.00785e+06
"n_400_c_1000000_g_10_f_0.3_eps_0.01_s_300",1.01279e+06
"n_400_c_1000000_g_10_f_0.3_eps_0.1_s_100",1.00261e+06
"n_400_c_1000000_g_10_f_0.3_eps_0.1_s_200",1.00437e+06
"n_400_c_1000000_g_10_f_0.3_eps_0.1_s_300",1.00798e+06
"n_400_c_1000000_g_10_f_0.3_eps_0_s_100",1.00494e+06
"n_400_c_1000000_g_10_f_0.3_eps_0_s_200",1.00848e+06
"n_400_c_1000000_g_10_f_0.3_eps_0_s_300",1.01228e+06
"n_400_c_1000000_g_10_f_0.3_eps_1e-05_s_100",1.0053e+06
"n_400_c_1000000_g_10_f_0.3_eps_1e-05_s_200",1.00936e+06
"n_400_c_1000000_g_10_f_0.3_eps_1e-05_s_300",1.0166e+06
"n_400_c_1000000_g_14_f_0.1_eps_0.0001_s_100",1.00523e+06
"n_400_c_1000000_g_14_f_0.1_eps_0.0001_s_200",1.01012e+06
"n_400_c_1000000_g_14_f_0.1_eps_0.0001_s_300",1.01491e+06
"n_400_c_1000000_g_14_f_0.1_eps_0.001_s_100",1.00554e+06
"n_400_c_1000000_g_14_f_0.1_eps_0.001_s_200",1.00974e+06
"n_400_c_1000000_g_14_f_0.1_eps_0.001_s_300",1.01446e+06
"n_400_c_1000000_g_14_f_0.1_eps_0.01_s_100",1.00391e+06
"n_400_c_1000000_g_14_f_0.1_eps_0.01_s_200",1.00873e+06
"n_400_c_1000000_g_14_f_0.1_eps_0.01_s_300",1.01189e+06
"n_400_c_1000000_g_14_f_0.1_eps_0.1_s_100",1.00177e+06
"n_400_c_1000000_g_14_f_0.1_eps_0.1_s_200",1.00269e+06
"n_400_c_1000000_g_14_f_0.1_eps_0.1_s_300",1.00605e+06
"n_400_c_1000000_g_14_f_0.1_eps_0_s_100",1.00537e+06
"n_400_c_1000000_g_14_f_0.1_eps_0_s_200",1.00986e+06
"n_400_c_1000000_g_14_f_0.1_eps_0_s_300",1.01515e+06
"n_400_c_1000000_g_14_f_0.1_eps_1e-05_s_100",1.00482e+06
"n_400_c_1000000_g_14_f_0.1_eps_1e-05_s_200",1.01098e+06
"n_400_c_1000000_g_14_f_0.1_eps_1e-05_s_300",1.01556e+06
"n_400_c_1000000_g_14_f_0.2_eps_0.0001_s_100",1.0052e+06
"n_400_c_1000000_g_14_f_0.2_eps_0.0001_s_200",1.00993e+06
"n_400_c_1000000_g_14_f_0.2_eps_0.0001_s_300",1.01676e+06
"n_400_c_1000000_g_14_f_0.2_eps_0.001_s_100",1.00521e+06
"n_400_c_1000000_g_14_f_0.2_eps_0.001_s_200",1.01031e+06
"n_400_c_1000000_g_14_f_0.2_eps_0.001_s_300",1.01644e+06
"n_400_c_1000000_g_14_f_0.2_eps_0.01_s_100",1.00423e+06
"n_400_c_1000000_g_14_f_0.2_eps_0.01_s_200",1.00979e+06
"n_400_c_1000000_g_14_f_0.2_eps_0.01_s_300",1.01341e+06
"n_400_c_1000000_g_14_f_0.2_eps_0.1_s_100",1.00218e+06
"n_400_c_1000000_g_14_f_0.2_eps_0.1_s_200",1.004e+06
"n_400_c_1000000_g_14_f_0.2_eps_0.1_s_300",1.00675e+06
"n_400_c_1000000_g_14_f_0.2_eps_0_s_100",1.0057e+06
"n_400_c_1000000_g_14_f_0.2_eps_0_s_200",1.01054e+06
"n_400_c_1000000_g_14_f_0.2_eps_0_s_300",1.01413e+06
"n_400_c_1000000_g_14_f_0.2_eps_1e-05_s_100",1.00552e+06
"n_400_c_1000000_g_14_f_0.2_eps_1e-05_s_200",1.00833e+06
"n_400_c_1000000_g_14_f_0.2_eps_1e-05_s_300",1.018e+06
"n_400_c_1000000_g_14_f_0.3_eps_0.0001_s_100",1.00554e+06
"n_400_c_1000000_g_14_f_0.3_eps_0.0001_s_200",1.01236e+06
"n_400_c_1000000_g_14_f_0.3_eps_0.0001_s_300",1.01748e+06
"n_400_c_1000000_g_14_f_0.3_eps_0.001_s_100",1.0049e+06
"n_400_c_1000000_g_14_f_0.3_eps_0.001_s_200",1.00963e+06
"n_400_c_1000000_g_14_f_0.3_eps_0.001_s_300",1.01688e+06
"n_400_c_1000000_g_14_f_0.3_eps_0.01_s_100",1.00471e+06
"n_400_c_1000000_g_14_f_0.3_eps_0.01_s_200",1.00911e+06
"n_400_c_1000000_g_14_f_0.3_eps_0.01_s_300",1.01599e+06
"n_400_c_1000000_g_14_f_0.3_eps_0.1_s_100",1.00259e+06
"n_400_c_1000000_g_14_f_0.3_eps_0.1_s_200",1.00522e+06
"n_400_c_1000000_g_14_f_0.3_eps_0.1_s_300",1.00823e+06
"n_400_c_1000000_g_14_f_0.3_eps_0_s_100",1.005e+06
"n_400_c_1000000_g_14_f_0.3_eps_0_s_200",1.01219e+06
"n_400_c_1000000_g_14_f_0.3_eps_0_s_300",1.01693e+06
"n_400_c_1000000_g_14_f_0.3_eps_1e-05_s_100",1.00503e+06
"n_400_c_1000000_g_14_f_0.3_eps_1e-05_s_200",1.01134e+06
"n_400_c_1000000_g_14_f_0.3_eps_1e-05_s_300",1.01683e+06
"n_400_c_1000000_g_2_f_0.1_eps_0.0001_s_100",502437
"n_400_c_1000000_g_2_f_0.1_eps_0.0001_s_200",505206
"n_400_c_1000000_g_2_f_0.1_eps_0.0001_s_300",506035
"n_400_c_1000000_g_2_f_0.1_eps_0.001_s_100",503313
"n_400_c_1000000_g_2_f_0.1_eps_0.001_s_200",504648
"n_400_c_1000000_g_2_f_0.1_eps_0.001_s_300",507304
"n_400_c_1000000_g_2_f_0.1_eps_0.01_s_100",512187
"n_400_c_1000000_g_2_f_0.1_eps_0.01_s_200",513600
"n_400_c_1000000_g_2_f_0.1_eps_0.01_s_300",517209
"n_400_c_1000000_g_2_f_0.1_eps_0.1_s_100",602022
"n_400_c_1000000_g_2_f_0.1_eps_0.1_s_200",604798
"n_400_c_1000000_g_2_f_0.1_eps_0.1_s_300",606257
"n_400_c_1000000_g_2_f_0.1_eps_0_s_100",501979
"n_400_c_1000000_g_2_f_0.1_eps_0_s_200",503787
"n_400_c_1000000_g_2_f_0.1_eps_0_s_300",506711
"n_400_c_1000000_g_2_f_0.1_eps_1e-05_s_100",502220
"n_400_c_1000000_g_2_f_0.1_eps_1e-05_s_200",503977
"n_400_c_1000000_g_2_f_0.1_eps_1e-05_s_300",506272
"n_400_c_1000000_g_2_f_0.2_eps_0.0001_s_100",504485
"n_400_c_1000000_g_2_f_0.2_eps_0.0001_s_200",507571
"n_400_c_1000000_g_2_f_0.2_eps_0.0001_s_300",513438
"n_400_c_1000000_g_2_f_0.2_eps_0.001_s_100",505088
"n_400_c_1000000_g_2_f_0.2_eps_0.001_s_200",509121
"n_400_c_1000000_g_2_f_0.2_eps_0.001_s_300",514845
"n_400_c_1000000_g_2_f_0.2_eps_0.01_s_100",514451
"n_400_c_1000000_g_2_f_0.2_eps_0.01_s_200",519369
"n_400_c_1000000_g_2_f_0.2_eps_0.01_s_300",521869
"n_400_c_1000000_g_2_f_0.2_eps_0.1_s_100",604448
"n_400_c_1000000_g_2_f_0.2_eps_0.1_s_200",608592
"n_400_c_1000000_g_2_f_0.2_eps_0.1_s_300",612361
"n_400_c_1000000_g_2_f_0.2_eps_0_s_100",503886
"n_400_c_1000000_g_2_f_0.2_eps_0_s_200",508832
"n_400_c_1000000_g_2_f_0.2_eps_0_s_300",511354
"n_400_c_1000000_g_2_f_0.2_eps_1e-05_s_100",503987
"n_400_c_1000000_g_2_f_0.2_eps_1e-05_s_200",507920
"n_400_c_1000000_g_2_f_0.2_eps_1e-05_s_300",512494
"n_400_c_1000000_g_2_f_0.3_eps_0.0001_s_100",506374
"n_400_c_1000000_g_2_f_0.3_eps_0.0001_s_200",512603
"n_400_c_1000000_g_2_f_0.3_eps_0.0001_s_300",517989
"n_400_c_1000000_g_2_f_0.3_eps_0.001_s_100",507242
"n_400_c_1000000_g_2_f_0.3_eps_0.001_s_200",513204
"n_400_c_1000000_g_2_f_0.3_eps_0.001_s_300",520347
"n_400_c_1000000_g_2_f_0.3_eps_0.01_s_100",516433
"n_400_c_1000000_g_2_f_0.3_eps_0.01_s_200",521976
"n_400_c_1000000_g_2_f_0.3_eps_0.01_s_300",527210
"n_400_c_1000000_g_2_f_0.3_eps_0.1_s_100",606228
"n_400_c_1000000_g_2_f_0.3_eps_0.1_s_200",612201
"n_400_c_1000000_g_2_f_0.3_eps_0.1_s_300",617769
"n_400_c_1000000_g_2_f_0.3_eps_0_s_100",505940
"n_400_c_1000000_g_2_f_0.3_eps_0_s_200",511217
"n_400_c_1000000_g_2_f_0.3_eps_0_s_300",518908
"n_400_c_1000000_g_2_f_0.3_eps_1e-05_s_100",506364
"n_400_c_1000000_g_2_f_0.3_eps_1e-05_s_200",512129
"n_400_c_1000000_g_2_f_0.3_eps_1e-05_s_300",520214
"n_400_c_1000000_g_6_f_0.1_eps_0.0001_s_100",976373
"n_400_c_1000000_g_6_f_0.1_eps_0.0001_s_200",980354
"n_400_c_1000000_g_6_f_0.1_eps_0.0001_s_300",984994
"n_400_c_1000000_g_6_f_0.1_eps_0.001_s_100",1.0016e+06
"n_400_c_1000000_g_6_f_0.1_eps_0.001_s_200",1.00424e+06
"n_400_c_1000000_g_6_f_0.1_eps_0.001_s_300",1.00627e+06
"n_400_c_1000000_g_6_f_0.1_eps_0.01_s_100",1.00053e+06
"n_400_c_1000000_g_6_f_0.1_eps_0.01_s_200",1.00215e+06
"n_400_c_1000000_g_6_f_0.1_eps_0.01_s_300",1.00313e+06
"n_400_c_1000000_g_6_f_0.1_eps_0.1_s_100",996005
"n_400_c_1000000_g_6_f_0.1_eps_0.1_s_200",998792
"n_400_c_1000000_g_6_f_0.1_eps_0.1_s_300",1.0008e+06
"n_400_c_1000000_g_6_f_0.1_eps_0_s_100",972853
"n_400_c_1000000_g_6_f_0.1_eps_0_s_200",977038
"n_400_c_1000000_g_6_f_0.1_eps_0_s_300",980653
"n_400_c_1000000_g_6_f_0.1_eps_1e-05_s_100",973594
"n_400_c_1000000_g_6_f_0.1_eps_1e-05_s_200",977806
"n_400_c_1000000_g_6_f_0.1_eps_1e-05_s_300",981948
"n_400_c_1000000_g_6_f_0.2_eps_0.0001_s_100",978543
"n_400_c_1000000_g_6_f_0.2_eps_0.0001_s_200",984820
"n_400_c_1000000_g_6_f_0.2_eps_0.0001_s_300",990550
"n_400_c_1000000_g_6_f_0.2_eps_0.001_s_100",1.00246e+06
"n_400_c_1000000_g_6_f_0.2_eps_0.001_s_200",1.00514e+06
"n_400_c_1000000_g_6_f_0.2_eps_0.001_s_300",1.00746e+06
"n_400_c_1000000_g_6_f_0.2_eps_0.01_s_100",1.00176e+06
"n_400_c_1000000_g_6_f_0.2_eps_0.01_s_200",1.00451e+06
"n_400_c_1000000_g_6_f_0.2_eps_0.01_s_300",1.00646e+06
"n_400_c_1000000_g_6_f_0.2_eps_0.1_s_100",998139
"n_400_c_1000000_g_6_f_0.2_eps_0.1_s_200",1.00305e+06
"n_400_c_1000000_g_6_f_0.2_eps_0.1_s_300",1.00466e+06
"n_400_c_1000000_g_6_f_0.2_eps_0_s_100",974628
"n_400_c_1000000_g_6_f_0.2_eps_0_s_200",981891
"n_400_c_1000000_g_6_f_0.2_eps_0_s_300",988598
"n_400_c_1000000_g_6_f_0.2_eps_1e-05_s_100",975324
"n_400_c_1000000_g_6_f_0.2_eps_1e-05_s_200",980816
"n_400_c_1000000_g_6_f_0.2_eps_1e-05_s_300",987819
"n_400_c_1000000_g_6_f_0.3_eps_0.0001_s_100",979425
"n_400_c_1000000_g_6_f_0.3_eps_0.0001_s_200",987596
"n_400_c_1000000_g_6_f_0.3_eps_0.0001_s_300",998149
"n_400_c_1000000_g_6_f_0.3_eps_0.001_s_100",1.00297e+06
"n_400_c_1000000_g_6_f_0.3_eps_0.001_s_200",1.00676e+06
"n_400_c_1000000_g_6_f_0.3_eps_0.001_s_300",1.00868e+06
"n_400_c_1000000_g_6_f_0.3_eps_0.01_s_100",1.0023e+06
"n_400_c_1000000_g_6_f_0.3_eps_0.01_s_200",1.005e+06
"n_400_c_1000000_g_6_f_0.3_eps_0.01_s_300",1.01026e+06
"n_400_c_1000000_g_6_f_0.3_eps_0.1_s_100",999885
"n_400_c_1000000_g_6_f_0.3_eps_0.1_s_200",1.00403e+06
"n_400_c_1000000_g_6_f_0.3_eps_0.1_s_300",1.00806e+06
"n_400_c_1000000_g_6_f_0.3_eps_0_s_100",976770
"n_400_c_1000000_g_6_f_0.3_eps_0_s_200",986199
"n_400_c_1000000_g_6_f_0.3_eps_0_s_300",993592
"n_400_c_1000000_g_6_f_0.3_eps_1e-05_s_100",977499
"n_400_c_1000000_g_6_f_0.3_eps_1e-05_s_200",985804
"n_400_c_1000000_g_6_f_0.3_eps_1e-05_s_300",993039
"n_600_c_10000000000_g_10_f_0.1_eps_0.0001_s_100",9.99935e+09
"n_600_c_10000000000_g_10_f_0.1_eps_0.0001_s_200",9.99983e+09
"n_600_c_10000000000_g_10_f_0.1_eps_0.0001_s_300",9.99984e+09
"n_600_c_10000000000_g_10_f_0.1_eps_0.001_s_100",9.99907e+09
"n_600_c_10000000000_g_10_f_0.1_eps_0.001_s_200",9.99909e+09
"n_600_c_10000000000_g_10_f_0.1_eps_0.001_s_300",9.9991e+09
"n_600_c_10000000000_g_10_f_0.1_eps_0.01_s_100",9.99923e+09
"n_600_c_10000000000_g_10_f_0.1_eps_0.01_s_200",9.99923e+09
"n_600_c_10000000000_g_10_f_0.1_eps_0.01_s_300",9.99924e+09
"n_600_c_10000000000_g_10_f_0.1_eps_0.1_s_100",9.9961e+09
"n_600_c_10000000000_g_10_f_0.1_eps_0.1_s_200",9.9961e+09
"n_600_c_10000000000_g_10_f_0.1_eps_0.1_s_300",9.99611e+09
"n_600_c_10000000000_g_10_f_0.1_eps_0_s_100",1e+10
"n_600_c_10000000000_g_10_f_0.1_eps_0_s_200",1e+10
"n_600_c_10000000000_g_10_f_0.1_eps_0_s_300",9.98051e+09
"n_600_c_10000000000_g_10_f_0.1_eps_1e-05_s_100",9.99838e+09
"n_600_c_10000000000_g_10_f_0.1_eps_1e-05_s_200",9.99899e+09
"n_600_c_10000000000_g_10_f_0.1_eps_1e-05_s_300",9.99901e+09
"n_600_c_10000000000_g_10_f_0.2_eps_0.0001_s_100",9.99935e+09
"n_600_c_10000000000_g_10_f_0.2_eps_0.0001_s_200",9.99937e+09
"n_600_c_10000000000_g_10_f_0.2_eps_0.0001_s_300",9.99938e+09
"n_600_c_10000000000_g_10_f_0.2_eps_0.001_s_100",9.9997e+09
"n_600_c_10000000000_g_10_f_0.2_eps_0.001_s_200",9.99924e+09
"n_600_c_10000000000_g_10_f_0.2_eps_0.001_s_300",9.9991e+09
"n_600_c_10000000000_g_10_f_0.2_eps_0.01_s_100",9.99923e+09
"n_600_c_10000000000_g_10_f_0.2_eps_0.01_s_200",9.99924e+09
"n_600_c_10000000000_g_10_f_0.2_eps_0.01_s_300",9.99925e+09
"n_600_c_10000000000_g_10_f_0.2_eps_0.1_s_100",9.99611e+09
"n_600_c_10000000000_g_10_f_0.2_eps_0.1_s_200",9.99611e+09
"n_600_c_10000000000_g_10_f_0.2_eps_0.1_s_300",9.99612e+09
"n_600_c_10000000000_g_10_f_0.2_eps_0_s_100",1e+10
"n_600_c_10000000000_g_10_f_0.2_eps_0_s_200",1e+10
"n_600_c_10000000000_g_10_f_0.2_eps_0_s_300",9.98051e+09
"n_600_c_10000000000_g_10_f_0.2_eps_1e-05_s_100",9.99698e+09
"n_600_c_10000000000_g_10_f_0.2_eps_1e-05_s_200",9.9977e+09
"n_600_c_10000000000_g_10_f_0.2_eps_1e-05_s_300",9.99761e+09
"n_600_c_10000000000_g_10_f_0.3_eps_0.0001_s_100",9.99936e+09
"n_600_c_10000000000_g_10_f_0.3_eps_0.0001_s_200",9.99937e+09
"n_600_c_10000000000_g_10_f_0.3_eps_0.0001_s_300",9.99939e+09
"n_600_c_10000000000_g_10_f_0.3_eps_0.001_s_100",9.9997e+09
"n_600_c_10000000000_g_10_f_0.3_eps_0.001_s_200",9.99971e+09
"n_600_c_10000000000_g_10_f_0.3_eps_0.001_s_300",9.99925e+09
"n_600_c_10000000000_g_10_f_0.3_eps_0.01_s_100",9.99923e+09
"n_600_c_10000000000_g_10_f_0.3_eps_0.01_s_200",9.99924e+09
"n_600_c_10000000000_g_10_f_0.3_eps_0.01_s_300",9.99926e+09
"n_600_c_10000000000_g_10_f_0.3_eps_0.1_s_100",9.99611e+09
"n_600_c_10000000000_g_10_f_0.3_eps_0.1_s_200",9.99612e+09
"n_600_c_10000000000_g_10_f_0.3_eps_0.1_s_300",9.99613e+09
"n_600_c_10000000000_g_10_f_0.3_eps_0_s_100",1e+10
"n_600_c_10000000000_g_10_f_0.3_eps_0_s_200",9.98051e+09
"n_600_c_10000000000_g_10_f_0.3_eps_0_s_300",9.98052e+09
"n_600_c_10000000000_g_10_f_0.3_eps_1e-05_s_100",9.99639e+09
"n_600_c_10000000000_g_10_f_0.3_eps_1e-05_s_200",9.9964e+09
"n_600_c_10000000000_g_10_f_0.3_eps_1e-05_s_300",9.99642e+09
"n_600_c_10000000000_g_14_f_0.1_eps_0.0001_s_100",9.99911e+09
"n_600_c_10000000000_g_14_f_0.1_eps_0.0001_s_200",9.99969e+09
"n_600_c_10000000000_g_14_f_0.1_eps_0.0001_s_300",9.99935e+09
"n_600_c_10000000000_g_14_f_0.1_eps_0.001_s_100",9.99967e+09
"n_600_c_10000000000_g_14_f_0.1_eps_0.001_s_200",9.99969e+09
"n_600_c_10000000000_g_14_f_0.1_eps_0.001_s_300",9.99984e+09
"n_600_c_10000000000_g_14_f_0.1_eps_0.01_s_100",9.99962e+09
"n_600_c_10000000000_g_14_f_0.1_eps_0.01_s_200",9.99914e+09
"n_600_c_10000000000_g_14_f_0.1_eps_0.01_s_300",9.99973e+09
"n_600_c_10000000000_g_14_f_0.1_eps_0.1_s_100",9.99976e+09
"n_600_c_10000000000_g_14_f_0.1_eps_0.1_s_200",9.99976e+09
"n_600_c_10000000000_g_14_f_0.1_eps_0.1_s_300",9.99976e+09
"n_600_c_10000000000_g_14_f_0.1_eps_0_s_100",1e+10
"n_600_c_10000000000_g_14_f_0.1_eps_0_s_200",9.99882e+09
"n_600_c_10000000000_g_14_f_0.1_eps_0_s_300",9.99884e+09
"n_600_c_10000000000_g_14_f_0.1_eps_1e-05_s_100",9.99918e+09
"n_600_c_10000000000_g_14_f_0.1_eps_1e-05_s_200",9.99974e+09
"n_600_c_10000000000_g_14_f_0.1_eps_1e-05_s_300",9.99955e+09
"n_600_c_10000000000_g_14_f_0.2_eps_0.0001_s_100",9.99952e+09
"n_600_c_10000000000_g_14_f_0.2_eps_0.0001_s_200",9.99953e+09
"n_600_c_10000000000_g_14_f_0.2_eps_0.0001_s_300",9.9991e+09
"n_600_c_10000000000_g_14_f_0.2_eps_0.001_s_100",9.99945e+09
"n_600_c_10000000000_g_14_f_0.2_eps_0.001_s_200",9.99993e+09
"n_600_c_10000000000_g_14_f_0.2_eps_0.001_s_300",9.99919e+09
"n_600_c_10000000000_g_14_f_0.2_eps_0.01_s_100",9.99908e+09
"n_600_c_10000000000_g_14_f_0.2_eps_0.01_s_200",9.99973e+09
"n_600_c_10000000000_g_14_f_0.2_eps_0.01_s_300",9.99911e+09
"n_600_c_10000000000_g_14_f_0.2_eps_0.1_s_100",9.99976e+09
"n_600_c_10000000000_g_14_f_0.2_eps_0.1_s_200",9.99977e+09
"n_600_c_10000000000_g_14_f_0.2_eps_0.1_s_300",9.99978e+09
"n_600_c_10000000000_g_14_f_0.2_eps_0_s_100",9.9988e+09
"n_600_c_10000000000_g_14_f_0.2_eps_0_s_200",9.99882e+09
"n_600_c_10000000000_g_14_f_0.2_eps_0_s_300",9.99884e+09
"n_600_c_10000000000_g_14_f_0.2_eps_1e-05_s_100",9.99946e+09
"n_600_c_10000000000_g_14_f_0.2_eps_1e-05_s_200",9.99958e+09
"n_600_c_10000000000_g_14_f_0.2_eps_1e-05_s_300",9.99979e+09
"n_600_c_10000000000_g_14_f_0.3_eps_0.0001_s_100",9.9995e+09
"n_600_c_10000000000_g_14_f_0.3_eps_0.0001_s_200",9.99997e+09
"n_600_c_10000000000_g_14_f_0.3_eps_0.0001_s_300",9.99987e+09
"n_600_c_10000000000_g_14_f_0.3_eps_0.001_s_100",9.99959e+09
"n_600_c_10000000000_g_14_f_0.3_eps_0.001_s_200",9.99984e+09
"n_600_c_10000000000_g_14_f_0.3_eps_0.001_s_300",9.99925e+09
"n_600_c_10000000000_g_14_f_0.3_eps_0.01_s_100",9.99991e+09
"n_600_c_10000000000_g_14_f_0.3_eps_0.01_s_200",9.99993e+09
"n_600_c_10000000000_g_14_f_0.3_eps_0.01_s_300",9.99975e+09
"n_600_c_10000000000_g_14_f_0.3_eps_0.1_s_100",9.99977e+09
"n_600_c_10000000000_g_14_f_0.3_eps_0.1_s_200",9.99953e+09
"n_600_c_10000000000_g_14_f_0.3_eps_0.1_s_300",9.99979e+09
"n_600_c_10000000000_g_14_f_0.3_eps_0_s_100",9.9988e+09
"n_600_c_10000000000_g_14_f_0.3_eps_0_s_200",9.99882e+09
"n_600_c_10000000000_g_14_f_0.3_eps_0_s_300",9.99884e+09
"n_600_c_10000000000_g_14_f_0.3_eps_1e-05_s_100",9.99975e+09
"n_600_c_10000000000_g_14_f_0.3_eps_1e-05_s_200",9.99958e+09
"n_600_c_10000000000_g_14_f_0.3_eps_1e-05_s_300",9.99962e+09
"n_600_c_10000000000_g_2_f_0.1_eps_0.0001_s_100",5.001e+09
"n_600_c_10000000000_g_2_f_0.1_eps_0.0001_s_200",5.00101e+09
"n_600_c_10000000000_g_2_f_0.1_eps_0.0001_s_300",5.00101e+09
"n_600_c_10000000000_g_2_f_0.1_eps_0.001_s_100",5.01e+09
"n_600_c_10000000000_g_2_f_0.1_eps_0.001_s_200",5.01001e+09
"n_600_c_10000000000_g_2_f_0.1_eps_0.001_s_300",5.01001e+09
"n_600_c_10000000000_g_2_f_0.1_eps_0.01_s_100",5.1e+09
"n_600_c_10000000000_g_2_f_0.1_eps_0.01_s_200",5.10001e+09
"n_600_c_10000000000_g_2_f_0.1_eps_0.01_s_300",5.10001e+09
"n_600_c_10000000000_g_2_f_0.1_eps_0.1_s_100",6e+09
"n_600_c_10000000000_g_2_f_0.1_eps_0.1_s_200",6.00001e+09
"n_600_c_10000000000_g_2_f_0.1_eps_0.1_s_300",6.00001e+09
"n_600_c_10000000000_g_2_f_0.1_eps_0_s_100",1e+10
"n_600_c_10000000000_g_2_f_0.1_eps_0_s_200",1e+10
"n_600_c_10000000000_g_2_f_0.1_eps_0_s_300",1e+10
"n_600_c_10000000000_g_2_f_0.1_eps_1e-05_s_100",5.0001e+09
"n_600_c_10000000000_g_2_f_0.1_eps_1e-05_s_200",5.00011e+09
"n_600_c_10000000000_g_2_f_0.1_eps_1e-05_s_300",5.00011e+09
"n_600_c_10000000000_g_2_f_0.2_eps_0.0001_s_100",5.00101e+09
"n_600_c_10000000000_g_2_f_0.2_eps_0.0001_s_200",5.00101e+09
"n_600_c_10000000000_g_2_f_0.2_eps_0.0001_s_300",5.00102e+09
"n_600_c_10000000000_g_2_f_0.2_eps_0.001_s_100",5.01001e+09
"n_600_c_10000000000_g_2_f_0.2_eps_0.001_s_200",5.01001e+09
"n_600_c_10000000000_g_2_f_0.2_eps_0.001_s_300",5.01002e+09
"n_600_c_10000000000_g_2_f_0.2_eps_0.01_s_100",5.10001e+09
"n_600_c_10000000000_g_2_f_0.2_eps_0.01_s_200",5.10001e+09
"n_600_c_10000000000_g_2_f_0.2_eps_0.01_s_300",5.10002e+09
"n_600_c_10000000000_g_2_f_0.2_eps_0.1_s_100",6.00001e+09
"n_600_c_10000000000_g_2_f_0.2_eps_0.1_s_200",6.00001e+09
"n_600_c_10000000000_g_2_f_0.2_eps_0.1_s_300",6.00002e+09
"n_600_c_10000000000_g_2_f_0.2_eps_0_s_100",1e+10
"n_600_c_10000000000_g_2_f_0.2_eps_0_s_200",1e+10
"n_600_c_10000000000_g_2_f_0.2_eps_0_s_300",1e+10
"n_600_c_10000000000_g_2_f_0.2_eps_1e-05_s_100",5.00011e+09
"n_600_c_10000000000_g_2_f_0.2_eps_1e-05_s_200",5.00011e+09
"n_600_c_10000000000_g_2_f_0.2_eps_1e-05_s_300",5.00012e+09
"n_600_c_10000000000_g_2_f_0.3_eps_0.0001_s_100",5.00101e+09
"n_600_c_10000000000_g_2_f_0.3_eps_0.0001_s_200",5.00102e+09
"n_600_c_10000000000_g_2_f_0.3_eps_0.0001_s_300",5.00103e+09
"n_600_c_10000000000_g_2_f_0.3_eps_0.001_s_100",5.01001e+09
"n_600_c_10000000000_g_2_f_0.3_eps_0.001_s_200",5.01002e+09
"n_600_c_10000000000_g_2_f_0.3_eps_0.001_s_300",5.01003e+09
"n_600_c_10000000000_g_2_f_0.3_eps_0.01_s_100",5.10001e+09
"n_600_c_10000000000_g_2_f_0.3_eps_0.01_s_200",5.10002e+09
"n_600_c_10000000000_g_2_f_0.3_eps_0.01_s_300",5.10003e+09
"n_600_c_10000000000_g_2_f_0.3_eps_0.1_s_100",6.00001e+09
"n_600_c_10000000000_g_2_f_0.3_eps_0.1_s_200",6.00002e+09
"n_600_c_10000000000_g_2_f_0.3_eps_0.1_s_300",6.00003e+09
"n_600_c_10000000000_g_2_f_0.3_eps_0_s_100",1e+10
"n_600_c_10000000000_g_2_f_0.3_eps_0_s_200",1e+10
"n_600_c_10000000000_g_2_f_0.3_eps_0_s_300",1e+10
"n_600_c_10000000000_g_2_f_0.3_eps_1e-05_s_100",5.00011e+09
"n_600_c_10000000000_g_2_f_0.3_eps_1e-05_s_200",5.00012e+09
"n_600_c_10000000000_g_2_f_0.3_eps_1e-05_s_300",5.00013e+09
"n_600_c_10000000000_g_6_f_0.1_eps_0.0001_s_100",9.71851e+09
"n_600_c_10000000000_g_6_f_0.1_eps_0.0001_s_200",9.71851e+09
"n_600_c_10000000000_g_6_f_0.1_eps_0.0001_s_300",9.71852e+09
"n_600_c_10000000000_g_6_f_0.1_eps_0.001_s_100",9.99751e+09
"n_600_c_10000000000_g_6_f_0.1_eps_0.001_s_200",9.99751e+09
"n_600_c_10000000000_g_6_f_0.1_eps_0.001_s_300",9.99752e+09
"n_600_c_10000000000_g_6_f_0.1_eps_0.01_s_100",9.975e+09
"n_600_c_10000000000_g_6_f_0.1_eps_0.01_s_200",9.97501e+09
"n_600_c_10000000000_g_6_f_0.1_eps_0.01_s_300",9.97501e+09
"n_600_c_10000000000_g_6_f_0.1_eps_0.1_s_100",1e+10
"n_600_c_10000000000_g_6_f_0.1_eps_0.1_s_200",1e+10
"n_600_c_10000000000_g_6_f_0.1_eps_0.1_s_300",1e+10
"n_600_c_10000000000_g_6_f_0.1_eps_0_s_100",1e+10
"n_600_c_10000000000_g_6_f_0.1_eps_0_s_200",1e+10
"n_600_c_10000000000_g_6_f_0.1_eps_0_s_300",1e+10
"n_600_c_10000000000_g_6_f_0.1_eps_1e-05_s_100",9.69061e+09
"n_600_c_10000000000_g_6_f_0.1_eps_1e-05_s_200",9.69061e+09
"n_600_c_10000000000_g_6_f_0.1_eps_1e-05_s_300",9.69062e+09
"n_600_c_10000000000_g_6_f_0.2_eps_0.0001_s_100",9.71851e+09
"n_600_c_10000000000_g_6_f_0.2_eps_0.0001_s_200",9.71852e+09
"n_600_c_10000000000_g_6_f_0.2_eps_0.0001_s_300",9.71853e+09
"n_600_c_10000000000_g_6_f_0.2_eps_0.001_s_100",9.99751e+09
"n_600_c_10000000000_g_6_f_0.2_eps_0.001_s_200",9.99752e+09
"n_600_c_10000000000_g_6_f_0.2_eps_0.001_s_300",9.99752e+09
"n_600_c_10000000000_g_6_f_0.2_eps_0.01_s_100",9.97501e+09
"n_600_c_10000000000_g_6_f_0.2_eps_0.01_s_200",9.97501e+09
"n_600_c_10000000000_g_6_f_0.2_eps_0.01_s_300",9.97502e+09
"n_600_c_10000000000_g_6_f_0.2_eps_0.1_s_100",1e+10
"n_600_c_10000000000_g_6_f_0.2_eps_0.1_s_200",1e+10
"n_600_c_10000000000_g_6_f_0.2_eps_0.1_s_300",1e+10
"n_600_c_10000000000_g_6_f_0.2_eps_0_s_100",1e+10
"n_600_c_10000000000_g_6_f_0.2_eps_0_s_200",1e+10
"n_600_c_10000000000_g_6_f_0.2_eps_0_s_300",1e+10
"n_600_c_10000000000_g_6_f_0.2_eps_1e-05_s_100",9.69061e+09
"n_600_c_10000000000_g_6_f_0.2_eps_1e-05_s_200",9.69062e+09
"n_600_c_10000000000_g_6_f_0.2_eps_1e-05_s_300",9.69063e+09
"n_600_c_10000000000_g_6_f_0.3_eps_0.0001_s_100",9.71851e+09
"n_600_c_10000000000_g_6_f_0.3_eps_0.0001_s_200",9.71852e+09
"n_600_c_10000000000_g_6_f_0.3_eps_0.0001_s_300",9.71854e+09
"n_600_c_10000000000_g_6_f_0.3_eps_0.001_s_100",9.99751e+09
"n_600_c_10000000000_g_6_f_0.3_eps_0.001_s_200",9.99752e+09
"n_600_c_10000000000_g_6_f_0.3_eps_0.001_s_300",9.99754e+09
"n_600_c_10000000000_g_6_f_0.3_eps_0.01_s_100",9.97501e+09
"n_600_c_10000000000_g_6_f_0.3_eps_0.01_s_200",9.97502e+09
"n_600_c_10000000000_g_6_f_0.3_eps_0.01_s_300",9.97503e+09
"n_600_c_10000000000_g_6_f_0.3_eps_0.1_s_100",1e+10
"n_600_c_10000000000_g_6_f_0.3_eps_0.1_s_200",1e+10
"n_600_c_10000000000_g_6_f_0.3_eps_0.1_s_300",1e+10
"n_600_c_10000000000_g_6_f_0.3_eps_0_s_100",1e+10
"n_600_c_10000000000_g_6_f_0.3_eps_0_s_200",1e+10
"n_600_c_10000000000_g_6_f_0.3_eps_0_s_300",1e+10
"n_600_c_10000000000_g_6_f_0.3_eps_1e-05_s_100",9.69062e+09
"n_600_c_10000000000_g_6_f_0.3_eps_1e-05_s_200",9.69062e+09
"n_600_c_10000000000_g_6_f_0.3_eps_1e-05_s_300",9.69063e+09
"n_600_c_100000000_g_10_f_0.1_eps_0.0001_s_100",9.99996e+07
"n_600_c_100000000_g_10_f_0.1_eps_0.0001_s_200",1.00009e+08
"n_600_c_100000000_g_10_f_0.1_eps_0.0001_s_300",1.00011e+08
"n_600_c_100000000_g_10_f_0.1_eps_0.001_s_100",9.99973e+07
"n_600_c_100000000_g_10_f_0.1_eps_0.001_s_200",1.00004e+08
"n_600_c_100000000_g_10_f_0.1_eps_0.001_s_300",1.00012e+08
"n_600_c_100000000_g_10_f_0.1_eps_0.01_s_100",9.99991e+07
"n_600_c_100000000_g_10_f_0.1_eps_0.01_s_200",1e+08
"n_600_c_100000000_g_10_f_0.1_eps_0.01_s_300",1.0001e+08
"n_600_c_100000000_g_10_f_0.1_eps_0.1_s_100",9.99653e+07
"n_600_c_100000000_g_10_f_0.1_eps_0.1_s_200",9.99695e+07
"n_600_c_100000000_g_10_f_0.1_eps_0.1_s_300",9.99725e+07
"n_600_c_100000000_g_10_f_0.1_eps_0_s_100",9.98178e+07
"n_600_c_100000000_g_10_f_0.1_eps_0_s_200",9.98321e+07
"n_600_c_100000000_g_10_f_0.1_eps_0_s_300",9.98445e+07
"n_600_c_100000000_g_10_f_0.1_eps_1e-05_s_100",9.99954e+07
"n_600_c_100000000_g_10_f_0.1_eps_1e-05_s_200",9.99967e+07
"n_600_c_100000000_g_10_f_0.1_eps_1e-05_s_300",1.00007e+08
"n_600_c_100000000_g_10_f_0.2_eps_0.0001_s_100",1.00003e+08
"n_600_c_100000000_g_10_f_0.2_eps_0.0001_s_200",1.00007e+08
"n_600_c_100000000_g_10_f_0.2_eps_0.0001_s_300",1.00014e+08
"n_600_c_100000000_g_10_f_0.2_eps_0.001_s_100",9.99975e+07
"n_600_c_100000000_g_10_f_0.2_eps_0.001_s_200",1.0001e+08
"n_600_c_100000000_g_10_f_0.2_eps_0.001_s_300",1.00015e+08
"n_600_c_100000000_g_10_f_0.2_eps_0.01_s_100",1.00002e+08
"n_600_c_100000000_g_10_f_0.2_eps_0.01_s_200",1.00009e+08
"n_600_c_100000000_g_10_f_0.2_eps_0.01_s_300",1.00016e+08
"n_600_c_100000000_g_10_f_0.2_eps_0.1_s_100",9.99681e+07
"n_600_c_100000000_g_10_f_0.2_eps_0.1_s_200",9.99745e+07
"n_600_c_100000000_g_10_f_0.2_eps_0.1_s_300",9.99811e+07
"n_600_c_100000000_g_10_f_0.2_eps_0_s_100",9.98201e+07
"n_600_c_100000000_g_10_f_0.2_eps_0_s_200",9.98361e+07
"n_600_c_100000000_g_10_f_0.2_eps_0_s_300",9.98548e+07
"n_600_c_100000000_g_10_f_0.2_eps_1e-05_s_100",9.99921e+07
"n_600_c_100000000_g_10_f_0.2_eps_1e-05_s_200",1.00001e+08
"n_600_c_100000000_g_10_f_0.2_eps_1e-05_s_300",1.00006e+08
"n_600_c_100000000_g_10_f_0.3_eps_0.0001_s_100",1.00007e+08
"n_600_c_100000000_g_10_f_0.3_eps_0.0001_s_200",1.00009e+08
"n_600_c_100000000_g_10_f_0.3_eps_0.0001_s_300",1.00012e+08
"n_600_c_100000000_g_10_f_0.3_eps_0.001_s_100",1.00004e+08
"n_600_c_100000000_g_10_f_0.3_eps_0.001_s_200",1.00011e+08
"n_600_c_100000000_g_10_f_0.3_eps_0.001_s_300",1.00012e+08
"n_600_c_100000000_g_10_f_0.3_eps_0.01_s_100",1.00004e+08
"n_600_c_100000000_g_10_f_0.3_eps_0.01_s_200",1.0001e+08
"n_600_c_100000000_g_10_f_0.3_eps_0.01_s_300",1.0001e+08
"n_600_c_100000000_g_10_f_0.3_eps_0.1_s_100",9.99714e+07
"n_600_c_100000000_g_10_f_0.3_eps_0.1_s_200",9.99814e+07
"n_600_c_100000000_g_10_f_0.3_eps_0.1_s_300",9.99923e+07
"n_600_c_100000000_g_10_f_0.3_eps_0_s_100",9.98229e+07
"n_600_c_100000000_g_10_f_0.3_eps_0_s_200",9.98413e+07
"n_600_c_100000000_g_10_f_0.3_eps_0_s_300",9.98584e+07
"n_600_c_100000000_g_10_f_0.3_eps_1e-05_s_100",9.99799e+07
"n_600_c_100000000_g_10_f_0.3_eps_1e-05_s_200",9.99962e+07
"n_600_c_100000000_g_10_f_0.3_eps_1e-05_s_300",1.00004e+08
"n_600_c_100000000_g_14_f_0.1_eps_0.0001_s_100",9.99997e+07
"n_600_c_100000000_g_14_f_0.1_eps_0.0001_s_200",1.00005e+08
"n_600_c_100000000_g_14_f_0.1_eps_0.0001_s_300",1.00015e+08
"n_600_c_100000000_g_14_f_0.1_eps_0.001_s_100",9.99992e+07
"n_600_c_100000000_g_14_f_0.1_eps_0.001_s_200",1.00011e+08
"n_600_c_100000000_g_14_f_0.1_eps_0.001_s_300",1.00021e+08
"n_600_c_100000000_g_14_f_0.1_eps_0.01_s_100",1.00004e+08
"n_600_c_100000000_g_14_f_0.1_eps_0.01_s_200",1.00005e+08
"n_600_c_100000000_g_14_f_0.1_eps_0.01_s_300",1.00013e+08
"n_600_c_100000000_g_14_f_0.1_eps_0.1_s_100",1.00001e+08
"n_600_c_100000000_g_14_f_0.1_eps_0.1_s_200",9.99938e+07
"n_600_c_100000000_g_14_f_0.1_eps_0.1_s_300",9.99977e+07
"n_600_c_100000000_g_14_f_0.1_eps_0_s_100",1.00001e+08
"n_600_c_100000000_g_14_f_0.1_eps_0_s_200",1.00013e+08
"n_600_c_100000000_g_14_f_0.1_eps_0_s_300",1.00018e+08
"n_600_c_100000000_g_14_f_0.1_eps_1e-05_s_100",1.00004e+08
"n_600_c_100000000_g_14_f_0.1_eps_1e-05_s_200",1.00014e+08
"n_600_c_100000000_g_14_f_0.1_eps_1e-05_s_300",1.00014e+08
"n_600_c_100000000_g_14_f_0.2_eps_0.0001_s_100",1.00007e+08
"n_600_c_100000000_g_14_f_0.2_eps_0.0001_s_200",1.00011e+08
"n_600_c_100000000_g_14_f_0.2_eps_0.0001_s_300",1.00015e+08
"n_600_c_100000000_g_14_f_0.2_eps_0.001_s_100",9.99982e+07
"n_600_c_100000000_g_14_f_0.2_eps_0.001_s_200",1.0001e+08
"n_600_c_100000000_g_14_f_0.2_eps_0.001_s_300",1.00018e+08
"n_600_c_100000000_g_14_f_0.2_eps_0.01_s_100",9.99993e+07
"n_600_c_100000000_g_14_f_0.2_eps_0.01_s_200",1.0001e+08
"n_600_c_100000000_g_14_f_0.2_eps_0.01_s_300",1.00015e+08
"n_600_c_100000000_g_14_f_0.2_eps_0.1_s_100",1.00003e+08
"n_600_c_100000000_g_14_f_0.2_eps_0.1_s_200",9.99968e+07
"n_600_c_100000000_g_14_f_0.2_eps_0.1_s_300",1.00003e+08
"n_600_c_100000000_g_14_f_0.2_eps_0_s_100",1.00003e+08
"n_600_c_100000000_g_14_f_0.2_eps_0_s_200",1.00015e+08
"n_600_c_100000000_g_14_f_0.2_eps_0_s_300",1.00016e+08
"n_600_c_100000000_g_14_f_0.2_eps_1e-05_s_100",1.00006e+08
"n_600_c_100000000_g_14_f_0.2_eps_1e-05_s_200",1.00008e+08
"n_600_c_100000000_g_14_f_0.2_eps_1e-05_s_300",1.00016e+08
"n_600_c_100000000_g_14_f_0.3_eps_0.0001_s_100",9.99981e+07
"n_600_c_100000000_g_14_f_0.3_eps_0.0001_s_200",1.00008e+08
"n_600_c_100000000_g_14_f_0.3_eps_0.0001_s_300",1.00017e+08
"n_600_c_100000000_g_14_f_0.3_eps_0.001_s_100",1.00001e+08
"n_600_c_100000000_g_14_f_0.3_eps_0.001_s_200",1.00009e+08
"n_600_c_100000000_g_14_f_0.3_eps_0.001_s_300",1.00015e+08
"n_600_c_100000000_g_14_f_0.3_eps_0.01_s_100",1.00003e+08
"n_600_c_100000000_g_14_f_0.3_eps_0.01_s_200",1.00009e+08
"n_600_c_100000000_g_14_f_0.3_eps_0.01_s_300",1.00017e+08
"n_600_c_100000000_g_14_f_0.3_eps_0.1_s_100",9.99954e+07
"n_600_c_100000000_g_14_f_0.3_eps_0.1_s_200",1.00003e+08
"n_600_c_100000000_g_14_f_0.3_eps_0.1_s_300",1.00001e+08
"n_600_c_100000000_g_14_f_0.3_eps_0_s_100",9.9998e+07
"n_600_c_100000000_g_14_f_0.3_eps_0_s_200",1.00005e+08
"n_600_c_100000000_g_14_f_0.3_eps_0_s_300",1.00024e+08
"n_600_c_100000000_g_14_f_0.3_eps_1e-05_s_100",1.00006e+08
"n_600_c_100000000_g_14_f_0.3_eps_1e-05_s_200",1.00014e+08
"n_600_c_100000000_g_14_f_0.3_eps_1e-05_s_300",1.00015e+08
"n_600_c_100000000_g_2_f_0.1_eps_0.0001_s_100",5.00131e+07
"n_600_c_100000000_g_2_f_0.1_eps_0.0001_s_200",5.00163e+07
"n_600_c_100000000_g_2_f_0.1_eps_0.0001_s_300",5.00201e+07
"n_600_c_100000000_g_2_f_0.1_eps_0.001_s_100",5.01033e+07
"n_600_c_100000000_g_2_f_0.1_eps_0.001_s_200",5.0106e+07
"n_600_c_100000000_g_2_f_0.1_eps_0.001_s_300",5.01091e+07
"n_600_c_100000000_g_2_f_0.1_eps_0.01_s_100",5.10031e+07
"n_600_c_100000000_g_2_f_0.1_eps_0.01_s_200",5.10067e+07
"n_600_c_100000000_g_2_f_0.1_eps_0.01_s_300",5.10093e+07
"n_600_c_100000000_g_2_f_0.1_eps_0.1_s_100",6.00032e+07
"n_600_c_100000000_g_2_f_0.1_eps_0.1_s_200",6.00059e+07
"n_600_c_100000000_g_2_f_0.1_eps_0.1_s_300",6.0009e+07
"n_600_c_100000000_g_2_f_0.1_eps_0_s_100",5.00031e+07
"n_600_c_100000000_g_2_f_0.1_eps_0_s_200",5.00058e+07
"n_600_c_100000000_g_2_f_0.1_eps_0_s_300",5.00106e+07
"n_600_c_100000000_g_2_f_0.1_eps_1e-05_s_100",5.00043e+07
"n_600_c_100000000_g_2_f_0.1_eps_1e-05_s_200",5.00079e+07
"n_600_c_100000000_g_2_f_0.1_eps_1e-05_s_300",5.00108e+07
"n_600_c_100000000_g_2_f_0.2_eps_0.0001_s_100",5.00163e+07
"n_600_c_100000000_g_2_f_0.2_eps_0.0001_s_200",5.00228e+07
"n_600_c_100000000_g_2_f_0.2_eps_0.0001_s_300",5.00292e+07
"n_600_c_100000000_g_2_f_0.2_eps_0.001_s_100",5.01058e+07
"n_600_c_100000000_g_2_f_0.2_eps_0.001_s_200",5.01119e+07
"n_600_c_100000000_g_2_f_0.2_eps_0.001_s_300",5.01187e+07
"n_600_c_100000000_g_2_f_0.2_eps_0.01_s_100",5.10065e+07
"n_600_c_100000000_g_2_f_0.2_eps_0.01_s_200",5.10128e+07
"n_600_c_100000000_g_2_f_0.2_eps_0.01_s_300",5.10194e+07
"n_600_c_100000000_g_2_f_0.2_eps_0.1_s_100",6.00065e+07
"n_600_c_100000000_g_2_f_0.2_eps_0.1_s_200",6.00117e+07
"n_600_c_100000000_g_2_f_0.2_eps_0.1_s_300",6.00176e+07
"n_600_c_100000000_g_2_f_0.2_eps_0_s_100",5.00065e+07
"n_600_c_100000000_g_2_f_0.2_eps_0_s_200",5.0013e+07
"n_600_c_100000000_g_2_f_0.2_eps_0_s_300",5.00173e+07
"n_600_c_100000000_g_2_f_0.2_eps_1e-05_s_100",5.00072e+07
"n_600_c_100000000_g_2_f_0.2_eps_1e-05_s_200",5.00131e+07
"n_600_c_100000000_g_2_f_0.2_eps_1e-05_s_300",5.00184e+07
"n_600_c_100000000_g_2_f_0.3_eps_0.0001_s_100",5.00194e+07
"n_600_c_100000000_g_2_f_0.3_eps_0.0001_s_200",5.00288e+07
"n_600_c_100000000_g_2_f_0.3_eps_0.0001_s_300",5.00394e+07
"n_600_c_100000000_g_2_f_0.3_eps_0.001_s_100",5.01093e+07
"n_600_c_100000000_g_2_f_0.3_eps_0.001_s_200",5.01169e+07
"n_600_c_100000000_g_2_f_0.3_eps_0.001_s_300",5.01288e+07
"n_600_c_100000000_g_2_f_0.3_eps_0.01_s_100",5.10094e+07
"n_600_c_100000000_g_2_f_0.3_eps_0.01_s_200",5.10178e+07
"n_600_c_100000000_g_2_f_0.3_eps_0.01_s_300",5.10267e+07
"n_600_c_100000000_g_2_f_0.3_eps_0.1_s_100",6.00095e+07
"n_600_c_100000000_g_2_f_0.3_eps_0.1_s_200",6.00189e+07
"n_600_c_100000000_g_2_f_0.3_eps_0.1_s_300",6.00268e+07
"n_600_c_100000000_g_2_f_0.3_eps_0_s_100",5.00093e+07
"n_600_c_100000000_g_2_f_0.3_eps_0_s_200",5.00179e+07
"n_600_c_100000000_g_2_f_0.3_eps_0_s_300",5.0027e+07
"n_600_c_100000000_g_2_f_0.3_eps_1e-05_s_100",5.00104e+07
"n_600_c_100000000_g_2_f_0.3_eps_1e-05_s_200",5.0019e+07
"n_600_c_100000000_g_2_f_0.3_eps_1e-05_s_300",5.00279e+07
"n_600_c_100000000_g_6_f_0.1_eps_0.0001_s_100",9.71906e+07
"n_600_c_100000000_g_6_f_0.1_eps_0.0001_s_200",9.71953e+07
"n_600_c_100000000_g_6_f_0.1_eps_0.0001_s_300",9.72029e+07
"n_600_c_100000000_g_6_f_0.1_eps_0.001_s_100",9.99808e+07
"n_600_c_100000000_g_6_f_0.1_eps_0.001_s_200",9.99856e+07
"n_600_c_100000000_g_6_f_0.1_eps_0.001_s_300",9.99924e+07
"n_600_c_100000000_g_6_f_0.1_eps_0.01_s_100",9.97533e+07
"n_600_c_100000000_g_6_f_0.1_eps_0.01_s_200",9.97572e+07
"n_600_c_100000000_g_6_f_0.1_eps_0.01_s_300",9.97598e+07
"n_600_c_100000000_g_6_f_0.1_eps_0.1_s_100",9.93785e+07
"n_600_c_100000000_g_6_f_0.1_eps_0.1_s_200",9.93817e+07
"n_600_c_100000000_g_6_f_0.1_eps_0.1_s_300",9.93858e+07
"n_600_c_100000000_g_6_f_0.1_eps_0_s_100",9.68805e+07
"n_600_c_100000000_g_6_f_0.1_eps_0_s_200",9.68861e+07
"n_600_c_100000000_g_6_f_0.1_eps_0_s_300",9.6892e+07
"n_600_c_100000000_g_6_f_0.1_eps_1e-05_s_100",9.69121e+07
"n_600_c_100000000_g_6_f_0.1_eps_1e-05_s_200",9.69184e+07
"n_600_c_100000000_g_6_f_0.1_eps_1e-05_s_300",9.6922e+07
"n_600_c_100000000_g_6_f_0.2_eps_0.0001_s_100",9.71934e+07
"n_600_c_100000000_g_6_f_0.2_eps_0.0001_s_200",9.72018e+07
"n_600_c_100000000_g_6_f_0.2_eps_0.0001_s_300",9.72114e+07
"n_600_c_100000000_g_6_f_0.2_eps_0.001_s_100",9.99833e+07
"n_600_c_100000000_g_6_f_0.2_eps_0.001_s_200",9.99928e+07
"n_600_c_100000000_g_6_f_0.2_eps_0.001_s_300",9.99983e+07
"n_600_c_100000000_g_6_f_0.2_eps_0.01_s_100",9.97569e+07
"n_600_c_100000000_g_6_f_0.2_eps_0.01_s_200",9.97632e+07
"n_600_c_100000000_g_6_f_0.2_eps_0.01_s_300",9.97698e+07
"n_600_c_100000000_g_6_f_0.2_eps_0.1_s_100",9.93818e+07
"n_600_c_100000000_g_6_f_0.2_eps_0.1_s_200",9.93876e+07
"n_600_c_100000000_g_6_f_0.2_eps_0.1_s_300",9.93958e+07
"n_600_c_100000000_g_6_f_0.2_eps_0_s_100",1e+08
"n_600_c_100000000_g_6_f_0.2_eps_0_s_200",9.68925e+07
"n_600_c_100000000_g_6_f_0.2_eps_0_s_300",9.69e+07
"n_600_c_100000000_g_6_f_0.2_eps_1e-05_s_100",9.69145e+07
"n_600_c_100000000_g_6_f_0.2_eps_1e-05_s_200",9.69235e+07
"n_600_c_100000000_g_6_f_0.2_eps_1e-05_s_300",9.69316e+07
"n_600_c_100000000_g_6_f_0.3_eps_0.0001_s_100",9.71967e+07
"n_600_c_100000000_g_6_f_0.3_eps_0.0001_s_200",9.72082e+07
"n_600_c_100000000_g_6_f_0.3_eps_0.0001_s_300",9.72206e+07
"n_600_c_100000000_g_6_f_0.3_eps_0.001_s_100",9.99876e+07
"n_600_c_100000000_g_6_f_0.3_eps_0.001_s_200",9.99974e+07
"n_600_c_100000000_g_6_f_0.3_eps_0.001_s_300",1.00007e+08
"n_600_c_100000000_g_6_f_0.3_eps_0.01_s_100",9.97599e+07
"n_600_c_100000000_g_6_f_0.3_eps_0.01_s_200",9.97686e+07
"n_600_c_100000000_g_6_f_0.3_eps_0.01_s_300",9.97799e+07
"n_600_c_100000000_g_6_f_0.3_eps_0.1_s_100",9.93844e+07
"n_600_c_100000000_g_6_f_0.3_eps_0.1_s_200",9.93948e+07
"n_600_c_100000000_g_6_f_0.3_eps_0.1_s_300",9.94034e+07
"n_600_c_100000000_g_6_f_0.3_eps_0_s_100",9.68867e+07
"n_600_c_100000000_g_6_f_0.3_eps_0_s_200",9.68988e+07
"n_600_c_100000000_g_6_f_0.3_eps_0_s_300",9.69097e+07
"n_600_c_100000000_g_6_f_0.3_eps_1e-05_s_100",9.69187e+07
"n_600_c_100000000_g_6_f_0.3_eps_1e-05_s_200",9.69291e+07
"n_600_c_100000000_g_6_f_0.3_eps_1e-05_s_300",9.69388e+07
"n_600_c_1000000_g_10_f_0.1_eps_0.0001_s_100",1.00481e+06
"n_600_c_1000000_g_10_f_0.1_eps_0.0001_s_200",1.01075e+06
"n_600_c_1000000_g_10_f_0.1_eps_0.0001_s_300",1.01637e+06
"n_600_c_1000000_g_10_f_0.1_eps_0.001_s_100",1.00532e+06
"n_600_c_1000000_g_10_f_0.1_eps_0.001_s_200",1.00987e+06
"n_600_c_1000000_g_10_f_0.1_eps_0.001_s_300",1.01562e+06
"n_600_c_1000000_g_10_f_0.1_eps_0.01_s_100",1.00428e+06
"n_600_c_1000000_g_10_f_0.1_eps_0.01_s_200",1.00792e+06
"n_600_c_1000000_g_10_f_0.1_eps_0.01_s_300",1.0112e+06
"n_600_c_1000000_g_10_f_0.1_eps_0.1_s_100",1.00182e+06
"n_600_c_1000000_g_10_f_0.1_eps_0.1_s_200",1.0029e+06
"n_600_c_1000000_g_10_f_0.1_eps_0.1_s_300",1.00506e+06
"n_600_c_1000000_g_10_f_0.1_eps_0_s_100",1.00526e+06
"n_600_c_1000000_g_10_f_0.1_eps_0_s_200",1.01186e+06
"n_600_c_1000000_g_10_f_0.1_eps_0_s_300",1.01548e+06
"n_600_c_1000000_g_10_f_0.1_eps_1e-05_s_100",1.00582e+06
"n_600_c_1000000_g_10_f_0.1_eps_1e-05_s_200",1.01035e+06
"n_600_c_1000000_g_10_f_0.1_eps_1e-05_s_300",1.01944e+06
"n_600_c_1000000_g_10_f_0.2_eps_0.0001_s_100",1.00641e+06
"n_600_c_1000000_g_10_f_0.2_eps_0.0001_s_200",1.01242e+06
"n_600_c_1000000_g_10_f_0.2_eps_0.0001_s_300",1.01777e+06
"n_600_c_1000000_g_10_f_0.2_eps_0.001_s_100",1.00489e+06
"n_600_c_1000000_g_10_f_0.2_eps_0.001_s_200",1.01207e+06
"n_600_c_1000000_g_10_f_0.2_eps_0.001_s_300",1.01739e+06
"n_600_c_1000000_g_10_f_0.2_eps_0.01_s_100",1.00532e+06
"n_600_c_1000000_g_10_f_0.2_eps_0.01_s_200",1.01089e+06
"n_600_c_1000000_g_10_f_0.2_eps_0.01_s_300",1.01512e+06
"n_600_c_1000000_g_10_f_0.2_eps_0.1_s_100",1.00324e+06
"n_600_c_1000000_g_10_f_0.2_eps_0.1_s_200",1.005e+06
"n_600_c_1000000_g_10_f_0.2_eps_0.1_s_300",1.00819e+06
"n_600_c_1000000_g_10_f_0.2_eps_0_s_100",1.00654e+06
"n_600_c_1000000_g_10_f_0.2_eps_0_s_200",1.01128e+06
"n_600_c_1000000_g_10_f_0.2_eps_0_s_300",1.01988e+06
"n_600_c_1000000_g_10_f_0.2_eps_1e-05_s_100",1.00623e+06
"n_600_c_1000000_g_10_f_0.2_eps_1e-05_s_200",1.01129e+06
"n_600_c_1000000_g_10_f_0.2_eps_1e-05_s_300",1.02072e+06
"n_600_c_1000000_g_10_f_0.3_eps_0.0001_s_100",1.00729e+06
"n_600_c_1000000_g_10_f_0.3_eps_0.0001_s_200",1.01575e+06
"n_600_c_1000000_g_10_f_0.3_eps_0.0001_s_300",1.01983e+06
"n_600_c_1000000_g_10_f_0.3_eps_0.001_s_100",1.00608e+06
"n_600_c_1000000_g_10_f_0.3_eps_0.001_s_200",1.0132e+06
"n_600_c_1000000_g_10_f_0.3_eps_0.001_s_300",1.02292e+06
"n_600_c_1000000_g_10_f_0.3_eps_0.01_s_100",1.00576e+06
"n_600_c_1000000_g_10_f_0.3_eps_0.01_s_200",1.012e+06
"n_600_c_1000000_g_10_f_0.3_eps_0.01_s_300",1.01697e+06
"n_600_c_1000000_g_10_f_0.3_eps_0.1_s_100",1.00414e+06
"n_600_c_1000000_g_10_f_0.3_eps_0.1_s_200",1.00741e+06
"n_600_c_1000000_g_10_f_0.3_eps_0.1_s_300",1.01189e+06
"n_600_c_1000000_g_10_f_0.3_eps_0_s_100",1.00751e+06
"n_600_c_1000000_g_10_f_0.3_eps_0_s_200",1.01326e+06
"n_600_c_1000000_g_10_f_0.3_eps_0_s_300",1.01957e+06
"n_600_c_1000000_g_10_f_0.3_eps_1e-05_s_100",1.00712e+06
"n_600_c_1000000_g_10_f_0.3_eps_1e-05_s_200",1.01246e+06
"n_600_c_1000000_g_10_f_0.3_eps_1e-05_s_300",1.02187e+06
"n_600_c_1000000_g_14_f_0.1_eps_0.0001_s_100",1.00789e+06
"n_600_c_1000000_g_14_f_0.1_eps_0.0001_s_200",1.01272e+06
"n_600_c_1000000_g_14_f_0.1_eps_0.0001_s_300",1.02118e+06
"n_600_c_1000000_g_14_f_0.1_eps_0.001_s_100",1.00686e+06
"n_600_c_1000000_g_14_f_0.1_eps_0.001_s_200",1.01452e+06
"n_600_c_1000000_g_14_f_0.1_eps_0.001_s_300",1.02108e+06
"n_600_c_1000000_g_14_f_0.1_eps_0.01_s_100",1.0051e+06
"n_600_c_1000000_g_14_f_0.1_eps_0.01_s_200",1.00931e+06
"n_600_c_1000000_g_14_f_0.1_eps_0.01_s_300",1.01646e+06
"n_600_c_1000000_g_14_f_0.1_eps_0.1_s_100",1.00195e+06
"n_600_c_1000000_g_14_f_0.1_eps_0.1_s_200",1.0033e+06
"n_600_c_1000000_g_14_f_0.1_eps_0.1_s_300",1.00594e+06
"n_600_c_1000000_g_14_f_0.1_eps_0_s_100",1.00753e+06
"n_600_c_1000000_g_14_f_0.1_eps_0_s_200",1.01378e+06
"n_600_c_1000000_g_14_f_0.1_eps_0_s_300",1.02078e+06
"n_600_c_1000000_g_14_f_0.1_eps_1e-05_s_100",1.00725e+06
"n_600_c_1000000_g_14_f_0.1_eps_1e-05_s_200",1.01474e+06
"n_600_c_1000000_g_14_f_0.1_eps_1e-05_s_300",1.02287e+06
"n_600_c_1000000_g_14_f_0.2_eps_0.0001_s_100",1.00724e+06
"n_600_c_1000000_g_14_f_0.2_eps_0.0001_s_200",1.01462e+06
"n_600_c_1000000_g_14_f_0.2_eps_0.0001_s_300",1.02252e+06
"n_600_c_1000000_g_14_f_0.2_eps_0.001_s_100",1.00756e+06
"n_600_c_1000000_g_14_f_0.2_eps_0.001_s_200",1.01482e+06
"n_600_c_1000000_g_14_f_0.2_eps_0.001_s_300",1.02259e+06
"n_600_c_1000000_g_14_f_0.2_eps_0.01_s_100",1.00597e+06
"n_600_c_1000000_g_14_f_0.2_eps_0.01_s_200",1.01227e+06
"n_600_c_1000000_g_14_f_0.2_eps_0.01_s_300",1.01894e+06
"n_600_c_1000000_g_14_f_0.2_eps_0.1_s_100",1.00288e+06
"n_600_c_1000000_g_14_f_0.2_eps_0.1_s_200",1.00509e+06
"n_600_c_1000000_g_14_f_0.2_eps_0.1_s_300",1.00796e+06
"n_600_c_1000000_g_14_f_0.2_eps_0_s_100",1.00801e+06
"n_600_c_1000000_g_14_f_0.2_eps_0_s_200",1.01441e+06
"n_600_c_1000000_g_14_f_0.2_eps_0_s_300",1.02263e+06
"n_600_c_1000000_g_14_f_0.2_eps_1e-05_s_100",1.00908e+06
"n_600_c_1000000_g_14_f_0.2_eps_1e-05_s_200",1.0145e+06
"n_600_c_1000000_g_14_f_0.2_eps_1e-05_s_300",1.02053e+06
"n_600_c_1000000_g_14_f_0.3_eps_0.0001_s_100",1.00777e+06
"n_600_c_1000000_g_14_f_0.3_eps_0.0001_s_200",1.01605e+06
"n_600_c_1000000_g_14_f_0.3_eps_0.0001_s_300",1.02389e+06
"n_600_c_1000000_g_14_f_0.3_eps_0.001_s_100",1.00764e+06
"n_600_c_1000000_g_14_f_0.3_eps_0.001_s_200",1.01619e+06
"n_600_c_1000000_g_14_f_0.3_eps_0.001_s_300",1.0237e+06
"n_600_c_1000000_g_14_f_0.3_eps_0.01_s_100",1.00654e+06
"n_600_c_1000000_g_14_f_0.3_eps_0.01_s_200",1.01405e+06
"n_600_c_1000000_g_14_f_0.3_eps_0.01_s_300",1.02008e+06
"n_600_c_1000000_g_14_f_0.3_eps_0.1_s_100",1.00336e+06
"n_600_c_1000000_g_14_f_0.3_eps_0.1_s_200",1.00641e+06
"n_600_c_1000000_g_14_f_0.3_eps_0.1_s_300",1.01323e+06
"n_600_c_1000000_g_14_f_0.3_eps_0_s_100",1.00864e+06
"n_600_c_1000000_g_14_f_0.3_eps_0_s_200",1.01648e+06
"n_600_c_1000000_g_14_f_0.3_eps_0_s_300",1.02427e+06
"n_600_c_1000000_g_14_f_0.3_eps_1e-05_s_100",1.00763e+06
"n_600_c_1000000_g_14_f_0.3_eps_1e-05_s_200",1.01492e+06
"n_600_c_1000000_g_14_f_0.3_eps_1e-05_s_300",1.02401e+06
"n_600_c_1000000_g_2_f_0.1_eps_0.0001_s_100",503510
"n_600_c_1000000_g_2_f_0.1_eps_0.0001_s_200",506450
"n_600_c_1000000_g_2_f_0.1_eps_0.0001_s_300",508338
"n_600_c_1000000_g_2_f_0.1_eps_0.001_s_100",503645
"n_600_c_1000000_g_2_f_0.1_eps_0.001_s_200",506368
"n_600_c_1000000_g_2_f_0.1_eps_0.001_s_300",509152
"n_600_c_1000000_g_2_f_0.1_eps_0.01_s_100",513142
"n_600_c_1000000_g_2_f_0.1_eps_0.01_s_200",516237
"n_600_c_1000000_g_2_f_0.1_eps_0.01_s_300",519972
"n_600_c_1000000_g_2_f_0.1_eps_0.1_s_100",603289
"n_600_c_1000000_g_2_f_0.1_eps_0.1_s_200",606631
"n_600_c_1000000_g_2_f_0.1_eps_0.1_s_300",609079
"n_600_c_1000000_g_2_f_0.1_eps_0_s_100",503182
"n_600_c_1000000_g_2_f_0.1_eps_0_s_200",505828
"n_600_c_1000000_g_2_f_0.1_eps_0_s_300",509496
"n_600_c_1000000_g_2_f_0.1_eps_1e-05_s_100",503327
"n_600_c_1000000_g_2_f_0.1_eps_1e-05_s_200",505610
"n_600_c_1000000_g_2_f_0.1_eps_1e-05_s_300",509845
"n_600_c_1000000_g_2_f_0.2_eps_0.0001_s_100",506252
"n_600_c_1000000_g_2_f_0.2_eps_0.0001_s_200",512323
"n_600_c_1000000_g_2_f_0.2_eps_0.0001_s_300",519237
"n_600_c_1000000_g_2_f_0.2_eps_0.001_s_100",507378
"n_600_c_1000000_g_2_f_0.2_eps_0.001_s_200",513836
"n_600_c_1000000_g_2_f_0.2_eps_0.001_s_300",520017
"n_600_c_1000000_g_2_f_0.2_eps_0.01_s_100",516492
"n_600_c_1000000_g_2_f_0.2_eps_0.01_s_200",522499
"n_600_c_1000000_g_2_f_0.2_eps_0.01_s_300",529814
"n_600_c_1000000_g_2_f_0.2_eps_0.1_s_100",605904
"n_600_c_1000000_g_2_f_0.2_eps_0.1_s_200",612892
"n_600_c_1000000_g_2_f_0.2_eps_0.1_s_300",619792
"n_600_c_1000000_g_2_f_0.2_eps_0_s_100",506314
"n_600_c_1000000_g_2_f_0.2_eps_0_s_200",511833
"n_600_c_1000000_g_2_f_0.2_eps_0_s_300",517346
"n_600_c_1000000_g_2_f_0.2_eps_1e-05_s_100",505845
"n_600_c_1000000_g_2_f_0.2_eps_1e-05_s_200",512253
"n_600_c_1000000_g_2_f_0.2_eps_1e-05_s_300",519257
"n_600_c_1000000_g_2_f_0.3_eps_0.0001_s_100",509793
"n_600_c_1000000_g_2_f_0.3_eps_0.0001_s_200",518078
"n_600_c_1000000_g_2_f_0.3_eps_0.0001_s_300",528574
"n_600_c_1000000_g_2_f_0.3_eps_0.001_s_100",510679
"n_600_c_1000000_g_2_f_0.3_eps_0.001_s_200",519682
"n_600_c_1000000_g_2_f_0.3_eps_0.001_s_300",527435
"n_600_c_1000000_g_2_f_0.3_eps_0.01_s_100",519301
"n_600_c_1000000_g_2_f_0.3_eps_0.01_s_200",528472
"n_600_c_1000000_g_2_f_0.3_eps_0.01_s_300",539538
"n_600_c_1000000_g_2_f_0.3_eps_0.1_s_100",609814
"n_600_c_1000000_g_2_f_0.3_eps_0.1_s_200",618751
"n_600_c_1000000_g_2_f_0.3_eps_0.1_s_300",625752
"n_600_c_1000000_g_2_f_0.3_eps_0_s_100",508718
"n_600_c_1000000_g_2_f_0.3_eps_0_s_200",519233
"n_600_c_1000000_g_2_f_0.3_eps_0_s_300",527855
"n_600_c_1000000_g_2_f_0.3_eps_1e-05_s_100",508354
"n_600_c_1000000_g_2_f_0.3_eps_1e-05_s_200",517679
"n_600_c_1000000_g_2_f_0.3_eps_1e-05_s_300",527445
"n_600_c_1000000_g_6_f_0.1_eps_0.0001_s_100",977196
"n_600_c_1000000_g_6_f_0.1_eps_0.0001_s_200",982666
"n_600_c_1000000_g_6_f_0.1_eps_0.0001_s_300",987016
"n_600_c_1000000_g_6_f_0.1_eps_0.001_s_100",1.00257e+06
"n_600_c_1000000_g_6_f_0.1_eps_0.001_s_200",1.00551e+06
"n_600_c_1000000_g_6_f_0.1_eps_0.001_s_300",1.00789e+06
"n_600_c_1000000_g_6_f_0.1_eps_0.01_s_100",1.00055e+06
"n_600_c_1000000_g_6_f_0.1_eps_0.01_s_200",1.00291e+06
"n_600_c_1000000_g_6_f_0.1_eps_0.01_s_300",1.00667e+06
"n_600_c_1000000_g_6_f_0.1_eps_0.1_s_100",997500
"n_600_c_1000000_g_6_f_0.1_eps_0.1_s_200",1.00041e+06
"n_600_c_1000000_g_6_f_0.1_eps_0.1_s_300",1.00325e+06
"n_600_c_1000000_g_6_f_0.1_eps_0_s_100",974175
"n_600_c_1000000_g_6_f_0.1_eps_0_s_200",980374
"n_600_c_1000000_g_6_f_0.1_eps_0_s_300",986066
"n_600_c_1000000_g_6_f_0.1_eps_1e-05_s_100",975044
"n_600_c_1000000_g_6_f_0.1_eps_1e-05_s_200",980409
"n_600_c_1000000_g_6_f_0.1_eps_1e-05_s_300",985086
"n_600_c_1000000_g_6_f_0.2_eps_0.0001_s_100",979850
"n_600_c_1000000_g_6_f_0.2_eps_0.0001_s_200",989237
"n_600_c_1000000_g_6_f_0.2_eps_0.0001_s_300",998470
"n_600_c_1000000_g_6_f_0.2_eps_0.001_s_100",1.00342e+06
"n_600_c_1000000_g_6_f_0.2_eps_0.001_s_200",1.00746e+06
"n_600_c_1000000_g_6_f_0.2_eps_0.001_s_300",1.01098e+06
"n_600_c_1000000_g_6_f_0.2_eps_0.01_s_100",1.00232e+06
"n_600_c_1000000_g_6_f_0.2_eps_0.01_s_200",1.00555e+06
"n_600_c_1000000_g_6_f_0.2_eps_0.01_s_300",1.00941e+06
"n_600_c_1000000_g_6_f_0.2_eps_0.1_s_100",999711
"n_600_c_1000000_g_6_f_0.2_eps_0.1_s_200",1.00501e+06
"n_600_c_1000000_g_6_f_0.2_eps_0.1_s_300",1.00706e+06
"n_600_c_1000000_g_6_f_0.2_eps_0_s_100",977503
"n_600_c_1000000_g_6_f_0.2_eps_0_s_200",985821
"n_600_c_1000000_g_6_f_0.2_eps_0_s_300",992615
"n_600_c_1000000_g_6_f_0.2_eps_1e-05_s_100",977920
"n_600_c_1000000_g_6_f_0.2_eps_1e-05_s_200",987498
"n_600_c_1000000_g_6_f_0.2_eps_1e-05_s_300",995131
"n_600_c_1000000_g_6_f_0.3_eps_0.0001_s_100",982477
"n_600_c_1000000_g_6_f_0.3_eps_0.0001_s_200",995216
"n_600_c_1000000_g_6_f_0.3_eps_0.0001_s_300",1.00366e+06
"n_600_c_1000000_g_6_f_0.3_eps_0.001_s_100",1.00469e+06
"n_600_c_1000000_g_6_f_0.3_eps_0.001_s_200",1.00848e+06
"n_600_c_1000000_g_6_f_0.3_eps_0.001_s_300",1.0142e+06
"n_600_c_1000000_g_6_f_0.3_eps_0.01_s_100",1.00354e+06
"n_600_c_1000000_g_6_f_0.3_eps_0.01_s_200",1.00854e+06
"n_600_c_1000000_g_6_f_0.3_eps_0.01_s_300",1.01246e+06
"n_600_c_1000000_g_6_f_0.3_eps_0.1_s_100",1.00242e+06
"n_600_c_1000000_g_6_f_0.3_eps_0.1_s_200",1.00727e+06
"n_600_c_1000000_g_6_f_0.3_eps_0.1_s_300",1.01063e+06
"n_600_c_1000000_g_6_f_0.3_eps_0_s_100",979694
"n_600_c_1000000_g_6_f_0.3_eps_0_s_200",991649
"n_600_c_1000000_g_6_f_0.3_eps_0_s_300",1.00373e+06
"n_600_c_1000000_g_6_f_0.3_eps_1e-05_s_100",980530
"n_600_c_1000000_g_6_f_0.3_eps_1e-05_s_200",991922
"n_600_c_1000000_g_6_f_0.3_eps_1e-05_s_300",1.00449e+06
"n_800_c_10000000000_g_10_f_0.1_eps_0.0001_s_100",9.99929e+09
"n_800_c_10000000000_g_10_f_0.1_eps_0.0001_s_200",9.99984e+09
"n_800_c_10000000000_g_10_f_0.1_eps_0.0001_s_300",9.99985e+09
"n_800_c_10000000000_g_10_f_0.1_eps_0.001_s_100",9.99954e+09
"n_800_c_10000000000_g_10_f_0.1_eps_0.001_s_200",9.99955e+09
"n_800_c_10000000000_g_10_f_0.1_eps_0.001_s_300",9.99957e+09
"n_800_c_10000000000_g_10_f_0.1_eps_0.01_s_100",9.99923e+09
"n_800_c_10000000000_g_10_f_0.1_eps_0.01_s_200",9.99924e+09
"n_800_c_10000000000_g_10_f_0.1_eps_0.01_s_300",9.99924e+09
"n_800_c_10000000000_g_10_f_0.1_eps_0.1_s_100",9.9961e+09
"n_800_c_10000000000_g_10_f_0.1_eps_0.1_s_200",9.9961e+09
"n_800_c_10000000000_g_10_f_0.1_eps_0.1_s_300",9.99611e+09
"n_800_c_10000000000_g_10_f_0.1_eps_0_s_100",1e+10
"n_800_c_10000000000_g_10_f_0.1_eps_0_s_200",9.9805e+09
"n_800_c_10000000000_g_10_f_0.1_eps_0_s_300",9.98052e+09
"n_800_c_10000000000_g_10_f_0.1_eps_1e-05_s_100",9.99909e+09
"n_800_c_10000000000_g_10_f_0.1_eps_1e-05_s_200",9.9991e+09
"n_800_c_10000000000_g_10_f_0.1_eps_1e-05_s_300",9.99912e+09
"n_800_c_10000000000_g_10_f_0.2_eps_0.0001_s_100",9.9993e+09
"n_800_c_10000000000_g_10_f_0.2_eps_0.0001_s_200",9.99985e+09
"n_800_c_10000000000_g_10_f_0.2_eps_0.0001_s_300",9.99933e+09
"n_800_c_10000000000_g_10_f_0.2_eps_0.001_s_100",9.99908e+09
"n_800_c_10000000000_g_10_f_0.2_eps_0.001_s_200",9.9991e+09
"n_800_c_10000000000_g_10_f_0.2_eps_0.001_s_300",9.99911e+09
"n_800_c_10000000000_g_10_f_0.2_eps_0.01_s_100",9.99923e+09
"n_800_c_10000000000_g_10_f_0.2_eps_0.01_s_200",9.99924e+09
"n_800_c_10000000000_g_10_f_0.2_eps_0.01_s_300",9.99925e+09
"n_800_c_10000000000_g_10_f_0.2_eps_0.1_s_100",9.99611e+09
"n_800_c_10000000000_g_10_f_0.2_eps_0.1_s_200",9.99611e+09
"n_800_c_10000000000_g_10_f_0.2_eps_0.1_s_300",9.99613e+09
"n_800_c_10000000000_g_10_f_0.2_eps_0_s_100",9.98049e+09
"n_800_c_10000000000_g_10_f_0.2_eps_0_s_200",9.98053e+09
"n_800_c_10000000000_g_10_f_0.2_eps_0_s_300",9.98053e+09
"n_800_c_10000000000_g_10_f_0.2_eps_1e-05_s_100",9.99909e+09
"n_800_c_10000000000_g_10_f_0.2_eps_1e-05_s_200",9.99901e+09
"n_800_c_10000000000_g_10_f_0.2_eps_1e-05_s_300",9.99923e+09
"n_800_c_10000000000_g_10_f_0.3_eps_0.0001_s_100",9.99983e+09
"n_800_c_10000000000_g_10_f_0.3_eps_0.0001_s_200",9.99984e+09
"n_800_c_10000000000_g_10_f_0.3_eps_0.0001_s_300",9.99987e+09
"n_800_c_10000000000_g_10_f_0.3_eps_0.001_s_100",9.99908e+09
"n_800_c_10000000000_g_10_f_0.3_eps_0.001_s_200",9.99957e+09
"n_800_c_10000000000_g_10_f_0.3_eps_0.001_s_300",9.99912e+09
"n_800_c_10000000000_g_10_f_0.3_eps_0.01_s_100",9.99924e+09
"n_800_c_10000000000_g_10_f_0.3_eps_0.01_s_200",9.99925e+09
"n_800_c_10000000000_g_10_f_0.3_eps_0.01_s_300",9.99926e+09
"n_800_c_10000000000_g_10_f_0.3_eps_0.1_s_100",9.99611e+09
"n_800_c_10000000000_g_10_f_0.3_eps_0.1_s_200",9.99612e+09
"n_800_c_10000000000_g_10_f_0.3_eps_0.1_s_300",9.99614e+09
"n_800_c_10000000000_g_10_f_0.3_eps_0_s_100",9.98049e+09
"n_800_c_10000000000_g_10_f_0.3_eps_0_s_200",9.98051e+09
"n_800_c_10000000000_g_10_f_0.3_eps_0_s_300",9.98054e+09
"n_800_c_10000000000_g_10_f_0.3_eps_1e-05_s_100",9.99909e+09
"n_800_c_10000000000_g_10_f_0.3_eps_1e-05_s_200",9.99901e+09
"n_800_c_10000000000_g_10_f_0.3_eps_1e-05_s_300",9.99904e+09
"n_800_c_10000000000_g_14_f_0.1_eps_0.0001_s_100",9.99994e+09
"n_800_c_10000000000_g_14_f_0.1_eps_0.0001_s_200",9.9995e+09
"n_800_c_10000000000_g_14_f_0.1_eps_0.0001_s_300",9.99907e+09
"n_800_c_10000000000_g_14_f_0.1_eps_0.001_s_100",9.99915e+09
"n_800_c_10000000000_g_14_f_0.1_eps_0.001_s_200",9.99944e+09
"n_800_c_10000000000_g_14_f_0.1_eps_0.001_s_300",9.99989e+09
"n_800_c_10000000000_g_14_f_0.1_eps_0.01_s_100",9.99903e+09
"n_800_c_10000000000_g_14_f_0.1_eps_0.01_s_200",9.99904e+09
"n_800_c_10000000000_g_14_f_0.1_eps_0.01_s_300",9.99934e+09
"n_800_c_10000000000_g_14_f_0.1_eps_0.1_s_100",9.99976e+09
"n_800_c_10000000000_g_14_f_0.1_eps_0.1_s_200",9.99977e+09
"n_800_c_10000000000_g_14_f_0.1_eps_0.1_s_300",9.99976e+09
"n_800_c_10000000000_g_14_f_0.1_eps_0_s_100",9.9988e+09
"n_800_c_10000000000_g_14_f_0.1_eps_0_s_200",9.99882e+09
"n_800_c_10000000000_g_14_f_0.1_eps_0_s_300",9.99885e+09
"n_800_c_10000000000_g_14_f_0.1_eps_1e-05_s_100",9.99922e+09
"n_800_c_10000000000_g_14_f_0.1_eps_1e-05_s_200",9.99996e+09
"n_800_c_10000000000_g_14_f_0.1_eps_1e-05_s_300",9.99946e+09
"n_800_c_10000000000_g_14_f_0.2_eps_0.0001_s_100",9.9996e+09
"n_800_c_10000000000_g_14_f_0.2_eps_0.0001_s_200",9.99939e+09
"n_800_c_10000000000_g_14_f_0.2_eps_0.0001_s_300",9.99997e+09
"n_800_c_10000000000_g_14_f_0.2_eps_0.001_s_100",9.99981e+09
"n_800_c_10000000000_g_14_f_0.2_eps_0.001_s_200",9.99926e+09
"n_800_c_10000000000_g_14_f_0.2_eps_0.001_s_300",9.99923e+09
"n_800_c_10000000000_g_14_f_0.2_eps_0.01_s_100",9.99962e+09
"n_800_c_10000000000_g_14_f_0.2_eps_0.01_s_200",9.99944e+09
"n_800_c_10000000000_g_14_f_0.2_eps_0.01_s_300",9.99916e+09
"n_800_c_10000000000_g_14_f_0.2_eps_0.1_s_100",9.99977e+09
"n_800_c_10000000000_g_14_f_0.2_eps_0.1_s_200",9.99977e+09
"n_800_c_10000000000_g_14_f_0.2_eps_0.1_s_300",9.99978e+09
"n_800_c_10000000000_g_14_f_0.2_eps_0_s_100",9.99881e+09
"n_800_c_10000000000_g_14_f_0.2_eps_0_s_200",9.99883e+09
"n_800_c_10000000000_g_14_f_0.2_eps_0_s_300",9.99886e+09
"n_800_c_10000000000_g_14_f_0.2_eps_1e-05_s_100",9.99919e+09
"n_800_c_10000000000_g_14_f_0.2_eps_1e-05_s_200",9.99927e+09
"n_800_c_10000000000_g_14_f_0.2_eps_1e-05_s_300",9.9991e+09
"n_800_c_10000000000_g_14_f_0.3_eps_0.0001_s_100",9.99921e+09
"n_800_c_10000000000_g_14_f_0.3_eps_0.0001_s_200",9.99948e+09
"n_800_c_10000000000_g_14_f_0.3_eps_0.0001_s_300",9.99948e+09
"n_800_c_10000000000_g_14_f_0.3_eps_0.001_s_100",9.9999e+09
"n_800_c_10000000000_g_14_f_0.3_eps_0.001_s_200",9.9997e+09
"n_800_c_10000000000_g_14_f_0.3_eps_0.001_s_300",9.99906e+09
"n_800_c_10000000000_g_14_f_0.3_eps_0.01_s_100",9.99962e+09
"n_800_c_10000000000_g_14_f_0.3_eps_0.01_s_200",9.99993e+09
"n_800_c_10000000000_g_14_f_0.3_eps_0.01_s_300",9.99975e+09
"n_800_c_10000000000_g_14_f_0.3_eps_0.1_s_100",9.99977e+09
"n_800_c_10000000000_g_14_f_0.3_eps_0.1_s_200",9.99978e+09
"n_800_c_10000000000_g_14_f_0.3_eps_0.1_s_300",9.99979e+09
"n_800_c_10000000000_g_14_f_0.3_eps_0_s_100",9.99881e+09
"n_800_c_10000000000_g_14_f_0.3_eps_0_s_200",9.99883e+09
"n_800_c_10000000000_g_14_f_0.3_eps_0_s_300",9.99886e+09
"n_800_c_10000000000_g_14_f_0.3_eps_1e-05_s_100",9.99975e+09
"n_800_c_10000000000_g_14_f_0.3_eps_1e-05_s_200",9.99903e+09
"n_800_c_10000000000_g_14_f_0.3_eps_1e-05_s_300",9.9997e+09
"n_800_c_10000000000_g_2_f_0.1_eps_0.0001_s_100",5.001e+09
"n_800_c_10000000000_g_2_f_0.1_eps_0.0001_s_200",5.00101e+09
"n_800_c_10000000000_g_2_f_0.1_eps_0.0001_s_300",5.00101e+09
"n_800_c_10000000000_g_2_f_0.1_eps_0.001_s_100",5.01e+09
"n_800_c_10000000000_g_2_f_0.1_eps_0.001_s_200",5.01001e+09
"n_800_c_10000000000_g_2_f_0.1_eps_0.001_s_300",5.01001e+09
"n_800_c_10000000000_g_2_f_0.1_eps_0.01_s_100",5.1e+09
"n_800_c_10000000000_g_2_f_0.1_eps_0.01_s_200",5.10001e+09
"n_800_c_10000000000_g_2_f_0.1_eps_0.01_s_300",5.10001e+09
"n_800_c_10000000000_g_2_f_0.1_eps_0.1_s_100",6e+09
"n_800_c_10000000000_g_2_f_0.1_eps_0.1_s_200",6.00001e+09
"n_800_c_10000000000_g_2_f_0.1_eps_0.1_s_300",6.00001e+09
"n_800_c_10000000000_g_2_f_0.1_eps_0_s_100",1e+10
"n_800_c_10000000000_g_2_f_0.1_eps_0_s_200",1e+10
"n_800_c_10000000000_g_2_f_0.1_eps_0_s_300",1e+10
"n_800_c_10000000000_g_2_f_0.1_eps_1e-05_s_100",5.0001e+09
"n_800_c_10000000000_g_2_f_0.1_eps_1e-05_s_200",5.00011e+09
"n_800_c_10000000000_g_2_f_0.1_eps_1e-05_s_300",5.00011e+09
"n_800_c_10000000000_g_2_f_0.2_eps_0.0001_s_100",5.00101e+09
"n_800_c_10000000000_g_2_f_0.2_eps_0.0001_s_200",5.00101e+09
"n_800_c_10000000000_g_2_f_0.2_eps_0.0001_s_300",5.00102e+09
"n_800_c_10000000000_g_2_f_0.2_eps_0.001_s_100",5.01001e+09
"n_800_c_10000000000_g_2_f_0.2_eps_0.001_s_200",5.01002e+09
"n_800_c_10000000000_g_2_f_0.2_eps_0.001_s_300",5.01003e+09
"n_800_c_10000000000_g_2_f_0.2_eps_0.01_s_100",5.10001e+09
"n_800_c_10000000000_g_2_f_0.2_eps_0.01_s_200",5.10002e+09
"n_800_c_10000000000_g_2_f_0.2_eps_0.01_s_300",5.10003e+09
"n_800_c_10000000000_g_2_f_0.2_eps_0.1_s_100",6.00001e+09
"n_800_c_10000000000_g_2_f_0.2_eps_0.1_s_200",6.00002e+09
"n_800_c_10000000000_g_2_f_0.2_eps_0.1_s_300",6.00003e+09
"n_800_c_10000000000_g_2_f_0.2_eps_0_s_100",1e+10
"n_800_c_10000000000_g_2_f_0.2_eps_0_s_200",1e+10
"n_800_c_10000000000_g_2_f_0.2_eps_0_s_300",1e+10
"n_800_c_10000000000_g_2_f_0.2_eps_1e-05_s_100",5.00011e+09
"n_800_c_10000000000_g_2_f_0.2_eps_1e-05_s_200",5.00012e+09
"n_800_c_10000000000_g_2_f_0.2_eps_1e-05_s_300",5.00012e+09
"n_800_c_10000000000_g_2_f_0.3_eps_0.0001_s_100",5.00101e+09
"n_800_c_10000000000_g_2_f_0.3_eps_0.0001_s_200",5.00102e+09
"n_800_c_10000000000_g_2_f_0.3_eps_0.0001_s_300",5.00104e+09
"n_800_c_10000000000_g_2_f_0.3_eps_0.001_s_100",5.01001e+09
"n_800_c_10000000000_g_2_f_0.3_eps_0.001_s_200",5.01003e+09
"n_800_c_10000000000_g_2_f_0.3_eps_0.001_s_300",5.01004e+09
"n_800_c_10000000000_g_2_f_0.3_eps_0.01_s_100",5.10001e+09
"n_800_c_10000000000_g_2_f_0.3_eps_0.01_s_200",5.10002e+09
"n_800_c_10000000000_g_2_f_0.3_eps_0.01_s_300",5.10004e+09
"n_800_c_10000000000_g_2_f_0.3_eps_0.1_s_100",6.00001e+09
"n_800_c_10000000000_g_2_f_0.3_eps_0.1_s_200",6.00002e+09
"n_800_c_10000000000_g_2_f_0.3_eps_0.1_s_300",6.00004e+09
"n_800_c_10000000000_g_2_f_0.3_eps_0_s_100",1e+10
"n_800_c_10000000000_g_2_f_0.3_eps_0_s_200",1e+10
"n_800_c_10000000000_g_2_f_0.3_eps_0_s_300",1e+10
"n_800_c_10000000000_g_2_f_0.3_eps_1e-05_s_100",5.00011e+09
"n_800_c_10000000000_g_2_f_0.3_eps_1e-05_s_200",5.00012e+09
"n_800_c_10000000000_g_2_f_0.3_eps_1e-05_s_300",5.00014e+09
"n_800_c_10000000000_g_6_f_0.1_eps_0.0001_s_100",9.71851e+09
"n_800_c_10000000000_g_6_f_0.1_eps_0.0001_s_200",9.71851e+09
"n_800_c_10000000000_g_6_f_0.1_eps_0.0001_s_300",9.71852e+09
"n_800_c_10000000000_g_6_f_0.1_eps_0.001_s_100",9.99751e+09
"n_800_c_10000000000_g_6_f_0.1_eps_0.001_s_200",9.99751e+09
"n_800_c_10000000000_g_6_f_0.1_eps_0.001_s_300",9.99752e+09
"n_800_c_10000000000_g_6_f_0.1_eps_0.01_s_100",9.975e+09
"n_800_c_10000000000_g_6_f_0.1_eps_0.01_s_200",9.97501e+09
"n_800_c_10000000000_g_6_f_0.1_eps_0.01_s_300",9.97501e+09
"n_800_c_10000000000_g_6_f_0.1_eps_0.1_s_100",1e+10
"n_800_c_10000000000_g_6_f_0.1_eps_0.1_s_200",1e+10
"n_800_c_10000000000_g_6_f_0.1_eps_0.1_s_300",1e+10
"n_800_c_10000000000_g_6_f_0.1_eps_0_s_100",1e+10
"n_800_c_10000000000_g_6_f_0.1_eps_0_s_200",1e+10
"n_800_c_10000000000_g_6_f_0.1_eps_0_s_300",1e+10
"n_800_c_10000000000_g_6_f_0.1_eps_1e-05_s_100",9.69061e+09
"n_800_c_10000000000_g_6_f_0.1_eps_1e-05_s_200",9.69061e+09
"n_800_c_10000000000_g_6_f_0.1_eps_1e-05_s_300",9.69062e+09
"n_800_c_10000000000_g_6_f_0.2_eps_0.0001_s_100",9.71851e+09
"n_800_c_10000000000_g_6_f_0.2_eps_0.0001_s_200",9.71852e+09
"n_800_c_10000000000_g_6_f_0.2_eps_0.0001_s_300",9.71853e+09
"n_800_c_10000000000_g_6_f_0.2_eps_0.001_s_100",9.99751e+09
"n_800_c_10000000000_g_6_f_0.2_eps_0.001_s_200",9.99752e+09
"n_800_c_10000000000_g_6_f_0.2_eps_0.001_s_300",9.99753e+09
"n_800_c_10000000000_g_6_f_0.2_eps_0.01_s_100",9.97501e+09
"n_800_c_10000000000_g_6_f_0.2_eps_0.01_s_200",9.97502e+09
"n_800_c_10000000000_g_6_f_0.2_eps_0.01_s_300",9.97503e+09
"n_800_c_10000000000_g_6_f_0.2_eps_0.1_s_100",1e+10
"n_800_c_10000000000_g_6_f_0.2_eps_0.1_s_200",1e+10
"n_800_c_10000000000_g_6_f_0.2_eps_0.1_s_300",1e+10
"n_800_c_10000000000_g_6_f_0.2_eps_0_s_100",1e+10
"n_800_c_10000000000_g_6_f_0.2_eps_0_s_200",1e+10
"n_800_c_10000000000_g_6_f_0.2_eps_0_s_300",9.68753e+09
"n_800_c_10000000000_g_6_f_0.2_eps_1e-05_s_100",9.69061e+09
"n_800_c_10000000000_g_6_f_0.2_eps_1e-05_s_200",9.69062e+09
"n_800_c_10000000000_g_6_f_0.2_eps_1e-05_s_300",9.69063e+09
"n_800_c_10000000000_g_6_f_0.3_eps_0.0001_s_100",9.71852e+09
"n_800_c_10000000000_g_6_f_0.3_eps_0.0001_s_200",9.71853e+09
"n_800_c_10000000000_g_6_f_0.3_eps_0.0001_s_300",9.71854e+09
"n_800_c_10000000000_g_6_f_0.3_eps_0.001_s_100",9.99752e+09
"n_800_c_10000000000_g_6_f_0.3_eps_0.001_s_200",9.99753e+09
"n_800_c_10000000000_g_6_f_0.3_eps_0.001_s_300",9.99754e+09
"n_800_c_10000000000_g_6_f_0.3_eps_0.01_s_100",9.96251e+09
"n_800_c_10000000000_g_6_f_0.3_eps_0.01_s_200",9.97502e+09
"n_800_c_10000000000_g_6_f_0.3_eps_0.01_s_300",9.97504e+09
"n_800_c_10000000000_g_6_f_0.3_eps_0.1_s_100",1e+10
"n_800_c_10000000000_g_6_f_0.3_eps_0.1_s_200",1e+10
"n_800_c_10000000000_g_6_f_0.3_eps_0.1_s_300",1e+10
"n_800_c_10000000000_g_6_f_0.3_eps_0_s_100",1e+10
"n_800_c_10000000000_g_6_f_0.3_eps_0_s_200",1e+10
"n_800_c_10000000000_g_6_f_0.3_eps_0_s_300",9.68755e+09
"n_800_c_10000000000_g_6_f_0.3_eps_1e-05_s_100",9.69061e+09
"n_800_c_10000000000_g_6_f_0.3_eps_1e-05_s_200",9.69063e+09
"n_800_c_10000000000_g_6_f_0.3_eps_1e-05_s_300",9.69064e+09
"n_800_c_100000000_g_10_f_0.1_eps_0.0001_s_100",1.00006e+08
"n_800_c_100000000_g_10_f_0.1_eps_0.0001_s_200",1.0001e+08
"n_800_c_100000000_g_10_f_0.1_eps_0.0001_s_300",1.00013e+08
"n_800_c_100000000_g_10_f_0.1_eps_0.001_s_100",9.99969e+07
"n_800_c_100000000_g_10_f_0.1_eps_0.001_s_200",1.00011e+08
"n_800_c_100000000_g_10_f_0.1_eps_0.001_s_300",1.00019e+08
"n_800_c_100000000_g_10_f_0.1_eps_0.01_s_100",9.99992e+07
"n_800_c_100000000_g_10_f_0.1_eps_0.01_s_200",1.00002e+08
"n_800_c_100000000_g_10_f_0.1_eps_0.01_s_300",1.00006e+08
"n_800_c_100000000_g_10_f_0.1_eps_0.1_s_100",9.99657e+07
"n_800_c_100000000_g_10_f_0.1_eps_0.1_s_200",9.99712e+07
"n_800_c_100000000_g_10_f_0.1_eps_0.1_s_300",9.99765e+07
"n_800_c_100000000_g_10_f_0.1_eps_0_s_100",9.98216e+07
"n_800_c_100000000_g_10_f_0.1_eps_0_s_200",9.98378e+07
"n_800_c_100000000_g_10_f_0.1_eps_0_s_300",9.98576e+07
"n_800_c_100000000_g_10_f_0.1_eps_1e-05_s_100",9.99974e+07
"n_800_c_100000000_g_10_f_0.1_eps_1e-05_s_200",1.00005e+08
"n_800_c_100000000_g_10_f_0.1_eps_1e-05_s_300",1.00011e+08
"n_800_c_100000000_g_10_f_0.2_eps_0.0001_s_100",1.00001e+08
"n_800_c_100000000_g_10_f_0.2_eps_0.0001_s_200",1.00015e+08
"n_800_c_100000000_g_10_f_0.2_eps_0.0001_s_300",1.00013e+08
"n_800_c_100000000_g_10_f_0.2_eps_0.001_s_100",1.00002e+08
"n_800_c_100000000_g_10_f_0.2_eps_0.001_s_200",1.00007e+08
"n_800_c_100000000_g_10_f_0.2_eps_0.001_s_300",1.00014e+08
"n_800_c_100000000_g_10_f_0.2_eps_0.01_s_100",9.99976e+07
"n_800_c_100000000_g_10_f_0.2_eps_0.01_s_200",1.00007e+08
"n_800_c_100000000_g_10_f_0.2_eps_0.01_s_300",1.0001e+08
"n_800_c_100000000_g_10_f_0.2_eps_0.1_s_100",9.99699e+07
"n_800_c_100000000_g_10_f_0.2_eps_0.1_s_200",9.99786e+07
"n_800_c_100000000_g_10_f_0.2_eps_0.1_s_300",9.99867e+07
"n_800_c_100000000_g_10_f_0.2_eps_0_s_100",9.98245e+07
"n_800_c_100000000_g_10_f_0.2_eps_0_s_200",9.9845e+07
"n_800_c_100000000_g_10_f_0.2_eps_0_s_300",9.98637e+07
"n_800_c_100000000_g_10_f_0.2_eps_1e-05_s_100",9.9998e+07
"n_800_c_100000000_g_10_f_0.2_eps_1e-05_s_200",1.00008e+08
"n_800_c_100000000_g_10_f_0.2_eps_1e-05_s_300",1.00015e+08
"n_800_c_100000000_g_10_f_0.3_eps_0.0001_s_100",1.00004e+08
"n_800_c_100000000_g_10_f_0.3_eps_0.0001_s_200",1.00014e+08
"n_800_c_100000000_g_10_f_0.3_eps_0.0001_s_300",1.00019e+08
"n_800_c_100000000_g_10_f_0.3_eps_0.001_s_100",1.00005e+08
"n_800_c_100000000_g_10_f_0.3_eps_0.001_s_200",1.00009e+08
"n_800_c_100000000_g_10_f_0.3_eps_0.001_s_300",1.00018e+08
"n_800_c_100000000_g_10_f_0.3_eps_0.01_s_100",9.9998e+07
"n_800_c_100000000_g_10_f_0.3_eps_0.01_s_200",1.00009e+08
"n_800_c_100000000_g_10_f_0.3_eps_0.01_s_300",1.00017e+08
"n_800_c_100000000_g_10_f_0.3_eps_0.1_s_100",9.99738e+07
"n_800_c_100000000_g_10_f_0.3_eps_0.1_s_200",9.99862e+07
"n_800_c_100000000_g_10_f_0.3_eps_0.1_s_300",1e+08
"n_800_c_100000000_g_10_f_0.3_eps_0_s_100",9.98276e+07
"n_800_c_100000000_g_10_f_0.3_eps_0_s_200",9.98498e+07
"n_800_c_100000000_g_10_f_0.3_eps_0_s_300",9.9873e+07
"n_800_c_100000000_g_10_f_0.3_eps_1e-05_s_100",9.99987e+07
"n_800_c_100000000_g_10_f_0.3_eps_1e-05_s_200",1.00009e+08
"n_800_c_100000000_g_10_f_0.3_eps_1e-05_s_300",1.00016e+08
"n_800_c_100000000_g_14_f_0.1_eps_0.0001_s_100",1.00002e+08
"n_800_c_100000000_g_14_f_0.1_eps_0.0001_s_200",1.00012e+08
"n_800_c_100000000_g_14_f_0.1_eps_0.0001_s_300",1.00025e+08
"n_800_c_100000000_g_14_f_0.1_eps_0.001_s_100",1.00007e+08
"n_800_c_100000000_g_14_f_0.1_eps_0.001_s_200",1.00009e+08
"n_800_c_100000000_g_14_f_0.1_eps_0.001_s_300",1.00023e+08
"n_800_c_100000000_g_14_f_0.1_eps_0.01_s_100",1.00001e+08
"n_800_c_100000000_g_14_f_0.1_eps_0.01_s_200",1.00012e+08
"n_800_c_100000000_g_14_f_0.1_eps_0.01_s_300",1.00019e+08
"n_800_c_100000000_g_14_f_0.1_eps_0.1_s_100",1.00002e+08
"n_800_c_100000000_g_14_f_0.1_eps_0.1_s_200",9.99955e+07
"n_800_c_100000000_g_14_f_0.1_eps_0.1_s_300",9.99996e+07
"n_800_c_100000000_g_14_f_0.1_eps_0_s_100",1.00006e+08
"n_800_c_100000000_g_14_f_0.1_eps_0_s_200",1.00013e+08
"n_800_c_100000000_g_14_f_0.1_eps_0_s_300",1.00025e+08
"n_800_c_100000000_g_14_f_0.1_eps_1e-05_s_100",1.00002e+08
"n_800_c_100000000_g_14_f_0.1_eps_1e-05_s_200",1.00014e+08
"n_800_c_100000000_g_14_f_0.1_eps_1e-05_s_300",1.00018e+08
"n_800_c_100000000_g_14_f_0.2_eps_0.0001_s_100",1.00008e+08
"n_800_c_100000000_g_14_f_0.2_eps_0.0001_s_200",1.00018e+08
"n_800_c_100000000_g_14_f_0.2_eps_0.0001_s_300",1.0002e+08
"n_800_c_100000000_g_14_f_0.2_eps_0.001_s_100",1.00003e+08
"n_800_c_100000000_g_14_f_0.2_eps_0.001_s_200",1.00018e+08
"n_800_c_100000000_g_14_f_0.2_eps_0.001_s_300",1.0002e+08
"n_800_c_100000000_g_14_f_0.2_eps_0.01_s_100",1.00007e+08
"n_800_c_100000000_g_14_f_0.2_eps_0.01_s_200",1.00009e+08
"n_800_c_100000000_g_14_f_0.2_eps_0.01_s_300",1.00021e+08
"n_800_c_100000000_g_14_f_0.2_eps_0.1_s_100",9.99938e+07
"n_800_c_100000000_g_14_f_0.2_eps_0.1_s_200",1.00002e+08
"n_800_c_100000000_g_14_f_0.2_eps_0.1_s_300",1.00008e+08
"n_800_c_100000000_g_14_f_0.2_eps_0_s_100",1.00006e+08
"n_800_c_100000000_g_14_f_0.2_eps_0_s_200",1.0001e+08
"n_800_c_100000000_g_14_f_0.2_eps_0_s_300",1.00026e+08
"n_800_c_100000000_g_14_f_0.2_eps_1e-05_s_100",1.00005e+08
"n_800_c_100000000_g_14_f_0.2_eps_1e-05_s_200",1.0001e+08
"n_800_c_100000000_g_14_f_0.2_eps_1e-05_s_300",1.00025e+08
"n_800_c_100000000_g_14_f_0.3_eps_0.0001_s_100",1.00007e+08
"n_800_c_100000000_g_14_f_0.3_eps_0.0001_s_200",1.0001e+08
"n_800_c_100000000_g_14_f_0.3_eps_0.0001_s_300",1.00032e+08
"n_800_c_100000000_g_14_f_0.3_eps_0.001_s_100",1e+08
"n_800_c_100000000_g_14_f_0.3_eps_0.001_s_200",1.00012e+08
"n_800_c_100000000_g_14_f_0.3_eps_0.001_s_300",1.00022e+08
"n_800_c_100000000_g_14_f_0.3_eps_0.01_s_100",9.99986e+07
"n_800_c_100000000_g_14_f_0.3_eps_0.01_s_200",1.00014e+08
"n_800_c_100000000_g_14_f_0.3_eps_0.01_s_300",1.00018e+08
"n_800_c_100000000_g_14_f_0.3_eps_0.1_s_100",9.99988e+07
"n_800_c_100000000_g_14_f_0.3_eps_0.1_s_200",1.00006e+08
"n_800_c_100000000_g_14_f_0.3_eps_0.1_s_300",1.00006e+08
"n_800_c_100000000_g_14_f_0.3_eps_0_s_100",1.00001e+08
"n_800_c_100000000_g_14_f_0.3_eps_0_s_200",1.00013e+08
"n_800_c_100000000_g_14_f_0.3_eps_0_s_300",1.00024e+08
"n_800_c_100000000_g_14_f_0.3_eps_1e-05_s_100",1.00008e+08
"n_800_c_100000000_g_14_f_0.3_eps_1e-05_s_200",1.00021e+08
"n_800_c_100000000_g_14_f_0.3_eps_1e-05_s_300",1.00022e+08
"n_800_c_100000000_g_2_f_0.1_eps_0.0001_s_100",5.00139e+07
"n_800_c_100000000_g_2_f_0.1_eps_0.0001_s_200",5.00182e+07
"n_800_c_100000000_g_2_f_0.1_eps_0.0001_s_300",5.00223e+07
"n_800_c_100000000_g_2_f_0.1_eps_0.001_s_100",5.01037e+07
"n_800_c_100000000_g_2_f_0.1_eps_0.001_s_200",5.01084e+07
"n_800_c_100000000_g_2_f_0.1_eps_0.001_s_300",5.01127e+07
"n_800_c_100000000_g_2_f_0.1_eps_0.01_s_100",5.10038e+07
"n_800_c_100000000_g_2_f_0.1_eps_0.01_s_200",5.10082e+07
"n_800_c_100000000_g_2_f_0.1_eps_0.01_s_300",5.10128e+07
"n_800_c_100000000_g_2_f_0.1_eps_0.1_s_100",6.00043e+07
"n_800_c_100000000_g_2_f_0.1_eps_0.1_s_200",6.00085e+07
"n_800_c_100000000_g_2_f_0.1_eps_0.1_s_300",6.00129e+07
"n_800_c_100000000_g_2_f_0.1_eps_0_s_100",5.00039e+07
"n_800_c_100000000_g_2_f_0.1_eps_0_s_200",5.0008e+07
"n_800_c_100000000_g_2_f_0.1_eps_0_s_300",5.00133e+07
"n_800_c_100000000_g_2_f_0.1_eps_1e-05_s_100",5.00048e+07
"n_800_c_100000000_g_2_f_0.1_eps_1e-05_s_200",5.00085e+07
"n_800_c_100000000_g_2_f_0.1_eps_1e-05_s_300",5.00118e+07
"n_800_c_100000000_g_2_f_0.2_eps_0.0001_s_100",5.00178e+07
"n_800_c_100000000_g_2_f_0.2_eps_0.0001_s_200",5.00272e+07
"n_800_c_100000000_g_2_f_0.2_eps_0.0001_s_300",5.00325e+07
"n_800_c_100000000_g_2_f_0.2_eps_0.001_s_100",5.01079e+07
"n_800_c_100000000_g_2_f_0.2_eps_0.001_s_200",5.01168e+07
"n_800_c_100000000_g_2_f_0.2_eps_0.001_s_300",5.01228e+07
"n_800_c_100000000_g_2_f_0.2_eps_0.01_s_100",5.1008e+07
"n_800_c_100000000_g_2_f_0.2_eps_0.01_s_200",5.10161e+07
"n_800_c_100000000_g_2_f_0.2_eps_0.01_s_300",5.10253e+07
"n_800_c_100000000_g_2_f_0.2_eps_0.1_s_100",6.00078e+07
"n_800_c_100000000_g_2_f_0.2_eps_0.1_s_200",6.00169e+07
"n_800_c_100000000_g_2_f_0.2_eps_0.1_s_300",6.0026e+07
"n_800_c_100000000_g_2_f_0.2_eps_0_s_100",5.00084e+07
"n_800_c_100000000_g_2_f_0.2_eps_0_s_200",5.00158e+07
"n_800_c_100000000_g_2_f_0.2_eps_0_s_300",5.00241e+07
"n_800_c_100000000_g_2_f_0.2_eps_1e-05_s_100",5.00093e+07
"n_800_c_100000000_g_2_f_0.2_eps_1e-05_s_200",5.00175e+07
"n_800_c_100000000_g_2_f_0.2_eps_1e-05_s_300",5.00251e+07
"n_800_c_100000000_g_2_f_0.3_eps_0.0001_s_100",5.00221e+07
"n_800_c_100000000_g_2_f_0.3_eps_0.0001_s_200",5.00344e+07
"n_800_c_100000000_g_2_f_0.3_eps_0.0001_s_300",5.00466e+07
"n_800_c_100000000_g_2_f_0.3_eps_0.001_s_100",5.01117e+07
"n_800_c_100000000_g_2_f_0.3_eps_0.001_s_200",5.01248e+07
"n_800_c_100000000_g_2_f_0.3_eps_0.001_s_300",5.01354e+07
"n_800_c_100000000_g_2_f_0.3_eps_0.01_s_100",5.10126e+07
"n_800_c_100000000_g_2_f_0.3_eps_0.01_s_200",5.10239e+07
"n_800_c_100000000_g_2_f_0.3_eps_0.01_s_300",5.1036e+07
"n_800_c_100000000_g_2_f_0.3_eps_0.1_s_100",6.00117e+07
"n_800_c_100000000_g_2_f_0.3_eps_0.1_s_200",6.00241e+07
"n_800_c_100000000_g_2_f_0.3_eps_0.1_s_300",6.00337e+07
"n_800_c_100000000_g_2_f_0.3_eps_0_s_100",5.00122e+07
"n_800_c_100000000_g_2_f_0.3_eps_0_s_200",5.0023e+07
"n_800_c_100000000_g_2_f_0.3_eps_0_s_300",5.00359e+07
"n_800_c_100000000_g_2_f_0.3_eps_1e-05_s_100",5.00134e+07
"n_800_c_100000000_g_2_f_0.3_eps_1e-05_s_200",5.00262e+07
"n_800_c_100000000_g_2_f_0.3_eps_1e-05_s_300",5.00374e+07
"n_800_c_100000000_g_6_f_0.1_eps_0.0001_s_100",9.7192e+07
"n_800_c_100000000_g_6_f_0.1_eps_0.0001_s_200",9.71988e+07
"n_800_c_100000000_g_6_f_0.1_eps_0.0001_s_300",9.72038e+07
"n_800_c_100000000_g_6_f_0.1_eps_0.001_s_100",9.99818e+07
"n_800_c_100000000_g_6_f_0.1_eps_0.001_s_200",9.99894e+07
"n_800_c_100000000_g_6_f_0.1_eps_0.001_s_300",9.9995e+07
"n_800_c_100000000_g_6_f_0.1_eps_0.01_s_100",9.97547e+07
"n_800_c_100000000_g_6_f_0.1_eps_0.01_s_200",9.9759e+07
"n_800_c_100000000_g_6_f_0.1_eps_0.01_s_300",9.97631e+07
"n_800_c_100000000_g_6_f_0.1_eps_0.1_s_100",9.93797e+07
"n_800_c_100000000_g_6_f_0.1_eps_0.1_s_200",9.93838e+07
"n_800_c_100000000_g_6_f_0.1_eps_0.1_s_300",9.93884e+07
"n_800_c_100000000_g_6_f_0.1_eps_0_s_100",9.6882e+07
"n_800_c_100000000_g_6_f_0.1_eps_0_s_200",1.00001e+08
"n_800_c_100000000_g_6_f_0.1_eps_0_s_300",9.68956e+07
"n_800_c_100000000_g_6_f_0.1_eps_1e-05_s_100",9.69128e+07
"n_800_c_100000000_g_6_f_0.1_eps_1e-05_s_200",9.6919e+07
"n_800_c_100000000_g_6_f_0.1_eps_1e-05_s_300",9.69266e+07
"n_800_c_100000000_g_6_f_0.2_eps_0.0001_s_100",9.71956e+07
"n_800_c_100000000_g_6_f_0.2_eps_0.0001_s_200",9.72068e+07
"n_800_c_100000000_g_6_f_0.2_eps_0.0001_s_300",9.7217e+07
"n_800_c_100000000_g_6_f_0.2_eps_0.001_s_100",9.99858e+07
"n_800_c_100000000_g_6_f_0.2_eps_0.001_s_200",9.99964e+07
"n_800_c_100000000_g_6_f_0.2_eps_0.001_s_300",1.00005e+08
"n_800_c_100000000_g_6_f_0.2_eps_0.01_s_100",9.97582e+07
"n_800_c_100000000_g_6_f_0.2_eps_0.01_s_200",9.97656e+07
"n_800_c_100000000_g_6_f_0.2_eps_0.01_s_300",9.97765e+07
"n_800_c_100000000_g_6_f_0.2_eps_0.1_s_100",9.93836e+07
"n_800_c_100000000_g_6_f_0.2_eps_0.1_s_200",9.93926e+07
"n_800_c_100000000_g_6_f_0.2_eps_0.1_s_300",9.93992e+07
"n_800_c_100000000_g_6_f_0.2_eps_0_s_100",9.68862e+07
"n_800_c_100000000_g_6_f_0.2_eps_0_s_200",9.68964e+07
"n_800_c_100000000_g_6_f_0.2_eps_0_s_300",9.69085e+07
"n_800_c_100000000_g_6_f_0.2_eps_1e-05_s_100",9.6917e+07
"n_800_c_100000000_g_6_f_0.2_eps_1e-05_s_200",9.6926e+07
"n_800_c_100000000_g_6_f_0.2_eps_1e-05_s_300",9.69378e+07
"n_800_c_100000000_g_6_f_0.3_eps_0.0001_s_100",9.71998e+07
"n_800_c_100000000_g_6_f_0.3_eps_0.0001_s_200",9.72146e+07
"n_800_c_100000000_g_6_f_0.3_eps_0.0001_s_300",9.72293e+07
"n_800_c_100000000_g_6_f_0.3_eps_0.001_s_100",9.99896e+07
"n_800_c_100000000_g_6_f_0.3_eps_0.001_s_200",1.00003e+08
"n_800_c_100000000_g_6_f_0.3_eps_0.001_s_300",1.0001e+08
"n_800_c_100000000_g_6_f_0.3_eps_0.01_s_100",9.97626e+07
"n_800_c_100000000_g_6_f_0.3_eps_0.01_s_200",9.97765e+07
"n_800_c_100000000_g_6_f_0.3_eps_0.01_s_300",9.97885e+07
"n_800_c_100000000_g_6_f_0.3_eps_0.1_s_100",9.93876e+07
"n_800_c_100000000_g_6_f_0.3_eps_0.1_s_200",9.94004e+07
"n_800_c_100000000_g_6_f_0.3_eps_0.1_s_300",9.94116e+07
"n_800_c_100000000_g_6_f_0.3_eps_0_s_100",1e+08
"n_800_c_100000000_g_6_f_0.3_eps_0_s_200",9.69054e+07
"n_800_c_100000000_g_6_f_0.3_eps_0_s_300",9.69193e+07
"n_800_c_100000000_g_6_f_0.3_eps_1e-05_s_100",9.69214e+07
"n_800_c_100000000_g_6_f_0.3_eps_1e-05_s_200",9.69338e+07
"n_800_c_100000000_g_6_f_0.3_eps_1e-05_s_300",9.69489e+07
"n_800_c_1000000_g_10_f_0.1_eps_0.0001_s_100",1.00602e+06
"n_800_c_1000000_g_10_f_0.1_eps_0.0001_s_200",1.01273e+06
"n_800_c_1000000_g_10_f_0.1_eps_0.0001_s_300",1.01913e+06
"n_800_c_1000000_g_10_f_0.1_eps_0.001_s_100",1.0062e+06
"n_800_c_1000000_g_10_f_0.1_eps_0.001_s_200",1.0134e+06
"n_800_c_1000000_g_10_f_0.1_eps_0.001_s_300",1.01723e+06
"n_800_c_1000000_g_10_f_0.1_eps_0.01_s_100",1.00506e+06
"n_800_c_1000000_g_10_f_0.1_eps_0.01_s_200",1.00975e+06
"n_800_c_1000000_g_10_f_0.1_eps_0.01_s_300",1.01546e+06
"n_800_c_1000000_g_10_f_0.1_eps_0.1_s_100",1.00197e+06
"n_800_c_1000000_g_10_f_0.1_eps_0.1_s_200",1.00476e+06
"n_800_c_1000000_g_10_f_0.1_eps_0.1_s_300",1.0063e+06
"n_800_c_1000000_g_10_f_0.1_eps_0_s_100",1.00706e+06
"n_800_c_1000000_g_10_f_0.1_eps_0_s_200",1.01268e+06
"n_800_c_1000000_g_10_f_0.1_eps_0_s_300",1.0203e+06
"n_800_c_1000000_g_10_f_0.1_eps_1e-05_s_100",1.00634e+06
"n_800_c_1000000_g_10_f_0.1_eps_1e-05_s_200",1.01299e+06
"n_800_c_1000000_g_10_f_0.1_eps_1e-05_s_300",1.01999e+06
"n_800_c_1000000_g_10_f_0.2_eps_0.0001_s_100",1.00747e+06
"n_800_c_1000000_g_10_f_0.2_eps_0.0001_s_200",1.01762e+06
"n_800_c_1000000_g_10_f_0.2_eps_0.0001_s_300",1.023e+06
"n_800_c_1000000_g_10_f_0.2_eps_0.001_s_100",1.00654e+06
"n_800_c_1000000_g_10_f_0.2_eps_0.001_s_200",1.01376e+06
"n_800_c_1000000_g_10_f_0.2_eps_0.001_s_300",1.02374e+06
"n_800_c_1000000_g_10_f_0.2_eps_0.01_s_100",1.00581e+06
"n_800_c_1000000_g_10_f_0.2_eps_0.01_s_200",1.01156e+06
"n_800_c_1000000_g_10_f_0.2_eps_0.01_s_300",1.01778e+06
"n_800_c_1000000_g_10_f_0.2_eps_0.1_s_100",1.00337e+06
"n_800_c_1000000_g_10_f_0.2_eps_0.1_s_200",1.00755e+06
"n_800_c_1000000_g_10_f_0.2_eps_0.1_s_300",1.00948e+06
"n_800_c_1000000_g_10_f_0.2_eps_0_s_100",1.00773e+06
"n_800_c_1000000_g_10_f_0.2_eps_0_s_200",1.01638e+06
"n_800_c_1000000_g_10_f_0.2_eps_0_s_300",1.02483e+06
"n_800_c_1000000_g_10_f_0.2_eps_1e-05_s_100",1.00769e+06
"n_800_c_1000000_g_10_f_0.2_eps_1e-05_s_200",1.01593e+06
"n_800_c_1000000_g_10_f_0.2_eps_1e-05_s_300",1.02365e+06
"n_800_c_1000000_g_10_f_0.3_eps_0.0001_s_100",1.00834e+06
"n_800_c_1000000_g_10_f_0.3_eps_0.0001_s_200",1.01664e+06
"n_800_c_1000000_g_10_f_0.3_eps_0.0001_s_300",1.02549e+06
"n_800_c_1000000_g_10_f_0.3_eps_0.001_s_100",1.00839e+06
"n_800_c_1000000_g_10_f_0.3_eps_0.001_s_200",1.01601e+06
"n_800_c_1000000_g_10_f_0.3_eps_0.001_s_300",1.024e+06
"n_800_c_1000000_g_10_f_0.3_eps_0.01_s_100",1.00753e+06
"n_800_c_1000000_g_10_f_0.3_eps_0.01_s_200",1.01537e+06
"n_800_c_1000000_g_10_f_0.3_eps_0.01_s_300",1.02234e+06
"n_800_c_1000000_g_10_f_0.3_eps_0.1_s_100",1.00459e+06
"n_800_c_1000000_g_10_f_0.3_eps_0.1_s_200",1.00848e+06
"n_800_c_1000000_g_10_f_0.3_eps_0.1_s_300",1.0143e+06
"n_800_c_1000000_g_10_f_0.3_eps_0_s_100",1.00902e+06
"n_800_c_1000000_g_10_f_0.3_eps_0_s_200",1.01696e+06
"n_800_c_1000000_g_10_f_0.3_eps_0_s_300",1.02649e+06
"n_800_c_1000000_g_10_f_0.3_eps_1e-05_s_100",1.0093e+06
"n_800_c_1000000_g_10_f_0.3_eps_1e-05_s_200",1.01862e+06
"n_800_c_1000000_g_10_f_0.3_eps_1e-05_s_300",1.02603e+06
"n_800_c_1000000_g_14_f_0.1_eps_0.0001_s_100",1.00914e+06
"n_800_c_1000000_g_14_f_0.1_eps_0.0001_s_200",1.01955e+06
"n_800_c_1000000_g_14_f_0.1_eps_0.0001_s_300",1.02942e+06
"n_800_c_1000000_g_14_f_0.1_eps_0.001_s_100",1.00865e+06
"n_800_c_1000000_g_14_f_0.1_eps_0.001_s_200",1.01662e+06
"n_800_c_1000000_g_14_f_0.1_eps_0.001_s_300",1.02608e+06
"n_800_c_1000000_g_14_f_0.1_eps_0.01_s_100",1.00626e+06
"n_800_c_1000000_g_14_f_0.1_eps_0.01_s_200",1.01185e+06
"n_800_c_1000000_g_14_f_0.1_eps_0.01_s_300",1.01765e+06
"n_800_c_1000000_g_14_f_0.1_eps_0.1_s_100",1.00219e+06
"n_800_c_1000000_g_14_f_0.1_eps_0.1_s_200",1.00401e+06
"n_800_c_1000000_g_14_f_0.1_eps_0.1_s_300",1.00588e+06
"n_800_c_1000000_g_14_f_0.1_eps_0_s_100",1.0089e+06
"n_800_c_1000000_g_14_f_0.1_eps_0_s_200",1.0198e+06
"n_800_c_1000000_g_14_f_0.1_eps_0_s_300",1.02799e+06
"n_800_c_1000000_g_14_f_0.1_eps_1e-05_s_100",1.00984e+06
"n_800_c_1000000_g_14_f_0.1_eps_1e-05_s_200",1.01678e+06
"n_800_c_1000000_g_14_f_0.1_eps_1e-05_s_300",1.02858e+06
"n_800_c_1000000_g_14_f_0.2_eps_0.0001_s_100",1.01017e+06
"n_800_c_1000000_g_14_f_0.2_eps_0.0001_s_200",1.01987e+06
"n_800_c_1000000_g_14_f_0.2_eps_0.0001_s_300",1.03015e+06
"n_800_c_1000000_g_14_f_0.2_eps_0.001_s_100",1.00978e+06
"n_800_c_1000000_g_14_f_0.2_eps_0.001_s_200",1.01877e+06
"n_800_c_1000000_g_14_f_0.2_eps_0.001_s_300",1.02718e+06
"n_800_c_1000000_g_14_f_0.2_eps_0.01_s_100",1.00706e+06
"n_800_c_1000000_g_14_f_0.2_eps_0.01_s_200",1.01407e+06
"n_800_c_1000000_g_14_f_0.2_eps_0.01_s_300",1.02059e+06
"n_800_c_1000000_g_14_f_0.2_eps_0.1_s_100",1.00333e+06
"n_800_c_1000000_g_14_f_0.2_eps_0.1_s_200",1.00706e+06
"n_800_c_1000000_g_14_f_0.2_eps_0.1_s_300",1.01018e+06
"n_800_c_1000000_g_14_f_0.2_eps_0_s_100",1.01035e+06
"n_800_c_1000000_g_14_f_0.2_eps_0_s_200",1.02018e+06
"n_800_c_1000000_g_14_f_0.2_eps_0_s_300",1.03025e+06
"n_800_c_1000000_g_14_f_0.2_eps_1e-05_s_100",1.00991e+06
"n_800_c_1000000_g_14_f_0.2_eps_1e-05_s_200",1.01883e+06
"n_800_c_1000000_g_14_f_0.2_eps_1e-05_s_300",1.02738e+06
"n_800_c_1000000_g_14_f_0.3_eps_0.0001_s_100",1.01037e+06
"n_800_c_1000000_g_14_f_0.3_eps_0.0001_s_200",1.02047e+06
"n_800_c_1000000_g_14_f_0.3_eps_0.0001_s_300",1.03241e+06
"n_800_c_1000000_g_14_f_0.3_eps_0.001_s_100",1.01073e+06
"n_800_c_1000000_g_14_f_0.3_eps_0.001_s_200",1.02045e+06
"n_800_c_1000000_g_14_f_0.3_eps_0.001_s_300",1.02795e+06
"n_800_c_1000000_g_14_f_0.3_eps_0.01_s_100",1.00802e+06
"n_800_c_1000000_g_14_f_0.3_eps_0.01_s_200",1.01636e+06
"n_800_c_1000000_g_14_f_0.3_eps_0.01_s_300",1.02266e+06
"n_800_c_1000000_g_14_f_0.3_eps_0.1_s_100",1.00501e+06
"n_800_c_1000000_g_14_f_0.3_eps_0.1_s_200",1.01023e+06
"n_800_c_1000000_g_14_f_0.3_eps_0.1_s_300",1.01644e+06
"n_800_c_1000000_g_14_f_0.3_eps_0_s_100",1.01018e+06
"n_800_c_1000000_g_14_f_0.3_eps_0_s_200",1.02068e+06
"n_800_c_1000000_g_14_f_0.3_eps_0_s_300",1.03213e+06
"n_800_c_1000000_g_14_f_0.3_eps_1e-05_s_100",1.0099e+06
"n_800_c_1000000_g_14_f_0.3_eps_1e-05_s_200",1.02085e+06
"n_800_c_1000000_g_14_f_0.3_eps_1e-05_s_300",1.02693e+06
"n_800_c_1000000_g_2_f_0.1_eps_0.0001_s_100",504096
"n_800_c_1000000_g_2_f_0.1_eps_0.0001_s_200",508789
"n_800_c_1000000_g_2_f_0.1_eps_0.0001_s_300",512492
"n_800_c_1000000_g_2_f_0.1_eps_0.001_s_100",505084
"n_800_c_1000000_g_2_f_0.1_eps_0.001_s_200",508943
"n_800_c_1000000_g_2_f_0.1_eps_0.001_s_300",513006
"n_800_c_1000000_g_2_f_0.1_eps_0.01_s_100",513710
"n_800_c_1000000_g_2_f_0.1_eps_0.01_s_200",517989
"n_800_c_1000000_g_2_f_0.1_eps_0.01_s_300",522135
"n_800_c_1000000_g_2_f_0.1_eps_0.1_s_100",603984
"n_800_c_1000000_g_2_f_0.1_eps_0.1_s_200",607239
"n_800_c_1000000_g_2_f_0.1_eps_0.1_s_300",612531
"n_800_c_1000000_g_2_f_0.1_eps_0_s_100",503918
"n_800_c_1000000_g_2_f_0.1_eps_0_s_200",508009
"n_800_c_1000000_g_2_f_0.1_eps_0_s_300",513348
"n_800_c_1000000_g_2_f_0.1_eps_1e-05_s_100",504243
"n_800_c_1000000_g_2_f_0.1_eps_1e-05_s_200",508591
"n_800_c_1000000_g_2_f_0.1_eps_1e-05_s_300",512312
"n_800_c_1000000_g_2_f_0.2_eps_0.0001_s_100",509098
"n_800_c_1000000_g_2_f_0.2_eps_0.0001_s_200",515167
"n_800_c_1000000_g_2_f_0.2_eps_0.0001_s_300",524123
"n_800_c_1000000_g_2_f_0.2_eps_0.001_s_100",508778
"n_800_c_1000000_g_2_f_0.2_eps_0.001_s_200",518014
"n_800_c_1000000_g_2_f_0.2_eps_0.001_s_300",525569
"n_800_c_1000000_g_2_f_0.2_eps_0.01_s_100",517968
"n_800_c_1000000_g_2_f_0.2_eps_0.01_s_200",526236
"n_800_c_1000000_g_2_f_0.2_eps_0.01_s_300",533231
"n_800_c_1000000_g_2_f_0.2_eps_0.1_s_100",608360
"n_800_c_1000000_g_2_f_0.2_eps_0.1_s_200",615577
"n_800_c_1000000_g_2_f_0.2_eps_0.1_s_300",625615
"n_800_c_1000000_g_2_f_0.2_eps_0_s_100",508303
"n_800_c_1000000_g_2_f_0.2_eps_0_s_200",516874
"n_800_c_1000000_g_2_f_0.2_eps_0_s_300",525141
"n_800_c_1000000_g_2_f_0.2_eps_1e-05_s_100",508397
"n_800_c_1000000_g_2_f_0.2_eps_1e-05_s_200",516781
"n_800_c_1000000_g_2_f_0.2_eps_1e-05_s_300",524762
"n_800_c_1000000_g_2_f_0.3_eps_0.0001_s_100",513034
"n_800_c_1000000_g_2_f_0.3_eps_0.0001_s_200",523961
"n_800_c_1000000_g_2_f_0.3_eps_0.0001_s_300",537158
"n_800_c_1000000_g_2_f_0.3_eps_0.001_s_100",513559
"n_800_c_1000000_g_2_f_0.3_eps_0.001_s_200",525529
"n_800_c_1000000_g_2_f_0.3_eps_0.001_s_300",537176
"n_800_c_1000000_g_2_f_0.3_eps_0.01_s_100",521598
"n_800_c_1000000_g_2_f_0.3_eps_0.01_s_200",535304
"n_800_c_1000000_g_2_f_0.3_eps_0.01_s_300",545077
"n_800_c_1000000_g_2_f_0.3_eps_0.1_s_100",612326
"n_800_c_1000000_g_2_f_0.3_eps_0.1_s_200",624829
"n_800_c_1000000_g_2_f_0.3_eps_0.1_s_300",635034
"n_800_c_1000000_g_2_f_0.3_eps_0_s_100",512765
"n_800_c_1000000_g_2_f_0.3_eps_0_s_200",523629
"n_800_c_1000000_g_2_f_0.3_eps_0_s_300",534494
"n_800_c_1000000_g_2_f_0.3_eps_1e-05_s_100",511976
"n_800_c_1000000_g_2_f_0.3_eps_1e-05_s_200",522735
"n_800_c_1000000_g_2_f_0.3_eps_1e-05_s_300",536552
"n_800_c_1000000_g_6_f_0.1_eps_0.0001_s_100",978580
"n_800_c_1000000_g_6_f_0.1_eps_0.0001_s_200",985275
"n_800_c_1000000_g_6_f_0.1_eps_0.0001_s_300",992980
"n_800_c_1000000_g_6_f_0.1_eps_0.001_s_100",1.00321e+06
"n_800_c_1000000_g_6_f_0.1_eps_0.001_s_200",1.00676e+06
"n_800_c_1000000_g_6_f_0.1_eps_0.001_s_300",1.00899e+06
"n_800_c_1000000_g_6_f_0.1_eps_0.01_s_100",1.00161e+06
"n_800_c_1000000_g_6_f_0.1_eps_0.01_s_200",1.00387e+06
"n_800_c_1000000_g_6_f_0.1_eps_0.01_s_300",1.00786e+06
"n_800_c_1000000_g_6_f_0.1_eps_0.1_s_100",998194
"n_800_c_1000000_g_6_f_0.1_eps_0.1_s_200",1.00275e+06
"n_800_c_1000000_g_6_f_0.1_eps_0.1_s_300",1.00467e+06
"n_800_c_1000000_g_6_f_0.1_eps_0_s_100",975460
"n_800_c_1000000_g_6_f_0.1_eps_0_s_200",983027
"n_800_c_1000000_g_6_f_0.1_eps_0_s_300",988629
"n_800_c_1000000_g_6_f_0.1_eps_1e-05_s_100",976220
"n_800_c_1000000_g_6_f_0.1_eps_1e-05_s_200",983203
"n_800_c_1000000_g_6_f_0.1_eps_1e-05_s_300",989895
"n_800_c_1000000_g_6_f_0.2_eps_0.0001_s_100",982392
"n_800_c_1000000_g_6_f_0.2_eps_0.0001_s_200",994712
"n_800_c_1000000_g_6_f_0.2_eps_0.0001_s_300",1.00396e+06
"n_800_c_1000000_g_6_f_0.2_eps_0.001_s_100",1.00407e+06
"n_800_c_1000000_g_6_f_0.2_eps_0.001_s_200",1.00755e+06
"n_800_c_1000000_g_6_f_0.2_eps_0.001_s_300",1.01155e+06
"n_800_c_1000000_g_6_f_0.2_eps_0.01_s_100",1.00366e+06
"n_800_c_1000000_g_6_f_0.2_eps_0.01_s_200",1.00714e+06
"n_800_c_1000000_g_6_f_0.2_eps_0.01_s_300",1.01302e+06
"n_800_c_1000000_g_6_f_0.2_eps_0.1_s_100",1.00178e+06
"n_800_c_1000000_g_6_f_0.2_eps_0.1_s_200",1.00544e+06
"n_800_c_1000000_g_6_f_0.2_eps_0.1_s_300",1.00821e+06
"n_800_c_1000000_g_6_f_0.2_eps_0_s_100",979395
"n_800_c_1000000_g_6_f_0.2_eps_0_s_200",989694
"n_800_c_1000000_g_6_f_0.2_eps_0_s_300",999741
"n_800_c_1000000_g_6_f_0.2_eps_1e-05_s_100",980098
"n_800_c_1000000_g_6_f_0.2_eps_1e-05_s_200",991078
"n_800_c_1000000_g_6_f_0.2_eps_1e-05_s_300",998373
"n_800_c_1000000_g_6_f_0.3_eps_0.0001_s_100",986950
"n_800_c_1000000_g_6_f_0.3_eps_0.0001_s_200",1.00119e+06
"n_800_c_1000000_g_6_f_0.3_eps_0.0001_s_300",1.01011e+06
"n_800_c_1000000_g_6_f_0.3_eps_0.001_s_100",1.00543e+06
"n_800_c_1000000_g_6_f_0.3_eps_0.001_s_200",1.01109e+06
"n_800_c_1000000_g_6_f_0.3_eps_0.001_s_300",1.01722e+06
"n_800_c_1000000_g_6_f_0.3_eps_0.01_s_100",1.00489e+06
"n_800_c_1000000_g_6_f_0.3_eps_0.01_s_200",1.01173e+06
"n_800_c_1000000_g_6_f_0.3_eps_0.01_s_300",1.01452e+06
"n_800_c_1000000_g_6_f_0.3_eps_0.1_s_100",1.00386e+06
"n_800_c_1000000_g_6_f_0.3_eps_0.1_s_200",1.00932e+06
"n_800_c_1000000_g_6_f_0.3_eps_0.1_s_300",1.01291e+06
"n_800_c_1000000_g_6_f_0.3_eps_0_s_100",983625
"n_800_c_1000000_g_6_f_0.3_eps_0_s_200",998609
"n_800_c_1000000_g_6_f_0.3_eps_0_s_300",1.01426e+06
"n_800_c_1000000_g_6_f_0.3_eps_1e-05_s_100",983660
"n_800_c_1000000_g_6_f_0.3_eps_1e-05_s_200",998907
"n_800_c_1000000_g_6_f_0.3_eps_1e-05_s_300",1.00974e+06
