0.000000;-1.000000;17115.000000;0.000000;108004.000000;20202.000000;0.000000;0.403793
1.000000;20510.000000;19273.000000;0.000000;73694.000000;20510.000000;1.000000;0.890343
2.000000;20510.000000;18053.000000;0.000000;39270.000000;20562.000000;0.000000;1.486002
3.000000;20510.000000;15007.000000;0.000000;175763.000000;20289.000000;1.000000;1.994488
4.000000;20510.000000;16398.000000;0.000000;149961.000000;20743.000000;0.000000;2.493624
5.000000;20510.000000;16101.000000;0.000000;200578.000000;20743.000000;0.000000;2.984671
6.000000;20510.000000;15280.000000;0.000000;193938.000000;20743.000000;0.000000;3.473506
7.000000;20510.000000;14862.000000;0.000000;184695.000000;20743.000000;0.000000;3.964574
8.000000;20510.000000;15644.000000;0.000000;204813.000000;20743.000000;0.000000;4.451453
9.000000;20510.000000;15783.000000;0.000000;144296.000000;20743.000000;0.000000;4.940311
10.000000;20510.000000;15183.000000;0.000000;195091.000000;20743.000000;0.000000;5.429456
11.000000;20510.000000;15123.000000;0.000000;227401.000000;20743.000000;0.000000;5.921565
12.000000;20510.000000;15773.000000;0.000000;185889.000000;20743.000000;0.000000;6.426210
13.000000;20510.000000;16251.000000;0.000000;172710.000000;20743.000000;0.000000;6.922223
14.000000;20510.000000;14703.000000;0.000000;214314.000000;20743.000000;0.000000;7.412525
15.000000;20510.000000;15937.000000;0.000000;179007.000000;20743.000000;0.000000;7.998693
16.000000;20510.000000;15215.000000;0.000000;183606.000000;20743.000000;0.000000;8.543217
17.000000;20510.000000;16185.000000;0.000000;132621.000000;20743.000000;0.000000;9.042634
18.000000;20510.000000;15522.000000;0.000000;152270.000000;20743.000000;0.000000;9.545535
19.000000;20510.000000;15516.000000;0.000000;150629.000000;20743.000000;0.000000;10.054152
20.000000;20510.000000;13880.000000;0.000000;232466.000000;20743.000000;0.000000;10.595700
21.000000;20510.000000;15712.000000;0.000000;156455.000000;20743.000000;0.000000;11.132491
22.000000;20510.000000;15078.000000;0.000000;168557.000000;20743.000000;0.000000;11.672085
23.000000;20510.000000;15446.000000;0.000000;197056.000000;20743.000000;0.000000;12.210357
24.000000;20510.000000;13825.000000;0.000000;239412.000000;20743.000000;0.000000;12.747277
25.000000;20510.000000;14467.000000;0.000000;163071.000000;20743.000000;0.000000;13.279026
26.000000;20510.000000;16945.000000;0.000000;121163.000000;20743.000000;0.000000;13.819391
27.000000;20510.000000;14847.000000;0.000000;204428.000000;20743.000000;0.000000;14.361939
28.000000;20510.000000;16708.000000;0.000000;143500.000000;20743.000000;0.000000;14.904101
29.000000;20510.000000;15557.000000;0.000000;201018.000000;20743.000000;0.000000;15.447024
30.000000;20510.000000;17335.000000;0.000000;172384.000000;20743.000000;0.000000;15.991934
31.000000;20510.000000;16600.000000;0.000000;105751.000000;20743.000000;0.000000;16.551710
32.000000;20510.000000;16451.000000;0.000000;122278.000000;20743.000000;0.000000;17.093954
33.000000;20510.000000;15268.000000;0.000000;159368.000000;20743.000000;0.000000;17.628962
34.000000;20510.000000;18029.000000;0.000000;100806.000000;20743.000000;0.000000;18.166986
35.000000;20510.000000;14275.000000;0.000000;203287.000000;20743.000000;0.000000;18.705233
36.000000;20510.000000;16148.000000;0.000000;180749.000000;20743.000000;0.000000;19.235889
37.000000;20510.000000;14043.000000;0.000000;181182.000000;20743.000000;0.000000;19.768270
38.000000;20510.000000;15462.000000;0.000000;173346.000000;20743.000000;0.000000;20.304142
39.000000;20510.000000;14497.000000;0.000000;172527.000000;20743.000000;0.000000;20.839243
40.000000;20510.000000;17570.000000;0.000000;111204.000000;20743.000000;0.000000;21.460348
41.000000;20510.000000;15235.000000;0.000000;164148.000000;20743.000000;0.000000;22.083469
42.000000;20510.000000;15590.000000;0.000000;159446.000000;20743.000000;0.000000;22.711048
43.000000;20510.000000;17294.000000;0.000000;127203.000000;20743.000000;0.000000;23.339382
44.000000;20510.000000;14417.000000;0.000000;208319.000000;20743.000000;0.000000;24.051792
45.000000;20510.000000;15884.000000;0.000000;158919.000000;20743.000000;0.000000;24.687296
46.000000;20510.000000;13461.000000;0.000000;268380.000000;20743.000000;0.000000;25.312410
47.000000;20510.000000;17130.000000;0.000000;148880.000000;20743.000000;0.000000;25.935955
48.000000;20510.000000;14205.000000;0.000000;176556.000000;20743.000000;0.000000;26.579372
49.000000;20510.000000;17003.000000;0.000000;131851.000000;20743.000000;0.000000;27.213120
50.000000;20510.000000;15420.000000;0.000000;183458.000000;20743.000000;0.000000;27.838274
51.000000;20510.000000;16370.000000;0.000000;119436.000000;20743.000000;0.000000;28.459887
52.000000;20510.000000;14460.000000;0.000000;185426.000000;20743.000000;0.000000;29.085751
53.000000;20510.000000;17680.000000;0.000000;111888.000000;20743.000000;0.000000;29.716127
54.000000;20510.000000;17275.000000;0.000000;81926.000000;20743.000000;0.000000;30.336025
55.000000;20510.000000;15923.000000;0.000000;168036.000000;20743.000000;0.000000;30.952829
56.000000;20510.000000;14288.000000;0.000000;211968.000000;20743.000000;0.000000;31.568499
57.000000;20510.000000;15069.000000;0.000000;222700.000000;20743.000000;0.000000;32.189796
58.000000;20510.000000;14712.000000;0.000000;265601.000000;20743.000000;0.000000;32.805973
59.000000;20510.000000;15003.000000;0.000000;190137.000000;20743.000000;0.000000;33.420166
60.000000;20510.000000;14958.000000;0.000000;204900.000000;20743.000000;0.000000;34.206406
61.000000;20510.000000;15445.000000;0.000000;184505.000000;20743.000000;0.000000;34.998150
62.000000;20510.000000;14947.000000;0.000000;183720.000000;20743.000000;0.000000;35.790680
63.000000;20510.000000;18583.000000;0.000000;82780.000000;20743.000000;0.000000;36.599041
64.000000;20510.000000;14043.000000;0.000000;263187.000000;20743.000000;0.000000;37.392597
65.000000;20510.000000;16942.000000;0.000000;112158.000000;20743.000000;0.000000;38.177860
66.000000;20510.000000;14950.000000;0.000000;153637.000000;20743.000000;0.000000;38.966782
67.000000;20510.000000;15649.000000;0.000000;156043.000000;20743.000000;0.000000;39.758762
68.000000;20510.000000;16369.000000;0.000000;192062.000000;20743.000000;0.000000;40.544174
69.000000;20510.000000;15542.000000;0.000000;152106.000000;20743.000000;0.000000;41.331516
70.000000;20510.000000;15635.000000;0.000000;173738.000000;20743.000000;0.000000;42.125740
71.000000;20510.000000;14688.000000;0.000000;186273.000000;20743.000000;0.000000;42.950455
72.000000;20510.000000;15939.000000;0.000000;126806.000000;20743.000000;0.000000;43.741978
73.000000;20510.000000;17269.000000;0.000000;165465.000000;20743.000000;0.000000;44.524879
74.000000;20510.000000;16927.000000;0.000000;89030.000000;20743.000000;0.000000;45.306000
75.000000;20510.000000;17098.000000;0.000000;155467.000000;20743.000000;0.000000;46.091045
76.000000;20510.000000;14732.000000;0.000000;187744.000000;20743.000000;0.000000;46.897671
77.000000;20510.000000;14778.000000;0.000000;243548.000000;20743.000000;0.000000;47.690536
78.000000;20510.000000;15716.000000;0.000000;192021.000000;20743.000000;0.000000;48.485241
79.000000;20510.000000;15692.000000;0.000000;187356.000000;20743.000000;0.000000;49.276669
80.000000;20510.000000;18470.000000;0.000000;58018.000000;22348.000000;0.000000;50.403240
81.000000;20510.000000;15577.000000;0.000000;258718.000000;22348.000000;0.000000;51.537712
82.000000;20510.000000;13699.000000;0.000000;248636.000000;22348.000000;0.000000;52.664238
83.000000;20510.000000;14741.000000;0.000000;251813.000000;22348.000000;0.000000;53.795433
84.000000;20510.000000;14157.000000;0.000000;208937.000000;22348.000000;0.000000;54.924053
85.000000;20510.000000;15250.000000;0.000000;201301.000000;22348.000000;0.000000;56.049679
86.000000;20510.000000;15215.000000;0.000000;175892.000000;22348.000000;0.000000;57.204296
87.000000;20510.000000;16722.000000;0.000000;123711.000000;22348.000000;0.000000;58.338768
88.000000;20510.000000;15774.000000;0.000000;179163.000000;22348.000000;0.000000;59.465816
89.000000;20510.000000;13854.000000;0.000000;235264.000000;22348.000000;0.000000;60.590546
90.000000;20510.000000;16398.000000;0.000000;149152.000000;22348.000000;0.000000;61.703735
91.000000;20510.000000;14845.000000;0.000000;178107.000000;22348.000000;0.000000;62.839500
92.000000;20510.000000;15208.000000;0.000000;174356.000000;22348.000000;0.000000;63.947605
93.000000;20510.000000;15234.000000;0.000000;229186.000000;22348.000000;0.000000;65.084381
94.000000;20510.000000;16703.000000;0.000000;160802.000000;22348.000000;0.000000;66.252960
95.000000;20510.000000;15102.000000;0.000000;199342.000000;22348.000000;0.000000;67.481346
96.000000;20510.000000;16590.000000;0.000000;142207.000000;22348.000000;0.000000;68.618416
97.000000;20510.000000;16946.000000;0.000000;164678.000000;22348.000000;0.000000;69.746925
98.000000;20510.000000;15732.000000;0.000000;192424.000000;22348.000000;0.000000;70.862869
99.000000;20510.000000;16023.000000;0.000000;142937.000000;22348.000000;0.000000;71.987564
100.000000;20510.000000;15000.000000;0.000000;194323.000000;22348.000000;0.000000;73.274597
101.000000;20510.000000;14059.000000;0.000000;267902.000000;22348.000000;0.000000;74.562965
102.000000;20510.000000;16347.000000;0.000000;140734.000000;22348.000000;0.000000;75.847893
103.000000;20510.000000;14947.000000;0.000000;193858.000000;22348.000000;0.000000;77.148888
104.000000;20510.000000;16519.000000;0.000000;106875.000000;22348.000000;0.000000;78.435486
105.000000;20510.000000;15458.000000;0.000000;185307.000000;22348.000000;0.000000;79.731606
106.000000;20510.000000;16790.000000;0.000000;129258.000000;22348.000000;0.000000;81.013931
107.000000;20510.000000;15365.000000;0.000000;167892.000000;22348.000000;0.000000;82.295021
108.000000;20510.000000;15997.000000;0.000000;181241.000000;22348.000000;0.000000;83.578476
109.000000;20510.000000;13983.000000;0.000000;243500.000000;22348.000000;0.000000;84.861870
110.000000;20510.000000;18140.000000;0.000000;120319.000000;22348.000000;0.000000;86.144753
111.000000;20510.000000;15444.000000;0.000000;210047.000000;22348.000000;0.000000;87.451897
112.000000;20510.000000;18232.000000;0.000000;89800.000000;22348.000000;0.000000;88.736450
113.000000;20510.000000;15513.000000;0.000000;192423.000000;22348.000000;0.000000;90.012863
114.000000;20510.000000;16425.000000;0.000000;152464.000000;22348.000000;0.000000;91.298820
115.000000;20510.000000;13770.000000;0.000000;239342.000000;22348.000000;0.000000;92.586250
116.000000;20510.000000;16865.000000;0.000000;127130.000000;22348.000000;0.000000;93.873924
117.000000;20510.000000;15535.000000;0.000000;191549.000000;22348.000000;0.000000;95.157600
118.000000;20510.000000;16811.000000;0.000000;170892.000000;22348.000000;0.000000;96.449814
119.000000;20510.000000;18270.000000;0.000000;109787.000000;22348.000000;0.000000;97.763817
120.000000;20510.000000;16165.000000;0.000000;209914.000000;22348.000000;0.000000;99.053780
121.000000;20510.000000;17666.000000;0.000000;135519.000000;22348.000000;0.000000;100.355347
122.000000;20510.000000;14188.000000;0.000000;205904.000000;22348.000000;0.000000;101.645958
123.000000;20510.000000;17391.000000;0.000000;108757.000000;22348.000000;0.000000;102.960426
124.000000;20510.000000;15814.000000;0.000000;186672.000000;22348.000000;0.000000;104.249962
125.000000;20510.000000;17162.000000;0.000000;190308.000000;22348.000000;0.000000;105.531319
126.000000;20510.000000;15790.000000;0.000000;133992.000000;22348.000000;0.000000;106.815544
127.000000;20510.000000;15939.000000;0.000000;167886.000000;22348.000000;0.000000;108.124138
128.000000;20510.000000;14409.000000;0.000000;221646.000000;22348.000000;0.000000;109.410156
129.000000;20510.000000;20949.000000;0.000000;47093.000000;22348.000000;0.000000;110.705238
130.000000;20510.000000;16649.000000;0.000000;172448.000000;22348.000000;0.000000;111.996544
131.000000;20510.000000;15910.000000;0.000000;145895.000000;22348.000000;0.000000;113.281563
132.000000;20510.000000;16115.000000;0.000000;170525.000000;22348.000000;0.000000;114.589584
133.000000;20510.000000;15643.000000;0.000000;177123.000000;22348.000000;0.000000;115.876503
134.000000;20510.000000;14547.000000;0.000000;186355.000000;22348.000000;0.000000;117.181984
135.000000;20510.000000;15742.000000;0.000000;173442.000000;22348.000000;0.000000;118.483086
136.000000;20510.000000;14559.000000;0.000000;214690.000000;22348.000000;0.000000;119.772316
137.000000;20510.000000;14916.000000;0.000000;190930.000000;22348.000000;0.000000;121.069130
138.000000;20510.000000;15815.000000;0.000000;172974.000000;22348.000000;0.000000;122.395226
139.000000;20510.000000;15669.000000;0.000000;184146.000000;22348.000000;0.000000;123.691132
140.000000;20510.000000;15894.000000;0.000000;156127.000000;22348.000000;0.000000;124.988983
141.000000;20510.000000;15273.000000;0.000000;196597.000000;22348.000000;0.000000;126.291290
142.000000;20510.000000;15085.000000;0.000000;225911.000000;22348.000000;0.000000;127.607353
143.000000;20510.000000;15636.000000;0.000000;185507.000000;22348.000000;0.000000;128.905045
144.000000;20510.000000;14780.000000;0.000000;180207.000000;22348.000000;0.000000;130.203171
145.000000;20510.000000;15050.000000;0.000000;175696.000000;22348.000000;0.000000;131.501297
146.000000;20510.000000;15155.000000;0.000000;193364.000000;22348.000000;0.000000;132.802505
147.000000;20510.000000;14803.000000;0.000000;237050.000000;22348.000000;0.000000;134.098740
148.000000;20510.000000;16931.000000;0.000000;139007.000000;22348.000000;0.000000;135.395233
149.000000;20510.000000;15889.000000;0.000000;146386.000000;22348.000000;0.000000;136.688873
150.000000;20510.000000;17261.000000;0.000000;138070.000000;22348.000000;0.000000;138.085495
151.000000;20510.000000;15731.000000;0.000000;148407.000000;22348.000000;0.000000;139.387680
152.000000;20510.000000;16004.000000;0.000000;153349.000000;22348.000000;0.000000;140.684036
153.000000;20510.000000;15680.000000;0.000000;138096.000000;22348.000000;0.000000;141.976379
154.000000;20510.000000;14885.000000;0.000000;201848.000000;22348.000000;0.000000;143.267960
155.000000;20510.000000;17084.000000;0.000000;142291.000000;22348.000000;0.000000;144.571930
156.000000;20510.000000;17310.000000;0.000000;111676.000000;22348.000000;0.000000;145.866714
157.000000;20510.000000;15036.000000;0.000000;216258.000000;22348.000000;0.000000;147.163834
158.000000;20510.000000;15873.000000;0.000000;219110.000000;22348.000000;0.000000;148.481903
159.000000;20510.000000;15696.000000;0.000000;176527.000000;22348.000000;0.000000;149.780655
160.000000;20510.000000;16439.000000;0.000000;183431.000000;22348.000000;0.000000;151.084061
161.000000;20510.000000;16940.000000;0.000000;92341.000000;22348.000000;0.000000;152.391754
162.000000;20510.000000;15248.000000;0.000000;190743.000000;22348.000000;0.000000;153.697586
163.000000;20510.000000;15063.000000;0.000000;226104.000000;22348.000000;0.000000;155.000153
164.000000;20510.000000;15222.000000;0.000000;173619.000000;22348.000000;0.000000;156.303543
165.000000;20510.000000;15308.000000;0.000000;153558.000000;22348.000000;0.000000;157.637085
166.000000;20510.000000;15976.000000;0.000000;151944.000000;22348.000000;0.000000;158.942795
167.000000;20510.000000;16554.000000;0.000000;132961.000000;22348.000000;0.000000;160.246872
168.000000;20510.000000;16751.000000;0.000000;167330.000000;22348.000000;0.000000;161.548569
169.000000;20510.000000;15004.000000;0.000000;238572.000000;22348.000000;0.000000;162.934601
170.000000;20510.000000;15309.000000;0.000000;188982.000000;22348.000000;0.000000;164.238586
171.000000;20510.000000;15433.000000;0.000000;157065.000000;22348.000000;0.000000;165.541672
172.000000;20510.000000;14527.000000;0.000000;217574.000000;22348.000000;0.000000;166.845642
173.000000;20510.000000;15066.000000;0.000000;190529.000000;22348.000000;0.000000;168.168686
174.000000;20510.000000;15190.000000;0.000000;183386.000000;22348.000000;0.000000;169.469360
175.000000;20510.000000;17043.000000;0.000000;146275.000000;22348.000000;0.000000;170.770645
176.000000;20510.000000;14090.000000;0.000000;262134.000000;22348.000000;0.000000;172.074265
177.000000;20510.000000;15466.000000;0.000000;227085.000000;22348.000000;0.000000;173.372421
178.000000;20510.000000;15158.000000;0.000000;224570.000000;22348.000000;0.000000;174.675491
179.000000;20510.000000;14939.000000;0.000000;197304.000000;22348.000000;0.000000;175.975311
180.000000;20510.000000;16237.000000;0.000000;125849.000000;22348.000000;0.000000;177.279099
181.000000;20510.000000;14670.000000;0.000000;240103.000000;22348.000000;0.000000;178.616119
182.000000;20510.000000;14839.000000;0.000000;226819.000000;22348.000000;0.000000;179.919800
183.000000;20510.000000;17023.000000;0.000000;153448.000000;22348.000000;0.000000;181.222931
184.000000;20510.000000;16093.000000;0.000000;141706.000000;22348.000000;0.000000;182.531799
185.000000;20510.000000;17475.000000;0.000000;168202.000000;22348.000000;0.000000;183.920090
186.000000;20510.000000;16504.000000;0.000000;157687.000000;22348.000000;0.000000;185.227737
187.000000;20510.000000;15007.000000;0.000000;204678.000000;22348.000000;0.000000;186.581161
188.000000;20510.000000;14975.000000;0.000000;237817.000000;22348.000000;0.000000;187.918701
189.000000;20510.000000;16114.000000;0.000000;153582.000000;22348.000000;0.000000;189.224579
190.000000;20510.000000;14218.000000;0.000000;217941.000000;22348.000000;0.000000;190.538925
191.000000;20510.000000;17126.000000;0.000000;148272.000000;22348.000000;0.000000;191.843430
192.000000;20510.000000;15232.000000;0.000000;213077.000000;22348.000000;0.000000;193.151352
193.000000;20510.000000;17569.000000;0.000000;162505.000000;22348.000000;0.000000;194.458130
194.000000;20510.000000;14786.000000;0.000000;196499.000000;22348.000000;0.000000;195.769516
195.000000;20510.000000;17618.000000;0.000000;110020.000000;22348.000000;0.000000;197.076233
196.000000;20510.000000;16476.000000;0.000000;186417.000000;22348.000000;0.000000;198.404190
197.000000;20510.000000;16504.000000;0.000000;179311.000000;22348.000000;0.000000;199.709412
198.000000;20510.000000;14052.000000;0.000000;213074.000000;22348.000000;0.000000;201.010941
199.000000;20510.000000;16379.000000;0.000000;181105.000000;22348.000000;0.000000;202.312439
200.000000;20510.000000;15663.000000;0.000000;187203.000000;22348.000000;0.000000;203.615067
201.000000;20510.000000;15550.000000;0.000000;183195.000000;22348.000000;0.000000;204.942963
202.000000;20510.000000;16345.000000;0.000000;178827.000000;22348.000000;0.000000;206.255936
203.000000;20510.000000;14857.000000;0.000000;230949.000000;22348.000000;0.000000;207.580063
204.000000;20510.000000;14836.000000;0.000000;257592.000000;22348.000000;0.000000;208.903488
205.000000;20510.000000;16376.000000;0.000000;147348.000000;22348.000000;0.000000;210.202194
206.000000;20510.000000;15365.000000;0.000000;156836.000000;22348.000000;0.000000;211.490738
207.000000;20510.000000;15409.000000;0.000000;203293.000000;22348.000000;0.000000;212.777115
208.000000;20510.000000;15910.000000;0.000000;155781.000000;22348.000000;0.000000;214.068558
209.000000;20510.000000;15445.000000;0.000000;193293.000000;22348.000000;0.000000;215.357285
210.000000;20510.000000;15260.000000;0.000000;168870.000000;22348.000000;0.000000;216.649109
211.000000;20510.000000;15409.000000;0.000000;215158.000000;22348.000000;0.000000;217.973938
212.000000;20510.000000;15262.000000;0.000000;154836.000000;22348.000000;0.000000;219.269150
213.000000;20510.000000;15118.000000;0.000000;163932.000000;22348.000000;0.000000;220.565414
214.000000;20510.000000;13922.000000;0.000000;255552.000000;22348.000000;0.000000;221.851410
215.000000;20510.000000;13740.000000;0.000000;188247.000000;22348.000000;0.000000;223.169647
216.000000;20510.000000;15017.000000;0.000000;166416.000000;22348.000000;0.000000;224.464935
217.000000;20510.000000;15151.000000;0.000000;173979.000000;22348.000000;0.000000;225.764359
218.000000;20510.000000;15885.000000;0.000000;148414.000000;22348.000000;0.000000;227.061844
219.000000;20510.000000;15568.000000;0.000000;161594.000000;22348.000000;0.000000;228.385437
220.000000;20510.000000;15702.000000;0.000000;108464.000000;22348.000000;0.000000;229.680038
221.000000;20510.000000;15716.000000;0.000000;170284.000000;22348.000000;0.000000;230.979599
222.000000;20510.000000;16027.000000;0.000000;124962.000000;22348.000000;0.000000;232.284714
223.000000;20510.000000;16258.000000;0.000000;140848.000000;22348.000000;0.000000;233.587296
224.000000;20510.000000;17386.000000;0.000000;130067.000000;22348.000000;0.000000;234.874161
225.000000;20510.000000;17054.000000;0.000000;111881.000000;22348.000000;0.000000;236.169907
226.000000;20510.000000;15804.000000;0.000000;179926.000000;22348.000000;0.000000;237.468796
227.000000;20510.000000;15708.000000;0.000000;196561.000000;22348.000000;0.000000;238.790466
228.000000;20510.000000;16486.000000;0.000000;205862.000000;22348.000000;0.000000;240.082001
229.000000;20510.000000;14411.000000;0.000000;239331.000000;22348.000000;0.000000;241.355484
230.000000;20510.000000;15834.000000;0.000000;171204.000000;22348.000000;0.000000;242.639114
231.000000;20510.000000;15747.000000;0.000000;186262.000000;22348.000000;0.000000;243.922089
232.000000;20510.000000;17585.000000;0.000000;134541.000000;22348.000000;0.000000;245.206421
233.000000;20510.000000;14201.000000;0.000000;232870.000000;22348.000000;0.000000;246.490387
234.000000;20510.000000;15966.000000;0.000000;209188.000000;22348.000000;0.000000;247.772339
235.000000;20510.000000;14786.000000;0.000000;221319.000000;22348.000000;0.000000;249.083939
236.000000;20510.000000;16247.000000;0.000000;150385.000000;22348.000000;0.000000;250.376968
237.000000;20510.000000;15588.000000;0.000000;183257.000000;22348.000000;0.000000;251.662766
238.000000;20510.000000;14290.000000;0.000000;229490.000000;22348.000000;0.000000;252.944427
239.000000;20510.000000;15572.000000;0.000000;195999.000000;22348.000000;0.000000;254.230423
240.000000;20510.000000;15464.000000;0.000000;185835.000000;22348.000000;0.000000;255.516922
241.000000;20510.000000;15102.000000;0.000000;204948.000000;22348.000000;0.000000;256.804016
242.000000;20510.000000;13772.000000;0.000000;288966.000000;22348.000000;0.000000;258.342743
243.000000;20510.000000;15503.000000;0.000000;180085.000000;22348.000000;0.000000;259.950439
244.000000;20510.000000;16553.000000;0.000000;149668.000000;22348.000000;0.000000;261.605591
245.000000;20510.000000;15441.000000;0.000000;176039.000000;22348.000000;0.000000;262.890594
246.000000;20510.000000;15511.000000;0.000000;163269.000000;22348.000000;0.000000;264.234650
247.000000;20510.000000;15116.000000;0.000000;174430.000000;22348.000000;0.000000;265.521637
248.000000;20510.000000;15774.000000;0.000000;172076.000000;22348.000000;0.000000;266.794037
249.000000;20510.000000;15614.000000;0.000000;168992.000000;22348.000000;0.000000;268.112152
250.000000;20510.000000;15116.000000;0.000000;218621.000000;22348.000000;0.000000;269.403564
251.000000;20510.000000;15483.000000;0.000000;142261.000000;22348.000000;0.000000;270.685913
252.000000;20510.000000;14839.000000;0.000000;190329.000000;22348.000000;0.000000;271.959045
253.000000;20510.000000;18496.000000;0.000000;68096.000000;22348.000000;0.000000;273.226135
254.000000;20510.000000;13914.000000;0.000000;232767.000000;22348.000000;0.000000;274.503876
255.000000;20510.000000;16159.000000;0.000000;149719.000000;22348.000000;0.000000;275.776001
256.000000;20510.000000;14760.000000;0.000000;250076.000000;22348.000000;0.000000;277.049652
257.000000;20510.000000;15294.000000;0.000000;168151.000000;22348.000000;0.000000;278.345795
258.000000;20510.000000;15664.000000;0.000000;190406.000000;22348.000000;0.000000;279.786682
259.000000;20510.000000;17066.000000;0.000000;109709.000000;22348.000000;0.000000;281.377777
260.000000;20510.000000;15068.000000;0.000000;193247.000000;22348.000000;0.000000;282.871429
261.000000;20510.000000;16540.000000;0.000000;157758.000000;22348.000000;0.000000;284.301178
262.000000;20510.000000;16300.000000;0.000000;185317.000000;22348.000000;0.000000;285.718353
263.000000;20510.000000;15455.000000;0.000000;210762.000000;22348.000000;0.000000;287.131989
264.000000;20510.000000;18574.000000;0.000000;40824.000000;22348.000000;0.000000;288.577820
265.000000;20510.000000;17281.000000;0.000000;132917.000000;22348.000000;0.000000;289.985443
266.000000;20510.000000;15119.000000;0.000000;178487.000000;22348.000000;0.000000;291.420044
267.000000;20510.000000;14928.000000;0.000000;250355.000000;22348.000000;0.000000;292.846222
268.000000;20510.000000;15257.000000;0.000000;206433.000000;22348.000000;0.000000;294.270142
269.000000;20510.000000;15277.000000;0.000000;197710.000000;22348.000000;0.000000;295.691803
270.000000;20510.000000;14084.000000;0.000000;252239.000000;22348.000000;0.000000;297.104248
271.000000;20510.000000;15185.000000;0.000000;187301.000000;22348.000000;0.000000;298.414337
272.000000;20510.000000;14839.000000;0.000000;166798.000000;22348.000000;0.000000;299.686157
273.000000;20510.000000;17012.000000;0.000000;136489.000000;22348.000000;0.000000;300.966766
274.000000;20510.000000;15685.000000;0.000000;177128.000000;22348.000000;0.000000;302.245667
275.000000;20510.000000;16336.000000;0.000000;161616.000000;22348.000000;0.000000;303.523285
276.000000;20510.000000;14195.000000;0.000000;227107.000000;22348.000000;0.000000;304.803802
277.000000;20510.000000;17289.000000;0.000000;123629.000000;22348.000000;0.000000;306.084290
278.000000;20510.000000;14205.000000;0.000000;218006.000000;22348.000000;0.000000;307.370636
279.000000;20510.000000;15215.000000;0.000000;212210.000000;22348.000000;0.000000;308.667664
280.000000;20510.000000;15219.000000;0.000000;215756.000000;22348.000000;0.000000;309.956451
281.000000;20510.000000;16862.000000;0.000000;111818.000000;22348.000000;0.000000;311.241150
282.000000;20510.000000;16158.000000;0.000000;228171.000000;22348.000000;0.000000;312.518921
283.000000;20510.000000;15772.000000;0.000000;166222.000000;22348.000000;0.000000;313.820038
284.000000;20510.000000;16634.000000;0.000000;204257.000000;22348.000000;0.000000;315.093140
285.000000;20510.000000;17172.000000;0.000000;98797.000000;22348.000000;0.000000;316.374878
286.000000;20510.000000;17073.000000;0.000000;145183.000000;22348.000000;0.000000;317.648163
287.000000;20510.000000;15550.000000;0.000000;158812.000000;22348.000000;0.000000;318.972809
288.000000;20510.000000;14142.000000;0.000000;238506.000000;22348.000000;0.000000;320.249084
289.000000;20510.000000;15800.000000;0.000000;145531.000000;22348.000000;0.000000;321.531281
290.000000;20510.000000;16212.000000;0.000000;146073.000000;22348.000000;0.000000;322.817017
291.000000;20510.000000;16522.000000;0.000000;168338.000000;22348.000000;0.000000;324.219940
292.000000;20510.000000;16017.000000;0.000000;115989.000000;22348.000000;0.000000;325.501099
293.000000;20510.000000;15313.000000;0.000000;205827.000000;22348.000000;0.000000;326.782013
294.000000;20510.000000;15521.000000;0.000000;137708.000000;22348.000000;0.000000;328.057251
295.000000;20510.000000;16009.000000;0.000000;189186.000000;22348.000000;0.000000;329.354492
296.000000;20510.000000;15928.000000;0.000000;194656.000000;22348.000000;0.000000;330.631256
297.000000;20510.000000;16129.000000;0.000000;207177.000000;22348.000000;0.000000;331.913330
298.000000;20510.000000;14880.000000;0.000000;167855.000000;22348.000000;0.000000;333.222992
299.000000;20510.000000;17607.000000;0.000000;126151.000000;22348.000000;0.000000;334.500031
300.000000;20510.000000;15835.000000;0.000000;162583.000000;22348.000000;0.000000;335.777466
301.000000;20510.000000;17037.000000;0.000000;124475.000000;22348.000000;0.000000;337.066132
302.000000;20510.000000;14795.000000;0.000000;176347.000000;22348.000000;0.000000;338.358917
303.000000;20510.000000;17296.000000;0.000000;113892.000000;22348.000000;0.000000;339.667145
304.000000;20510.000000;16019.000000;0.000000;179299.000000;22348.000000;0.000000;340.945740
305.000000;20510.000000;16932.000000;0.000000;161136.000000;22348.000000;0.000000;342.221680
306.000000;20510.000000;16752.000000;0.000000;82964.000000;22348.000000;0.000000;343.527893
307.000000;20510.000000;14759.000000;0.000000;246395.000000;22348.000000;0.000000;344.827942
308.000000;20510.000000;15889.000000;0.000000;186626.000000;22348.000000;0.000000;346.123962
309.000000;20510.000000;16315.000000;0.000000;129788.000000;22348.000000;0.000000;347.405548
310.000000;20510.000000;16842.000000;0.000000;119670.000000;22348.000000;0.000000;348.718994
311.000000;20510.000000;15856.000000;0.000000;180989.000000;22348.000000;0.000000;350.004700
312.000000;20510.000000;15032.000000;0.000000;169849.000000;22348.000000;0.000000;351.288147
313.000000;20510.000000;15854.000000;0.000000;214796.000000;22348.000000;0.000000;352.577545
314.000000;20510.000000;14986.000000;0.000000;206529.000000;22348.000000;0.000000;353.862305
315.000000;20510.000000;14251.000000;0.000000;227130.000000;22348.000000;0.000000;355.149628
316.000000;20510.000000;15214.000000;0.000000;185315.000000;22348.000000;0.000000;356.434723
317.000000;20510.000000;16060.000000;0.000000;123120.000000;22348.000000;0.000000;357.718903
318.000000;20510.000000;14650.000000;0.000000;205566.000000;22348.000000;0.000000;359.043274
319.000000;20510.000000;15893.000000;0.000000;204700.000000;22348.000000;0.000000;360.327850
320.000000;20510.000000;16291.000000;0.000000;147540.000000;22348.000000;0.000000;361.616913
321.000000;20510.000000;15694.000000;0.000000;179307.000000;22348.000000;0.000000;362.913727
322.000000;20510.000000;16783.000000;0.000000;146951.000000;22348.000000;0.000000;364.201508
323.000000;20510.000000;17980.000000;0.000000;87328.000000;22348.000000;0.000000;365.492401
324.000000;20510.000000;15603.000000;0.000000;121147.000000;22348.000000;0.000000;366.781128
325.000000;20510.000000;15083.000000;0.000000;188180.000000;22348.000000;0.000000;368.071136
326.000000;20510.000000;16771.000000;0.000000;99562.000000;22348.000000;0.000000;369.385742
327.000000;20510.000000;16632.000000;0.000000;133876.000000;22348.000000;0.000000;370.677795
328.000000;20510.000000;15567.000000;0.000000;177181.000000;22348.000000;0.000000;371.965271
329.000000;20510.000000;14901.000000;0.000000;207520.000000;22348.000000;0.000000;373.297028
330.000000;20510.000000;14495.000000;0.000000;243373.000000;22348.000000;0.000000;374.628876
331.000000;20510.000000;14611.000000;0.000000;205772.000000;22348.000000;0.000000;375.921997
332.000000;20510.000000;15929.000000;0.000000;165292.000000;22348.000000;0.000000;377.207642
333.000000;20510.000000;15131.000000;0.000000;156523.000000;22348.000000;0.000000;378.496094
334.000000;20510.000000;14517.000000;0.000000;218750.000000;22348.000000;0.000000;379.820435
335.000000;20510.000000;15304.000000;0.000000;179884.000000;22348.000000;0.000000;381.124756
336.000000;20510.000000;14278.000000;0.000000;216952.000000;22348.000000;0.000000;382.417450
337.000000;20510.000000;16752.000000;0.000000;177700.000000;22348.000000;0.000000;383.713776
338.000000;20510.000000;13937.000000;0.000000;282449.000000;22348.000000;0.000000;385.011932
339.000000;20510.000000;17082.000000;0.000000;126765.000000;22348.000000;0.000000;386.299500
340.000000;20510.000000;14240.000000;0.000000;249362.000000;22348.000000;0.000000;387.650543
341.000000;20510.000000;17829.000000;0.000000;71347.000000;22348.000000;0.000000;388.993652
342.000000;20510.000000;15765.000000;0.000000;225059.000000;22348.000000;0.000000;390.289124
343.000000;20510.000000;17995.000000;0.000000;95363.000000;22348.000000;0.000000;391.583862
344.000000;20510.000000;16089.000000;0.000000;149243.000000;22348.000000;0.000000;392.882629
345.000000;20510.000000;15312.000000;0.000000;179868.000000;22348.000000;0.000000;394.179382
346.000000;20510.000000;15833.000000;0.000000;171329.000000;22348.000000;0.000000;395.474945
347.000000;20510.000000;14862.000000;0.000000;189351.000000;22348.000000;0.000000;396.769745
348.000000;20510.000000;16322.000000;0.000000;113960.000000;22348.000000;0.000000;398.068268
349.000000;20510.000000;15024.000000;0.000000;201543.000000;22348.000000;0.000000;399.396576
350.000000;20510.000000;13972.000000;0.000000;237082.000000;22348.000000;0.000000;400.691132
351.000000;20510.000000;14280.000000;0.000000;227515.000000;22348.000000;0.000000;401.982788
352.000000;20510.000000;15074.000000;0.000000;136526.000000;22348.000000;0.000000;403.351044
353.000000;20510.000000;15775.000000;0.000000;153048.000000;22348.000000;0.000000;404.641113
354.000000;20510.000000;15656.000000;0.000000;171993.000000;22348.000000;0.000000;405.942566
355.000000;20510.000000;16117.000000;0.000000;151935.000000;22348.000000;0.000000;407.235596
356.000000;20510.000000;15804.000000;0.000000;143698.000000;22348.000000;0.000000;408.524292
357.000000;20510.000000;17116.000000;0.000000;128560.000000;22348.000000;0.000000;409.836487
358.000000;20510.000000;16517.000000;0.000000;119486.000000;22348.000000;0.000000;411.135376
359.000000;20510.000000;17531.000000;0.000000;144758.000000;22348.000000;0.000000;412.425140
360.000000;20510.000000;14551.000000;0.000000;209549.000000;22348.000000;0.000000;413.724609
361.000000;20510.000000;15346.000000;0.000000;172219.000000;22348.000000;0.000000;415.024353
362.000000;20510.000000;14274.000000;0.000000;223384.000000;22348.000000;0.000000;416.319855
363.000000;20510.000000;16110.000000;0.000000;139231.000000;22348.000000;0.000000;417.617920
364.000000;20510.000000;15690.000000;0.000000;179319.000000;22348.000000;0.000000;418.932007
365.000000;20510.000000;15362.000000;0.000000;192926.000000;22348.000000;0.000000;420.323792
366.000000;20510.000000;14533.000000;0.000000;244513.000000;22348.000000;0.000000;421.638153
367.000000;20510.000000;17134.000000;0.000000;101146.000000;22348.000000;0.000000;422.943146
368.000000;20510.000000;13636.000000;0.000000;277121.000000;22348.000000;0.000000;424.248749
369.000000;20510.000000;16172.000000;0.000000;164169.000000;22348.000000;0.000000;425.553650
370.000000;20510.000000;14828.000000;0.000000;222171.000000;22348.000000;0.000000;426.856445
371.000000;20510.000000;16484.000000;0.000000;151721.000000;22348.000000;0.000000;428.157623
372.000000;20510.000000;16112.000000;0.000000;135329.000000;22348.000000;0.000000;429.498474
373.000000;20510.000000;17168.000000;0.000000;114753.000000;22348.000000;0.000000;430.805023
374.000000;20510.000000;17938.000000;0.000000;113135.000000;22348.000000;0.000000;432.105133
375.000000;20510.000000;18210.000000;0.000000;115742.000000;22348.000000;0.000000;433.404938
376.000000;20510.000000;15701.000000;0.000000;136409.000000;22348.000000;0.000000;435.099274
377.000000;20510.000000;15356.000000;0.000000;148975.000000;22348.000000;0.000000;436.408752
378.000000;20510.000000;17076.000000;0.000000;120756.000000;22348.000000;0.000000;437.710632
379.000000;20510.000000;15681.000000;0.000000;158208.000000;22348.000000;0.000000;439.039093
380.000000;20510.000000;13670.000000;0.000000;218727.000000;22348.000000;0.000000;440.348694
381.000000;20510.000000;15805.000000;0.000000;148398.000000;22348.000000;0.000000;441.651733
382.000000;20510.000000;14904.000000;0.000000;228212.000000;22348.000000;0.000000;442.951813
383.000000;20510.000000;15136.000000;0.000000;150933.000000;22348.000000;0.000000;444.252472
384.000000;20510.000000;15393.000000;0.000000;148478.000000;22348.000000;0.000000;445.565521
385.000000;20510.000000;15253.000000;0.000000;207177.000000;22348.000000;0.000000;446.867493
386.000000;20510.000000;15429.000000;0.000000;185195.000000;22348.000000;0.000000;448.166473
387.000000;20510.000000;15283.000000;0.000000;193907.000000;22348.000000;0.000000;449.505463
388.000000;20510.000000;14500.000000;0.000000;210661.000000;22348.000000;0.000000;450.811798
389.000000;20510.000000;14579.000000;0.000000;210216.000000;22348.000000;0.000000;452.117523
390.000000;20510.000000;15933.000000;0.000000;196602.000000;22348.000000;0.000000;453.425537
391.000000;20510.000000;16250.000000;0.000000;158433.000000;22348.000000;0.000000;454.735168
392.000000;20510.000000;15319.000000;0.000000;238228.000000;22348.000000;0.000000;456.047729
393.000000;20510.000000;15736.000000;0.000000;200372.000000;22348.000000;0.000000;457.359680
394.000000;20510.000000;15663.000000;0.000000;208789.000000;22348.000000;0.000000;458.669617
395.000000;20510.000000;13451.000000;0.000000;254714.000000;22348.000000;0.000000;460.010162
396.000000;20510.000000;16906.000000;0.000000;121112.000000;22348.000000;0.000000;461.317566
397.000000;20510.000000;15515.000000;0.000000;190113.000000;22348.000000;0.000000;462.629242
398.000000;20510.000000;14648.000000;0.000000;227346.000000;22348.000000;0.000000;463.971802
399.000000;20510.000000;16125.000000;0.000000;158169.000000;22348.000000;0.000000;465.281647
400.000000;20510.000000;13636.000000;0.000000;225636.000000;22348.000000;0.000000;466.593964
401.000000;20510.000000;15843.000000;0.000000;163794.000000;22348.000000;0.000000;467.907928
402.000000;20510.000000;15474.000000;0.000000;152874.000000;22348.000000;0.000000;469.235229
403.000000;20510.000000;14806.000000;0.000000;182767.000000;22348.000000;0.000000;470.552429
404.000000;20510.000000;16096.000000;0.000000;131856.000000;22348.000000;0.000000;471.859833
405.000000;20510.000000;15789.000000;0.000000;173007.000000;22348.000000;0.000000;473.166382
406.000000;20510.000000;15889.000000;0.000000;170791.000000;22348.000000;0.000000;474.474487
407.000000;20510.000000;16419.000000;0.000000;176640.000000;22348.000000;0.000000;475.781982
408.000000;20510.000000;16825.000000;0.000000;144932.000000;22348.000000;0.000000;477.088715
409.000000;20510.000000;15520.000000;0.000000;154024.000000;22348.000000;0.000000;478.410431
410.000000;20510.000000;15008.000000;0.000000;238384.000000;22348.000000;0.000000;479.760803
411.000000;20510.000000;15275.000000;0.000000;186608.000000;22348.000000;0.000000;481.070953
412.000000;20510.000000;15149.000000;0.000000;190909.000000;22348.000000;0.000000;482.363281
413.000000;20510.000000;15765.000000;0.000000;202989.000000;22348.000000;0.000000;483.695831
414.000000;20510.000000;15200.000000;0.000000;174408.000000;22348.000000;0.000000;485.048065
415.000000;20510.000000;16136.000000;0.000000;185944.000000;22348.000000;0.000000;486.343140
416.000000;20510.000000;13876.000000;0.000000;285422.000000;22348.000000;0.000000;487.699860
417.000000;20510.000000;16313.000000;0.000000;145220.000000;22348.000000;0.000000;488.996857
418.000000;20510.000000;15921.000000;0.000000;170697.000000;22348.000000;0.000000;490.321808
419.000000;20510.000000;17165.000000;0.000000;139337.000000;22348.000000;0.000000;491.617554
420.000000;20510.000000;14991.000000;0.000000;211122.000000;22348.000000;0.000000;492.915161
421.000000;20510.000000;14836.000000;0.000000;195227.000000;22348.000000;0.000000;494.226227
422.000000;20510.000000;15706.000000;0.000000;226269.000000;22348.000000;0.000000;495.523926
423.000000;20510.000000;15789.000000;0.000000;167098.000000;22348.000000;0.000000;496.828094
424.000000;20510.000000;15580.000000;0.000000;183244.000000;22348.000000;0.000000;498.125427
425.000000;20510.000000;14787.000000;0.000000;214718.000000;22348.000000;0.000000;499.442657
426.000000;20510.000000;15557.000000;0.000000;155725.000000;22348.000000;0.000000;500.742035
427.000000;20510.000000;14881.000000;0.000000;168497.000000;22348.000000;0.000000;502.040405
428.000000;20510.000000;14250.000000;0.000000;219050.000000;22348.000000;0.000000;503.344666
429.000000;20510.000000;15474.000000;0.000000;172158.000000;22348.000000;0.000000;504.665161
430.000000;20510.000000;13525.000000;0.000000;277079.000000;22348.000000;0.000000;505.963379
431.000000;20510.000000;16085.000000;0.000000;189402.000000;22348.000000;0.000000;507.264771
432.000000;20510.000000;16871.000000;0.000000;135451.000000;22348.000000;0.000000;508.559387
433.000000;20510.000000;14626.000000;0.000000;167549.000000;22348.000000;0.000000;509.886566
434.000000;20510.000000;16109.000000;0.000000;136475.000000;22348.000000;0.000000;511.193451
435.000000;20510.000000;14970.000000;0.000000;213222.000000;22348.000000;0.000000;512.495422
436.000000;20510.000000;14627.000000;0.000000;216622.000000;22348.000000;0.000000;513.796997
437.000000;20510.000000;15647.000000;0.000000;151397.000000;22348.000000;0.000000;515.098633
438.000000;20510.000000;15359.000000;0.000000;203301.000000;22348.000000;0.000000;516.402710
439.000000;20510.000000;15806.000000;0.000000;193352.000000;22348.000000;0.000000;517.751587
440.000000;20510.000000;15612.000000;0.000000;220755.000000;22348.000000;0.000000;519.076233
441.000000;20510.000000;15248.000000;0.000000;151740.000000;22348.000000;0.000000;520.416443
442.000000;20510.000000;15394.000000;0.000000;206840.000000;22348.000000;0.000000;521.732544
443.000000;20510.000000;15080.000000;0.000000;176438.000000;22348.000000;0.000000;523.128906
444.000000;20510.000000;15918.000000;0.000000;176943.000000;22348.000000;0.000000;524.435486
445.000000;20510.000000;15087.000000;0.000000;204603.000000;22348.000000;0.000000;525.740540
446.000000;20510.000000;15835.000000;0.000000;155225.000000;22348.000000;0.000000;527.044617
447.000000;20510.000000;14649.000000;0.000000;227903.000000;22348.000000;0.000000;528.345642
448.000000;20510.000000;15385.000000;0.000000;209471.000000;22348.000000;0.000000;529.683594
449.000000;20510.000000;14683.000000;0.000000;234015.000000;22348.000000;0.000000;530.997131
450.000000;20510.000000;14828.000000;0.000000;182995.000000;22348.000000;0.000000;532.312256
451.000000;20510.000000;16500.000000;0.000000;153528.000000;22348.000000;0.000000;533.614746
452.000000;20510.000000;15051.000000;0.000000;172168.000000;22348.000000;0.000000;535.366394
453.000000;20510.000000;16678.000000;0.000000;181315.000000;22348.000000;0.000000;536.898315
454.000000;20510.000000;14085.000000;0.000000;261507.000000;22348.000000;0.000000;538.383423
455.000000;20510.000000;15504.000000;0.000000;222735.000000;22348.000000;0.000000;539.872803
456.000000;20510.000000;14776.000000;0.000000;167297.000000;22348.000000;0.000000;541.320007
457.000000;20510.000000;16562.000000;0.000000;157891.000000;22348.000000;0.000000;542.756226
458.000000;20510.000000;14279.000000;0.000000;196504.000000;22348.000000;0.000000;544.192139
459.000000;20510.000000;16615.000000;0.000000;163841.000000;22348.000000;0.000000;545.649902
460.000000;20510.000000;16264.000000;0.000000;176285.000000;22348.000000;0.000000;547.154297
461.000000;20510.000000;14579.000000;0.000000;227143.000000;22348.000000;0.000000;548.629150
462.000000;20510.000000;16664.000000;0.000000;148022.000000;22348.000000;0.000000;550.106323
463.000000;20510.000000;16365.000000;0.000000;188217.000000;22348.000000;0.000000;551.554871
464.000000;20510.000000;14460.000000;0.000000;210806.000000;22348.000000;0.000000;553.000977
465.000000;20510.000000;15026.000000;0.000000;199644.000000;22348.000000;0.000000;554.396973
466.000000;20510.000000;15787.000000;0.000000;129700.000000;22348.000000;0.000000;555.694763
467.000000;20510.000000;15552.000000;0.000000;150319.000000;22348.000000;0.000000;556.981873
468.000000;20510.000000;15587.000000;0.000000;167532.000000;22348.000000;0.000000;558.274109
469.000000;20510.000000;14683.000000;0.000000;204562.000000;22348.000000;0.000000;559.579285
470.000000;20510.000000;15105.000000;0.000000;187851.000000;22348.000000;0.000000;560.939636
471.000000;20510.000000;15524.000000;0.000000;237984.000000;22348.000000;0.000000;562.494202
472.000000;20510.000000;17520.000000;0.000000;99318.000000;22348.000000;0.000000;563.943176
473.000000;20510.000000;17429.000000;0.000000;126501.000000;22348.000000;0.000000;565.394836
474.000000;20510.000000;15080.000000;0.000000;198182.000000;22348.000000;0.000000;566.838806
475.000000;20510.000000;16642.000000;0.000000;143786.000000;22348.000000;0.000000;568.276001
476.000000;20510.000000;16010.000000;0.000000;128095.000000;22348.000000;0.000000;569.739685
477.000000;20510.000000;15118.000000;0.000000;198110.000000;22348.000000;0.000000;571.292908
478.000000;20510.000000;15966.000000;0.000000;157393.000000;22348.000000;0.000000;572.786499
479.000000;20510.000000;14804.000000;0.000000;211403.000000;22348.000000;0.000000;574.250000
480.000000;20510.000000;16182.000000;0.000000;132815.000000;22348.000000;0.000000;575.715088
481.000000;20510.000000;15538.000000;0.000000;187199.000000;22348.000000;0.000000;577.285767
482.000000;20510.000000;16012.000000;0.000000;168589.000000;22348.000000;0.000000;578.633911
483.000000;20510.000000;16326.000000;0.000000;167496.000000;22348.000000;0.000000;579.964478
484.000000;20510.000000;15480.000000;0.000000;203443.000000;22348.000000;0.000000;581.260986
485.000000;20510.000000;14935.000000;0.000000;221932.000000;22348.000000;0.000000;582.563538
486.000000;20510.000000;14847.000000;0.000000;225102.000000;22348.000000;0.000000;583.904541
487.000000;20510.000000;14767.000000;0.000000;187820.000000;22348.000000;0.000000;585.203918
488.000000;20510.000000;15084.000000;0.000000;188430.000000;22348.000000;0.000000;586.506104
489.000000;20510.000000;14900.000000;0.000000;192948.000000;22348.000000;0.000000;587.817688
490.000000;20510.000000;14776.000000;0.000000;213222.000000;22348.000000;0.000000;589.118713
491.000000;20510.000000;14124.000000;0.000000;227677.000000;22348.000000;0.000000;590.454590
492.000000;20510.000000;15033.000000;0.000000;162625.000000;22348.000000;0.000000;591.760986
493.000000;20510.000000;14574.000000;0.000000;211353.000000;22348.000000;0.000000;593.062012
494.000000;20510.000000;14614.000000;0.000000;196509.000000;22348.000000;0.000000;594.365723
495.000000;20510.000000;14768.000000;0.000000;215954.000000;22348.000000;0.000000;595.683350
496.000000;20510.000000;15897.000000;0.000000;202194.000000;22348.000000;0.000000;596.983765
497.000000;20510.000000;14347.000000;0.000000;232387.000000;22348.000000;0.000000;598.285828
498.000000;20510.000000;15471.000000;0.000000;157234.000000;22348.000000;0.000000;599.582825
499.000000;20510.000000;15738.000000;0.000000;173804.000000;22348.000000;0.000000;600.907349
500.000000;20510.000000;15606.000000;0.000000;228126.000000;22348.000000;0.000000;602.206970
501.000000;20510.000000;17433.000000;0.000000;96061.000000;22348.000000;0.000000;603.516602
502.000000;20510.000000;15547.000000;0.000000;213860.000000;22348.000000;0.000000;604.815308
503.000000;20510.000000;16751.000000;0.000000;141441.000000;22348.000000;0.000000;606.116821
504.000000;20510.000000;14627.000000;0.000000;224688.000000;22348.000000;0.000000;607.426514
505.000000;20510.000000;15023.000000;0.000000;213205.000000;22348.000000;0.000000;608.739380
506.000000;20510.000000;14633.000000;0.000000;215928.000000;22348.000000;0.000000;610.075317
507.000000;20510.000000;14060.000000;0.000000;234980.000000;22348.000000;0.000000;611.385376
508.000000;20510.000000;14524.000000;0.000000;178758.000000;22348.000000;0.000000;612.693176
509.000000;20510.000000;14353.000000;0.000000;191365.000000;22348.000000;0.000000;613.992554
510.000000;20510.000000;17274.000000;0.000000;106850.000000;22348.000000;0.000000;615.299988
511.000000;20510.000000;14512.000000;0.000000;213202.000000;22348.000000;0.000000;616.640259
512.000000;20510.000000;16038.000000;0.000000;130254.000000;22348.000000;0.000000;617.946228
513.000000;20510.000000;13568.000000;0.000000;254564.000000;22348.000000;0.000000;619.248779
514.000000;20510.000000;15105.000000;0.000000;173863.000000;22348.000000;0.000000;620.582947
515.000000;20510.000000;14413.000000;0.000000;190887.000000;22348.000000;0.000000;621.893433
516.000000;20510.000000;15485.000000;0.000000;149657.000000;22348.000000;0.000000;623.204712
517.000000;20510.000000;15105.000000;0.000000;226759.000000;22348.000000;0.000000;624.600159
518.000000;20510.000000;16294.000000;0.000000;190851.000000;22348.000000;0.000000;625.912476
519.000000;20510.000000;14498.000000;0.000000;190631.000000;22348.000000;0.000000;627.221375
520.000000;20510.000000;15208.000000;0.000000;177348.000000;22348.000000;0.000000;628.523682
521.000000;20510.000000;15627.000000;0.000000;132299.000000;22348.000000;0.000000;629.837463
522.000000;20510.000000;14379.000000;0.000000;223448.000000;22348.000000;0.000000;631.219482
523.000000;20510.000000;14485.000000;0.000000;209235.000000;22348.000000;0.000000;632.670715
524.000000;20510.000000;18325.000000;0.000000;94481.000000;22348.000000;0.000000;633.996460
525.000000;20510.000000;15013.000000;0.000000;199813.000000;22348.000000;0.000000;635.307800
526.000000;20510.000000;15421.000000;0.000000;175604.000000;22348.000000;0.000000;636.620361
527.000000;20510.000000;18051.000000;0.000000;134745.000000;22348.000000;0.000000;637.932007
528.000000;20510.000000;15063.000000;0.000000;183866.000000;22348.000000;0.000000;639.242676
529.000000;20510.000000;16758.000000;0.000000;172673.000000;22348.000000;0.000000;640.588135
530.000000;20510.000000;15727.000000;0.000000;174015.000000;22348.000000;0.000000;641.910217
531.000000;20510.000000;14936.000000;0.000000;199243.000000;22348.000000;0.000000;643.253174
532.000000;20510.000000;14497.000000;0.000000;221727.000000;22348.000000;0.000000;644.563477
533.000000;20510.000000;17418.000000;0.000000;77050.000000;22348.000000;0.000000;645.876099
534.000000;20510.000000;14526.000000;0.000000;207788.000000;22348.000000;0.000000;647.181885
535.000000;20510.000000;14922.000000;0.000000;229676.000000;22348.000000;0.000000;648.583374
536.000000;20510.000000;14366.000000;0.000000;255041.000000;22348.000000;0.000000;649.938293
537.000000;20510.000000;15446.000000;0.000000;185604.000000;22348.000000;0.000000;651.268555
538.000000;20510.000000;15784.000000;0.000000;175387.000000;22348.000000;0.000000;652.665283
539.000000;20510.000000;15493.000000;0.000000;153342.000000;22348.000000;0.000000;654.013306
540.000000;20510.000000;15756.000000;0.000000;141120.000000;22348.000000;0.000000;655.395508
541.000000;20510.000000;14795.000000;0.000000;204619.000000;22348.000000;0.000000;657.204468
542.000000;20510.000000;15304.000000;0.000000;191640.000000;22348.000000;0.000000;659.192261
543.000000;20510.000000;15839.000000;0.000000;163726.000000;22348.000000;0.000000;661.195312
544.000000;20510.000000;15866.000000;0.000000;141489.000000;22348.000000;0.000000;663.197693
545.000000;20510.000000;15277.000000;0.000000;173315.000000;22348.000000;0.000000;665.461304
546.000000;20510.000000;15941.000000;0.000000;157380.000000;22348.000000;0.000000;667.784607
547.000000;20510.000000;16515.000000;0.000000;130839.000000;22348.000000;0.000000;670.068115
548.000000;20510.000000;17882.000000;0.000000;103880.000000;22348.000000;0.000000;672.558533
549.000000;20510.000000;15499.000000;0.000000;205684.000000;22348.000000;0.000000;674.825867
550.000000;20510.000000;15501.000000;0.000000;166161.000000;22348.000000;0.000000;676.666931
551.000000;20510.000000;16926.000000;0.000000;159897.000000;22348.000000;0.000000;678.516052
552.000000;20510.000000;16402.000000;0.000000;126371.000000;22348.000000;0.000000;680.258789
553.000000;20510.000000;15198.000000;0.000000;193525.000000;22348.000000;0.000000;682.016907
554.000000;20510.000000;15656.000000;0.000000;177609.000000;22348.000000;0.000000;683.909729
555.000000;20510.000000;14356.000000;0.000000;235320.000000;22348.000000;0.000000;685.538574
556.000000;20510.000000;15690.000000;0.000000;175203.000000;22348.000000;0.000000;687.325867
557.000000;20510.000000;15101.000000;0.000000;213058.000000;22348.000000;0.000000;689.081116
558.000000;20510.000000;15946.000000;0.000000;169122.000000;22348.000000;0.000000;690.824280
559.000000;20510.000000;15586.000000;0.000000;202987.000000;22348.000000;0.000000;692.484375
560.000000;20510.000000;15601.000000;0.000000;182577.000000;22348.000000;0.000000;694.082581
561.000000;20510.000000;15553.000000;0.000000;179287.000000;22348.000000;0.000000;695.700012
562.000000;20510.000000;14181.000000;0.000000;247440.000000;22348.000000;0.000000;697.338379
563.000000;20510.000000;16076.000000;0.000000;156491.000000;22348.000000;0.000000;698.989868
564.000000;20510.000000;13982.000000;0.000000;257113.000000;22348.000000;0.000000;700.611938
565.000000;20510.000000;15013.000000;0.000000;213349.000000;22348.000000;0.000000;702.261536
566.000000;20510.000000;15751.000000;0.000000;204232.000000;22348.000000;0.000000;703.931335
567.000000;20510.000000;15138.000000;0.000000;230104.000000;22348.000000;0.000000;705.618225
568.000000;20510.000000;13938.000000;0.000000;217393.000000;22348.000000;0.000000;707.256470
569.000000;20510.000000;15944.000000;0.000000;158266.000000;22348.000000;0.000000;709.177551
570.000000;20510.000000;14669.000000;0.000000;210901.000000;22348.000000;0.000000;711.035339
571.000000;20510.000000;15154.000000;0.000000;224157.000000;22348.000000;0.000000;712.751099
572.000000;20510.000000;13714.000000;0.000000;237737.000000;22348.000000;0.000000;714.254517
573.000000;20510.000000;16300.000000;0.000000;188776.000000;22348.000000;0.000000;715.945312
574.000000;20510.000000;17638.000000;0.000000;142740.000000;22348.000000;0.000000;717.293823
575.000000;20510.000000;17049.000000;0.000000;160488.000000;22348.000000;0.000000;718.635620
576.000000;20510.000000;15779.000000;0.000000;186768.000000;22348.000000;0.000000;719.989746
577.000000;20510.000000;16529.000000;0.000000;152804.000000;22348.000000;0.000000;721.363525
578.000000;20510.000000;16060.000000;0.000000;170076.000000;22348.000000;0.000000;722.718750
579.000000;20510.000000;15962.000000;0.000000;162703.000000;22348.000000;0.000000;724.100586
580.000000;20510.000000;15562.000000;0.000000;203364.000000;22348.000000;0.000000;725.441589
581.000000;20510.000000;15273.000000;0.000000;204773.000000;22348.000000;0.000000;726.794678
582.000000;20510.000000;15231.000000;0.000000;171872.000000;22348.000000;0.000000;728.124451
583.000000;20510.000000;16128.000000;0.000000;179968.000000;22348.000000;0.000000;729.459473
584.000000;20510.000000;17501.000000;0.000000;116520.000000;22348.000000;0.000000;730.826843
585.000000;20510.000000;15113.000000;0.000000;220901.000000;22348.000000;0.000000;732.164734
586.000000;20510.000000;14813.000000;0.000000;243978.000000;22348.000000;0.000000;733.503174
587.000000;20510.000000;17006.000000;0.000000;123378.000000;22348.000000;0.000000;734.851990
588.000000;20510.000000;15435.000000;0.000000;199042.000000;22348.000000;0.000000;736.194275
589.000000;20510.000000;15616.000000;0.000000;224646.000000;22348.000000;0.000000;737.532349
590.000000;20510.000000;14823.000000;0.000000;210107.000000;22348.000000;0.000000;738.869080
591.000000;20510.000000;14481.000000;0.000000;182793.000000;22348.000000;0.000000;740.207336
592.000000;20510.000000;14177.000000;0.000000;211889.000000;22348.000000;0.000000;741.577637
593.000000;20510.000000;16862.000000;0.000000;123886.000000;22348.000000;0.000000;742.914734
594.000000;20510.000000;15600.000000;0.000000;199921.000000;22348.000000;0.000000;744.251648
595.000000;20510.000000;16098.000000;0.000000;150630.000000;22348.000000;0.000000;745.595093
596.000000;20510.000000;13826.000000;0.000000;192082.000000;22348.000000;0.000000;746.945435
597.000000;20510.000000;15757.000000;0.000000;177768.000000;22348.000000;0.000000;748.445129
598.000000;20510.000000;14097.000000;0.000000;232865.000000;22348.000000;0.000000;749.784546
599.000000;20510.000000;14950.000000;0.000000;222442.000000;22348.000000;0.000000;751.138245
600.000000;20510.000000;14726.000000;0.000000;203645.000000;22348.000000;0.000000;752.484558
601.000000;20510.000000;15543.000000;0.000000;151664.000000;22348.000000;0.000000;753.821533
602.000000;20510.000000;15663.000000;0.000000;210204.000000;22348.000000;0.000000;755.136292
603.000000;20510.000000;14138.000000;0.000000;224005.000000;22348.000000;0.000000;756.462891
604.000000;20510.000000;16602.000000;0.000000;204210.000000;22348.000000;0.000000;757.782471
605.000000;20510.000000;14127.000000;0.000000;230080.000000;22348.000000;0.000000;759.096069
606.000000;20510.000000;17285.000000;0.000000;167411.000000;22348.000000;0.000000;760.413452
607.000000;20510.000000;14425.000000;0.000000;230959.000000;22348.000000;0.000000;761.752258
608.000000;20510.000000;15772.000000;0.000000;186539.000000;22348.000000;0.000000;763.146179
609.000000;20510.000000;14734.000000;0.000000;184171.000000;22348.000000;0.000000;764.473633
610.000000;20510.000000;16342.000000;0.000000;141437.000000;22348.000000;0.000000;765.798401
611.000000;20510.000000;15426.000000;0.000000;192533.000000;22348.000000;0.000000;767.125488
612.000000;20510.000000;15757.000000;0.000000;184914.000000;22348.000000;0.000000;768.445618
613.000000;20510.000000;16074.000000;0.000000;163603.000000;22348.000000;0.000000;769.775757
614.000000;20510.000000;16070.000000;0.000000;187067.000000;22348.000000;0.000000;771.134216
615.000000;20510.000000;15787.000000;0.000000;175734.000000;22348.000000;0.000000;772.461792
616.000000;20510.000000;16100.000000;0.000000;188524.000000;22348.000000;0.000000;773.782349
617.000000;20510.000000;13189.000000;0.000000;236806.000000;22348.000000;0.000000;775.115906
618.000000;20510.000000;14688.000000;0.000000;138537.000000;22348.000000;0.000000;776.447021
619.000000;20510.000000;16286.000000;0.000000;183142.000000;22348.000000;0.000000;777.809265
620.000000;20510.000000;15346.000000;0.000000;204753.000000;22348.000000;0.000000;779.144348
621.000000;20510.000000;15376.000000;0.000000;184831.000000;22348.000000;0.000000;780.461609
622.000000;20510.000000;17785.000000;0.000000;124200.000000;22348.000000;0.000000;781.808350
623.000000;20510.000000;17514.000000;0.000000;90161.000000;22348.000000;0.000000;783.103394
624.000000;20510.000000;17367.000000;0.000000;125748.000000;22348.000000;0.000000;784.483521
625.000000;20510.000000;16924.000000;0.000000;162909.000000;22348.000000;0.000000;785.796387
626.000000;20510.000000;15041.000000;0.000000;201635.000000;22348.000000;0.000000;787.140991
627.000000;20510.000000;15356.000000;0.000000;177658.000000;22348.000000;0.000000;788.459595
628.000000;20510.000000;15921.000000;0.000000;198486.000000;22348.000000;0.000000;789.768799
629.000000;20510.000000;14841.000000;0.000000;167609.000000;22348.000000;0.000000;791.103760
630.000000;20510.000000;16252.000000;0.000000;204761.000000;22348.000000;0.000000;792.415039
631.000000;20510.000000;15555.000000;0.000000;176885.000000;22348.000000;0.000000;793.715393
632.000000;20510.000000;14019.000000;0.000000;233730.000000;22348.000000;0.000000;795.022156
633.000000;20510.000000;14477.000000;0.000000;219400.000000;22348.000000;0.000000;796.318970
634.000000;20510.000000;16605.000000;0.000000;134863.000000;22348.000000;0.000000;797.624268
635.000000;20510.000000;14621.000000;0.000000;185938.000000;22348.000000;0.000000;798.929077
636.000000;20510.000000;15526.000000;0.000000;163303.000000;22348.000000;0.000000;800.238342
637.000000;20510.000000;15250.000000;0.000000;184895.000000;22348.000000;0.000000;801.584106
638.000000;20510.000000;15320.000000;0.000000;209172.000000;22348.000000;0.000000;802.880249
639.000000;20510.000000;16338.000000;0.000000;190409.000000;22348.000000;0.000000;804.179504
640.000000;20510.000000;16554.000000;0.000000;164672.000000;22348.000000;0.000000;805.499268
641.000000;20510.000000;14294.000000;0.000000;202900.000000;22348.000000;0.000000;806.816833
642.000000;20510.000000;14895.000000;0.000000;230884.000000;22348.000000;0.000000;808.136780
643.000000;20510.000000;15727.000000;0.000000;145512.000000;22348.000000;0.000000;809.447937
644.000000;20510.000000;15120.000000;0.000000;187800.000000;22348.000000;0.000000;810.753235
645.000000;20510.000000;15216.000000;0.000000;176524.000000;22348.000000;0.000000;812.075073
646.000000;20510.000000;15700.000000;0.000000;172407.000000;22348.000000;0.000000;813.365540
647.000000;20510.000000;15250.000000;0.000000;209342.000000;22348.000000;0.000000;814.658264
648.000000;20510.000000;14258.000000;0.000000;221065.000000;22348.000000;0.000000;815.952698
649.000000;20510.000000;15914.000000;0.000000;160244.000000;22348.000000;0.000000;817.248169
650.000000;20510.000000;15034.000000;0.000000;196338.000000;22348.000000;0.000000;818.538635
651.000000;20510.000000;16701.000000;0.000000;174374.000000;22348.000000;0.000000;819.831055
652.000000;20510.000000;14582.000000;0.000000;213966.000000;22348.000000;0.000000;821.119202
653.000000;20510.000000;16530.000000;0.000000;184621.000000;22348.000000;0.000000;822.448242
654.000000;20510.000000;15578.000000;0.000000;179919.000000;22348.000000;0.000000;823.798584
655.000000;20510.000000;18974.000000;0.000000;77689.000000;22348.000000;0.000000;825.090759
656.000000;20510.000000;14714.000000;0.000000;177473.000000;22348.000000;0.000000;826.379395
657.000000;20510.000000;18306.000000;0.000000;149174.000000;22348.000000;0.000000;827.665771
658.000000;20510.000000;15596.000000;0.000000;210834.000000;22348.000000;0.000000;828.966309
659.000000;20510.000000;14689.000000;0.000000;223487.000000;22348.000000;0.000000;830.258362
660.000000;20510.000000;16608.000000;0.000000;137354.000000;22348.000000;0.000000;831.572571
661.000000;20510.000000;15277.000000;0.000000;192468.000000;22348.000000;0.000000;832.863953
662.000000;20510.000000;15678.000000;0.000000;165730.000000;22348.000000;0.000000;834.150208
663.000000;20510.000000;17212.000000;0.000000;128710.000000;22348.000000;0.000000;835.454529
664.000000;20510.000000;13756.000000;0.000000;200816.000000;22348.000000;0.000000;836.741028
665.000000;20510.000000;14663.000000;0.000000;235509.000000;22348.000000;0.000000;838.083557
666.000000;20510.000000;14482.000000;0.000000;229478.000000;22348.000000;0.000000;839.503540
667.000000;20510.000000;15088.000000;0.000000;244910.000000;22348.000000;0.000000;840.787720
668.000000;20510.000000;16690.000000;0.000000;159015.000000;22348.000000;0.000000;842.083801
669.000000;20510.000000;14340.000000;0.000000;256811.000000;22348.000000;0.000000;843.364014
670.000000;20510.000000;17981.000000;0.000000;122742.000000;22348.000000;0.000000;844.645203
671.000000;20510.000000;16296.000000;0.000000;160027.000000;22348.000000;0.000000;845.917786
672.000000;20510.000000;16505.000000;0.000000;186141.000000;22348.000000;0.000000;847.190125
673.000000;20510.000000;15024.000000;0.000000;163926.000000;22348.000000;0.000000;848.465576
674.000000;20510.000000;15521.000000;0.000000;141072.000000;22348.000000;0.000000;849.742981
675.000000;20510.000000;14597.000000;0.000000;207331.000000;22348.000000;0.000000;851.014465
676.000000;20510.000000;16311.000000;0.000000;158934.000000;22348.000000;0.000000;852.324890
677.000000;20510.000000;14363.000000;0.000000;248062.000000;22348.000000;0.000000;853.600891
678.000000;20510.000000;15780.000000;0.000000;164685.000000;22348.000000;0.000000;854.874878
679.000000;20510.000000;14744.000000;0.000000;201507.000000;22348.000000;0.000000;856.149536
680.000000;20510.000000;16134.000000;0.000000;168585.000000;22348.000000;0.000000;857.426819
681.000000;20510.000000;14819.000000;0.000000;237226.000000;22348.000000;0.000000;858.709412
682.000000;20510.000000;16251.000000;0.000000;136948.000000;22348.000000;0.000000;859.986084
683.000000;20510.000000;16488.000000;0.000000;142771.000000;22348.000000;0.000000;861.260986
684.000000;20510.000000;16445.000000;0.000000;159609.000000;22348.000000;0.000000;862.562561
685.000000;20510.000000;14510.000000;0.000000;265068.000000;22348.000000;0.000000;863.849792
686.000000;20510.000000;14802.000000;0.000000;202632.000000;22348.000000;0.000000;865.133362
687.000000;20510.000000;16263.000000;0.000000;175010.000000;22348.000000;0.000000;866.414673
688.000000;20510.000000;16419.000000;0.000000;163196.000000;22348.000000;0.000000;867.691650
689.000000;20510.000000;17233.000000;0.000000;146552.000000;22348.000000;0.000000;868.971863
690.000000;20510.000000;14997.000000;0.000000;199584.000000;22348.000000;0.000000;870.253723
691.000000;20510.000000;15326.000000;0.000000;168898.000000;22348.000000;0.000000;871.552307
692.000000;20510.000000;15850.000000;0.000000;134166.000000;22348.000000;0.000000;872.840393
693.000000;20510.000000;15098.000000;0.000000;187136.000000;22348.000000;0.000000;874.121033
694.000000;20510.000000;17874.000000;0.000000;113127.000000;22348.000000;0.000000;875.402405
695.000000;20510.000000;17683.000000;0.000000;120614.000000;22348.000000;0.000000;876.687012
696.000000;20510.000000;15401.000000;0.000000;168745.000000;22348.000000;0.000000;877.968689
697.000000;20510.000000;14906.000000;0.000000;184725.000000;22348.000000;0.000000;879.248840
698.000000;20510.000000;17476.000000;0.000000;131726.000000;22348.000000;0.000000;880.535400
699.000000;20510.000000;15837.000000;0.000000;175827.000000;22348.000000;0.000000;881.851013
700.000000;20510.000000;16848.000000;0.000000;177855.000000;22348.000000;0.000000;883.161194
701.000000;20510.000000;17206.000000;0.000000;167772.000000;22348.000000;0.000000;884.465332
702.000000;20510.000000;16128.000000;0.000000;177587.000000;22348.000000;0.000000;885.758179
703.000000;20510.000000;18545.000000;0.000000;64301.000000;22348.000000;0.000000;887.047363
704.000000;20510.000000;14062.000000;0.000000;223941.000000;22348.000000;0.000000;888.330994
705.000000;20510.000000;15741.000000;0.000000;192257.000000;22348.000000;0.000000;889.643127
706.000000;20510.000000;16675.000000;0.000000;150890.000000;22348.000000;0.000000;890.924438
707.000000;20510.000000;17294.000000;0.000000;125804.000000;22348.000000;0.000000;892.237854
708.000000;20510.000000;15119.000000;0.000000;230906.000000;22348.000000;0.000000;893.533691
709.000000;20510.000000;15833.000000;0.000000;166590.000000;22348.000000;0.000000;894.815857
710.000000;20510.000000;16407.000000;0.000000;183228.000000;22348.000000;0.000000;896.094421
711.000000;20510.000000;15727.000000;0.000000;162768.000000;22348.000000;0.000000;897.380920
712.000000;20510.000000;14868.000000;0.000000;199203.000000;22348.000000;0.000000;898.680237
713.000000;20510.000000;16745.000000;0.000000;134257.000000;22348.000000;0.000000;899.967224
714.000000;20510.000000;14733.000000;0.000000;200702.000000;22348.000000;0.000000;901.251160
715.000000;20510.000000;15230.000000;0.000000;194018.000000;22348.000000;0.000000;902.554504
716.000000;20510.000000;17952.000000;0.000000;98461.000000;22348.000000;0.000000;903.840942
717.000000;20510.000000;14222.000000;0.000000;207860.000000;22348.000000;0.000000;905.126587
718.000000;20510.000000;14898.000000;0.000000;165741.000000;22348.000000;0.000000;906.411987
719.000000;20510.000000;14700.000000;0.000000;187252.000000;22348.000000;0.000000;907.750366
720.000000;20510.000000;14568.000000;0.000000;214797.000000;22348.000000;0.000000;909.060364
721.000000;20510.000000;16517.000000;0.000000;169603.000000;22348.000000;0.000000;910.355835
722.000000;20510.000000;16106.000000;0.000000;185637.000000;22348.000000;0.000000;911.656250
723.000000;20510.000000;15168.000000;0.000000;178824.000000;22348.000000;0.000000;912.963623
724.000000;20510.000000;16411.000000;0.000000;122942.000000;22348.000000;0.000000;914.251465
725.000000;20510.000000;14944.000000;0.000000;203572.000000;22348.000000;0.000000;915.544434
726.000000;20510.000000;16575.000000;0.000000;154472.000000;22348.000000;0.000000;916.840698
727.000000;20510.000000;15668.000000;0.000000;144782.000000;22348.000000;0.000000;918.129395
728.000000;20510.000000;15308.000000;0.000000;210287.000000;22348.000000;0.000000;919.416321
729.000000;20510.000000;15160.000000;0.000000;175494.000000;22348.000000;0.000000;920.702637
730.000000;20510.000000;17813.000000;0.000000;80868.000000;22348.000000;0.000000;922.019714
731.000000;20510.000000;15856.000000;0.000000;131558.000000;22348.000000;0.000000;923.318237
732.000000;20510.000000;14969.000000;0.000000;206389.000000;22348.000000;0.000000;924.686462
733.000000;20510.000000;17266.000000;0.000000;151104.000000;22348.000000;0.000000;925.981995
734.000000;20510.000000;15303.000000;0.000000;221596.000000;22348.000000;0.000000;927.279236
735.000000;20510.000000;18869.000000;0.000000;85900.000000;22348.000000;0.000000;928.575684
736.000000;20510.000000;15640.000000;0.000000;212623.000000;22348.000000;0.000000;929.870605
737.000000;20510.000000;16479.000000;0.000000;122702.000000;22348.000000;0.000000;931.162476
738.000000;20510.000000;14421.000000;0.000000;235247.000000;22348.000000;0.000000;932.495483
739.000000;20510.000000;16380.000000;0.000000;142864.000000;22348.000000;0.000000;933.806274
740.000000;20510.000000;16775.000000;0.000000;119524.000000;22348.000000;0.000000;935.111633
741.000000;20510.000000;14839.000000;0.000000;153815.000000;22348.000000;0.000000;936.422791
742.000000;20510.000000;16179.000000;0.000000;150008.000000;22348.000000;0.000000;937.726257
743.000000;20510.000000;15719.000000;0.000000;156876.000000;22348.000000;0.000000;939.024048
744.000000;20510.000000;15170.000000;0.000000;249016.000000;22348.000000;0.000000;940.329102
745.000000;20510.000000;15312.000000;0.000000;193148.000000;22348.000000;0.000000;941.631897
746.000000;20510.000000;15999.000000;0.000000;171366.000000;22348.000000;0.000000;942.967834
747.000000;20510.000000;15287.000000;0.000000;179468.000000;22348.000000;0.000000;944.273071
748.000000;20510.000000;16118.000000;0.000000;155997.000000;22348.000000;0.000000;945.566101
749.000000;20510.000000;15553.000000;0.000000;158362.000000;22348.000000;0.000000;946.867981
750.000000;20510.000000;15081.000000;0.000000;226476.000000;22348.000000;0.000000;948.170776
751.000000;20510.000000;16465.000000;0.000000;141311.000000;22348.000000;0.000000;949.465759
752.000000;20510.000000;14113.000000;0.000000;231220.000000;22348.000000;0.000000;950.760986
753.000000;20510.000000;15847.000000;0.000000;180402.000000;22348.000000;0.000000;952.087402
754.000000;20510.000000;15332.000000;0.000000;193704.000000;22348.000000;0.000000;953.391602
755.000000;20510.000000;15426.000000;0.000000;199789.000000;22348.000000;0.000000;954.684937
756.000000;20510.000000;16389.000000;0.000000;143192.000000;22348.000000;0.000000;955.980957
757.000000;20510.000000;16080.000000;0.000000;178392.000000;22348.000000;0.000000;957.276611
758.000000;20510.000000;16563.000000;0.000000;166333.000000;22348.000000;0.000000;958.579285
759.000000;20510.000000;18995.000000;0.000000;68405.000000;22348.000000;0.000000;959.891479
760.000000;20510.000000;16412.000000;0.000000;161805.000000;22348.000000;0.000000;961.178894
761.000000;20510.000000;15599.000000;0.000000;160006.000000;22348.000000;0.000000;962.495850
762.000000;20510.000000;15074.000000;0.000000;220915.000000;22348.000000;0.000000;963.787476
763.000000;20510.000000;15295.000000;0.000000;194379.000000;22348.000000;0.000000;965.066711
764.000000;20510.000000;14580.000000;0.000000;201496.000000;22348.000000;0.000000;966.356140
765.000000;20510.000000;15267.000000;0.000000;200946.000000;22348.000000;0.000000;967.640320
766.000000;20510.000000;14609.000000;0.000000;185836.000000;22348.000000;0.000000;968.917297
767.000000;20510.000000;17820.000000;0.000000;105990.000000;22348.000000;0.000000;970.203491
768.000000;20510.000000;15492.000000;0.000000;147770.000000;22348.000000;0.000000;971.482727
769.000000;20510.000000;14731.000000;0.000000;242982.000000;22348.000000;0.000000;972.797974
770.000000;20510.000000;15189.000000;0.000000;160680.000000;22348.000000;0.000000;974.083862
771.000000;20510.000000;15297.000000;0.000000;127481.000000;22348.000000;0.000000;975.371338
772.000000;20510.000000;15043.000000;0.000000;225087.000000;22348.000000;0.000000;976.660400
773.000000;20510.000000;16250.000000;0.000000;138283.000000;22348.000000;0.000000;977.967896
774.000000;20510.000000;15702.000000;0.000000;200637.000000;22348.000000;0.000000;979.242554
775.000000;20510.000000;14244.000000;0.000000;206673.000000;22348.000000;0.000000;980.523315
776.000000;20510.000000;14200.000000;0.000000;191088.000000;22348.000000;0.000000;981.817139
777.000000;20510.000000;16213.000000;0.000000;120832.000000;22348.000000;0.000000;983.127502
778.000000;20510.000000;16802.000000;0.000000;145561.000000;22348.000000;0.000000;984.415405
779.000000;20510.000000;17178.000000;0.000000;120031.000000;22348.000000;0.000000;985.716003
780.000000;20510.000000;15997.000000;0.000000;157144.000000;22348.000000;0.000000;987.020447
781.000000;20510.000000;14319.000000;0.000000;222819.000000;22348.000000;0.000000;988.308716
782.000000;20510.000000;15360.000000;0.000000;168889.000000;22348.000000;0.000000;989.598511
783.000000;20510.000000;15570.000000;0.000000;213899.000000;22348.000000;0.000000;990.889221
784.000000;20510.000000;16856.000000;0.000000;112178.000000;22348.000000;0.000000;992.192322
785.000000;20510.000000;15635.000000;0.000000;174999.000000;22348.000000;0.000000;993.491699
786.000000;20510.000000;16315.000000;0.000000;170213.000000;22348.000000;0.000000;994.781189
787.000000;20510.000000;16308.000000;0.000000;206907.000000;22348.000000;0.000000;996.076721
788.000000;20510.000000;16430.000000;0.000000;147891.000000;22348.000000;0.000000;997.375000
789.000000;20510.000000;13653.000000;0.000000;239288.000000;22348.000000;0.000000;998.659729
790.000000;20510.000000;15866.000000;0.000000;174094.000000;22348.000000;0.000000;999.965942
791.000000;20510.000000;16592.000000;0.000000;159349.000000;22348.000000;0.000000;1001.264954
792.000000;20510.000000;16066.000000;0.000000;163175.000000;22348.000000;0.000000;1002.593567
793.000000;20510.000000;13529.000000;0.000000;238743.000000;22348.000000;0.000000;1003.924133
794.000000;20510.000000;16362.000000;0.000000;188265.000000;22348.000000;0.000000;1005.213989
795.000000;20510.000000;15076.000000;0.000000;236897.000000;22348.000000;0.000000;1006.499756
796.000000;20510.000000;15905.000000;0.000000;156989.000000;22348.000000;0.000000;1007.789917
797.000000;20510.000000;16322.000000;0.000000;156143.000000;22348.000000;0.000000;1009.077332
798.000000;20510.000000;16870.000000;0.000000;141246.000000;22348.000000;0.000000;1010.363281
799.000000;20510.000000;17180.000000;0.000000;139293.000000;22348.000000;0.000000;1011.653992
800.000000;20510.000000;14899.000000;0.000000;175213.000000;22348.000000;0.000000;1012.978333
801.000000;20510.000000;14606.000000;0.000000;236987.000000;22348.000000;0.000000;1014.279053
802.000000;20510.000000;15552.000000;0.000000;173148.000000;22348.000000;0.000000;1015.570862
803.000000;20510.000000;16176.000000;0.000000;215485.000000;22348.000000;0.000000;1016.866272
804.000000;20510.000000;17351.000000;0.000000;140504.000000;22348.000000;0.000000;1018.171509
805.000000;20510.000000;14310.000000;0.000000;239241.000000;22348.000000;0.000000;1019.462097
806.000000;20510.000000;15843.000000;0.000000;185065.000000;22348.000000;0.000000;1020.748779
807.000000;20510.000000;16388.000000;0.000000;117099.000000;22348.000000;0.000000;1022.046875
808.000000;20510.000000;17271.000000;0.000000;141130.000000;22348.000000;0.000000;1023.360535
809.000000;20510.000000;17363.000000;0.000000;162033.000000;22348.000000;0.000000;1024.653076
810.000000;20510.000000;17628.000000;0.000000;122179.000000;22348.000000;0.000000;1025.945068
811.000000;20510.000000;16167.000000;0.000000;161980.000000;22348.000000;0.000000;1027.237061
812.000000;20510.000000;17450.000000;0.000000;107175.000000;22348.000000;0.000000;1028.531738
813.000000;20510.000000;15694.000000;0.000000;205039.000000;22348.000000;0.000000;1029.826294
814.000000;20510.000000;17346.000000;0.000000;137890.000000;22348.000000;0.000000;1031.132935
815.000000;20510.000000;15936.000000;0.000000;207220.000000;22348.000000;0.000000;1032.453979
816.000000;20510.000000;15449.000000;0.000000;222536.000000;22348.000000;0.000000;1033.759277
817.000000;20510.000000;16765.000000;0.000000;157746.000000;22348.000000;0.000000;1035.066528
818.000000;20510.000000;14464.000000;0.000000;174793.000000;22348.000000;0.000000;1036.359497
819.000000;20510.000000;17425.000000;0.000000;100525.000000;22348.000000;0.000000;1037.682739
820.000000;20510.000000;15869.000000;0.000000;180767.000000;22348.000000;0.000000;1039.014648
821.000000;20510.000000;17256.000000;0.000000;157640.000000;22348.000000;0.000000;1040.315552
822.000000;20510.000000;15432.000000;0.000000;197705.000000;22348.000000;0.000000;1041.615112
823.000000;20510.000000;15547.000000;0.000000;209970.000000;22348.000000;0.000000;1042.953125
824.000000;20510.000000;15589.000000;0.000000;193140.000000;22348.000000;0.000000;1044.247803
825.000000;20510.000000;16156.000000;0.000000;126798.000000;22348.000000;0.000000;1045.547241
826.000000;20510.000000;15401.000000;0.000000;185562.000000;22348.000000;0.000000;1046.848511
827.000000;20510.000000;15687.000000;0.000000;185200.000000;22348.000000;0.000000;1048.143555
828.000000;20510.000000;16779.000000;0.000000;123272.000000;22348.000000;0.000000;1049.438721
829.000000;20510.000000;15844.000000;0.000000;129612.000000;22348.000000;0.000000;1050.729004
830.000000;20510.000000;16729.000000;0.000000;139632.000000;22348.000000;0.000000;1052.030151
831.000000;20510.000000;15888.000000;0.000000;160563.000000;22348.000000;0.000000;1053.347168
832.000000;20510.000000;14434.000000;0.000000;254556.000000;22348.000000;0.000000;1054.643311
833.000000;20510.000000;17106.000000;0.000000;98630.000000;22348.000000;0.000000;1055.946899
834.000000;20510.000000;17099.000000;0.000000;94772.000000;22348.000000;0.000000;1057.261719
835.000000;20510.000000;16932.000000;0.000000;124827.000000;22348.000000;0.000000;1058.570557
836.000000;20510.000000;15453.000000;0.000000;222257.000000;22348.000000;0.000000;1059.882202
837.000000;20510.000000;14990.000000;0.000000;208181.000000;22348.000000;0.000000;1061.182983
838.000000;20510.000000;16091.000000;0.000000;194198.000000;22348.000000;0.000000;1062.497803
839.000000;20510.000000;15522.000000;0.000000;120156.000000;22348.000000;0.000000;1063.884033
840.000000;20510.000000;15343.000000;0.000000;184656.000000;22348.000000;0.000000;1065.193848
841.000000;20510.000000;14442.000000;0.000000;217519.000000;22348.000000;0.000000;1066.500977
842.000000;20510.000000;15877.000000;0.000000;193840.000000;22348.000000;0.000000;1067.797485
843.000000;20510.000000;15331.000000;0.000000;218296.000000;22348.000000;0.000000;1069.093506
844.000000;20510.000000;17615.000000;0.000000;68721.000000;22348.000000;0.000000;1070.388672
845.000000;20510.000000;15623.000000;0.000000;151378.000000;22348.000000;0.000000;1071.682983
846.000000;20510.000000;15536.000000;0.000000;193459.000000;22348.000000;0.000000;1073.004639
847.000000;20510.000000;15442.000000;0.000000;228866.000000;22348.000000;0.000000;1074.303833
848.000000;20510.000000;16333.000000;0.000000;141787.000000;22348.000000;0.000000;1075.607178
849.000000;20510.000000;16953.000000;0.000000;132217.000000;22348.000000;0.000000;1076.914307
850.000000;20510.000000;16890.000000;0.000000;121622.000000;22348.000000;0.000000;1078.220947
851.000000;20510.000000;15054.000000;0.000000;213690.000000;22348.000000;0.000000;1079.523560
852.000000;20510.000000;15824.000000;0.000000;143041.000000;22348.000000;0.000000;1080.820557
853.000000;20510.000000;15972.000000;0.000000;188991.000000;22348.000000;0.000000;1082.106079
854.000000;20510.000000;17054.000000;0.000000;75733.000000;22348.000000;0.000000;1083.413452
855.000000;20510.000000;14667.000000;0.000000;217409.000000;22348.000000;0.000000;1084.760376
856.000000;20510.000000;14699.000000;0.000000;229459.000000;22348.000000;0.000000;1086.076172
857.000000;20510.000000;15658.000000;0.000000;187520.000000;22348.000000;0.000000;1087.385376
858.000000;20510.000000;15459.000000;0.000000;194953.000000;22348.000000;0.000000;1088.704102
859.000000;20510.000000;17196.000000;0.000000;106901.000000;22348.000000;0.000000;1090.007324
860.000000;20510.000000;16116.000000;0.000000;157752.000000;22348.000000;0.000000;1091.292603
861.000000;20510.000000;16516.000000;0.000000;208361.000000;22348.000000;0.000000;1092.584351
862.000000;20510.000000;15511.000000;0.000000;178737.000000;22348.000000;0.000000;1093.892944
863.000000;20510.000000;16634.000000;0.000000;118197.000000;22348.000000;0.000000;1095.182251
864.000000;20510.000000;15430.000000;0.000000;203561.000000;22348.000000;0.000000;1096.466919
865.000000;20510.000000;15559.000000;0.000000;142708.000000;22348.000000;0.000000;1097.767090
866.000000;20510.000000;15683.000000;0.000000;189756.000000;22348.000000;0.000000;1099.081421
867.000000;20510.000000;14761.000000;0.000000;220909.000000;22348.000000;0.000000;1100.367310
868.000000;20510.000000;16756.000000;0.000000;162478.000000;22348.000000;0.000000;1101.656372
869.000000;20510.000000;14531.000000;0.000000;201376.000000;22348.000000;0.000000;1102.976074
870.000000;20510.000000;14053.000000;0.000000;226036.000000;22348.000000;0.000000;1104.273071
871.000000;20510.000000;17443.000000;0.000000;137693.000000;22348.000000;0.000000;1105.563477
872.000000;20510.000000;14491.000000;0.000000;218226.000000;22348.000000;0.000000;1106.849854
873.000000;20510.000000;16750.000000;0.000000;113059.000000;22348.000000;0.000000;1108.135254
874.000000;20510.000000;14391.000000;0.000000;238806.000000;22348.000000;0.000000;1109.427979
875.000000;20510.000000;14750.000000;0.000000;253642.000000;22348.000000;0.000000;1110.711548
876.000000;20510.000000;15279.000000;0.000000;186807.000000;22348.000000;0.000000;1111.983276
877.000000;20510.000000;14901.000000;0.000000;214968.000000;22348.000000;0.000000;1113.289185
878.000000;20510.000000;15482.000000;0.000000;168142.000000;22348.000000;0.000000;1114.564331
879.000000;20510.000000;15217.000000;0.000000;163921.000000;22348.000000;0.000000;1115.839233
880.000000;20510.000000;16132.000000;0.000000;192016.000000;22348.000000;0.000000;1117.117554
881.000000;20510.000000;15263.000000;0.000000;236399.000000;22348.000000;0.000000;1118.402466
882.000000;20510.000000;14635.000000;0.000000;213155.000000;22348.000000;0.000000;1119.697388
883.000000;20510.000000;15214.000000;0.000000;216227.000000;22348.000000;0.000000;1120.975464
884.000000;20510.000000;15494.000000;0.000000;183858.000000;22348.000000;0.000000;1122.258545
885.000000;20510.000000;15333.000000;0.000000;177996.000000;22348.000000;0.000000;1123.585327
886.000000;20510.000000;14107.000000;0.000000;217223.000000;22348.000000;0.000000;1124.859863
887.000000;20510.000000;14638.000000;0.000000;210020.000000;22348.000000;0.000000;1126.138184
888.000000;20510.000000;15717.000000;0.000000;170601.000000;22348.000000;0.000000;1127.417969
889.000000;20510.000000;17113.000000;0.000000;132005.000000;22348.000000;0.000000;1128.694824
890.000000;20510.000000;15678.000000;0.000000;138636.000000;22348.000000;0.000000;1129.970703
891.000000;20510.000000;15621.000000;0.000000;185336.000000;22348.000000;0.000000;1131.247192
892.000000;20510.000000;16159.000000;0.000000;163159.000000;22348.000000;0.000000;1132.527466
893.000000;20510.000000;15490.000000;0.000000;156812.000000;22348.000000;0.000000;1133.827271
894.000000;20510.000000;16663.000000;0.000000;125240.000000;22348.000000;0.000000;1135.104614
895.000000;20510.000000;15875.000000;0.000000;186884.000000;22348.000000;0.000000;1136.380249
896.000000;20510.000000;16588.000000;0.000000;155594.000000;22348.000000;0.000000;1137.660645
897.000000;20510.000000;15721.000000;0.000000;183099.000000;22348.000000;0.000000;1138.942627
898.000000;20510.000000;15284.000000;0.000000;171674.000000;22348.000000;0.000000;1140.220093
899.000000;20510.000000;16344.000000;0.000000;207507.000000;22348.000000;0.000000;1141.502197
900.000000;20510.000000;15948.000000;0.000000;176345.000000;22348.000000;0.000000;1142.784302
901.000000;20510.000000;16243.000000;0.000000;196887.000000;22348.000000;0.000000;1144.102905
902.000000;20510.000000;15441.000000;0.000000;200401.000000;22348.000000;0.000000;1145.411377
903.000000;20510.000000;16268.000000;0.000000;178330.000000;22348.000000;0.000000;1146.692505
904.000000;20510.000000;15232.000000;0.000000;188663.000000;22348.000000;0.000000;1147.972412
905.000000;20510.000000;16707.000000;0.000000;139226.000000;22348.000000;0.000000;1149.259521
906.000000;20510.000000;16116.000000;0.000000;176705.000000;22348.000000;0.000000;1150.546753
907.000000;20510.000000;15870.000000;0.000000;148984.000000;22348.000000;0.000000;1151.832031
908.000000;20510.000000;16490.000000;0.000000;150141.000000;22348.000000;0.000000;1153.147217
909.000000;20510.000000;16964.000000;0.000000;91562.000000;22348.000000;0.000000;1154.432129
910.000000;20510.000000;15500.000000;0.000000;186989.000000;22348.000000;0.000000;1155.714355
911.000000;20510.000000;15454.000000;0.000000;214761.000000;22348.000000;0.000000;1156.998413
912.000000;20510.000000;16020.000000;0.000000;172943.000000;22348.000000;0.000000;1158.370117
913.000000;20510.000000;16384.000000;0.000000;165114.000000;22348.000000;0.000000;1159.660034
914.000000;20510.000000;15785.000000;0.000000;186307.000000;22348.000000;0.000000;1160.947510
915.000000;20510.000000;15562.000000;0.000000;175357.000000;22348.000000;0.000000;1162.225830
916.000000;20510.000000;17843.000000;0.000000;144479.000000;22348.000000;0.000000;1163.584229
917.000000;20510.000000;16101.000000;0.000000;189666.000000;22348.000000;0.000000;1165.166016
918.000000;20510.000000;16036.000000;0.000000;174993.000000;22348.000000;0.000000;1166.593384
919.000000;20510.000000;15727.000000;0.000000;153160.000000;22348.000000;0.000000;1167.851562
920.000000;20510.000000;15537.000000;0.000000;208830.000000;22348.000000;0.000000;1169.139404
921.000000;20510.000000;16250.000000;0.000000;154567.000000;22348.000000;0.000000;1170.440186
922.000000;20510.000000;16619.000000;0.000000;175727.000000;22348.000000;0.000000;1171.728516
923.000000;20510.000000;14525.000000;0.000000;172863.000000;22348.000000;0.000000;1173.021973
924.000000;20510.000000;14954.000000;0.000000;159055.000000;22348.000000;0.000000;1174.331055
925.000000;20510.000000;14890.000000;0.000000;190676.000000;22348.000000;0.000000;1175.618774
926.000000;20510.000000;13273.000000;0.000000;202741.000000;22348.000000;0.000000;1176.912964
927.000000;20510.000000;15993.000000;0.000000;167679.000000;22348.000000;0.000000;1178.205688
928.000000;20510.000000;13990.000000;0.000000;216980.000000;22348.000000;0.000000;1179.501587
929.000000;20510.000000;16150.000000;0.000000;146999.000000;22348.000000;0.000000;1180.798218
930.000000;20510.000000;15614.000000;0.000000;186097.000000;22348.000000;0.000000;1182.087280
931.000000;20510.000000;16241.000000;0.000000;178149.000000;22348.000000;0.000000;1183.436401
932.000000;20510.000000;15916.000000;0.000000;159497.000000;22348.000000;0.000000;1184.730225
933.000000;20510.000000;15323.000000;0.000000;195126.000000;22348.000000;0.000000;1186.019775
934.000000;20510.000000;16515.000000;0.000000;167508.000000;22348.000000;0.000000;1187.312378
935.000000;20510.000000;15400.000000;0.000000;186105.000000;22348.000000;0.000000;1188.603149
936.000000;20510.000000;15784.000000;0.000000;168840.000000;22348.000000;0.000000;1190.038696
937.000000;20510.000000;14858.000000;0.000000;187513.000000;22348.000000;0.000000;1191.344849
938.000000;20510.000000;13811.000000;0.000000;243700.000000;22348.000000;0.000000;1192.638916
939.000000;20510.000000;14904.000000;0.000000;228718.000000;22348.000000;0.000000;1193.963257
940.000000;20510.000000;15884.000000;0.000000;166474.000000;22348.000000;0.000000;1195.254150
941.000000;20510.000000;14729.000000;0.000000;221168.000000;22348.000000;0.000000;1196.551025
942.000000;20510.000000;14709.000000;0.000000;154965.000000;22348.000000;0.000000;1197.846558
943.000000;20510.000000;14402.000000;0.000000;183383.000000;22348.000000;0.000000;1199.137085
944.000000;20510.000000;14521.000000;0.000000;182458.000000;22348.000000;0.000000;1200.432373
945.000000;20510.000000;14000.000000;0.000000;204567.000000;22348.000000;0.000000;1201.725098
946.000000;20510.000000;17190.000000;0.000000;94023.000000;22348.000000;0.000000;1203.019287
947.000000;20510.000000;16127.000000;0.000000;149941.000000;22348.000000;0.000000;1204.339966
948.000000;20510.000000;17398.000000;0.000000;102785.000000;22348.000000;0.000000;1205.632935
949.000000;20510.000000;14057.000000;0.000000;175880.000000;22348.000000;0.000000;1206.932129
950.000000;20510.000000;14453.000000;0.000000;234182.000000;22348.000000;0.000000;1208.257202
951.000000;20510.000000;14940.000000;0.000000;194986.000000;22348.000000;0.000000;1209.557983
952.000000;20510.000000;14760.000000;0.000000;185984.000000;22348.000000;0.000000;1210.863892
953.000000;20510.000000;14883.000000;0.000000;185391.000000;22348.000000;0.000000;1212.161621
954.000000;20510.000000;16148.000000;0.000000;161204.000000;22348.000000;0.000000;1213.474731
955.000000;20510.000000;14137.000000;0.000000;238034.000000;22348.000000;0.000000;1214.777832
956.000000;20510.000000;14663.000000;0.000000;173274.000000;22348.000000;0.000000;1216.072998
957.000000;20510.000000;14740.000000;0.000000;210751.000000;22348.000000;0.000000;1217.369019
958.000000;20510.000000;16219.000000;0.000000;135999.000000;22348.000000;0.000000;1218.668091
959.000000;20510.000000;16299.000000;0.000000;140794.000000;22348.000000;0.000000;1219.966187
960.000000;20510.000000;16316.000000;0.000000;172795.000000;22348.000000;0.000000;1221.264404
961.000000;20510.000000;15412.000000;0.000000;200212.000000;22348.000000;0.000000;1222.570190
962.000000;20510.000000;17963.000000;0.000000;135034.000000;22348.000000;0.000000;1224.006958
963.000000;20510.000000;16220.000000;0.000000;160564.000000;22348.000000;0.000000;1225.323730
964.000000;20510.000000;14702.000000;0.000000;183148.000000;22348.000000;0.000000;1226.619995
965.000000;20510.000000;15457.000000;0.000000;207717.000000;22348.000000;0.000000;1227.914795
966.000000;20510.000000;14485.000000;0.000000;222596.000000;22348.000000;0.000000;1229.211670
967.000000;20510.000000;14515.000000;0.000000;208126.000000;22348.000000;0.000000;1230.507568
968.000000;20510.000000;14044.000000;0.000000;245822.000000;22348.000000;0.000000;1231.805298
969.000000;20510.000000;15440.000000;0.000000;202849.000000;22348.000000;0.000000;1233.107300
970.000000;20510.000000;16232.000000;0.000000;198347.000000;22348.000000;0.000000;1234.438110
971.000000;20510.000000;16538.000000;0.000000;161055.000000;22348.000000;0.000000;1235.739868
972.000000;20510.000000;15573.000000;0.000000;176631.000000;22348.000000;0.000000;1237.041626
973.000000;20510.000000;16009.000000;0.000000;175832.000000;22348.000000;0.000000;1238.342285
974.000000;20510.000000;14590.000000;0.000000;197867.000000;22348.000000;0.000000;1239.643433
975.000000;20510.000000;15159.000000;0.000000;182049.000000;22348.000000;0.000000;1240.950928
976.000000;20510.000000;15721.000000;0.000000;208419.000000;22348.000000;0.000000;1242.250854
977.000000;20510.000000;14572.000000;0.000000;199441.000000;22348.000000;0.000000;1243.629150
978.000000;20510.000000;15561.000000;0.000000;171821.000000;22348.000000;0.000000;1244.940063
979.000000;20510.000000;14807.000000;0.000000;219118.000000;22348.000000;0.000000;1246.239624
980.000000;20510.000000;15052.000000;0.000000;235324.000000;22348.000000;0.000000;1247.541382
981.000000;20510.000000;15664.000000;0.000000;228857.000000;22348.000000;0.000000;1248.847534
982.000000;20510.000000;15814.000000;0.000000;179144.000000;22348.000000;0.000000;1250.144287
983.000000;20510.000000;16689.000000;0.000000;160556.000000;22348.000000;0.000000;1251.447021
984.000000;20510.000000;15177.000000;0.000000;139191.000000;22348.000000;0.000000;1252.743042
985.000000;20510.000000;16181.000000;0.000000;142531.000000;22348.000000;0.000000;1254.208618
986.000000;20510.000000;15430.000000;0.000000;187714.000000;22348.000000;0.000000;1255.608887
987.000000;20510.000000;16003.000000;0.000000;167871.000000;22348.000000;0.000000;1256.918335
988.000000;20510.000000;14903.000000;0.000000;236522.000000;22348.000000;0.000000;1258.225830
989.000000;20510.000000;16117.000000;0.000000;140053.000000;22348.000000;0.000000;1259.532471
990.000000;20510.000000;15582.000000;0.000000;171134.000000;22348.000000;0.000000;1260.838501
991.000000;20510.000000;16231.000000;0.000000;147438.000000;22348.000000;0.000000;1262.145386
992.000000;20510.000000;16137.000000;0.000000;168109.000000;22348.000000;0.000000;1263.450806
993.000000;20510.000000;15622.000000;0.000000;200024.000000;22348.000000;0.000000;1264.782471
994.000000;20510.000000;15197.000000;0.000000;165694.000000;22348.000000;0.000000;1266.090210
995.000000;20510.000000;16634.000000;0.000000;105259.000000;22348.000000;0.000000;1267.396606
996.000000;20510.000000;16414.000000;0.000000;193199.000000;22348.000000;0.000000;1268.708008
997.000000;20510.000000;16422.000000;0.000000;132969.000000;22348.000000;0.000000;1270.020996
998.000000;20510.000000;16189.000000;0.000000;162437.000000;22348.000000;0.000000;1271.344482
999.000000;20510.000000;15118.000000;0.000000;218759.000000;22348.000000;0.000000;1272.709106
1000.000000;20510.000000;16224.000000;0.000000;183023.000000;22348.000000;0.000000;1274.067139
1001.000000;20510.000000;15324.000000;0.000000;224804.000000;22348.000000;0.000000;1275.393555
1002.000000;20510.000000;16186.000000;0.000000;164978.000000;22348.000000;0.000000;1276.706543
1003.000000;20510.000000;16235.000000;0.000000;169153.000000;22348.000000;0.000000;1278.016479
1004.000000;20510.000000;15201.000000;0.000000;152582.000000;22348.000000;0.000000;1279.325317
1005.000000;20510.000000;15609.000000;0.000000;231071.000000;22348.000000;0.000000;1280.632324
1006.000000;20510.000000;17924.000000;0.000000;115944.000000;22348.000000;0.000000;1281.964600
1007.000000;20510.000000;15352.000000;0.000000;215379.000000;22348.000000;0.000000;1283.298218
1008.000000;20510.000000;15016.000000;0.000000;204591.000000;22348.000000;0.000000;1284.638550
1009.000000;20510.000000;14469.000000;0.000000;237956.000000;22348.000000;0.000000;1285.969971
1010.000000;20510.000000;15433.000000;0.000000;192708.000000;22348.000000;0.000000;1287.280396
1011.000000;20510.000000;14627.000000;0.000000;204272.000000;22348.000000;0.000000;1288.679321
1012.000000;20510.000000;15874.000000;0.000000;202788.000000;22348.000000;0.000000;1289.992188
1013.000000;20510.000000;14483.000000;0.000000;220016.000000;22348.000000;0.000000;1291.287964
1014.000000;20510.000000;16124.000000;0.000000;106011.000000;22348.000000;0.000000;1292.785278
1015.000000;20510.000000;14831.000000;0.000000;142943.000000;22348.000000;0.000000;1294.117554
1016.000000;20510.000000;15782.000000;0.000000;163316.000000;22348.000000;0.000000;1295.417603
1017.000000;20510.000000;15766.000000;0.000000;165918.000000;22348.000000;0.000000;1296.712891
1018.000000;20510.000000;16406.000000;0.000000;154485.000000;22348.000000;0.000000;1298.010498
1019.000000;20510.000000;16766.000000;0.000000;172813.000000;22348.000000;0.000000;1299.301880
1020.000000;20510.000000;15045.000000;0.000000;236298.000000;22348.000000;0.000000;1300.597290
1021.000000;20510.000000;15454.000000;0.000000;223671.000000;22348.000000;0.000000;1301.900024
1022.000000;20510.000000;15729.000000;0.000000;210885.000000;22348.000000;0.000000;1303.219849
1023.000000;20510.000000;15124.000000;0.000000;205093.000000;22348.000000;0.000000;1304.546509
1024.000000;20510.000000;15527.000000;0.000000;188717.000000;22348.000000;0.000000;1305.847900
1025.000000;20510.000000;15019.000000;0.000000;204133.000000;22348.000000;0.000000;1307.140259
1026.000000;20510.000000;15169.000000;0.000000;203347.000000;22348.000000;0.000000;1308.437744
1027.000000;20510.000000;16317.000000;0.000000;185904.000000;22348.000000;0.000000;1309.733032
1028.000000;20510.000000;14288.000000;0.000000;240411.000000;22348.000000;0.000000;1311.030884
1029.000000;20510.000000;14842.000000;0.000000;140255.000000;22348.000000;0.000000;1312.327881
1030.000000;20510.000000;16486.000000;0.000000;181734.000000;22348.000000;0.000000;1313.622925
1031.000000;20510.000000;15849.000000;0.000000;145071.000000;22348.000000;0.000000;1314.943604
1032.000000;20510.000000;16307.000000;0.000000;145480.000000;22348.000000;0.000000;1316.239014
1033.000000;20510.000000;16803.000000;0.000000;124328.000000;22348.000000;0.000000;1317.530884
1034.000000;20510.000000;15620.000000;0.000000;207383.000000;22348.000000;0.000000;1318.833374
1035.000000;20510.000000;15936.000000;0.000000;167746.000000;22348.000000;0.000000;1320.215698
1036.000000;20510.000000;16704.000000;0.000000;161648.000000;22348.000000;0.000000;1321.505615
1037.000000;20510.000000;16334.000000;0.000000;132558.000000;22348.000000;0.000000;1322.786621
1038.000000;20510.000000;16051.000000;0.000000;179499.000000;22348.000000;0.000000;1324.108276
1039.000000;20510.000000;17864.000000;0.000000;89695.000000;22348.000000;0.000000;1325.399170
1040.000000;20510.000000;15512.000000;0.000000;174796.000000;22348.000000;0.000000;1326.684937
1041.000000;20510.000000;15409.000000;0.000000;204620.000000;22348.000000;0.000000;1327.974121
1042.000000;20510.000000;15967.000000;0.000000;146871.000000;22348.000000;0.000000;1329.262451
1043.000000;20510.000000;16415.000000;0.000000;154018.000000;22348.000000;0.000000;1330.542114
1044.000000;20510.000000;14548.000000;0.000000;213054.000000;22348.000000;0.000000;1331.832764
1045.000000;20510.000000;14732.000000;0.000000;228815.000000;22348.000000;0.000000;1333.121460
1046.000000;20510.000000;15834.000000;0.000000;168347.000000;22348.000000;0.000000;1334.759644
1047.000000;20510.000000;14479.000000;0.000000;196049.000000;22348.000000;0.000000;1336.135986
1048.000000;20510.000000;16178.000000;0.000000;172512.000000;22348.000000;0.000000;1337.419800
1049.000000;20510.000000;14773.000000;0.000000;205878.000000;22348.000000;0.000000;1338.703979
1050.000000;20510.000000;15602.000000;0.000000;181957.000000;22348.000000;0.000000;1339.991821
1051.000000;20510.000000;15131.000000;0.000000;197702.000000;22348.000000;0.000000;1341.274048
1052.000000;20510.000000;14829.000000;0.000000;181363.000000;22348.000000;0.000000;1342.553711
1053.000000;20510.000000;14889.000000;0.000000;210173.000000;22348.000000;0.000000;1343.838501
1054.000000;20510.000000;14751.000000;0.000000;247132.000000;22348.000000;0.000000;1345.145020
1055.000000;20510.000000;16619.000000;0.000000;169773.000000;22348.000000;0.000000;1346.433472
1056.000000;20510.000000;15716.000000;0.000000;153189.000000;22348.000000;0.000000;1347.718262
1057.000000;20510.000000;14483.000000;0.000000;193488.000000;22348.000000;0.000000;1349.001221
1058.000000;20510.000000;15137.000000;0.000000;178471.000000;22348.000000;0.000000;1350.296997
1059.000000;20510.000000;14766.000000;0.000000;218562.000000;22348.000000;0.000000;1351.572021
1060.000000;20510.000000;16250.000000;0.000000;170322.000000;22348.000000;0.000000;1352.839478
1061.000000;20510.000000;14461.000000;0.000000;247928.000000;22348.000000;0.000000;1354.125732
1062.000000;20510.000000;16176.000000;0.000000;138575.000000;22348.000000;0.000000;1355.433228
1063.000000;20510.000000;14163.000000;0.000000;227492.000000;22348.000000;0.000000;1356.708252
1064.000000;20510.000000;16912.000000;0.000000;141218.000000;22348.000000;0.000000;1357.981201
1065.000000;20510.000000;16114.000000;0.000000;186628.000000;22348.000000;0.000000;1359.255981
1066.000000;20510.000000;15042.000000;0.000000;167679.000000;22348.000000;0.000000;1360.535278
1067.000000;20510.000000;14929.000000;0.000000;193344.000000;22348.000000;0.000000;1361.808838
1068.000000;20510.000000;14915.000000;0.000000;170482.000000;22348.000000;0.000000;1363.102539
1069.000000;20510.000000;15416.000000;0.000000;193804.000000;22348.000000;0.000000;1364.406494
1070.000000;20510.000000;16489.000000;0.000000;118902.000000;22348.000000;0.000000;1365.683716
1071.000000;20510.000000;17307.000000;0.000000;112538.000000;22348.000000;0.000000;1366.955933
1072.000000;20510.000000;15069.000000;0.000000;215100.000000;22348.000000;0.000000;1368.232788
1073.000000;20510.000000;18446.000000;0.000000;86501.000000;22348.000000;0.000000;1369.503784
1074.000000;20510.000000;14812.000000;0.000000;204092.000000;22348.000000;0.000000;1370.776489
1075.000000;20510.000000;18128.000000;0.000000;94124.000000;22348.000000;0.000000;1372.051636
1076.000000;20510.000000;16022.000000;0.000000;219420.000000;22348.000000;0.000000;1373.323608
1077.000000;20510.000000;14138.000000;0.000000;217313.000000;22348.000000;0.000000;1374.626465
1078.000000;20510.000000;15164.000000;0.000000;203354.000000;22348.000000;0.000000;1375.897461
1079.000000;20510.000000;16159.000000;0.000000;146629.000000;22348.000000;0.000000;1377.166870
1080.000000;20510.000000;14970.000000;0.000000;191045.000000;22348.000000;0.000000;1378.446167
1081.000000;20510.000000;15880.000000;0.000000;142815.000000;22348.000000;0.000000;1379.728760
1082.000000;20510.000000;17124.000000;0.000000;116289.000000;22348.000000;0.000000;1381.011108
1083.000000;20510.000000;16084.000000;0.000000;150929.000000;22348.000000;0.000000;1382.288330
1084.000000;20510.000000;15093.000000;0.000000;155970.000000;22348.000000;0.000000;1383.567749
1085.000000;20510.000000;17303.000000;0.000000;155664.000000;22348.000000;0.000000;1385.039429
1086.000000;20510.000000;16679.000000;0.000000;109731.000000;22348.000000;0.000000;1386.332520
1087.000000;20510.000000;16989.000000;0.000000;159504.000000;22348.000000;0.000000;1387.620728
1088.000000;20510.000000;15795.000000;0.000000;173778.000000;22348.000000;0.000000;1388.951538
1089.000000;20510.000000;17973.000000;0.000000;70818.000000;22348.000000;0.000000;1390.234131
1090.000000;20510.000000;16889.000000;0.000000;146021.000000;22348.000000;0.000000;1391.517944
1091.000000;20510.000000;16577.000000;0.000000;104481.000000;22348.000000;0.000000;1392.794434
1092.000000;20510.000000;14695.000000;0.000000;200587.000000;22348.000000;0.000000;1394.084229
1093.000000;20510.000000;15667.000000;0.000000;141586.000000;22348.000000;0.000000;1395.387573
1094.000000;20510.000000;17169.000000;0.000000;112996.000000;22348.000000;0.000000;1396.663696
1095.000000;20510.000000;14484.000000;0.000000;194736.000000;22348.000000;0.000000;1397.937134
1096.000000;20510.000000;15353.000000;0.000000;201489.000000;22348.000000;0.000000;1399.215210
1097.000000;20510.000000;14979.000000;0.000000;209037.000000;22348.000000;0.000000;1400.494629
1098.000000;20510.000000;15797.000000;0.000000;169270.000000;22348.000000;0.000000;1401.771484
1099.000000;20510.000000;16570.000000;0.000000;113208.000000;22348.000000;0.000000;1403.045166
1100.000000;20510.000000;15962.000000;0.000000;185152.000000;22348.000000;0.000000;1404.331299
1101.000000;20510.000000;15672.000000;0.000000;162429.000000;22348.000000;0.000000;1405.653564
1102.000000;20510.000000;14631.000000;0.000000;214942.000000;22348.000000;0.000000;1406.944336
1103.000000;20510.000000;16885.000000;0.000000;147407.000000;22348.000000;0.000000;1408.222900
1104.000000;20510.000000;15586.000000;0.000000;149213.000000;22348.000000;0.000000;1409.495850
1105.000000;20510.000000;16301.000000;0.000000;141083.000000;22348.000000;0.000000;1410.830200
1106.000000;20510.000000;15861.000000;0.000000;170867.000000;22348.000000;0.000000;1412.117310
1107.000000;20510.000000;15655.000000;0.000000;180605.000000;22348.000000;0.000000;1413.402710
1108.000000;20510.000000;17511.000000;0.000000;114701.000000;22348.000000;0.000000;1414.700562
1109.000000;20510.000000;14874.000000;0.000000;207703.000000;22348.000000;0.000000;1415.987549
1110.000000;20510.000000;14858.000000;0.000000;189737.000000;22348.000000;0.000000;1417.277954
1111.000000;20510.000000;14027.000000;0.000000;234095.000000;22348.000000;0.000000;1418.612671
1112.000000;20510.000000;15435.000000;0.000000;171284.000000;22348.000000;0.000000;1419.894653
1113.000000;20510.000000;17966.000000;0.000000;110859.000000;22348.000000;0.000000;1421.180054
1114.000000;20510.000000;18297.000000;0.000000;117854.000000;22348.000000;0.000000;1422.461182
1115.000000;20510.000000;16834.000000;0.000000;160205.000000;22348.000000;0.000000;1423.823975
1116.000000;20510.000000;14835.000000;0.000000;194038.000000;22348.000000;0.000000;1425.131836
1117.000000;20510.000000;14623.000000;0.000000;226985.000000;22348.000000;0.000000;1426.416016
1118.000000;20510.000000;16538.000000;0.000000;145394.000000;22348.000000;0.000000;1427.693115
1119.000000;20510.000000;15593.000000;0.000000;187771.000000;22348.000000;0.000000;1428.971924
1120.000000;20510.000000;16356.000000;0.000000;166254.000000;22348.000000;0.000000;1430.262817
1121.000000;20510.000000;13595.000000;0.000000;300310.000000;22348.000000;0.000000;1431.549927
1122.000000;20510.000000;14883.000000;0.000000;216203.000000;22348.000000;0.000000;1432.833130
1123.000000;20510.000000;15106.000000;0.000000;192949.000000;22348.000000;0.000000;1434.117188
1124.000000;20510.000000;16496.000000;0.000000;165117.000000;22348.000000;0.000000;1435.432251
1125.000000;20510.000000;16316.000000;0.000000;155032.000000;22348.000000;0.000000;1436.716797
1126.000000;20510.000000;16772.000000;0.000000;122996.000000;22348.000000;0.000000;1438.004028
1127.000000;20510.000000;14008.000000;0.000000;243113.000000;22348.000000;0.000000;1439.285400
1128.000000;20510.000000;15227.000000;0.000000;153935.000000;22348.000000;0.000000;1440.572632
1129.000000;20510.000000;16587.000000;0.000000;127634.000000;22348.000000;0.000000;1441.862671
1130.000000;20510.000000;14831.000000;0.000000;195886.000000;22348.000000;0.000000;1443.152222
1131.000000;20510.000000;16738.000000;0.000000;129381.000000;22348.000000;0.000000;1444.453125
1132.000000;20510.000000;15388.000000;0.000000;174485.000000;22348.000000;0.000000;1445.777954
1133.000000;20510.000000;14917.000000;0.000000;140119.000000;22348.000000;0.000000;1447.084229
1134.000000;20510.000000;15147.000000;0.000000;210734.000000;22348.000000;0.000000;1448.367188
1135.000000;20510.000000;14400.000000;0.000000;246939.000000;22348.000000;0.000000;1449.655762
1136.000000;20510.000000;17928.000000;0.000000;139612.000000;22348.000000;0.000000;1450.946411
1137.000000;20510.000000;15210.000000;0.000000;171491.000000;22348.000000;0.000000;1452.234619
1138.000000;20510.000000;16149.000000;0.000000;152055.000000;22348.000000;0.000000;1453.530640
1139.000000;20510.000000;16019.000000;0.000000;174705.000000;22348.000000;0.000000;1454.838989
1140.000000;20510.000000;16881.000000;0.000000;152217.000000;22348.000000;0.000000;1456.138062
1141.000000;20510.000000;17596.000000;0.000000;131622.000000;22348.000000;0.000000;1457.432129
1142.000000;20510.000000;16246.000000;0.000000;177072.000000;22348.000000;0.000000;1458.720215
1143.000000;20510.000000;17210.000000;0.000000;125401.000000;22348.000000;0.000000;1460.007935
1144.000000;20510.000000;17298.000000;0.000000;155852.000000;22348.000000;0.000000;1461.293701
1145.000000;20510.000000;15723.000000;0.000000;179718.000000;22348.000000;0.000000;1462.767212
1146.000000;20510.000000;16528.000000;0.000000;131848.000000;22348.000000;0.000000;1464.265747
1147.000000;20510.000000;15889.000000;0.000000;136718.000000;22348.000000;0.000000;1465.742188
1148.000000;20510.000000;15544.000000;0.000000;215762.000000;22348.000000;0.000000;1467.192993
1149.000000;20510.000000;16868.000000;0.000000;158208.000000;22348.000000;0.000000;1468.640991
1150.000000;20510.000000;15513.000000;0.000000;191308.000000;22348.000000;0.000000;1470.089478
1151.000000;20510.000000;15636.000000;0.000000;209511.000000;22348.000000;0.000000;1471.545654
1152.000000;20510.000000;15174.000000;0.000000;185360.000000;22348.000000;0.000000;1473.003296
1153.000000;20510.000000;15261.000000;0.000000;190730.000000;22348.000000;0.000000;1474.486572
1154.000000;20510.000000;15314.000000;0.000000;185449.000000;22348.000000;0.000000;1475.974121
1155.000000;20510.000000;16217.000000;0.000000;138058.000000;22348.000000;0.000000;1477.441528
1156.000000;20510.000000;15022.000000;0.000000;187113.000000;22348.000000;0.000000;1478.914429
1157.000000;20510.000000;14609.000000;0.000000;227595.000000;22348.000000;0.000000;1480.229004
1158.000000;20510.000000;14926.000000;0.000000;219102.000000;22348.000000;0.000000;1481.531738
1159.000000;20510.000000;14582.000000;0.000000;193159.000000;22348.000000;0.000000;1482.833618
1160.000000;20510.000000;16451.000000;0.000000;162001.000000;22348.000000;0.000000;1484.155518
1161.000000;20510.000000;15119.000000;0.000000;145722.000000;22348.000000;0.000000;1485.479248
1162.000000;20510.000000;15587.000000;0.000000;177659.000000;22348.000000;0.000000;1486.777344
1163.000000;20510.000000;16214.000000;0.000000;157250.000000;22348.000000;0.000000;1488.073730
1164.000000;20510.000000;15270.000000;0.000000;229439.000000;22348.000000;0.000000;1489.370972
1165.000000;20510.000000;15331.000000;0.000000;186198.000000;22348.000000;0.000000;1490.709839
1166.000000;20510.000000;14442.000000;0.000000;194651.000000;22348.000000;0.000000;1492.007324
1167.000000;20510.000000;16030.000000;0.000000;132844.000000;22348.000000;0.000000;1493.297363
1168.000000;20510.000000;14142.000000;0.000000;243952.000000;22348.000000;0.000000;1494.590210
1169.000000;20510.000000;16085.000000;0.000000;198244.000000;22348.000000;0.000000;1495.912720
1170.000000;20510.000000;13933.000000;0.000000;216585.000000;22348.000000;0.000000;1497.203979
1171.000000;20510.000000;16519.000000;0.000000;122420.000000;22348.000000;0.000000;1498.499878
1172.000000;20510.000000;16022.000000;0.000000;197462.000000;22348.000000;0.000000;1499.794312
1173.000000;20510.000000;15114.000000;0.000000;196217.000000;22348.000000;0.000000;1501.095459
1174.000000;20510.000000;14192.000000;0.000000;236110.000000;22348.000000;0.000000;1502.396362
1175.000000;20510.000000;16263.000000;0.000000;107322.000000;22348.000000;0.000000;1503.703491
1176.000000;20510.000000;15513.000000;0.000000;169039.000000;22348.000000;0.000000;1505.008423
1177.000000;20510.000000;16630.000000;0.000000;151551.000000;22348.000000;0.000000;1506.331177
1178.000000;20510.000000;15465.000000;0.000000;154286.000000;22348.000000;0.000000;1507.815674
1179.000000;20510.000000;14128.000000;0.000000;166888.000000;22348.000000;0.000000;1509.118408
1180.000000;20510.000000;17112.000000;0.000000;131820.000000;22348.000000;0.000000;1510.420166
1181.000000;20510.000000;15197.000000;0.000000;168635.000000;22348.000000;0.000000;1511.729492
1182.000000;20510.000000;16654.000000;0.000000;150737.000000;22348.000000;0.000000;1513.032349
1183.000000;20510.000000;16491.000000;0.000000;154872.000000;22348.000000;0.000000;1514.328369
1184.000000;20510.000000;16128.000000;0.000000;179924.000000;22348.000000;0.000000;1515.653076
1185.000000;20510.000000;17066.000000;0.000000;136240.000000;22348.000000;0.000000;1516.957764
1186.000000;20510.000000;15893.000000;0.000000;170321.000000;22348.000000;0.000000;1518.260986
1187.000000;20510.000000;14870.000000;0.000000;167448.000000;22348.000000;0.000000;1519.561035
1188.000000;20510.000000;15100.000000;0.000000;206955.000000;22348.000000;0.000000;1520.860596
1189.000000;20510.000000;16606.000000;0.000000;148677.000000;22348.000000;0.000000;1522.164673
1190.000000;20510.000000;14711.000000;0.000000;226811.000000;22348.000000;0.000000;1523.534058
1191.000000;20510.000000;16237.000000;0.000000;162039.000000;22348.000000;0.000000;1524.859009
1192.000000;20510.000000;13740.000000;0.000000;226960.000000;22348.000000;0.000000;1526.197876
1193.000000;20510.000000;16574.000000;0.000000;164738.000000;22348.000000;0.000000;1527.503540
1194.000000;20510.000000;14113.000000;0.000000;247637.000000;22348.000000;0.000000;1528.803711
1195.000000;20510.000000;16007.000000;0.000000;145257.000000;22348.000000;0.000000;1530.108276
1196.000000;20510.000000;16360.000000;0.000000;146266.000000;22348.000000;0.000000;1531.420166
1197.000000;20510.000000;16373.000000;0.000000;169953.000000;22348.000000;0.000000;1532.726929
1198.000000;20510.000000;16035.000000;0.000000;147962.000000;22348.000000;0.000000;1534.032227
1199.000000;20510.000000;15713.000000;0.000000;160297.000000;22348.000000;0.000000;1535.378296
1200.000000;20510.000000;17337.000000;0.000000;117742.000000;22348.000000;0.000000;1536.693481
1201.000000;20510.000000;16073.000000;0.000000;154738.000000;22348.000000;0.000000;1538.007080
1202.000000;20510.000000;16830.000000;0.000000;143581.000000;22348.000000;0.000000;1539.317139
1203.000000;20510.000000;16623.000000;0.000000;138463.000000;22348.000000;0.000000;1540.624512
1204.000000;20510.000000;15422.000000;0.000000;229048.000000;22348.000000;0.000000;1541.945435
1205.000000;20510.000000;14722.000000;0.000000;191770.000000;22348.000000;0.000000;1543.291992
1206.000000;20510.000000;14548.000000;0.000000;202351.000000;22348.000000;0.000000;1544.603638
1207.000000;20510.000000;15141.000000;0.000000;235509.000000;22348.000000;0.000000;1545.955933
1208.000000;20510.000000;15364.000000;0.000000;222661.000000;22348.000000;0.000000;1547.266602
1209.000000;20510.000000;15041.000000;0.000000;178152.000000;22348.000000;0.000000;1548.633667
1210.000000;20510.000000;15616.000000;0.000000;154735.000000;22348.000000;0.000000;1549.941772
1211.000000;20510.000000;15068.000000;0.000000;202691.000000;22348.000000;0.000000;1551.250854
1212.000000;20510.000000;15848.000000;0.000000;137868.000000;22348.000000;0.000000;1552.557495
1213.000000;20510.000000;16234.000000;0.000000;176435.000000;22348.000000;0.000000;1553.868530
1214.000000;20510.000000;17268.000000;0.000000;95473.000000;22348.000000;0.000000;1555.178101
1215.000000;20510.000000;15753.000000;0.000000;207964.000000;22348.000000;0.000000;1556.506348
1216.000000;20510.000000;15896.000000;0.000000;139902.000000;22348.000000;0.000000;1557.817017
1217.000000;20510.000000;15579.000000;0.000000;230821.000000;22348.000000;0.000000;1559.129517
1218.000000;20510.000000;15265.000000;0.000000;199999.000000;22348.000000;0.000000;1560.441162
1219.000000;20510.000000;15421.000000;0.000000;227150.000000;22348.000000;0.000000;1561.859375
1220.000000;20510.000000;16482.000000;0.000000;159561.000000;22348.000000;0.000000;1563.176025
1221.000000;20510.000000;15060.000000;0.000000;201804.000000;22348.000000;0.000000;1564.517700
1222.000000;20510.000000;15386.000000;0.000000;199608.000000;22348.000000;0.000000;1565.858032
1223.000000;20510.000000;15335.000000;0.000000;169857.000000;22348.000000;0.000000;1567.175293
1224.000000;20510.000000;14858.000000;0.000000;278967.000000;22348.000000;0.000000;1568.489746
1225.000000;20510.000000;14314.000000;0.000000;228309.000000;22348.000000;0.000000;1569.802124
1226.000000;20510.000000;15011.000000;0.000000;175938.000000;22348.000000;0.000000;1571.123047
1227.000000;20510.000000;16505.000000;0.000000;125042.000000;22348.000000;0.000000;1572.434448
1228.000000;20510.000000;16077.000000;0.000000;141752.000000;22348.000000;0.000000;1573.756836
1229.000000;20510.000000;15561.000000;0.000000;163230.000000;22348.000000;0.000000;1575.077026
1230.000000;20510.000000;15601.000000;0.000000;177163.000000;22348.000000;0.000000;1576.432251
1231.000000;20510.000000;14997.000000;0.000000;241387.000000;22348.000000;0.000000;1577.753662
1232.000000;20510.000000;15347.000000;0.000000;192765.000000;22348.000000;0.000000;1579.069580
1233.000000;20510.000000;15169.000000;0.000000;182378.000000;22348.000000;0.000000;1580.383911
1234.000000;20510.000000;14651.000000;0.000000;176253.000000;22348.000000;0.000000;1581.698242
1235.000000;20510.000000;14947.000000;0.000000;205635.000000;22348.000000;0.000000;1583.014771
1236.000000;20510.000000;15647.000000;0.000000;173430.000000;22348.000000;0.000000;1584.338623
1237.000000;20510.000000;18369.000000;0.000000;107446.000000;22348.000000;0.000000;1585.694824
1238.000000;20510.000000;17284.000000;0.000000;118900.000000;22348.000000;0.000000;1587.025879
1239.000000;20510.000000;17661.000000;0.000000;139180.000000;22348.000000;0.000000;1588.347534
1240.000000;20510.000000;15538.000000;0.000000;188933.000000;22348.000000;0.000000;1589.670410
1241.000000;20510.000000;15132.000000;0.000000;180227.000000;22348.000000;0.000000;1590.983643
1242.000000;20510.000000;15990.000000;0.000000;154031.000000;22348.000000;0.000000;1592.281860
1243.000000;20510.000000;15061.000000;0.000000;217825.000000;22348.000000;0.000000;1593.578735
1244.000000;20510.000000;16787.000000;0.000000;139982.000000;22348.000000;0.000000;1594.878174
1245.000000;20510.000000;16838.000000;0.000000;169882.000000;22348.000000;0.000000;1596.208252
1246.000000;20510.000000;16531.000000;0.000000;138500.000000;22348.000000;0.000000;1597.511230
1247.000000;20510.000000;15889.000000;0.000000;151836.000000;22348.000000;0.000000;1598.808472
1248.000000;20510.000000;17781.000000;0.000000;102667.000000;22348.000000;0.000000;1600.104614
1249.000000;20510.000000;16488.000000;0.000000;158823.000000;22348.000000;0.000000;1601.404663
1250.000000;20510.000000;17038.000000;0.000000;171440.000000;22348.000000;0.000000;1602.705688
1251.000000;20510.000000;16568.000000;0.000000;144034.000000;22348.000000;0.000000;1604.029419
1252.000000;20510.000000;16304.000000;0.000000;146050.000000;22348.000000;0.000000;1605.330322
1253.000000;20510.000000;14079.000000;0.000000;275672.000000;22348.000000;0.000000;1606.657593
1254.000000;20510.000000;16127.000000;0.000000;164427.000000;22348.000000;0.000000;1607.956055
1255.000000;20510.000000;17514.000000;0.000000;111965.000000;22348.000000;0.000000;1609.257080
1256.000000;20510.000000;13971.000000;0.000000;242341.000000;22348.000000;0.000000;1610.556763
1257.000000;20510.000000;15135.000000;0.000000;162163.000000;22348.000000;0.000000;1611.854736
1258.000000;20510.000000;15305.000000;0.000000;200767.000000;22348.000000;0.000000;1613.156372
1259.000000;20510.000000;16219.000000;0.000000;156581.000000;22348.000000;0.000000;1614.462402
1260.000000;20510.000000;14767.000000;0.000000;169218.000000;22348.000000;0.000000;1615.790283
1261.000000;20510.000000;16318.000000;0.000000;164455.000000;22348.000000;0.000000;1617.100098
1262.000000;20510.000000;13462.000000;0.000000;209918.000000;22348.000000;0.000000;1618.412842
1263.000000;20510.000000;15384.000000;0.000000;167550.000000;22348.000000;0.000000;1619.717407
1264.000000;20510.000000;14167.000000;0.000000;212554.000000;22348.000000;0.000000;1621.012573
1265.000000;20510.000000;15526.000000;0.000000;167894.000000;22348.000000;0.000000;1622.300049
1266.000000;20510.000000;14332.000000;0.000000;220116.000000;22348.000000;0.000000;1623.584717
1267.000000;20510.000000;16164.000000;0.000000;145553.000000;22348.000000;0.000000;1624.867065
1268.000000;20510.000000;15040.000000;0.000000;219395.000000;22348.000000;0.000000;1626.180420
1269.000000;20510.000000;15712.000000;0.000000;170976.000000;22348.000000;0.000000;1627.473267
1270.000000;20510.000000;15619.000000;0.000000;172205.000000;22348.000000;0.000000;1628.763550
1271.000000;20510.000000;14923.000000;0.000000;214838.000000;22348.000000;0.000000;1630.053833
1272.000000;20510.000000;16825.000000;0.000000;152523.000000;22348.000000;0.000000;1631.345337
1273.000000;20510.000000;14868.000000;0.000000;165715.000000;22348.000000;0.000000;1632.635498
1274.000000;20510.000000;16717.000000;0.000000;128250.000000;22348.000000;0.000000;1633.924316
1275.000000;20510.000000;15552.000000;0.000000;180075.000000;22348.000000;0.000000;1635.208740
1276.000000;20510.000000;16456.000000;0.000000;144508.000000;22348.000000;0.000000;1636.529053
1277.000000;20510.000000;16602.000000;0.000000;164417.000000;22348.000000;0.000000;1637.813599
1278.000000;20510.000000;17538.000000;0.000000;99546.000000;22348.000000;0.000000;1639.095581
1279.000000;20510.000000;15422.000000;0.000000;189004.000000;22348.000000;0.000000;1640.377930
1280.000000;20510.000000;15291.000000;0.000000;121688.000000;22348.000000;0.000000;1641.664795
1281.000000;20510.000000;15777.000000;0.000000;169926.000000;22348.000000;0.000000;1642.957764
1282.000000;20510.000000;15871.000000;0.000000;147796.000000;22348.000000;0.000000;1644.251343
1283.000000;20510.000000;16535.000000;0.000000;146961.000000;22348.000000;0.000000;1645.558716
1284.000000;20510.000000;14932.000000;0.000000;203607.000000;22348.000000;0.000000;1646.872681
1285.000000;20510.000000;17038.000000;0.000000;137527.000000;22348.000000;0.000000;1648.265015
1286.000000;20510.000000;15859.000000;0.000000;193213.000000;22348.000000;0.000000;1649.556885
1287.000000;20510.000000;15336.000000;0.000000;179682.000000;22348.000000;0.000000;1650.835693
1288.000000;20510.000000;16036.000000;0.000000;141676.000000;22348.000000;0.000000;1652.110352
1289.000000;20510.000000;14855.000000;0.000000;213742.000000;22348.000000;0.000000;1653.380615
1290.000000;20510.000000;16066.000000;0.000000;144546.000000;22348.000000;0.000000;1654.655151
1291.000000;20510.000000;13984.000000;0.000000;219295.000000;22348.000000;0.000000;1655.935669
1292.000000;20510.000000;15964.000000;0.000000;115850.000000;22348.000000;0.000000;1657.236816
1293.000000;20510.000000;14748.000000;0.000000;208939.000000;22348.000000;0.000000;1658.516846
1294.000000;20510.000000;16827.000000;0.000000;134157.000000;22348.000000;0.000000;1659.797241
1295.000000;20510.000000;14853.000000;0.000000;219259.000000;22348.000000;0.000000;1661.080078
1296.000000;20510.000000;17214.000000;0.000000;114801.000000;22348.000000;0.000000;1662.354126
1297.000000;20510.000000;16761.000000;0.000000;178564.000000;22348.000000;0.000000;1663.651245
1298.000000;20510.000000;16017.000000;0.000000;136357.000000;22348.000000;0.000000;1664.928223
1299.000000;20510.000000;15350.000000;0.000000;241516.000000;22348.000000;0.000000;1666.227417
1300.000000;20510.000000;15531.000000;0.000000;160431.000000;22348.000000;0.000000;1667.508667
1301.000000;20510.000000;14671.000000;0.000000;181632.000000;22348.000000;0.000000;1668.790039
1302.000000;20510.000000;15371.000000;0.000000;178728.000000;22348.000000;0.000000;1670.072510
1303.000000;20510.000000;15055.000000;0.000000;167692.000000;22348.000000;0.000000;1671.357544
1304.000000;20510.000000;15830.000000;0.000000;172054.000000;22348.000000;0.000000;1672.637573
1305.000000;20510.000000;16472.000000;0.000000;164117.000000;22348.000000;0.000000;1673.916260
1306.000000;20510.000000;16839.000000;0.000000;149108.000000;22348.000000;0.000000;1675.194946
1307.000000;20510.000000;15032.000000;0.000000;202139.000000;22348.000000;0.000000;1676.495728
1308.000000;20510.000000;15354.000000;0.000000;233985.000000;22348.000000;0.000000;1677.818481
1309.000000;20510.000000;13771.000000;0.000000;172874.000000;22348.000000;0.000000;1679.111938
1310.000000;20510.000000;15149.000000;0.000000;180069.000000;22348.000000;0.000000;1680.391113
1311.000000;20510.000000;14802.000000;0.000000;164958.000000;22348.000000;0.000000;1681.670532
1312.000000;20510.000000;15234.000000;0.000000;169061.000000;22348.000000;0.000000;1682.953247
1313.000000;20510.000000;14017.000000;0.000000;212901.000000;22348.000000;0.000000;1684.239868
1314.000000;20510.000000;16902.000000;0.000000;95565.000000;22348.000000;0.000000;1685.598267
1315.000000;20510.000000;14744.000000;0.000000;217790.000000;22348.000000;0.000000;1686.899902
1316.000000;20510.000000;16795.000000;0.000000;140243.000000;22348.000000;0.000000;1688.242065
1317.000000;20510.000000;13735.000000;0.000000;197629.000000;22348.000000;0.000000;1689.526367
1318.000000;20510.000000;16755.000000;0.000000;153763.000000;22348.000000;0.000000;1690.809326
1319.000000;20510.000000;15418.000000;0.000000;227898.000000;22348.000000;0.000000;1692.089966
1320.000000;20510.000000;15649.000000;0.000000;193521.000000;22348.000000;0.000000;1693.377319
1321.000000;20510.000000;16844.000000;0.000000;165269.000000;22348.000000;0.000000;1694.667969
1322.000000;20510.000000;14777.000000;0.000000;202790.000000;22348.000000;0.000000;1695.946289
1323.000000;20510.000000;14836.000000;0.000000;227117.000000;22348.000000;0.000000;1697.254883
1324.000000;20510.000000;14731.000000;0.000000;227143.000000;22348.000000;0.000000;1698.540771
1325.000000;20510.000000;14554.000000;0.000000;180264.000000;22348.000000;0.000000;1699.828369
1326.000000;20510.000000;16048.000000;0.000000;195186.000000;22348.000000;0.000000;1701.112305
1327.000000;20510.000000;16817.000000;0.000000;173486.000000;22348.000000;0.000000;1702.394165
1328.000000;20510.000000;14073.000000;0.000000;207485.000000;22348.000000;0.000000;1703.675659
1329.000000;20510.000000;16549.000000;0.000000;161518.000000;22348.000000;0.000000;1704.957764
1330.000000;20510.000000;14196.000000;0.000000;229552.000000;22348.000000;0.000000;1706.283203
1331.000000;20510.000000;16418.000000;0.000000;152470.000000;22348.000000;0.000000;1707.572266
1332.000000;20510.000000;14279.000000;0.000000;250881.000000;22348.000000;0.000000;1708.873291
1333.000000;20510.000000;14253.000000;0.000000;229701.000000;22348.000000;0.000000;1710.158936
1334.000000;20510.000000;15365.000000;0.000000;164225.000000;22348.000000;0.000000;1711.442139
1335.000000;20510.000000;14727.000000;0.000000;196246.000000;22348.000000;0.000000;1712.728149
1336.000000;20510.000000;15783.000000;0.000000;191418.000000;22348.000000;0.000000;1714.022217
1337.000000;20510.000000;15410.000000;0.000000;159277.000000;22348.000000;0.000000;1715.310425
1338.000000;20510.000000;15513.000000;0.000000;155516.000000;22348.000000;0.000000;1716.629761
1339.000000;20510.000000;15222.000000;0.000000;179122.000000;22348.000000;0.000000;1717.924683
1340.000000;20510.000000;16785.000000;0.000000;135930.000000;22348.000000;0.000000;1719.223633
1341.000000;20510.000000;14173.000000;0.000000;226612.000000;22348.000000;0.000000;1720.516235
1342.000000;20510.000000;14285.000000;0.000000;189104.000000;22348.000000;0.000000;1721.805542
1343.000000;20510.000000;14892.000000;0.000000;187704.000000;22348.000000;0.000000;1723.106689
1344.000000;20510.000000;15265.000000;0.000000;235165.000000;22348.000000;0.000000;1724.410889
1345.000000;20510.000000;15456.000000;0.000000;174667.000000;22348.000000;0.000000;1725.701416
1346.000000;20510.000000;15260.000000;0.000000;237821.000000;22348.000000;0.000000;1727.009644
1347.000000;20510.000000;14929.000000;0.000000;252344.000000;22348.000000;0.000000;1728.299438
1348.000000;20510.000000;16215.000000;0.000000;162835.000000;22348.000000;0.000000;1729.588013
1349.000000;20510.000000;14180.000000;0.000000;189962.000000;22348.000000;0.000000;1730.874146
1350.000000;20510.000000;15298.000000;0.000000;193202.000000;22348.000000;0.000000;1732.162109
1351.000000;20510.000000;14443.000000;0.000000;197265.000000;22348.000000;0.000000;1733.446289
1352.000000;20510.000000;15406.000000;0.000000;159847.000000;22348.000000;0.000000;1734.739746
1353.000000;20510.000000;15003.000000;0.000000;189222.000000;22348.000000;0.000000;1736.026611
1354.000000;20510.000000;16033.000000;0.000000;176029.000000;22348.000000;0.000000;1737.338135
1355.000000;20510.000000;15859.000000;0.000000;154021.000000;22348.000000;0.000000;1738.639893
1356.000000;20510.000000;15132.000000;0.000000;183377.000000;22348.000000;0.000000;1739.938843
1357.000000;20510.000000;15830.000000;0.000000;156589.000000;22348.000000;0.000000;1741.233887
1358.000000;20510.000000;14779.000000;0.000000;200942.000000;22348.000000;0.000000;1742.525146
1359.000000;20510.000000;14782.000000;0.000000;185181.000000;22348.000000;0.000000;1743.814453
1360.000000;20510.000000;16076.000000;0.000000;173146.000000;22348.000000;0.000000;1745.111328
1361.000000;20510.000000;15668.000000;0.000000;188650.000000;22348.000000;0.000000;1746.436890
1362.000000;20510.000000;15165.000000;0.000000;172059.000000;22348.000000;0.000000;1747.740967
1363.000000;20510.000000;15991.000000;0.000000;178167.000000;22348.000000;0.000000;1749.041016
1364.000000;20510.000000;16270.000000;0.000000;160478.000000;22348.000000;0.000000;1750.337646
1365.000000;20510.000000;15046.000000;0.000000;204921.000000;22348.000000;0.000000;1751.639771
1366.000000;20510.000000;16160.000000;0.000000;193014.000000;22348.000000;0.000000;1752.932739
1367.000000;20510.000000;14687.000000;0.000000;168654.000000;22348.000000;0.000000;1754.226074
1368.000000;20510.000000;16293.000000;0.000000;152156.000000;22348.000000;0.000000;1755.522217
1369.000000;20510.000000;14979.000000;0.000000;184815.000000;22348.000000;0.000000;1756.851929
1370.000000;20510.000000;15308.000000;0.000000;110101.000000;22348.000000;0.000000;1758.147095
1371.000000;20510.000000;15458.000000;0.000000;188693.000000;22348.000000;0.000000;1759.438354
1372.000000;20510.000000;15028.000000;0.000000;159914.000000;22348.000000;0.000000;1760.730713
1373.000000;20510.000000;17233.000000;0.000000;144139.000000;22348.000000;0.000000;1762.022949
1374.000000;20510.000000;16684.000000;0.000000;91144.000000;22348.000000;0.000000;1763.318359
1375.000000;20510.000000;16605.000000;0.000000;138840.000000;22348.000000;0.000000;1764.614014
1376.000000;20510.000000;15402.000000;0.000000;166559.000000;22348.000000;0.000000;1765.921875
1377.000000;20510.000000;15338.000000;0.000000;153533.000000;22348.000000;0.000000;1767.239258
1378.000000;20510.000000;15661.000000;0.000000;128077.000000;22348.000000;0.000000;1768.533813
1379.000000;20510.000000;14832.000000;0.000000;229997.000000;22348.000000;0.000000;1769.824463
1380.000000;20510.000000;17431.000000;0.000000;114531.000000;22348.000000;0.000000;1771.111816
1381.000000;20510.000000;17032.000000;0.000000;152265.000000;22348.000000;0.000000;1772.394287
1382.000000;20510.000000;16906.000000;0.000000;112904.000000;22348.000000;0.000000;1773.672852
1383.000000;20510.000000;17453.000000;0.000000;96959.000000;22348.000000;0.000000;1774.957520
1384.000000;20510.000000;16035.000000;0.000000;140498.000000;22348.000000;0.000000;1776.233643
1385.000000;20510.000000;14740.000000;0.000000;224189.000000;22348.000000;0.000000;1777.537109
1386.000000;20510.000000;16176.000000;0.000000;135326.000000;22348.000000;0.000000;1778.818481
1387.000000;20510.000000;15827.000000;0.000000;177283.000000;22348.000000;0.000000;1780.095703
1388.000000;20510.000000;16415.000000;0.000000;189359.000000;22348.000000;0.000000;1781.376465
1389.000000;20510.000000;15763.000000;0.000000;172462.000000;22348.000000;0.000000;1782.659058
1390.000000;20510.000000;16054.000000;0.000000;177117.000000;22348.000000;0.000000;1784.011353
1391.000000;20510.000000;15081.000000;0.000000;212375.000000;22348.000000;0.000000;1785.289673
1392.000000;20510.000000;16500.000000;0.000000;145492.000000;22348.000000;0.000000;1786.572754
1393.000000;20510.000000;15721.000000;0.000000;160273.000000;22348.000000;0.000000;1787.869385
1394.000000;20510.000000;15513.000000;0.000000;155953.000000;22348.000000;0.000000;1789.147461
1395.000000;20510.000000;15884.000000;0.000000;196087.000000;22348.000000;0.000000;1790.433716
1396.000000;20510.000000;17140.000000;0.000000;160760.000000;22348.000000;0.000000;1791.725220
1397.000000;20510.000000;14721.000000;0.000000;230783.000000;22348.000000;0.000000;1793.006348
1398.000000;20510.000000;16244.000000;0.000000;184279.000000;22348.000000;0.000000;1794.288818
1399.000000;20510.000000;14796.000000;0.000000;202901.000000;22348.000000;0.000000;1795.567749
1400.000000;20510.000000;14949.000000;0.000000;237536.000000;22348.000000;0.000000;1796.880371
1401.000000;20510.000000;14860.000000;0.000000;217684.000000;22348.000000;0.000000;1798.172241
1402.000000;20510.000000;16037.000000;0.000000;167747.000000;22348.000000;0.000000;1799.454346
1403.000000;20510.000000;16460.000000;0.000000;151968.000000;22348.000000;0.000000;1800.740112
1404.000000;20510.000000;14852.000000;0.000000;242730.000000;22348.000000;0.000000;1802.032227
1405.000000;20510.000000;16631.000000;0.000000;94918.000000;22348.000000;0.000000;1803.315796
1406.000000;20510.000000;14367.000000;0.000000;243687.000000;22348.000000;0.000000;1804.611572
1407.000000;20510.000000;18298.000000;0.000000;106725.000000;22348.000000;0.000000;1805.901733
1408.000000;20510.000000;15725.000000;0.000000;222604.000000;22348.000000;0.000000;1807.207520
1409.000000;20510.000000;17350.000000;0.000000;133764.000000;22348.000000;0.000000;1808.551758
1410.000000;20510.000000;15104.000000;0.000000;195175.000000;22348.000000;0.000000;1809.840942
1411.000000;20510.000000;16024.000000;0.000000;195406.000000;22348.000000;0.000000;1811.128784
1412.000000;20510.000000;15527.000000;0.000000;136126.000000;22348.000000;0.000000;1812.416504
1413.000000;20510.000000;14239.000000;0.000000;216477.000000;22348.000000;0.000000;1813.699829
1414.000000;20510.000000;15615.000000;0.000000;169612.000000;22348.000000;0.000000;1814.981812
1415.000000;20510.000000;13464.000000;0.000000;251187.000000;22348.000000;0.000000;1816.269287
1416.000000;20510.000000;16675.000000;0.000000;155947.000000;22348.000000;0.000000;1817.581299
1417.000000;20510.000000;15359.000000;0.000000;227730.000000;22348.000000;0.000000;1818.868774
1418.000000;20510.000000;19006.000000;0.000000;105016.000000;22348.000000;0.000000;1820.155273
1419.000000;20510.000000;14186.000000;0.000000;231165.000000;22348.000000;0.000000;1821.443115
1420.000000;20510.000000;15067.000000;0.000000;186521.000000;22348.000000;0.000000;1822.730591
1421.000000;20510.000000;15525.000000;0.000000;134141.000000;22348.000000;0.000000;1824.142334
1422.000000;20510.000000;14716.000000;0.000000;192283.000000;22348.000000;0.000000;1825.432251
1423.000000;20510.000000;15569.000000;0.000000;161665.000000;22348.000000;0.000000;1826.725098
1424.000000;20510.000000;13400.000000;0.000000;247938.000000;22348.000000;0.000000;1828.054443
1425.000000;20510.000000;15509.000000;0.000000;176182.000000;22348.000000;0.000000;1829.340088
1426.000000;20510.000000;14197.000000;0.000000;241430.000000;22348.000000;0.000000;1830.629395
1427.000000;20510.000000;17431.000000;0.000000;115566.000000;22348.000000;0.000000;1831.906738
1428.000000;20510.000000;14962.000000;0.000000;212290.000000;22348.000000;0.000000;1833.181396
1429.000000;20510.000000;15687.000000;0.000000;219244.000000;22348.000000;0.000000;1834.457642
1430.000000;20510.000000;15714.000000;0.000000;147491.000000;22348.000000;0.000000;1835.736694
1431.000000;20510.000000;17134.000000;0.000000;161657.000000;22348.000000;0.000000;1837.031006
1432.000000;20510.000000;14227.000000;0.000000;214585.000000;22348.000000;0.000000;1838.312134
1433.000000;20510.000000;15404.000000;0.000000;236921.000000;22348.000000;0.000000;1839.592041
1434.000000;20510.000000;16477.000000;0.000000;118315.000000;22348.000000;0.000000;1840.876709
1435.000000;20510.000000;17803.000000;0.000000;60724.000000;22348.000000;0.000000;1842.149292
1436.000000;20510.000000;14305.000000;0.000000;232325.000000;22348.000000;0.000000;1843.450073
1437.000000;20510.000000;15788.000000;0.000000;200776.000000;22348.000000;0.000000;1844.730591
1438.000000;20510.000000;13886.000000;0.000000;234436.000000;22348.000000;0.000000;1846.009644
1439.000000;20510.000000;15201.000000;0.000000;201423.000000;22348.000000;0.000000;1847.320068
1440.000000;20510.000000;14677.000000;0.000000;176882.000000;22348.000000;0.000000;1848.600220
1441.000000;20510.000000;15814.000000;0.000000;214947.000000;22348.000000;0.000000;1849.883179
1442.000000;20510.000000;15549.000000;0.000000;151916.000000;22348.000000;0.000000;1851.161621
1443.000000;20510.000000;14567.000000;0.000000;237511.000000;22348.000000;0.000000;1852.437744
1444.000000;20510.000000;16353.000000;0.000000;174061.000000;22348.000000;0.000000;1853.716553
1445.000000;20510.000000;15522.000000;0.000000;178497.000000;22348.000000;0.000000;1854.999512
1446.000000;20510.000000;15213.000000;0.000000;198903.000000;22348.000000;0.000000;1856.278564
1447.000000;20510.000000;14790.000000;0.000000;198228.000000;22348.000000;0.000000;1857.592529
1448.000000;20510.000000;16748.000000;0.000000;127313.000000;22348.000000;0.000000;1858.872681
1449.000000;20510.000000;14689.000000;0.000000;187881.000000;22348.000000;0.000000;1860.154907
1450.000000;20510.000000;15091.000000;0.000000;185280.000000;22348.000000;0.000000;1861.463623
1451.000000;20510.000000;15511.000000;0.000000;195062.000000;22348.000000;0.000000;1862.747559
1452.000000;20510.000000;15558.000000;0.000000;169606.000000;22348.000000;0.000000;1864.038452
1453.000000;20510.000000;15495.000000;0.000000;172773.000000;22348.000000;0.000000;1865.322876
1454.000000;20510.000000;15128.000000;0.000000;182328.000000;22348.000000;0.000000;1866.601562
1455.000000;20510.000000;15402.000000;0.000000;189370.000000;22348.000000;0.000000;1867.921509
1456.000000;20510.000000;15269.000000;0.000000;212722.000000;22348.000000;0.000000;1869.210083
1457.000000;20510.000000;15883.000000;0.000000;213425.000000;22348.000000;0.000000;1870.502441
1458.000000;20510.000000;14962.000000;0.000000;251015.000000;22348.000000;0.000000;1871.790771
1459.000000;20510.000000;17630.000000;0.000000;89322.000000;22348.000000;0.000000;1873.070068
1460.000000;20510.000000;15421.000000;0.000000;206612.000000;22348.000000;0.000000;1874.357422
1461.000000;20510.000000;14799.000000;0.000000;206762.000000;22348.000000;0.000000;1875.645142
1462.000000;20510.000000;16054.000000;0.000000;163741.000000;22348.000000;0.000000;1876.924683
1463.000000;20510.000000;14388.000000;0.000000;189161.000000;22348.000000;0.000000;1878.234985
1464.000000;20510.000000;15178.000000;0.000000;207098.000000;22348.000000;0.000000;1879.523804
1465.000000;20510.000000;16740.000000;0.000000;175360.000000;22348.000000;0.000000;1880.806396
1466.000000;20510.000000;17216.000000;0.000000;139058.000000;22348.000000;0.000000;1882.091675
1467.000000;20510.000000;16856.000000;0.000000;100413.000000;22348.000000;0.000000;1883.379028
1468.000000;20510.000000;15339.000000;0.000000;185912.000000;22348.000000;0.000000;1884.669922
1469.000000;20510.000000;16488.000000;0.000000;158664.000000;22348.000000;0.000000;1885.961060
1470.000000;20510.000000;15274.000000;0.000000;187994.000000;22348.000000;0.000000;1887.262329
1471.000000;20510.000000;15161.000000;0.000000;177369.000000;22348.000000;0.000000;1888.547607
1472.000000;20510.000000;16166.000000;0.000000;125521.000000;22348.000000;0.000000;1889.829468
1473.000000;20510.000000;15907.000000;0.000000;139498.000000;22348.000000;0.000000;1891.115234
1474.000000;20510.000000;15412.000000;0.000000;136510.000000;22348.000000;0.000000;1892.406494
1475.000000;20510.000000;16794.000000;0.000000;129469.000000;22348.000000;0.000000;1893.697388
1476.000000;20510.000000;16141.000000;0.000000;141183.000000;22348.000000;0.000000;1894.984985
1477.000000;20510.000000;15565.000000;0.000000;178071.000000;22348.000000;0.000000;1896.276001
1478.000000;20510.000000;15056.000000;0.000000;162794.000000;22348.000000;0.000000;1897.602295
1479.000000;20510.000000;15386.000000;0.000000;198173.000000;22348.000000;0.000000;1898.892578
1480.000000;20510.000000;16654.000000;0.000000;171997.000000;22348.000000;0.000000;1900.183228
1481.000000;20510.000000;16791.000000;0.000000;115053.000000;22348.000000;0.000000;1901.482544
1482.000000;20510.000000;14937.000000;0.000000;235170.000000;22348.000000;0.000000;1902.775269
1483.000000;20510.000000;17121.000000;0.000000;87706.000000;22348.000000;0.000000;1904.122559
1484.000000;20510.000000;16119.000000;0.000000;212289.000000;22348.000000;0.000000;1905.409668
1485.000000;20510.000000;16643.000000;0.000000;171824.000000;22348.000000;0.000000;1906.699219
1486.000000;20510.000000;16921.000000;0.000000;130305.000000;22348.000000;0.000000;1908.020996
1487.000000;20510.000000;16702.000000;0.000000;124431.000000;22348.000000;0.000000;1909.305908
1488.000000;20510.000000;18273.000000;0.000000;111008.000000;22348.000000;0.000000;1910.593384
1489.000000;20510.000000;14449.000000;0.000000;219494.000000;22348.000000;0.000000;1911.882812
1490.000000;20510.000000;16311.000000;0.000000;225564.000000;22348.000000;0.000000;1913.170654
1491.000000;20510.000000;14701.000000;0.000000;205532.000000;22348.000000;0.000000;1914.460327
1492.000000;20510.000000;16908.000000;0.000000;106581.000000;22348.000000;0.000000;1915.747192
1493.000000;20510.000000;14739.000000;0.000000;220872.000000;22348.000000;0.000000;1917.036011
1494.000000;20510.000000;16021.000000;0.000000;145080.000000;22348.000000;0.000000;1918.356812
1495.000000;20510.000000;14457.000000;0.000000;217585.000000;22348.000000;0.000000;1919.779541
1496.000000;20510.000000;17496.000000;0.000000;124885.000000;22348.000000;0.000000;1921.457520
1497.000000;20510.000000;15419.000000;0.000000;182971.000000;22348.000000;0.000000;1922.764038
1498.000000;20510.000000;15852.000000;0.000000;153358.000000;22348.000000;0.000000;1924.061279
1499.000000;20510.000000;14260.000000;0.000000;219304.000000;22348.000000;0.000000;1925.358154
1500.000000;20510.000000;15441.000000;0.000000;226247.000000;22348.000000;0.000000;1926.649414
1501.000000;20510.000000;15389.000000;0.000000;151180.000000;22348.000000;0.000000;1927.972046
1502.000000;20510.000000;15182.000000;0.000000;215020.000000;22348.000000;0.000000;1929.273804
1503.000000;20510.000000;17832.000000;0.000000;70442.000000;22348.000000;0.000000;1930.577515
1504.000000;20510.000000;15241.000000;0.000000;236138.000000;22348.000000;0.000000;1931.877319
1505.000000;20510.000000;15910.000000;0.000000;160501.000000;22348.000000;0.000000;1933.172485
1506.000000;20510.000000;16407.000000;0.000000;198784.000000;22348.000000;0.000000;1934.468750
1507.000000;20510.000000;16114.000000;0.000000;155160.000000;22348.000000;0.000000;1935.758545
1508.000000;20510.000000;15165.000000;0.000000;201207.000000;22348.000000;0.000000;1937.055054
1509.000000;20510.000000;16493.000000;0.000000;150097.000000;22348.000000;0.000000;1938.477661
1510.000000;20510.000000;16035.000000;0.000000;179035.000000;22348.000000;0.000000;1939.778564
1511.000000;20510.000000;16089.000000;0.000000;163224.000000;22348.000000;0.000000;1941.076416
1512.000000;20510.000000;18198.000000;0.000000;110109.000000;22348.000000;0.000000;1942.373047
1513.000000;20510.000000;14626.000000;0.000000;205650.000000;22348.000000;0.000000;1943.669312
1514.000000;20510.000000;15131.000000;0.000000;152049.000000;22348.000000;0.000000;1944.968750
1515.000000;20510.000000;17938.000000;0.000000;84527.000000;22348.000000;0.000000;1946.268799
1516.000000;20510.000000;15655.000000;0.000000;210217.000000;22348.000000;0.000000;1947.582153
1517.000000;20510.000000;15757.000000;0.000000;165238.000000;22348.000000;0.000000;1948.888916
1518.000000;20510.000000;15377.000000;0.000000;209251.000000;22348.000000;0.000000;1950.184448
1519.000000;20510.000000;15793.000000;0.000000;161402.000000;22348.000000;0.000000;1951.480591
1520.000000;20510.000000;15171.000000;0.000000;191318.000000;22348.000000;0.000000;1952.781616
1521.000000;20510.000000;14195.000000;0.000000;220896.000000;22348.000000;0.000000;1954.092163
1522.000000;20510.000000;15370.000000;0.000000;197548.000000;22348.000000;0.000000;1955.398682
1523.000000;20510.000000;14012.000000;0.000000;221302.000000;22348.000000;0.000000;1956.702026
1524.000000;20510.000000;16443.000000;0.000000;190468.000000;22348.000000;0.000000;1958.034790
1525.000000;20510.000000;14754.000000;0.000000;234109.000000;22348.000000;0.000000;1959.340454
1526.000000;20510.000000;16605.000000;0.000000;140363.000000;22348.000000;0.000000;1960.644775
1527.000000;20510.000000;15190.000000;0.000000;183261.000000;22348.000000;0.000000;1961.948608
1528.000000;20510.000000;15658.000000;0.000000;215532.000000;22348.000000;0.000000;1963.263672
1529.000000;20510.000000;14433.000000;0.000000;246548.000000;22348.000000;0.000000;1964.569458
1530.000000;20510.000000;17793.000000;0.000000;103405.000000;22348.000000;0.000000;1965.873169
1531.000000;20510.000000;16199.000000;0.000000;172824.000000;22348.000000;0.000000;1967.173706
1532.000000;20510.000000;15683.000000;0.000000;134327.000000;22348.000000;0.000000;1968.499634
1533.000000;20510.000000;14290.000000;0.000000;170949.000000;22348.000000;0.000000;1969.803589
1534.000000;20510.000000;15592.000000;0.000000;187475.000000;22348.000000;0.000000;1971.103149
1535.000000;20510.000000;16106.000000;0.000000;173037.000000;22348.000000;0.000000;1972.402832
1536.000000;20510.000000;15220.000000;0.000000;183999.000000;22348.000000;0.000000;1973.708862
1537.000000;20510.000000;13967.000000;0.000000;237387.000000;22348.000000;0.000000;1975.014893
1538.000000;20510.000000;14995.000000;0.000000;183585.000000;22348.000000;0.000000;1976.318481
1539.000000;20510.000000;16635.000000;0.000000;138558.000000;22348.000000;0.000000;1977.626465
1540.000000;20510.000000;15590.000000;0.000000;144298.000000;22348.000000;0.000000;1978.960083
1541.000000;20510.000000;15375.000000;0.000000;210618.000000;22348.000000;0.000000;1980.272095
1542.000000;20510.000000;14589.000000;0.000000;207838.000000;22348.000000;0.000000;1981.581543
1543.000000;20510.000000;15784.000000;0.000000;200912.000000;22348.000000;0.000000;1982.887695
1544.000000;20510.000000;16682.000000;0.000000;137882.000000;22348.000000;0.000000;1984.197388
1545.000000;20510.000000;15197.000000;0.000000;209751.000000;22348.000000;0.000000;1985.586060
1546.000000;20510.000000;15345.000000;0.000000;143037.000000;22348.000000;0.000000;1986.901245
1547.000000;20510.000000;15763.000000;0.000000;183216.000000;22348.000000;0.000000;1988.261963
1548.000000;20510.000000;15823.000000;0.000000;166181.000000;22348.000000;0.000000;1989.606323
1549.000000;20510.000000;15216.000000;0.000000;173572.000000;22348.000000;0.000000;1990.927612
1550.000000;20510.000000;15515.000000;0.000000;140831.000000;22348.000000;0.000000;1992.237183
1551.000000;20510.000000;16226.000000;0.000000;155806.000000;22348.000000;0.000000;1993.546509
1552.000000;20510.000000;17071.000000;0.000000;215677.000000;22348.000000;0.000000;1994.854492
1553.000000;20510.000000;14806.000000;0.000000;203131.000000;22348.000000;0.000000;1996.165405
1554.000000;20510.000000;15357.000000;0.000000;169090.000000;22348.000000;0.000000;1997.471069
1555.000000;20510.000000;15454.000000;0.000000;171664.000000;22348.000000;0.000000;1998.811279
1556.000000;20510.000000;15767.000000;0.000000;181771.000000;22348.000000;0.000000;2000.119507
1557.000000;20510.000000;15580.000000;0.000000;176418.000000;22348.000000;0.000000;2001.425659
1558.000000;20510.000000;17233.000000;0.000000;113311.000000;22348.000000;0.000000;2002.726562
1559.000000;20510.000000;15621.000000;0.000000;169121.000000;22348.000000;0.000000;2004.031128
1560.000000;20510.000000;14974.000000;0.000000;169863.000000;22348.000000;0.000000;2005.334717
1561.000000;20510.000000;15739.000000;0.000000;187953.000000;22348.000000;0.000000;2006.660278
1562.000000;20510.000000;16144.000000;0.000000;189058.000000;22348.000000;0.000000;2008.000122
1563.000000;20510.000000;14225.000000;0.000000;214096.000000;22348.000000;0.000000;2009.311523
1564.000000;20510.000000;18649.000000;0.000000;111514.000000;22348.000000;0.000000;2010.618896
1565.000000;20510.000000;15389.000000;0.000000;186336.000000;22348.000000;0.000000;2011.921997
1566.000000;20510.000000;16312.000000;0.000000;145852.000000;22348.000000;0.000000;2013.217163
1567.000000;20510.000000;17182.000000;0.000000;152268.000000;22348.000000;0.000000;2014.510010
1568.000000;20510.000000;16493.000000;0.000000;183509.000000;22348.000000;0.000000;2015.805420
1569.000000;20510.000000;15962.000000;0.000000;199567.000000;22348.000000;0.000000;2017.100464
1570.000000;20510.000000;14804.000000;0.000000;276344.000000;22348.000000;0.000000;2018.427612
1571.000000;20510.000000;15387.000000;0.000000;226107.000000;22348.000000;0.000000;2019.722534
1572.000000;20510.000000;14619.000000;0.000000;203394.000000;22348.000000;0.000000;2021.021606
1573.000000;20510.000000;14927.000000;0.000000;178876.000000;22348.000000;0.000000;2022.314819
1574.000000;20510.000000;15186.000000;0.000000;187085.000000;22348.000000;0.000000;2023.643677
1575.000000;20510.000000;16120.000000;0.000000;153140.000000;22348.000000;0.000000;2024.938965
1576.000000;20510.000000;15802.000000;0.000000;179398.000000;22348.000000;0.000000;2026.236084
1577.000000;20510.000000;15765.000000;0.000000;144671.000000;22348.000000;0.000000;2027.536255
1578.000000;20510.000000;15601.000000;0.000000;182052.000000;22348.000000;0.000000;2028.862061
1579.000000;20510.000000;17058.000000;0.000000;123836.000000;22348.000000;0.000000;2030.156494
1580.000000;20510.000000;14122.000000;0.000000;211668.000000;22348.000000;0.000000;2031.459351
1581.000000;20510.000000;16326.000000;0.000000;141589.000000;22348.000000;0.000000;2032.770874
1582.000000;20510.000000;14473.000000;0.000000;196226.000000;22348.000000;0.000000;2034.068848
1583.000000;20510.000000;16018.000000;0.000000;158201.000000;22348.000000;0.000000;2035.359497
1584.000000;20510.000000;14918.000000;0.000000;227311.000000;22348.000000;0.000000;2036.654785
1585.000000;20510.000000;17934.000000;0.000000;139369.000000;22348.000000;0.000000;2037.958862
1586.000000;20510.000000;15513.000000;0.000000;204049.000000;22348.000000;0.000000;2039.266602
1587.000000;20510.000000;16120.000000;0.000000;178576.000000;22348.000000;0.000000;2040.556519
1588.000000;20510.000000;17224.000000;0.000000;117639.000000;22348.000000;0.000000;2041.842163
1589.000000;20510.000000;14184.000000;0.000000;232904.000000;22348.000000;0.000000;2043.123535
1590.000000;20510.000000;15411.000000;0.000000;196390.000000;22348.000000;0.000000;2044.403076
1591.000000;20510.000000;14722.000000;0.000000;223277.000000;22348.000000;0.000000;2045.691162
1592.000000;20510.000000;14326.000000;0.000000;204153.000000;22348.000000;0.000000;2046.974365
1593.000000;20510.000000;14875.000000;0.000000;201286.000000;22348.000000;0.000000;2048.273926
1594.000000;20510.000000;16097.000000;0.000000;209055.000000;22348.000000;0.000000;2049.559326
1595.000000;20510.000000;14400.000000;0.000000;159865.000000;22348.000000;0.000000;2050.850830
1596.000000;20510.000000;15487.000000;0.000000;189341.000000;22348.000000;0.000000;2052.135986
1597.000000;20510.000000;14307.000000;0.000000;203992.000000;22348.000000;0.000000;2053.416016
1598.000000;20510.000000;17129.000000;0.000000;135162.000000;22348.000000;0.000000;2054.698975
1599.000000;20510.000000;17331.000000;0.000000;68350.000000;22348.000000;0.000000;2055.980469
1600.000000;20510.000000;14666.000000;0.000000;223499.000000;22348.000000;0.000000;2057.265381
1601.000000;20510.000000;16154.000000;0.000000;138046.000000;22348.000000;0.000000;2058.631836
1602.000000;20510.000000;14363.000000;0.000000;176995.000000;22348.000000;0.000000;2059.916992
1603.000000;20510.000000;17822.000000;0.000000;118104.000000;22348.000000;0.000000;2061.195557
1604.000000;20510.000000;15024.000000;0.000000;261794.000000;22348.000000;0.000000;2062.474365
1605.000000;20510.000000;14106.000000;0.000000;223410.000000;22348.000000;0.000000;2063.752930
1606.000000;20510.000000;14952.000000;0.000000;239286.000000;22348.000000;0.000000;2065.030762
1607.000000;20510.000000;15779.000000;0.000000;160968.000000;22348.000000;0.000000;2066.325439
1608.000000;20510.000000;14969.000000;0.000000;216627.000000;22348.000000;0.000000;2067.651123
1609.000000;20510.000000;15500.000000;0.000000;134171.000000;22348.000000;0.000000;2069.164795
1610.000000;20510.000000;14878.000000;0.000000;135925.000000;22348.000000;0.000000;2070.515625
1611.000000;20510.000000;16954.000000;0.000000;122245.000000;22348.000000;0.000000;2071.763916
1612.000000;20510.000000;14873.000000;0.000000;239427.000000;22348.000000;0.000000;2073.033936
1613.000000;20510.000000;15818.000000;0.000000;191613.000000;22348.000000;0.000000;2074.301758
1614.000000;20510.000000;15159.000000;0.000000;163363.000000;22348.000000;0.000000;2075.569092
1615.000000;20510.000000;15420.000000;0.000000;218826.000000;22348.000000;0.000000;2076.839355
1616.000000;20510.000000;13648.000000;0.000000;244455.000000;22348.000000;0.000000;2078.109375
1617.000000;20510.000000;16059.000000;0.000000;163782.000000;22348.000000;0.000000;2079.409668
1618.000000;20510.000000;15807.000000;0.000000;139444.000000;22348.000000;0.000000;2080.681152
1619.000000;20510.000000;15559.000000;0.000000;163235.000000;22348.000000;0.000000;2081.947510
1620.000000;20510.000000;16781.000000;0.000000;127355.000000;22348.000000;0.000000;2083.238037
1621.000000;20510.000000;14713.000000;0.000000;242470.000000;22348.000000;0.000000;2084.516846
1622.000000;20510.000000;14983.000000;0.000000;193866.000000;22348.000000;0.000000;2085.786865
1623.000000;20510.000000;16753.000000;0.000000;114533.000000;22348.000000;0.000000;2087.057617
1624.000000;20510.000000;15683.000000;0.000000;161521.000000;22348.000000;0.000000;2088.355225
1625.000000;20510.000000;14394.000000;0.000000;195725.000000;22348.000000;0.000000;2089.635986
1626.000000;20510.000000;17867.000000;0.000000;118935.000000;22348.000000;0.000000;2090.909668
1627.000000;20510.000000;16222.000000;0.000000;135533.000000;22348.000000;0.000000;2092.180176
1628.000000;20510.000000;17797.000000;0.000000;101252.000000;22348.000000;0.000000;2093.454590
1629.000000;20510.000000;15694.000000;0.000000;227942.000000;22348.000000;0.000000;2094.726318
1630.000000;20510.000000;17524.000000;0.000000;74979.000000;22348.000000;0.000000;2096.000732
1631.000000;20510.000000;15527.000000;0.000000;145824.000000;22348.000000;0.000000;2097.273438
1632.000000;20510.000000;17025.000000;0.000000;117797.000000;22348.000000;0.000000;2098.592773
1633.000000;20510.000000;15795.000000;0.000000;189241.000000;22348.000000;0.000000;2099.873047
1634.000000;20510.000000;14864.000000;0.000000;175442.000000;22348.000000;0.000000;2101.153076
1635.000000;20510.000000;16050.000000;0.000000;177219.000000;22348.000000;0.000000;2102.427246
1636.000000;20510.000000;15833.000000;0.000000;138739.000000;22348.000000;0.000000;2103.705322
1637.000000;20510.000000;18659.000000;0.000000;66751.000000;22348.000000;0.000000;2104.977051
1638.000000;20510.000000;15087.000000;0.000000;203760.000000;22348.000000;0.000000;2106.260498
1639.000000;20510.000000;17740.000000;0.000000;59603.000000;22348.000000;0.000000;2107.540039
1640.000000;20510.000000;15946.000000;0.000000;153943.000000;22348.000000;0.000000;2108.843018
1641.000000;20510.000000;17094.000000;0.000000;109647.000000;22348.000000;0.000000;2110.133545
1642.000000;20510.000000;15912.000000;0.000000;175877.000000;22348.000000;0.000000;2111.412842
1643.000000;20510.000000;15784.000000;0.000000;155373.000000;22348.000000;0.000000;2112.691406
1644.000000;20510.000000;14700.000000;0.000000;194705.000000;22348.000000;0.000000;2113.973145
1645.000000;20510.000000;15532.000000;0.000000;162133.000000;22348.000000;0.000000;2115.246582
1646.000000;20510.000000;14399.000000;0.000000;212425.000000;22348.000000;0.000000;2116.525879
1647.000000;20510.000000;17356.000000;0.000000;95969.000000;22348.000000;0.000000;2117.806396
1648.000000;20510.000000;16008.000000;0.000000;166183.000000;22348.000000;0.000000;2119.123535
1649.000000;20510.000000;15271.000000;0.000000;171924.000000;22348.000000;0.000000;2120.401123
1650.000000;20510.000000;16168.000000;0.000000;149836.000000;22348.000000;0.000000;2121.679688
1651.000000;20510.000000;16331.000000;0.000000;169128.000000;22348.000000;0.000000;2122.951660
1652.000000;20510.000000;16097.000000;0.000000;148195.000000;22348.000000;0.000000;2124.337646
1653.000000;20510.000000;14619.000000;0.000000;216056.000000;22348.000000;0.000000;2125.618408
1654.000000;20510.000000;15114.000000;0.000000;188447.000000;22348.000000;0.000000;2126.902832
1655.000000;20510.000000;17423.000000;0.000000;106473.000000;22348.000000;0.000000;2128.177979
1656.000000;20510.000000;15309.000000;0.000000;183859.000000;22348.000000;0.000000;2129.476562
1657.000000;20510.000000;17618.000000;0.000000;128428.000000;22348.000000;0.000000;2130.754883
1658.000000;20510.000000;16400.000000;0.000000;185848.000000;22348.000000;0.000000;2132.043213
1659.000000;20510.000000;16472.000000;0.000000;164717.000000;22348.000000;0.000000;2133.328125
1660.000000;20510.000000;15760.000000;0.000000;210939.000000;22348.000000;0.000000;2134.610596
1661.000000;20510.000000;14638.000000;0.000000;255176.000000;22348.000000;0.000000;2135.900391
1662.000000;20510.000000;16024.000000;0.000000;165849.000000;22348.000000;0.000000;2137.184814
1663.000000;20510.000000;14995.000000;0.000000;199595.000000;22348.000000;0.000000;2138.494141
1664.000000;20510.000000;15969.000000;0.000000;197549.000000;22348.000000;0.000000;2139.800537
1665.000000;20510.000000;15704.000000;0.000000;165602.000000;22348.000000;0.000000;2141.098389
1666.000000;20510.000000;15307.000000;0.000000;214297.000000;22348.000000;0.000000;2142.379395
1667.000000;20510.000000;15592.000000;0.000000;185296.000000;22348.000000;0.000000;2143.750000
1668.000000;20510.000000;15611.000000;0.000000;136082.000000;22348.000000;0.000000;2145.035889
1669.000000;20510.000000;16481.000000;0.000000;157590.000000;22348.000000;0.000000;2146.318115
1670.000000;20510.000000;14200.000000;0.000000;196091.000000;22348.000000;0.000000;2147.597412
1671.000000;20510.000000;16264.000000;0.000000;175446.000000;22348.000000;0.000000;2148.902588
1672.000000;20510.000000;16615.000000;0.000000;156404.000000;22348.000000;0.000000;2150.187256
1673.000000;20510.000000;16955.000000;0.000000;123462.000000;22348.000000;0.000000;2151.470215
1674.000000;20510.000000;16445.000000;0.000000;129651.000000;22348.000000;0.000000;2152.753174
1675.000000;20510.000000;17387.000000;0.000000;93128.000000;22348.000000;0.000000;2154.035400
1676.000000;20510.000000;15064.000000;0.000000;221247.000000;22348.000000;0.000000;2155.318848
1677.000000;20510.000000;15553.000000;0.000000;186245.000000;22348.000000;0.000000;2156.601318
1678.000000;20510.000000;14707.000000;0.000000;186840.000000;22348.000000;0.000000;2157.890869
1679.000000;20510.000000;15727.000000;0.000000;160263.000000;22348.000000;0.000000;2159.198486
1680.000000;20510.000000;16251.000000;0.000000;195786.000000;22348.000000;0.000000;2160.483398
1681.000000;20510.000000;15492.000000;0.000000;196176.000000;22348.000000;0.000000;2161.782471
1682.000000;20510.000000;16491.000000;0.000000;126288.000000;22348.000000;0.000000;2163.071533
1683.000000;20510.000000;16605.000000;0.000000;134202.000000;22348.000000;0.000000;2164.361328
1684.000000;20510.000000;14750.000000;0.000000;149857.000000;22348.000000;0.000000;2165.652100
1685.000000;20510.000000;16591.000000;0.000000;168382.000000;22348.000000;0.000000;2166.950195
1686.000000;20510.000000;16202.000000;0.000000;162276.000000;22348.000000;0.000000;2168.237793
1687.000000;20510.000000;15185.000000;0.000000;218444.000000;22348.000000;0.000000;2169.553711
1688.000000;20510.000000;14638.000000;0.000000;253259.000000;22348.000000;0.000000;2170.851074
1689.000000;20510.000000;14554.000000;0.000000;206391.000000;22348.000000;0.000000;2172.141113
1690.000000;20510.000000;16157.000000;0.000000;155421.000000;22348.000000;0.000000;2173.469238
1691.000000;20510.000000;16746.000000;0.000000;135972.000000;22348.000000;0.000000;2174.760010
1692.000000;20510.000000;14253.000000;0.000000;255846.000000;22348.000000;0.000000;2176.051025
1693.000000;20510.000000;14817.000000;0.000000;204564.000000;22348.000000;0.000000;2177.337891
1694.000000;20510.000000;17297.000000;0.000000;130110.000000;22348.000000;0.000000;2178.623047
1695.000000;20510.000000;15553.000000;0.000000;143127.000000;22348.000000;0.000000;2179.936768
1696.000000;20510.000000;14618.000000;0.000000;208297.000000;22348.000000;0.000000;2181.247314
1697.000000;20510.000000;14651.000000;0.000000;185274.000000;22348.000000;0.000000;2182.542236
1698.000000;20510.000000;16488.000000;0.000000;178372.000000;22348.000000;0.000000;2183.840088
1699.000000;20510.000000;16560.000000;0.000000;143489.000000;22348.000000;0.000000;2185.126709
1700.000000;20510.000000;14776.000000;0.000000;191656.000000;22348.000000;0.000000;2186.431396
1701.000000;20510.000000;16922.000000;0.000000;128577.000000;22348.000000;0.000000;2187.797363
1702.000000;20510.000000;16487.000000;0.000000;164158.000000;22348.000000;0.000000;2189.131104
1703.000000;20510.000000;16111.000000;0.000000;110280.000000;22348.000000;0.000000;2190.422607
1704.000000;20510.000000;15187.000000;0.000000;226024.000000;22348.000000;0.000000;2191.731201
1705.000000;20510.000000;15171.000000;0.000000;213956.000000;22348.000000;0.000000;2193.029297
1706.000000;20510.000000;14630.000000;0.000000;216357.000000;22348.000000;0.000000;2194.323242
1707.000000;20510.000000;15923.000000;0.000000;195067.000000;22348.000000;0.000000;2195.628174
1708.000000;20510.000000;16214.000000;0.000000;147342.000000;22348.000000;0.000000;2196.936768
1709.000000;20510.000000;15799.000000;0.000000;144905.000000;22348.000000;0.000000;2198.242432
1710.000000;20510.000000;15370.000000;0.000000;158034.000000;22348.000000;0.000000;2199.574951
1711.000000;20510.000000;15554.000000;0.000000;193538.000000;22348.000000;0.000000;2200.876953
1712.000000;20510.000000;16530.000000;0.000000;135695.000000;22348.000000;0.000000;2202.172363
1713.000000;20510.000000;15936.000000;0.000000;179716.000000;22348.000000;0.000000;2203.516602
1714.000000;20510.000000;15938.000000;0.000000;133070.000000;22348.000000;0.000000;2204.816406
1715.000000;20510.000000;17008.000000;0.000000;137490.000000;22348.000000;0.000000;2206.111084
1716.000000;20510.000000;15582.000000;0.000000;160156.000000;22348.000000;0.000000;2207.408936
1717.000000;20510.000000;14748.000000;0.000000;232687.000000;22348.000000;0.000000;2208.698975
1718.000000;20510.000000;15467.000000;0.000000;182660.000000;22348.000000;0.000000;2210.024902
1719.000000;20510.000000;15975.000000;0.000000;135840.000000;22348.000000;0.000000;2211.320801
1720.000000;20510.000000;18279.000000;0.000000;69542.000000;22348.000000;0.000000;2212.615234
1721.000000;20510.000000;16261.000000;0.000000;174706.000000;22348.000000;0.000000;2213.928223
1722.000000;20510.000000;17414.000000;0.000000;120158.000000;22348.000000;0.000000;2215.230225
1723.000000;20510.000000;15179.000000;0.000000;186947.000000;22348.000000;0.000000;2216.523438
1724.000000;20510.000000;16075.000000;0.000000;140755.000000;22348.000000;0.000000;2217.824951
1725.000000;20510.000000;15564.000000;0.000000;151096.000000;22348.000000;0.000000;2219.155029
1726.000000;20510.000000;16908.000000;0.000000;127196.000000;22348.000000;0.000000;2220.553955
1727.000000;20510.000000;16757.000000;0.000000;143851.000000;22348.000000;0.000000;2221.846680
1728.000000;20510.000000;16893.000000;0.000000;110490.000000;22348.000000;0.000000;2223.130371
1729.000000;20510.000000;16475.000000;0.000000;188916.000000;22348.000000;0.000000;2224.412598
1730.000000;20510.000000;15987.000000;0.000000;137123.000000;22348.000000;0.000000;2225.700684
1731.000000;20510.000000;14793.000000;0.000000;203025.000000;22348.000000;0.000000;2226.983398
1732.000000;20510.000000;16165.000000;0.000000;128863.000000;22348.000000;0.000000;2228.265381
1733.000000;20510.000000;14578.000000;0.000000;202463.000000;22348.000000;0.000000;2229.573730
1734.000000;20510.000000;17625.000000;0.000000;93276.000000;22348.000000;0.000000;2230.865967
1735.000000;20510.000000;15982.000000;0.000000;189375.000000;22348.000000;0.000000;2232.153809
1736.000000;20510.000000;15525.000000;0.000000;149215.000000;22348.000000;0.000000;2233.433105
1737.000000;20510.000000;15681.000000;0.000000;155514.000000;22348.000000;0.000000;2235.073486
1738.000000;20510.000000;17013.000000;0.000000;129996.000000;22348.000000;0.000000;2236.406250
1739.000000;20510.000000;16858.000000;0.000000;148562.000000;22348.000000;0.000000;2237.688232
1740.000000;20510.000000;16888.000000;0.000000;118191.000000;22348.000000;0.000000;2238.970703
1741.000000;20510.000000;14197.000000;0.000000;215609.000000;22348.000000;0.000000;2240.281494
1742.000000;20510.000000;15353.000000;0.000000;217848.000000;22348.000000;0.000000;2241.567383
1743.000000;20510.000000;14820.000000;0.000000;211843.000000;22348.000000;0.000000;2242.854492
1744.000000;20510.000000;18322.000000;0.000000;83029.000000;22348.000000;0.000000;2244.138916
1745.000000;20510.000000;13757.000000;0.000000;253917.000000;22348.000000;0.000000;2245.424316
1746.000000;20510.000000;16249.000000;0.000000;227466.000000;22348.000000;0.000000;2246.723633
1747.000000;20510.000000;14937.000000;0.000000;152586.000000;22348.000000;0.000000;2248.076172
1748.000000;20510.000000;16182.000000;0.000000;152873.000000;22348.000000;0.000000;2249.509033
1749.000000;20510.000000;15638.000000;0.000000;209330.000000;22348.000000;0.000000;2250.812012
1750.000000;20510.000000;16091.000000;0.000000;157172.000000;22348.000000;0.000000;2252.104980
1751.000000;20510.000000;14391.000000;0.000000;192037.000000;22348.000000;0.000000;2253.394531
1752.000000;20510.000000;17241.000000;0.000000;140451.000000;22348.000000;0.000000;2254.688721
1753.000000;20510.000000;16069.000000;0.000000;143093.000000;22348.000000;0.000000;2255.977539
1754.000000;20510.000000;15717.000000;0.000000;137652.000000;22348.000000;0.000000;2257.266357
1755.000000;20510.000000;16233.000000;0.000000;155100.000000;22348.000000;0.000000;2258.558350
1756.000000;20510.000000;16789.000000;0.000000;128088.000000;22348.000000;0.000000;2259.878418
1757.000000;20510.000000;18100.000000;0.000000;83189.000000;22348.000000;0.000000;2261.177734
1758.000000;20510.000000;16837.000000;0.000000;180798.000000;22348.000000;0.000000;2262.471191
1759.000000;20510.000000;16158.000000;0.000000;144306.000000;22348.000000;0.000000;2263.807861
1760.000000;20510.000000;15343.000000;0.000000;207925.000000;22348.000000;0.000000;2265.098145
1761.000000;20510.000000;17072.000000;0.000000;106349.000000;22348.000000;0.000000;2266.399902
1762.000000;20510.000000;14786.000000;0.000000;176771.000000;22348.000000;0.000000;2267.690918
1763.000000;20510.000000;15852.000000;0.000000;164168.000000;22348.000000;0.000000;2268.978516
1764.000000;20510.000000;16220.000000;0.000000;160539.000000;22348.000000;0.000000;2270.290283
1765.000000;20510.000000;14936.000000;0.000000;237215.000000;22348.000000;0.000000;2271.579102
1766.000000;20510.000000;17615.000000;0.000000;129987.000000;22348.000000;0.000000;2272.867920
1767.000000;20510.000000;16391.000000;0.000000;130194.000000;22348.000000;0.000000;2274.156738
1768.000000;20510.000000;16863.000000;0.000000;158653.000000;22348.000000;0.000000;2275.447021
1769.000000;20510.000000;15850.000000;0.000000;193113.000000;22348.000000;0.000000;2276.738525
1770.000000;20510.000000;14347.000000;0.000000;194248.000000;22348.000000;0.000000;2278.036377
1771.000000;20510.000000;16347.000000;0.000000;150760.000000;22348.000000;0.000000;2279.347656
1772.000000;20510.000000;16002.000000;0.000000;174379.000000;22348.000000;0.000000;2280.650879
1773.000000;20510.000000;15764.000000;0.000000;201639.000000;22348.000000;0.000000;2281.947998
1774.000000;20510.000000;14769.000000;0.000000;180621.000000;22348.000000;0.000000;2283.245361
1775.000000;20510.000000;16567.000000;0.000000;135866.000000;22348.000000;0.000000;2284.541504
1776.000000;20510.000000;15695.000000;0.000000;148725.000000;22348.000000;0.000000;2285.889893
1777.000000;20510.000000;15806.000000;0.000000;162389.000000;22348.000000;0.000000;2287.190186
1778.000000;20510.000000;15878.000000;0.000000;175591.000000;22348.000000;0.000000;2288.488770
1779.000000;20510.000000;15072.000000;0.000000;180095.000000;22348.000000;0.000000;2289.872803
1780.000000;20510.000000;15443.000000;0.000000;201168.000000;22348.000000;0.000000;2291.173340
1781.000000;20510.000000;16700.000000;0.000000;198175.000000;22348.000000;0.000000;2292.477295
1782.000000;20510.000000;13868.000000;0.000000;235644.000000;22348.000000;0.000000;2293.774170
1783.000000;20510.000000;14276.000000;0.000000;249368.000000;22348.000000;0.000000;2295.072021
1784.000000;20510.000000;14910.000000;0.000000;176432.000000;22348.000000;0.000000;2296.366211
1785.000000;20510.000000;15524.000000;0.000000;182411.000000;22348.000000;0.000000;2297.660889
1786.000000;20510.000000;15782.000000;0.000000;190218.000000;22348.000000;0.000000;2298.954346
1787.000000;20510.000000;15919.000000;0.000000;174087.000000;22348.000000;0.000000;2300.292480
1788.000000;20510.000000;13835.000000;0.000000;208854.000000;22348.000000;0.000000;2301.586914
1789.000000;20510.000000;15046.000000;0.000000;221951.000000;22348.000000;0.000000;2302.884033
1790.000000;20510.000000;15525.000000;0.000000;215025.000000;22348.000000;0.000000;2304.180420
1791.000000;20510.000000;15845.000000;0.000000;189753.000000;22348.000000;0.000000;2305.472412
1792.000000;20510.000000;16724.000000;0.000000;180222.000000;22348.000000;0.000000;2306.782227
1793.000000;20510.000000;14288.000000;0.000000;272644.000000;22348.000000;0.000000;2308.077148
1794.000000;20510.000000;16373.000000;0.000000;149525.000000;22348.000000;0.000000;2309.382080
1795.000000;20510.000000;14167.000000;0.000000;198009.000000;22348.000000;0.000000;2310.701904
1796.000000;20510.000000;14838.000000;0.000000;257399.000000;22348.000000;0.000000;2312.006836
1797.000000;20510.000000;15346.000000;0.000000;157096.000000;22348.000000;0.000000;2313.311279
1798.000000;20510.000000;15785.000000;0.000000;135675.000000;22348.000000;0.000000;2314.618408
1799.000000;20510.000000;15359.000000;0.000000;156810.000000;22348.000000;0.000000;2315.921143
1800.000000;20510.000000;16158.000000;0.000000;204327.000000;22348.000000;0.000000;2317.229248
1801.000000;20510.000000;14908.000000;0.000000;203239.000000;22348.000000;0.000000;2318.602539
1802.000000;20510.000000;14321.000000;0.000000;228435.000000;22348.000000;0.000000;2319.933105
1803.000000;20510.000000;16376.000000;0.000000;155710.000000;22348.000000;0.000000;2321.243896
1804.000000;20510.000000;15318.000000;0.000000;157438.000000;22348.000000;0.000000;2322.548340
1805.000000;20510.000000;14859.000000;0.000000;166998.000000;22348.000000;0.000000;2323.916748
1806.000000;20510.000000;17272.000000;0.000000;82585.000000;22348.000000;0.000000;2325.221680
1807.000000;20510.000000;15452.000000;0.000000;225497.000000;22348.000000;0.000000;2326.530518
1808.000000;20510.000000;17521.000000;0.000000;107737.000000;22348.000000;0.000000;2327.834961
1809.000000;20510.000000;16218.000000;0.000000;185167.000000;22348.000000;0.000000;2329.138184
1810.000000;20510.000000;14625.000000;0.000000;216495.000000;22348.000000;0.000000;2330.461182
1811.000000;20510.000000;17431.000000;0.000000;149684.000000;22348.000000;0.000000;2331.767334
1812.000000;20510.000000;16119.000000;0.000000;179072.000000;22348.000000;0.000000;2333.066406
1813.000000;20510.000000;16422.000000;0.000000;169832.000000;22348.000000;0.000000;2334.369141
1814.000000;20510.000000;16015.000000;0.000000;169510.000000;22348.000000;0.000000;2335.677246
1815.000000;20510.000000;15437.000000;0.000000;142694.000000;22348.000000;0.000000;2336.983154
1816.000000;20510.000000;14829.000000;0.000000;134993.000000;22348.000000;0.000000;2338.289307
1817.000000;20510.000000;15907.000000;0.000000;143187.000000;22348.000000;0.000000;2339.597168
1818.000000;20510.000000;16430.000000;0.000000;153147.000000;22348.000000;0.000000;2340.913818
1819.000000;20510.000000;15078.000000;0.000000;189526.000000;22348.000000;0.000000;2342.199951
1820.000000;20510.000000;14783.000000;0.000000;216012.000000;22348.000000;0.000000;2343.493896
1821.000000;20510.000000;14696.000000;0.000000;180030.000000;22348.000000;0.000000;2344.792480
1822.000000;20510.000000;17990.000000;0.000000;126311.000000;22348.000000;0.000000;2346.086426
1823.000000;20510.000000;14389.000000;0.000000;215285.000000;22348.000000;0.000000;2347.379395
1824.000000;20510.000000;16357.000000;0.000000;159217.000000;22348.000000;0.000000;2348.671631
1825.000000;20510.000000;17843.000000;0.000000;115766.000000;22348.000000;0.000000;2349.978516
1826.000000;20510.000000;15546.000000;0.000000;169164.000000;22348.000000;0.000000;2351.346191
1827.000000;20510.000000;15878.000000;0.000000;129914.000000;22348.000000;0.000000;2352.636719
1828.000000;20510.000000;15134.000000;0.000000;223397.000000;22348.000000;0.000000;2353.926025
1829.000000;20510.000000;16555.000000;0.000000;173672.000000;22348.000000;0.000000;2355.213135
1830.000000;20510.000000;14869.000000;0.000000;185877.000000;22348.000000;0.000000;2356.510742
1831.000000;20510.000000;15594.000000;0.000000;199199.000000;22348.000000;0.000000;2357.806641
1832.000000;20510.000000;17391.000000;0.000000;134162.000000;22348.000000;0.000000;2359.092041
1833.000000;20510.000000;14872.000000;0.000000;249291.000000;22348.000000;0.000000;2360.413086
1834.000000;20510.000000;15689.000000;0.000000;209275.000000;22348.000000;0.000000;2361.701416
1835.000000;20510.000000;14192.000000;0.000000;240940.000000;22348.000000;0.000000;2362.994873
1836.000000;20510.000000;15020.000000;0.000000;172421.000000;22348.000000;0.000000;2364.558350
1837.000000;20510.000000;14723.000000;0.000000;248839.000000;22348.000000;0.000000;2366.005127
1838.000000;20510.000000;14651.000000;0.000000;205804.000000;22348.000000;0.000000;2367.449707
1839.000000;20510.000000;16722.000000;0.000000;155200.000000;22348.000000;0.000000;2368.895996
1840.000000;20510.000000;14677.000000;0.000000;211913.000000;22348.000000;0.000000;2370.365479
1841.000000;20510.000000;15660.000000;0.000000;211795.000000;22348.000000;0.000000;2371.800049
1842.000000;20510.000000;16302.000000;0.000000;116179.000000;22348.000000;0.000000;2373.224609
1843.000000;20510.000000;16328.000000;0.000000;180231.000000;22348.000000;0.000000;2374.667236
1844.000000;20510.000000;15089.000000;0.000000;173925.000000;22348.000000;0.000000;2376.102051
1845.000000;20510.000000;15954.000000;0.000000;188210.000000;22348.000000;0.000000;2377.533936
1846.000000;20510.000000;16240.000000;0.000000;166314.000000;22348.000000;0.000000;2378.969971
1847.000000;20510.000000;16243.000000;0.000000;157500.000000;22348.000000;0.000000;2380.406494
1848.000000;20510.000000;15345.000000;0.000000;194963.000000;22348.000000;0.000000;2381.695312
1849.000000;20510.000000;16233.000000;0.000000;159053.000000;22348.000000;0.000000;2382.975342
1850.000000;20510.000000;13420.000000;0.000000;229407.000000;22348.000000;0.000000;2384.281494
1851.000000;20510.000000;15039.000000;0.000000;151989.000000;22348.000000;0.000000;2385.557373
1852.000000;20510.000000;15974.000000;0.000000;177965.000000;22348.000000;0.000000;2386.828857
1853.000000;20510.000000;14214.000000;0.000000;212029.000000;22348.000000;0.000000;2388.118652
1854.000000;20510.000000;15165.000000;0.000000;191567.000000;22348.000000;0.000000;2389.390381
1855.000000;20510.000000;14837.000000;0.000000;210026.000000;22348.000000;0.000000;2390.693604
1856.000000;20510.000000;15101.000000;0.000000;184225.000000;22348.000000;0.000000;2391.968994
1857.000000;20510.000000;15255.000000;0.000000;181695.000000;22348.000000;0.000000;2393.249512
1858.000000;20510.000000;14080.000000;0.000000;247964.000000;22348.000000;0.000000;2394.521729
1859.000000;20510.000000;14848.000000;0.000000;192353.000000;22348.000000;0.000000;2395.806152
1860.000000;20510.000000;14233.000000;0.000000;172342.000000;22348.000000;0.000000;2397.082031
1861.000000;20510.000000;15313.000000;0.000000;155633.000000;22348.000000;0.000000;2398.366699
1862.000000;20510.000000;15259.000000;0.000000;153091.000000;22348.000000;0.000000;2399.642334
1863.000000;20510.000000;14608.000000;0.000000;180278.000000;22348.000000;0.000000;2400.942383
1864.000000;20510.000000;16812.000000;0.000000;126294.000000;22348.000000;0.000000;2402.225342
1865.000000;20510.000000;15436.000000;0.000000;228182.000000;22348.000000;0.000000;2403.506836
1866.000000;20510.000000;16309.000000;0.000000;152327.000000;22348.000000;0.000000;2404.792236
1867.000000;20510.000000;17075.000000;0.000000;135959.000000;22348.000000;0.000000;2406.076172
1868.000000;20510.000000;14741.000000;0.000000;188646.000000;22348.000000;0.000000;2407.363281
1869.000000;20510.000000;15763.000000;0.000000;132305.000000;22348.000000;0.000000;2408.643555
1870.000000;20510.000000;15312.000000;0.000000;171056.000000;22348.000000;0.000000;2409.924805
1871.000000;20510.000000;14786.000000;0.000000;215836.000000;22348.000000;0.000000;2411.238525
1872.000000;20510.000000;15421.000000;0.000000;144191.000000;22348.000000;0.000000;2412.518555
1873.000000;20510.000000;15212.000000;0.000000;194042.000000;22348.000000;0.000000;2413.801514
1874.000000;20510.000000;16556.000000;0.000000;190928.000000;22348.000000;0.000000;2415.091553
1875.000000;20510.000000;13746.000000;0.000000;228023.000000;22348.000000;0.000000;2416.382080
1876.000000;20510.000000;15167.000000;0.000000;195814.000000;22348.000000;0.000000;2417.764893
1877.000000;20510.000000;14619.000000;0.000000;169455.000000;22348.000000;0.000000;2419.046631
1878.000000;20510.000000;16010.000000;0.000000;153836.000000;22348.000000;0.000000;2420.350342
1879.000000;20510.000000;17714.000000;0.000000;139697.000000;22348.000000;0.000000;2421.628174
1880.000000;20510.000000;14525.000000;0.000000;280883.000000;22348.000000;0.000000;2422.921143
1881.000000;20510.000000;15247.000000;0.000000;163317.000000;22348.000000;0.000000;2424.321289
1882.000000;20510.000000;18686.000000;0.000000;122917.000000;22348.000000;0.000000;2425.604980
1883.000000;20510.000000;14236.000000;0.000000;212220.000000;22348.000000;0.000000;2426.887207
1884.000000;20510.000000;15508.000000;0.000000;215628.000000;22348.000000;0.000000;2428.171875
1885.000000;20510.000000;16376.000000;0.000000;157034.000000;22348.000000;0.000000;2429.538818
1886.000000;20510.000000;13968.000000;0.000000;237792.000000;22348.000000;0.000000;2430.860352
1887.000000;20510.000000;14970.000000;0.000000;212356.000000;22348.000000;0.000000;2432.211182
1888.000000;20510.000000;16353.000000;0.000000;134080.000000;22348.000000;0.000000;2433.545410
1889.000000;20510.000000;15087.000000;0.000000;167600.000000;22348.000000;0.000000;2434.827637
1890.000000;20510.000000;15180.000000;0.000000;167625.000000;22348.000000;0.000000;2436.114502
1891.000000;20510.000000;13769.000000;0.000000;232372.000000;22348.000000;0.000000;2437.398682
1892.000000;20510.000000;14760.000000;0.000000;209713.000000;22348.000000;0.000000;2438.687500
1893.000000;20510.000000;13903.000000;0.000000;233169.000000;22348.000000;0.000000;2439.970215
1894.000000;20510.000000;14522.000000;0.000000;207043.000000;22348.000000;0.000000;2441.292236
1895.000000;20510.000000;15703.000000;0.000000;209067.000000;22348.000000;0.000000;2442.590576
1896.000000;20510.000000;16170.000000;0.000000;159062.000000;22348.000000;0.000000;2443.904785
1897.000000;20510.000000;15955.000000;0.000000;162129.000000;22348.000000;0.000000;2445.196533
1898.000000;20510.000000;14334.000000;0.000000;228187.000000;22348.000000;0.000000;2446.488037
1899.000000;20510.000000;16279.000000;0.000000;148419.000000;22348.000000;0.000000;2447.794678
1900.000000;20510.000000;14433.000000;0.000000;229277.000000;22348.000000;0.000000;2449.116455
1901.000000;20510.000000;15466.000000;0.000000;171120.000000;22348.000000;0.000000;2450.428467
1902.000000;20510.000000;16185.000000;0.000000;212779.000000;22348.000000;0.000000;2451.722412
1903.000000;20510.000000;16892.000000;0.000000;139648.000000;22348.000000;0.000000;2453.005127
1904.000000;20510.000000;15971.000000;0.000000;154421.000000;22348.000000;0.000000;2454.291016
1905.000000;20510.000000;15324.000000;0.000000;187471.000000;22348.000000;0.000000;2455.576660
1906.000000;20510.000000;15998.000000;0.000000;150989.000000;22348.000000;0.000000;2456.865234
1907.000000;20510.000000;15395.000000;0.000000;134840.000000;22348.000000;0.000000;2458.165039
1908.000000;20510.000000;16969.000000;0.000000;121554.000000;22348.000000;0.000000;2459.456299
1909.000000;20510.000000;15930.000000;0.000000;136861.000000;22348.000000;0.000000;2460.769287
1910.000000;20510.000000;15521.000000;0.000000;178198.000000;22348.000000;0.000000;2462.062988
1911.000000;20510.000000;16468.000000;0.000000;114284.000000;22348.000000;0.000000;2463.352295
1912.000000;20510.000000;15488.000000;0.000000;179794.000000;22348.000000;0.000000;2464.645508
1913.000000;20510.000000;15791.000000;0.000000;186093.000000;22348.000000;0.000000;2465.938721
1914.000000;20510.000000;14768.000000;0.000000;200043.000000;22348.000000;0.000000;2467.229248
1915.000000;20510.000000;14310.000000;0.000000;219937.000000;22348.000000;0.000000;2468.521240
1916.000000;20510.000000;14687.000000;0.000000;200778.000000;22348.000000;0.000000;2469.815186
1917.000000;20510.000000;14694.000000;0.000000;247342.000000;22348.000000;0.000000;2471.143555
1918.000000;20510.000000;15393.000000;0.000000;216626.000000;22348.000000;0.000000;2472.439697
1919.000000;20510.000000;14410.000000;0.000000;235620.000000;22348.000000;0.000000;2473.741211
1920.000000;20510.000000;16858.000000;0.000000;159121.000000;22348.000000;0.000000;2475.034668
1921.000000;20510.000000;15434.000000;0.000000;247565.000000;22348.000000;0.000000;2476.335938
1922.000000;20510.000000;17125.000000;0.000000;155073.000000;22348.000000;0.000000;2477.635986
1923.000000;20510.000000;16272.000000;0.000000;110020.000000;22348.000000;0.000000;2478.942871
1924.000000;20510.000000;15256.000000;0.000000;202491.000000;22348.000000;0.000000;2480.238281
1925.000000;20510.000000;14364.000000;0.000000;211860.000000;22348.000000;0.000000;2481.556396
1926.000000;20510.000000;16524.000000;0.000000;109806.000000;22348.000000;0.000000;2482.849609
1927.000000;20510.000000;14846.000000;0.000000;139841.000000;22348.000000;0.000000;2484.142090
1928.000000;20510.000000;14837.000000;0.000000;201023.000000;22348.000000;0.000000;2485.433350
1929.000000;20510.000000;17217.000000;0.000000;108750.000000;22348.000000;0.000000;2486.748779
1930.000000;20510.000000;15146.000000;0.000000;152714.000000;22348.000000;0.000000;2488.042969
1931.000000;20510.000000;14293.000000;0.000000;255014.000000;22348.000000;0.000000;2489.341309
1932.000000;20510.000000;17061.000000;0.000000;82711.000000;22348.000000;0.000000;2490.678955
1933.000000;20510.000000;16245.000000;0.000000;172392.000000;22348.000000;0.000000;2491.972168
1934.000000;20510.000000;17233.000000;0.000000;103310.000000;22348.000000;0.000000;2493.273926
1935.000000;20510.000000;19413.000000;0.000000;83382.000000;22348.000000;0.000000;2494.569092
1936.000000;20510.000000;15480.000000;0.000000;212866.000000;22348.000000;0.000000;2495.868164
1937.000000;20510.000000;17139.000000;0.000000;137978.000000;22348.000000;0.000000;2497.171631
1938.000000;20510.000000;15828.000000;0.000000;193864.000000;22348.000000;0.000000;2498.479980
1939.000000;20510.000000;14980.000000;0.000000;199059.000000;22348.000000;0.000000;2499.780518
1940.000000;20510.000000;17210.000000;0.000000;140124.000000;22348.000000;0.000000;2501.127197
1941.000000;20510.000000;15957.000000;0.000000;175669.000000;22348.000000;0.000000;2502.437012
1942.000000;20510.000000;15530.000000;0.000000;204484.000000;22348.000000;0.000000;2503.764160
1943.000000;20510.000000;17243.000000;0.000000;148158.000000;22348.000000;0.000000;2505.065430
1944.000000;20510.000000;16301.000000;0.000000;164320.000000;22348.000000;0.000000;2506.368164
1945.000000;20510.000000;18520.000000;0.000000;70782.000000;22348.000000;0.000000;2507.668213
1946.000000;20510.000000;16560.000000;0.000000;161322.000000;22348.000000;0.000000;2508.972900
1947.000000;20510.000000;18185.000000;0.000000;56712.000000;22348.000000;0.000000;2510.269531
1948.000000;20510.000000;16412.000000;0.000000;103935.000000;22348.000000;0.000000;2511.592041
1949.000000;20510.000000;16603.000000;0.000000;111054.000000;22348.000000;0.000000;2512.890381
1950.000000;20510.000000;14753.000000;0.000000;206455.000000;22348.000000;0.000000;2514.197266
1951.000000;20510.000000;16208.000000;0.000000;168245.000000;22348.000000;0.000000;2515.493652
1952.000000;20510.000000;16300.000000;0.000000;174480.000000;22348.000000;0.000000;2516.796631
1953.000000;20510.000000;16391.000000;0.000000;170019.000000;22348.000000;0.000000;2518.103027
1954.000000;20510.000000;14813.000000;0.000000;202399.000000;22348.000000;0.000000;2519.409180
1955.000000;20510.000000;15993.000000;0.000000;181994.000000;22348.000000;0.000000;2520.738770
1956.000000;20510.000000;15977.000000;0.000000;202760.000000;22348.000000;0.000000;2522.056641
1957.000000;20510.000000;15632.000000;0.000000;204178.000000;22348.000000;0.000000;2523.366455
1958.000000;20510.000000;17221.000000;0.000000;127940.000000;22348.000000;0.000000;2524.676514
1959.000000;20510.000000;15661.000000;0.000000;195059.000000;22348.000000;0.000000;2525.985840
1960.000000;20510.000000;14513.000000;0.000000;208170.000000;22348.000000;0.000000;2527.290039
1961.000000;20510.000000;15227.000000;0.000000;175562.000000;22348.000000;0.000000;2528.612549
1962.000000;20510.000000;15066.000000;0.000000;191084.000000;22348.000000;0.000000;2529.928467
1963.000000;20510.000000;15627.000000;0.000000;182058.000000;22348.000000;0.000000;2531.282959
1964.000000;20510.000000;15289.000000;0.000000;182584.000000;22348.000000;0.000000;2532.595459
1965.000000;20510.000000;17013.000000;0.000000;157181.000000;22348.000000;0.000000;2533.905273
1966.000000;20510.000000;15882.000000;0.000000;140701.000000;22348.000000;0.000000;2535.213135
1967.000000;20510.000000;17147.000000;0.000000;134671.000000;22348.000000;0.000000;2536.518799
1968.000000;20510.000000;16216.000000;0.000000;183118.000000;22348.000000;0.000000;2537.825195
1969.000000;20510.000000;14792.000000;0.000000;199361.000000;22348.000000;0.000000;2539.127930
1970.000000;20510.000000;15271.000000;0.000000;172183.000000;22348.000000;0.000000;2540.432373
1971.000000;20510.000000;13810.000000;0.000000;217082.000000;22348.000000;0.000000;2541.760010
1972.000000;20510.000000;16362.000000;0.000000;181186.000000;22348.000000;0.000000;2543.069092
1973.000000;20510.000000;15269.000000;0.000000;199847.000000;22348.000000;0.000000;2544.377930
1974.000000;20510.000000;14854.000000;0.000000;194748.000000;22348.000000;0.000000;2545.685059
1975.000000;20510.000000;15748.000000;0.000000;179966.000000;22348.000000;0.000000;2547.003906
1976.000000;20510.000000;14932.000000;0.000000;213118.000000;22348.000000;0.000000;2548.874512
1977.000000;20510.000000;15369.000000;0.000000;232558.000000;22348.000000;0.000000;2550.512939
1978.000000;20510.000000;17609.000000;0.000000;90862.000000;22348.000000;0.000000;2552.043457
1979.000000;20510.000000;14294.000000;0.000000;222947.000000;22348.000000;0.000000;2553.618408
1980.000000;20510.000000;15858.000000;0.000000;158858.000000;22348.000000;0.000000;2555.069336
1981.000000;20510.000000;16250.000000;0.000000;130974.000000;22348.000000;0.000000;2556.525879
1982.000000;20510.000000;15149.000000;0.000000;186621.000000;22348.000000;0.000000;2557.980713
1983.000000;20510.000000;15313.000000;0.000000;134357.000000;22348.000000;0.000000;2559.451416
1984.000000;20510.000000;14865.000000;0.000000;217345.000000;22348.000000;0.000000;2560.946777
1985.000000;20510.000000;15020.000000;0.000000;203517.000000;22348.000000;0.000000;2562.424072
1986.000000;20510.000000;15560.000000;0.000000;175248.000000;22348.000000;0.000000;2563.998047
1987.000000;20510.000000;15602.000000;0.000000;185499.000000;22348.000000;0.000000;2565.444092
1988.000000;20510.000000;15745.000000;0.000000;137145.000000;22348.000000;0.000000;2566.739258
1989.000000;20510.000000;14438.000000;0.000000;175296.000000;22348.000000;0.000000;2568.029541
1990.000000;20510.000000;17960.000000;0.000000;87258.000000;22348.000000;0.000000;2569.325439
1991.000000;20510.000000;15448.000000;0.000000;129374.000000;22348.000000;0.000000;2570.614990
1992.000000;20510.000000;14208.000000;0.000000;211161.000000;22348.000000;0.000000;2571.930176
1993.000000;20510.000000;15644.000000;0.000000;157338.000000;22348.000000;0.000000;2573.227295
1994.000000;20510.000000;15075.000000;0.000000;183044.000000;22348.000000;0.000000;2574.532227
1995.000000;20510.000000;15256.000000;0.000000;176833.000000;22348.000000;0.000000;2575.842773
1996.000000;20510.000000;14776.000000;0.000000;202813.000000;22348.000000;0.000000;2577.189941
1997.000000;20510.000000;15074.000000;0.000000;228287.000000;22348.000000;0.000000;2578.497070
1998.000000;20510.000000;17176.000000;0.000000;129642.000000;22348.000000;0.000000;2579.791016
1999.000000;20510.000000;16527.000000;0.000000;130263.000000;22348.000000;0.000000;2581.103516
2000.000000;20510.000000;17183.000000;0.000000;105951.000000;22348.000000;0.000000;2582.388916
2001.000000;20510.000000;15096.000000;0.000000;201088.000000;22348.000000;0.000000;2583.677734
2002.000000;20510.000000;13589.000000;0.000000;182040.000000;22348.000000;0.000000;2584.960938
2003.000000;20510.000000;15922.000000;0.000000;192417.000000;22348.000000;0.000000;2586.320801
2004.000000;20510.000000;15072.000000;0.000000;163733.000000;22348.000000;0.000000;2587.613281
2005.000000;20510.000000;14664.000000;0.000000;226562.000000;22348.000000;0.000000;2588.927246
2006.000000;20510.000000;17184.000000;0.000000;108614.000000;22348.000000;0.000000;2590.229248
2007.000000;20510.000000;15872.000000;0.000000;152959.000000;22348.000000;0.000000;2591.557373
2008.000000;20510.000000;15565.000000;0.000000;131508.000000;22348.000000;0.000000;2592.843994
2009.000000;20510.000000;13911.000000;0.000000;248699.000000;22348.000000;0.000000;2594.127441
2010.000000;20510.000000;15566.000000;0.000000;195388.000000;22348.000000;0.000000;2595.411865
2011.000000;20510.000000;16142.000000;0.000000;160352.000000;22348.000000;0.000000;2596.719971
2012.000000;20510.000000;17379.000000;0.000000;141481.000000;22348.000000;0.000000;2598.000000
2013.000000;20510.000000;16973.000000;0.000000;139368.000000;22348.000000;0.000000;2599.287598
2014.000000;20510.000000;14403.000000;0.000000;239580.000000;22348.000000;0.000000;2600.575928
2015.000000;20510.000000;16499.000000;0.000000;129360.000000;22348.000000;0.000000;2601.894287
2016.000000;20510.000000;16780.000000;0.000000;172289.000000;22348.000000;0.000000;2603.177734
2017.000000;20510.000000;17511.000000;0.000000;103585.000000;22348.000000;0.000000;2604.462402
2018.000000;20510.000000;16059.000000;0.000000;153644.000000;22348.000000;0.000000;2605.746338
2019.000000;20510.000000;15905.000000;0.000000;230249.000000;22348.000000;0.000000;2607.036133
2020.000000;20510.000000;16139.000000;0.000000;151159.000000;22348.000000;0.000000;2608.335693
2021.000000;20510.000000;15644.000000;0.000000;187273.000000;22348.000000;0.000000;2609.630859
2022.000000;20510.000000;15156.000000;0.000000;119772.000000;22348.000000;0.000000;2610.926270
2023.000000;20510.000000;16221.000000;0.000000;206941.000000;22348.000000;0.000000;2612.248779
2024.000000;20510.000000;15863.000000;0.000000;153454.000000;22348.000000;0.000000;2613.543213
2025.000000;20510.000000;15399.000000;0.000000;200894.000000;22348.000000;0.000000;2614.837891
2026.000000;20510.000000;14603.000000;0.000000;195664.000000;22348.000000;0.000000;2616.131104
2027.000000;20510.000000;14962.000000;0.000000;175140.000000;22348.000000;0.000000;2617.422852
2028.000000;20510.000000;15713.000000;0.000000;145266.000000;22348.000000;0.000000;2618.715088
2029.000000;20510.000000;15676.000000;0.000000;196832.000000;22348.000000;0.000000;2620.000488
2030.000000;20510.000000;16048.000000;0.000000;209863.000000;22348.000000;0.000000;2621.320557
2031.000000;20510.000000;14765.000000;0.000000;219046.000000;22348.000000;0.000000;2622.617920
2032.000000;20510.000000;16641.000000;0.000000;104452.000000;22348.000000;0.000000;2623.937988
2033.000000;20510.000000;14414.000000;0.000000;220829.000000;22348.000000;0.000000;2625.227783
2034.000000;20510.000000;18208.000000;0.000000;92546.000000;22348.000000;0.000000;2626.517334
2035.000000;20510.000000;15888.000000;0.000000;164080.000000;22348.000000;0.000000;2627.806396
2036.000000;20510.000000;17002.000000;0.000000;136649.000000;22348.000000;0.000000;2629.101562
2037.000000;20510.000000;16355.000000;0.000000;126991.000000;22348.000000;0.000000;2630.389893
2038.000000;20510.000000;15826.000000;0.000000;152058.000000;22348.000000;0.000000;2631.702393
2039.000000;20510.000000;16350.000000;0.000000;156409.000000;22348.000000;0.000000;2632.987793
2040.000000;20510.000000;15658.000000;0.000000;156919.000000;22348.000000;0.000000;2634.280518
2041.000000;20510.000000;16006.000000;0.000000;206197.000000;22348.000000;0.000000;2635.576660
2042.000000;20510.000000;14159.000000;0.000000;255871.000000;22348.000000;0.000000;2636.872070
2043.000000;20510.000000;16859.000000;0.000000;174412.000000;22348.000000;0.000000;2638.165771
2044.000000;20510.000000;16391.000000;0.000000;111890.000000;22348.000000;0.000000;2639.458984
2045.000000;20510.000000;16136.000000;0.000000;173113.000000;22348.000000;0.000000;2640.749512
2046.000000;20510.000000;16268.000000;0.000000;149595.000000;22348.000000;0.000000;2642.213867
2047.000000;20510.000000;16435.000000;0.000000;101879.000000;22348.000000;0.000000;2643.526367
2048.000000;20510.000000;16467.000000;0.000000;123622.000000;22348.000000;0.000000;2644.822266
2049.000000;20510.000000;15306.000000;0.000000;204821.000000;22348.000000;0.000000;2646.151855
2050.000000;20510.000000;15285.000000;0.000000;198573.000000;22348.000000;0.000000;2647.452637
2051.000000;20510.000000;15954.000000;0.000000;138021.000000;22348.000000;0.000000;2648.756104
2052.000000;20510.000000;15604.000000;0.000000;230604.000000;22348.000000;0.000000;2650.058594
2053.000000;20510.000000;15380.000000;0.000000;184535.000000;22348.000000;0.000000;2651.371826
2054.000000;20510.000000;15413.000000;0.000000;185538.000000;22348.000000;0.000000;2652.689453
2055.000000;20510.000000;14431.000000;0.000000;210696.000000;22348.000000;0.000000;2653.986816
2056.000000;20510.000000;16109.000000;0.000000;158217.000000;22348.000000;0.000000;2655.283447
2057.000000;20510.000000;17385.000000;0.000000;131053.000000;22348.000000;0.000000;2656.637207
2058.000000;20510.000000;14945.000000;0.000000;210296.000000;22348.000000;0.000000;2657.934814
2059.000000;20510.000000;15263.000000;0.000000;238301.000000;22348.000000;0.000000;2659.229736
2060.000000;20510.000000;17817.000000;0.000000;62944.000000;22348.000000;0.000000;2660.543701
2061.000000;20510.000000;15462.000000;0.000000;173385.000000;22348.000000;0.000000;2661.878418
2062.000000;20510.000000;14189.000000;0.000000;203269.000000;22348.000000;0.000000;2663.175293
2063.000000;20510.000000;14429.000000;0.000000;271730.000000;22348.000000;0.000000;2664.471680
2064.000000;20510.000000;16115.000000;0.000000;177871.000000;22348.000000;0.000000;2665.768555
2065.000000;20510.000000;16591.000000;0.000000;169797.000000;22348.000000;0.000000;2667.072754
2066.000000;20510.000000;15562.000000;0.000000;175198.000000;22348.000000;0.000000;2668.371338
2067.000000;20510.000000;15058.000000;0.000000;196475.000000;22348.000000;0.000000;2669.665527
2068.000000;20510.000000;16029.000000;0.000000;132758.000000;22348.000000;0.000000;2670.961426
2069.000000;20510.000000;14700.000000;0.000000;227119.000000;22348.000000;0.000000;2672.289307
2070.000000;20510.000000;14492.000000;0.000000;241007.000000;22348.000000;0.000000;2673.591797
2071.000000;20510.000000;16090.000000;0.000000;154815.000000;22348.000000;0.000000;2674.900635
2072.000000;20510.000000;14981.000000;0.000000;215088.000000;22348.000000;0.000000;2676.206787
2073.000000;20510.000000;15903.000000;0.000000;200752.000000;22348.000000;0.000000;2677.513184
2074.000000;20510.000000;13972.000000;0.000000;226431.000000;22348.000000;0.000000;2678.823242
2075.000000;20510.000000;16027.000000;0.000000;154027.000000;22348.000000;0.000000;2680.130859
2076.000000;20510.000000;15311.000000;0.000000;178417.000000;22348.000000;0.000000;2681.436768
2077.000000;20510.000000;15201.000000;0.000000;176574.000000;22348.000000;0.000000;2682.768066
2078.000000;20510.000000;15067.000000;0.000000;191933.000000;22348.000000;0.000000;2684.104248
2079.000000;20510.000000;15796.000000;0.000000;157367.000000;22348.000000;0.000000;2685.409424
2080.000000;20510.000000;14522.000000;0.000000;268279.000000;22348.000000;0.000000;2686.709229
2081.000000;20510.000000;15978.000000;0.000000;207713.000000;22348.000000;0.000000;2688.016846
2082.000000;20510.000000;15867.000000;0.000000;201068.000000;22348.000000;0.000000;2689.320557
2083.000000;20510.000000;16240.000000;0.000000;136169.000000;22348.000000;0.000000;2690.623047
2084.000000;20510.000000;15572.000000;0.000000;235390.000000;22348.000000;0.000000;2691.961670
2085.000000;20510.000000;14942.000000;0.000000;221461.000000;22348.000000;0.000000;2693.266602
2086.000000;20510.000000;13723.000000;0.000000;206265.000000;22348.000000;0.000000;2694.572021
2087.000000;20510.000000;14783.000000;0.000000;205976.000000;22348.000000;0.000000;2695.873291
2088.000000;20510.000000;16904.000000;0.000000;116661.000000;22348.000000;0.000000;2697.168213
2089.000000;20510.000000;15306.000000;0.000000;160270.000000;22348.000000;0.000000;2698.475830
2090.000000;20510.000000;15101.000000;0.000000;156402.000000;22348.000000;0.000000;2699.780273
2091.000000;20510.000000;16350.000000;0.000000;156394.000000;22348.000000;0.000000;2701.086670
2092.000000;20510.000000;14687.000000;0.000000;224009.000000;22348.000000;0.000000;2702.423828
2093.000000;20510.000000;16250.000000;0.000000;154441.000000;22348.000000;0.000000;2703.737305
2094.000000;20510.000000;14559.000000;0.000000;200900.000000;22348.000000;0.000000;2705.042969
2095.000000;20510.000000;16206.000000;0.000000;166167.000000;22348.000000;0.000000;2706.353760
2096.000000;20510.000000;14334.000000;0.000000;280024.000000;22348.000000;0.000000;2707.727051
2097.000000;20510.000000;16661.000000;0.000000;140931.000000;22348.000000;0.000000;2709.044189
2098.000000;20510.000000;14707.000000;0.000000;197890.000000;22348.000000;0.000000;2710.354492
2099.000000;20510.000000;15475.000000;0.000000;189443.000000;22348.000000;0.000000;2711.670166
2100.000000;20510.000000;15523.000000;0.000000;191695.000000;22348.000000;0.000000;2713.012939
2101.000000;20510.000000;15239.000000;0.000000;215639.000000;22348.000000;0.000000;2714.327637
2102.000000;20510.000000;14772.000000;0.000000;177953.000000;22348.000000;0.000000;2715.640137
2103.000000;20510.000000;15303.000000;0.000000;206445.000000;22348.000000;0.000000;2716.956787
2104.000000;20510.000000;17673.000000;0.000000;116785.000000;22348.000000;0.000000;2718.266602
2105.000000;20510.000000;16821.000000;0.000000;166311.000000;22348.000000;0.000000;2719.575195
2106.000000;20510.000000;13287.000000;0.000000;241410.000000;22348.000000;0.000000;2720.882812
2107.000000;20510.000000;15404.000000;0.000000;197343.000000;22348.000000;0.000000;2722.239014
2108.000000;20510.000000;13950.000000;0.000000;210536.000000;22348.000000;0.000000;2723.666260
2109.000000;20510.000000;14422.000000;0.000000;246123.000000;22348.000000;0.000000;2724.981689
2110.000000;20510.000000;15517.000000;0.000000;183203.000000;22348.000000;0.000000;2726.293701
2111.000000;20510.000000;16152.000000;0.000000;130979.000000;22348.000000;0.000000;2727.610596
2112.000000;20510.000000;17127.000000;0.000000;128324.000000;22348.000000;0.000000;2728.924316
2113.000000;20510.000000;14753.000000;0.000000;183924.000000;22348.000000;0.000000;2730.236328
2114.000000;20510.000000;15523.000000;0.000000;176912.000000;22348.000000;0.000000;2731.537598
2115.000000;20510.000000;14303.000000;0.000000;203265.000000;22348.000000;0.000000;2732.854736
2116.000000;20510.000000;17327.000000;0.000000;146881.000000;22348.000000;0.000000;2734.150635
2117.000000;20510.000000;14848.000000;0.000000;226651.000000;22348.000000;0.000000;2735.443848
2118.000000;20510.000000;15647.000000;0.000000;185617.000000;22348.000000;0.000000;2736.741211
2119.000000;20510.000000;16426.000000;0.000000;176149.000000;22348.000000;0.000000;2738.036621
2120.000000;20510.000000;14844.000000;0.000000;236574.000000;22348.000000;0.000000;2739.332764
2121.000000;20510.000000;16115.000000;0.000000;235676.000000;22348.000000;0.000000;2740.636963
2122.000000;20510.000000;14516.000000;0.000000;233699.000000;22348.000000;0.000000;2741.955566
2123.000000;20510.000000;13777.000000;0.000000;271407.000000;22348.000000;0.000000;2743.267822
2124.000000;20510.000000;15278.000000;0.000000;240396.000000;22348.000000;0.000000;2744.591797
2125.000000;20510.000000;12956.000000;0.000000;224848.000000;22348.000000;0.000000;2745.891846
2126.000000;20510.000000;15113.000000;0.000000;190877.000000;22348.000000;0.000000;2747.183350
2127.000000;20510.000000;14308.000000;0.000000;248896.000000;22348.000000;0.000000;2748.480225
2128.000000;20510.000000;15939.000000;0.000000;161876.000000;22348.000000;0.000000;2749.772949
2129.000000;20510.000000;14213.000000;0.000000;233177.000000;22348.000000;0.000000;2751.071777
2130.000000;20510.000000;16059.000000;0.000000;138067.000000;22348.000000;0.000000;2752.400879
2131.000000;20510.000000;14268.000000;0.000000;164774.000000;22348.000000;0.000000;2753.693604
2132.000000;20510.000000;17891.000000;0.000000;121770.000000;22348.000000;0.000000;2754.989990
2133.000000;20510.000000;16826.000000;0.000000;66766.000000;22348.000000;0.000000;2756.279541
2134.000000;20510.000000;14141.000000;0.000000;216105.000000;22348.000000;0.000000;2757.579102
2135.000000;20510.000000;16076.000000;0.000000;152500.000000;22348.000000;0.000000;2758.881592
2136.000000;20510.000000;14729.000000;0.000000;171669.000000;22348.000000;0.000000;2760.183838
2137.000000;20510.000000;15291.000000;0.000000;163684.000000;22348.000000;0.000000;2761.470947
2138.000000;20510.000000;14948.000000;0.000000;225505.000000;22348.000000;0.000000;2762.779053
2139.000000;20510.000000;15407.000000;0.000000;193004.000000;22348.000000;0.000000;2764.063477
2140.000000;20510.000000;15673.000000;0.000000;157998.000000;22348.000000;0.000000;2765.348633
2141.000000;20510.000000;15165.000000;0.000000;180232.000000;22348.000000;0.000000;2766.645996
2142.000000;20510.000000;17640.000000;0.000000;127095.000000;22348.000000;0.000000;2767.931641
2143.000000;20510.000000;16501.000000;0.000000;176062.000000;22348.000000;0.000000;2769.215820
2144.000000;20510.000000;15440.000000;0.000000;202092.000000;22348.000000;0.000000;2770.499023
2145.000000;20510.000000;14797.000000;0.000000;246845.000000;22348.000000;0.000000;2771.784180
2146.000000;20510.000000;14459.000000;0.000000;178975.000000;22348.000000;0.000000;2773.088867
2147.000000;20510.000000;16302.000000;0.000000;206340.000000;22348.000000;0.000000;2774.371582
2148.000000;20510.000000;15508.000000;0.000000;189931.000000;22348.000000;0.000000;2775.655518
2149.000000;20510.000000;14596.000000;0.000000;163357.000000;22348.000000;0.000000;2776.935059
2150.000000;20510.000000;15075.000000;0.000000;177196.000000;22348.000000;0.000000;2778.219727
2151.000000;20510.000000;15748.000000;0.000000;156633.000000;22348.000000;0.000000;2779.501953
2152.000000;20510.000000;18112.000000;0.000000;110569.000000;22348.000000;0.000000;2780.790039
2153.000000;20510.000000;16519.000000;0.000000;154245.000000;22348.000000;0.000000;2782.084473
2154.000000;20510.000000;17168.000000;0.000000;139922.000000;22348.000000;0.000000;2783.400879
2155.000000;20510.000000;14340.000000;0.000000;197314.000000;22348.000000;0.000000;2784.693359
2156.000000;20510.000000;16120.000000;0.000000;139656.000000;22348.000000;0.000000;2785.983887
2157.000000;20510.000000;13873.000000;0.000000;182007.000000;22348.000000;0.000000;2787.273682
2158.000000;20510.000000;17279.000000;0.000000;181309.000000;22348.000000;0.000000;2788.562500
2159.000000;20510.000000;15521.000000;0.000000;163190.000000;22348.000000;0.000000;2789.846436
2160.000000;20510.000000;16155.000000;0.000000;193937.000000;22348.000000;0.000000;2791.125000
2161.000000;20510.000000;16850.000000;0.000000;115452.000000;22348.000000;0.000000;2792.417969
2162.000000;20510.000000;14725.000000;0.000000;229471.000000;22348.000000;0.000000;2793.693115
2163.000000;20510.000000;15205.000000;0.000000;199382.000000;22348.000000;0.000000;2794.968262
2164.000000;20510.000000;14704.000000;0.000000;253397.000000;22348.000000;0.000000;2796.241699
2165.000000;20510.000000;14976.000000;0.000000;204660.000000;22348.000000;0.000000;2797.522949
2166.000000;20510.000000;15144.000000;0.000000;208701.000000;22348.000000;0.000000;2798.802002
2167.000000;20510.000000;14892.000000;0.000000;135502.000000;22348.000000;0.000000;2800.081543
2168.000000;20510.000000;15452.000000;0.000000;206768.000000;22348.000000;0.000000;2801.359131
2169.000000;20510.000000;16937.000000;0.000000;194469.000000;22348.000000;0.000000;2802.668213
2170.000000;20510.000000;15350.000000;0.000000;186306.000000;22348.000000;0.000000;2804.032959
2171.000000;20510.000000;15087.000000;0.000000;145625.000000;22348.000000;0.000000;2805.310791
2172.000000;20510.000000;14017.000000;0.000000;239578.000000;22348.000000;0.000000;2806.585693
2173.000000;20510.000000;14722.000000;0.000000;180013.000000;22348.000000;0.000000;2807.858643
2174.000000;20510.000000;14073.000000;0.000000;270120.000000;22348.000000;0.000000;2809.132080
2175.000000;20510.000000;17264.000000;0.000000;129511.000000;22348.000000;0.000000;2810.406738
2176.000000;20510.000000;17052.000000;0.000000;120936.000000;22348.000000;0.000000;2811.679443
2177.000000;20510.000000;14981.000000;0.000000;193665.000000;22348.000000;0.000000;2812.975098
2178.000000;20510.000000;17840.000000;0.000000;161327.000000;22348.000000;0.000000;2814.249512
2179.000000;20510.000000;14901.000000;0.000000;200162.000000;22348.000000;0.000000;2815.525146
2180.000000;20510.000000;17253.000000;0.000000;125153.000000;22348.000000;0.000000;2816.803223
2181.000000;20510.000000;15526.000000;0.000000;141735.000000;22348.000000;0.000000;2818.097412
2182.000000;20510.000000;15822.000000;0.000000;170884.000000;22348.000000;0.000000;2819.371826
2183.000000;20510.000000;15679.000000;0.000000;136375.000000;22348.000000;0.000000;2820.646973
2184.000000;20510.000000;18471.000000;0.000000;85076.000000;22348.000000;0.000000;2821.932373
2185.000000;20510.000000;15270.000000;0.000000;189711.000000;22348.000000;0.000000;2823.240723
2186.000000;20510.000000;15522.000000;0.000000;155351.000000;22348.000000;0.000000;2824.519287
2187.000000;20510.000000;14453.000000;0.000000;183682.000000;22348.000000;0.000000;2825.800293
2188.000000;20510.000000;15522.000000;0.000000;174463.000000;22348.000000;0.000000;2827.085449
2189.000000;20510.000000;15431.000000;0.000000;151215.000000;22348.000000;0.000000;2828.364014
2190.000000;20510.000000;15903.000000;0.000000;191222.000000;22348.000000;0.000000;2829.643555
2191.000000;20510.000000;17186.000000;0.000000;114670.000000;22348.000000;0.000000;2831.040771
2192.000000;20510.000000;16819.000000;0.000000;149819.000000;22348.000000;0.000000;2832.318359
2193.000000;20510.000000;15096.000000;0.000000;215030.000000;22348.000000;0.000000;2833.618652
2194.000000;20510.000000;17305.000000;0.000000;160798.000000;22348.000000;0.000000;2834.896484
2195.000000;20510.000000;14777.000000;0.000000;155170.000000;22348.000000;0.000000;2836.171875
2196.000000;20510.000000;16857.000000;0.000000;148202.000000;22348.000000;0.000000;2837.449463
2197.000000;20510.000000;17535.000000;0.000000;126728.000000;22348.000000;0.000000;2838.724854
2198.000000;20510.000000;15196.000000;0.000000;174951.000000;22348.000000;0.000000;2840.010498
2199.000000;20510.000000;15921.000000;0.000000;197418.000000;22348.000000;0.000000;2841.290527
2200.000000;20510.000000;15307.000000;0.000000;124199.000000;22348.000000;0.000000;2842.583008
2201.000000;20510.000000;15731.000000;0.000000;202071.000000;22348.000000;0.000000;2843.876221
2202.000000;20510.000000;14009.000000;0.000000;187999.000000;22348.000000;0.000000;2845.159912
2203.000000;20510.000000;15989.000000;0.000000;194143.000000;22348.000000;0.000000;2846.444336
2204.000000;20510.000000;14799.000000;0.000000;207396.000000;22348.000000;0.000000;2847.725342
2205.000000;20510.000000;15272.000000;0.000000;178404.000000;22348.000000;0.000000;2849.005371
2206.000000;20510.000000;15291.000000;0.000000;202763.000000;22348.000000;0.000000;2850.290527
2207.000000;20510.000000;13557.000000;0.000000;254848.000000;22348.000000;0.000000;2851.579834
2208.000000;20510.000000;16205.000000;0.000000;111045.000000;22348.000000;0.000000;2852.900391
2209.000000;20510.000000;14196.000000;0.000000;212065.000000;22348.000000;0.000000;2854.184814
2210.000000;20510.000000;14604.000000;0.000000;204995.000000;22348.000000;0.000000;2855.470947
2211.000000;20510.000000;15377.000000;0.000000;190838.000000;22348.000000;0.000000;2856.753906
2212.000000;20510.000000;14389.000000;0.000000;198588.000000;22348.000000;0.000000;2858.042969
2213.000000;20510.000000;15565.000000;0.000000;176836.000000;22348.000000;0.000000;2859.328369
2214.000000;20510.000000;14895.000000;0.000000;203398.000000;22348.000000;0.000000;2860.613037
2215.000000;20510.000000;15039.000000;0.000000;160477.000000;22348.000000;0.000000;2861.901123
2216.000000;20510.000000;15469.000000;0.000000;192787.000000;22348.000000;0.000000;2863.227783
2217.000000;20510.000000;18171.000000;0.000000;134607.000000;22348.000000;0.000000;2864.533691
2218.000000;20510.000000;13635.000000;0.000000;226226.000000;22348.000000;0.000000;2865.823730
2219.000000;20510.000000;14955.000000;0.000000;214494.000000;22348.000000;0.000000;2867.106445
2220.000000;20510.000000;15561.000000;0.000000;171114.000000;22348.000000;0.000000;2868.395020
2221.000000;20510.000000;18999.000000;0.000000;71936.000000;22348.000000;0.000000;2869.687500
2222.000000;20510.000000;14242.000000;0.000000;182629.000000;22348.000000;0.000000;2870.973633
2223.000000;20510.000000;15972.000000;0.000000;156031.000000;22348.000000;0.000000;2872.256592
2224.000000;20510.000000;15572.000000;0.000000;182623.000000;22348.000000;0.000000;2873.569092
2225.000000;20510.000000;15553.000000;0.000000;172704.000000;22348.000000;0.000000;2874.859131
2226.000000;20510.000000;16339.000000;0.000000;129914.000000;22348.000000;0.000000;2876.139893
2227.000000;20510.000000;16596.000000;0.000000;176458.000000;22348.000000;0.000000;2877.426514
2228.000000;20510.000000;15722.000000;0.000000;156240.000000;22348.000000;0.000000;2878.718750
2229.000000;20510.000000;15175.000000;0.000000;227161.000000;22348.000000;0.000000;2880.004395
2230.000000;20510.000000;15759.000000;0.000000;126240.000000;22348.000000;0.000000;2881.295898
2231.000000;20510.000000;14193.000000;0.000000;197683.000000;22348.000000;0.000000;2882.590820
2232.000000;20510.000000;14176.000000;0.000000;227529.000000;22348.000000;0.000000;2883.900146
2233.000000;20510.000000;15546.000000;0.000000;168329.000000;22348.000000;0.000000;2885.187988
2234.000000;20510.000000;15740.000000;0.000000;163735.000000;22348.000000;0.000000;2886.555664
2235.000000;20510.000000;14552.000000;0.000000;213712.000000;22348.000000;0.000000;2887.852539
2236.000000;20510.000000;17617.000000;0.000000;64354.000000;22348.000000;0.000000;2889.184082
2237.000000;20510.000000;14016.000000;0.000000;240442.000000;22348.000000;0.000000;2890.495117
2238.000000;20510.000000;16938.000000;0.000000;132693.000000;22348.000000;0.000000;2891.787842
2239.000000;20510.000000;13985.000000;0.000000;180906.000000;22348.000000;0.000000;2893.102295
2240.000000;20510.000000;15294.000000;0.000000;222511.000000;22348.000000;0.000000;2894.389404
2241.000000;20510.000000;16896.000000;0.000000;152411.000000;22348.000000;0.000000;2895.679932
2242.000000;20510.000000;16133.000000;0.000000;151887.000000;22348.000000;0.000000;2896.973633
2243.000000;20510.000000;15121.000000;0.000000;216170.000000;22348.000000;0.000000;2898.263428
2244.000000;20510.000000;15105.000000;0.000000;180979.000000;22348.000000;0.000000;2899.551758
2245.000000;20510.000000;14591.000000;0.000000;178485.000000;22348.000000;0.000000;2900.843750
2246.000000;20510.000000;15223.000000;0.000000;208728.000000;22348.000000;0.000000;2902.134277
2247.000000;20510.000000;15319.000000;0.000000;166990.000000;22348.000000;0.000000;2903.459473
2248.000000;20510.000000;14624.000000;0.000000;233482.000000;22348.000000;0.000000;2904.745850
2249.000000;20510.000000;14133.000000;0.000000;231959.000000;22348.000000;0.000000;2906.033936
2250.000000;20510.000000;15951.000000;0.000000;154013.000000;22348.000000;0.000000;2907.344727
2251.000000;20510.000000;15461.000000;0.000000;176813.000000;22348.000000;0.000000;2908.634766
2252.000000;20510.000000;16973.000000;0.000000;173448.000000;22348.000000;0.000000;2909.928955
2253.000000;20510.000000;15836.000000;0.000000;111707.000000;22348.000000;0.000000;2911.227051
2254.000000;20510.000000;15564.000000;0.000000;144896.000000;22348.000000;0.000000;2912.524414
2255.000000;20510.000000;15016.000000;0.000000;194837.000000;22348.000000;0.000000;2913.848145
2256.000000;20510.000000;15602.000000;0.000000;206291.000000;22348.000000;0.000000;2915.158447
2257.000000;20510.000000;14696.000000;0.000000;224222.000000;22348.000000;0.000000;2916.459229
2258.000000;20510.000000;15337.000000;0.000000;160728.000000;22348.000000;0.000000;2917.759766
2259.000000;20510.000000;15076.000000;0.000000;258326.000000;22348.000000;0.000000;2919.057617
2260.000000;20510.000000;15961.000000;0.000000;216671.000000;22348.000000;0.000000;2920.354248
2261.000000;20510.000000;15991.000000;0.000000;157358.000000;22348.000000;0.000000;2921.659912
2262.000000;20510.000000;16321.000000;0.000000;146342.000000;22348.000000;0.000000;2922.973877
2263.000000;20510.000000;15170.000000;0.000000;195322.000000;22348.000000;0.000000;2924.307373
2264.000000;20510.000000;17485.000000;0.000000;113813.000000;22348.000000;0.000000;2925.613037
2265.000000;20510.000000;16193.000000;0.000000;159820.000000;22348.000000;0.000000;2926.913818
2266.000000;20510.000000;16763.000000;0.000000;135222.000000;22348.000000;0.000000;2928.215820
2267.000000;20510.000000;15958.000000;0.000000;167809.000000;22348.000000;0.000000;2929.513184
2268.000000;20510.000000;17538.000000;0.000000;115789.000000;22348.000000;0.000000;2930.813232
2269.000000;20510.000000;16803.000000;0.000000;134317.000000;22348.000000;0.000000;2932.115967
2270.000000;20510.000000;16869.000000;0.000000;155737.000000;22348.000000;0.000000;2933.447510
2271.000000;20510.000000;16246.000000;0.000000;182096.000000;22348.000000;0.000000;2934.750488
2272.000000;20510.000000;14197.000000;0.000000;189882.000000;22348.000000;0.000000;2936.049561
2273.000000;20510.000000;15037.000000;0.000000;195835.000000;22348.000000;0.000000;2937.363525
2274.000000;20510.000000;15072.000000;0.000000;169917.000000;22348.000000;0.000000;2938.667480
2275.000000;20510.000000;16310.000000;0.000000;168001.000000;22348.000000;0.000000;2939.964600
2276.000000;20510.000000;16210.000000;0.000000;165218.000000;22348.000000;0.000000;2941.258301
2277.000000;20510.000000;15810.000000;0.000000;173037.000000;22348.000000;0.000000;2942.544922
2278.000000;20510.000000;15253.000000;0.000000;164832.000000;22348.000000;0.000000;2943.863770
2279.000000;20510.000000;14843.000000;0.000000;200618.000000;22348.000000;0.000000;2945.157715
2280.000000;20510.000000;15753.000000;0.000000;154918.000000;22348.000000;0.000000;2946.444092
2281.000000;20510.000000;15819.000000;0.000000;139095.000000;22348.000000;0.000000;2947.762207
2282.000000;20510.000000;15766.000000;0.000000;126908.000000;22348.000000;0.000000;2949.185303
2283.000000;20510.000000;16679.000000;0.000000;125537.000000;22348.000000;0.000000;2950.475830
2284.000000;20510.000000;14165.000000;0.000000;204020.000000;22348.000000;0.000000;2951.767090
2285.000000;20510.000000;16516.000000;0.000000;183177.000000;22348.000000;0.000000;2953.055664
2286.000000;20510.000000;16462.000000;0.000000;140046.000000;22348.000000;0.000000;2954.366455
2287.000000;20510.000000;15768.000000;0.000000;191520.000000;22348.000000;0.000000;2955.653076
2288.000000;20510.000000;15503.000000;0.000000;173213.000000;22348.000000;0.000000;2956.941895
2289.000000;20510.000000;18902.000000;0.000000;40243.000000;22348.000000;0.000000;2958.287354
2290.000000;20510.000000;15160.000000;0.000000;126487.000000;22348.000000;0.000000;2959.574707
2291.000000;20510.000000;14395.000000;0.000000;200764.000000;22348.000000;0.000000;2960.862061
2292.000000;20510.000000;16435.000000;0.000000;182411.000000;22348.000000;0.000000;2962.153809
2293.000000;20510.000000;15283.000000;0.000000;186065.000000;22348.000000;0.000000;2963.460693
2294.000000;20510.000000;15593.000000;0.000000;156949.000000;22348.000000;0.000000;2964.750977
2295.000000;20510.000000;15185.000000;0.000000;170128.000000;22348.000000;0.000000;2966.043701
2296.000000;20510.000000;13541.000000;0.000000;252821.000000;22348.000000;0.000000;2967.334229
2297.000000;20510.000000;16147.000000;0.000000;202372.000000;22348.000000;0.000000;2968.623291
2298.000000;20510.000000;14184.000000;0.000000;243554.000000;22348.000000;0.000000;2969.914062
2299.000000;20510.000000;17234.000000;0.000000;121749.000000;22348.000000;0.000000;2971.285889
2300.000000;20510.000000;15445.000000;0.000000;201936.000000;22348.000000;0.000000;2973.126465
2301.000000;20510.000000;16158.000000;0.000000;152597.000000;22348.000000;0.000000;2974.724365
2302.000000;20510.000000;14731.000000;0.000000;197834.000000;22348.000000;0.000000;2975.984863
2303.000000;20510.000000;16103.000000;0.000000;148716.000000;22348.000000;0.000000;2977.268799
2304.000000;20510.000000;14649.000000;0.000000;220061.000000;22348.000000;0.000000;2978.559082
2305.000000;20510.000000;16801.000000;0.000000;124491.000000;22348.000000;0.000000;2979.847656
2306.000000;20510.000000;14562.000000;0.000000;185187.000000;22348.000000;0.000000;2981.141602
2307.000000;20510.000000;16361.000000;0.000000;132475.000000;22348.000000;0.000000;2982.432129
2308.000000;20510.000000;15115.000000;0.000000;244167.000000;22348.000000;0.000000;2983.780762
2309.000000;20510.000000;15428.000000;0.000000;183318.000000;22348.000000;0.000000;2985.078613
2310.000000;20510.000000;16444.000000;0.000000;183488.000000;22348.000000;0.000000;2986.373047
2311.000000;20510.000000;14162.000000;0.000000;234198.000000;22348.000000;0.000000;2987.664551
2312.000000;20510.000000;15110.000000;0.000000;221402.000000;22348.000000;0.000000;2988.950928
2313.000000;20510.000000;16629.000000;0.000000;188294.000000;22348.000000;0.000000;2990.243652
2314.000000;20510.000000;16267.000000;0.000000;150539.000000;22348.000000;0.000000;2991.535156
2315.000000;20510.000000;16421.000000;0.000000;122016.000000;22348.000000;0.000000;2992.826904
2316.000000;20510.000000;17847.000000;0.000000;113733.000000;22348.000000;0.000000;2994.143799
2317.000000;20510.000000;15687.000000;0.000000;174253.000000;22348.000000;0.000000;2995.434082
2318.000000;20510.000000;16640.000000;0.000000;146564.000000;22348.000000;0.000000;2996.728027
2319.000000;20510.000000;18175.000000;0.000000;66741.000000;22348.000000;0.000000;2998.025146
2320.000000;20510.000000;17323.000000;0.000000;155938.000000;22348.000000;0.000000;2999.318359
2321.000000;20510.000000;15754.000000;0.000000;208874.000000;22348.000000;0.000000;3000.619141
2322.000000;20510.000000;14669.000000;0.000000;212015.000000;22348.000000;0.000000;3001.900146
2323.000000;20510.000000;15136.000000;0.000000;157670.000000;22348.000000;0.000000;3003.174805
2324.000000;20510.000000;16440.000000;0.000000;135227.000000;22348.000000;0.000000;3004.481934
2325.000000;20510.000000;16502.000000;0.000000;132187.000000;22348.000000;0.000000;3005.765137
2326.000000;20510.000000;15031.000000;0.000000;161141.000000;22348.000000;0.000000;3007.046875
2327.000000;20510.000000;14604.000000;0.000000;216219.000000;22348.000000;0.000000;3008.327393
2328.000000;20510.000000;15334.000000;0.000000;206355.000000;22348.000000;0.000000;3009.606689
2329.000000;20510.000000;15504.000000;0.000000;184848.000000;22348.000000;0.000000;3010.895020
2330.000000;20510.000000;16209.000000;0.000000;158303.000000;22348.000000;0.000000;3012.177734
2331.000000;20510.000000;14343.000000;0.000000;233850.000000;22348.000000;0.000000;3013.479736
2332.000000;20510.000000;15916.000000;0.000000;141388.000000;22348.000000;0.000000;3014.767822
2333.000000;20510.000000;15557.000000;0.000000;174463.000000;22348.000000;0.000000;3016.049316
2334.000000;20510.000000;15904.000000;0.000000;192501.000000;22348.000000;0.000000;3017.330811
2335.000000;20510.000000;17234.000000;0.000000;160495.000000;22348.000000;0.000000;3018.654785
2336.000000;20510.000000;18091.000000;0.000000;74656.000000;22348.000000;0.000000;3019.937988
2337.000000;20510.000000;15502.000000;0.000000;217433.000000;22348.000000;0.000000;3021.215576
2338.000000;20510.000000;13594.000000;0.000000;213080.000000;22348.000000;0.000000;3022.490967
2339.000000;20510.000000;15952.000000;0.000000;138566.000000;22348.000000;0.000000;3023.904053
2340.000000;20510.000000;13312.000000;0.000000;250087.000000;22348.000000;0.000000;3025.186035
2341.000000;20510.000000;15663.000000;0.000000;153122.000000;22348.000000;0.000000;3026.478027
2342.000000;20510.000000;15605.000000;0.000000;172353.000000;22348.000000;0.000000;3027.760742
2343.000000;20510.000000;16097.000000;0.000000;155290.000000;22348.000000;0.000000;3029.040283
2344.000000;20510.000000;16179.000000;0.000000;118412.000000;22348.000000;0.000000;3030.323242
2345.000000;20510.000000;15956.000000;0.000000;140620.000000;22348.000000;0.000000;3031.604736
2346.000000;20510.000000;17160.000000;0.000000;146936.000000;22348.000000;0.000000;3032.896240
2347.000000;20510.000000;14817.000000;0.000000;179506.000000;22348.000000;0.000000;3034.208984
2348.000000;20510.000000;15877.000000;0.000000;173030.000000;22348.000000;0.000000;3035.492920
2349.000000;20510.000000;16627.000000;0.000000;154818.000000;22348.000000;0.000000;3036.778809
2350.000000;20510.000000;14468.000000;0.000000;187163.000000;22348.000000;0.000000;3038.071045
2351.000000;20510.000000;15007.000000;0.000000;203452.000000;22348.000000;0.000000;3039.363037
2352.000000;20510.000000;14497.000000;0.000000;250652.000000;22348.000000;0.000000;3040.653320
2353.000000;20510.000000;15996.000000;0.000000;213581.000000;22348.000000;0.000000;3041.941895
2354.000000;20510.000000;15070.000000;0.000000;200578.000000;22348.000000;0.000000;3043.229736
2355.000000;20510.000000;14434.000000;0.000000;229272.000000;22348.000000;0.000000;3044.571045
2356.000000;20510.000000;15108.000000;0.000000;175999.000000;22348.000000;0.000000;3045.871582
2357.000000;20510.000000;14426.000000;0.000000;253406.000000;22348.000000;0.000000;3047.155518
2358.000000;20510.000000;17817.000000;0.000000;186390.000000;22348.000000;0.000000;3048.446533
2359.000000;20510.000000;15351.000000;0.000000;193533.000000;22348.000000;0.000000;3049.739502
2360.000000;20510.000000;16767.000000;0.000000;113275.000000;22348.000000;0.000000;3051.029541
2361.000000;20510.000000;14775.000000;0.000000;224214.000000;22348.000000;0.000000;3052.321533
2362.000000;20510.000000;16426.000000;0.000000;148384.000000;22348.000000;0.000000;3053.607178
2363.000000;20510.000000;16930.000000;0.000000;152656.000000;22348.000000;0.000000;3054.919678
2364.000000;20510.000000;14393.000000;0.000000;199899.000000;22348.000000;0.000000;3056.204346
2365.000000;20510.000000;16734.000000;0.000000;163611.000000;22348.000000;0.000000;3057.492188
2366.000000;20510.000000;15731.000000;0.000000;192954.000000;22348.000000;0.000000;3058.802490
2367.000000;20510.000000;16262.000000;0.000000;169720.000000;22348.000000;0.000000;3060.088135
2368.000000;20510.000000;15383.000000;0.000000;163919.000000;22348.000000;0.000000;3061.370850
2369.000000;20510.000000;17397.000000;0.000000;169955.000000;22348.000000;0.000000;3062.664307
2370.000000;20510.000000;16456.000000;0.000000;195730.000000;22348.000000;0.000000;3063.979736
2371.000000;20510.000000;15341.000000;0.000000;225730.000000;22348.000000;0.000000;3065.274902
2372.000000;20510.000000;15131.000000;0.000000;207010.000000;22348.000000;0.000000;3066.565186
2373.000000;20510.000000;16531.000000;0.000000;169891.000000;22348.000000;0.000000;3067.857910
2374.000000;20510.000000;14733.000000;0.000000;248035.000000;22348.000000;0.000000;3069.150391
2375.000000;20510.000000;16185.000000;0.000000;201606.000000;22348.000000;0.000000;3070.443848
2376.000000;20510.000000;15163.000000;0.000000;167072.000000;22348.000000;0.000000;3071.745850
2377.000000;20510.000000;15965.000000;0.000000;183807.000000;22348.000000;0.000000;3073.082031
2378.000000;20510.000000;14730.000000;0.000000;201847.000000;22348.000000;0.000000;3074.407715
2379.000000;20510.000000;17043.000000;0.000000;132298.000000;22348.000000;0.000000;3075.708740
2380.000000;20510.000000;14236.000000;0.000000;232317.000000;22348.000000;0.000000;3077.001709
2381.000000;20510.000000;16168.000000;0.000000;165578.000000;22348.000000;0.000000;3078.303711
2382.000000;20510.000000;14867.000000;0.000000;216324.000000;22348.000000;0.000000;3079.597656
2383.000000;20510.000000;15890.000000;0.000000;231134.000000;22348.000000;0.000000;3080.883301
2384.000000;20510.000000;14802.000000;0.000000;235032.000000;22348.000000;0.000000;3082.191650
2385.000000;20510.000000;15927.000000;0.000000;204635.000000;22348.000000;0.000000;3083.488281
2386.000000;20510.000000;17079.000000;0.000000;143590.000000;22348.000000;0.000000;3084.804932
2387.000000;20510.000000;14368.000000;0.000000;270497.000000;22348.000000;0.000000;3086.094971
2388.000000;20510.000000;14422.000000;0.000000;178990.000000;22348.000000;0.000000;3087.390137
2389.000000;20510.000000;17054.000000;0.000000;152618.000000;22348.000000;0.000000;3088.780273
2390.000000;20510.000000;14579.000000;0.000000;209982.000000;22348.000000;0.000000;3090.075195
2391.000000;20510.000000;15360.000000;0.000000;201281.000000;22348.000000;0.000000;3091.368164
2392.000000;20510.000000;13727.000000;0.000000;273902.000000;22348.000000;0.000000;3092.669922
2393.000000;20510.000000;14399.000000;0.000000;162039.000000;22348.000000;0.000000;3094.042480
2394.000000;20510.000000;14953.000000;0.000000;178883.000000;22348.000000;0.000000;3095.355713
2395.000000;20510.000000;15943.000000;0.000000;145941.000000;22348.000000;0.000000;3096.653564
2396.000000;20510.000000;15940.000000;0.000000;136951.000000;22348.000000;0.000000;3097.956055
2397.000000;20510.000000;15692.000000;0.000000;170321.000000;22348.000000;0.000000;3099.251465
2398.000000;20510.000000;15755.000000;0.000000;194955.000000;22348.000000;0.000000;3100.551025
2399.000000;20510.000000;16053.000000;0.000000;153341.000000;22348.000000;0.000000;3101.856201
2400.000000;20510.000000;15885.000000;0.000000;162436.000000;22348.000000;0.000000;3103.156738
2401.000000;20510.000000;17189.000000;0.000000;125148.000000;22348.000000;0.000000;3104.516846
2402.000000;20510.000000;16350.000000;0.000000;145388.000000;22348.000000;0.000000;3105.819824
2403.000000;20510.000000;14726.000000;0.000000;163422.000000;22348.000000;0.000000;3107.120605
2404.000000;20510.000000;14410.000000;0.000000;196529.000000;22348.000000;0.000000;3108.427002
2405.000000;20510.000000;15969.000000;0.000000;141307.000000;22348.000000;0.000000;3109.725098
2406.000000;20510.000000;15435.000000;0.000000;197458.000000;22348.000000;0.000000;3111.020264
2407.000000;20510.000000;15348.000000;0.000000;189771.000000;22348.000000;0.000000;3112.317871
2408.000000;20510.000000;15118.000000;0.000000;214345.000000;22348.000000;0.000000;3113.625000
2409.000000;20510.000000;14655.000000;0.000000;213823.000000;22348.000000;0.000000;3114.951172
2410.000000;20510.000000;15601.000000;0.000000;169020.000000;22348.000000;0.000000;3116.252197
2411.000000;20510.000000;16296.000000;0.000000;196620.000000;22348.000000;0.000000;3117.557129
2412.000000;20510.000000;15624.000000;0.000000;190432.000000;22348.000000;0.000000;3118.900146
2413.000000;20510.000000;14528.000000;0.000000;212021.000000;22348.000000;0.000000;3120.251709
2414.000000;20510.000000;16089.000000;0.000000;150631.000000;22348.000000;0.000000;3121.557617
2415.000000;20510.000000;16046.000000;0.000000;223775.000000;22348.000000;0.000000;3122.862061
2416.000000;20510.000000;15290.000000;0.000000;180673.000000;22348.000000;0.000000;3124.175537
2417.000000;20510.000000;14662.000000;0.000000;204267.000000;22348.000000;0.000000;3125.495117
2418.000000;20510.000000;17890.000000;0.000000;130350.000000;22348.000000;0.000000;3126.796143
2419.000000;20510.000000;15268.000000;0.000000;213178.000000;22348.000000;0.000000;3128.103760
2420.000000;20510.000000;18618.000000;0.000000;75585.000000;22348.000000;0.000000;3129.412109
2421.000000;20510.000000;14573.000000;0.000000;233099.000000;22348.000000;0.000000;3130.739258
2422.000000;20510.000000;14557.000000;0.000000;216558.000000;22348.000000;0.000000;3132.047852
2423.000000;20510.000000;16110.000000;0.000000;147793.000000;22348.000000;0.000000;3133.356201
2424.000000;20510.000000;14423.000000;0.000000;197222.000000;22348.000000;0.000000;3134.951416
2425.000000;20510.000000;15263.000000;0.000000;215613.000000;22348.000000;0.000000;3136.450439
2426.000000;20510.000000;15500.000000;0.000000;151407.000000;22348.000000;0.000000;3137.757812
2427.000000;20510.000000;17144.000000;0.000000;115235.000000;22348.000000;0.000000;3139.064209
2428.000000;20510.000000;15243.000000;0.000000;198000.000000;22348.000000;0.000000;3140.372803
2429.000000;20510.000000;15688.000000;0.000000;172271.000000;22348.000000;0.000000;3141.676758
2430.000000;20510.000000;14088.000000;0.000000;244153.000000;22348.000000;0.000000;3142.975342
2431.000000;20510.000000;15122.000000;0.000000;229122.000000;22348.000000;0.000000;3144.285889
2432.000000;20510.000000;15078.000000;0.000000;221792.000000;22348.000000;0.000000;3145.605225
2433.000000;20510.000000;15577.000000;0.000000;138246.000000;22348.000000;0.000000;3146.925537
2434.000000;20510.000000;14397.000000;0.000000;236354.000000;22348.000000;0.000000;3148.229980
2435.000000;20510.000000;15390.000000;0.000000;160358.000000;22348.000000;0.000000;3149.532715
2436.000000;20510.000000;15861.000000;0.000000;181025.000000;22348.000000;0.000000;3150.833984
2437.000000;20510.000000;17312.000000;0.000000;124180.000000;22348.000000;0.000000;3152.122803
2438.000000;20510.000000;14208.000000;0.000000;235449.000000;22348.000000;0.000000;3153.412354
2439.000000;20510.000000;14561.000000;0.000000;209541.000000;22348.000000;0.000000;3154.721924
2440.000000;20510.000000;14983.000000;0.000000;220968.000000;22348.000000;0.000000;3156.015381
2441.000000;20510.000000;16298.000000;0.000000;175658.000000;22348.000000;0.000000;3157.314941
2442.000000;20510.000000;19812.000000;0.000000;27662.000000;22348.000000;0.000000;3158.613281
2443.000000;20510.000000;16688.000000;0.000000;153318.000000;22348.000000;0.000000;3159.908936
2444.000000;20510.000000;15407.000000;0.000000;162670.000000;22348.000000;0.000000;3161.208740
2445.000000;20510.000000;15736.000000;0.000000;165745.000000;22348.000000;0.000000;3162.501709
2446.000000;20510.000000;15481.000000;0.000000;217419.000000;22348.000000;0.000000;3163.883057
2447.000000;20510.000000;15206.000000;0.000000;214237.000000;22348.000000;0.000000;3165.199951
2448.000000;20510.000000;15074.000000;0.000000;171527.000000;22348.000000;0.000000;3166.496338
2449.000000;20510.000000;15312.000000;0.000000;223772.000000;22348.000000;0.000000;3167.787109
2450.000000;20510.000000;15741.000000;0.000000;136620.000000;22348.000000;0.000000;3169.075684
2451.000000;20510.000000;16764.000000;0.000000;181647.000000;22348.000000;0.000000;3170.494629
2452.000000;20510.000000;14232.000000;0.000000;200011.000000;22348.000000;0.000000;3171.843994
2453.000000;20510.000000;15364.000000;0.000000;186241.000000;22348.000000;0.000000;3173.128906
2454.000000;20510.000000;15451.000000;0.000000;185459.000000;22348.000000;0.000000;3174.423828
2455.000000;20510.000000;15648.000000;0.000000;159682.000000;22348.000000;0.000000;3175.750732
2456.000000;20510.000000;14486.000000;0.000000;222998.000000;22348.000000;0.000000;3177.038818
2457.000000;20510.000000;15158.000000;0.000000;205895.000000;22348.000000;0.000000;3178.342041
2458.000000;20510.000000;15934.000000;0.000000;155698.000000;22348.000000;0.000000;3179.630371
2459.000000;20510.000000;14943.000000;0.000000;200963.000000;22348.000000;0.000000;3180.917236
2460.000000;20510.000000;16167.000000;0.000000;132993.000000;22348.000000;0.000000;3182.193604
2461.000000;20510.000000;16429.000000;0.000000;179257.000000;22348.000000;0.000000;3183.473389
2462.000000;20510.000000;17889.000000;0.000000;62820.000000;22348.000000;0.000000;3184.770752
2463.000000;20510.000000;15148.000000;0.000000;204200.000000;22348.000000;0.000000;3186.053467
2464.000000;20510.000000;15734.000000;0.000000;152618.000000;22348.000000;0.000000;3187.405762
2465.000000;20510.000000;15452.000000;0.000000;106780.000000;22348.000000;0.000000;3188.763916
2466.000000;20510.000000;16359.000000;0.000000;131072.000000;22348.000000;0.000000;3190.106201
2467.000000;20510.000000;16628.000000;0.000000;104592.000000;22348.000000;0.000000;3191.392822
2468.000000;20510.000000;16167.000000;0.000000;195113.000000;22348.000000;0.000000;3192.673096
2469.000000;20510.000000;16073.000000;0.000000;117148.000000;22348.000000;0.000000;3193.951172
2470.000000;20510.000000;15010.000000;0.000000;219086.000000;22348.000000;0.000000;3195.255371
2471.000000;20510.000000;15811.000000;0.000000;186374.000000;22348.000000;0.000000;3196.533203
2472.000000;20510.000000;15724.000000;0.000000;131625.000000;22348.000000;0.000000;3197.815674
2473.000000;20510.000000;15744.000000;0.000000;198976.000000;22348.000000;0.000000;3199.094727
2474.000000;20510.000000;14263.000000;0.000000;199676.000000;22348.000000;0.000000;3200.372070
2475.000000;20510.000000;15659.000000;0.000000;163790.000000;22348.000000;0.000000;3201.658936
2476.000000;20510.000000;15999.000000;0.000000;167147.000000;22348.000000;0.000000;3202.932617
2477.000000;20510.000000;14864.000000;0.000000;211931.000000;22348.000000;0.000000;3204.213135
2478.000000;20510.000000;15938.000000;0.000000;144609.000000;22348.000000;0.000000;3205.521729
2479.000000;20510.000000;15724.000000;0.000000;149958.000000;22348.000000;0.000000;3206.811523
2480.000000;20510.000000;15045.000000;0.000000;210910.000000;22348.000000;0.000000;3208.092285
2481.000000;20510.000000;14633.000000;0.000000;207781.000000;22348.000000;0.000000;3209.377197
2482.000000;20510.000000;16784.000000;0.000000;132724.000000;22348.000000;0.000000;3210.703125
2483.000000;20510.000000;15544.000000;0.000000;134767.000000;22348.000000;0.000000;3211.986328
2484.000000;20510.000000;15921.000000;0.000000;194438.000000;22348.000000;0.000000;3213.253174
2485.000000;20510.000000;14397.000000;0.000000;177360.000000;22348.000000;0.000000;3214.520996
2486.000000;20510.000000;14041.000000;0.000000;167281.000000;22348.000000;0.000000;3215.822266
2487.000000;20510.000000;15277.000000;0.000000;162044.000000;22348.000000;0.000000;3217.095947
2488.000000;20510.000000;16464.000000;0.000000;182193.000000;22348.000000;0.000000;3218.411377
2489.000000;20510.000000;14518.000000;0.000000;183632.000000;22348.000000;0.000000;3219.687012
2490.000000;20510.000000;16187.000000;0.000000;196820.000000;22348.000000;0.000000;3220.958740
2491.000000;20510.000000;16409.000000;0.000000;109556.000000;22348.000000;0.000000;3222.228760
2492.000000;20510.000000;15580.000000;0.000000;151429.000000;22348.000000;0.000000;3223.513184
2493.000000;20510.000000;16131.000000;0.000000;170839.000000;22348.000000;0.000000;3224.802490
2494.000000;20510.000000;16152.000000;0.000000;165059.000000;22348.000000;0.000000;3226.084229
2495.000000;20510.000000;14653.000000;0.000000;225090.000000;22348.000000;0.000000;3227.354492
2496.000000;20510.000000;15114.000000;0.000000;235025.000000;22348.000000;0.000000;3228.624756
2497.000000;20510.000000;13925.000000;0.000000;226343.000000;22348.000000;0.000000;3229.898926
2498.000000;20510.000000;15853.000000;0.000000;164140.000000;22348.000000;0.000000;3231.170410
2499.000000;20510.000000;16040.000000;0.000000;142492.000000;22348.000000;0.000000;3232.439697
2500.000000;20510.000000;14037.000000;0.000000;225342.000000;22348.000000;0.000000;3233.712891
2501.000000;20510.000000;14877.000000;0.000000;154810.000000;22348.000000;0.000000;3235.011230
2502.000000;20510.000000;15285.000000;0.000000;162988.000000;22348.000000;0.000000;3236.286377
2503.000000;20510.000000;15390.000000;0.000000;162932.000000;22348.000000;0.000000;3237.553467
2504.000000;20510.000000;14034.000000;0.000000;188791.000000;22348.000000;0.000000;3238.854492
2505.000000;20510.000000;15159.000000;0.000000;195873.000000;22348.000000;0.000000;3240.121338
2506.000000;20510.000000;15108.000000;0.000000;209213.000000;22348.000000;0.000000;3241.391602
2507.000000;20510.000000;14648.000000;0.000000;190762.000000;22348.000000;0.000000;3242.665283
2508.000000;20510.000000;14956.000000;0.000000;192949.000000;22348.000000;0.000000;3243.944092
2509.000000;20510.000000;15370.000000;0.000000;202271.000000;22348.000000;0.000000;3245.245361
2510.000000;20510.000000;17681.000000;0.000000;106744.000000;22348.000000;0.000000;3246.522705
2511.000000;20510.000000;14599.000000;0.000000;209463.000000;22348.000000;0.000000;3247.810303
2512.000000;20510.000000;14691.000000;0.000000;205859.000000;22348.000000;0.000000;3249.107910
2513.000000;20510.000000;14751.000000;0.000000;175952.000000;22348.000000;0.000000;3250.384766
2514.000000;20510.000000;16537.000000;0.000000;179954.000000;22348.000000;0.000000;3251.661865
2515.000000;20510.000000;15064.000000;0.000000;198049.000000;22348.000000;0.000000;3252.938721
2516.000000;20510.000000;17839.000000;0.000000;134537.000000;22348.000000;0.000000;3254.334473
2517.000000;20510.000000;16180.000000;0.000000;174702.000000;22348.000000;0.000000;3255.740234
2518.000000;20510.000000;15790.000000;0.000000;159317.000000;22348.000000;0.000000;3257.173340
2519.000000;20510.000000;17139.000000;0.000000;132099.000000;22348.000000;0.000000;3258.447998
2520.000000;20510.000000;14562.000000;0.000000;202975.000000;22348.000000;0.000000;3259.722900
2521.000000;20510.000000;16807.000000;0.000000;87092.000000;22348.000000;0.000000;3260.998047
2522.000000;20510.000000;16005.000000;0.000000;163384.000000;22348.000000;0.000000;3262.272461
2523.000000;20510.000000;15013.000000;0.000000;209040.000000;22348.000000;0.000000;3263.548828
2524.000000;20510.000000;15779.000000;0.000000;183503.000000;22348.000000;0.000000;3264.912109
2525.000000;20510.000000;13344.000000;0.000000;225296.000000;22348.000000;0.000000;3266.434326
2526.000000;20510.000000;14799.000000;0.000000;254534.000000;22348.000000;0.000000;3267.861816
2527.000000;20510.000000;15355.000000;0.000000;182073.000000;22348.000000;0.000000;3269.282471
2528.000000;20510.000000;15926.000000;0.000000;164408.000000;22348.000000;0.000000;3270.704346
2529.000000;20510.000000;15282.000000;0.000000;177836.000000;22348.000000;0.000000;3272.134521
2530.000000;20510.000000;15085.000000;0.000000;230193.000000;22348.000000;0.000000;3273.565430
2531.000000;20510.000000;13796.000000;0.000000;197145.000000;22348.000000;0.000000;3274.995605
2532.000000;20510.000000;18387.000000;0.000000;105137.000000;22348.000000;0.000000;3276.475830
2533.000000;20510.000000;15884.000000;0.000000;153882.000000;22348.000000;0.000000;3277.920166
2534.000000;20510.000000;14335.000000;0.000000;243519.000000;22348.000000;0.000000;3279.358643
2535.000000;20510.000000;15602.000000;0.000000;158858.000000;22348.000000;0.000000;3280.807373
2536.000000;20510.000000;14870.000000;0.000000;243897.000000;22348.000000;0.000000;3282.147461
2537.000000;20510.000000;16467.000000;0.000000;138181.000000;22348.000000;0.000000;3283.482178
2538.000000;20510.000000;15039.000000;0.000000;203769.000000;22348.000000;0.000000;3284.783936
2539.000000;20510.000000;15166.000000;0.000000;224344.000000;22348.000000;0.000000;3286.102295
2540.000000;20510.000000;14252.000000;0.000000;216923.000000;22348.000000;0.000000;3287.380371
2541.000000;20510.000000;14181.000000;0.000000;202019.000000;22348.000000;0.000000;3288.665039
2542.000000;20510.000000;16824.000000;0.000000;140493.000000;22348.000000;0.000000;3289.945068
2543.000000;20510.000000;17611.000000;0.000000;92690.000000;22348.000000;0.000000;3291.227783
2544.000000;20510.000000;15937.000000;0.000000;184647.000000;22348.000000;0.000000;3292.512939
2545.000000;20510.000000;15458.000000;0.000000;189196.000000;22348.000000;0.000000;3293.791504
2546.000000;20510.000000;16055.000000;0.000000;210185.000000;22348.000000;0.000000;3295.073242
2547.000000;20510.000000;15930.000000;0.000000;160983.000000;22348.000000;0.000000;3296.371338
2548.000000;20510.000000;15637.000000;0.000000;211380.000000;22348.000000;0.000000;3297.663330
2549.000000;20510.000000;15418.000000;0.000000;182636.000000;22348.000000;0.000000;3298.946045
2550.000000;20510.000000;17036.000000;0.000000;109910.000000;22348.000000;0.000000;3300.227539
2551.000000;20510.000000;15310.000000;0.000000;118821.000000;22348.000000;0.000000;3301.508057
2552.000000;20510.000000;15172.000000;0.000000;184574.000000;22348.000000;0.000000;3302.790283
2553.000000;20510.000000;15509.000000;0.000000;137833.000000;22348.000000;0.000000;3304.075928
2554.000000;20510.000000;14778.000000;0.000000;208410.000000;22348.000000;0.000000;3305.373291
2555.000000;20510.000000;14658.000000;0.000000;198184.000000;22348.000000;0.000000;3306.673096
2556.000000;20510.000000;16008.000000;0.000000;170513.000000;22348.000000;0.000000;3307.961426
2557.000000;20510.000000;15038.000000;0.000000;158373.000000;22348.000000;0.000000;3309.247803
2558.000000;20510.000000;16272.000000;0.000000;164523.000000;22348.000000;0.000000;3310.543457
2559.000000;20510.000000;13865.000000;0.000000;256668.000000;22348.000000;0.000000;3311.829590
2560.000000;20510.000000;15321.000000;0.000000;166638.000000;22348.000000;0.000000;3313.117188
2561.000000;20510.000000;16674.000000;0.000000;141973.000000;22348.000000;0.000000;3314.416992
2562.000000;20510.000000;17352.000000;0.000000;179220.000000;22348.000000;0.000000;3315.740723
2563.000000;20510.000000;18153.000000;0.000000;109164.000000;22348.000000;0.000000;3317.052246
2564.000000;20510.000000;15256.000000;0.000000;238089.000000;22348.000000;0.000000;3318.342529
2565.000000;20510.000000;19120.000000;0.000000;69389.000000;22348.000000;0.000000;3319.628906
2566.000000;20510.000000;16475.000000;0.000000;177622.000000;22348.000000;0.000000;3320.917236
2567.000000;20510.000000;15826.000000;0.000000;179758.000000;22348.000000;0.000000;3322.195312
2568.000000;20510.000000;15793.000000;0.000000;179672.000000;22348.000000;0.000000;3323.596191
2569.000000;20510.000000;15288.000000;0.000000;155195.000000;22348.000000;0.000000;3324.887451
2570.000000;20510.000000;15724.000000;0.000000;215115.000000;22348.000000;0.000000;3326.188721
2571.000000;20510.000000;14714.000000;0.000000;199323.000000;22348.000000;0.000000;3327.479004
2572.000000;20510.000000;16107.000000;0.000000;212289.000000;22348.000000;0.000000;3328.762939
2573.000000;20510.000000;14709.000000;0.000000;197081.000000;22348.000000;0.000000;3330.047119
2574.000000;20510.000000;15353.000000;0.000000;204229.000000;22348.000000;0.000000;3331.335938
2575.000000;20510.000000;15074.000000;0.000000;175425.000000;22348.000000;0.000000;3332.628174
2576.000000;20510.000000;15681.000000;0.000000;179007.000000;22348.000000;0.000000;3333.919189
2577.000000;20510.000000;14919.000000;0.000000;203549.000000;22348.000000;0.000000;3335.209961
2578.000000;20510.000000;16724.000000;0.000000;135394.000000;22348.000000;0.000000;3336.522461
2579.000000;20510.000000;16431.000000;0.000000;181301.000000;22348.000000;0.000000;3337.812256
2580.000000;20510.000000;14614.000000;0.000000;196923.000000;22348.000000;0.000000;3339.101074
2581.000000;20510.000000;15556.000000;0.000000;205916.000000;22348.000000;0.000000;3340.395996
2582.000000;20510.000000;15306.000000;0.000000;191629.000000;22348.000000;0.000000;3341.697021
2583.000000;20510.000000;15880.000000;0.000000;143727.000000;22348.000000;0.000000;3342.986816
2584.000000;20510.000000;14389.000000;0.000000;216408.000000;22348.000000;0.000000;3344.299805
2585.000000;20510.000000;15727.000000;0.000000;189963.000000;22348.000000;0.000000;3345.605469
2586.000000;20510.000000;14421.000000;0.000000;236515.000000;22348.000000;0.000000;3346.906494
2587.000000;20510.000000;16510.000000;0.000000;120975.000000;22348.000000;0.000000;3348.274902
2588.000000;20510.000000;15805.000000;0.000000;209622.000000;22348.000000;0.000000;3349.571045
2589.000000;20510.000000;16357.000000;0.000000;151845.000000;22348.000000;0.000000;3350.864014
2590.000000;20510.000000;13574.000000;0.000000;273682.000000;22348.000000;0.000000;3352.153809
2591.000000;20510.000000;17732.000000;0.000000;108377.000000;22348.000000;0.000000;3353.448975
2592.000000;20510.000000;14008.000000;0.000000;284348.000000;22348.000000;0.000000;3354.746582
2593.000000;20510.000000;15498.000000;0.000000;235508.000000;22348.000000;0.000000;3356.077881
2594.000000;20510.000000;16567.000000;0.000000;137050.000000;22348.000000;0.000000;3357.375488
2595.000000;20510.000000;18450.000000;0.000000;91054.000000;22348.000000;0.000000;3358.669189
2596.000000;20510.000000;17037.000000;0.000000;148485.000000;22348.000000;0.000000;3359.959717
2597.000000;20510.000000;14592.000000;0.000000;249696.000000;22348.000000;0.000000;3361.255371
2598.000000;20510.000000;17410.000000;0.000000;132308.000000;22348.000000;0.000000;3362.548584
2599.000000;20510.000000;16177.000000;0.000000;183359.000000;22348.000000;0.000000;3363.843750
2600.000000;20510.000000;16089.000000;0.000000;165268.000000;22348.000000;0.000000;3365.140137
2601.000000;20510.000000;14608.000000;0.000000;209133.000000;22348.000000;0.000000;3366.465576
2602.000000;20510.000000;15780.000000;0.000000;200997.000000;22348.000000;0.000000;3367.767822
2603.000000;20510.000000;15926.000000;0.000000;173377.000000;22348.000000;0.000000;3369.069580
2604.000000;20510.000000;16978.000000;0.000000;109415.000000;22348.000000;0.000000;3370.367188
2605.000000;20510.000000;14716.000000;0.000000;178798.000000;22348.000000;0.000000;3371.672852
2606.000000;20510.000000;16622.000000;0.000000;149471.000000;22348.000000;0.000000;3372.973389
2607.000000;20510.000000;13793.000000;0.000000;243730.000000;22348.000000;0.000000;3374.269043
2608.000000;20510.000000;15303.000000;0.000000;168129.000000;22348.000000;0.000000;3375.566406
2609.000000;20510.000000;15566.000000;0.000000;124079.000000;22348.000000;0.000000;3376.889648
2610.000000;20510.000000;16787.000000;0.000000;98581.000000;22348.000000;0.000000;3378.185547
2611.000000;20510.000000;15081.000000;0.000000;218979.000000;22348.000000;0.000000;3379.483398
2612.000000;20510.000000;16355.000000;0.000000;149362.000000;22348.000000;0.000000;3380.779541
2613.000000;20510.000000;14737.000000;0.000000;243969.000000;22348.000000;0.000000;3382.081543
2614.000000;20510.000000;16696.000000;0.000000;147036.000000;22348.000000;0.000000;3383.376709
2615.000000;20510.000000;15814.000000;0.000000;167465.000000;22348.000000;0.000000;3384.676514
2616.000000;20510.000000;16063.000000;0.000000;120445.000000;22348.000000;0.000000;3385.993408
2617.000000;20510.000000;15702.000000;0.000000;167203.000000;22348.000000;0.000000;3387.314941
2618.000000;20510.000000;15799.000000;0.000000;175152.000000;22348.000000;0.000000;3388.617676
2619.000000;20510.000000;16587.000000;0.000000;126273.000000;22348.000000;0.000000;3389.923340
2620.000000;20510.000000;14815.000000;0.000000;175306.000000;22348.000000;0.000000;3391.227295
2621.000000;20510.000000;16953.000000;0.000000;102564.000000;22348.000000;0.000000;3392.539551
2622.000000;20510.000000;15654.000000;0.000000;192675.000000;22348.000000;0.000000;3393.842285
2623.000000;20510.000000;15040.000000;0.000000;206201.000000;22348.000000;0.000000;3395.148682
2624.000000;20510.000000;15576.000000;0.000000;178682.000000;22348.000000;0.000000;3396.479980
2625.000000;20510.000000;16202.000000;0.000000;155182.000000;22348.000000;0.000000;3397.791504
2626.000000;20510.000000;15698.000000;0.000000;173361.000000;22348.000000;0.000000;3399.099609
2627.000000;20510.000000;15074.000000;0.000000;223682.000000;22348.000000;0.000000;3400.404297
2628.000000;20510.000000;16387.000000;0.000000;168740.000000;22348.000000;0.000000;3401.711914
2629.000000;20510.000000;16217.000000;0.000000;119910.000000;22348.000000;0.000000;3403.017334
2630.000000;20510.000000;14309.000000;0.000000;213211.000000;22348.000000;0.000000;3404.395996
2631.000000;20510.000000;16007.000000;0.000000;204656.000000;22348.000000;0.000000;3405.699707
2632.000000;20510.000000;16120.000000;0.000000;144741.000000;22348.000000;0.000000;3407.025146
2633.000000;20510.000000;18629.000000;0.000000;104130.000000;22348.000000;0.000000;3408.326904
2634.000000;20510.000000;14964.000000;0.000000;182119.000000;22348.000000;0.000000;3409.632812
2635.000000;20510.000000;15674.000000;0.000000;153981.000000;22348.000000;0.000000;3410.935303
2636.000000;20510.000000;14275.000000;0.000000;243033.000000;22348.000000;0.000000;3412.236572
2637.000000;20510.000000;17587.000000;0.000000;144144.000000;22348.000000;0.000000;3413.534424
2638.000000;20510.000000;16994.000000;0.000000;109623.000000;22348.000000;0.000000;3414.839355
2639.000000;20510.000000;17600.000000;0.000000;102942.000000;22348.000000;0.000000;3416.164307
2640.000000;20510.000000;16781.000000;0.000000;187199.000000;22348.000000;0.000000;3417.471436
2641.000000;20510.000000;17508.000000;0.000000;112653.000000;22348.000000;0.000000;3418.784912
2642.000000;20510.000000;14866.000000;0.000000;219376.000000;22348.000000;0.000000;3420.092773
2643.000000;20510.000000;15517.000000;0.000000;152271.000000;22348.000000;0.000000;3421.389404
2644.000000;20510.000000;15246.000000;0.000000;158785.000000;22348.000000;0.000000;3422.678467
2645.000000;20510.000000;16024.000000;0.000000;176929.000000;22348.000000;0.000000;3423.971191
2646.000000;20510.000000;14412.000000;0.000000;214957.000000;22348.000000;0.000000;3425.261719
2647.000000;20510.000000;15507.000000;0.000000;191002.000000;22348.000000;0.000000;3426.579834
2648.000000;20510.000000;14070.000000;0.000000;212875.000000;22348.000000;0.000000;3427.870117
2649.000000;20510.000000;16787.000000;0.000000;140535.000000;22348.000000;0.000000;3429.161865
2650.000000;20510.000000;15717.000000;0.000000;228640.000000;22348.000000;0.000000;3430.454590
2651.000000;20510.000000;14809.000000;0.000000;233274.000000;22348.000000;0.000000;3431.748535
2652.000000;20510.000000;13567.000000;0.000000;250280.000000;22348.000000;0.000000;3433.039551
2653.000000;20510.000000;16783.000000;0.000000;173403.000000;22348.000000;0.000000;3434.327148
2654.000000;20510.000000;15123.000000;0.000000;185110.000000;22348.000000;0.000000;3435.619385
2655.000000;20510.000000;17089.000000;0.000000;108396.000000;22348.000000;0.000000;3436.948730
2656.000000;20510.000000;14505.000000;0.000000;202322.000000;22348.000000;0.000000;3438.239502
2657.000000;20510.000000;15618.000000;0.000000;179717.000000;22348.000000;0.000000;3439.533203
2658.000000;20510.000000;14732.000000;0.000000;229394.000000;22348.000000;0.000000;3440.821289
2659.000000;20510.000000;15686.000000;0.000000;204636.000000;22348.000000;0.000000;3442.114014
2660.000000;20510.000000;14810.000000;0.000000;180943.000000;22348.000000;0.000000;3443.404785
2661.000000;20510.000000;16013.000000;0.000000;146535.000000;22348.000000;0.000000;3444.701172
2662.000000;20510.000000;15523.000000;0.000000;193946.000000;22348.000000;0.000000;3445.994141
2663.000000;20510.000000;14310.000000;0.000000;218742.000000;22348.000000;0.000000;3447.323242
2664.000000;20510.000000;15825.000000;0.000000;174914.000000;22348.000000;0.000000;3448.725098
2665.000000;20510.000000;16384.000000;0.000000;158485.000000;22348.000000;0.000000;3450.022705
2666.000000;20510.000000;16308.000000;0.000000;164299.000000;22348.000000;0.000000;3451.313965
2667.000000;20510.000000;16977.000000;0.000000;128524.000000;22348.000000;0.000000;3452.607422
2668.000000;20510.000000;15256.000000;0.000000;204878.000000;22348.000000;0.000000;3453.903564
2669.000000;20510.000000;16663.000000;0.000000;180433.000000;22348.000000;0.000000;3455.198730
2670.000000;20510.000000;15875.000000;0.000000;178900.000000;22348.000000;0.000000;3456.526611
2671.000000;20510.000000;15359.000000;0.000000;169375.000000;22348.000000;0.000000;3457.830078
2672.000000;20510.000000;15963.000000;0.000000;169867.000000;22348.000000;0.000000;3459.133545
2673.000000;20510.000000;14617.000000;0.000000;203764.000000;22348.000000;0.000000;3460.430420
2674.000000;20510.000000;15787.000000;0.000000;155969.000000;22348.000000;0.000000;3461.732666
2675.000000;20510.000000;15261.000000;0.000000;207296.000000;22348.000000;0.000000;3463.030518
2676.000000;20510.000000;17170.000000;0.000000;130803.000000;22348.000000;0.000000;3464.397949
2677.000000;20510.000000;15249.000000;0.000000;182024.000000;22348.000000;0.000000;3465.703613
2678.000000;20510.000000;16481.000000;0.000000;187635.000000;22348.000000;0.000000;3467.031494
2679.000000;20510.000000;16395.000000;0.000000;169651.000000;22348.000000;0.000000;3468.329834
2680.000000;20510.000000;15255.000000;0.000000;238311.000000;22348.000000;0.000000;3469.625977
2681.000000;20510.000000;15314.000000;0.000000;212526.000000;22348.000000;0.000000;3470.929199
2682.000000;20510.000000;16193.000000;0.000000;153549.000000;22348.000000;0.000000;3472.225830
2683.000000;20510.000000;16273.000000;0.000000;153032.000000;22348.000000;0.000000;3473.525146
2684.000000;20510.000000;14148.000000;0.000000;187439.000000;22348.000000;0.000000;3474.825439
2685.000000;20510.000000;17271.000000;0.000000;133999.000000;22348.000000;0.000000;3476.125244
2686.000000;20510.000000;13573.000000;0.000000;250294.000000;22348.000000;0.000000;3477.446777
2687.000000;20510.000000;14862.000000;0.000000;218928.000000;22348.000000;0.000000;3478.803955
2688.000000;20510.000000;15263.000000;0.000000;180120.000000;22348.000000;0.000000;3480.103760
2689.000000;20510.000000;17308.000000;0.000000;138816.000000;22348.000000;0.000000;3481.398438
2690.000000;20510.000000;13793.000000;0.000000;201676.000000;22348.000000;0.000000;3482.688477
2691.000000;20510.000000;16371.000000;0.000000;165316.000000;22348.000000;0.000000;3483.972900
2692.000000;20510.000000;14976.000000;0.000000;213223.000000;22348.000000;0.000000;3485.259277
2693.000000;20510.000000;17211.000000;0.000000;158571.000000;22348.000000;0.000000;3486.566650
2694.000000;20510.000000;16171.000000;0.000000;174749.000000;22348.000000;0.000000;3487.917969
2695.000000;20510.000000;16565.000000;0.000000;89761.000000;22348.000000;0.000000;3489.216553
2696.000000;20510.000000;15075.000000;0.000000;226453.000000;22348.000000;0.000000;3490.558350
2697.000000;20510.000000;15164.000000;0.000000;191836.000000;22348.000000;0.000000;3491.847656
2698.000000;20510.000000;15508.000000;0.000000;190937.000000;22348.000000;0.000000;3493.141113
2699.000000;20510.000000;14475.000000;0.000000;197637.000000;22348.000000;0.000000;3494.431396
2700.000000;20510.000000;16633.000000;0.000000;160834.000000;22348.000000;0.000000;3495.717773
2701.000000;20510.000000;15149.000000;0.000000;210204.000000;22348.000000;0.000000;3497.037109
2702.000000;20510.000000;14361.000000;0.000000;231173.000000;22348.000000;0.000000;3498.323486
2703.000000;20510.000000;16250.000000;0.000000;152544.000000;22348.000000;0.000000;3499.614746
2704.000000;20510.000000;15115.000000;0.000000;209597.000000;22348.000000;0.000000;3500.902100
2705.000000;20510.000000;15953.000000;0.000000;154024.000000;22348.000000;0.000000;3502.190674
2706.000000;20510.000000;14718.000000;0.000000;195921.000000;22348.000000;0.000000;3503.483154
2707.000000;20510.000000;14934.000000;0.000000;168562.000000;22348.000000;0.000000;3504.796387
2708.000000;20510.000000;14108.000000;0.000000;191403.000000;22348.000000;0.000000;3506.080322
2709.000000;20510.000000;15781.000000;0.000000;196781.000000;22348.000000;0.000000;3507.410645
2710.000000;20510.000000;15663.000000;0.000000;173364.000000;22348.000000;0.000000;3508.716309
2711.000000;20510.000000;15145.000000;0.000000;212968.000000;22348.000000;0.000000;3509.999268
2712.000000;20510.000000;16467.000000;0.000000;139572.000000;22348.000000;0.000000;3511.289795
2713.000000;20510.000000;17313.000000;0.000000;132895.000000;22348.000000;0.000000;3512.581787
2714.000000;20510.000000;16699.000000;0.000000;133247.000000;22348.000000;0.000000;3513.869873
2715.000000;20510.000000;14942.000000;0.000000;209814.000000;22348.000000;0.000000;3515.164795
2716.000000;20510.000000;14549.000000;0.000000;224677.000000;22348.000000;0.000000;3516.454834
2717.000000;20510.000000;15310.000000;0.000000;213047.000000;22348.000000;0.000000;3517.766602
2718.000000;20510.000000;15360.000000;0.000000;188109.000000;22348.000000;0.000000;3519.056396
2719.000000;20510.000000;15040.000000;0.000000;170066.000000;22348.000000;0.000000;3520.343994
2720.000000;20510.000000;17891.000000;0.000000;152177.000000;22348.000000;0.000000;3521.631592
2721.000000;20510.000000;15341.000000;0.000000;179255.000000;22348.000000;0.000000;3522.927979
2722.000000;20510.000000;16918.000000;0.000000;158857.000000;22348.000000;0.000000;3524.304199
2723.000000;20510.000000;16745.000000;0.000000;93300.000000;22348.000000;0.000000;3525.594482
2724.000000;20510.000000;14691.000000;0.000000;228348.000000;22348.000000;0.000000;3526.912842
2725.000000;20510.000000;14795.000000;0.000000;196079.000000;22348.000000;0.000000;3528.210693
2726.000000;20510.000000;14787.000000;0.000000;198856.000000;22348.000000;0.000000;3529.500977
2727.000000;20510.000000;16094.000000;0.000000;169697.000000;22348.000000;0.000000;3530.793701
2728.000000;20510.000000;14317.000000;0.000000;183474.000000;22348.000000;0.000000;3532.092285
2729.000000;20510.000000;15599.000000;0.000000;171761.000000;22348.000000;0.000000;3533.392578
2730.000000;20510.000000;14992.000000;0.000000;154627.000000;22348.000000;0.000000;3534.687500
2731.000000;20510.000000;16958.000000;0.000000;117557.000000;22348.000000;0.000000;3535.979248
2732.000000;20510.000000;14908.000000;0.000000;231011.000000;22348.000000;0.000000;3537.308350
2733.000000;20510.000000;17235.000000;0.000000;145853.000000;22348.000000;0.000000;3538.612061
2734.000000;20510.000000;15339.000000;0.000000;193640.000000;22348.000000;0.000000;3539.906250
2735.000000;20510.000000;16381.000000;0.000000;112702.000000;22348.000000;0.000000;3541.197754
2736.000000;20510.000000;15388.000000;0.000000;208884.000000;22348.000000;0.000000;3542.498779
2737.000000;20510.000000;16139.000000;0.000000;166088.000000;22348.000000;0.000000;3543.793457
2738.000000;20510.000000;18637.000000;0.000000;59595.000000;22348.000000;0.000000;3545.093750
2739.000000;20510.000000;16529.000000;0.000000;129340.000000;22348.000000;0.000000;3546.392822
2740.000000;20510.000000;15188.000000;0.000000;172565.000000;22348.000000;0.000000;3547.714844
2741.000000;20510.000000;15664.000000;0.000000;133940.000000;22348.000000;0.000000;3549.023193
2742.000000;20510.000000;15748.000000;0.000000;199478.000000;22348.000000;0.000000;3550.324707
2743.000000;20510.000000;16658.000000;0.000000;133194.000000;22348.000000;0.000000;3551.630859
2744.000000;20510.000000;14823.000000;0.000000;208440.000000;22348.000000;0.000000;3552.933105
2745.000000;20510.000000;15570.000000;0.000000;153468.000000;22348.000000;0.000000;3554.229004
2746.000000;20510.000000;15698.000000;0.000000;171139.000000;22348.000000;0.000000;3555.524658
2747.000000;20510.000000;15012.000000;0.000000;160801.000000;22348.000000;0.000000;3556.834229
2748.000000;20510.000000;16157.000000;0.000000;133363.000000;22348.000000;0.000000;3558.144531
2749.000000;20510.000000;16205.000000;0.000000;186074.000000;22348.000000;0.000000;3559.434326
2750.000000;20510.000000;14754.000000;0.000000;203350.000000;22348.000000;0.000000;3560.730225
2751.000000;20510.000000;14160.000000;0.000000;212717.000000;22348.000000;0.000000;3562.026367
2752.000000;20510.000000;15607.000000;0.000000;170360.000000;22348.000000;0.000000;3563.323730
2753.000000;20510.000000;14628.000000;0.000000;220554.000000;22348.000000;0.000000;3564.617188
2754.000000;20510.000000;16589.000000;0.000000;154355.000000;22348.000000;0.000000;3565.908447
2755.000000;20510.000000;15543.000000;0.000000;192415.000000;22348.000000;0.000000;3567.249756
2756.000000;20510.000000;15357.000000;0.000000;194521.000000;22348.000000;0.000000;3568.555664
2757.000000;20510.000000;15939.000000;0.000000;155897.000000;22348.000000;0.000000;3569.851074
2758.000000;20510.000000;14634.000000;0.000000;208322.000000;22348.000000;0.000000;3571.143066
2759.000000;20510.000000;16203.000000;0.000000;185586.000000;22348.000000;0.000000;3572.428223
2760.000000;20510.000000;16381.000000;0.000000;192159.000000;22348.000000;0.000000;3573.710449
2761.000000;20510.000000;15421.000000;0.000000;161893.000000;22348.000000;0.000000;3574.996338
2762.000000;20510.000000;15657.000000;0.000000;205224.000000;22348.000000;0.000000;3576.278076
2763.000000;20510.000000;16478.000000;0.000000;114403.000000;22348.000000;0.000000;3577.591309
2764.000000;20510.000000;16159.000000;0.000000;167255.000000;22348.000000;0.000000;3578.876953
2765.000000;20510.000000;14246.000000;0.000000;246807.000000;22348.000000;0.000000;3580.166016
2766.000000;20510.000000;15013.000000;0.000000;197589.000000;22348.000000;0.000000;3581.454102
2767.000000;20510.000000;15539.000000;0.000000;146797.000000;22348.000000;0.000000;3582.741211
2768.000000;20510.000000;16689.000000;0.000000;126322.000000;22348.000000;0.000000;3584.051270
2769.000000;20510.000000;15293.000000;0.000000;127843.000000;22348.000000;0.000000;3585.336914
2770.000000;20510.000000;16050.000000;0.000000;187650.000000;22348.000000;0.000000;3586.624023
2771.000000;20510.000000;14530.000000;0.000000;241328.000000;22348.000000;0.000000;3587.933350
2772.000000;20510.000000;16191.000000;0.000000;148093.000000;22348.000000;0.000000;3589.216553
2773.000000;20510.000000;15860.000000;0.000000;165668.000000;22348.000000;0.000000;3590.497314
2774.000000;20510.000000;15634.000000;0.000000;154745.000000;22348.000000;0.000000;3591.781494
2775.000000;20510.000000;15670.000000;0.000000;159069.000000;22348.000000;0.000000;3593.070312
2776.000000;20510.000000;16116.000000;0.000000;154541.000000;22348.000000;0.000000;3594.354980
2777.000000;20510.000000;15175.000000;0.000000;201485.000000;22348.000000;0.000000;3595.637695
2778.000000;20510.000000;14677.000000;0.000000;186605.000000;22348.000000;0.000000;3596.922363
2779.000000;20510.000000;15417.000000;0.000000;199958.000000;22348.000000;0.000000;3598.237305
2780.000000;20510.000000;15380.000000;0.000000;183362.000000;22348.000000;0.000000;3599.525635
2781.000000;20510.000000;14710.000000;0.000000;204637.000000;22348.000000;0.000000;3600.816895
0.000000;0.000000;0.000000;0.000000;0.000000;0.000000;0.000000;0.000000
0.000000;0.000000;0.000000;0.000000;0.000000;0.000000;0.000000;0.000000
0.000000;0.000000;0.000000;0.000000;0.000000;0.000000;0.000000;0.000000
0.000000;0.000000;0.000000;0.000000;0.000000;0.000000;0.000000;0.000000
0.000000;0.000000;0.000000;0.000000;0.000000;0.000000;0.000000;0.000000
0.000000;0.000000;0.000000;0.000000;0.000000;0.000000;0.000000;0.000000
0.000000;0.000000;0.000000;0.000000;0.000000;0.000000;0.000000;0.000000
0.000000;0.000000;0.000000;0.000000;0.000000;0.000000;0.000000;0.000000
0.000000;0.000000;0.000000;0.000000;0.000000;0.000000;0.000000;0.000000
0.000000;0.000000;0.000000;0.000000;0.000000;0.000000;0.000000;0.000000
0.000000;0.000000;0.000000;0.000000;0.000000;0.000000;0.000000;0.000000
0.000000;0.000000;0.000000;0.000000;0.000000;0.000000;0.000000;0.000000
0.000000;0.000000;0.000000;0.000000;0.000000;0.000000;0.000000;0.000000
0.000000;0.000000;0.000000;0.000000;0.000000;0.000000;0.000000;0.000000
0.000000;0.000000;0.000000;0.000000;0.000000;0.000000;0.000000;0.000000
0.000000;0.000000;0.000000;0.000000;0.000000;0.000000;0.000000;0.000000
0.000000;0.000000;0.000000;0.000000;0.000000;0.000000;0.000000;0.000000
0.000000;0.000000;0.000000;0.000000;0.000000;0.000000;0.000000;0.000000
0.000000;0.000000;0.000000;0.000000;0.000000;0.000000;0.000000;0.000000
0.000000;0.000000;0.000000;0.000000;0.000000;0.000000;0.000000;0.000000
0.000000;0.000000;0.000000;0.000000;0.000000;0.000000;0.000000;0.000000
0.000000;0.000000;0.000000;0.000000;0.000000;0.000000;0.000000;0.000000
0.000000;0.000000;0.000000;0.000000;0.000000;0.000000;0.000000;0.000000
0.000000;0.000000;0.000000;0.000000;0.000000;0.000000;0.000000;0.000000
0.000000;0.000000;0.000000;0.000000;0.000000;0.000000;0.000000;0.000000
0.000000;0.000000;0.000000;0.000000;0.000000;0.000000;0.000000;0.000000
0.000000;0.000000;0.000000;0.000000;0.000000;0.000000;0.000000;0.000000
0.000000;0.000000;0.000000;0.000000;0.000000;0.000000;0.000000;0.000000
0.000000;0.000000;0.000000;0.000000;0.000000;0.000000;0.000000;0.000000
0.000000;0.000000;0.000000;0.000000;0.000000;0.000000;0.000000;0.000000
0.000000;0.000000;0.000000;0.000000;0.000000;0.000000;0.000000;0.000000
0.000000;0.000000;0.000000;0.000000;0.000000;0.000000;0.000000;0.000000
0.000000;0.000000;0.000000;0.000000;0.000000;0.000000;0.000000;0.000000
0.000000;0.000000;0.000000;0.000000;0.000000;0.000000;0.000000;0.000000
0.000000;0.000000;0.000000;0.000000;0.000000;0.000000;0.000000;0.000000
0.000000;0.000000;0.000000;0.000000;0.000000;0.000000;0.000000;0.000000
0.000000;0.000000;0.000000;0.000000;0.000000;0.000000;0.000000;0.000000
0.000000;0.000000;0.000000;0.000000;0.000000;0.000000;0.000000;0.000000
0.000000;0.000000;0.000000;0.000000;0.000000;0.000000;0.000000;0.000000
0.000000;0.000000;0.000000;0.000000;0.000000;0.000000;0.000000;0.000000
0.000000;0.000000;0.000000;0.000000;0.000000;0.000000;0.000000;0.000000
0.000000;0.000000;0.000000;0.000000;0.000000;0.000000;0.000000;0.000000
0.000000;0.000000;0.000000;0.000000;0.000000;0.000000;0.000000;0.000000
0.000000;0.000000;0.000000;0.000000;0.000000;0.000000;0.000000;0.000000
0.000000;0.000000;0.000000;0.000000;0.000000;0.000000;0.000000;0.000000
0.000000;0.000000;0.000000;0.000000;0.000000;0.000000;0.000000;0.000000
0.000000;0.000000;0.000000;0.000000;0.000000;0.000000;0.000000;0.000000
0.000000;0.000000;0.000000;0.000000;0.000000;0.000000;0.000000;0.000000
0.000000;0.000000;0.000000;0.000000;0.000000;0.000000;0.000000;0.000000
0.000000;0.000000;0.000000;0.000000;0.000000;0.000000;0.000000;0.000000
0.000000;0.000000;0.000000;0.000000;0.000000;0.000000;0.000000;0.000000
0.000000;0.000000;0.000000;0.000000;0.000000;0.000000;0.000000;0.000000
0.000000;0.000000;0.000000;0.000000;0.000000;0.000000;0.000000;0.000000
0.000000;0.000000;0.000000;0.000000;0.000000;0.000000;0.000000;0.000000
0.000000;0.000000;0.000000;0.000000;0.000000;0.000000;0.000000;0.000000
0.000000;0.000000;0.000000;0.000000;0.000000;0.000000;0.000000;0.000000
0.000000;0.000000;0.000000;0.000000;0.000000;0.000000;0.000000;0.000000
0.000000;0.000000;0.000000;0.000000;0.000000;0.000000;0.000000;0.000000
0.000000;0.000000;0.000000;0.000000;0.000000;0.000000;0.000000;0.000000
0.000000;0.000000;0.000000;0.000000;0.000000;0.000000;0.000000;0.000000
0.000000;0.000000;0.000000;0.000000;0.000000;0.000000;0.000000;0.000000
0.000000;0.000000;0.000000;0.000000;0.000000;0.000000;0.000000;0.000000
0.000000;0.000000;0.000000;0.000000;0.000000;0.000000;0.000000;0.000000
0.000000;0.000000;0.000000;0.000000;0.000000;0.000000;0.000000;0.000000
0.000000;0.000000;0.000000;0.000000;0.000000;0.000000;0.000000;0.000000
0.000000;0.000000;0.000000;0.000000;0.000000;0.000000;0.000000;0.000000
0.000000;0.000000;0.000000;0.000000;0.000000;0.000000;0.000000;0.000000
0.000000;0.000000;0.000000;0.000000;0.000000;0.000000;0.000000;0.000000
0.000000;0.000000;0.000000;0.000000;0.000000;0.000000;0.000000;0.000000
0.000000;0.000000;0.000000;0.000000;0.000000;0.000000;0.000000;0.000000
0.000000;0.000000;0.000000;0.000000;0.000000;0.000000;0.000000;0.000000
0.000000;0.000000;0.000000;0.000000;0.000000;0.000000;0.000000;0.000000
0.000000;0.000000;0.000000;0.000000;0.000000;0.000000;0.000000;0.000000
0.000000;0.000000;0.000000;0.000000;0.000000;0.000000;0.000000;0.000000
0.000000;0.000000;0.000000;0.000000;0.000000;0.000000;0.000000;0.000000
0.000000;0.000000;0.000000;0.000000;0.000000;0.000000;0.000000;0.000000
0.000000;0.000000;0.000000;0.000000;0.000000;0.000000;0.000000;0.000000
0.000000;0.000000;0.000000;0.000000;0.000000;0.000000;0.000000;0.000000
0.000000;0.000000;0.000000;0.000000;0.000000;0.000000;0.000000;0.000000
0.000000;0.000000;0.000000;0.000000;0.000000;0.000000;0.000000;0.000000
0.000000;0.000000;0.000000;0.000000;0.000000;0.000000;0.000000;0.000000
0.000000;0.000000;0.000000;0.000000;0.000000;0.000000;0.000000;0.000000
0.000000;0.000000;0.000000;0.000000;0.000000;0.000000;0.000000;0.000000
0.000000;0.000000;0.000000;0.000000;0.000000;0.000000;0.000000;0.000000
0.000000;0.000000;0.000000;0.000000;0.000000;0.000000;0.000000;0.000000
0.000000;0.000000;0.000000;0.000000;0.000000;0.000000;0.000000;0.000000
0.000000;0.000000;0.000000;0.000000;0.000000;0.000000;0.000000;0.000000
0.000000;0.000000;0.000000;0.000000;0.000000;0.000000;0.000000;0.000000
0.000000;0.000000;0.000000;0.000000;0.000000;0.000000;0.000000;0.000000
0.000000;0.000000;0.000000;0.000000;0.000000;0.000000;0.000000;0.000000
0.000000;0.000000;0.000000;0.000000;0.000000;0.000000;0.000000;0.000000
0.000000;0.000000;0.000000;0.000000;0.000000;0.000000;0.000000;0.000000
0.000000;0.000000;0.000000;0.000000;0.000000;0.000000;0.000000;0.000000
0.000000;0.000000;0.000000;0.000000;0.000000;0.000000;0.000000;0.000000
0.000000;0.000000;0.000000;0.000000;0.000000;0.000000;0.000000;0.000000
0.000000;0.000000;0.000000;0.000000;0.000000;0.000000;0.000000;0.000000
0.000000;0.000000;0.000000;0.000000;0.000000;0.000000;0.000000;0.000000
0.000000;0.000000;0.000000;0.000000;0.000000;0.000000;0.000000;0.000000
0.000000;0.000000;0.000000;0.000000;0.000000;0.000000;0.000000;0.000000
0.000000;0.000000;0.000000;0.000000;0.000000;0.000000;0.000000;0.000000
0.000000;0.000000;0.000000;0.000000;0.000000;0.000000;0.000000;0.000000
0.000000;0.000000;0.000000;0.000000;0.000000;0.000000;0.000000;0.000000
0.000000;0.000000;0.000000;0.000000;0.000000;0.000000;0.000000;0.000000
0.000000;0.000000;0.000000;0.000000;0.000000;0.000000;0.000000;0.000000
0.000000;0.000000;0.000000;0.000000;0.000000;0.000000;0.000000;0.000000
0.000000;0.000000;0.000000;0.000000;0.000000;0.000000;0.000000;0.000000
0.000000;0.000000;0.000000;0.000000;0.000000;0.000000;0.000000;0.000000
0.000000;0.000000;0.000000;0.000000;0.000000;0.000000;0.000000;0.000000
0.000000;0.000000;0.000000;0.000000;0.000000;0.000000;0.000000;0.000000
0.000000;0.000000;0.000000;0.000000;0.000000;0.000000;0.000000;0.000000
0.000000;0.000000;0.000000;0.000000;0.000000;0.000000;0.000000;0.000000
0.000000;0.000000;0.000000;0.000000;0.000000;0.000000;0.000000;0.000000
0.000000;0.000000;0.000000;0.000000;0.000000;0.000000;0.000000;0.000000
0.000000;0.000000;0.000000;0.000000;0.000000;0.000000;0.000000;0.000000
0.000000;0.000000;0.000000;0.000000;0.000000;0.000000;0.000000;0.000000
0.000000;0.000000;0.000000;0.000000;0.000000;0.000000;0.000000;0.000000
0.000000;0.000000;0.000000;0.000000;0.000000;0.000000;0.000000;0.000000
0.000000;0.000000;0.000000;0.000000;0.000000;0.000000;0.000000;0.000000
0.000000;0.000000;0.000000;0.000000;0.000000;0.000000;0.000000;0.000000
0.000000;0.000000;0.000000;0.000000;0.000000;0.000000;0.000000;0.000000
0.000000;0.000000;0.000000;0.000000;0.000000;0.000000;0.000000;0.000000
0.000000;0.000000;0.000000;0.000000;0.000000;0.000000;0.000000;0.000000
0.000000;0.000000;0.000000;0.000000;0.000000;0.000000;0.000000;0.000000
0.000000;0.000000;0.000000;0.000000;0.000000;0.000000;0.000000;0.000000
0.000000;0.000000;0.000000;0.000000;0.000000;0.000000;0.000000;0.000000
0.000000;0.000000;0.000000;0.000000;0.000000;0.000000;0.000000;0.000000
0.000000;0.000000;0.000000;0.000000;0.000000;0.000000;0.000000;0.000000
0.000000;0.000000;0.000000;0.000000;0.000000;0.000000;0.000000;0.000000
0.000000;0.000000;0.000000;0.000000;0.000000;0.000000;0.000000;0.000000
0.000000;0.000000;0.000000;0.000000;0.000000;0.000000;0.000000;0.000000
0.000000;0.000000;0.000000;0.000000;0.000000;0.000000;0.000000;0.000000
0.000000;0.000000;0.000000;0.000000;0.000000;0.000000;0.000000;0.000000
0.000000;0.000000;0.000000;0.000000;0.000000;0.000000;0.000000;0.000000
0.000000;0.000000;0.000000;0.000000;0.000000;0.000000;0.000000;0.000000
0.000000;0.000000;0.000000;0.000000;0.000000;0.000000;0.000000;0.000000
0.000000;0.000000;0.000000;0.000000;0.000000;0.000000;0.000000;0.000000
0.000000;0.000000;0.000000;0.000000;0.000000;0.000000;0.000000;0.000000
0.000000;0.000000;0.000000;0.000000;0.000000;0.000000;0.000000;0.000000
0.000000;0.000000;0.000000;0.000000;0.000000;0.000000;0.000000;0.000000
0.000000;0.000000;0.000000;0.000000;0.000000;0.000000;0.000000;0.000000
0.000000;0.000000;0.000000;0.000000;0.000000;0.000000;0.000000;0.000000
0.000000;0.000000;0.000000;0.000000;0.000000;0.000000;0.000000;0.000000
0.000000;0.000000;0.000000;0.000000;0.000000;0.000000;0.000000;0.000000
0.000000;0.000000;0.000000;0.000000;0.000000;0.000000;0.000000;0.000000
0.000000;0.000000;0.000000;0.000000;0.000000;0.000000;0.000000;0.000000
0.000000;0.000000;0.000000;0.000000;0.000000;0.000000;0.000000;0.000000
0.000000;0.000000;0.000000;0.000000;0.000000;0.000000;0.000000;0.000000
0.000000;0.000000;0.000000;0.000000;0.000000;0.000000;0.000000;0.000000
0.000000;0.000000;0.000000;0.000000;0.000000;0.000000;0.000000;0.000000
0.000000;0.000000;0.000000;0.000000;0.000000;0.000000;0.000000;0.000000
0.000000;0.000000;0.000000;0.000000;0.000000;0.000000;0.000000;0.000000
0.000000;0.000000;0.000000;0.000000;0.000000;0.000000;0.000000;0.000000
0.000000;0.000000;0.000000;0.000000;0.000000;0.000000;0.000000;0.000000
0.000000;0.000000;0.000000;0.000000;0.000000;0.000000;0.000000;0.000000
0.000000;0.000000;0.000000;0.000000;0.000000;0.000000;0.000000;0.000000
0.000000;0.000000;0.000000;0.000000;0.000000;0.000000;0.000000;0.000000
0.000000;0.000000;0.000000;0.000000;0.000000;0.000000;0.000000;0.000000
0.000000;0.000000;0.000000;0.000000;0.000000;0.000000;0.000000;0.000000
0.000000;0.000000;0.000000;0.000000;0.000000;0.000000;0.000000;0.000000
0.000000;0.000000;0.000000;0.000000;0.000000;0.000000;0.000000;0.000000
0.000000;0.000000;0.000000;0.000000;0.000000;0.000000;0.000000;0.000000
0.000000;0.000000;0.000000;0.000000;0.000000;0.000000;0.000000;0.000000
0.000000;0.000000;0.000000;0.000000;0.000000;0.000000;0.000000;0.000000
0.000000;0.000000;0.000000;0.000000;0.000000;0.000000;0.000000;0.000000
0.000000;0.000000;0.000000;0.000000;0.000000;0.000000;0.000000;0.000000
0.000000;0.000000;0.000000;0.000000;0.000000;0.000000;0.000000;0.000000
0.000000;0.000000;0.000000;0.000000;0.000000;0.000000;0.000000;0.000000
0.000000;0.000000;0.000000;0.000000;0.000000;0.000000;0.000000;0.000000
0.000000;0.000000;0.000000;0.000000;0.000000;0.000000;0.000000;0.000000
0.000000;0.000000;0.000000;0.000000;0.000000;0.000000;0.000000;0.000000
0.000000;0.000000;0.000000;0.000000;0.000000;0.000000;0.000000;0.000000
0.000000;0.000000;0.000000;0.000000;0.000000;0.000000;0.000000;0.000000
0.000000;0.000000;0.000000;0.000000;0.000000;0.000000;0.000000;0.000000
0.000000;0.000000;0.000000;0.000000;0.000000;0.000000;0.000000;0.000000
0.000000;0.000000;0.000000;0.000000;0.000000;0.000000;0.000000;0.000000
0.000000;0.000000;0.000000;0.000000;0.000000;0.000000;0.000000;0.000000
0.000000;0.000000;0.000000;0.000000;0.000000;0.000000;0.000000;0.000000
0.000000;0.000000;0.000000;0.000000;0.000000;0.000000;0.000000;0.000000
0.000000;0.000000;0.000000;0.000000;0.000000;0.000000;0.000000;0.000000
0.000000;0.000000;0.000000;0.000000;0.000000;0.000000;0.000000;0.000000
0.000000;0.000000;0.000000;0.000000;0.000000;0.000000;0.000000;0.000000
0.000000;0.000000;0.000000;0.000000;0.000000;0.000000;0.000000;0.000000
0.000000;0.000000;0.000000;0.000000;0.000000;0.000000;0.000000;0.000000
0.000000;0.000000;0.000000;0.000000;0.000000;0.000000;0.000000;0.000000
0.000000;0.000000;0.000000;0.000000;0.000000;0.000000;0.000000;0.000000
0.000000;0.000000;0.000000;0.000000;0.000000;0.000000;0.000000;0.000000
0.000000;0.000000;0.000000;0.000000;0.000000;0.000000;0.000000;0.000000
0.000000;0.000000;0.000000;0.000000;0.000000;0.000000;0.000000;0.000000
0.000000;0.000000;0.000000;0.000000;0.000000;0.000000;0.000000;0.000000
0.000000;0.000000;0.000000;0.000000;0.000000;0.000000;0.000000;0.000000
0.000000;0.000000;0.000000;0.000000;0.000000;0.000000;0.000000;0.000000
0.000000;0.000000;0.000000;0.000000;0.000000;0.000000;0.000000;0.000000
0.000000;0.000000;0.000000;0.000000;0.000000;0.000000;0.000000;0.000000
0.000000;0.000000;0.000000;0.000000;0.000000;0.000000;0.000000;0.000000
0.000000;0.000000;0.000000;0.000000;0.000000;0.000000;0.000000;0.000000
0.000000;0.000000;0.000000;0.000000;0.000000;0.000000;0.000000;0.000000
0.000000;0.000000;0.000000;0.000000;0.000000;0.000000;0.000000;0.000000
0.000000;0.000000;0.000000;0.000000;0.000000;0.000000;0.000000;0.000000
0.000000;0.000000;0.000000;0.000000;0.000000;0.000000;0.000000;0.000000
0.000000;0.000000;0.000000;0.000000;0.000000;0.000000;0.000000;0.000000
0.000000;0.000000;0.000000;0.000000;0.000000;0.000000;0.000000;0.000000
0.000000;0.000000;0.000000;0.000000;0.000000;0.000000;0.000000;0.000000
0.000000;0.000000;0.000000;0.000000;0.000000;0.000000;0.000000;0.000000
0.000000;0.000000;0.000000;0.000000;0.000000;0.000000;0.000000;0.000000
0.000000;0.000000;0.000000;0.000000;0.000000;0.000000;0.000000;0.000000
0.000000;0.000000;0.000000;0.000000;0.000000;0.000000;0.000000;0.000000
0.000000;0.000000;0.000000;0.000000;0.000000;0.000000;0.000000;0.000000
0.000000;0.000000;0.000000;0.000000;0.000000;0.000000;0.000000;0.000000
0.000000;0.000000;0.000000;0.000000;0.000000;0.000000;0.000000;0.000000
0.000000;0.000000;0.000000;0.000000;0.000000;0.000000;0.000000;0.000000
0.000000;0.000000;0.000000;0.000000;0.000000;0.000000;0.000000;0.000000
0.000000;0.000000;0.000000;0.000000;0.000000;0.000000;0.000000;0.000000
0.000000;0.000000;0.000000;0.000000;0.000000;0.000000;0.000000;0.000000
0.000000;0.000000;0.000000;0.000000;0.000000;0.000000;0.000000;0.000000
0.000000;0.000000;0.000000;0.000000;0.000000;0.000000;0.000000;0.000000
0.000000;0.000000;0.000000;0.000000;0.000000;0.000000;0.000000;0.000000
0.000000;0.000000;0.000000;0.000000;0.000000;0.000000;0.000000;0.000000
0.000000;0.000000;0.000000;0.000000;0.000000;0.000000;0.000000;0.000000
0.000000;0.000000;0.000000;0.000000;0.000000;0.000000;0.000000;0.000000
0.000000;0.000000;0.000000;0.000000;0.000000;0.000000;0.000000;0.000000
0.000000;0.000000;0.000000;0.000000;0.000000;0.000000;0.000000;0.000000
0.000000;0.000000;0.000000;0.000000;0.000000;0.000000;0.000000;0.000000
0.000000;0.000000;0.000000;0.000000;0.000000;0.000000;0.000000;0.000000
0.000000;0.000000;0.000000;0.000000;0.000000;0.000000;0.000000;0.000000
0.000000;0.000000;0.000000;0.000000;0.000000;0.000000;0.000000;0.000000
0.000000;0.000000;0.000000;0.000000;0.000000;0.000000;0.000000;0.000000
0.000000;0.000000;0.000000;0.000000;0.000000;0.000000;0.000000;0.000000
0.000000;0.000000;0.000000;0.000000;0.000000;0.000000;0.000000;0.000000
0.000000;0.000000;0.000000;0.000000;0.000000;0.000000;0.000000;0.000000
0.000000;0.000000;0.000000;0.000000;0.000000;0.000000;0.000000;0.000000
0.000000;0.000000;0.000000;0.000000;0.000000;0.000000;0.000000;0.000000
0.000000;0.000000;0.000000;0.000000;0.000000;0.000000;0.000000;0.000000
0.000000;0.000000;0.000000;0.000000;0.000000;0.000000;0.000000;0.000000
0.000000;0.000000;0.000000;0.000000;0.000000;0.000000;0.000000;0.000000
0.000000;0.000000;0.000000;0.000000;0.000000;0.000000;0.000000;0.000000
0.000000;0.000000;0.000000;0.000000;0.000000;0.000000;0.000000;0.000000
0.000000;0.000000;0.000000;0.000000;0.000000;0.000000;0.000000;0.000000
0.000000;0.000000;0.000000;0.000000;0.000000;0.000000;0.000000;0.000000
0.000000;0.000000;0.000000;0.000000;0.000000;0.000000;0.000000;0.000000
0.000000;0.000000;0.000000;0.000000;0.000000;0.000000;0.000000;0.000000
0.000000;0.000000;0.000000;0.000000;0.000000;0.000000;0.000000;0.000000
0.000000;0.000000;0.000000;0.000000;0.000000;0.000000;0.000000;0.000000
0.000000;0.000000;0.000000;0.000000;0.000000;0.000000;0.000000;0.000000
0.000000;0.000000;0.000000;0.000000;0.000000;0.000000;0.000000;0.000000
0.000000;0.000000;0.000000;0.000000;0.000000;0.000000;0.000000;0.000000
0.000000;0.000000;0.000000;0.000000;0.000000;0.000000;0.000000;0.000000
0.000000;0.000000;0.000000;0.000000;0.000000;0.000000;0.000000;0.000000
0.000000;0.000000;0.000000;0.000000;0.000000;0.000000;0.000000;0.000000
0.000000;0.000000;0.000000;0.000000;0.000000;0.000000;0.000000;0.000000
0.000000;0.000000;0.000000;0.000000;0.000000;0.000000;0.000000;0.000000
0.000000;0.000000;0.000000;0.000000;0.000000;0.000000;0.000000;0.000000
0.000000;0.000000;0.000000;0.000000;0.000000;0.000000;0.000000;0.000000
0.000000;0.000000;0.000000;0.000000;0.000000;0.000000;0.000000;0.000000
0.000000;0.000000;0.000000;0.000000;0.000000;0.000000;0.000000;0.000000
0.000000;0.000000;0.000000;0.000000;0.000000;0.000000;0.000000;0.000000
0.000000;0.000000;0.000000;0.000000;0.000000;0.000000;0.000000;0.000000
0.000000;0.000000;0.000000;0.000000;0.000000;0.000000;0.000000;0.000000
0.000000;0.000000;0.000000;0.000000;0.000000;0.000000;0.000000;0.000000
0.000000;0.000000;0.000000;0.000000;0.000000;0.000000;0.000000;0.000000
0.000000;0.000000;0.000000;0.000000;0.000000;0.000000;0.000000;0.000000
0.000000;0.000000;0.000000;0.000000;0.000000;0.000000;0.000000;0.000000
0.000000;0.000000;0.000000;0.000000;0.000000;0.000000;0.000000;0.000000
0.000000;0.000000;0.000000;0.000000;0.000000;0.000000;0.000000;0.000000
0.000000;0.000000;0.000000;0.000000;0.000000;0.000000;0.000000;0.000000
0.000000;0.000000;0.000000;0.000000;0.000000;0.000000;0.000000;0.000000
0.000000;0.000000;0.000000;0.000000;0.000000;0.000000;0.000000;0.000000
0.000000;0.000000;0.000000;0.000000;0.000000;0.000000;0.000000;0.000000
0.000000;0.000000;0.000000;0.000000;0.000000;0.000000;0.000000;0.000000
0.000000;0.000000;0.000000;0.000000;0.000000;0.000000;0.000000;0.000000
0.000000;0.000000;0.000000;0.000000;0.000000;0.000000;0.000000;0.000000
0.000000;0.000000;0.000000;0.000000;0.000000;0.000000;0.000000;0.000000
0.000000;0.000000;0.000000;0.000000;0.000000;0.000000;0.000000;0.000000
0.000000;0.000000;0.000000;0.000000;0.000000;0.000000;0.000000;0.000000
0.000000;0.000000;0.000000;0.000000;0.000000;0.000000;0.000000;0.000000
0.000000;0.000000;0.000000;0.000000;0.000000;0.000000;0.000000;0.000000
0.000000;0.000000;0.000000;0.000000;0.000000;0.000000;0.000000;0.000000
0.000000;0.000000;0.000000;0.000000;0.000000;0.000000;0.000000;0.000000
0.000000;0.000000;0.000000;0.000000;0.000000;0.000000;0.000000;0.000000
0.000000;0.000000;0.000000;0.000000;0.000000;0.000000;0.000000;0.000000
0.000000;0.000000;0.000000;0.000000;0.000000;0.000000;0.000000;0.000000
0.000000;0.000000;0.000000;0.000000;0.000000;0.000000;0.000000;0.000000
0.000000;0.000000;0.000000;0.000000;0.000000;0.000000;0.000000;0.000000
0.000000;0.000000;0.000000;0.000000;0.000000;0.000000;0.000000;0.000000
0.000000;0.000000;0.000000;0.000000;0.000000;0.000000;0.000000;0.000000
0.000000;0.000000;0.000000;0.000000;0.000000;0.000000;0.000000;0.000000
0.000000;0.000000;0.000000;0.000000;0.000000;0.000000;0.000000;0.000000
0.000000;0.000000;0.000000;0.000000;0.000000;0.000000;0.000000;0.000000
0.000000;0.000000;0.000000;0.000000;0.000000;0.000000;0.000000;0.000000
0.000000;0.000000;0.000000;0.000000;0.000000;0.000000;0.000000;0.000000
0.000000;0.000000;0.000000;0.000000;0.000000;0.000000;0.000000;0.000000
0.000000;0.000000;0.000000;0.000000;0.000000;0.000000;0.000000;0.000000
0.000000;0.000000;0.000000;0.000000;0.000000;0.000000;0.000000;0.000000
0.000000;0.000000;0.000000;0.000000;0.000000;0.000000;0.000000;0.000000
0.000000;0.000000;0.000000;0.000000;0.000000;0.000000;0.000000;0.000000
0.000000;0.000000;0.000000;0.000000;0.000000;0.000000;0.000000;0.000000
0.000000;0.000000;0.000000;0.000000;0.000000;0.000000;0.000000;0.000000
0.000000;0.000000;0.000000;0.000000;0.000000;0.000000;0.000000;0.000000
0.000000;0.000000;0.000000;0.000000;0.000000;0.000000;0.000000;0.000000
0.000000;0.000000;0.000000;0.000000;0.000000;0.000000;0.000000;0.000000
0.000000;0.000000;0.000000;0.000000;0.000000;0.000000;0.000000;0.000000
0.000000;0.000000;0.000000;0.000000;0.000000;0.000000;0.000000;0.000000
0.000000;0.000000;0.000000;0.000000;0.000000;0.000000;0.000000;0.000000
0.000000;0.000000;0.000000;0.000000;0.000000;0.000000;0.000000;0.000000
0.000000;0.000000;0.000000;0.000000;0.000000;0.000000;0.000000;0.000000
0.000000;0.000000;0.000000;0.000000;0.000000;0.000000;0.000000;0.000000
0.000000;0.000000;0.000000;0.000000;0.000000;0.000000;0.000000;0.000000
0.000000;0.000000;0.000000;0.000000;0.000000;0.000000;0.000000;0.000000
0.000000;0.000000;0.000000;0.000000;0.000000;0.000000;0.000000;0.000000
0.000000;0.000000;0.000000;0.000000;0.000000;0.000000;0.000000;0.000000
0.000000;0.000000;0.000000;0.000000;0.000000;0.000000;0.000000;0.000000
0.000000;0.000000;0.000000;0.000000;0.000000;0.000000;0.000000;0.000000
0.000000;0.000000;0.000000;0.000000;0.000000;0.000000;0.000000;0.000000
0.000000;0.000000;0.000000;0.000000;0.000000;0.000000;0.000000;0.000000
0.000000;0.000000;0.000000;0.000000;0.000000;0.000000;0.000000;0.000000
0.000000;0.000000;0.000000;0.000000;0.000000;0.000000;0.000000;0.000000
0.000000;0.000000;0.000000;0.000000;0.000000;0.000000;0.000000;0.000000
0.000000;0.000000;0.000000;0.000000;0.000000;0.000000;0.000000;0.000000
0.000000;0.000000;0.000000;0.000000;0.000000;0.000000;0.000000;0.000000
0.000000;0.000000;0.000000;0.000000;0.000000;0.000000;0.000000;0.000000
0.000000;0.000000;0.000000;0.000000;0.000000;0.000000;0.000000;0.000000
0.000000;0.000000;0.000000;0.000000;0.000000;0.000000;0.000000;0.000000
0.000000;0.000000;0.000000;0.000000;0.000000;0.000000;0.000000;0.000000
0.000000;0.000000;0.000000;0.000000;0.000000;0.000000;0.000000;0.000000
0.000000;0.000000;0.000000;0.000000;0.000000;0.000000;0.000000;0.000000
0.000000;0.000000;0.000000;0.000000;0.000000;0.000000;0.000000;0.000000
0.000000;0.000000;0.000000;0.000000;0.000000;0.000000;0.000000;0.000000
0.000000;0.000000;0.000000;0.000000;0.000000;0.000000;0.000000;0.000000
0.000000;0.000000;0.000000;0.000000;0.000000;0.000000;0.000000;0.000000
0.000000;0.000000;0.000000;0.000000;0.000000;0.000000;0.000000;0.000000
0.000000;0.000000;0.000000;0.000000;0.000000;0.000000;0.000000;0.000000
0.000000;0.000000;0.000000;0.000000;0.000000;0.000000;0.000000;0.000000
0.000000;0.000000;0.000000;0.000000;0.000000;0.000000;0.000000;0.000000
0.000000;0.000000;0.000000;0.000000;0.000000;0.000000;0.000000;0.000000
0.000000;0.000000;0.000000;0.000000;0.000000;0.000000;0.000000;0.000000
0.000000;0.000000;0.000000;0.000000;0.000000;0.000000;0.000000;0.000000
0.000000;0.000000;0.000000;0.000000;0.000000;0.000000;0.000000;0.000000
0.000000;0.000000;0.000000;0.000000;0.000000;0.000000;0.000000;0.000000
0.000000;0.000000;0.000000;0.000000;0.000000;0.000000;0.000000;0.000000
0.000000;0.000000;0.000000;0.000000;0.000000;0.000000;0.000000;0.000000
0.000000;0.000000;0.000000;0.000000;0.000000;0.000000;0.000000;0.000000
0.000000;0.000000;0.000000;0.000000;0.000000;0.000000;0.000000;0.000000
0.000000;0.000000;0.000000;0.000000;0.000000;0.000000;0.000000;0.000000
0.000000;0.000000;0.000000;0.000000;0.000000;0.000000;0.000000;0.000000
0.000000;0.000000;0.000000;0.000000;0.000000;0.000000;0.000000;0.000000
0.000000;0.000000;0.000000;0.000000;0.000000;0.000000;0.000000;0.000000
0.000000;0.000000;0.000000;0.000000;0.000000;0.000000;0.000000;0.000000
0.000000;0.000000;0.000000;0.000000;0.000000;0.000000;0.000000;0.000000
0.000000;0.000000;0.000000;0.000000;0.000000;0.000000;0.000000;0.000000
0.000000;0.000000;0.000000;0.000000;0.000000;0.000000;0.000000;0.000000
0.000000;0.000000;0.000000;0.000000;0.000000;0.000000;0.000000;0.000000
0.000000;0.000000;0.000000;0.000000;0.000000;0.000000;0.000000;0.000000
0.000000;0.000000;0.000000;0.000000;0.000000;0.000000;0.000000;0.000000
0.000000;0.000000;0.000000;0.000000;0.000000;0.000000;0.000000;0.000000
0.000000;0.000000;0.000000;0.000000;0.000000;0.000000;0.000000;0.000000
0.000000;0.000000;0.000000;0.000000;0.000000;0.000000;0.000000;0.000000
0.000000;0.000000;0.000000;0.000000;0.000000;0.000000;0.000000;0.000000
0.000000;0.000000;0.000000;0.000000;0.000000;0.000000;0.000000;0.000000
0.000000;0.000000;0.000000;0.000000;0.000000;0.000000;0.000000;0.000000
0.000000;0.000000;0.000000;0.000000;0.000000;0.000000;0.000000;0.000000
0.000000;0.000000;0.000000;0.000000;0.000000;0.000000;0.000000;0.000000
0.000000;0.000000;0.000000;0.000000;0.000000;0.000000;0.000000;0.000000
0.000000;0.000000;0.000000;0.000000;0.000000;0.000000;0.000000;0.000000
0.000000;0.000000;0.000000;0.000000;0.000000;0.000000;0.000000;0.000000
0.000000;0.000000;0.000000;0.000000;0.000000;0.000000;0.000000;0.000000
0.000000;0.000000;0.000000;0.000000;0.000000;0.000000;0.000000;0.000000
0.000000;0.000000;0.000000;0.000000;0.000000;0.000000;0.000000;0.000000
0.000000;0.000000;0.000000;0.000000;0.000000;0.000000;0.000000;0.000000
0.000000;0.000000;0.000000;0.000000;0.000000;0.000000;0.000000;0.000000
0.000000;0.000000;0.000000;0.000000;0.000000;0.000000;0.000000;0.000000
0.000000;0.000000;0.000000;0.000000;0.000000;0.000000;0.000000;0.000000
0.000000;0.000000;0.000000;0.000000;0.000000;0.000000;0.000000;0.000000
0.000000;0.000000;0.000000;0.000000;0.000000;0.000000;0.000000;0.000000
0.000000;0.000000;0.000000;0.000000;0.000000;0.000000;0.000000;0.000000
0.000000;0.000000;0.000000;0.000000;0.000000;0.000000;0.000000;0.000000
0.000000;0.000000;0.000000;0.000000;0.000000;0.000000;0.000000;0.000000
0.000000;0.000000;0.000000;0.000000;0.000000;0.000000;0.000000;0.000000
0.000000;0.000000;0.000000;0.000000;0.000000;0.000000;0.000000;0.000000
0.000000;0.000000;0.000000;0.000000;0.000000;0.000000;0.000000;0.000000
0.000000;0.000000;0.000000;0.000000;0.000000;0.000000;0.000000;0.000000
0.000000;0.000000;0.000000;0.000000;0.000000;0.000000;0.000000;0.000000
0.000000;0.000000;0.000000;0.000000;0.000000;0.000000;0.000000;0.000000
0.000000;0.000000;0.000000;0.000000;0.000000;0.000000;0.000000;0.000000
0.000000;0.000000;0.000000;0.000000;0.000000;0.000000;0.000000;0.000000
0.000000;0.000000;0.000000;0.000000;0.000000;0.000000;0.000000;0.000000
0.000000;0.000000;0.000000;0.000000;0.000000;0.000000;0.000000;0.000000
0.000000;0.000000;0.000000;0.000000;0.000000;0.000000;0.000000;0.000000
0.000000;0.000000;0.000000;0.000000;0.000000;0.000000;0.000000;0.000000
0.000000;0.000000;0.000000;0.000000;0.000000;0.000000;0.000000;0.000000
0.000000;0.000000;0.000000;0.000000;0.000000;0.000000;0.000000;0.000000
0.000000;0.000000;0.000000;0.000000;0.000000;0.000000;0.000000;0.000000
0.000000;0.000000;0.000000;0.000000;0.000000;0.000000;0.000000;0.000000
0.000000;0.000000;0.000000;0.000000;0.000000;0.000000;0.000000;0.000000
0.000000;0.000000;0.000000;0.000000;0.000000;0.000000;0.000000;0.000000
0.000000;0.000000;0.000000;0.000000;0.000000;0.000000;0.000000;0.000000
0.000000;0.000000;0.000000;0.000000;0.000000;0.000000;0.000000;0.000000
0.000000;0.000000;0.000000;0.000000;0.000000;0.000000;0.000000;0.000000
0.000000;0.000000;0.000000;0.000000;0.000000;0.000000;0.000000;0.000000
0.000000;0.000000;0.000000;0.000000;0.000000;0.000000;0.000000;0.000000
0.000000;0.000000;0.000000;0.000000;0.000000;0.000000;0.000000;0.000000
0.000000;0.000000;0.000000;0.000000;0.000000;0.000000;0.000000;0.000000
0.000000;0.000000;0.000000;0.000000;0.000000;0.000000;0.000000;0.000000
0.000000;0.000000;0.000000;0.000000;0.000000;0.000000;0.000000;0.000000
0.000000;0.000000;0.000000;0.000000;0.000000;0.000000;0.000000;0.000000
0.000000;0.000000;0.000000;0.000000;0.000000;0.000000;0.000000;0.000000
0.000000;0.000000;0.000000;0.000000;0.000000;0.000000;0.000000;0.000000
0.000000;0.000000;0.000000;0.000000;0.000000;0.000000;0.000000;0.000000
0.000000;0.000000;0.000000;0.000000;0.000000;0.000000;0.000000;0.000000
0.000000;0.000000;0.000000;0.000000;0.000000;0.000000;0.000000;0.000000
0.000000;0.000000;0.000000;0.000000;0.000000;0.000000;0.000000;0.000000
0.000000;0.000000;0.000000;0.000000;0.000000;0.000000;0.000000;0.000000
0.000000;0.000000;0.000000;0.000000;0.000000;0.000000;0.000000;0.000000
0.000000;0.000000;0.000000;0.000000;0.000000;0.000000;0.000000;0.000000
0.000000;0.000000;0.000000;0.000000;0.000000;0.000000;0.000000;0.000000
0.000000;0.000000;0.000000;0.000000;0.000000;0.000000;0.000000;0.000000
0.000000;0.000000;0.000000;0.000000;0.000000;0.000000;0.000000;0.000000
0.000000;0.000000;0.000000;0.000000;0.000000;0.000000;0.000000;0.000000
0.000000;0.000000;0.000000;0.000000;0.000000;0.000000;0.000000;0.000000
0.000000;0.000000;0.000000;0.000000;0.000000;0.000000;0.000000;0.000000
0.000000;0.000000;0.000000;0.000000;0.000000;0.000000;0.000000;0.000000
0.000000;0.000000;0.000000;0.000000;0.000000;0.000000;0.000000;0.000000
0.000000;0.000000;0.000000;0.000000;0.000000;0.000000;0.000000;0.000000
0.000000;0.000000;0.000000;0.000000;0.000000;0.000000;0.000000;0.000000
0.000000;0.000000;0.000000;0.000000;0.000000;0.000000;0.000000;0.000000
0.000000;0.000000;0.000000;0.000000;0.000000;0.000000;0.000000;0.000000
0.000000;0.000000;0.000000;0.000000;0.000000;0.000000;0.000000;0.000000
0.000000;0.000000;0.000000;0.000000;0.000000;0.000000;0.000000;0.000000
0.000000;0.000000;0.000000;0.000000;0.000000;0.000000;0.000000;0.000000
0.000000;0.000000;0.000000;0.000000;0.000000;0.000000;0.000000;0.000000
0.000000;0.000000;0.000000;0.000000;0.000000;0.000000;0.000000;0.000000
0.000000;0.000000;0.000000;0.000000;0.000000;0.000000;0.000000;0.000000
0.000000;0.000000;0.000000;0.000000;0.000000;0.000000;0.000000;0.000000
0.000000;0.000000;0.000000;0.000000;0.000000;0.000000;0.000000;0.000000
0.000000;0.000000;0.000000;0.000000;0.000000;0.000000;0.000000;0.000000
0.000000;0.000000;0.000000;0.000000;0.000000;0.000000;0.000000;0.000000
0.000000;0.000000;0.000000;0.000000;0.000000;0.000000;0.000000;0.000000
0.000000;0.000000;0.000000;0.000000;0.000000;0.000000;0.000000;0.000000
0.000000;0.000000;0.000000;0.000000;0.000000;0.000000;0.000000;0.000000
0.000000;0.000000;0.000000;0.000000;0.000000;0.000000;0.000000;0.000000
0.000000;0.000000;0.000000;0.000000;0.000000;0.000000;0.000000;0.000000
0.000000;0.000000;0.000000;0.000000;0.000000;0.000000;0.000000;0.000000
0.000000;0.000000;0.000000;0.000000;0.000000;0.000000;0.000000;0.000000
0.000000;0.000000;0.000000;0.000000;0.000000;0.000000;0.000000;0.000000
0.000000;0.000000;0.000000;0.000000;0.000000;0.000000;0.000000;0.000000
0.000000;0.000000;0.000000;0.000000;0.000000;0.000000;0.000000;0.000000
0.000000;0.000000;0.000000;0.000000;0.000000;0.000000;0.000000;0.000000
0.000000;0.000000;0.000000;0.000000;0.000000;0.000000;0.000000;0.000000
0.000000;0.000000;0.000000;0.000000;0.000000;0.000000;0.000000;0.000000
0.000000;0.000000;0.000000;0.000000;0.000000;0.000000;0.000000;0.000000
0.000000;0.000000;0.000000;0.000000;0.000000;0.000000;0.000000;0.000000
0.000000;0.000000;0.000000;0.000000;0.000000;0.000000;0.000000;0.000000
0.000000;0.000000;0.000000;0.000000;0.000000;0.000000;0.000000;0.000000
0.000000;0.000000;0.000000;0.000000;0.000000;0.000000;0.000000;0.000000
0.000000;0.000000;0.000000;0.000000;0.000000;0.000000;0.000000;0.000000
0.000000;0.000000;0.000000;0.000000;0.000000;0.000000;0.000000;0.000000
0.000000;0.000000;0.000000;0.000000;0.000000;0.000000;0.000000;0.000000
0.000000;0.000000;0.000000;0.000000;0.000000;0.000000;0.000000;0.000000
0.000000;0.000000;0.000000;0.000000;0.000000;0.000000;0.000000;0.000000
0.000000;0.000000;0.000000;0.000000;0.000000;0.000000;0.000000;0.000000
0.000000;0.000000;0.000000;0.000000;0.000000;0.000000;0.000000;0.000000
0.000000;0.000000;0.000000;0.000000;0.000000;0.000000;0.000000;0.000000
0.000000;0.000000;0.000000;0.000000;0.000000;0.000000;0.000000;0.000000
0.000000;0.000000;0.000000;0.000000;0.000000;0.000000;0.000000;0.000000
0.000000;0.000000;0.000000;0.000000;0.000000;0.000000;0.000000;0.000000
0.000000;0.000000;0.000000;0.000000;0.000000;0.000000;0.000000;0.000000
0.000000;0.000000;0.000000;0.000000;0.000000;0.000000;0.000000;0.000000
0.000000;0.000000;0.000000;0.000000;0.000000;0.000000;0.000000;0.000000
0.000000;0.000000;0.000000;0.000000;0.000000;0.000000;0.000000;0.000000
0.000000;0.000000;0.000000;0.000000;0.000000;0.000000;0.000000;0.000000
0.000000;0.000000;0.000000;0.000000;0.000000;0.000000;0.000000;0.000000
0.000000;0.000000;0.000000;0.000000;0.000000;0.000000;0.000000;0.000000
0.000000;0.000000;0.000000;0.000000;0.000000;0.000000;0.000000;0.000000
0.000000;0.000000;0.000000;0.000000;0.000000;0.000000;0.000000;0.000000
0.000000;0.000000;0.000000;0.000000;0.000000;0.000000;0.000000;0.000000
0.000000;0.000000;0.000000;0.000000;0.000000;0.000000;0.000000;0.000000
0.000000;0.000000;0.000000;0.000000;0.000000;0.000000;0.000000;0.000000
0.000000;0.000000;0.000000;0.000000;0.000000;0.000000;0.000000;0.000000
0.000000;0.000000;0.000000;0.000000;0.000000;0.000000;0.000000;0.000000
0.000000;0.000000;0.000000;0.000000;0.000000;0.000000;0.000000;0.000000
0.000000;0.000000;0.000000;0.000000;0.000000;0.000000;0.000000;0.000000
0.000000;0.000000;0.000000;0.000000;0.000000;0.000000;0.000000;0.000000
0.000000;0.000000;0.000000;0.000000;0.000000;0.000000;0.000000;0.000000
0.000000;0.000000;0.000000;0.000000;0.000000;0.000000;0.000000;0.000000
0.000000;0.000000;0.000000;0.000000;0.000000;0.000000;0.000000;0.000000
0.000000;0.000000;0.000000;0.000000;0.000000;0.000000;0.000000;0.000000
0.000000;0.000000;0.000000;0.000000;0.000000;0.000000;0.000000;0.000000
0.000000;0.000000;0.000000;0.000000;0.000000;0.000000;0.000000;0.000000
0.000000;0.000000;0.000000;0.000000;0.000000;0.000000;0.000000;0.000000
0.000000;0.000000;0.000000;0.000000;0.000000;0.000000;0.000000;0.000000
0.000000;0.000000;0.000000;0.000000;0.000000;0.000000;0.000000;0.000000
0.000000;0.000000;0.000000;0.000000;0.000000;0.000000;0.000000;0.000000
0.000000;0.000000;0.000000;0.000000;0.000000;0.000000;0.000000;0.000000
0.000000;0.000000;0.000000;0.000000;0.000000;0.000000;0.000000;0.000000
0.000000;0.000000;0.000000;0.000000;0.000000;0.000000;0.000000;0.000000
0.000000;0.000000;0.000000;0.000000;0.000000;0.000000;0.000000;0.000000
0.000000;0.000000;0.000000;0.000000;0.000000;0.000000;0.000000;0.000000
0.000000;0.000000;0.000000;0.000000;0.000000;0.000000;0.000000;0.000000
0.000000;0.000000;0.000000;0.000000;0.000000;0.000000;0.000000;0.000000
0.000000;0.000000;0.000000;0.000000;0.000000;0.000000;0.000000;0.000000
0.000000;0.000000;0.000000;0.000000;0.000000;0.000000;0.000000;0.000000
0.000000;0.000000;0.000000;0.000000;0.000000;0.000000;0.000000;0.000000
0.000000;0.000000;0.000000;0.000000;0.000000;0.000000;0.000000;0.000000
0.000000;0.000000;0.000000;0.000000;0.000000;0.000000;0.000000;0.000000
0.000000;0.000000;0.000000;0.000000;0.000000;0.000000;0.000000;0.000000
0.000000;0.000000;0.000000;0.000000;0.000000;0.000000;0.000000;0.000000
0.000000;0.000000;0.000000;0.000000;0.000000;0.000000;0.000000;0.000000
0.000000;0.000000;0.000000;0.000000;0.000000;0.000000;0.000000;0.000000
0.000000;0.000000;0.000000;0.000000;0.000000;0.000000;0.000000;0.000000
0.000000;0.000000;0.000000;0.000000;0.000000;0.000000;0.000000;0.000000
0.000000;0.000000;0.000000;0.000000;0.000000;0.000000;0.000000;0.000000
0.000000;0.000000;0.000000;0.000000;0.000000;0.000000;0.000000;0.000000
0.000000;0.000000;0.000000;0.000000;0.000000;0.000000;0.000000;0.000000
0.000000;0.000000;0.000000;0.000000;0.000000;0.000000;0.000000;0.000000
0.000000;0.000000;0.000000;0.000000;0.000000;0.000000;0.000000;0.000000
0.000000;0.000000;0.000000;0.000000;0.000000;0.000000;0.000000;0.000000
0.000000;0.000000;0.000000;0.000000;0.000000;0.000000;0.000000;0.000000
0.000000;0.000000;0.000000;0.000000;0.000000;0.000000;0.000000;0.000000
0.000000;0.000000;0.000000;0.000000;0.000000;0.000000;0.000000;0.000000
0.000000;0.000000;0.000000;0.000000;0.000000;0.000000;0.000000;0.000000
0.000000;0.000000;0.000000;0.000000;0.000000;0.000000;0.000000;0.000000
0.000000;0.000000;0.000000;0.000000;0.000000;0.000000;0.000000;0.000000
0.000000;0.000000;0.000000;0.000000;0.000000;0.000000;0.000000;0.000000
0.000000;0.000000;0.000000;0.000000;0.000000;0.000000;0.000000;0.000000
0.000000;0.000000;0.000000;0.000000;0.000000;0.000000;0.000000;0.000000
0.000000;0.000000;0.000000;0.000000;0.000000;0.000000;0.000000;0.000000
0.000000;0.000000;0.000000;0.000000;0.000000;0.000000;0.000000;0.000000
0.000000;0.000000;0.000000;0.000000;0.000000;0.000000;0.000000;0.000000
0.000000;0.000000;0.000000;0.000000;0.000000;0.000000;0.000000;0.000000
0.000000;0.000000;0.000000;0.000000;0.000000;0.000000;0.000000;0.000000
0.000000;0.000000;0.000000;0.000000;0.000000;0.000000;0.000000;0.000000
0.000000;0.000000;0.000000;0.000000;0.000000;0.000000;0.000000;0.000000
0.000000;0.000000;0.000000;0.000000;0.000000;0.000000;0.000000;0.000000
0.000000;0.000000;0.000000;0.000000;0.000000;0.000000;0.000000;0.000000
0.000000;0.000000;0.000000;0.000000;0.000000;0.000000;0.000000;0.000000
0.000000;0.000000;0.000000;0.000000;0.000000;0.000000;0.000000;0.000000
0.000000;0.000000;0.000000;0.000000;0.000000;0.000000;0.000000;0.000000
0.000000;0.000000;0.000000;0.000000;0.000000;0.000000;0.000000;0.000000
0.000000;0.000000;0.000000;0.000000;0.000000;0.000000;0.000000;0.000000
0.000000;0.000000;0.000000;0.000000;0.000000;0.000000;0.000000;0.000000
0.000000;0.000000;0.000000;0.000000;0.000000;0.000000;0.000000;0.000000
0.000000;0.000000;0.000000;0.000000;0.000000;0.000000;0.000000;0.000000
0.000000;0.000000;0.000000;0.000000;0.000000;0.000000;0.000000;0.000000
0.000000;0.000000;0.000000;0.000000;0.000000;0.000000;0.000000;0.000000
0.000000;0.000000;0.000000;0.000000;0.000000;0.000000;0.000000;0.000000
0.000000;0.000000;0.000000;0.000000;0.000000;0.000000;0.000000;0.000000
0.000000;0.000000;0.000000;0.000000;0.000000;0.000000;0.000000;0.000000
0.000000;0.000000;0.000000;0.000000;0.000000;0.000000;0.000000;0.000000
0.000000;0.000000;0.000000;0.000000;0.000000;0.000000;0.000000;0.000000
0.000000;0.000000;0.000000;0.000000;0.000000;0.000000;0.000000;0.000000
0.000000;0.000000;0.000000;0.000000;0.000000;0.000000;0.000000;0.000000
0.000000;0.000000;0.000000;0.000000;0.000000;0.000000;0.000000;0.000000
0.000000;0.000000;0.000000;0.000000;0.000000;0.000000;0.000000;0.000000
0.000000;0.000000;0.000000;0.000000;0.000000;0.000000;0.000000;0.000000
0.000000;0.000000;0.000000;0.000000;0.000000;0.000000;0.000000;0.000000
0.000000;0.000000;0.000000;0.000000;0.000000;0.000000;0.000000;0.000000
0.000000;0.000000;0.000000;0.000000;0.000000;0.000000;0.000000;0.000000
0.000000;0.000000;0.000000;0.000000;0.000000;0.000000;0.000000;0.000000
0.000000;0.000000;0.000000;0.000000;0.000000;0.000000;0.000000;0.000000
0.000000;0.000000;0.000000;0.000000;0.000000;0.000000;0.000000;0.000000
0.000000;0.000000;0.000000;0.000000;0.000000;0.000000;0.000000;0.000000
0.000000;0.000000;0.000000;0.000000;0.000000;0.000000;0.000000;0.000000
0.000000;0.000000;0.000000;0.000000;0.000000;0.000000;0.000000;0.000000
0.000000;0.000000;0.000000;0.000000;0.000000;0.000000;0.000000;0.000000
0.000000;0.000000;0.000000;0.000000;0.000000;0.000000;0.000000;0.000000
0.000000;0.000000;0.000000;0.000000;0.000000;0.000000;0.000000;0.000000
0.000000;0.000000;0.000000;0.000000;0.000000;0.000000;0.000000;0.000000
0.000000;0.000000;0.000000;0.000000;0.000000;0.000000;0.000000;0.000000
0.000000;0.000000;0.000000;0.000000;0.000000;0.000000;0.000000;0.000000
0.000000;0.000000;0.000000;0.000000;0.000000;0.000000;0.000000;0.000000
0.000000;0.000000;0.000000;0.000000;0.000000;0.000000;0.000000;0.000000
0.000000;0.000000;0.000000;0.000000;0.000000;0.000000;0.000000;0.000000
0.000000;0.000000;0.000000;0.000000;0.000000;0.000000;0.000000;0.000000
0.000000;0.000000;0.000000;0.000000;0.000000;0.000000;0.000000;0.000000
0.000000;0.000000;0.000000;0.000000;0.000000;0.000000;0.000000;0.000000
0.000000;0.000000;0.000000;0.000000;0.000000;0.000000;0.000000;0.000000
0.000000;0.000000;0.000000;0.000000;0.000000;0.000000;0.000000;0.000000
0.000000;0.000000;0.000000;0.000000;0.000000;0.000000;0.000000;0.000000
0.000000;0.000000;0.000000;0.000000;0.000000;0.000000;0.000000;0.000000
0.000000;0.000000;0.000000;0.000000;0.000000;0.000000;0.000000;0.000000
0.000000;0.000000;0.000000;0.000000;0.000000;0.000000;0.000000;0.000000
0.000000;0.000000;0.000000;0.000000;0.000000;0.000000;0.000000;0.000000
0.000000;0.000000;0.000000;0.000000;0.000000;0.000000;0.000000;0.000000
0.000000;0.000000;0.000000;0.000000;0.000000;0.000000;0.000000;0.000000
0.000000;0.000000;0.000000;0.000000;0.000000;0.000000;0.000000;0.000000
0.000000;0.000000;0.000000;0.000000;0.000000;0.000000;0.000000;0.000000
0.000000;0.000000;0.000000;0.000000;0.000000;0.000000;0.000000;0.000000
0.000000;0.000000;0.000000;0.000000;0.000000;0.000000;0.000000;0.000000
0.000000;0.000000;0.000000;0.000000;0.000000;0.000000;0.000000;0.000000
0.000000;0.000000;0.000000;0.000000;0.000000;0.000000;0.000000;0.000000
0.000000;0.000000;0.000000;0.000000;0.000000;0.000000;0.000000;0.000000
0.000000;0.000000;0.000000;0.000000;0.000000;0.000000;0.000000;0.000000
0.000000;0.000000;0.000000;0.000000;0.000000;0.000000;0.000000;0.000000
0.000000;0.000000;0.000000;0.000000;0.000000;0.000000;0.000000;0.000000
0.000000;0.000000;0.000000;0.000000;0.000000;0.000000;0.000000;0.000000
0.000000;0.000000;0.000000;0.000000;0.000000;0.000000;0.000000;0.000000
0.000000;0.000000;0.000000;0.000000;0.000000;0.000000;0.000000;0.000000
0.000000;0.000000;0.000000;0.000000;0.000000;0.000000;0.000000;0.000000
0.000000;0.000000;0.000000;0.000000;0.000000;0.000000;0.000000;0.000000
0.000000;0.000000;0.000000;0.000000;0.000000;0.000000;0.000000;0.000000
0.000000;0.000000;0.000000;0.000000;0.000000;0.000000;0.000000;0.000000
0.000000;0.000000;0.000000;0.000000;0.000000;0.000000;0.000000;0.000000
0.000000;0.000000;0.000000;0.000000;0.000000;0.000000;0.000000;0.000000
0.000000;0.000000;0.000000;0.000000;0.000000;0.000000;0.000000;0.000000
0.000000;0.000000;0.000000;0.000000;0.000000;0.000000;0.000000;0.000000
0.000000;0.000000;0.000000;0.000000;0.000000;0.000000;0.000000;0.000000
0.000000;0.000000;0.000000;0.000000;0.000000;0.000000;0.000000;0.000000
0.000000;0.000000;0.000000;0.000000;0.000000;0.000000;0.000000;0.000000
0.000000;0.000000;0.000000;0.000000;0.000000;0.000000;0.000000;0.000000
0.000000;0.000000;0.000000;0.000000;0.000000;0.000000;0.000000;0.000000
0.000000;0.000000;0.000000;0.000000;0.000000;0.000000;0.000000;0.000000
0.000000;0.000000;0.000000;0.000000;0.000000;0.000000;0.000000;0.000000
0.000000;0.000000;0.000000;0.000000;0.000000;0.000000;0.000000;0.000000
0.000000;0.000000;0.000000;0.000000;0.000000;0.000000;0.000000;0.000000
0.000000;0.000000;0.000000;0.000000;0.000000;0.000000;0.000000;0.000000
0.000000;0.000000;0.000000;0.000000;0.000000;0.000000;0.000000;0.000000
0.000000;0.000000;0.000000;0.000000;0.000000;0.000000;0.000000;0.000000
0.000000;0.000000;0.000000;0.000000;0.000000;0.000000;0.000000;0.000000
0.000000;0.000000;0.000000;0.000000;0.000000;0.000000;0.000000;0.000000
0.000000;0.000000;0.000000;0.000000;0.000000;0.000000;0.000000;0.000000
0.000000;0.000000;0.000000;0.000000;0.000000;0.000000;0.000000;0.000000
0.000000;0.000000;0.000000;0.000000;0.000000;0.000000;0.000000;0.000000
0.000000;0.000000;0.000000;0.000000;0.000000;0.000000;0.000000;0.000000
0.000000;0.000000;0.000000;0.000000;0.000000;0.000000;0.000000;0.000000
0.000000;0.000000;0.000000;0.000000;0.000000;0.000000;0.000000;0.000000
0.000000;0.000000;0.000000;0.000000;0.000000;0.000000;0.000000;0.000000
0.000000;0.000000;0.000000;0.000000;0.000000;0.000000;0.000000;0.000000
0.000000;0.000000;0.000000;0.000000;0.000000;0.000000;0.000000;0.000000
0.000000;0.000000;0.000000;0.000000;0.000000;0.000000;0.000000;0.000000
0.000000;0.000000;0.000000;0.000000;0.000000;0.000000;0.000000;0.000000
0.000000;0.000000;0.000000;0.000000;0.000000;0.000000;0.000000;0.000000
0.000000;0.000000;0.000000;0.000000;0.000000;0.000000;0.000000;0.000000
0.000000;0.000000;0.000000;0.000000;0.000000;0.000000;0.000000;0.000000
0.000000;0.000000;0.000000;0.000000;0.000000;0.000000;0.000000;0.000000
0.000000;0.000000;0.000000;0.000000;0.000000;0.000000;0.000000;0.000000
0.000000;0.000000;0.000000;0.000000;0.000000;0.000000;0.000000;0.000000
0.000000;0.000000;0.000000;0.000000;0.000000;0.000000;0.000000;0.000000
0.000000;0.000000;0.000000;0.000000;0.000000;0.000000;0.000000;0.000000
0.000000;0.000000;0.000000;0.000000;0.000000;0.000000;0.000000;0.000000
0.000000;0.000000;0.000000;0.000000;0.000000;0.000000;0.000000;0.000000
0.000000;0.000000;0.000000;0.000000;0.000000;0.000000;0.000000;0.000000
0.000000;0.000000;0.000000;0.000000;0.000000;0.000000;0.000000;0.000000
0.000000;0.000000;0.000000;0.000000;0.000000;0.000000;0.000000;0.000000
0.000000;0.000000;0.000000;0.000000;0.000000;0.000000;0.000000;0.000000
0.000000;0.000000;0.000000;0.000000;0.000000;0.000000;0.000000;0.000000
0.000000;0.000000;0.000000;0.000000;0.000000;0.000000;0.000000;0.000000
0.000000;0.000000;0.000000;0.000000;0.000000;0.000000;0.000000;0.000000
0.000000;0.000000;0.000000;0.000000;0.000000;0.000000;0.000000;0.000000
0.000000;0.000000;0.000000;0.000000;0.000000;0.000000;0.000000;0.000000
0.000000;0.000000;0.000000;0.000000;0.000000;0.000000;0.000000;0.000000
0.000000;0.000000;0.000000;0.000000;0.000000;0.000000;0.000000;0.000000
0.000000;0.000000;0.000000;0.000000;0.000000;0.000000;0.000000;0.000000
0.000000;0.000000;0.000000;0.000000;0.000000;0.000000;0.000000;0.000000
0.000000;0.000000;0.000000;0.000000;0.000000;0.000000;0.000000;0.000000
0.000000;0.000000;0.000000;0.000000;0.000000;0.000000;0.000000;0.000000
0.000000;0.000000;0.000000;0.000000;0.000000;0.000000;0.000000;0.000000
0.000000;0.000000;0.000000;0.000000;0.000000;0.000000;0.000000;0.000000
0.000000;0.000000;0.000000;0.000000;0.000000;0.000000;0.000000;0.000000
0.000000;0.000000;0.000000;0.000000;0.000000;0.000000;0.000000;0.000000
0.000000;0.000000;0.000000;0.000000;0.000000;0.000000;0.000000;0.000000
0.000000;0.000000;0.000000;0.000000;0.000000;0.000000;0.000000;0.000000
0.000000;0.000000;0.000000;0.000000;0.000000;0.000000;0.000000;0.000000
0.000000;0.000000;0.000000;0.000000;0.000000;0.000000;0.000000;0.000000
0.000000;0.000000;0.000000;0.000000;0.000000;0.000000;0.000000;0.000000
0.000000;0.000000;0.000000;0.000000;0.000000;0.000000;0.000000;0.000000
0.000000;0.000000;0.000000;0.000000;0.000000;0.000000;0.000000;0.000000
0.000000;0.000000;0.000000;0.000000;0.000000;0.000000;0.000000;0.000000
0.000000;0.000000;0.000000;0.000000;0.000000;0.000000;0.000000;0.000000
0.000000;0.000000;0.000000;0.000000;0.000000;0.000000;0.000000;0.000000
0.000000;0.000000;0.000000;0.000000;0.000000;0.000000;0.000000;0.000000
0.000000;0.000000;0.000000;0.000000;0.000000;0.000000;0.000000;0.000000
0.000000;0.000000;0.000000;0.000000;0.000000;0.000000;0.000000;0.000000
0.000000;0.000000;0.000000;0.000000;0.000000;0.000000;0.000000;0.000000
0.000000;0.000000;0.000000;0.000000;0.000000;0.000000;0.000000;0.000000
0.000000;0.000000;0.000000;0.000000;0.000000;0.000000;0.000000;0.000000
0.000000;0.000000;0.000000;0.000000;0.000000;0.000000;0.000000;0.000000
0.000000;0.000000;0.000000;0.000000;0.000000;0.000000;0.000000;0.000000
0.000000;0.000000;0.000000;0.000000;0.000000;0.000000;0.000000;0.000000
0.000000;0.000000;0.000000;0.000000;0.000000;0.000000;0.000000;0.000000
0.000000;0.000000;0.000000;0.000000;0.000000;0.000000;0.000000;0.000000
0.000000;0.000000;0.000000;0.000000;0.000000;0.000000;0.000000;0.000000
0.000000;0.000000;0.000000;0.000000;0.000000;0.000000;0.000000;0.000000
0.000000;0.000000;0.000000;0.000000;0.000000;0.000000;0.000000;0.000000
0.000000;0.000000;0.000000;0.000000;0.000000;0.000000;0.000000;0.000000
0.000000;0.000000;0.000000;0.000000;0.000000;0.000000;0.000000;0.000000
0.000000;0.000000;0.000000;0.000000;0.000000;0.000000;0.000000;0.000000
0.000000;0.000000;0.000000;0.000000;0.000000;0.000000;0.000000;0.000000
0.000000;0.000000;0.000000;0.000000;0.000000;0.000000;0.000000;0.000000
0.000000;0.000000;0.000000;0.000000;0.000000;0.000000;0.000000;0.000000
0.000000;0.000000;0.000000;0.000000;0.000000;0.000000;0.000000;0.000000
0.000000;0.000000;0.000000;0.000000;0.000000;0.000000;0.000000;0.000000
0.000000;0.000000;0.000000;0.000000;0.000000;0.000000;0.000000;0.000000
0.000000;0.000000;0.000000;0.000000;0.000000;0.000000;0.000000;0.000000
0.000000;0.000000;0.000000;0.000000;0.000000;0.000000;0.000000;0.000000
0.000000;0.000000;0.000000;0.000000;0.000000;0.000000;0.000000;0.000000
0.000000;0.000000;0.000000;0.000000;0.000000;0.000000;0.000000;0.000000
0.000000;0.000000;0.000000;0.000000;0.000000;0.000000;0.000000;0.000000
0.000000;0.000000;0.000000;0.000000;0.000000;0.000000;0.000000;0.000000
0.000000;0.000000;0.000000;0.000000;0.000000;0.000000;0.000000;0.000000
0.000000;0.000000;0.000000;0.000000;0.000000;0.000000;0.000000;0.000000
0.000000;0.000000;0.000000;0.000000;0.000000;0.000000;0.000000;0.000000
0.000000;0.000000;0.000000;0.000000;0.000000;0.000000;0.000000;0.000000
0.000000;0.000000;0.000000;0.000000;0.000000;0.000000;0.000000;0.000000
0.000000;0.000000;0.000000;0.000000;0.000000;0.000000;0.000000;0.000000
0.000000;0.000000;0.000000;0.000000;0.000000;0.000000;0.000000;0.000000
0.000000;0.000000;0.000000;0.000000;0.000000;0.000000;0.000000;0.000000
0.000000;0.000000;0.000000;0.000000;0.000000;0.000000;0.000000;0.000000
0.000000;0.000000;0.000000;0.000000;0.000000;0.000000;0.000000;0.000000
0.000000;0.000000;0.000000;0.000000;0.000000;0.000000;0.000000;0.000000
0.000000;0.000000;0.000000;0.000000;0.000000;0.000000;0.000000;0.000000
0.000000;0.000000;0.000000;0.000000;0.000000;0.000000;0.000000;0.000000
0.000000;0.000000;0.000000;0.000000;0.000000;0.000000;0.000000;0.000000
0.000000;0.000000;0.000000;0.000000;0.000000;0.000000;0.000000;0.000000
0.000000;0.000000;0.000000;0.000000;0.000000;0.000000;0.000000;0.000000
0.000000;0.000000;0.000000;0.000000;0.000000;0.000000;0.000000;0.000000
0.000000;0.000000;0.000000;0.000000;0.000000;0.000000;0.000000;0.000000
0.000000;0.000000;0.000000;0.000000;0.000000;0.000000;0.000000;0.000000
0.000000;0.000000;0.000000;0.000000;0.000000;0.000000;0.000000;0.000000
0.000000;0.000000;0.000000;0.000000;0.000000;0.000000;0.000000;0.000000
0.000000;0.000000;0.000000;0.000000;0.000000;0.000000;0.000000;0.000000
0.000000;0.000000;0.000000;0.000000;0.000000;0.000000;0.000000;0.000000
0.000000;0.000000;0.000000;0.000000;0.000000;0.000000;0.000000;0.000000
0.000000;0.000000;0.000000;0.000000;0.000000;0.000000;0.000000;0.000000
0.000000;0.000000;0.000000;0.000000;0.000000;0.000000;0.000000;0.000000
0.000000;0.000000;0.000000;0.000000;0.000000;0.000000;0.000000;0.000000
0.000000;0.000000;0.000000;0.000000;0.000000;0.000000;0.000000;0.000000
0.000000;0.000000;0.000000;0.000000;0.000000;0.000000;0.000000;0.000000
0.000000;0.000000;0.000000;0.000000;0.000000;0.000000;0.000000;0.000000
0.000000;0.000000;0.000000;0.000000;0.000000;0.000000;0.000000;0.000000
0.000000;0.000000;0.000000;0.000000;0.000000;0.000000;0.000000;0.000000
0.000000;0.000000;0.000000;0.000000;0.000000;0.000000;0.000000;0.000000
0.000000;0.000000;0.000000;0.000000;0.000000;0.000000;0.000000;0.000000
0.000000;0.000000;0.000000;0.000000;0.000000;0.000000;0.000000;0.000000
0.000000;0.000000;0.000000;0.000000;0.000000;0.000000;0.000000;0.000000
0.000000;0.000000;0.000000;0.000000;0.000000;0.000000;0.000000;0.000000
0.000000;0.000000;0.000000;0.000000;0.000000;0.000000;0.000000;0.000000
0.000000;0.000000;0.000000;0.000000;0.000000;0.000000;0.000000;0.000000
0.000000;0.000000;0.000000;0.000000;0.000000;0.000000;0.000000;0.000000
0.000000;0.000000;0.000000;0.000000;0.000000;0.000000;0.000000;0.000000
0.000000;0.000000;0.000000;0.000000;0.000000;0.000000;0.000000;0.000000
0.000000;0.000000;0.000000;0.000000;0.000000;0.000000;0.000000;0.000000
0.000000;0.000000;0.000000;0.000000;0.000000;0.000000;0.000000;0.000000
0.000000;0.000000;0.000000;0.000000;0.000000;0.000000;0.000000;0.000000
0.000000;0.000000;0.000000;0.000000;0.000000;0.000000;0.000000;0.000000
0.000000;0.000000;0.000000;0.000000;0.000000;0.000000;0.000000;0.000000
0.000000;0.000000;0.000000;0.000000;0.000000;0.000000;0.000000;0.000000
0.000000;0.000000;0.000000;0.000000;0.000000;0.000000;0.000000;0.000000
0.000000;0.000000;0.000000;0.000000;0.000000;0.000000;0.000000;0.000000
0.000000;0.000000;0.000000;0.000000;0.000000;0.000000;0.000000;0.000000
0.000000;0.000000;0.000000;0.000000;0.000000;0.000000;0.000000;0.000000
0.000000;0.000000;0.000000;0.000000;0.000000;0.000000;0.000000;0.000000
0.000000;0.000000;0.000000;0.000000;0.000000;0.000000;0.000000;0.000000
0.000000;0.000000;0.000000;0.000000;0.000000;0.000000;0.000000;0.000000
0.000000;0.000000;0.000000;0.000000;0.000000;0.000000;0.000000;0.000000
0.000000;0.000000;0.000000;0.000000;0.000000;0.000000;0.000000;0.000000
0.000000;0.000000;0.000000;0.000000;0.000000;0.000000;0.000000;0.000000
0.000000;0.000000;0.000000;0.000000;0.000000;0.000000;0.000000;0.000000
0.000000;0.000000;0.000000;0.000000;0.000000;0.000000;0.000000;0.000000
0.000000;0.000000;0.000000;0.000000;0.000000;0.000000;0.000000;0.000000
0.000000;0.000000;0.000000;0.000000;0.000000;0.000000;0.000000;0.000000
0.000000;0.000000;0.000000;0.000000;0.000000;0.000000;0.000000;0.000000
0.000000;0.000000;0.000000;0.000000;0.000000;0.000000;0.000000;0.000000
0.000000;0.000000;0.000000;0.000000;0.000000;0.000000;0.000000;0.000000
0.000000;0.000000;0.000000;0.000000;0.000000;0.000000;0.000000;0.000000
0.000000;0.000000;0.000000;0.000000;0.000000;0.000000;0.000000;0.000000
0.000000;0.000000;0.000000;0.000000;0.000000;0.000000;0.000000;0.000000
0.000000;0.000000;0.000000;0.000000;0.000000;0.000000;0.000000;0.000000
0.000000;0.000000;0.000000;0.000000;0.000000;0.000000;0.000000;0.000000
0.000000;0.000000;0.000000;0.000000;0.000000;0.000000;0.000000;0.000000
0.000000;0.000000;0.000000;0.000000;0.000000;0.000000;0.000000;0.000000
0.000000;0.000000;0.000000;0.000000;0.000000;0.000000;0.000000;0.000000
0.000000;0.000000;0.000000;0.000000;0.000000;0.000000;0.000000;0.000000
0.000000;0.000000;0.000000;0.000000;0.000000;0.000000;0.000000;0.000000
0.000000;0.000000;0.000000;0.000000;0.000000;0.000000;0.000000;0.000000
0.000000;0.000000;0.000000;0.000000;0.000000;0.000000;0.000000;0.000000
0.000000;0.000000;0.000000;0.000000;0.000000;0.000000;0.000000;0.000000
0.000000;0.000000;0.000000;0.000000;0.000000;0.000000;0.000000;0.000000
0.000000;0.000000;0.000000;0.000000;0.000000;0.000000;0.000000;0.000000
0.000000;0.000000;0.000000;0.000000;0.000000;0.000000;0.000000;0.000000
0.000000;0.000000;0.000000;0.000000;0.000000;0.000000;0.000000;0.000000
0.000000;0.000000;0.000000;0.000000;0.000000;0.000000;0.000000;0.000000
0.000000;0.000000;0.000000;0.000000;0.000000;0.000000;0.000000;0.000000
0.000000;0.000000;0.000000;0.000000;0.000000;0.000000;0.000000;0.000000
0.000000;0.000000;0.000000;0.000000;0.000000;0.000000;0.000000;0.000000
0.000000;0.000000;0.000000;0.000000;0.000000;0.000000;0.000000;0.000000
0.000000;0.000000;0.000000;0.000000;0.000000;0.000000;0.000000;0.000000
0.000000;0.000000;0.000000;0.000000;0.000000;0.000000;0.000000;0.000000
0.000000;0.000000;0.000000;0.000000;0.000000;0.000000;0.000000;0.000000
0.000000;0.000000;0.000000;0.000000;0.000000;0.000000;0.000000;0.000000
0.000000;0.000000;0.000000;0.000000;0.000000;0.000000;0.000000;0.000000
0.000000;0.000000;0.000000;0.000000;0.000000;0.000000;0.000000;0.000000
0.000000;0.000000;0.000000;0.000000;0.000000;0.000000;0.000000;0.000000
0.000000;0.000000;0.000000;0.000000;0.000000;0.000000;0.000000;0.000000
0.000000;0.000000;0.000000;0.000000;0.000000;0.000000;0.000000;0.000000
0.000000;0.000000;0.000000;0.000000;0.000000;0.000000;0.000000;0.000000
0.000000;0.000000;0.000000;0.000000;0.000000;0.000000;0.000000;0.000000
0.000000;0.000000;0.000000;0.000000;0.000000;0.000000;0.000000;0.000000
0.000000;0.000000;0.000000;0.000000;0.000000;0.000000;0.000000;0.000000
0.000000;0.000000;0.000000;0.000000;0.000000;0.000000;0.000000;0.000000
0.000000;0.000000;0.000000;0.000000;0.000000;0.000000;0.000000;0.000000
0.000000;0.000000;0.000000;0.000000;0.000000;0.000000;0.000000;0.000000
0.000000;0.000000;0.000000;0.000000;0.000000;0.000000;0.000000;0.000000
0.000000;0.000000;0.000000;0.000000;0.000000;0.000000;0.000000;0.000000
0.000000;0.000000;0.000000;0.000000;0.000000;0.000000;0.000000;0.000000
0.000000;0.000000;0.000000;0.000000;0.000000;0.000000;0.000000;0.000000
0.000000;0.000000;0.000000;0.000000;0.000000;0.000000;0.000000;0.000000
0.000000;0.000000;0.000000;0.000000;0.000000;0.000000;0.000000;0.000000
0.000000;0.000000;0.000000;0.000000;0.000000;0.000000;0.000000;0.000000
0.000000;0.000000;0.000000;0.000000;0.000000;0.000000;0.000000;0.000000
0.000000;0.000000;0.000000;0.000000;0.000000;0.000000;0.000000;0.000000
0.000000;0.000000;0.000000;0.000000;0.000000;0.000000;0.000000;0.000000
0.000000;0.000000;0.000000;0.000000;0.000000;0.000000;0.000000;0.000000
0.000000;0.000000;0.000000;0.000000;0.000000;0.000000;0.000000;0.000000
0.000000;0.000000;0.000000;0.000000;0.000000;0.000000;0.000000;0.000000
0.000000;0.000000;0.000000;0.000000;0.000000;0.000000;0.000000;0.000000
0.000000;0.000000;0.000000;0.000000;0.000000;0.000000;0.000000;0.000000
0.000000;0.000000;0.000000;0.000000;0.000000;0.000000;0.000000;0.000000
0.000000;0.000000;0.000000;0.000000;0.000000;0.000000;0.000000;0.000000
0.000000;0.000000;0.000000;0.000000;0.000000;0.000000;0.000000;0.000000
0.000000;0.000000;0.000000;0.000000;0.000000;0.000000;0.000000;0.000000
