0.000000;-1.000000;19891.000000;0.000000;139607.000000;22757.000000;0.000000;8.037544
1.000000;-1.000000;21105.000000;0.000000;80447.000000;21896.000000;0.000000;8.559397
2.000000;22614.000000;19171.000000;0.000000;130086.000000;22614.000000;1.000000;9.081612
3.000000;22614.000000;18859.000000;0.000000;79137.000000;22301.000000;0.000000;9.594841
4.000000;22614.000000;14551.000000;0.000000;233877.000000;22234.000000;1.000000;10.105361
5.000000;22614.000000;18493.000000;0.000000;111720.000000;22631.000000;0.000000;10.617054
6.000000;22614.000000;14438.000000;0.000000;237090.000000;22631.000000;0.000000;11.129102
7.000000;22614.000000;17919.000000;0.000000;132927.000000;22631.000000;0.000000;11.651177
8.000000;22614.000000;16941.000000;0.000000;202627.000000;22631.000000;0.000000;12.177291
9.000000;22614.000000;17122.000000;0.000000;145291.000000;22631.000000;0.000000;12.709775
10.000000;22614.000000;17231.000000;0.000000;129820.000000;22631.000000;0.000000;13.268232
11.000000;22614.000000;15835.000000;0.000000;199754.000000;22631.000000;0.000000;13.857073
12.000000;22614.000000;15658.000000;0.000000;202290.000000;22631.000000;0.000000;14.434804
13.000000;22614.000000;16171.000000;0.000000;217467.000000;22631.000000;0.000000;14.983326
14.000000;22614.000000;17040.000000;0.000000;184738.000000;22631.000000;0.000000;15.525967
15.000000;22614.000000;16639.000000;0.000000;155235.000000;22631.000000;0.000000;16.058035
16.000000;22614.000000;14985.000000;0.000000;200635.000000;22631.000000;0.000000;16.626818
17.000000;22614.000000;16151.000000;0.000000;115696.000000;22631.000000;0.000000;17.167131
18.000000;22614.000000;15864.000000;0.000000;195970.000000;22631.000000;0.000000;17.699594
19.000000;22614.000000;16070.000000;0.000000;150968.000000;22631.000000;0.000000;18.235575
20.000000;22952.000000;16358.000000;0.000000;216497.000000;22952.000000;1.000000;18.808292
21.000000;22952.000000;18625.000000;0.000000;161387.000000;22348.000000;1.000000;19.393324
22.000000;22952.000000;15565.000000;0.000000;225956.000000;22599.000000;0.000000;19.999836
23.000000;22952.000000;18236.000000;0.000000;144447.000000;23224.000000;0.000000;20.606350
24.000000;22952.000000;15462.000000;0.000000;199962.000000;23224.000000;0.000000;21.197624
25.000000;22952.000000;16271.000000;0.000000;209400.000000;23224.000000;0.000000;21.787762
26.000000;22952.000000;16523.000000;0.000000;193919.000000;23224.000000;0.000000;22.377323
27.000000;22952.000000;16498.000000;0.000000;213545.000000;23224.000000;0.000000;22.948141
28.000000;22952.000000;16371.000000;0.000000;156522.000000;23224.000000;0.000000;23.513119
29.000000;22952.000000;15762.000000;0.000000;209543.000000;23224.000000;0.000000;24.080870
30.000000;22952.000000;16376.000000;0.000000;185575.000000;23224.000000;0.000000;24.692564
31.000000;22952.000000;15046.000000;0.000000;240279.000000;23224.000000;0.000000;25.265213
32.000000;22952.000000;15258.000000;0.000000;226948.000000;23224.000000;0.000000;25.858570
33.000000;22952.000000;15464.000000;0.000000;216298.000000;23224.000000;0.000000;26.452564
34.000000;22952.000000;16979.000000;0.000000;149515.000000;23224.000000;0.000000;27.035381
35.000000;22952.000000;15890.000000;0.000000;214209.000000;23224.000000;0.000000;27.622066
36.000000;22952.000000;18306.000000;0.000000;126987.000000;23224.000000;0.000000;28.201929
37.000000;22952.000000;17601.000000;0.000000;139423.000000;23224.000000;0.000000;28.795074
38.000000;22952.000000;17698.000000;0.000000;153230.000000;23224.000000;0.000000;29.378944
39.000000;22952.000000;16012.000000;0.000000;193192.000000;23224.000000;0.000000;29.958223
40.000000;23224.000000;16914.000000;0.000000;173230.000000;23224.000000;1.000000;30.628984
41.000000;23224.000000;20103.000000;0.000000;40750.000000;22661.000000;1.000000;31.324615
42.000000;23224.000000;14681.000000;0.000000;231578.000000;22762.000000;1.000000;32.070061
43.000000;23224.000000;17881.000000;0.000000;163937.000000;23238.000000;0.000000;32.740391
44.000000;23224.000000;15343.000000;0.000000;219686.000000;23238.000000;0.000000;33.403107
45.000000;23224.000000;16337.000000;0.000000;179285.000000;23238.000000;0.000000;34.089638
46.000000;23224.000000;18664.000000;0.000000;140260.000000;23238.000000;0.000000;34.788395
47.000000;23224.000000;15993.000000;0.000000;209685.000000;23238.000000;0.000000;35.462006
48.000000;23224.000000;16919.000000;0.000000;183106.000000;23238.000000;0.000000;36.134281
49.000000;23224.000000;16102.000000;0.000000;170390.000000;23238.000000;0.000000;36.801819
50.000000;23224.000000;15699.000000;0.000000;191418.000000;23238.000000;0.000000;37.485771
51.000000;23224.000000;15863.000000;0.000000;238263.000000;23238.000000;0.000000;38.159920
52.000000;23224.000000;16430.000000;0.000000;191543.000000;23238.000000;0.000000;38.870888
53.000000;23224.000000;18382.000000;0.000000;114292.000000;23238.000000;0.000000;39.583927
54.000000;23224.000000;15667.000000;0.000000;209918.000000;23238.000000;0.000000;40.263927
55.000000;23224.000000;15814.000000;0.000000;211428.000000;23238.000000;0.000000;40.933846
56.000000;23224.000000;16582.000000;0.000000;193590.000000;23238.000000;0.000000;41.616314
57.000000;23224.000000;16632.000000;0.000000;194878.000000;23238.000000;0.000000;42.295971
58.000000;23224.000000;16144.000000;0.000000;217691.000000;23238.000000;0.000000;42.965435
59.000000;23224.000000;16420.000000;0.000000;156882.000000;23238.000000;0.000000;43.736900
60.000000;23238.000000;17421.000000;0.000000;175739.000000;23238.000000;1.000000;44.676300
61.000000;23238.000000;16539.000000;0.000000;139771.000000;22946.000000;0.000000;45.684101
62.000000;23238.000000;14210.000000;0.000000;243890.000000;23355.000000;0.000000;46.637955
63.000000;23238.000000;17304.000000;0.000000;154425.000000;22967.000000;1.000000;47.566483
64.000000;23238.000000;15102.000000;0.000000;207348.000000;22967.000000;1.000000;48.486649
65.000000;23238.000000;17451.000000;0.000000;153655.000000;22967.000000;1.000000;49.307884
66.000000;23238.000000;15089.000000;0.000000;265688.000000;22967.000000;1.000000;50.122589
67.000000;23238.000000;17338.000000;0.000000;137332.000000;22967.000000;1.000000;50.943974
68.000000;23238.000000;15848.000000;0.000000;199132.000000;22967.000000;1.000000;51.763493
69.000000;23238.000000;16833.000000;0.000000;141400.000000;22967.000000;1.000000;52.591640
70.000000;23238.000000;17474.000000;0.000000;154262.000000;22967.000000;1.000000;53.419132
71.000000;23238.000000;17722.000000;0.000000;158728.000000;22967.000000;1.000000;54.248096
72.000000;23238.000000;15801.000000;0.000000;195742.000000;22967.000000;1.000000;55.078339
73.000000;23238.000000;15756.000000;0.000000;216851.000000;22967.000000;1.000000;55.900715
74.000000;23238.000000;16246.000000;0.000000;155777.000000;22967.000000;1.000000;56.729298
75.000000;23238.000000;16918.000000;0.000000;170872.000000;22967.000000;1.000000;57.552338
76.000000;23238.000000;16135.000000;0.000000;155913.000000;22967.000000;1.000000;58.391163
77.000000;23238.000000;16462.000000;0.000000;163691.000000;22967.000000;1.000000;59.216549
78.000000;23238.000000;16185.000000;0.000000;191150.000000;22967.000000;1.000000;60.043777
79.000000;23238.000000;15140.000000;0.000000;205772.000000;22967.000000;1.000000;60.872040
80.000000;23238.000000;16017.000000;0.000000;162406.000000;23290.000000;0.000000;62.061436
81.000000;23238.000000;16261.000000;0.000000;191045.000000;23290.000000;0.000000;63.343723
82.000000;23238.000000;15263.000000;0.000000;224689.000000;23290.000000;0.000000;64.531952
83.000000;23238.000000;15608.000000;0.000000;183388.000000;23290.000000;0.000000;65.719940
84.000000;23238.000000;15583.000000;0.000000;201752.000000;23290.000000;0.000000;66.924957
85.000000;23238.000000;15145.000000;0.000000;217797.000000;23290.000000;0.000000;68.112503
86.000000;23238.000000;18146.000000;0.000000;122405.000000;23290.000000;0.000000;69.301430
87.000000;23238.000000;14171.000000;0.000000;209632.000000;23290.000000;0.000000;70.492653
88.000000;23238.000000;16715.000000;0.000000;221168.000000;23290.000000;0.000000;71.670250
89.000000;23238.000000;14315.000000;0.000000;251490.000000;23290.000000;0.000000;72.861771
90.000000;23238.000000;18056.000000;0.000000;198573.000000;23290.000000;0.000000;74.053680
91.000000;23238.000000;14975.000000;0.000000;210580.000000;23290.000000;0.000000;75.232613
92.000000;23238.000000;15886.000000;0.000000;163704.000000;23290.000000;0.000000;76.421600
93.000000;23238.000000;16339.000000;0.000000;164086.000000;23290.000000;0.000000;77.606552
94.000000;23238.000000;16649.000000;0.000000;217147.000000;23290.000000;0.000000;78.806946
95.000000;23238.000000;16633.000000;0.000000;141281.000000;23290.000000;0.000000;79.989197
96.000000;23238.000000;15809.000000;0.000000;227190.000000;23290.000000;0.000000;81.181953
97.000000;23238.000000;15846.000000;0.000000;185428.000000;23290.000000;0.000000;82.381905
98.000000;23238.000000;16054.000000;0.000000;168024.000000;23290.000000;0.000000;83.569450
99.000000;23238.000000;18092.000000;0.000000;83111.000000;23290.000000;0.000000;84.761696
100.000000;23238.000000;17444.000000;0.000000;160851.000000;23290.000000;0.000000;86.136009
101.000000;23290.000000;16769.000000;0.000000;185417.000000;23290.000000;1.000000;87.557785
102.000000;23290.000000;18350.000000;0.000000;96493.000000;23482.000000;0.000000;88.950005
103.000000;23290.000000;14322.000000;0.000000;239231.000000;23512.000000;0.000000;90.324188
104.000000;23377.000000;18190.000000;0.000000;104942.000000;23377.000000;1.000000;91.699913
105.000000;23377.000000;18218.000000;0.000000;125995.000000;23820.000000;0.000000;93.074005
106.000000;23636.000000;16153.000000;0.000000;225463.000000;23636.000000;1.000000;94.445259
107.000000;23636.000000;17804.000000;0.000000;142701.000000;23460.000000;1.000000;95.818146
108.000000;23636.000000;15054.000000;0.000000;237314.000000;23405.000000;0.000000;97.178940
109.000000;23636.000000;17276.000000;0.000000;125561.000000;23222.000000;0.000000;98.574432
110.000000;23636.000000;16722.000000;0.000000;224414.000000;23222.000000;0.000000;99.953201
111.000000;23636.000000;17659.000000;0.000000;157110.000000;23222.000000;0.000000;101.325500
112.000000;23636.000000;15337.000000;0.000000;189062.000000;23222.000000;0.000000;102.703293
113.000000;23636.000000;18613.000000;0.000000;95738.000000;23222.000000;0.000000;104.075897
114.000000;23636.000000;15692.000000;0.000000;239612.000000;23222.000000;0.000000;105.506973
115.000000;23636.000000;15857.000000;0.000000;150949.000000;23222.000000;0.000000;106.878021
116.000000;23636.000000;15899.000000;0.000000;199742.000000;23222.000000;0.000000;108.253395
117.000000;23636.000000;14844.000000;0.000000;222549.000000;23222.000000;0.000000;109.621994
118.000000;23636.000000;16714.000000;0.000000;156783.000000;23222.000000;0.000000;110.993484
119.000000;23636.000000;16568.000000;0.000000;156233.000000;23222.000000;0.000000;112.352211
120.000000;23636.000000;15040.000000;0.000000;214729.000000;23222.000000;0.000000;113.707771
121.000000;23636.000000;19055.000000;0.000000;83752.000000;23222.000000;0.000000;115.132950
122.000000;23636.000000;15824.000000;0.000000;199659.000000;23222.000000;0.000000;116.538094
123.000000;23636.000000;15164.000000;0.000000;203024.000000;23222.000000;0.000000;117.937347
124.000000;23636.000000;16090.000000;0.000000;169661.000000;23222.000000;0.000000;119.347778
125.000000;23636.000000;16411.000000;0.000000;183121.000000;23222.000000;0.000000;120.740715
126.000000;23636.000000;16302.000000;0.000000;169061.000000;23222.000000;0.000000;122.119095
127.000000;23636.000000;16948.000000;0.000000;136774.000000;23222.000000;0.000000;123.497238
128.000000;23636.000000;15524.000000;0.000000;184752.000000;23222.000000;0.000000;124.873550
129.000000;23636.000000;16415.000000;0.000000;154145.000000;23222.000000;0.000000;126.255486
130.000000;23636.000000;17244.000000;0.000000;171132.000000;23222.000000;0.000000;127.637970
131.000000;23636.000000;18592.000000;0.000000;85948.000000;23222.000000;0.000000;129.035385
132.000000;23636.000000;17048.000000;0.000000;163973.000000;23222.000000;0.000000;130.456894
133.000000;23636.000000;17223.000000;0.000000;190348.000000;23222.000000;0.000000;131.842987
134.000000;23636.000000;17550.000000;0.000000;144488.000000;23222.000000;0.000000;133.230103
135.000000;23636.000000;15385.000000;0.000000;202165.000000;23222.000000;0.000000;134.617172
136.000000;23636.000000;20139.000000;0.000000;78420.000000;23222.000000;0.000000;135.999176
137.000000;23636.000000;15311.000000;0.000000;221079.000000;23222.000000;0.000000;137.378647
138.000000;23636.000000;17732.000000;0.000000;117783.000000;23222.000000;0.000000;138.756119
139.000000;23636.000000;15832.000000;0.000000;157766.000000;23222.000000;0.000000;140.137238
140.000000;23636.000000;19692.000000;0.000000;108851.000000;23222.000000;0.000000;141.513031
141.000000;23636.000000;15415.000000;0.000000;187516.000000;23222.000000;0.000000;142.949280
142.000000;23636.000000;17335.000000;0.000000;161292.000000;23222.000000;0.000000;144.333435
143.000000;23636.000000;14683.000000;0.000000;221932.000000;23222.000000;0.000000;145.719833
144.000000;23636.000000;15535.000000;0.000000;190608.000000;23222.000000;0.000000;147.113876
145.000000;23636.000000;14489.000000;0.000000;216819.000000;23222.000000;0.000000;148.523575
146.000000;23636.000000;15650.000000;0.000000;184486.000000;23222.000000;0.000000;149.958023
147.000000;23636.000000;16297.000000;0.000000;206293.000000;23222.000000;0.000000;151.438553
148.000000;23636.000000;16036.000000;0.000000;194680.000000;23222.000000;0.000000;152.824966
149.000000;23636.000000;17270.000000;0.000000;118485.000000;23222.000000;0.000000;154.216034
150.000000;23636.000000;15168.000000;0.000000;179001.000000;23222.000000;0.000000;155.601746
151.000000;23636.000000;18647.000000;0.000000;93791.000000;23222.000000;0.000000;156.989059
152.000000;23636.000000;15851.000000;0.000000;217005.000000;23222.000000;0.000000;158.380814
153.000000;23636.000000;18651.000000;0.000000;117888.000000;23222.000000;0.000000;159.777451
154.000000;23636.000000;16451.000000;0.000000;179306.000000;23222.000000;0.000000;161.165878
155.000000;23636.000000;18856.000000;0.000000;108811.000000;23222.000000;0.000000;162.552841
156.000000;23636.000000;15235.000000;0.000000;226018.000000;23222.000000;0.000000;163.939377
157.000000;23636.000000;16336.000000;0.000000;185064.000000;23222.000000;0.000000;165.349640
158.000000;23636.000000;15459.000000;0.000000;169301.000000;23222.000000;0.000000;166.736694
159.000000;23636.000000;16211.000000;0.000000;186053.000000;23222.000000;0.000000;168.122864
160.000000;23636.000000;16005.000000;0.000000;215184.000000;23222.000000;0.000000;169.545624
161.000000;23636.000000;17772.000000;0.000000;97311.000000;23222.000000;0.000000;170.989151
162.000000;23636.000000;15058.000000;0.000000;161367.000000;23222.000000;0.000000;172.377304
163.000000;23636.000000;16920.000000;0.000000;153399.000000;23222.000000;0.000000;173.761871
164.000000;23636.000000;16653.000000;0.000000;208183.000000;23222.000000;0.000000;175.150314
165.000000;23636.000000;15584.000000;0.000000;195194.000000;23222.000000;0.000000;176.543457
166.000000;23636.000000;15306.000000;0.000000;203235.000000;23222.000000;0.000000;177.938812
167.000000;23636.000000;15329.000000;0.000000;215843.000000;23222.000000;0.000000;179.347260
168.000000;23636.000000;16028.000000;0.000000;171407.000000;23222.000000;0.000000;180.738876
169.000000;23636.000000;15855.000000;0.000000;165615.000000;23222.000000;0.000000;182.118790
170.000000;23636.000000;16105.000000;0.000000;173103.000000;23222.000000;0.000000;183.508194
171.000000;23636.000000;17102.000000;0.000000;166794.000000;23222.000000;0.000000;184.889038
172.000000;23636.000000;16929.000000;0.000000;132636.000000;23222.000000;0.000000;186.282593
173.000000;23636.000000;16828.000000;0.000000;175544.000000;23222.000000;0.000000;187.663254
174.000000;23636.000000;17488.000000;0.000000;138565.000000;23222.000000;0.000000;189.068665
175.000000;23636.000000;16903.000000;0.000000;136614.000000;23222.000000;0.000000;190.451492
176.000000;23636.000000;15267.000000;0.000000;210321.000000;23222.000000;0.000000;191.840515
177.000000;23636.000000;18130.000000;0.000000;123862.000000;23222.000000;0.000000;193.232834
178.000000;23636.000000;16501.000000;0.000000;171969.000000;23222.000000;0.000000;194.625336
179.000000;23636.000000;16760.000000;0.000000;155581.000000;23222.000000;0.000000;196.021851
180.000000;23636.000000;16717.000000;0.000000;220112.000000;23222.000000;0.000000;197.411652
181.000000;23636.000000;15156.000000;0.000000;256649.000000;23222.000000;0.000000;198.876617
182.000000;23636.000000;15526.000000;0.000000;199133.000000;23222.000000;0.000000;200.279755
183.000000;23636.000000;17719.000000;0.000000;162367.000000;23222.000000;0.000000;201.679611
184.000000;23636.000000;17001.000000;0.000000;147087.000000;23222.000000;0.000000;203.081299
185.000000;23636.000000;15398.000000;0.000000;245289.000000;23222.000000;0.000000;204.482605
186.000000;23636.000000;15790.000000;0.000000;218190.000000;23222.000000;0.000000;205.893448
187.000000;23636.000000;16515.000000;0.000000;200398.000000;23222.000000;0.000000;207.302017
188.000000;23636.000000;16909.000000;0.000000;114428.000000;23222.000000;0.000000;208.717102
189.000000;23636.000000;16327.000000;0.000000;171215.000000;23222.000000;0.000000;210.137970
190.000000;23636.000000;16213.000000;0.000000;172178.000000;23222.000000;0.000000;211.546371
191.000000;23636.000000;16347.000000;0.000000;153130.000000;23222.000000;0.000000;212.949539
192.000000;23636.000000;17094.000000;0.000000;103867.000000;23222.000000;0.000000;214.360901
193.000000;23636.000000;17912.000000;0.000000;135985.000000;23222.000000;0.000000;215.772797
194.000000;23636.000000;16389.000000;0.000000;184643.000000;23222.000000;0.000000;217.182938
195.000000;23636.000000;17096.000000;0.000000;128091.000000;23222.000000;0.000000;218.595657
196.000000;23636.000000;16044.000000;0.000000;182941.000000;23222.000000;0.000000;220.016266
197.000000;23636.000000;17261.000000;0.000000;174780.000000;23222.000000;0.000000;221.422791
198.000000;23636.000000;17634.000000;0.000000;150898.000000;23222.000000;0.000000;222.827347
199.000000;23636.000000;15596.000000;0.000000;214133.000000;23222.000000;0.000000;224.224396
200.000000;23636.000000;16508.000000;0.000000;175150.000000;23222.000000;0.000000;225.660492
201.000000;23636.000000;15951.000000;0.000000;165191.000000;23222.000000;0.000000;227.116943
202.000000;23636.000000;17121.000000;0.000000;175492.000000;23222.000000;0.000000;228.526703
203.000000;23636.000000;16429.000000;0.000000;183458.000000;23222.000000;0.000000;229.935577
204.000000;23636.000000;15535.000000;0.000000;166360.000000;23222.000000;0.000000;231.347122
205.000000;23636.000000;18580.000000;0.000000;100192.000000;23222.000000;0.000000;232.740860
206.000000;23636.000000;16194.000000;0.000000;161998.000000;23222.000000;0.000000;234.132935
207.000000;23636.000000;19369.000000;0.000000;93663.000000;23222.000000;0.000000;235.542023
208.000000;23636.000000;16484.000000;0.000000;158000.000000;23222.000000;0.000000;236.943771
209.000000;23636.000000;16387.000000;0.000000;145470.000000;23222.000000;0.000000;238.353119
210.000000;23636.000000;15119.000000;0.000000;202542.000000;23222.000000;0.000000;239.777939
211.000000;23636.000000;15507.000000;0.000000;208877.000000;23222.000000;0.000000;241.189423
212.000000;23636.000000;17287.000000;0.000000;146378.000000;23222.000000;0.000000;242.601212
213.000000;23636.000000;15446.000000;0.000000;183054.000000;23222.000000;0.000000;244.011139
214.000000;23636.000000;15047.000000;0.000000;239966.000000;23222.000000;0.000000;245.421936
215.000000;23636.000000;17307.000000;0.000000;142018.000000;23222.000000;0.000000;246.832581
216.000000;23636.000000;15860.000000;0.000000;179017.000000;23222.000000;0.000000;248.234558
217.000000;23636.000000;16297.000000;0.000000;154490.000000;23222.000000;0.000000;249.659058
218.000000;23636.000000;15895.000000;0.000000;199673.000000;23222.000000;0.000000;251.072342
219.000000;23636.000000;16411.000000;0.000000;144750.000000;23222.000000;0.000000;252.484055
220.000000;23636.000000;16606.000000;0.000000;164063.000000;23222.000000;0.000000;253.896301
221.000000;23636.000000;15815.000000;0.000000;173069.000000;23222.000000;0.000000;255.375305
222.000000;23636.000000;15984.000000;0.000000;211968.000000;23222.000000;0.000000;256.797760
223.000000;23636.000000;17788.000000;0.000000;74769.000000;23222.000000;0.000000;258.204681
224.000000;23636.000000;17758.000000;0.000000;168147.000000;23222.000000;0.000000;259.633972
225.000000;23636.000000;15857.000000;0.000000;134070.000000;23222.000000;0.000000;261.097717
226.000000;23636.000000;17070.000000;0.000000;173283.000000;23222.000000;0.000000;262.518463
227.000000;23636.000000;16477.000000;0.000000;175037.000000;23222.000000;0.000000;263.933350
228.000000;23636.000000;17925.000000;0.000000;155193.000000;23222.000000;0.000000;265.349426
229.000000;23636.000000;15644.000000;0.000000;207326.000000;23222.000000;0.000000;266.769379
230.000000;23636.000000;15254.000000;0.000000;277468.000000;23222.000000;0.000000;268.241577
231.000000;23636.000000;18943.000000;0.000000;94643.000000;23222.000000;0.000000;269.677673
232.000000;23636.000000;16259.000000;0.000000;193913.000000;23222.000000;0.000000;271.113007
233.000000;23636.000000;17061.000000;0.000000;179511.000000;23222.000000;0.000000;272.542938
234.000000;23636.000000;16342.000000;0.000000;161495.000000;23222.000000;0.000000;273.965790
235.000000;23636.000000;17108.000000;0.000000;200372.000000;23222.000000;0.000000;275.390045
236.000000;23636.000000;17669.000000;0.000000;137062.000000;23222.000000;0.000000;276.812805
237.000000;23636.000000;17021.000000;0.000000;195431.000000;23222.000000;0.000000;278.227570
238.000000;23636.000000;17194.000000;0.000000;110302.000000;23222.000000;0.000000;279.658661
239.000000;23636.000000;16645.000000;0.000000;158357.000000;23222.000000;0.000000;281.075623
240.000000;23636.000000;15193.000000;0.000000;215646.000000;23222.000000;0.000000;282.492340
241.000000;23636.000000;18415.000000;0.000000;68602.000000;23222.000000;0.000000;283.976776
242.000000;23636.000000;15027.000000;0.000000;228685.000000;23222.000000;0.000000;285.424835
243.000000;23636.000000;16856.000000;0.000000;145812.000000;23222.000000;0.000000;286.890411
244.000000;23636.000000;14912.000000;0.000000;247800.000000;23222.000000;0.000000;288.318878
245.000000;23636.000000;17869.000000;0.000000;127550.000000;23222.000000;0.000000;289.772308
246.000000;23636.000000;15768.000000;0.000000;185278.000000;23222.000000;0.000000;291.196533
247.000000;23636.000000;15369.000000;0.000000;264343.000000;23222.000000;0.000000;292.618622
248.000000;23636.000000;15931.000000;0.000000;183513.000000;23222.000000;0.000000;294.067413
249.000000;23636.000000;15743.000000;0.000000;196950.000000;23222.000000;0.000000;295.492676
250.000000;23636.000000;16881.000000;0.000000;166001.000000;23222.000000;0.000000;296.948669
251.000000;23636.000000;15335.000000;0.000000;225586.000000;23222.000000;0.000000;298.380890
252.000000;23636.000000;16437.000000;0.000000;184628.000000;23222.000000;0.000000;299.839142
253.000000;23636.000000;15749.000000;0.000000;198856.000000;23222.000000;0.000000;301.265228
254.000000;23636.000000;16537.000000;0.000000;157516.000000;23222.000000;0.000000;302.700714
255.000000;23636.000000;15305.000000;0.000000;206266.000000;23222.000000;0.000000;304.232544
256.000000;23636.000000;18103.000000;0.000000;156574.000000;23222.000000;0.000000;305.692230
257.000000;23636.000000;18277.000000;0.000000;114142.000000;23222.000000;0.000000;307.157196
258.000000;23636.000000;17464.000000;0.000000;132056.000000;23222.000000;0.000000;308.643372
259.000000;23636.000000;18679.000000;0.000000;94420.000000;23222.000000;0.000000;310.141205
260.000000;23636.000000;17451.000000;0.000000;121482.000000;23222.000000;0.000000;311.572357
261.000000;23636.000000;14656.000000;0.000000;263868.000000;23222.000000;0.000000;313.062897
262.000000;23636.000000;15531.000000;0.000000;215284.000000;23222.000000;0.000000;314.509644
263.000000;23636.000000;16269.000000;0.000000;171484.000000;23222.000000;0.000000;315.956299
264.000000;23636.000000;16288.000000;0.000000;173087.000000;23222.000000;0.000000;317.388489
265.000000;23636.000000;15991.000000;0.000000;209179.000000;23222.000000;0.000000;318.830475
266.000000;23636.000000;18895.000000;0.000000;92711.000000;23222.000000;0.000000;320.288269
267.000000;23636.000000;16914.000000;0.000000;108197.000000;23222.000000;0.000000;321.717621
268.000000;23636.000000;15605.000000;0.000000;174901.000000;23222.000000;0.000000;323.150116
269.000000;23636.000000;16972.000000;0.000000;134555.000000;23222.000000;0.000000;324.576019
270.000000;23636.000000;17996.000000;0.000000;154470.000000;23222.000000;0.000000;326.013947
271.000000;23636.000000;15355.000000;0.000000;210345.000000;23222.000000;0.000000;327.440918
272.000000;23636.000000;17984.000000;0.000000;136166.000000;23222.000000;0.000000;328.869659
273.000000;23636.000000;15340.000000;0.000000;212631.000000;23222.000000;0.000000;330.323090
274.000000;23636.000000;16977.000000;0.000000;200006.000000;23222.000000;0.000000;331.762146
275.000000;23636.000000;18553.000000;0.000000;114724.000000;23222.000000;0.000000;333.204742
276.000000;23636.000000;15894.000000;0.000000;199842.000000;23222.000000;0.000000;334.646667
277.000000;23636.000000;15559.000000;0.000000;214140.000000;23222.000000;0.000000;336.085663
278.000000;23636.000000;17133.000000;0.000000;160240.000000;23222.000000;0.000000;337.527008
279.000000;23636.000000;16111.000000;0.000000;194677.000000;23222.000000;0.000000;338.970520
280.000000;23636.000000;16802.000000;0.000000;131654.000000;23222.000000;0.000000;340.424622
281.000000;23636.000000;16006.000000;0.000000;219351.000000;23222.000000;0.000000;341.925903
282.000000;23636.000000;16541.000000;0.000000;198922.000000;23222.000000;0.000000;343.375885
283.000000;23636.000000;15170.000000;0.000000;212335.000000;23222.000000;0.000000;344.828430
284.000000;23636.000000;16388.000000;0.000000;171672.000000;23222.000000;0.000000;346.295654
285.000000;23636.000000;15102.000000;0.000000;219842.000000;23222.000000;0.000000;347.743439
286.000000;23636.000000;17647.000000;0.000000;106002.000000;23222.000000;0.000000;349.225220
287.000000;23636.000000;15236.000000;0.000000;208876.000000;23222.000000;0.000000;350.678009
288.000000;23636.000000;18402.000000;0.000000;42188.000000;23222.000000;0.000000;352.114563
289.000000;23636.000000;15103.000000;0.000000;207792.000000;23222.000000;0.000000;353.552368
290.000000;23636.000000;17895.000000;0.000000;93746.000000;23222.000000;0.000000;354.995453
291.000000;23636.000000;16832.000000;0.000000;155918.000000;23222.000000;0.000000;356.446869
292.000000;23636.000000;15346.000000;0.000000;195511.000000;23222.000000;0.000000;357.911285
293.000000;23636.000000;19703.000000;0.000000;87577.000000;23222.000000;0.000000;359.380188
294.000000;23636.000000;15256.000000;0.000000;247573.000000;23222.000000;0.000000;360.995453
295.000000;23636.000000;16021.000000;0.000000;220869.000000;23222.000000;0.000000;362.490845
296.000000;23636.000000;14826.000000;0.000000;228003.000000;23222.000000;0.000000;364.081116
297.000000;23636.000000;15785.000000;0.000000;173893.000000;23222.000000;0.000000;365.624176
298.000000;23636.000000;17647.000000;0.000000;156341.000000;23222.000000;0.000000;367.067139
299.000000;23636.000000;16728.000000;0.000000;181163.000000;23222.000000;0.000000;368.507233
300.000000;23636.000000;16601.000000;0.000000;157859.000000;23222.000000;0.000000;369.964417
301.000000;23636.000000;19389.000000;0.000000;74141.000000;23222.000000;0.000000;371.496857
302.000000;23636.000000;16901.000000;0.000000;222893.000000;23222.000000;0.000000;372.951813
303.000000;23636.000000;16063.000000;0.000000;133694.000000;23222.000000;0.000000;374.400665
304.000000;23636.000000;15804.000000;0.000000;147218.000000;23222.000000;0.000000;375.855438
305.000000;23636.000000;16895.000000;0.000000;148814.000000;23222.000000;0.000000;377.292633
306.000000;23636.000000;15013.000000;0.000000;226048.000000;23222.000000;0.000000;378.742889
307.000000;23636.000000;17760.000000;0.000000;123962.000000;23222.000000;0.000000;380.197357
308.000000;23636.000000;15850.000000;0.000000;144493.000000;23222.000000;0.000000;381.718109
309.000000;23636.000000;16809.000000;0.000000;140024.000000;23222.000000;0.000000;383.206909
310.000000;23636.000000;16726.000000;0.000000;171958.000000;23222.000000;0.000000;384.657959
311.000000;23636.000000;15522.000000;0.000000;213670.000000;23222.000000;0.000000;386.118958
312.000000;23636.000000;18114.000000;0.000000;213140.000000;23222.000000;0.000000;387.580109
313.000000;23636.000000;15444.000000;0.000000;181463.000000;23222.000000;0.000000;389.039551
314.000000;23636.000000;15212.000000;0.000000;253058.000000;23222.000000;0.000000;390.564941
315.000000;23636.000000;15392.000000;0.000000;208307.000000;23222.000000;0.000000;392.028748
316.000000;23636.000000;16085.000000;0.000000;202985.000000;23222.000000;0.000000;393.489349
317.000000;23636.000000;17570.000000;0.000000;134940.000000;23222.000000;0.000000;394.943848
318.000000;23636.000000;16299.000000;0.000000;159880.000000;23222.000000;0.000000;396.423065
319.000000;23636.000000;15345.000000;0.000000;241622.000000;23222.000000;0.000000;397.884552
320.000000;23636.000000;16253.000000;0.000000;199163.000000;23222.000000;0.000000;399.344788
321.000000;23636.000000;17635.000000;0.000000;138265.000000;23222.000000;0.000000;400.878967
322.000000;23636.000000;17285.000000;0.000000;179589.000000;23222.000000;0.000000;402.342407
323.000000;23636.000000;17054.000000;0.000000;186477.000000;23222.000000;0.000000;403.793457
324.000000;23636.000000;15157.000000;0.000000;170370.000000;23222.000000;0.000000;405.281189
325.000000;23636.000000;16790.000000;0.000000;180389.000000;23222.000000;0.000000;406.751465
326.000000;23636.000000;15886.000000;0.000000;204452.000000;23222.000000;0.000000;408.207092
327.000000;23636.000000;18846.000000;0.000000;97846.000000;23222.000000;0.000000;409.677185
328.000000;23636.000000;15884.000000;0.000000;189779.000000;23222.000000;0.000000;411.151306
329.000000;23636.000000;16763.000000;0.000000;189007.000000;23222.000000;0.000000;412.620728
330.000000;23636.000000;17438.000000;0.000000;166542.000000;23222.000000;0.000000;414.082214
331.000000;23636.000000;15561.000000;0.000000;265915.000000;23222.000000;0.000000;415.571350
332.000000;23636.000000;15254.000000;0.000000;178399.000000;23222.000000;0.000000;417.052612
333.000000;23636.000000;16038.000000;0.000000;207094.000000;23222.000000;0.000000;418.517426
334.000000;23636.000000;16004.000000;0.000000;217719.000000;23222.000000;0.000000;420.194672
335.000000;23636.000000;16198.000000;0.000000;190743.000000;23222.000000;0.000000;422.131622
336.000000;23636.000000;16264.000000;0.000000;205340.000000;23222.000000;0.000000;424.283386
337.000000;23636.000000;15828.000000;0.000000;211528.000000;23222.000000;0.000000;426.154846
338.000000;23636.000000;15059.000000;0.000000;223751.000000;23222.000000;0.000000;427.660828
339.000000;23636.000000;15174.000000;0.000000;202141.000000;23222.000000;0.000000;429.332062
340.000000;23636.000000;15342.000000;0.000000;210660.000000;23222.000000;0.000000;430.848938
341.000000;23636.000000;16231.000000;0.000000;133923.000000;23222.000000;0.000000;432.417450
342.000000;23636.000000;14851.000000;0.000000;223893.000000;23222.000000;0.000000;433.920807
343.000000;23636.000000;15780.000000;0.000000;153497.000000;23222.000000;0.000000;435.504852
344.000000;23636.000000;15399.000000;0.000000;209045.000000;23222.000000;0.000000;436.971313
345.000000;23636.000000;16767.000000;0.000000;198077.000000;23222.000000;0.000000;438.434509
346.000000;23636.000000;17057.000000;0.000000;187003.000000;23222.000000;0.000000;440.410950
347.000000;23636.000000;16519.000000;0.000000;158974.000000;23222.000000;0.000000;442.393951
348.000000;23636.000000;15693.000000;0.000000;222468.000000;23222.000000;0.000000;443.875244
349.000000;23636.000000;16448.000000;0.000000;147812.000000;23222.000000;0.000000;445.435486
350.000000;23636.000000;16822.000000;0.000000;202767.000000;23222.000000;0.000000;446.922943
351.000000;23636.000000;17523.000000;0.000000;170629.000000;23222.000000;0.000000;448.401306
352.000000;23636.000000;17457.000000;0.000000;167929.000000;23222.000000;0.000000;449.882782
353.000000;23636.000000;15251.000000;0.000000;155662.000000;23222.000000;0.000000;451.471802
354.000000;23636.000000;17121.000000;0.000000;170585.000000;23222.000000;0.000000;453.089294
355.000000;23636.000000;16581.000000;0.000000;182370.000000;23222.000000;0.000000;454.739716
356.000000;23636.000000;16761.000000;0.000000;208400.000000;23222.000000;0.000000;456.256409
357.000000;23636.000000;16789.000000;0.000000;201377.000000;23222.000000;0.000000;457.889557
358.000000;23636.000000;16526.000000;0.000000;197688.000000;23222.000000;0.000000;459.404327
359.000000;23636.000000;15270.000000;0.000000;224576.000000;23222.000000;0.000000;461.089111
360.000000;23636.000000;16428.000000;0.000000;180964.000000;23222.000000;0.000000;462.421997
361.000000;23636.000000;17403.000000;0.000000;144968.000000;23222.000000;0.000000;463.985535
362.000000;23636.000000;16695.000000;0.000000;164703.000000;23222.000000;0.000000;465.546631
363.000000;23636.000000;15381.000000;0.000000;187034.000000;23222.000000;0.000000;467.225555
364.000000;23636.000000;17525.000000;0.000000;146823.000000;23222.000000;0.000000;468.723145
365.000000;23636.000000;14919.000000;0.000000;209409.000000;23222.000000;0.000000;470.212280
366.000000;23636.000000;17704.000000;0.000000;132650.000000;23222.000000;0.000000;471.733398
367.000000;23636.000000;16512.000000;0.000000;160597.000000;23222.000000;0.000000;473.226959
368.000000;23636.000000;15688.000000;0.000000;172231.000000;23222.000000;0.000000;474.717346
369.000000;23636.000000;16508.000000;0.000000;196772.000000;23222.000000;0.000000;476.260590
370.000000;23636.000000;17134.000000;0.000000;119386.000000;23222.000000;0.000000;477.788605
371.000000;23636.000000;14386.000000;0.000000;249335.000000;23222.000000;0.000000;479.311096
372.000000;23636.000000;18023.000000;0.000000;106180.000000;23222.000000;0.000000;480.853119
373.000000;23636.000000;17275.000000;0.000000;165057.000000;23222.000000;0.000000;482.324493
374.000000;23636.000000;16776.000000;0.000000;110296.000000;23222.000000;0.000000;483.706940
375.000000;23636.000000;16672.000000;0.000000;146830.000000;23222.000000;0.000000;485.046936
376.000000;23636.000000;17509.000000;0.000000;109655.000000;23222.000000;0.000000;486.394135
377.000000;23636.000000;16514.000000;0.000000;145167.000000;23222.000000;0.000000;487.735992
378.000000;23636.000000;15561.000000;0.000000;164516.000000;23222.000000;0.000000;489.073547
379.000000;23636.000000;16301.000000;0.000000;181874.000000;23222.000000;0.000000;490.410858
380.000000;23636.000000;15028.000000;0.000000;226850.000000;23222.000000;0.000000;491.777954
381.000000;23636.000000;16043.000000;0.000000;143879.000000;23222.000000;0.000000;493.432587
382.000000;23636.000000;15704.000000;0.000000;144782.000000;23222.000000;0.000000;494.962433
383.000000;23636.000000;16361.000000;0.000000;162937.000000;23222.000000;0.000000;496.503326
384.000000;23636.000000;16559.000000;0.000000;190664.000000;23222.000000;0.000000;498.023315
385.000000;23636.000000;17130.000000;0.000000;154555.000000;23222.000000;0.000000;499.527100
386.000000;23636.000000;16537.000000;0.000000;180320.000000;23222.000000;0.000000;501.057343
387.000000;23636.000000;17214.000000;0.000000;173897.000000;23222.000000;0.000000;502.588867
388.000000;23636.000000;16254.000000;0.000000;174429.000000;23222.000000;0.000000;504.165100
389.000000;23636.000000;21628.000000;0.000000;42222.000000;23222.000000;0.000000;505.686615
390.000000;23636.000000;17087.000000;0.000000;172485.000000;23222.000000;0.000000;507.381256
391.000000;23636.000000;15919.000000;0.000000;129728.000000;23222.000000;0.000000;508.962646
392.000000;23636.000000;19411.000000;0.000000;126973.000000;23222.000000;0.000000;510.476288
393.000000;23636.000000;16419.000000;0.000000;146099.000000;23222.000000;0.000000;512.019165
394.000000;23636.000000;16385.000000;0.000000;182922.000000;23222.000000;0.000000;513.531677
395.000000;23636.000000;16548.000000;0.000000;147098.000000;23222.000000;0.000000;515.102783
396.000000;23636.000000;16255.000000;0.000000;188172.000000;23222.000000;0.000000;516.645508
397.000000;23636.000000;16441.000000;0.000000;226892.000000;23222.000000;0.000000;518.187134
398.000000;23636.000000;17016.000000;0.000000;159482.000000;23222.000000;0.000000;519.825439
399.000000;23636.000000;14534.000000;0.000000;228190.000000;23222.000000;0.000000;521.274353
400.000000;23636.000000;14933.000000;0.000000;241702.000000;23222.000000;0.000000;522.643921
401.000000;23636.000000;15387.000000;0.000000;227341.000000;23222.000000;0.000000;524.240967
402.000000;23636.000000;15459.000000;0.000000;197366.000000;23222.000000;0.000000;525.853271
403.000000;23636.000000;17151.000000;0.000000;143372.000000;23222.000000;0.000000;527.403259
404.000000;23636.000000;16854.000000;0.000000;174322.000000;23222.000000;0.000000;528.928101
405.000000;23636.000000;14927.000000;0.000000;210272.000000;23222.000000;0.000000;530.446960
406.000000;23636.000000;17063.000000;0.000000;149867.000000;23222.000000;0.000000;531.987000
407.000000;23636.000000;14673.000000;0.000000;244178.000000;23222.000000;0.000000;533.504211
408.000000;23636.000000;16234.000000;0.000000;137164.000000;23222.000000;0.000000;535.021118
409.000000;23636.000000;16513.000000;0.000000;185656.000000;23222.000000;0.000000;536.553833
410.000000;23636.000000;15870.000000;0.000000;190561.000000;23222.000000;0.000000;538.084290
411.000000;23636.000000;15450.000000;0.000000;249400.000000;23222.000000;0.000000;539.623047
412.000000;23636.000000;15906.000000;0.000000;201779.000000;23222.000000;0.000000;541.197021
413.000000;23636.000000;16482.000000;0.000000;218505.000000;23222.000000;0.000000;542.771729
414.000000;23636.000000;17643.000000;0.000000;158553.000000;23222.000000;0.000000;544.321594
415.000000;23636.000000;16540.000000;0.000000;172653.000000;23222.000000;0.000000;545.871521
416.000000;23636.000000;16295.000000;0.000000;173527.000000;23222.000000;0.000000;547.291077
417.000000;23636.000000;16486.000000;0.000000;183241.000000;23222.000000;0.000000;548.652832
418.000000;23636.000000;17273.000000;0.000000;158110.000000;23222.000000;0.000000;550.017639
419.000000;23636.000000;16894.000000;0.000000;168761.000000;23222.000000;0.000000;551.396240
420.000000;23636.000000;14938.000000;0.000000;212224.000000;23222.000000;0.000000;552.768372
421.000000;23636.000000;16369.000000;0.000000;193955.000000;23222.000000;0.000000;554.448303
422.000000;23636.000000;16837.000000;0.000000;175545.000000;23222.000000;0.000000;556.024353
423.000000;23636.000000;16587.000000;0.000000;139510.000000;23222.000000;0.000000;557.583191
424.000000;23636.000000;16593.000000;0.000000;168436.000000;23222.000000;0.000000;559.116089
425.000000;23636.000000;18668.000000;0.000000;139007.000000;23222.000000;0.000000;560.663879
426.000000;23636.000000;16267.000000;0.000000;192013.000000;23222.000000;0.000000;562.234436
427.000000;23636.000000;17449.000000;0.000000;171588.000000;23222.000000;0.000000;563.835327
428.000000;23636.000000;16711.000000;0.000000;178559.000000;23222.000000;0.000000;565.377686
429.000000;23636.000000;16842.000000;0.000000;149670.000000;23222.000000;0.000000;566.910767
430.000000;23636.000000;17873.000000;0.000000;142828.000000;23222.000000;0.000000;568.455933
431.000000;23636.000000;16142.000000;0.000000;205465.000000;23222.000000;0.000000;570.004150
432.000000;23636.000000;19069.000000;0.000000;107600.000000;23222.000000;0.000000;571.576904
433.000000;23636.000000;16733.000000;0.000000;191458.000000;23222.000000;0.000000;573.123657
434.000000;23636.000000;17020.000000;0.000000;171853.000000;23222.000000;0.000000;574.721680
435.000000;23636.000000;16770.000000;0.000000;159496.000000;23222.000000;0.000000;576.293457
436.000000;23636.000000;14787.000000;0.000000;194997.000000;23222.000000;0.000000;577.858765
437.000000;23636.000000;14735.000000;0.000000;236243.000000;23222.000000;0.000000;579.418579
438.000000;23636.000000;18447.000000;0.000000;109729.000000;23222.000000;0.000000;580.820679
439.000000;23636.000000;15814.000000;0.000000;200335.000000;23222.000000;0.000000;582.243164
440.000000;23636.000000;15757.000000;0.000000;173499.000000;23222.000000;0.000000;583.638489
441.000000;23636.000000;15766.000000;0.000000;184500.000000;23222.000000;0.000000;585.326050
442.000000;23636.000000;17980.000000;0.000000;139145.000000;23222.000000;0.000000;586.919434
443.000000;23636.000000;18310.000000;0.000000;152231.000000;23222.000000;0.000000;588.504272
444.000000;23636.000000;16183.000000;0.000000;180801.000000;23222.000000;0.000000;590.055176
445.000000;23636.000000;16089.000000;0.000000;172237.000000;23222.000000;0.000000;591.609863
446.000000;23636.000000;15916.000000;0.000000;167285.000000;23222.000000;0.000000;593.171326
447.000000;23636.000000;16006.000000;0.000000;181054.000000;23222.000000;0.000000;594.781311
448.000000;23636.000000;15123.000000;0.000000;196007.000000;23222.000000;0.000000;596.445068
449.000000;23636.000000;16220.000000;0.000000;180505.000000;23222.000000;0.000000;598.127075
450.000000;23636.000000;17089.000000;0.000000;201080.000000;23222.000000;0.000000;599.723450
451.000000;23636.000000;15004.000000;0.000000;219080.000000;23222.000000;0.000000;601.314209
452.000000;23636.000000;16036.000000;0.000000;182018.000000;23222.000000;0.000000;602.914429
453.000000;23636.000000;16846.000000;0.000000;173580.000000;23222.000000;0.000000;604.349976
454.000000;23636.000000;17324.000000;0.000000;158011.000000;23222.000000;0.000000;605.745483
455.000000;23636.000000;17861.000000;0.000000;146625.000000;23222.000000;0.000000;607.135498
456.000000;23636.000000;16363.000000;0.000000;169452.000000;23222.000000;0.000000;608.523865
457.000000;23636.000000;14952.000000;0.000000;225344.000000;23222.000000;0.000000;609.916016
458.000000;23636.000000;16435.000000;0.000000;193737.000000;23222.000000;0.000000;611.307190
459.000000;23636.000000;15258.000000;0.000000;176758.000000;23222.000000;0.000000;612.732727
460.000000;23636.000000;17828.000000;0.000000;107415.000000;23222.000000;0.000000;614.122864
461.000000;23636.000000;14683.000000;0.000000;209070.000000;23222.000000;0.000000;615.858337
462.000000;23636.000000;18340.000000;0.000000;108886.000000;23222.000000;0.000000;617.466248
463.000000;23636.000000;14880.000000;0.000000;211733.000000;23222.000000;0.000000;619.067139
464.000000;23636.000000;17952.000000;0.000000;115552.000000;23222.000000;0.000000;620.640991
465.000000;23636.000000;17670.000000;0.000000;112460.000000;23222.000000;0.000000;622.237671
466.000000;23636.000000;15321.000000;0.000000;203660.000000;23222.000000;0.000000;623.897522
467.000000;23636.000000;16541.000000;0.000000;167108.000000;23222.000000;0.000000;625.469604
468.000000;23636.000000;14414.000000;0.000000;277154.000000;23222.000000;0.000000;627.051147
469.000000;23636.000000;16088.000000;0.000000;190875.000000;23222.000000;0.000000;628.630615
470.000000;23636.000000;15875.000000;0.000000;204745.000000;23222.000000;0.000000;630.257385
471.000000;23636.000000;15988.000000;0.000000;189520.000000;23222.000000;0.000000;631.848450
472.000000;23636.000000;16270.000000;0.000000;195742.000000;23222.000000;0.000000;633.493347
473.000000;23636.000000;16047.000000;0.000000;186378.000000;23222.000000;0.000000;635.114990
474.000000;23636.000000;14849.000000;0.000000;222624.000000;23222.000000;0.000000;636.722473
475.000000;23636.000000;15569.000000;0.000000;178664.000000;23222.000000;0.000000;638.315002
476.000000;23636.000000;15329.000000;0.000000;192742.000000;23222.000000;0.000000;639.850342
477.000000;23636.000000;17613.000000;0.000000;129686.000000;23222.000000;0.000000;641.359131
478.000000;23636.000000;16076.000000;0.000000;168120.000000;23222.000000;0.000000;642.812622
479.000000;23636.000000;15814.000000;0.000000;179354.000000;23222.000000;0.000000;644.221985
480.000000;23636.000000;18117.000000;0.000000;133498.000000;23222.000000;0.000000;645.773254
481.000000;23636.000000;15646.000000;0.000000;215873.000000;23222.000000;0.000000;647.426025
482.000000;23636.000000;16829.000000;0.000000;200754.000000;23222.000000;0.000000;649.202698
483.000000;23636.000000;16098.000000;0.000000;206604.000000;23222.000000;0.000000;650.813171
484.000000;23636.000000;16906.000000;0.000000;206758.000000;23222.000000;0.000000;652.425903
485.000000;23636.000000;17838.000000;0.000000;152945.000000;23222.000000;0.000000;654.148071
486.000000;23636.000000;18848.000000;0.000000;127915.000000;23222.000000;0.000000;655.737427
487.000000;23636.000000;15731.000000;0.000000;190973.000000;23222.000000;0.000000;657.325623
488.000000;23636.000000;16038.000000;0.000000;162046.000000;23222.000000;0.000000;658.913452
489.000000;23636.000000;15274.000000;0.000000;232781.000000;23222.000000;0.000000;660.689941
490.000000;23636.000000;17634.000000;0.000000;136838.000000;23222.000000;0.000000;662.475281
491.000000;23636.000000;17156.000000;0.000000;165784.000000;23222.000000;0.000000;664.109436
492.000000;23636.000000;18298.000000;0.000000;97769.000000;23222.000000;0.000000;665.689209
493.000000;23636.000000;15214.000000;0.000000;217089.000000;23222.000000;0.000000;667.115845
494.000000;23636.000000;16578.000000;0.000000;152485.000000;23222.000000;0.000000;668.653259
495.000000;23636.000000;17232.000000;0.000000;139217.000000;23222.000000;0.000000;670.453430
496.000000;23636.000000;14598.000000;0.000000;180233.000000;23222.000000;0.000000;671.872192
497.000000;23636.000000;16726.000000;0.000000;209970.000000;23222.000000;0.000000;673.328125
498.000000;23636.000000;16316.000000;0.000000;189702.000000;23222.000000;0.000000;674.751892
499.000000;23636.000000;16897.000000;0.000000;180601.000000;23222.000000;0.000000;676.178833
500.000000;23636.000000;18267.000000;0.000000;85826.000000;23222.000000;0.000000;677.725098
501.000000;23636.000000;16413.000000;0.000000;178828.000000;23222.000000;0.000000;679.601013
502.000000;23636.000000;16001.000000;0.000000;190647.000000;23222.000000;0.000000;682.425537
503.000000;23636.000000;16233.000000;0.000000;150175.000000;23222.000000;0.000000;685.119995
504.000000;23636.000000;16436.000000;0.000000;200282.000000;23222.000000;0.000000;687.795837
505.000000;23636.000000;16967.000000;0.000000;186898.000000;23222.000000;0.000000;690.499084
506.000000;23636.000000;15224.000000;0.000000;199804.000000;23222.000000;0.000000;693.140930
507.000000;23636.000000;18707.000000;0.000000;84491.000000;23222.000000;0.000000;695.434998
508.000000;23636.000000;16114.000000;0.000000;211913.000000;23222.000000;0.000000;697.084473
509.000000;23636.000000;16772.000000;0.000000;191012.000000;23222.000000;0.000000;698.721008
510.000000;23636.000000;16266.000000;0.000000;178003.000000;23222.000000;0.000000;700.316528
511.000000;23636.000000;15484.000000;0.000000;155824.000000;23222.000000;0.000000;701.760864
512.000000;23636.000000;17060.000000;0.000000;125866.000000;23222.000000;0.000000;703.227295
513.000000;23636.000000;16714.000000;0.000000;180726.000000;23222.000000;0.000000;704.670776
514.000000;23636.000000;15379.000000;0.000000;214329.000000;23222.000000;0.000000;706.201294
515.000000;23636.000000;16172.000000;0.000000;140177.000000;23222.000000;0.000000;707.645569
516.000000;23636.000000;19161.000000;0.000000;110660.000000;23222.000000;0.000000;709.088257
517.000000;23636.000000;16045.000000;0.000000;223982.000000;23222.000000;0.000000;710.564819
518.000000;23636.000000;16546.000000;0.000000;209588.000000;23222.000000;0.000000;712.013062
519.000000;23636.000000;16225.000000;0.000000;182024.000000;23222.000000;0.000000;713.493347
520.000000;23636.000000;16480.000000;0.000000;164313.000000;23222.000000;0.000000;714.949768
521.000000;23636.000000;16575.000000;0.000000;151070.000000;23222.000000;0.000000;716.669922
522.000000;23636.000000;16909.000000;0.000000;204600.000000;23222.000000;0.000000;718.354858
523.000000;23636.000000;16093.000000;0.000000;173582.000000;23222.000000;0.000000;720.163208
524.000000;23636.000000;17802.000000;0.000000;118809.000000;23222.000000;0.000000;722.443359
525.000000;23636.000000;16918.000000;0.000000;164932.000000;23222.000000;0.000000;724.873840
526.000000;23636.000000;17377.000000;0.000000;151935.000000;23222.000000;0.000000;726.687195
527.000000;23636.000000;15826.000000;0.000000;228253.000000;23222.000000;0.000000;728.404114
528.000000;23636.000000;17731.000000;0.000000;120723.000000;23222.000000;0.000000;730.049805
529.000000;23636.000000;16239.000000;0.000000;151921.000000;23222.000000;0.000000;731.692261
530.000000;23636.000000;16497.000000;0.000000;155385.000000;23222.000000;0.000000;733.372681
531.000000;23636.000000;16347.000000;0.000000;191214.000000;23222.000000;0.000000;735.119324
532.000000;23636.000000;16733.000000;0.000000;115458.000000;23222.000000;0.000000;736.766846
533.000000;23636.000000;14682.000000;0.000000;200583.000000;23222.000000;0.000000;738.414917
534.000000;23636.000000;15218.000000;0.000000;224507.000000;23222.000000;0.000000;740.158386
535.000000;23636.000000;14623.000000;0.000000;237308.000000;23222.000000;0.000000;741.833984
536.000000;23636.000000;16627.000000;0.000000;219552.000000;23222.000000;0.000000;743.558350
537.000000;23636.000000;16279.000000;0.000000;157718.000000;23222.000000;0.000000;745.380920
538.000000;23636.000000;15690.000000;0.000000;165233.000000;23222.000000;0.000000;746.982178
539.000000;23636.000000;15058.000000;0.000000;244505.000000;23222.000000;0.000000;748.565063
540.000000;23636.000000;17777.000000;0.000000;119821.000000;23222.000000;0.000000;750.154236
541.000000;23636.000000;16729.000000;0.000000;175927.000000;23222.000000;0.000000;751.794189
542.000000;23636.000000;14725.000000;0.000000;225326.000000;23222.000000;0.000000;753.958862
543.000000;23636.000000;15919.000000;0.000000;186811.000000;23222.000000;0.000000;755.859375
544.000000;23636.000000;15853.000000;0.000000;219904.000000;23222.000000;0.000000;757.599731
545.000000;23636.000000;15740.000000;0.000000;191394.000000;23222.000000;0.000000;759.221802
546.000000;23636.000000;15548.000000;0.000000;223495.000000;23222.000000;0.000000;760.834778
547.000000;23636.000000;16901.000000;0.000000;167379.000000;23222.000000;0.000000;762.428162
548.000000;23636.000000;19022.000000;0.000000;116386.000000;23222.000000;0.000000;764.054321
549.000000;23636.000000;15528.000000;0.000000;183273.000000;23222.000000;0.000000;765.885498
550.000000;23636.000000;16169.000000;0.000000;181616.000000;23222.000000;0.000000;767.478760
551.000000;23636.000000;15360.000000;0.000000;221802.000000;23222.000000;0.000000;769.057983
552.000000;23636.000000;16532.000000;0.000000;149632.000000;23222.000000;0.000000;770.785095
553.000000;23636.000000;16710.000000;0.000000;166796.000000;23222.000000;0.000000;772.407349
554.000000;23636.000000;17170.000000;0.000000;123945.000000;23222.000000;0.000000;774.078186
555.000000;23636.000000;15970.000000;0.000000;202657.000000;23222.000000;0.000000;775.680725
556.000000;23636.000000;15794.000000;0.000000;192272.000000;23222.000000;0.000000;777.224487
557.000000;23636.000000;15304.000000;0.000000;230154.000000;23222.000000;0.000000;778.608032
558.000000;23636.000000;16045.000000;0.000000;185026.000000;23222.000000;0.000000;779.991211
559.000000;23636.000000;16431.000000;0.000000;161685.000000;23222.000000;0.000000;781.378601
560.000000;23636.000000;15783.000000;0.000000;183730.000000;23222.000000;0.000000;782.773376
561.000000;23636.000000;15083.000000;0.000000;217723.000000;23222.000000;0.000000;784.440979
562.000000;23636.000000;16276.000000;0.000000;163339.000000;23222.000000;0.000000;786.056213
563.000000;23636.000000;16331.000000;0.000000;148838.000000;23222.000000;0.000000;787.654785
564.000000;23636.000000;16553.000000;0.000000;176200.000000;23222.000000;0.000000;789.232178
565.000000;23636.000000;17653.000000;0.000000;90365.000000;23222.000000;0.000000;790.938171
566.000000;23636.000000;16350.000000;0.000000;196943.000000;23222.000000;0.000000;792.505188
567.000000;23636.000000;17339.000000;0.000000;124613.000000;23222.000000;0.000000;794.091309
568.000000;23636.000000;15409.000000;0.000000;215787.000000;23222.000000;0.000000;795.898560
569.000000;23636.000000;15869.000000;0.000000;128005.000000;23222.000000;0.000000;798.014526
570.000000;23636.000000;15865.000000;0.000000;212160.000000;23222.000000;0.000000;799.666870
571.000000;23636.000000;16524.000000;0.000000;143773.000000;23222.000000;0.000000;801.223938
572.000000;23636.000000;17366.000000;0.000000;129860.000000;23222.000000;0.000000;802.777649
573.000000;23636.000000;16141.000000;0.000000;187701.000000;23222.000000;0.000000;804.378235
574.000000;23636.000000;15644.000000;0.000000;223813.000000;23222.000000;0.000000;805.918152
575.000000;23636.000000;16128.000000;0.000000;167569.000000;23222.000000;0.000000;807.448486
576.000000;23636.000000;14864.000000;0.000000;191427.000000;23222.000000;0.000000;808.964722
577.000000;23636.000000;16422.000000;0.000000;170313.000000;23222.000000;0.000000;810.484009
578.000000;23636.000000;16193.000000;0.000000;188466.000000;23222.000000;0.000000;812.006104
579.000000;23636.000000;13505.000000;0.000000;271809.000000;23222.000000;0.000000;813.592712
580.000000;23636.000000;14264.000000;0.000000;227558.000000;23222.000000;0.000000;815.163391
581.000000;23636.000000;16371.000000;0.000000;181901.000000;23222.000000;0.000000;816.805664
582.000000;23636.000000;18368.000000;0.000000;111028.000000;23222.000000;0.000000;818.371826
583.000000;23636.000000;15055.000000;0.000000;217694.000000;23222.000000;0.000000;819.935669
584.000000;23636.000000;17793.000000;0.000000;129788.000000;23222.000000;0.000000;821.475647
585.000000;23636.000000;16234.000000;0.000000;164836.000000;23222.000000;0.000000;823.005737
586.000000;23636.000000;17473.000000;0.000000;172089.000000;23222.000000;0.000000;824.564087
587.000000;23636.000000;17767.000000;0.000000;182197.000000;23222.000000;0.000000;826.230164
588.000000;23636.000000;17516.000000;0.000000;163271.000000;23222.000000;0.000000;827.750122
589.000000;23636.000000;16742.000000;0.000000;156702.000000;23222.000000;0.000000;829.276062
590.000000;23636.000000;15395.000000;0.000000;190424.000000;23222.000000;0.000000;830.802795
591.000000;23636.000000;16333.000000;0.000000;163975.000000;23222.000000;0.000000;832.329468
592.000000;23636.000000;15804.000000;0.000000;204360.000000;23222.000000;0.000000;833.892395
593.000000;23636.000000;17141.000000;0.000000;147484.000000;23222.000000;0.000000;835.444397
594.000000;23636.000000;15261.000000;0.000000;257824.000000;23222.000000;0.000000;836.955811
595.000000;23636.000000;15373.000000;0.000000;208557.000000;23222.000000;0.000000;838.449463
596.000000;23636.000000;18477.000000;0.000000;137023.000000;23222.000000;0.000000;839.944153
597.000000;23636.000000;16870.000000;0.000000;147887.000000;23222.000000;0.000000;841.445251
598.000000;23636.000000;16017.000000;0.000000;238103.000000;23222.000000;0.000000;842.939331
599.000000;23636.000000;15998.000000;0.000000;255036.000000;23222.000000;0.000000;844.503723
600.000000;23636.000000;17837.000000;0.000000;138731.000000;23222.000000;0.000000;846.038208
601.000000;23636.000000;15192.000000;0.000000;203467.000000;23222.000000;0.000000;847.702209
602.000000;23636.000000;14528.000000;0.000000;201665.000000;23222.000000;0.000000;849.222656
603.000000;23636.000000;15620.000000;0.000000;213150.000000;23222.000000;0.000000;850.748901
604.000000;23636.000000;15628.000000;0.000000;171723.000000;23222.000000;0.000000;852.248413
605.000000;23636.000000;15499.000000;0.000000;184144.000000;23222.000000;0.000000;853.781006
606.000000;23636.000000;15491.000000;0.000000;210589.000000;23222.000000;0.000000;855.443115
607.000000;23636.000000;14829.000000;0.000000;208319.000000;23222.000000;0.000000;856.952209
608.000000;23636.000000;16093.000000;0.000000;179499.000000;23222.000000;0.000000;858.449524
609.000000;23636.000000;15347.000000;0.000000;225425.000000;23222.000000;0.000000;859.990479
610.000000;23636.000000;15868.000000;0.000000;235642.000000;23222.000000;0.000000;861.507812
611.000000;23636.000000;17756.000000;0.000000;146362.000000;23222.000000;0.000000;863.022583
612.000000;23636.000000;15360.000000;0.000000;219215.000000;23222.000000;0.000000;864.736023
613.000000;23636.000000;16278.000000;0.000000;196800.000000;23222.000000;0.000000;866.263184
614.000000;23636.000000;15829.000000;0.000000;226883.000000;23222.000000;0.000000;867.768311
615.000000;23636.000000;16695.000000;0.000000;188614.000000;23222.000000;0.000000;869.277771
616.000000;23636.000000;15031.000000;0.000000;236232.000000;23222.000000;0.000000;870.793274
617.000000;23636.000000;15457.000000;0.000000;225897.000000;23222.000000;0.000000;872.308350
618.000000;23636.000000;17325.000000;0.000000;121527.000000;23222.000000;0.000000;873.836182
619.000000;23636.000000;15825.000000;0.000000;166501.000000;23222.000000;0.000000;875.395813
620.000000;23636.000000;17160.000000;0.000000;181587.000000;23222.000000;0.000000;876.929260
621.000000;23636.000000;16308.000000;0.000000;190504.000000;23222.000000;0.000000;878.521301
622.000000;23636.000000;17718.000000;0.000000;187747.000000;23222.000000;0.000000;880.070923
623.000000;23636.000000;17173.000000;0.000000;151999.000000;23222.000000;0.000000;881.611755
624.000000;23636.000000;18296.000000;0.000000;145039.000000;23222.000000;0.000000;883.139099
625.000000;23636.000000;17571.000000;0.000000;138300.000000;23222.000000;0.000000;884.698303
626.000000;23636.000000;18190.000000;0.000000;169910.000000;23222.000000;0.000000;886.302551
627.000000;23636.000000;15636.000000;0.000000;153677.000000;23222.000000;0.000000;887.818481
628.000000;23636.000000;16395.000000;0.000000;197172.000000;23222.000000;0.000000;889.331299
629.000000;23636.000000;17268.000000;0.000000;153780.000000;23222.000000;0.000000;890.881287
630.000000;23636.000000;14437.000000;0.000000;252093.000000;23222.000000;0.000000;892.463379
631.000000;23636.000000;15595.000000;0.000000;195879.000000;23222.000000;0.000000;894.069885
632.000000;23636.000000;17074.000000;0.000000;180473.000000;23222.000000;0.000000;895.641174
633.000000;23636.000000;16049.000000;0.000000;192561.000000;23222.000000;0.000000;897.154297
634.000000;23636.000000;15539.000000;0.000000;249749.000000;23222.000000;0.000000;898.534119
635.000000;23636.000000;15885.000000;0.000000;151479.000000;23222.000000;0.000000;899.904602
636.000000;23636.000000;15671.000000;0.000000;172758.000000;23222.000000;0.000000;901.335266
637.000000;23636.000000;17856.000000;0.000000;136641.000000;23222.000000;0.000000;902.696411
638.000000;23636.000000;16961.000000;0.000000;154638.000000;23222.000000;0.000000;904.083496
639.000000;23636.000000;16298.000000;0.000000;146117.000000;23222.000000;0.000000;905.462952
640.000000;23636.000000;15936.000000;0.000000;212715.000000;23222.000000;0.000000;906.837280
641.000000;23636.000000;15216.000000;0.000000;204042.000000;23222.000000;0.000000;908.530029
642.000000;23636.000000;16539.000000;0.000000;196527.000000;23222.000000;0.000000;910.091125
643.000000;23636.000000;17474.000000;0.000000;147019.000000;23222.000000;0.000000;911.653687
644.000000;23636.000000;14809.000000;0.000000;224820.000000;23222.000000;0.000000;913.184753
645.000000;23636.000000;16140.000000;0.000000;168010.000000;23222.000000;0.000000;914.750366
646.000000;23636.000000;15353.000000;0.000000;197485.000000;23222.000000;0.000000;916.289062
647.000000;23636.000000;15707.000000;0.000000;209928.000000;23222.000000;0.000000;917.818359
648.000000;23636.000000;15474.000000;0.000000;207201.000000;23222.000000;0.000000;919.348267
649.000000;23636.000000;15953.000000;0.000000;164628.000000;23222.000000;0.000000;920.910034
650.000000;23636.000000;15045.000000;0.000000;223986.000000;23222.000000;0.000000;922.476990
651.000000;23636.000000;17085.000000;0.000000;124881.000000;23222.000000;0.000000;924.184875
652.000000;23636.000000;19364.000000;0.000000;103802.000000;23222.000000;0.000000;925.774536
653.000000;23636.000000;15059.000000;0.000000;290060.000000;23222.000000;0.000000;927.305298
654.000000;23636.000000;16584.000000;0.000000;172698.000000;23222.000000;0.000000;928.848328
655.000000;23636.000000;15611.000000;0.000000;197158.000000;23222.000000;0.000000;930.383545
656.000000;23636.000000;18199.000000;0.000000;169890.000000;23222.000000;0.000000;931.925415
657.000000;23636.000000;15453.000000;0.000000;202391.000000;23222.000000;0.000000;933.462585
658.000000;23636.000000;17316.000000;0.000000;141422.000000;23222.000000;0.000000;935.080383
659.000000;23636.000000;15205.000000;0.000000;196660.000000;23222.000000;0.000000;936.647278
660.000000;23636.000000;14918.000000;0.000000;229102.000000;23222.000000;0.000000;938.205627
661.000000;23636.000000;15883.000000;0.000000;176923.000000;23222.000000;0.000000;939.836548
662.000000;23636.000000;15687.000000;0.000000;212843.000000;23222.000000;0.000000;941.416748
663.000000;23636.000000;16350.000000;0.000000;185961.000000;23222.000000;0.000000;942.995789
664.000000;23636.000000;16258.000000;0.000000;164118.000000;23222.000000;0.000000;944.588684
665.000000;23636.000000;17237.000000;0.000000;161207.000000;23222.000000;0.000000;946.186340
666.000000;23636.000000;14937.000000;0.000000;194094.000000;23222.000000;0.000000;947.749939
667.000000;23636.000000;18242.000000;0.000000;119559.000000;23222.000000;0.000000;949.404358
668.000000;23636.000000;18533.000000;0.000000;116688.000000;23222.000000;0.000000;950.945190
669.000000;23636.000000;17233.000000;0.000000;135206.000000;23222.000000;0.000000;952.541321
670.000000;23636.000000;16379.000000;0.000000;133605.000000;23222.000000;0.000000;954.139404
671.000000;23636.000000;15871.000000;0.000000;214427.000000;23222.000000;0.000000;955.752563
672.000000;23636.000000;15074.000000;0.000000;201186.000000;23222.000000;0.000000;957.329346
673.000000;23636.000000;16306.000000;0.000000;177817.000000;23222.000000;0.000000;958.725281
674.000000;23636.000000;19598.000000;0.000000;98277.000000;23222.000000;0.000000;960.110535
675.000000;23636.000000;16247.000000;0.000000;141118.000000;23222.000000;0.000000;961.503174
676.000000;23636.000000;15831.000000;0.000000;186320.000000;23222.000000;0.000000;962.908875
677.000000;23636.000000;16989.000000;0.000000;173917.000000;23222.000000;0.000000;964.305847
678.000000;23636.000000;16675.000000;0.000000;164718.000000;23222.000000;0.000000;965.726807
679.000000;23636.000000;17040.000000;0.000000;188872.000000;23222.000000;0.000000;967.128479
680.000000;23636.000000;17310.000000;0.000000;148277.000000;23222.000000;0.000000;968.520813
681.000000;23636.000000;18001.000000;0.000000;114255.000000;23222.000000;0.000000;970.255798
682.000000;23636.000000;16080.000000;0.000000;197718.000000;23222.000000;0.000000;971.859863
683.000000;23636.000000;17679.000000;0.000000;66998.000000;23222.000000;0.000000;973.449951
684.000000;23636.000000;15412.000000;0.000000;228403.000000;23222.000000;0.000000;975.056091
685.000000;23636.000000;15781.000000;0.000000;224279.000000;23222.000000;0.000000;976.628967
686.000000;23636.000000;16068.000000;0.000000;212631.000000;23222.000000;0.000000;978.206543
687.000000;23636.000000;19012.000000;0.000000;110690.000000;23222.000000;0.000000;979.767029
688.000000;23636.000000;15623.000000;0.000000;204146.000000;23222.000000;0.000000;981.322693
689.000000;23636.000000;16101.000000;0.000000;229644.000000;23222.000000;0.000000;982.948364
690.000000;23636.000000;15059.000000;0.000000;249917.000000;23222.000000;0.000000;984.699829
691.000000;23636.000000;16915.000000;0.000000;158338.000000;23222.000000;0.000000;986.339050
692.000000;23636.000000;16426.000000;0.000000;147259.000000;23222.000000;0.000000;987.904724
693.000000;23636.000000;16428.000000;0.000000;159147.000000;23222.000000;0.000000;989.505554
694.000000;23636.000000;16618.000000;0.000000;184788.000000;23222.000000;0.000000;991.075684
695.000000;23636.000000;17309.000000;0.000000;142284.000000;23222.000000;0.000000;992.645020
696.000000;23636.000000;16010.000000;0.000000;167190.000000;23222.000000;0.000000;994.215027
697.000000;23636.000000;16452.000000;0.000000;168161.000000;23222.000000;0.000000;995.868103
698.000000;23636.000000;15915.000000;0.000000;161649.000000;23222.000000;0.000000;997.466614
699.000000;23636.000000;16050.000000;0.000000;202284.000000;23222.000000;0.000000;999.083008
700.000000;23636.000000;16935.000000;0.000000;146446.000000;23222.000000;0.000000;1000.696472
701.000000;23636.000000;16476.000000;0.000000;148102.000000;23222.000000;0.000000;1002.390808
702.000000;23636.000000;18803.000000;0.000000;96096.000000;23222.000000;0.000000;1004.008606
703.000000;23636.000000;17401.000000;0.000000;148109.000000;23222.000000;0.000000;1005.728760
704.000000;23636.000000;17415.000000;0.000000;169829.000000;23222.000000;0.000000;1007.322815
705.000000;23636.000000;16074.000000;0.000000;186222.000000;23222.000000;0.000000;1008.900818
706.000000;23636.000000;17510.000000;0.000000;167709.000000;23222.000000;0.000000;1010.491455
707.000000;23636.000000;16245.000000;0.000000;191486.000000;23222.000000;0.000000;1012.077393
708.000000;23636.000000;18597.000000;0.000000;136566.000000;23222.000000;0.000000;1013.653687
709.000000;23636.000000;16094.000000;0.000000;196695.000000;23222.000000;0.000000;1015.265076
710.000000;23636.000000;19097.000000;0.000000;81610.000000;23222.000000;0.000000;1016.864136
711.000000;23636.000000;16685.000000;0.000000;132806.000000;23222.000000;0.000000;1018.459656
712.000000;23636.000000;19662.000000;0.000000;103297.000000;23222.000000;0.000000;1020.048950
713.000000;23636.000000;16713.000000;0.000000;128370.000000;23222.000000;0.000000;1021.650757
714.000000;23636.000000;16969.000000;0.000000;191541.000000;23222.000000;0.000000;1023.253845
715.000000;23636.000000;15449.000000;0.000000;180902.000000;23222.000000;0.000000;1024.897705
716.000000;23636.000000;16459.000000;0.000000;186382.000000;23222.000000;0.000000;1026.557007
717.000000;23636.000000;15789.000000;0.000000;197025.000000;23222.000000;0.000000;1028.180176
718.000000;23636.000000;16889.000000;0.000000;176597.000000;23222.000000;0.000000;1029.795654
719.000000;23636.000000;15987.000000;0.000000;149818.000000;23222.000000;0.000000;1031.349976
720.000000;23636.000000;16453.000000;0.000000;169457.000000;23222.000000;0.000000;1032.782959
721.000000;23636.000000;17606.000000;0.000000;119846.000000;23222.000000;0.000000;1034.559204
722.000000;23636.000000;16343.000000;0.000000;195582.000000;23222.000000;0.000000;1036.260376
723.000000;23636.000000;17552.000000;0.000000;145582.000000;23222.000000;0.000000;1037.897339
724.000000;23636.000000;17608.000000;0.000000;118338.000000;23222.000000;0.000000;1039.493896
725.000000;23636.000000;16738.000000;0.000000;172190.000000;23222.000000;0.000000;1041.096436
726.000000;23636.000000;15949.000000;0.000000;153760.000000;23222.000000;0.000000;1042.701538
727.000000;23636.000000;20029.000000;0.000000;70208.000000;23222.000000;0.000000;1044.404053
728.000000;23636.000000;16516.000000;0.000000;128704.000000;23222.000000;0.000000;1046.061523
729.000000;23636.000000;17103.000000;0.000000;201383.000000;23222.000000;0.000000;1047.671387
730.000000;23636.000000;16504.000000;0.000000;194111.000000;23222.000000;0.000000;1049.281250
731.000000;23636.000000;19105.000000;0.000000;105590.000000;23222.000000;0.000000;1050.927368
732.000000;23636.000000;16283.000000;0.000000;187116.000000;23222.000000;0.000000;1052.590332
733.000000;23636.000000;15825.000000;0.000000;173643.000000;23222.000000;0.000000;1054.274536
734.000000;23636.000000;16668.000000;0.000000;171225.000000;23222.000000;0.000000;1055.973511
735.000000;23636.000000;17331.000000;0.000000;187559.000000;23222.000000;0.000000;1057.632812
736.000000;23636.000000;16511.000000;0.000000;150712.000000;23222.000000;0.000000;1059.271973
737.000000;23636.000000;17046.000000;0.000000;166305.000000;23222.000000;0.000000;1060.732788
738.000000;23636.000000;15887.000000;0.000000;187379.000000;23222.000000;0.000000;1062.172119
739.000000;23636.000000;18987.000000;0.000000;95482.000000;23222.000000;0.000000;1063.608521
740.000000;23636.000000;16004.000000;0.000000;194985.000000;23222.000000;0.000000;1065.169922
741.000000;23636.000000;20432.000000;0.000000;58409.000000;23222.000000;0.000000;1066.968872
742.000000;23636.000000;16957.000000;0.000000;147398.000000;23222.000000;0.000000;1068.634766
743.000000;23636.000000;16219.000000;0.000000;168774.000000;23222.000000;0.000000;1070.280029
744.000000;23636.000000;15862.000000;0.000000;233436.000000;23222.000000;0.000000;1071.912476
745.000000;23636.000000;15103.000000;0.000000;231993.000000;23222.000000;0.000000;1073.527466
746.000000;23636.000000;15178.000000;0.000000;213036.000000;23222.000000;0.000000;1075.138550
747.000000;23636.000000;16894.000000;0.000000;195103.000000;23222.000000;0.000000;1076.734131
748.000000;23636.000000;16629.000000;0.000000;199461.000000;23222.000000;0.000000;1078.300903
749.000000;23636.000000;16340.000000;0.000000;182290.000000;23222.000000;0.000000;1079.879517
750.000000;23636.000000;17746.000000;0.000000;188322.000000;23222.000000;0.000000;1081.463257
751.000000;23636.000000;14244.000000;0.000000;232673.000000;23222.000000;0.000000;1083.048584
752.000000;23636.000000;18008.000000;0.000000;112970.000000;23222.000000;0.000000;1084.667236
753.000000;23636.000000;17307.000000;0.000000;172332.000000;23222.000000;0.000000;1086.335693
754.000000;23636.000000;18210.000000;0.000000;126171.000000;23222.000000;0.000000;1087.947388
755.000000;23636.000000;16545.000000;0.000000;160632.000000;23222.000000;0.000000;1089.557007
756.000000;23636.000000;15559.000000;0.000000;170802.000000;23222.000000;0.000000;1091.089722
757.000000;23636.000000;16016.000000;0.000000;153515.000000;23222.000000;0.000000;1092.489136
758.000000;23636.000000;18855.000000;0.000000;105442.000000;23222.000000;0.000000;1093.890015
759.000000;23636.000000;17978.000000;0.000000;125551.000000;23222.000000;0.000000;1095.293701
760.000000;23636.000000;17441.000000;0.000000;135974.000000;23222.000000;0.000000;1096.743286
761.000000;23636.000000;16488.000000;0.000000;164419.000000;23222.000000;0.000000;1098.508057
762.000000;23636.000000;16940.000000;0.000000;135401.000000;23222.000000;0.000000;1100.120239
763.000000;23636.000000;16825.000000;0.000000;217908.000000;23222.000000;0.000000;1101.732178
764.000000;23636.000000;15722.000000;0.000000;163824.000000;23222.000000;0.000000;1103.320801
765.000000;23636.000000;14278.000000;0.000000;277198.000000;23222.000000;0.000000;1104.989624
766.000000;23636.000000;17072.000000;0.000000;159067.000000;23222.000000;0.000000;1106.555420
767.000000;23636.000000;15928.000000;0.000000;214743.000000;23222.000000;0.000000;1108.084473
768.000000;23636.000000;16145.000000;0.000000;213787.000000;23222.000000;0.000000;1109.617310
769.000000;23636.000000;17560.000000;0.000000;145868.000000;23222.000000;0.000000;1111.153564
770.000000;23636.000000;16059.000000;0.000000;188928.000000;23222.000000;0.000000;1112.686646
771.000000;23636.000000;16430.000000;0.000000;184267.000000;23222.000000;0.000000;1114.258789
772.000000;23636.000000;17760.000000;0.000000;139269.000000;23222.000000;0.000000;1115.872192
773.000000;23636.000000;15717.000000;0.000000;255311.000000;23222.000000;0.000000;1117.433716
774.000000;23636.000000;16071.000000;0.000000;135553.000000;23222.000000;0.000000;1118.993286
775.000000;23636.000000;17570.000000;0.000000;155625.000000;23222.000000;0.000000;1120.482544
776.000000;23636.000000;16967.000000;0.000000;147642.000000;23222.000000;0.000000;1121.865356
777.000000;23636.000000;16453.000000;0.000000;179437.000000;23222.000000;0.000000;1123.236084
778.000000;23636.000000;18230.000000;0.000000;149754.000000;23222.000000;0.000000;1124.610718
779.000000;23636.000000;16271.000000;0.000000;223583.000000;23222.000000;0.000000;1126.064453
780.000000;23636.000000;18073.000000;0.000000;109366.000000;23222.000000;0.000000;1127.436523
781.000000;23636.000000;15180.000000;0.000000;182283.000000;23222.000000;0.000000;1129.059570
782.000000;23636.000000;17971.000000;0.000000;159842.000000;23222.000000;0.000000;1130.646973
783.000000;23636.000000;15116.000000;0.000000;238784.000000;23222.000000;0.000000;1132.221313
784.000000;23636.000000;16855.000000;0.000000;162553.000000;23222.000000;0.000000;1133.774292
785.000000;23636.000000;15367.000000;0.000000;220858.000000;23222.000000;0.000000;1135.318970
786.000000;23636.000000;17582.000000;0.000000;186139.000000;23222.000000;0.000000;1136.874756
787.000000;23636.000000;14663.000000;0.000000;222079.000000;23222.000000;0.000000;1138.387817
788.000000;23636.000000;18837.000000;0.000000;133389.000000;23222.000000;0.000000;1139.899658
789.000000;23636.000000;15176.000000;0.000000;264705.000000;23222.000000;0.000000;1141.443726
790.000000;23636.000000;19591.000000;0.000000;77382.000000;23222.000000;0.000000;1142.976318
791.000000;23636.000000;16187.000000;0.000000;182817.000000;23222.000000;0.000000;1144.510254
792.000000;23636.000000;17208.000000;0.000000;180287.000000;23222.000000;0.000000;1146.078735
793.000000;23636.000000;17622.000000;0.000000;83899.000000;23222.000000;0.000000;1147.550293
794.000000;23636.000000;16446.000000;0.000000;180640.000000;23222.000000;0.000000;1148.908325
795.000000;23636.000000;15678.000000;0.000000;216867.000000;23222.000000;0.000000;1150.263428
796.000000;23636.000000;16529.000000;0.000000;166611.000000;23222.000000;0.000000;1151.619141
797.000000;23636.000000;17074.000000;0.000000;122986.000000;23222.000000;0.000000;1152.970337
798.000000;23636.000000;18449.000000;0.000000;137959.000000;23222.000000;0.000000;1154.318237
799.000000;23636.000000;16214.000000;0.000000;173989.000000;23222.000000;0.000000;1155.665405
800.000000;23636.000000;15909.000000;0.000000;201657.000000;23222.000000;0.000000;1157.104980
801.000000;23636.000000;16739.000000;0.000000;160677.000000;23222.000000;0.000000;1158.790405
802.000000;23636.000000;15521.000000;0.000000;199088.000000;23222.000000;0.000000;1160.385620
803.000000;23636.000000;16956.000000;0.000000;154809.000000;23222.000000;0.000000;1161.930542
804.000000;23636.000000;15620.000000;0.000000;200347.000000;23222.000000;0.000000;1163.476562
805.000000;23636.000000;17165.000000;0.000000;154299.000000;23222.000000;0.000000;1165.050659
806.000000;23636.000000;16203.000000;0.000000;198367.000000;23222.000000;0.000000;1166.604980
807.000000;23636.000000;17156.000000;0.000000;163670.000000;23222.000000;0.000000;1168.137939
808.000000;23636.000000;16996.000000;0.000000;159417.000000;23222.000000;0.000000;1169.702393
809.000000;23636.000000;16475.000000;0.000000;222050.000000;23222.000000;0.000000;1171.225464
810.000000;23636.000000;15345.000000;0.000000;209164.000000;23222.000000;0.000000;1172.746826
811.000000;23636.000000;15728.000000;0.000000;205051.000000;23222.000000;0.000000;1174.286377
812.000000;23636.000000;16970.000000;0.000000;153531.000000;23222.000000;0.000000;1175.871704
813.000000;23636.000000;16070.000000;0.000000;179769.000000;23222.000000;0.000000;1177.450562
814.000000;23636.000000;16645.000000;0.000000;193535.000000;23222.000000;0.000000;1178.993530
815.000000;23636.000000;18235.000000;0.000000;114369.000000;23222.000000;0.000000;1180.522949
816.000000;23636.000000;17243.000000;0.000000;151379.000000;23222.000000;0.000000;1181.897095
817.000000;23636.000000;16979.000000;0.000000;154946.000000;23222.000000;0.000000;1183.257568
818.000000;23636.000000;16243.000000;0.000000;182231.000000;23222.000000;0.000000;1184.615723
819.000000;23636.000000;15899.000000;0.000000;220464.000000;23222.000000;0.000000;1186.080322
820.000000;23636.000000;15808.000000;0.000000;162552.000000;23222.000000;0.000000;1187.462646
821.000000;23636.000000;17644.000000;0.000000;146102.000000;23222.000000;0.000000;1189.105591
822.000000;23636.000000;16104.000000;0.000000;201088.000000;23222.000000;0.000000;1190.693726
823.000000;23636.000000;17260.000000;0.000000;153175.000000;23222.000000;0.000000;1192.259155
824.000000;23636.000000;15852.000000;0.000000;213080.000000;23222.000000;0.000000;1193.796021
825.000000;23636.000000;15287.000000;0.000000;217170.000000;23222.000000;0.000000;1195.404663
826.000000;23636.000000;18400.000000;0.000000;74308.000000;23222.000000;0.000000;1196.992554
827.000000;23636.000000;15723.000000;0.000000;195630.000000;23222.000000;0.000000;1198.571655
828.000000;23636.000000;16646.000000;0.000000;197890.000000;23222.000000;0.000000;1200.111084
829.000000;23636.000000;18157.000000;0.000000;84535.000000;23222.000000;0.000000;1201.649292
830.000000;23636.000000;16934.000000;0.000000;153901.000000;23222.000000;0.000000;1203.191772
831.000000;23636.000000;18653.000000;0.000000;100849.000000;23222.000000;0.000000;1204.770752
832.000000;23636.000000;16887.000000;0.000000;128363.000000;23222.000000;0.000000;1206.459106
833.000000;23636.000000;15259.000000;0.000000;199247.000000;23222.000000;0.000000;1208.087646
834.000000;23636.000000;18773.000000;0.000000;68925.000000;23222.000000;0.000000;1209.648804
835.000000;23636.000000;17725.000000;0.000000;96054.000000;23222.000000;0.000000;1211.107544
836.000000;23636.000000;17734.000000;0.000000;146873.000000;23222.000000;0.000000;1212.471191
837.000000;23636.000000;18252.000000;0.000000;85845.000000;23222.000000;0.000000;1213.839478
838.000000;23636.000000;19418.000000;0.000000;80960.000000;23222.000000;0.000000;1215.210449
839.000000;23636.000000;16285.000000;0.000000;154863.000000;23222.000000;0.000000;1216.642090
840.000000;23636.000000;15955.000000;0.000000;167982.000000;23222.000000;0.000000;1218.028687
841.000000;23636.000000;15521.000000;0.000000;179258.000000;23222.000000;0.000000;1219.752930
842.000000;23636.000000;16579.000000;0.000000;180489.000000;23222.000000;0.000000;1221.340088
843.000000;23636.000000;16368.000000;0.000000;206935.000000;23222.000000;0.000000;1222.929932
844.000000;23636.000000;15939.000000;0.000000;191947.000000;23222.000000;0.000000;1224.578247
845.000000;23636.000000;15682.000000;0.000000;211176.000000;23222.000000;0.000000;1226.126099
846.000000;23636.000000;15768.000000;0.000000;173633.000000;23222.000000;0.000000;1227.709106
847.000000;23636.000000;16740.000000;0.000000;201201.000000;23222.000000;0.000000;1229.259033
848.000000;23636.000000;17178.000000;0.000000;148302.000000;23222.000000;0.000000;1230.809937
849.000000;23636.000000;17955.000000;0.000000;136449.000000;23222.000000;0.000000;1232.363647
850.000000;23636.000000;18670.000000;0.000000;145806.000000;23222.000000;0.000000;1233.968384
851.000000;23636.000000;16799.000000;0.000000;161948.000000;23222.000000;0.000000;1235.552979
852.000000;23636.000000;16767.000000;0.000000;154041.000000;23222.000000;0.000000;1237.165894
853.000000;23636.000000;17520.000000;0.000000;153396.000000;23222.000000;0.000000;1238.749268
854.000000;23636.000000;14764.000000;0.000000;194907.000000;23222.000000;0.000000;1240.205200
855.000000;23636.000000;17143.000000;0.000000;171849.000000;23222.000000;0.000000;1241.593628
856.000000;23636.000000;19308.000000;0.000000;148057.000000;23222.000000;0.000000;1242.976807
857.000000;23636.000000;15859.000000;0.000000;184817.000000;23222.000000;0.000000;1244.363403
858.000000;23636.000000;16511.000000;0.000000;202664.000000;23222.000000;0.000000;1245.814331
859.000000;23636.000000;17409.000000;0.000000;186672.000000;23222.000000;0.000000;1247.249878
860.000000;23636.000000;18368.000000;0.000000;140820.000000;23222.000000;0.000000;1248.803467
861.000000;23636.000000;16892.000000;0.000000;188034.000000;23222.000000;0.000000;1250.440186
862.000000;23636.000000;15136.000000;0.000000;217088.000000;23222.000000;0.000000;1252.046997
863.000000;23636.000000;15438.000000;0.000000;199811.000000;23222.000000;0.000000;1253.633667
864.000000;23636.000000;15708.000000;0.000000;204635.000000;23222.000000;0.000000;1255.203003
865.000000;23636.000000;17345.000000;0.000000;171805.000000;23222.000000;0.000000;1256.823608
866.000000;23636.000000;15568.000000;0.000000;259726.000000;23222.000000;0.000000;1258.401245
867.000000;23636.000000;17125.000000;0.000000;135864.000000;23222.000000;0.000000;1259.975342
868.000000;23636.000000;14753.000000;0.000000;228497.000000;23222.000000;0.000000;1261.548950
869.000000;23636.000000;18367.000000;0.000000;103050.000000;23222.000000;0.000000;1263.130371
870.000000;23636.000000;16483.000000;0.000000;134320.000000;23222.000000;0.000000;1264.780640
871.000000;23636.000000;16851.000000;0.000000;169632.000000;23222.000000;0.000000;1266.607910
872.000000;23636.000000;15033.000000;0.000000;197033.000000;23222.000000;0.000000;1269.213013
873.000000;23636.000000;20007.000000;0.000000;110869.000000;23222.000000;0.000000;1270.997681
874.000000;23636.000000;15202.000000;0.000000;215658.000000;23222.000000;0.000000;1272.510742
875.000000;23636.000000;16872.000000;0.000000;198591.000000;23222.000000;0.000000;1274.046021
876.000000;23636.000000;14533.000000;0.000000;203112.000000;23222.000000;0.000000;1275.456299
877.000000;23636.000000;16362.000000;0.000000;174749.000000;23222.000000;0.000000;1276.897217
878.000000;23636.000000;16341.000000;0.000000;169119.000000;23222.000000;0.000000;1278.302490
879.000000;23636.000000;16420.000000;0.000000;202453.000000;23222.000000;0.000000;1279.705322
880.000000;23636.000000;14824.000000;0.000000;220654.000000;23222.000000;0.000000;1281.106812
881.000000;23636.000000;16894.000000;0.000000;145522.000000;23222.000000;0.000000;1282.866211
882.000000;23636.000000;15272.000000;0.000000;257626.000000;23222.000000;0.000000;1284.483276
883.000000;23636.000000;16258.000000;0.000000;174317.000000;23222.000000;0.000000;1286.179199
884.000000;23636.000000;16371.000000;0.000000;132424.000000;23222.000000;0.000000;1287.846680
885.000000;23636.000000;18115.000000;0.000000;134312.000000;23222.000000;0.000000;1289.422241
886.000000;23636.000000;16364.000000;0.000000;171545.000000;23222.000000;0.000000;1291.057495
887.000000;23636.000000;14846.000000;0.000000;211227.000000;23222.000000;0.000000;1292.640625
888.000000;23636.000000;15449.000000;0.000000;170863.000000;23222.000000;0.000000;1294.221313
889.000000;23636.000000;16942.000000;0.000000;177153.000000;23222.000000;0.000000;1295.923828
890.000000;23636.000000;16254.000000;0.000000;191459.000000;23222.000000;0.000000;1297.598511
891.000000;23636.000000;17203.000000;0.000000;140208.000000;23222.000000;0.000000;1299.213135
892.000000;23636.000000;16628.000000;0.000000;193963.000000;23222.000000;0.000000;1300.809326
893.000000;23636.000000;15501.000000;0.000000;190772.000000;23222.000000;0.000000;1302.360596
894.000000;23636.000000;17129.000000;0.000000;158591.000000;23222.000000;0.000000;1303.772949
895.000000;23636.000000;18385.000000;0.000000;74589.000000;23222.000000;0.000000;1305.226807
896.000000;23636.000000;16023.000000;0.000000;184576.000000;23222.000000;0.000000;1306.684326
897.000000;23636.000000;16787.000000;0.000000;141730.000000;23222.000000;0.000000;1308.295532
898.000000;23636.000000;17516.000000;0.000000;159372.000000;23222.000000;0.000000;1309.855103
899.000000;23636.000000;16438.000000;0.000000;189223.000000;23222.000000;0.000000;1311.283936
900.000000;23636.000000;15484.000000;0.000000;215128.000000;23222.000000;0.000000;1312.688843
901.000000;23636.000000;16587.000000;0.000000;153447.000000;23222.000000;0.000000;1314.365967
902.000000;23636.000000;18235.000000;0.000000;115472.000000;23222.000000;0.000000;1316.035278
903.000000;23636.000000;18243.000000;0.000000;131623.000000;23222.000000;0.000000;1317.726929
904.000000;23636.000000;15475.000000;0.000000;212110.000000;23222.000000;0.000000;1319.339478
905.000000;23636.000000;17138.000000;0.000000;195805.000000;23222.000000;0.000000;1320.967773
906.000000;23636.000000;15755.000000;0.000000;174878.000000;23222.000000;0.000000;1322.594727
907.000000;23636.000000;16196.000000;0.000000;174814.000000;23222.000000;0.000000;1324.210327
908.000000;23636.000000;15311.000000;0.000000;216097.000000;23222.000000;0.000000;1325.839600
909.000000;23636.000000;16649.000000;0.000000;167799.000000;23222.000000;0.000000;1327.544678
910.000000;23636.000000;16901.000000;0.000000;162403.000000;23222.000000;0.000000;1329.191162
911.000000;23636.000000;15987.000000;0.000000;143840.000000;23222.000000;0.000000;1330.829956
912.000000;23636.000000;17334.000000;0.000000;131589.000000;23222.000000;0.000000;1332.437500
913.000000;23636.000000;15889.000000;0.000000;179991.000000;23222.000000;0.000000;1333.885620
914.000000;23636.000000;16530.000000;0.000000;165675.000000;23222.000000;0.000000;1335.328735
915.000000;23636.000000;15560.000000;0.000000;153955.000000;23222.000000;0.000000;1336.776367
916.000000;23636.000000;17820.000000;0.000000;99234.000000;23222.000000;0.000000;1338.239624
917.000000;23636.000000;16593.000000;0.000000;185609.000000;23222.000000;0.000000;1340.205444
918.000000;23636.000000;15735.000000;0.000000;193978.000000;23222.000000;0.000000;1341.662109
919.000000;23636.000000;17226.000000;0.000000;156734.000000;23222.000000;0.000000;1343.118042
920.000000;23636.000000;15543.000000;0.000000;217321.000000;23222.000000;0.000000;1345.134644
921.000000;23636.000000;16152.000000;0.000000;177061.000000;23222.000000;0.000000;1346.788940
922.000000;23636.000000;17492.000000;0.000000;150658.000000;23222.000000;0.000000;1348.482910
923.000000;23636.000000;16256.000000;0.000000;144878.000000;23222.000000;0.000000;1350.117432
924.000000;23636.000000;16753.000000;0.000000;167651.000000;23222.000000;0.000000;1351.735474
925.000000;23636.000000;15323.000000;0.000000;227331.000000;23222.000000;0.000000;1353.373901
926.000000;23636.000000;16292.000000;0.000000;202049.000000;23222.000000;0.000000;1355.010254
927.000000;23636.000000;15604.000000;0.000000;175242.000000;23222.000000;0.000000;1356.654785
928.000000;23636.000000;16327.000000;0.000000;178759.000000;23222.000000;0.000000;1358.395264
929.000000;23636.000000;15577.000000;0.000000;179972.000000;23222.000000;0.000000;1360.076294
930.000000;23636.000000;15966.000000;0.000000;201476.000000;23222.000000;0.000000;1361.819092
931.000000;23636.000000;17290.000000;0.000000;168556.000000;23222.000000;0.000000;1363.470703
932.000000;23636.000000;14947.000000;0.000000;253556.000000;23222.000000;0.000000;1364.960327
933.000000;23636.000000;17088.000000;0.000000;109304.000000;23222.000000;0.000000;1366.448364
934.000000;23636.000000;16644.000000;0.000000;185013.000000;23222.000000;0.000000;1367.947754
935.000000;23636.000000;17359.000000;0.000000;157134.000000;23222.000000;0.000000;1369.405762
936.000000;23636.000000;16325.000000;0.000000;189597.000000;23222.000000;0.000000;1370.871460
937.000000;23636.000000;15974.000000;0.000000;240752.000000;23222.000000;0.000000;1372.324707
938.000000;23636.000000;18913.000000;0.000000;91235.000000;23222.000000;0.000000;1373.782227
939.000000;23636.000000;16117.000000;0.000000;196629.000000;23222.000000;0.000000;1375.237061
940.000000;23636.000000;17004.000000;0.000000;136600.000000;23222.000000;0.000000;1376.707642
941.000000;23636.000000;16490.000000;0.000000;191733.000000;23222.000000;0.000000;1378.618530
942.000000;23636.000000;16517.000000;0.000000;195709.000000;23222.000000;0.000000;1380.307129
943.000000;23636.000000;16922.000000;0.000000;177166.000000;23222.000000;0.000000;1381.984741
944.000000;23636.000000;18837.000000;0.000000;110985.000000;23222.000000;0.000000;1383.641846
945.000000;23636.000000;16148.000000;0.000000;175953.000000;23222.000000;0.000000;1385.280640
946.000000;23636.000000;15571.000000;0.000000;211645.000000;23222.000000;0.000000;1386.933350
947.000000;23636.000000;16025.000000;0.000000;164993.000000;23222.000000;0.000000;1388.648560
948.000000;23636.000000;15443.000000;0.000000;219741.000000;23222.000000;0.000000;1390.304321
949.000000;23636.000000;15575.000000;0.000000;185110.000000;23222.000000;0.000000;1392.005859
950.000000;23636.000000;15656.000000;0.000000;204894.000000;23222.000000;0.000000;1393.676270
951.000000;23636.000000;17081.000000;0.000000;169672.000000;23222.000000;0.000000;1395.348022
952.000000;23636.000000;16916.000000;0.000000;149228.000000;23222.000000;0.000000;1396.960693
953.000000;23636.000000;16908.000000;0.000000;143135.000000;23222.000000;0.000000;1398.471924
954.000000;23636.000000;15468.000000;0.000000;202121.000000;23222.000000;0.000000;1399.943848
955.000000;23636.000000;19178.000000;0.000000;88147.000000;23222.000000;0.000000;1401.412598
956.000000;23636.000000;15030.000000;0.000000;207734.000000;23222.000000;0.000000;1402.895874
957.000000;23636.000000;19124.000000;0.000000;94932.000000;23222.000000;0.000000;1404.601196
958.000000;23636.000000;16934.000000;0.000000;171618.000000;23222.000000;0.000000;1406.386841
959.000000;23636.000000;15975.000000;0.000000;220855.000000;23222.000000;0.000000;1408.057861
960.000000;23636.000000;15899.000000;0.000000;219232.000000;23222.000000;0.000000;1409.675537
961.000000;23636.000000;17268.000000;0.000000;106996.000000;23222.000000;0.000000;1411.299072
962.000000;23636.000000;14428.000000;0.000000;242048.000000;23222.000000;0.000000;1412.943237
963.000000;23636.000000;19444.000000;0.000000;69603.000000;23222.000000;0.000000;1414.562500
964.000000;23636.000000;16862.000000;0.000000;165558.000000;23222.000000;0.000000;1416.183350
965.000000;23636.000000;16844.000000;0.000000;180486.000000;23222.000000;0.000000;1417.838379
966.000000;23636.000000;16013.000000;0.000000;179308.000000;23222.000000;0.000000;1419.448730
967.000000;23636.000000;15922.000000;0.000000;210778.000000;23222.000000;0.000000;1421.184570
968.000000;23636.000000;14524.000000;0.000000;208720.000000;23222.000000;0.000000;1422.797974
969.000000;23636.000000;14890.000000;0.000000;214847.000000;23222.000000;0.000000;1424.410522
970.000000;23636.000000;15780.000000;0.000000;139415.000000;23222.000000;0.000000;1426.130005
971.000000;23636.000000;14902.000000;0.000000;225680.000000;23222.000000;0.000000;1427.761963
972.000000;23636.000000;16403.000000;0.000000;161663.000000;23222.000000;0.000000;1429.377686
973.000000;23636.000000;16386.000000;0.000000;195107.000000;23222.000000;0.000000;1431.006958
974.000000;23636.000000;14979.000000;0.000000;218995.000000;23222.000000;0.000000;1432.660034
975.000000;23636.000000;14778.000000;0.000000;263065.000000;23222.000000;0.000000;1434.292969
976.000000;23636.000000;14938.000000;0.000000;208039.000000;23222.000000;0.000000;1435.911865
977.000000;23636.000000;15822.000000;0.000000;226311.000000;23222.000000;0.000000;1437.431396
978.000000;23636.000000;17402.000000;0.000000;148154.000000;23222.000000;0.000000;1438.864380
979.000000;23636.000000;16235.000000;0.000000;230157.000000;23222.000000;0.000000;1440.262573
980.000000;23636.000000;16308.000000;0.000000;201743.000000;23222.000000;0.000000;1441.660278
981.000000;23636.000000;17773.000000;0.000000;115562.000000;23222.000000;0.000000;1443.386719
982.000000;23636.000000;18187.000000;0.000000;146784.000000;23222.000000;0.000000;1444.993286
983.000000;23636.000000;15168.000000;0.000000;237191.000000;23222.000000;0.000000;1446.598633
984.000000;23636.000000;16650.000000;0.000000;214825.000000;23222.000000;0.000000;1448.233032
985.000000;23636.000000;14452.000000;0.000000;241232.000000;23222.000000;0.000000;1449.807617
986.000000;23636.000000;15766.000000;0.000000;251355.000000;23222.000000;0.000000;1451.374878
987.000000;23636.000000;17171.000000;0.000000;135752.000000;23222.000000;0.000000;1452.941162
988.000000;23636.000000;15809.000000;0.000000;204803.000000;23222.000000;0.000000;1454.502563
989.000000;23636.000000;15325.000000;0.000000;198186.000000;23222.000000;0.000000;1456.114990
990.000000;23636.000000;16698.000000;0.000000;137255.000000;23222.000000;0.000000;1457.709229
991.000000;23636.000000;14664.000000;0.000000;175355.000000;23222.000000;0.000000;1459.336304
992.000000;23636.000000;15075.000000;0.000000;245896.000000;23222.000000;0.000000;1460.924927
993.000000;23636.000000;16877.000000;0.000000;147614.000000;23222.000000;0.000000;1462.369873
994.000000;23636.000000;15927.000000;0.000000;179267.000000;23222.000000;0.000000;1463.931274
995.000000;23636.000000;17539.000000;0.000000;130303.000000;23222.000000;0.000000;1465.661133
996.000000;23636.000000;16119.000000;0.000000;206678.000000;23222.000000;0.000000;1467.184326
997.000000;23636.000000;16698.000000;0.000000;187658.000000;23222.000000;0.000000;1468.762817
998.000000;23636.000000;16561.000000;0.000000;164067.000000;23222.000000;0.000000;1470.293823
999.000000;23636.000000;16034.000000;0.000000;171753.000000;23222.000000;0.000000;1471.822876
1000.000000;23636.000000;16284.000000;0.000000;187325.000000;23222.000000;0.000000;1473.359131
1001.000000;23636.000000;19049.000000;0.000000;90618.000000;23222.000000;0.000000;1474.918213
1002.000000;23636.000000;15805.000000;0.000000;168696.000000;23222.000000;0.000000;1476.486328
1003.000000;23636.000000;16306.000000;0.000000;166641.000000;23222.000000;0.000000;1478.040771
1004.000000;23636.000000;16321.000000;0.000000;199812.000000;23222.000000;0.000000;1479.608154
1005.000000;23636.000000;15762.000000;0.000000;169442.000000;23222.000000;0.000000;1481.147217
1006.000000;23636.000000;15881.000000;0.000000;148542.000000;23222.000000;0.000000;1482.693726
1007.000000;23636.000000;17960.000000;0.000000;121111.000000;23222.000000;0.000000;1484.231323
1008.000000;23636.000000;15782.000000;0.000000;221599.000000;23222.000000;0.000000;1485.801147
1009.000000;23636.000000;16343.000000;0.000000;167571.000000;23222.000000;0.000000;1487.332275
1010.000000;23636.000000;16107.000000;0.000000;197854.000000;23222.000000;0.000000;1488.897217
1011.000000;23636.000000;15894.000000;0.000000;241553.000000;23222.000000;0.000000;1490.452148
1012.000000;23636.000000;17494.000000;0.000000;150584.000000;23222.000000;0.000000;1492.026855
1013.000000;23636.000000;18028.000000;0.000000;191064.000000;23222.000000;0.000000;1493.582520
1014.000000;23636.000000;16129.000000;0.000000;155638.000000;23222.000000;0.000000;1495.221436
1015.000000;23636.000000;18281.000000;0.000000;166741.000000;23222.000000;0.000000;1496.707520
1016.000000;23636.000000;16046.000000;0.000000;189039.000000;23222.000000;0.000000;1498.111084
1017.000000;23636.000000;16858.000000;0.000000;190388.000000;23222.000000;0.000000;1499.483643
1018.000000;23636.000000;15228.000000;0.000000;202221.000000;23222.000000;0.000000;1500.831909
1019.000000;23636.000000;15046.000000;0.000000;232789.000000;23222.000000;0.000000;1502.182373
1020.000000;23636.000000;16063.000000;0.000000;164115.000000;23222.000000;0.000000;1503.533691
1021.000000;23636.000000;16671.000000;0.000000;165881.000000;23222.000000;0.000000;1505.193115
1022.000000;23636.000000;15671.000000;0.000000;181898.000000;23222.000000;0.000000;1506.749634
1023.000000;23636.000000;16467.000000;0.000000;147219.000000;23222.000000;0.000000;1508.288086
1024.000000;23636.000000;17197.000000;0.000000;200428.000000;23222.000000;0.000000;1509.819092
1025.000000;23636.000000;17144.000000;0.000000;164384.000000;23222.000000;0.000000;1511.327271
1026.000000;23636.000000;16941.000000;0.000000;168135.000000;23222.000000;0.000000;1512.832520
1027.000000;23636.000000;15764.000000;0.000000;182124.000000;23222.000000;0.000000;1514.406250
1028.000000;23636.000000;14705.000000;0.000000;239373.000000;23222.000000;0.000000;1515.915283
1029.000000;23636.000000;17718.000000;0.000000;157226.000000;23222.000000;0.000000;1517.471436
1030.000000;23636.000000;17868.000000;0.000000;115869.000000;23222.000000;0.000000;1519.039795
1031.000000;23636.000000;18936.000000;0.000000;117624.000000;23222.000000;0.000000;1520.578735
1032.000000;23636.000000;18195.000000;0.000000;112407.000000;23222.000000;0.000000;1522.114502
1033.000000;23636.000000;16504.000000;0.000000;145397.000000;23222.000000;0.000000;1523.567139
1034.000000;23636.000000;16732.000000;0.000000;195958.000000;23222.000000;0.000000;1525.254761
1035.000000;23636.000000;17468.000000;0.000000;117774.000000;23222.000000;0.000000;1526.746948
1036.000000;23636.000000;16787.000000;0.000000;135211.000000;23222.000000;0.000000;1528.216309
1037.000000;23636.000000;16473.000000;0.000000;174493.000000;23222.000000;0.000000;1529.714966
1038.000000;23636.000000;16977.000000;0.000000;152163.000000;23222.000000;0.000000;1531.189331
1039.000000;23636.000000;16290.000000;0.000000;191773.000000;23222.000000;0.000000;1532.668457
1040.000000;23636.000000;17222.000000;0.000000;160309.000000;23222.000000;0.000000;1534.151123
1041.000000;23636.000000;16096.000000;0.000000;197306.000000;23222.000000;0.000000;1535.657959
1042.000000;23636.000000;15992.000000;0.000000;206526.000000;23222.000000;0.000000;1537.184692
1043.000000;23636.000000;15912.000000;0.000000;190729.000000;23222.000000;0.000000;1538.705566
1044.000000;23636.000000;16351.000000;0.000000;219613.000000;23222.000000;0.000000;1540.197632
1045.000000;23636.000000;15715.000000;0.000000;215311.000000;23222.000000;0.000000;1541.692749
1046.000000;23636.000000;15695.000000;0.000000;157574.000000;23222.000000;0.000000;1543.177368
1047.000000;23636.000000;17308.000000;0.000000;175316.000000;23222.000000;0.000000;1544.667114
1048.000000;23636.000000;16363.000000;0.000000;135569.000000;23222.000000;0.000000;1546.224365
1049.000000;23636.000000;16525.000000;0.000000;160658.000000;23222.000000;0.000000;1547.716187
1050.000000;23636.000000;17879.000000;0.000000;159773.000000;23222.000000;0.000000;1549.347412
1051.000000;23636.000000;19292.000000;0.000000;101854.000000;23222.000000;0.000000;1550.848389
1052.000000;23636.000000;16806.000000;0.000000;124158.000000;23222.000000;0.000000;1552.446899
1053.000000;23636.000000;16690.000000;0.000000;137171.000000;23222.000000;0.000000;1553.944824
1054.000000;23636.000000;16913.000000;0.000000;170780.000000;23222.000000;0.000000;1555.441284
1055.000000;23636.000000;16155.000000;0.000000;226575.000000;23222.000000;0.000000;1556.934570
1056.000000;23636.000000;14458.000000;0.000000;181209.000000;23222.000000;0.000000;1558.281006
1057.000000;23636.000000;16006.000000;0.000000;202215.000000;23222.000000;0.000000;1559.659912
1058.000000;23636.000000;15436.000000;0.000000;156977.000000;23222.000000;0.000000;1560.997803
1059.000000;23636.000000;16761.000000;0.000000;198971.000000;23222.000000;0.000000;1562.346802
1060.000000;23636.000000;16095.000000;0.000000;225592.000000;23222.000000;0.000000;1563.682007
1061.000000;23636.000000;14974.000000;0.000000;227037.000000;23222.000000;0.000000;1565.328369
1062.000000;23636.000000;16444.000000;0.000000;185972.000000;23222.000000;0.000000;1566.859863
1063.000000;23636.000000;15724.000000;0.000000;199190.000000;23222.000000;0.000000;1568.380371
1064.000000;23636.000000;16428.000000;0.000000;189735.000000;23222.000000;0.000000;1569.913452
1065.000000;23636.000000;17869.000000;0.000000;116251.000000;23222.000000;0.000000;1571.411865
1066.000000;23636.000000;17079.000000;0.000000;150837.000000;23222.000000;0.000000;1572.908936
1067.000000;23636.000000;18409.000000;0.000000;121596.000000;23222.000000;0.000000;1574.402222
1068.000000;23636.000000;17264.000000;0.000000;200554.000000;23222.000000;0.000000;1575.896362
1069.000000;23636.000000;16575.000000;0.000000;156997.000000;23222.000000;0.000000;1577.425049
1070.000000;23636.000000;15137.000000;0.000000;229730.000000;23222.000000;0.000000;1578.985474
1071.000000;23636.000000;16176.000000;0.000000;203058.000000;23222.000000;0.000000;1580.508911
1072.000000;23636.000000;15668.000000;0.000000;175564.000000;23222.000000;0.000000;1582.031250
1073.000000;23636.000000;16026.000000;0.000000;191092.000000;23222.000000;0.000000;1583.541504
1074.000000;23636.000000;16853.000000;0.000000;147596.000000;23222.000000;0.000000;1585.240479
1075.000000;23636.000000;17726.000000;0.000000;93549.000000;23222.000000;0.000000;1586.742065
1076.000000;23636.000000;17527.000000;0.000000;158389.000000;23222.000000;0.000000;1588.237671
1077.000000;23636.000000;18703.000000;0.000000;114270.000000;23222.000000;0.000000;1589.767578
1078.000000;23636.000000;15258.000000;0.000000;242462.000000;23222.000000;0.000000;1591.270630
1079.000000;23636.000000;16742.000000;0.000000;192034.000000;23222.000000;0.000000;1592.768188
1080.000000;23636.000000;15633.000000;0.000000;186537.000000;23222.000000;0.000000;1594.267578
1081.000000;23636.000000;16877.000000;0.000000;147258.000000;23222.000000;0.000000;1595.796387
1082.000000;23636.000000;16031.000000;0.000000;154820.000000;23222.000000;0.000000;1597.343750
1083.000000;23636.000000;15682.000000;0.000000;193666.000000;23222.000000;0.000000;1598.877197
1084.000000;23636.000000;15925.000000;0.000000;165286.000000;23222.000000;0.000000;1600.415527
1085.000000;23636.000000;15885.000000;0.000000;195183.000000;23222.000000;0.000000;1601.924438
1086.000000;23636.000000;15370.000000;0.000000;224092.000000;23222.000000;0.000000;1603.432617
1087.000000;23636.000000;16154.000000;0.000000;169078.000000;23222.000000;0.000000;1604.964233
1088.000000;23636.000000;15174.000000;0.000000;252797.000000;23222.000000;0.000000;1606.540649
1089.000000;23636.000000;15584.000000;0.000000;221247.000000;23222.000000;0.000000;1608.050415
1090.000000;23636.000000;15841.000000;0.000000;195377.000000;23222.000000;0.000000;1609.602051
1091.000000;23636.000000;15994.000000;0.000000;211306.000000;23222.000000;0.000000;1611.151367
1092.000000;23636.000000;15173.000000;0.000000;172754.000000;23222.000000;0.000000;1612.685791
1093.000000;23636.000000;16018.000000;0.000000;202987.000000;23222.000000;0.000000;1614.217041
1094.000000;23636.000000;16887.000000;0.000000;111661.000000;23222.000000;0.000000;1615.754883
1095.000000;23636.000000;17864.000000;0.000000;132731.000000;23222.000000;0.000000;1617.219971
1096.000000;23636.000000;16178.000000;0.000000;218329.000000;23222.000000;0.000000;1618.585083
1097.000000;23636.000000;17159.000000;0.000000;196569.000000;23222.000000;0.000000;1619.977051
1098.000000;23636.000000;16484.000000;0.000000;185014.000000;23222.000000;0.000000;1621.337646
1099.000000;23636.000000;17312.000000;0.000000;217095.000000;23222.000000;0.000000;1622.700439
1100.000000;23636.000000;15334.000000;0.000000;172181.000000;23222.000000;0.000000;1624.062622
1101.000000;23636.000000;16830.000000;0.000000;166812.000000;23222.000000;0.000000;1625.752441
1102.000000;23636.000000;16407.000000;0.000000;183682.000000;23222.000000;0.000000;1627.315552
1103.000000;23636.000000;17204.000000;0.000000;141426.000000;23222.000000;0.000000;1628.864990
1104.000000;23636.000000;16375.000000;0.000000;175266.000000;23222.000000;0.000000;1630.416016
1105.000000;23636.000000;18030.000000;0.000000;172361.000000;23222.000000;0.000000;1631.941895
1106.000000;23636.000000;15508.000000;0.000000;204473.000000;23222.000000;0.000000;1633.467285
1107.000000;23636.000000;16816.000000;0.000000;187658.000000;23222.000000;0.000000;1634.992920
1108.000000;23636.000000;15684.000000;0.000000;148678.000000;23222.000000;0.000000;1636.523438
1109.000000;23636.000000;16511.000000;0.000000;194057.000000;23222.000000;0.000000;1638.097778
1110.000000;23636.000000;14581.000000;0.000000;201285.000000;23222.000000;0.000000;1639.671021
1111.000000;23636.000000;16849.000000;0.000000;192858.000000;23222.000000;0.000000;1641.218628
1112.000000;23636.000000;16613.000000;0.000000;193242.000000;23222.000000;0.000000;1642.750610
1113.000000;23636.000000;14589.000000;0.000000;251099.000000;23222.000000;0.000000;1644.169678
1114.000000;23636.000000;17666.000000;0.000000;144263.000000;23222.000000;0.000000;1645.906616
1115.000000;23636.000000;16112.000000;0.000000;192334.000000;23222.000000;0.000000;1647.439453
1116.000000;23636.000000;16790.000000;0.000000;128711.000000;23222.000000;0.000000;1648.972534
1117.000000;23636.000000;15629.000000;0.000000;215076.000000;23222.000000;0.000000;1650.540527
1118.000000;23636.000000;15867.000000;0.000000;175988.000000;23222.000000;0.000000;1652.074951
1119.000000;23636.000000;15561.000000;0.000000;228093.000000;23222.000000;0.000000;1653.607544
1120.000000;23636.000000;15996.000000;0.000000;149103.000000;23222.000000;0.000000;1655.150391
1121.000000;23636.000000;15868.000000;0.000000;182410.000000;23222.000000;0.000000;1656.803345
1122.000000;23636.000000;15886.000000;0.000000;195968.000000;23222.000000;0.000000;1658.380981
1123.000000;23636.000000;15646.000000;0.000000;231834.000000;23222.000000;0.000000;1660.004395
1124.000000;23636.000000;16746.000000;0.000000;156731.000000;23222.000000;0.000000;1661.545532
1125.000000;23636.000000;16910.000000;0.000000;185261.000000;23222.000000;0.000000;1663.086548
1126.000000;23636.000000;17634.000000;0.000000;158922.000000;23222.000000;0.000000;1664.630005
1127.000000;23636.000000;18302.000000;0.000000;138511.000000;23222.000000;0.000000;1666.254883
1128.000000;23636.000000;17218.000000;0.000000;186535.000000;23222.000000;0.000000;1667.794678
1129.000000;23636.000000;15050.000000;0.000000;228343.000000;23222.000000;0.000000;1669.335083
1130.000000;23636.000000;16435.000000;0.000000;133881.000000;23222.000000;0.000000;1670.925781
1131.000000;23636.000000;14859.000000;0.000000;233793.000000;23222.000000;0.000000;1672.510986
1132.000000;23636.000000;17274.000000;0.000000;186452.000000;23222.000000;0.000000;1674.067627
1133.000000;23636.000000;15020.000000;0.000000;237680.000000;23222.000000;0.000000;1675.628296
1134.000000;23636.000000;16598.000000;0.000000;199568.000000;23222.000000;0.000000;1677.182861
1135.000000;23636.000000;15621.000000;0.000000;190159.000000;23222.000000;0.000000;1678.571777
1136.000000;23636.000000;17481.000000;0.000000;154398.000000;23222.000000;0.000000;1679.985352
1137.000000;23636.000000;16471.000000;0.000000;177619.000000;23222.000000;0.000000;1681.431641
1138.000000;23636.000000;16652.000000;0.000000;147445.000000;23222.000000;0.000000;1682.825439
1139.000000;23636.000000;15905.000000;0.000000;182232.000000;23222.000000;0.000000;1684.210571
1140.000000;23636.000000;15871.000000;0.000000;192068.000000;23222.000000;0.000000;1685.593872
1141.000000;23636.000000;16757.000000;0.000000;156007.000000;23222.000000;0.000000;1687.299683
1142.000000;23636.000000;16100.000000;0.000000;196082.000000;23222.000000;0.000000;1688.887573
1143.000000;23636.000000;15952.000000;0.000000;203473.000000;23222.000000;0.000000;1690.526978
1144.000000;23636.000000;17318.000000;0.000000;115484.000000;23222.000000;0.000000;1692.088989
1145.000000;23636.000000;17040.000000;0.000000;136367.000000;23222.000000;0.000000;1693.640259
1146.000000;23636.000000;17390.000000;0.000000;144424.000000;23222.000000;0.000000;1695.194946
1147.000000;23636.000000;16039.000000;0.000000;214498.000000;23222.000000;0.000000;1696.745972
1148.000000;23636.000000;16842.000000;0.000000;199271.000000;23222.000000;0.000000;1698.310791
1149.000000;23636.000000;16931.000000;0.000000;181741.000000;23222.000000;0.000000;1699.946655
1150.000000;23636.000000;15640.000000;0.000000;212415.000000;23222.000000;0.000000;1701.531128
1151.000000;23636.000000;15556.000000;0.000000;195700.000000;23222.000000;0.000000;1703.118164
1152.000000;23636.000000;17231.000000;0.000000;153093.000000;23222.000000;0.000000;1704.869873
1153.000000;23636.000000;17197.000000;0.000000;163336.000000;23222.000000;0.000000;1706.431641
1154.000000;23636.000000;17265.000000;0.000000;161129.000000;23222.000000;0.000000;1707.993042
1155.000000;23636.000000;15531.000000;0.000000;191551.000000;23222.000000;0.000000;1709.562378
1156.000000;23636.000000;16254.000000;0.000000;187935.000000;23222.000000;0.000000;1711.164185
1157.000000;23636.000000;16737.000000;0.000000;109832.000000;23222.000000;0.000000;1712.734619
1158.000000;23636.000000;17093.000000;0.000000;163210.000000;23222.000000;0.000000;1714.304688
1159.000000;23636.000000;15734.000000;0.000000;153604.000000;23222.000000;0.000000;1715.924683
1160.000000;23636.000000;15616.000000;0.000000;182989.000000;23222.000000;0.000000;1717.515625
1161.000000;23636.000000;17653.000000;0.000000;143526.000000;23222.000000;0.000000;1719.175903
1162.000000;23636.000000;17787.000000;0.000000;136040.000000;23222.000000;0.000000;1720.818848
1163.000000;23636.000000;16713.000000;0.000000;166935.000000;23222.000000;0.000000;1722.417969
1164.000000;23636.000000;16261.000000;0.000000;190641.000000;23222.000000;0.000000;1723.991211
1165.000000;23636.000000;16959.000000;0.000000;171845.000000;23222.000000;0.000000;1725.586426
1166.000000;23636.000000;15904.000000;0.000000;203250.000000;23222.000000;0.000000;1727.154053
1167.000000;23636.000000;16967.000000;0.000000;129654.000000;23222.000000;0.000000;1728.721313
1168.000000;23636.000000;18094.000000;0.000000;133608.000000;23222.000000;0.000000;1730.332642
1169.000000;23636.000000;17542.000000;0.000000;96608.000000;23222.000000;0.000000;1731.952637
1170.000000;23636.000000;16196.000000;0.000000;215428.000000;23222.000000;0.000000;1733.545776
1171.000000;23636.000000;17272.000000;0.000000;155903.000000;23222.000000;0.000000;1735.142090
1172.000000;23636.000000;16378.000000;0.000000;186018.000000;23222.000000;0.000000;1736.747070
1173.000000;23636.000000;18076.000000;0.000000;179831.000000;23222.000000;0.000000;1738.186401
1174.000000;23636.000000;15422.000000;0.000000;211986.000000;23222.000000;0.000000;1739.610229
1175.000000;23636.000000;16056.000000;0.000000;211468.000000;23222.000000;0.000000;1741.067627
1176.000000;23636.000000;18104.000000;0.000000;103980.000000;23222.000000;0.000000;1742.492920
1177.000000;23636.000000;17876.000000;0.000000;135942.000000;23222.000000;0.000000;1743.917847
1178.000000;23636.000000;15827.000000;0.000000;191863.000000;23222.000000;0.000000;1745.339111
1179.000000;23636.000000;17102.000000;0.000000;168606.000000;23222.000000;0.000000;1746.757568
1180.000000;23636.000000;17970.000000;0.000000;175599.000000;23222.000000;0.000000;1748.174072
1181.000000;23636.000000;16717.000000;0.000000;192986.000000;23222.000000;0.000000;1749.925171
1182.000000;23636.000000;16839.000000;0.000000;131031.000000;23222.000000;0.000000;1751.594360
1183.000000;23636.000000;18484.000000;0.000000;116132.000000;23222.000000;0.000000;1753.219482
1184.000000;23636.000000;15778.000000;0.000000;189918.000000;23222.000000;0.000000;1754.824829
1185.000000;23636.000000;16932.000000;0.000000;148845.000000;23222.000000;0.000000;1756.417236
1186.000000;23636.000000;16449.000000;0.000000;191136.000000;23222.000000;0.000000;1758.026978
1187.000000;23636.000000;15806.000000;0.000000;135370.000000;23222.000000;0.000000;1759.626099
1188.000000;23636.000000;17479.000000;0.000000;121959.000000;23222.000000;0.000000;1761.268433
1189.000000;23636.000000;16593.000000;0.000000;190987.000000;23222.000000;0.000000;1762.924316
1190.000000;23636.000000;16892.000000;0.000000;172070.000000;23222.000000;0.000000;1764.725098
1191.000000;23636.000000;15861.000000;0.000000;201615.000000;23222.000000;0.000000;1766.291260
1192.000000;23636.000000;16134.000000;0.000000;159728.000000;23222.000000;0.000000;1767.832764
1193.000000;23636.000000;16437.000000;0.000000;192479.000000;23222.000000;0.000000;1769.391479
1194.000000;23636.000000;16897.000000;0.000000;167994.000000;23222.000000;0.000000;1770.989624
1195.000000;23636.000000;17006.000000;0.000000;158748.000000;23222.000000;0.000000;1772.544312
1196.000000;23636.000000;16861.000000;0.000000;194529.000000;23222.000000;0.000000;1774.112427
1197.000000;23636.000000;14984.000000;0.000000;242396.000000;23222.000000;0.000000;1775.695068
1198.000000;23636.000000;17555.000000;0.000000;148361.000000;23222.000000;0.000000;1777.326904
1199.000000;23636.000000;17894.000000;0.000000;160645.000000;23222.000000;0.000000;1778.910889
1200.000000;23636.000000;17278.000000;0.000000;137509.000000;23222.000000;0.000000;1780.463989
1201.000000;23636.000000;15363.000000;0.000000;207579.000000;23222.000000;0.000000;1782.109619
1202.000000;23636.000000;17580.000000;0.000000;185703.000000;23222.000000;0.000000;1783.722046
1203.000000;23636.000000;14832.000000;0.000000;240069.000000;23222.000000;0.000000;1785.347290
1204.000000;23636.000000;14784.000000;0.000000;229077.000000;23222.000000;0.000000;1786.916260
1205.000000;23636.000000;15268.000000;0.000000;205895.000000;23222.000000;0.000000;1788.475464
1206.000000;23636.000000;17674.000000;0.000000;186866.000000;23222.000000;0.000000;1790.032715
1207.000000;23636.000000;14360.000000;0.000000;247420.000000;23222.000000;0.000000;1791.616699
1208.000000;23636.000000;16355.000000;0.000000;176508.000000;23222.000000;0.000000;1793.171265
1209.000000;23636.000000;16836.000000;0.000000;144334.000000;23222.000000;0.000000;1794.780640
1210.000000;23636.000000;17667.000000;0.000000;124266.000000;23222.000000;0.000000;1796.406860
1211.000000;23636.000000;15106.000000;0.000000;218600.000000;23222.000000;0.000000;1797.970093
1212.000000;23636.000000;16043.000000;0.000000;159361.000000;23222.000000;0.000000;1799.549805
1213.000000;23636.000000;17289.000000;0.000000;167066.000000;23222.000000;0.000000;1800.995605
1214.000000;23636.000000;14905.000000;0.000000;249950.000000;23222.000000;0.000000;1802.365234
1215.000000;23636.000000;16424.000000;0.000000;192868.000000;23222.000000;0.000000;1803.734863
1216.000000;23636.000000;15437.000000;0.000000;201269.000000;23222.000000;0.000000;1805.098511
1217.000000;23636.000000;15693.000000;0.000000;191325.000000;23222.000000;0.000000;1806.469727
1218.000000;23636.000000;14940.000000;0.000000;245923.000000;23222.000000;0.000000;1807.835327
1219.000000;23636.000000;17919.000000;0.000000;138877.000000;23222.000000;0.000000;1809.202271
1220.000000;23636.000000;18257.000000;0.000000;142502.000000;23222.000000;0.000000;1810.609741
1221.000000;23636.000000;16944.000000;0.000000;151691.000000;23222.000000;0.000000;1812.393555
1222.000000;23636.000000;18679.000000;0.000000;68936.000000;23222.000000;0.000000;1813.957886
1223.000000;23636.000000;15559.000000;0.000000;178441.000000;23222.000000;0.000000;1815.507690
1224.000000;23636.000000;16076.000000;0.000000;179752.000000;23222.000000;0.000000;1817.043091
1225.000000;23636.000000;16067.000000;0.000000;180507.000000;23222.000000;0.000000;1818.573242
1226.000000;23636.000000;17783.000000;0.000000;160326.000000;23222.000000;0.000000;1820.107300
1227.000000;23636.000000;14608.000000;0.000000;223382.000000;23222.000000;0.000000;1821.658569
1228.000000;23636.000000;16435.000000;0.000000;165248.000000;23222.000000;0.000000;1823.196167
1229.000000;23636.000000;15983.000000;0.000000;246921.000000;23222.000000;0.000000;1824.919189
1230.000000;23636.000000;19004.000000;0.000000;113023.000000;23222.000000;0.000000;1826.455200
1231.000000;23636.000000;16080.000000;0.000000;177515.000000;23222.000000;0.000000;1827.981445
1232.000000;23636.000000;19888.000000;0.000000;113069.000000;23222.000000;0.000000;1829.508667
1233.000000;23636.000000;13960.000000;0.000000;231574.000000;23222.000000;0.000000;1831.087036
1234.000000;23636.000000;18226.000000;0.000000;157192.000000;23222.000000;0.000000;1832.626465
1235.000000;23636.000000;14299.000000;0.000000;259645.000000;23222.000000;0.000000;1834.161865
1236.000000;23636.000000;17757.000000;0.000000;147119.000000;23222.000000;0.000000;1835.734619
1237.000000;23636.000000;15753.000000;0.000000;196680.000000;23222.000000;0.000000;1837.297485
1238.000000;23636.000000;15715.000000;0.000000;225317.000000;23222.000000;0.000000;1838.857910
1239.000000;23636.000000;15862.000000;0.000000;185866.000000;23222.000000;0.000000;1840.412720
1240.000000;23636.000000;17063.000000;0.000000;165968.000000;23222.000000;0.000000;1841.856323
1241.000000;23636.000000;18200.000000;0.000000;103736.000000;23222.000000;0.000000;1843.476929
1242.000000;23636.000000;16040.000000;0.000000;209920.000000;23222.000000;0.000000;1845.124268
1243.000000;23636.000000;14935.000000;0.000000;240592.000000;23222.000000;0.000000;1846.740479
1244.000000;23636.000000;16251.000000;0.000000;154787.000000;23222.000000;0.000000;1848.458496
1245.000000;23636.000000;14285.000000;0.000000;224774.000000;23222.000000;0.000000;1849.999756
1246.000000;23636.000000;17277.000000;0.000000;183577.000000;23222.000000;0.000000;1851.586426
1247.000000;23636.000000;18381.000000;0.000000;148720.000000;23222.000000;0.000000;1853.127319
1248.000000;23636.000000;16816.000000;0.000000;146573.000000;23222.000000;0.000000;1854.666382
1249.000000;23636.000000;15598.000000;0.000000;215237.000000;23222.000000;0.000000;1856.262939
1250.000000;23636.000000;15914.000000;0.000000;183584.000000;23222.000000;0.000000;1857.841064
1251.000000;23636.000000;15141.000000;0.000000;249097.000000;23222.000000;0.000000;1859.424072
1252.000000;23636.000000;17464.000000;0.000000;137412.000000;23222.000000;0.000000;1861.031128
1253.000000;23636.000000;16283.000000;0.000000;176398.000000;23222.000000;0.000000;1862.478149
1254.000000;23636.000000;17082.000000;0.000000;159396.000000;23222.000000;0.000000;1863.875244
1255.000000;23636.000000;14388.000000;0.000000;216340.000000;23222.000000;0.000000;1865.262329
1256.000000;23636.000000;15287.000000;0.000000;206697.000000;23222.000000;0.000000;1866.658081
1257.000000;23636.000000;14922.000000;0.000000;238005.000000;23222.000000;0.000000;1868.048950
1258.000000;23636.000000;18179.000000;0.000000;99594.000000;23222.000000;0.000000;1869.436035
1259.000000;23636.000000;16574.000000;0.000000;204002.000000;23222.000000;0.000000;1870.825928
1260.000000;23636.000000;15069.000000;0.000000;165919.000000;23222.000000;0.000000;1872.258911
1261.000000;23636.000000;18176.000000;0.000000;173847.000000;23222.000000;0.000000;1873.989136
1262.000000;23636.000000;16941.000000;0.000000;142836.000000;23222.000000;0.000000;1875.588867
1263.000000;23636.000000;16354.000000;0.000000;185496.000000;23222.000000;0.000000;1877.190063
1264.000000;23636.000000;17403.000000;0.000000;141411.000000;23222.000000;0.000000;1878.767334
1265.000000;23636.000000;16519.000000;0.000000;185879.000000;23222.000000;0.000000;1880.327148
1266.000000;23636.000000;15406.000000;0.000000;195642.000000;23222.000000;0.000000;1881.919312
1267.000000;23636.000000;16299.000000;0.000000;198382.000000;23222.000000;0.000000;1883.573486
1268.000000;23636.000000;15469.000000;0.000000;191853.000000;23222.000000;0.000000;1885.138672
1269.000000;23636.000000;15797.000000;0.000000;191958.000000;23222.000000;0.000000;1886.704102
1270.000000;23636.000000;17189.000000;0.000000;186037.000000;23222.000000;0.000000;1888.269531
1271.000000;23636.000000;14253.000000;0.000000;271205.000000;23222.000000;0.000000;1889.838135
1272.000000;23636.000000;17159.000000;0.000000;164098.000000;23222.000000;0.000000;1891.435791
1273.000000;23636.000000;16083.000000;0.000000;186552.000000;23222.000000;0.000000;1893.008423
1274.000000;23636.000000;17284.000000;0.000000;165539.000000;23222.000000;0.000000;1894.636963
1275.000000;23636.000000;15207.000000;0.000000;214036.000000;23222.000000;0.000000;1896.244751
1276.000000;23636.000000;15794.000000;0.000000;194090.000000;23222.000000;0.000000;1897.849487
1277.000000;23636.000000;16585.000000;0.000000;155021.000000;23222.000000;0.000000;1899.436157
1278.000000;23636.000000;14840.000000;0.000000;230317.000000;23222.000000;0.000000;1900.855103
1279.000000;23636.000000;15611.000000;0.000000;197032.000000;23222.000000;0.000000;1902.289429
1280.000000;23636.000000;18018.000000;0.000000;88858.000000;23222.000000;0.000000;1903.692993
1281.000000;23636.000000;16894.000000;0.000000;126216.000000;23222.000000;0.000000;1905.374023
1282.000000;23636.000000;16380.000000;0.000000;168074.000000;23222.000000;0.000000;1906.999878
1283.000000;23636.000000;17980.000000;0.000000;153626.000000;23222.000000;0.000000;1908.614258
1284.000000;23636.000000;16012.000000;0.000000;199984.000000;23222.000000;0.000000;1910.196655
1285.000000;23636.000000;14771.000000;0.000000;221444.000000;23222.000000;0.000000;1911.809448
1286.000000;23636.000000;16909.000000;0.000000;188533.000000;23222.000000;0.000000;1913.609863
1287.000000;23636.000000;15157.000000;0.000000;251362.000000;23222.000000;0.000000;1915.559814
1288.000000;23636.000000;18517.000000;0.000000;108350.000000;23222.000000;0.000000;1917.118530
1289.000000;23636.000000;14888.000000;0.000000;232567.000000;23222.000000;0.000000;1918.705933
1290.000000;23636.000000;16764.000000;0.000000;179567.000000;23222.000000;0.000000;1920.270020
1291.000000;23636.000000;16683.000000;0.000000;164050.000000;23222.000000;0.000000;1921.879761
1292.000000;23636.000000;15507.000000;0.000000;198577.000000;23222.000000;0.000000;1923.409912
1293.000000;23636.000000;15598.000000;0.000000;178128.000000;23222.000000;0.000000;1924.783325
1294.000000;23636.000000;15273.000000;0.000000;192784.000000;23222.000000;0.000000;1926.161621
1295.000000;23636.000000;15910.000000;0.000000;195264.000000;23222.000000;0.000000;1927.535278
1296.000000;23636.000000;15616.000000;0.000000;178791.000000;23222.000000;0.000000;1928.907104
1297.000000;23636.000000;17778.000000;0.000000;121943.000000;23222.000000;0.000000;1930.279175
1298.000000;23636.000000;14605.000000;0.000000;194833.000000;23222.000000;0.000000;1931.680298
1299.000000;23636.000000;16834.000000;0.000000;149393.000000;23222.000000;0.000000;1933.056274
1300.000000;23636.000000;16625.000000;0.000000;168051.000000;23222.000000;0.000000;1934.425049
1301.000000;23636.000000;15986.000000;0.000000;212815.000000;23222.000000;0.000000;1936.120483
1302.000000;23636.000000;16529.000000;0.000000;215734.000000;23222.000000;0.000000;1937.707886
1303.000000;23636.000000;15672.000000;0.000000;188544.000000;23222.000000;0.000000;1939.274902
1304.000000;23636.000000;18424.000000;0.000000;155503.000000;23222.000000;0.000000;1940.870605
1305.000000;23636.000000;16970.000000;0.000000;154324.000000;23222.000000;0.000000;1942.515137
1306.000000;23636.000000;17414.000000;0.000000;151777.000000;23222.000000;0.000000;1944.137085
1307.000000;23636.000000;16295.000000;0.000000;109674.000000;23222.000000;0.000000;1945.675903
1308.000000;23636.000000;18487.000000;0.000000;109582.000000;23222.000000;0.000000;1947.187256
1309.000000;23636.000000;16517.000000;0.000000;157344.000000;23222.000000;0.000000;1948.898926
1310.000000;23636.000000;16007.000000;0.000000;146861.000000;23222.000000;0.000000;1950.406372
1311.000000;23636.000000;15943.000000;0.000000;185496.000000;23222.000000;0.000000;1951.938965
1312.000000;23636.000000;19233.000000;0.000000;78948.000000;23222.000000;0.000000;1953.453247
1313.000000;23636.000000;15044.000000;0.000000;229014.000000;23222.000000;0.000000;1955.002441
1314.000000;23636.000000;17092.000000;0.000000;172596.000000;23222.000000;0.000000;1956.535522
1315.000000;23636.000000;15414.000000;0.000000;229977.000000;23222.000000;0.000000;1958.067383
1316.000000;23636.000000;15909.000000;0.000000;230761.000000;23222.000000;0.000000;1959.587646
1317.000000;23636.000000;15402.000000;0.000000;171139.000000;23222.000000;0.000000;1960.977539
1318.000000;23636.000000;18079.000000;0.000000;120359.000000;23222.000000;0.000000;1962.356567
1319.000000;23636.000000;15250.000000;0.000000;200224.000000;23222.000000;0.000000;1963.700806
1320.000000;23636.000000;16845.000000;0.000000;154447.000000;23222.000000;0.000000;1965.048584
1321.000000;23636.000000;15558.000000;0.000000;209076.000000;23222.000000;0.000000;1966.674561
1322.000000;23636.000000;16117.000000;0.000000;166836.000000;23222.000000;0.000000;1968.237305
1323.000000;23636.000000;17118.000000;0.000000;166177.000000;23222.000000;0.000000;1969.772949
1324.000000;23636.000000;15908.000000;0.000000;186228.000000;23222.000000;0.000000;1971.298340
1325.000000;23636.000000;15352.000000;0.000000;180618.000000;23222.000000;0.000000;1972.839844
1326.000000;23636.000000;15849.000000;0.000000;259236.000000;23222.000000;0.000000;1974.353149
1327.000000;23636.000000;16379.000000;0.000000;151455.000000;23222.000000;0.000000;1975.866577
1328.000000;23636.000000;15489.000000;0.000000;239655.000000;23222.000000;0.000000;1977.392822
1329.000000;23636.000000;17511.000000;0.000000;142237.000000;23222.000000;0.000000;1978.949463
1330.000000;23636.000000;14742.000000;0.000000;238829.000000;23222.000000;0.000000;1980.496826
1331.000000;23636.000000;16124.000000;0.000000;161540.000000;23222.000000;0.000000;1982.071411
1332.000000;23636.000000;15082.000000;0.000000;238358.000000;23222.000000;0.000000;1983.627197
1333.000000;23636.000000;15294.000000;0.000000;181842.000000;23222.000000;0.000000;1985.108887
1334.000000;23636.000000;18050.000000;0.000000;163337.000000;23222.000000;0.000000;1986.472168
1335.000000;23636.000000;16218.000000;0.000000;172020.000000;23222.000000;0.000000;1987.831543
1336.000000;23636.000000;16503.000000;0.000000;169071.000000;23222.000000;0.000000;1989.193115
1337.000000;23636.000000;16795.000000;0.000000;167961.000000;23222.000000;0.000000;1990.555542
1338.000000;23636.000000;16405.000000;0.000000;176305.000000;23222.000000;0.000000;1991.940552
1339.000000;23636.000000;17774.000000;0.000000;101683.000000;23222.000000;0.000000;1993.312378
1340.000000;23636.000000;16729.000000;0.000000;187628.000000;23222.000000;0.000000;1994.673096
1341.000000;23636.000000;17132.000000;0.000000;162962.000000;23222.000000;0.000000;1996.354248
1342.000000;23636.000000;15649.000000;0.000000;218267.000000;23222.000000;0.000000;1997.919678
1343.000000;23636.000000;16301.000000;0.000000;186939.000000;23222.000000;0.000000;1999.468872
1344.000000;23636.000000;16385.000000;0.000000;185219.000000;23222.000000;0.000000;2000.991333
1345.000000;23636.000000;17347.000000;0.000000;147373.000000;23222.000000;0.000000;2002.558716
1346.000000;23636.000000;17318.000000;0.000000;152339.000000;23222.000000;0.000000;2004.168945
1347.000000;23636.000000;16931.000000;0.000000;187607.000000;23222.000000;0.000000;2005.686768
1348.000000;23636.000000;15826.000000;0.000000;186959.000000;23222.000000;0.000000;2007.218994
1349.000000;23636.000000;17551.000000;0.000000;153269.000000;23222.000000;0.000000;2008.752197
1350.000000;23636.000000;15892.000000;0.000000;193964.000000;23222.000000;0.000000;2010.280518
1351.000000;23636.000000;16927.000000;0.000000;150895.000000;23222.000000;0.000000;2011.811646
1352.000000;23636.000000;15739.000000;0.000000;195547.000000;23222.000000;0.000000;2013.399292
1353.000000;23636.000000;18565.000000;0.000000;125751.000000;23222.000000;0.000000;2014.967163
1354.000000;23636.000000;15492.000000;0.000000;224011.000000;23222.000000;0.000000;2016.521240
1355.000000;23636.000000;16743.000000;0.000000;165488.000000;23222.000000;0.000000;2018.076416
1356.000000;23636.000000;17850.000000;0.000000;149657.000000;23222.000000;0.000000;2019.585083
1357.000000;23636.000000;17804.000000;0.000000;117746.000000;23222.000000;0.000000;2020.962891
1358.000000;23636.000000;16813.000000;0.000000;169990.000000;23222.000000;0.000000;2022.384033
1359.000000;23636.000000;17732.000000;0.000000;163045.000000;23222.000000;0.000000;2023.756104
1360.000000;23636.000000;15856.000000;0.000000;206614.000000;23222.000000;0.000000;2025.136353
1361.000000;23636.000000;17259.000000;0.000000;194490.000000;23222.000000;0.000000;2026.835449
1362.000000;23636.000000;14722.000000;0.000000;207440.000000;23222.000000;0.000000;2028.433105
1363.000000;23636.000000;16200.000000;0.000000;140301.000000;23222.000000;0.000000;2030.020874
1364.000000;23636.000000;16603.000000;0.000000;151534.000000;23222.000000;0.000000;2031.564819
1365.000000;23636.000000;16374.000000;0.000000;182870.000000;23222.000000;0.000000;2033.143799
1366.000000;23636.000000;17690.000000;0.000000;188786.000000;23222.000000;0.000000;2034.682251
1367.000000;23636.000000;15374.000000;0.000000;234262.000000;23222.000000;0.000000;2036.228271
1368.000000;23636.000000;17447.000000;0.000000;184535.000000;23222.000000;0.000000;2037.781128
1369.000000;23636.000000;14338.000000;0.000000;224121.000000;23222.000000;0.000000;2039.378296
1370.000000;23636.000000;16767.000000;0.000000;179391.000000;23222.000000;0.000000;2040.950195
1371.000000;23636.000000;14247.000000;0.000000;204050.000000;23222.000000;0.000000;2042.576172
1372.000000;23636.000000;16768.000000;0.000000;149707.000000;23222.000000;0.000000;2044.154175
1373.000000;23636.000000;16903.000000;0.000000;140733.000000;23222.000000;0.000000;2045.592529
1374.000000;23636.000000;18188.000000;0.000000;117173.000000;23222.000000;0.000000;2046.983398
1375.000000;23636.000000;15489.000000;0.000000;237771.000000;23222.000000;0.000000;2048.369629
1376.000000;23636.000000;15319.000000;0.000000;185008.000000;23222.000000;0.000000;2049.756348
1377.000000;23636.000000;17225.000000;0.000000;179283.000000;23222.000000;0.000000;2051.138428
1378.000000;23636.000000;15597.000000;0.000000;178828.000000;23222.000000;0.000000;2052.561279
1379.000000;23636.000000;15399.000000;0.000000;186281.000000;23222.000000;0.000000;2053.950439
1380.000000;23636.000000;15743.000000;0.000000;167321.000000;23222.000000;0.000000;2055.330566
1381.000000;23636.000000;17709.000000;0.000000;119719.000000;23222.000000;0.000000;2057.061279
1382.000000;23636.000000;16738.000000;0.000000;148448.000000;23222.000000;0.000000;2058.665039
1383.000000;23636.000000;15251.000000;0.000000;177958.000000;23222.000000;0.000000;2060.253906
1384.000000;23636.000000;16830.000000;0.000000;181809.000000;23222.000000;0.000000;2061.815430
1385.000000;23636.000000;17389.000000;0.000000;150874.000000;23222.000000;0.000000;2063.409668
1386.000000;23636.000000;16407.000000;0.000000;207409.000000;23222.000000;0.000000;2065.061279
1387.000000;23636.000000;16258.000000;0.000000;231691.000000;23222.000000;0.000000;2066.622803
1388.000000;23636.000000;16461.000000;0.000000;151894.000000;23222.000000;0.000000;2068.187012
1389.000000;23636.000000;14799.000000;0.000000;236292.000000;23222.000000;0.000000;2069.755127
1390.000000;23636.000000;15534.000000;0.000000;185131.000000;23222.000000;0.000000;2071.382568
1391.000000;23636.000000;15782.000000;0.000000;188580.000000;23222.000000;0.000000;2072.999512
1392.000000;23636.000000;15858.000000;0.000000;210754.000000;23222.000000;0.000000;2074.619873
1393.000000;23636.000000;16139.000000;0.000000;178647.000000;23222.000000;0.000000;2076.215820
1394.000000;23636.000000;17072.000000;0.000000;188917.000000;23222.000000;0.000000;2077.804932
1395.000000;23636.000000;16911.000000;0.000000;161284.000000;23222.000000;0.000000;2079.396240
1396.000000;23636.000000;16943.000000;0.000000;136320.000000;23222.000000;0.000000;2080.887451
1397.000000;23636.000000;15531.000000;0.000000;208048.000000;23222.000000;0.000000;2082.288330
1398.000000;23636.000000;16488.000000;0.000000;213483.000000;23222.000000;0.000000;2083.713379
1399.000000;23636.000000;16065.000000;0.000000;202788.000000;23222.000000;0.000000;2085.169922
1400.000000;23636.000000;17485.000000;0.000000;143660.000000;23222.000000;0.000000;2086.608887
1401.000000;23636.000000;16773.000000;0.000000;163382.000000;23222.000000;0.000000;2088.266602
1402.000000;23636.000000;16473.000000;0.000000;174916.000000;23222.000000;0.000000;2089.882324
1403.000000;23636.000000;16808.000000;0.000000;170717.000000;23222.000000;0.000000;2091.484619
1404.000000;23636.000000;17206.000000;0.000000;154846.000000;23222.000000;0.000000;2093.106445
1405.000000;23636.000000;15867.000000;0.000000;209400.000000;23222.000000;0.000000;2094.683594
1406.000000;23636.000000;15399.000000;0.000000;201058.000000;23222.000000;0.000000;2096.332031
1407.000000;23636.000000;14845.000000;0.000000;198246.000000;23222.000000;0.000000;2097.880371
1408.000000;23636.000000;15161.000000;0.000000;229487.000000;23222.000000;0.000000;2099.473633
1409.000000;23636.000000;15878.000000;0.000000;168676.000000;23222.000000;0.000000;2101.056885
1410.000000;23636.000000;15853.000000;0.000000;151120.000000;23222.000000;0.000000;2102.636230
1411.000000;23636.000000;15647.000000;0.000000;197833.000000;23222.000000;0.000000;2104.210938
1412.000000;23636.000000;15866.000000;0.000000;204987.000000;23222.000000;0.000000;2105.772461
1413.000000;23636.000000;16596.000000;0.000000;168844.000000;23222.000000;0.000000;2107.196533
1414.000000;23636.000000;15650.000000;0.000000;177802.000000;23222.000000;0.000000;2108.571777
1415.000000;23636.000000;15412.000000;0.000000;195723.000000;23222.000000;0.000000;2109.947754
1416.000000;23636.000000;15887.000000;0.000000;195893.000000;23222.000000;0.000000;2111.320801
1417.000000;23636.000000;15566.000000;0.000000;217769.000000;23222.000000;0.000000;2112.730713
1418.000000;23636.000000;17505.000000;0.000000;115379.000000;23222.000000;0.000000;2114.117432
1419.000000;23636.000000;18223.000000;0.000000;141781.000000;23222.000000;0.000000;2115.490479
1420.000000;23636.000000;16533.000000;0.000000;207177.000000;23222.000000;0.000000;2116.865723
1421.000000;23636.000000;15304.000000;0.000000;194323.000000;23222.000000;0.000000;2118.589844
1422.000000;23636.000000;16849.000000;0.000000;174259.000000;23222.000000;0.000000;2120.180176
1423.000000;23636.000000;14735.000000;0.000000;245752.000000;23222.000000;0.000000;2121.762695
1424.000000;23636.000000;16799.000000;0.000000;186323.000000;23222.000000;0.000000;2123.382812
1425.000000;23636.000000;15017.000000;0.000000;253263.000000;23222.000000;0.000000;2124.992432
1426.000000;23636.000000;14991.000000;0.000000;217773.000000;23222.000000;0.000000;2126.532715
1427.000000;23636.000000;15436.000000;0.000000;175631.000000;23222.000000;0.000000;2128.080078
1428.000000;23636.000000;15315.000000;0.000000;229378.000000;23222.000000;0.000000;2129.628906
1429.000000;23636.000000;16879.000000;0.000000;163628.000000;23222.000000;0.000000;2131.178223
1430.000000;23636.000000;15346.000000;0.000000;195392.000000;23222.000000;0.000000;2132.738281
1431.000000;23636.000000;15442.000000;0.000000;199043.000000;23222.000000;0.000000;2134.374023
1432.000000;23636.000000;16377.000000;0.000000;135532.000000;23222.000000;0.000000;2135.953125
1433.000000;23636.000000;16673.000000;0.000000;216187.000000;23222.000000;0.000000;2137.535156
1434.000000;23636.000000;18487.000000;0.000000;147665.000000;23222.000000;0.000000;2139.120850
1435.000000;23636.000000;17314.000000;0.000000;182267.000000;23222.000000;0.000000;2140.582275
1436.000000;23636.000000;16557.000000;0.000000;200567.000000;23222.000000;0.000000;2141.973389
1437.000000;23636.000000;16313.000000;0.000000;163207.000000;23222.000000;0.000000;2143.398438
1438.000000;23636.000000;16646.000000;0.000000;179050.000000;23222.000000;0.000000;2144.791016
1439.000000;23636.000000;16613.000000;0.000000;210408.000000;23222.000000;0.000000;2146.254395
1440.000000;23636.000000;17299.000000;0.000000;179644.000000;23222.000000;0.000000;2147.648438
1441.000000;23636.000000;17595.000000;0.000000;148885.000000;23222.000000;0.000000;2149.412109
1442.000000;23636.000000;17540.000000;0.000000;171309.000000;23222.000000;0.000000;2151.015381
1443.000000;23636.000000;15953.000000;0.000000;176809.000000;23222.000000;0.000000;2152.604980
1444.000000;23636.000000;16158.000000;0.000000;178367.000000;23222.000000;0.000000;2154.196045
1445.000000;23636.000000;16089.000000;0.000000;172190.000000;23222.000000;0.000000;2155.769531
1446.000000;23636.000000;18256.000000;0.000000;98859.000000;23222.000000;0.000000;2157.348145
1447.000000;23636.000000;16357.000000;0.000000;159645.000000;23222.000000;0.000000;2158.924316
1448.000000;23636.000000;15953.000000;0.000000;185012.000000;23222.000000;0.000000;2160.495117
1449.000000;23636.000000;17906.000000;0.000000;127778.000000;23222.000000;0.000000;2162.117676
1450.000000;23636.000000;16407.000000;0.000000;162694.000000;23222.000000;0.000000;2163.784424
1451.000000;23636.000000;16747.000000;0.000000;197270.000000;23222.000000;0.000000;2165.374756
1452.000000;23636.000000;15487.000000;0.000000;207224.000000;23222.000000;0.000000;2167.020996
1453.000000;23636.000000;17330.000000;0.000000;170886.000000;23222.000000;0.000000;2168.454834
1454.000000;23636.000000;16208.000000;0.000000;195320.000000;23222.000000;0.000000;2169.858887
1455.000000;23636.000000;16546.000000;0.000000;219037.000000;23222.000000;0.000000;2171.253906
1456.000000;23636.000000;17637.000000;0.000000;117241.000000;23222.000000;0.000000;2172.645508
1457.000000;23636.000000;18034.000000;0.000000;113901.000000;23222.000000;0.000000;2174.360107
1458.000000;23636.000000;15814.000000;0.000000;200218.000000;23222.000000;0.000000;2176.072754
1459.000000;23636.000000;15904.000000;0.000000;153133.000000;23222.000000;0.000000;2177.570068
1460.000000;23636.000000;17253.000000;0.000000;149982.000000;23222.000000;0.000000;2178.947266
1461.000000;23636.000000;18603.000000;0.000000;114555.000000;23222.000000;0.000000;2180.829590
1462.000000;23636.000000;14324.000000;0.000000;306503.000000;23222.000000;0.000000;2182.457520
1463.000000;23636.000000;18226.000000;0.000000;115940.000000;23222.000000;0.000000;2184.186279
1464.000000;23636.000000;16232.000000;0.000000;210610.000000;23222.000000;0.000000;2185.816650
1465.000000;23636.000000;18164.000000;0.000000;118803.000000;23222.000000;0.000000;2187.412598
1466.000000;23636.000000;16560.000000;0.000000;146974.000000;23222.000000;0.000000;2189.006348
1467.000000;23636.000000;18222.000000;0.000000;117709.000000;23222.000000;0.000000;2190.597656
1468.000000;23636.000000;16752.000000;0.000000;178102.000000;23222.000000;0.000000;2192.187988
1469.000000;23636.000000;16937.000000;0.000000;164391.000000;23222.000000;0.000000;2193.816162
1470.000000;23636.000000;16039.000000;0.000000;157634.000000;23222.000000;0.000000;2195.470947
1471.000000;23636.000000;15632.000000;0.000000;223432.000000;23222.000000;0.000000;2197.139404
1472.000000;23636.000000;16774.000000;0.000000;112086.000000;23222.000000;0.000000;2198.778564
1473.000000;23636.000000;15433.000000;0.000000;208620.000000;23222.000000;0.000000;2200.411865
1474.000000;23636.000000;15649.000000;0.000000;184749.000000;23222.000000;0.000000;2201.859863
1475.000000;23636.000000;17034.000000;0.000000;187026.000000;23222.000000;0.000000;2203.294434
1476.000000;23636.000000;16110.000000;0.000000;192346.000000;23222.000000;0.000000;2204.743652
1477.000000;23636.000000;14940.000000;0.000000;238788.000000;23222.000000;0.000000;2206.237793
1478.000000;23636.000000;15428.000000;0.000000;170183.000000;23222.000000;0.000000;2207.671875
1479.000000;23636.000000;15973.000000;0.000000;236736.000000;23222.000000;0.000000;2209.113525
1480.000000;23636.000000;15905.000000;0.000000;140267.000000;23222.000000;0.000000;2210.535400
1481.000000;23636.000000;16695.000000;0.000000;170709.000000;23222.000000;0.000000;2212.206787
1482.000000;23636.000000;17360.000000;0.000000;154277.000000;23222.000000;0.000000;2213.898193
1483.000000;23636.000000;16973.000000;0.000000;168699.000000;23222.000000;0.000000;2215.522949
1484.000000;23636.000000;15941.000000;0.000000;189496.000000;23222.000000;0.000000;2217.127197
1485.000000;23636.000000;16329.000000;0.000000;214441.000000;23222.000000;0.000000;2218.683594
1486.000000;23636.000000;15967.000000;0.000000;216414.000000;23222.000000;0.000000;2220.241943
1487.000000;23636.000000;16760.000000;0.000000;191650.000000;23222.000000;0.000000;2221.798828
1488.000000;23636.000000;14725.000000;0.000000;256822.000000;23222.000000;0.000000;2223.398682
1489.000000;23636.000000;18076.000000;0.000000;152913.000000;23222.000000;0.000000;2225.004150
1490.000000;23636.000000;15359.000000;0.000000;221653.000000;23222.000000;0.000000;2226.608887
1491.000000;23636.000000;15826.000000;0.000000;189767.000000;23222.000000;0.000000;2228.197266
1492.000000;23636.000000;15302.000000;0.000000;182767.000000;23222.000000;0.000000;2229.696045
1493.000000;23636.000000;16206.000000;0.000000;174777.000000;23222.000000;0.000000;2231.082031
1494.000000;23636.000000;16425.000000;0.000000;160918.000000;23222.000000;0.000000;2232.471680
1495.000000;23636.000000;16009.000000;0.000000;198183.000000;23222.000000;0.000000;2233.899658
1496.000000;23636.000000;16197.000000;0.000000;225203.000000;23222.000000;0.000000;2235.293213
1497.000000;23636.000000;16017.000000;0.000000;254448.000000;23222.000000;0.000000;2236.680664
1498.000000;23636.000000;16467.000000;0.000000;179127.000000;23222.000000;0.000000;2238.078369
1499.000000;23636.000000;16705.000000;0.000000;162182.000000;23222.000000;0.000000;2239.844971
1500.000000;23636.000000;15471.000000;0.000000;211695.000000;23222.000000;0.000000;2241.337402
1501.000000;23636.000000;16053.000000;0.000000;202530.000000;23222.000000;0.000000;2243.072021
1502.000000;23636.000000;17504.000000;0.000000;138053.000000;23222.000000;0.000000;2244.828857
1503.000000;23636.000000;16936.000000;0.000000;125180.000000;23222.000000;0.000000;2246.409180
1504.000000;23636.000000;16367.000000;0.000000;150641.000000;23222.000000;0.000000;2247.941406
1505.000000;23636.000000;16327.000000;0.000000;161967.000000;23222.000000;0.000000;2249.473877
1506.000000;23636.000000;17017.000000;0.000000;178967.000000;23222.000000;0.000000;2251.006836
1507.000000;23636.000000;17288.000000;0.000000;190900.000000;23222.000000;0.000000;2252.531982
1508.000000;23636.000000;15136.000000;0.000000;246075.000000;23222.000000;0.000000;2254.128906
1509.000000;23636.000000;16066.000000;0.000000;190937.000000;23222.000000;0.000000;2255.691162
1510.000000;23636.000000;16668.000000;0.000000;141191.000000;23222.000000;0.000000;2257.239746
1511.000000;23636.000000;17599.000000;0.000000;123555.000000;23222.000000;0.000000;2258.784424
1512.000000;23636.000000;16883.000000;0.000000;144398.000000;23222.000000;0.000000;2260.373535
1513.000000;23636.000000;16080.000000;0.000000;203445.000000;23222.000000;0.000000;2261.786621
1514.000000;23636.000000;15573.000000;0.000000;220677.000000;23222.000000;0.000000;2263.139404
1515.000000;23636.000000;19325.000000;0.000000;60839.000000;23222.000000;0.000000;2264.527344
1516.000000;23636.000000;17279.000000;0.000000;150516.000000;23222.000000;0.000000;2265.943115
1517.000000;23636.000000;16302.000000;0.000000;173091.000000;23222.000000;0.000000;2267.301025
1518.000000;23636.000000;16409.000000;0.000000;173818.000000;23222.000000;0.000000;2268.655273
1519.000000;23636.000000;16753.000000;0.000000;191948.000000;23222.000000;0.000000;2270.005859
1520.000000;23636.000000;15553.000000;0.000000;190908.000000;23222.000000;0.000000;2271.354736
1521.000000;23636.000000;16648.000000;0.000000;144451.000000;23222.000000;0.000000;2273.035889
1522.000000;23636.000000;16246.000000;0.000000;159240.000000;23222.000000;0.000000;2274.632568
1523.000000;23636.000000;16327.000000;0.000000;157154.000000;23222.000000;0.000000;2276.179932
1524.000000;23636.000000;16477.000000;0.000000;161099.000000;23222.000000;0.000000;2277.697021
1525.000000;23636.000000;15763.000000;0.000000;194544.000000;23222.000000;0.000000;2279.200195
1526.000000;23636.000000;16575.000000;0.000000;154938.000000;23222.000000;0.000000;2280.698975
1527.000000;23636.000000;15608.000000;0.000000;168843.000000;23222.000000;0.000000;2282.194824
1528.000000;23636.000000;16554.000000;0.000000;151100.000000;23222.000000;0.000000;2283.696533
1529.000000;23636.000000;15065.000000;0.000000;208250.000000;23222.000000;0.000000;2285.245850
1530.000000;23636.000000;17153.000000;0.000000;96812.000000;23222.000000;0.000000;2286.773926
1531.000000;23636.000000;18200.000000;0.000000;162389.000000;23222.000000;0.000000;2288.296387
1532.000000;23636.000000;16518.000000;0.000000;123688.000000;23222.000000;0.000000;2289.818115
1533.000000;23636.000000;15747.000000;0.000000;213946.000000;23222.000000;0.000000;2291.302734
1534.000000;23636.000000;15937.000000;0.000000;177385.000000;23222.000000;0.000000;2292.651611
1535.000000;23636.000000;15590.000000;0.000000;241522.000000;23222.000000;0.000000;2294.030273
1536.000000;23636.000000;16830.000000;0.000000;150946.000000;23222.000000;0.000000;2295.364014
1537.000000;23636.000000;17609.000000;0.000000;139254.000000;23222.000000;0.000000;2296.691162
1538.000000;23636.000000;16745.000000;0.000000;147750.000000;23222.000000;0.000000;2298.041504
1539.000000;23636.000000;16355.000000;0.000000;194223.000000;23222.000000;0.000000;2299.383301
1540.000000;23636.000000;17134.000000;0.000000;177112.000000;23222.000000;0.000000;2300.717529
1541.000000;23636.000000;16026.000000;0.000000;193874.000000;23222.000000;0.000000;2302.377686
1542.000000;23636.000000;17201.000000;0.000000;114854.000000;23222.000000;0.000000;2303.934326
1543.000000;23636.000000;15748.000000;0.000000;224446.000000;23222.000000;0.000000;2305.498291
1544.000000;23636.000000;17769.000000;0.000000;136451.000000;23222.000000;0.000000;2307.023193
1545.000000;23636.000000;15348.000000;0.000000;169639.000000;23222.000000;0.000000;2308.612549
1546.000000;23636.000000;16095.000000;0.000000;174038.000000;23222.000000;0.000000;2310.131104
1547.000000;23636.000000;15484.000000;0.000000;238385.000000;23222.000000;0.000000;2311.647217
1548.000000;23636.000000;16760.000000;0.000000;192968.000000;23222.000000;0.000000;2313.166016
1549.000000;23636.000000;15849.000000;0.000000;187690.000000;23222.000000;0.000000;2314.755371
1550.000000;23636.000000;17737.000000;0.000000;116635.000000;23222.000000;0.000000;2316.304932
1551.000000;23636.000000;14622.000000;0.000000;238872.000000;23222.000000;0.000000;2317.847168
1552.000000;23636.000000;15704.000000;0.000000;193180.000000;23222.000000;0.000000;2319.389893
1553.000000;23636.000000;16610.000000;0.000000;184258.000000;23222.000000;0.000000;2320.870117
1554.000000;23636.000000;16370.000000;0.000000;155959.000000;23222.000000;0.000000;2322.226074
1555.000000;23636.000000;15733.000000;0.000000;217024.000000;23222.000000;0.000000;2323.575439
1556.000000;23636.000000;15935.000000;0.000000;200424.000000;23222.000000;0.000000;2324.962646
1557.000000;23636.000000;15985.000000;0.000000;194454.000000;23222.000000;0.000000;2326.339600
1558.000000;23636.000000;17056.000000;0.000000;165680.000000;23222.000000;0.000000;2327.688477
1559.000000;23636.000000;15979.000000;0.000000;217700.000000;23222.000000;0.000000;2329.043457
1560.000000;23636.000000;18562.000000;0.000000;148632.000000;23222.000000;0.000000;2330.436279
1561.000000;23636.000000;16783.000000;0.000000;211980.000000;23222.000000;0.000000;2332.138428
1562.000000;23636.000000;16135.000000;0.000000;214472.000000;23222.000000;0.000000;2333.696289
1563.000000;23636.000000;18340.000000;0.000000;114860.000000;23222.000000;0.000000;2335.272705
1564.000000;23636.000000;17493.000000;0.000000;170269.000000;23222.000000;0.000000;2336.804443
1565.000000;23636.000000;16466.000000;0.000000;216499.000000;23222.000000;0.000000;2338.339844
1566.000000;23636.000000;17278.000000;0.000000;153404.000000;23222.000000;0.000000;2339.873047
1567.000000;23636.000000;18469.000000;0.000000;127529.000000;23222.000000;0.000000;2341.400879
1568.000000;23636.000000;16429.000000;0.000000;147851.000000;23222.000000;0.000000;2342.932861
1569.000000;23636.000000;16455.000000;0.000000;166101.000000;23222.000000;0.000000;2344.543701
1570.000000;23636.000000;15974.000000;0.000000;180263.000000;23222.000000;0.000000;2346.098389
1571.000000;23636.000000;16447.000000;0.000000;181287.000000;23222.000000;0.000000;2347.653564
1572.000000;23636.000000;15597.000000;0.000000;163839.000000;23222.000000;0.000000;2349.206055
1573.000000;23636.000000;17370.000000;0.000000;132598.000000;23222.000000;0.000000;2350.649658
1574.000000;23636.000000;15983.000000;0.000000;146918.000000;23222.000000;0.000000;2352.011963
1575.000000;23636.000000;16535.000000;0.000000;169713.000000;23222.000000;0.000000;2353.376709
1576.000000;23636.000000;16540.000000;0.000000;190802.000000;23222.000000;0.000000;2354.770752
1577.000000;23636.000000;17695.000000;0.000000;119732.000000;23222.000000;0.000000;2356.137451
1578.000000;23636.000000;16059.000000;0.000000;111505.000000;23222.000000;0.000000;2357.508789
1579.000000;23636.000000;18738.000000;0.000000;117437.000000;23222.000000;0.000000;2358.874023
1580.000000;23636.000000;15687.000000;0.000000;151238.000000;23222.000000;0.000000;2360.237305
1581.000000;23636.000000;17067.000000;0.000000;193258.000000;23222.000000;0.000000;2361.937744
1582.000000;23636.000000;17913.000000;0.000000;145225.000000;23222.000000;0.000000;2363.520752
1583.000000;23636.000000;17148.000000;0.000000;152589.000000;23222.000000;0.000000;2365.234375
1584.000000;23636.000000;15791.000000;0.000000;224509.000000;23222.000000;0.000000;2366.789795
1585.000000;23636.000000;17524.000000;0.000000;152847.000000;23222.000000;0.000000;2368.340576
1586.000000;23636.000000;15291.000000;0.000000;198604.000000;23222.000000;0.000000;2369.897461
1587.000000;23636.000000;16861.000000;0.000000;190488.000000;23222.000000;0.000000;2371.438965
1588.000000;23636.000000;16231.000000;0.000000;205323.000000;23222.000000;0.000000;2372.986328
1589.000000;23636.000000;15475.000000;0.000000;158256.000000;23222.000000;0.000000;2374.611572
1590.000000;23636.000000;18336.000000;0.000000;102039.000000;23222.000000;0.000000;2376.187256
1591.000000;23636.000000;17347.000000;0.000000;194723.000000;23222.000000;0.000000;2377.755371
1592.000000;23636.000000;16121.000000;0.000000;186430.000000;23222.000000;0.000000;2379.324951
1593.000000;23636.000000;16496.000000;0.000000;198015.000000;23222.000000;0.000000;2380.753906
1594.000000;23636.000000;15917.000000;0.000000;222566.000000;23222.000000;0.000000;2382.130127
1595.000000;23636.000000;17576.000000;0.000000;162793.000000;23222.000000;0.000000;2383.504395
1596.000000;23636.000000;17584.000000;0.000000;134578.000000;23222.000000;0.000000;2384.901611
1597.000000;23636.000000;15742.000000;0.000000;214247.000000;23222.000000;0.000000;2386.308838
1598.000000;23636.000000;16600.000000;0.000000;179655.000000;23222.000000;0.000000;2387.684814
1599.000000;23636.000000;17341.000000;0.000000;169620.000000;23222.000000;0.000000;2389.055908
1600.000000;23636.000000;18045.000000;0.000000;83508.000000;23222.000000;0.000000;2390.435547
1601.000000;23636.000000;17472.000000;0.000000;181101.000000;23222.000000;0.000000;2392.067627
1602.000000;23636.000000;16012.000000;0.000000;131712.000000;23222.000000;0.000000;2393.670654
1603.000000;23636.000000;16033.000000;0.000000;169666.000000;23222.000000;0.000000;2395.298828
1604.000000;23636.000000;16507.000000;0.000000;157670.000000;23222.000000;0.000000;2396.944336
1605.000000;23636.000000;15774.000000;0.000000;169424.000000;23222.000000;0.000000;2398.516113
1606.000000;23636.000000;15765.000000;0.000000;211008.000000;23222.000000;0.000000;2400.136475
1607.000000;23636.000000;15649.000000;0.000000;220239.000000;23222.000000;0.000000;2401.704346
1608.000000;23636.000000;16059.000000;0.000000;172100.000000;23222.000000;0.000000;2403.268066
1609.000000;23636.000000;14888.000000;0.000000;226952.000000;23222.000000;0.000000;2404.915283
1610.000000;23636.000000;17473.000000;0.000000;89681.000000;23222.000000;0.000000;2406.509766
1611.000000;23636.000000;15413.000000;0.000000;259835.000000;23222.000000;0.000000;2408.090088
1612.000000;23636.000000;18612.000000;0.000000;110630.000000;23222.000000;0.000000;2409.671875
1613.000000;23636.000000;15230.000000;0.000000;184695.000000;23222.000000;0.000000;2411.084717
1614.000000;23636.000000;15144.000000;0.000000;201823.000000;23222.000000;0.000000;2412.472168
1615.000000;23636.000000;16652.000000;0.000000;197875.000000;23222.000000;0.000000;2413.860352
1616.000000;23636.000000;15283.000000;0.000000;225556.000000;23222.000000;0.000000;2415.281006
1617.000000;23636.000000;15177.000000;0.000000;207622.000000;23222.000000;0.000000;2416.671143
1618.000000;23636.000000;17481.000000;0.000000;194988.000000;23222.000000;0.000000;2418.077393
1619.000000;23636.000000;15809.000000;0.000000;219055.000000;23222.000000;0.000000;2419.492432
1620.000000;23636.000000;15646.000000;0.000000;178378.000000;23222.000000;0.000000;2420.877197
1621.000000;23636.000000;16330.000000;0.000000;189461.000000;23222.000000;0.000000;2422.602295
1622.000000;23636.000000;16464.000000;0.000000;204586.000000;23222.000000;0.000000;2424.211670
1623.000000;23636.000000;16711.000000;0.000000;217026.000000;23222.000000;0.000000;2425.846191
1624.000000;23636.000000;16327.000000;0.000000;175826.000000;23222.000000;0.000000;2427.431396
1625.000000;23636.000000;16790.000000;0.000000;186897.000000;23222.000000;0.000000;2429.011719
1626.000000;23636.000000;16908.000000;0.000000;133076.000000;23222.000000;0.000000;2430.590332
1627.000000;23636.000000;18357.000000;0.000000;129180.000000;23222.000000;0.000000;2432.169678
1628.000000;23636.000000;17711.000000;0.000000;160478.000000;23222.000000;0.000000;2433.747314
1629.000000;23636.000000;16961.000000;0.000000;149969.000000;23222.000000;0.000000;2435.408447
1630.000000;23636.000000;16453.000000;0.000000;185588.000000;23222.000000;0.000000;2437.020508
1631.000000;23636.000000;15996.000000;0.000000;158277.000000;23222.000000;0.000000;2438.621338
1632.000000;23636.000000;17307.000000;0.000000;140645.000000;23222.000000;0.000000;2440.222168
1633.000000;23636.000000;15432.000000;0.000000;206873.000000;23222.000000;0.000000;2441.659668
1634.000000;23636.000000;15552.000000;0.000000;195680.000000;23222.000000;0.000000;2443.064209
1635.000000;23636.000000;18424.000000;0.000000;144214.000000;23222.000000;0.000000;2444.466797
1636.000000;23636.000000;16337.000000;0.000000;154383.000000;23222.000000;0.000000;2445.959229
1637.000000;23636.000000;15771.000000;0.000000;200137.000000;23222.000000;0.000000;2447.354980
1638.000000;23636.000000;16291.000000;0.000000;181622.000000;23222.000000;0.000000;2448.903320
1639.000000;23636.000000;15454.000000;0.000000;200424.000000;23222.000000;0.000000;2450.301514
1640.000000;23636.000000;16696.000000;0.000000;140348.000000;23222.000000;0.000000;2451.697754
1641.000000;23636.000000;16182.000000;0.000000;139746.000000;23222.000000;0.000000;2453.546387
1642.000000;23636.000000;18607.000000;0.000000;87078.000000;23222.000000;0.000000;2455.320801
1643.000000;23636.000000;16384.000000;0.000000;196719.000000;23222.000000;0.000000;2456.986084
1644.000000;23636.000000;17227.000000;0.000000;164360.000000;23222.000000;0.000000;2458.591064
1645.000000;23636.000000;17084.000000;0.000000;178760.000000;23222.000000;0.000000;2460.187012
1646.000000;23636.000000;17099.000000;0.000000;140678.000000;23222.000000;0.000000;2461.786621
1647.000000;23636.000000;17341.000000;0.000000;191636.000000;23222.000000;0.000000;2463.387451
1648.000000;23636.000000;18086.000000;0.000000;156976.000000;23222.000000;0.000000;2464.997559
1649.000000;23636.000000;15951.000000;0.000000;202757.000000;23222.000000;0.000000;2466.687744
1650.000000;23636.000000;15729.000000;0.000000;214522.000000;23222.000000;0.000000;2468.312256
1651.000000;23636.000000;15937.000000;0.000000;187300.000000;23222.000000;0.000000;2469.920654
1652.000000;23636.000000;16094.000000;0.000000;171891.000000;23222.000000;0.000000;2471.513184
1653.000000;23636.000000;16310.000000;0.000000;152298.000000;23222.000000;0.000000;2472.942627
1654.000000;23636.000000;16536.000000;0.000000;214889.000000;23222.000000;0.000000;2474.361084
1655.000000;23636.000000;15666.000000;0.000000;204075.000000;23222.000000;0.000000;2475.813232
1656.000000;23636.000000;16809.000000;0.000000;173949.000000;23222.000000;0.000000;2477.231934
1657.000000;23636.000000;16413.000000;0.000000;217168.000000;23222.000000;0.000000;2478.650879
1658.000000;23636.000000;16405.000000;0.000000;181328.000000;23222.000000;0.000000;2480.063965
1659.000000;23636.000000;16140.000000;0.000000;206884.000000;23222.000000;0.000000;2481.476318
1660.000000;23636.000000;16181.000000;0.000000;182090.000000;23222.000000;0.000000;2482.895996
1661.000000;23636.000000;17184.000000;0.000000;88174.000000;23222.000000;0.000000;2484.687744
1662.000000;23636.000000;15611.000000;0.000000;196893.000000;23222.000000;0.000000;2486.341309
1663.000000;23636.000000;15892.000000;0.000000;197185.000000;23222.000000;0.000000;2487.933105
1664.000000;23636.000000;16423.000000;0.000000;158953.000000;23222.000000;0.000000;2489.507080
1665.000000;23636.000000;16806.000000;0.000000;195103.000000;23222.000000;0.000000;2491.063477
1666.000000;23636.000000;16467.000000;0.000000;176768.000000;23222.000000;0.000000;2492.624512
1667.000000;23636.000000;15476.000000;0.000000;184514.000000;23222.000000;0.000000;2494.179932
1668.000000;23636.000000;17104.000000;0.000000;178658.000000;23222.000000;0.000000;2495.766113
1669.000000;23636.000000;15953.000000;0.000000;230972.000000;23222.000000;0.000000;2497.382568
1670.000000;23636.000000;16120.000000;0.000000;162967.000000;23222.000000;0.000000;2498.968994
1671.000000;23636.000000;16808.000000;0.000000;188641.000000;23222.000000;0.000000;2500.551514
1672.000000;23636.000000;16303.000000;0.000000;196202.000000;23222.000000;0.000000;2502.130371
1673.000000;23636.000000;16864.000000;0.000000;183273.000000;23222.000000;0.000000;2503.561279
1674.000000;23636.000000;16471.000000;0.000000;150599.000000;23222.000000;0.000000;2504.950439
1675.000000;23636.000000;15961.000000;0.000000;172797.000000;23222.000000;0.000000;2506.402100
1676.000000;23636.000000;15783.000000;0.000000;159896.000000;23222.000000;0.000000;2507.846924
1677.000000;23636.000000;15564.000000;0.000000;244714.000000;23222.000000;0.000000;2509.234863
1678.000000;23636.000000;16177.000000;0.000000;199361.000000;23222.000000;0.000000;2510.614014
1679.000000;23636.000000;16797.000000;0.000000;179225.000000;23222.000000;0.000000;2511.993652
1680.000000;23636.000000;17665.000000;0.000000;156115.000000;23222.000000;0.000000;2513.373047
1681.000000;23636.000000;17039.000000;0.000000;141164.000000;23222.000000;0.000000;2515.103516
1682.000000;23636.000000;16467.000000;0.000000;215602.000000;23222.000000;0.000000;2516.708252
1683.000000;23636.000000;18551.000000;0.000000;125796.000000;23222.000000;0.000000;2518.261230
1684.000000;23636.000000;17024.000000;0.000000;155498.000000;23222.000000;0.000000;2519.804443
1685.000000;23636.000000;14802.000000;0.000000;224326.000000;23222.000000;0.000000;2521.334229
1686.000000;23636.000000;16466.000000;0.000000;205087.000000;23222.000000;0.000000;2522.865234
1687.000000;23636.000000;14723.000000;0.000000;247737.000000;23222.000000;0.000000;2524.396240
1688.000000;23636.000000;17431.000000;0.000000;156594.000000;23222.000000;0.000000;2525.973633
1689.000000;23636.000000;15735.000000;0.000000;180464.000000;23222.000000;0.000000;2527.548584
1690.000000;23636.000000;16004.000000;0.000000;194009.000000;23222.000000;0.000000;2529.102051
1691.000000;23636.000000;19551.000000;0.000000;100035.000000;23222.000000;0.000000;2530.645264
1692.000000;23636.000000;16337.000000;0.000000;215312.000000;23222.000000;0.000000;2532.192139
1693.000000;23636.000000;17866.000000;0.000000;150172.000000;23222.000000;0.000000;2533.641113
1694.000000;23636.000000;15621.000000;0.000000;228555.000000;23222.000000;0.000000;2535.004150
1695.000000;23636.000000;15875.000000;0.000000;207911.000000;23222.000000;0.000000;2536.398438
1696.000000;23636.000000;18029.000000;0.000000;188407.000000;23222.000000;0.000000;2537.761963
1697.000000;23636.000000;15315.000000;0.000000;226049.000000;23222.000000;0.000000;2539.132080
1698.000000;23636.000000;16770.000000;0.000000;167401.000000;23222.000000;0.000000;2540.491943
1699.000000;23636.000000;15719.000000;0.000000;193604.000000;23222.000000;0.000000;2541.852051
1700.000000;23636.000000;15677.000000;0.000000;179234.000000;23222.000000;0.000000;2543.220947
1701.000000;23636.000000;16052.000000;0.000000;204084.000000;23222.000000;0.000000;2544.953613
1702.000000;23636.000000;14247.000000;0.000000;274761.000000;23222.000000;0.000000;2546.534668
1703.000000;23636.000000;16508.000000;0.000000;143571.000000;23222.000000;0.000000;2548.052979
1704.000000;23636.000000;15479.000000;0.000000;229144.000000;23222.000000;0.000000;2549.556885
1705.000000;23636.000000;15155.000000;0.000000;190174.000000;23222.000000;0.000000;2551.059326
1706.000000;23636.000000;15781.000000;0.000000;208172.000000;23222.000000;0.000000;2552.559814
1707.000000;23636.000000;15749.000000;0.000000;211586.000000;23222.000000;0.000000;2554.061523
1708.000000;23636.000000;16614.000000;0.000000;162886.000000;23222.000000;0.000000;2555.569580
1709.000000;23636.000000;15508.000000;0.000000;180131.000000;23222.000000;0.000000;2557.260010
1710.000000;23636.000000;16679.000000;0.000000;139657.000000;23222.000000;0.000000;2559.042236
1711.000000;23636.000000;16069.000000;0.000000;145898.000000;23222.000000;0.000000;2560.697021
1712.000000;23636.000000;14776.000000;0.000000;208789.000000;23222.000000;0.000000;2562.223389
1713.000000;23636.000000;14453.000000;0.000000;228452.000000;23222.000000;0.000000;2563.579590
1714.000000;23636.000000;16881.000000;0.000000;193623.000000;23222.000000;0.000000;2564.908936
1715.000000;23636.000000;15850.000000;0.000000;172403.000000;23222.000000;0.000000;2566.325928
1716.000000;23636.000000;15842.000000;0.000000;204201.000000;23222.000000;0.000000;2567.679443
1717.000000;23636.000000;15854.000000;0.000000;196248.000000;23222.000000;0.000000;2569.017090
1718.000000;23636.000000;15560.000000;0.000000;232234.000000;23222.000000;0.000000;2570.344482
1719.000000;23636.000000;14700.000000;0.000000;193291.000000;23222.000000;0.000000;2571.697266
1720.000000;23636.000000;17334.000000;0.000000;127787.000000;23222.000000;0.000000;2573.500000
1721.000000;23636.000000;14676.000000;0.000000;271583.000000;23222.000000;0.000000;2575.023438
1722.000000;23636.000000;16453.000000;0.000000;186431.000000;23222.000000;0.000000;2576.641846
1723.000000;23636.000000;15083.000000;0.000000;185432.000000;23222.000000;0.000000;2578.166504
1724.000000;23636.000000;16835.000000;0.000000;144373.000000;23222.000000;0.000000;2579.688232
1725.000000;23636.000000;16660.000000;0.000000;162538.000000;23222.000000;0.000000;2581.208740
1726.000000;23636.000000;18160.000000;0.000000;85392.000000;23222.000000;0.000000;2582.783447
1727.000000;23636.000000;15969.000000;0.000000;179225.000000;23222.000000;0.000000;2584.308350
1728.000000;23636.000000;16725.000000;0.000000;126324.000000;23222.000000;0.000000;2585.829102
1729.000000;23636.000000;16144.000000;0.000000;164812.000000;23222.000000;0.000000;2587.411865
1730.000000;23636.000000;15498.000000;0.000000;171973.000000;23222.000000;0.000000;2588.971924
1731.000000;23636.000000;15435.000000;0.000000;200073.000000;23222.000000;0.000000;2590.506348
1732.000000;23636.000000;15805.000000;0.000000;244605.000000;23222.000000;0.000000;2592.027344
1733.000000;23636.000000;13644.000000;0.000000;278070.000000;23222.000000;0.000000;2593.377930
1734.000000;23636.000000;18321.000000;0.000000;92848.000000;23222.000000;0.000000;2594.720947
1735.000000;23636.000000;15068.000000;0.000000;216987.000000;23222.000000;0.000000;2596.096680
1736.000000;23636.000000;16843.000000;0.000000;131777.000000;23222.000000;0.000000;2597.447266
1737.000000;23636.000000;15906.000000;0.000000;211801.000000;23222.000000;0.000000;2598.811768
1738.000000;23636.000000;18227.000000;0.000000;100790.000000;23222.000000;0.000000;2600.165527
1739.000000;23636.000000;15618.000000;0.000000;170040.000000;23222.000000;0.000000;2601.515869
1740.000000;23636.000000;16715.000000;0.000000;147492.000000;23222.000000;0.000000;2602.866699
1741.000000;23636.000000;16574.000000;0.000000;184468.000000;23222.000000;0.000000;2604.540283
1742.000000;23636.000000;15937.000000;0.000000;193262.000000;23222.000000;0.000000;2606.117676
1743.000000;23636.000000;16571.000000;0.000000;206431.000000;23222.000000;0.000000;2607.678955
1744.000000;23636.000000;17312.000000;0.000000;149834.000000;23222.000000;0.000000;2609.220215
1745.000000;23636.000000;14694.000000;0.000000;233745.000000;23222.000000;0.000000;2610.761230
1746.000000;23636.000000;18904.000000;0.000000;125456.000000;23222.000000;0.000000;2612.293945
1747.000000;23636.000000;15953.000000;0.000000;184289.000000;23222.000000;0.000000;2613.819580
1748.000000;23636.000000;16292.000000;0.000000;161465.000000;23222.000000;0.000000;2615.349121
1749.000000;23636.000000;18061.000000;0.000000;133740.000000;23222.000000;0.000000;2616.970947
1750.000000;23636.000000;16071.000000;0.000000;227024.000000;23222.000000;0.000000;2618.521484
1751.000000;23636.000000;18616.000000;0.000000;130935.000000;23222.000000;0.000000;2620.074463
1752.000000;23636.000000;18405.000000;0.000000;94833.000000;23222.000000;0.000000;2621.607910
1753.000000;23636.000000;15795.000000;0.000000;170010.000000;23222.000000;0.000000;2622.971436
1754.000000;23636.000000;16119.000000;0.000000;166829.000000;23222.000000;0.000000;2624.331299
1755.000000;23636.000000;17691.000000;0.000000;136304.000000;23222.000000;0.000000;2625.746582
1756.000000;23636.000000;15693.000000;0.000000;218587.000000;23222.000000;0.000000;2627.134766
1757.000000;23636.000000;16778.000000;0.000000;152648.000000;23222.000000;0.000000;2628.489990
1758.000000;23636.000000;17785.000000;0.000000;172712.000000;23222.000000;0.000000;2629.844727
1759.000000;23636.000000;18220.000000;0.000000;95979.000000;23222.000000;0.000000;2631.202637
1760.000000;23636.000000;17700.000000;0.000000;130278.000000;23222.000000;0.000000;2632.560303
1761.000000;23636.000000;14519.000000;0.000000;255067.000000;23222.000000;0.000000;2634.259766
1762.000000;23636.000000;16441.000000;0.000000;173945.000000;23222.000000;0.000000;2635.836426
1763.000000;23636.000000;18410.000000;0.000000;128552.000000;23222.000000;0.000000;2637.437988
1764.000000;23636.000000;15960.000000;0.000000;210707.000000;23222.000000;0.000000;2638.993896
1765.000000;23636.000000;17305.000000;0.000000;141285.000000;23222.000000;0.000000;2640.545654
1766.000000;23636.000000;17823.000000;0.000000;135977.000000;23222.000000;0.000000;2642.097900
1767.000000;23636.000000;17561.000000;0.000000;163309.000000;23222.000000;0.000000;2643.648438
1768.000000;23636.000000;16180.000000;0.000000;220121.000000;23222.000000;0.000000;2645.202148
1769.000000;23636.000000;16729.000000;0.000000;160781.000000;23222.000000;0.000000;2646.838379
1770.000000;23636.000000;16363.000000;0.000000;142754.000000;23222.000000;0.000000;2648.414307
1771.000000;23636.000000;16753.000000;0.000000;181291.000000;23222.000000;0.000000;2649.984131
1772.000000;23636.000000;17634.000000;0.000000;124243.000000;23222.000000;0.000000;2651.555908
1773.000000;23636.000000;15608.000000;0.000000;197790.000000;23222.000000;0.000000;2652.997803
1774.000000;23636.000000;15870.000000;0.000000;216365.000000;23222.000000;0.000000;2654.372559
1775.000000;23636.000000;15496.000000;0.000000;188924.000000;23222.000000;0.000000;2655.745361
1776.000000;23636.000000;15540.000000;0.000000;210322.000000;23222.000000;0.000000;2657.151367
1777.000000;23636.000000;16367.000000;0.000000;189940.000000;23222.000000;0.000000;2658.526123
1778.000000;23636.000000;16089.000000;0.000000;187240.000000;23222.000000;0.000000;2659.893311
1779.000000;23636.000000;16808.000000;0.000000;176788.000000;23222.000000;0.000000;2661.259766
1780.000000;23636.000000;17804.000000;0.000000;147921.000000;23222.000000;0.000000;2662.638916
1781.000000;23636.000000;16980.000000;0.000000;172659.000000;23222.000000;0.000000;2664.359619
1782.000000;23636.000000;16074.000000;0.000000;191170.000000;23222.000000;0.000000;2665.952881
1783.000000;23636.000000;16536.000000;0.000000;214844.000000;23222.000000;0.000000;2667.709961
1784.000000;23636.000000;16445.000000;0.000000;168096.000000;23222.000000;0.000000;2669.280762
1785.000000;23636.000000;17143.000000;0.000000;172251.000000;23222.000000;0.000000;2670.845947
1786.000000;23636.000000;16613.000000;0.000000;188360.000000;23222.000000;0.000000;2672.456055
1787.000000;23636.000000;16615.000000;0.000000;182943.000000;23222.000000;0.000000;2674.024170
1788.000000;23636.000000;16447.000000;0.000000;161296.000000;23222.000000;0.000000;2675.584961
1789.000000;23636.000000;15284.000000;0.000000;245598.000000;23222.000000;0.000000;2677.247070
1790.000000;23636.000000;15940.000000;0.000000;193913.000000;23222.000000;0.000000;2678.823242
1791.000000;23636.000000;16289.000000;0.000000;234466.000000;23222.000000;0.000000;2680.399170
1792.000000;23636.000000;16270.000000;0.000000;201495.000000;23222.000000;0.000000;2682.055420
1793.000000;23636.000000;17467.000000;0.000000;136511.000000;23222.000000;0.000000;2683.456055
1794.000000;23636.000000;19296.000000;0.000000;82677.000000;23222.000000;0.000000;2684.834717
1795.000000;23636.000000;16474.000000;0.000000;152831.000000;23222.000000;0.000000;2686.252197
1796.000000;23636.000000;16458.000000;0.000000;125241.000000;23222.000000;0.000000;2687.663086
1797.000000;23636.000000;16237.000000;0.000000;183863.000000;23222.000000;0.000000;2689.046143
1798.000000;23636.000000;15311.000000;0.000000;267386.000000;23222.000000;0.000000;2690.426758
1799.000000;23636.000000;17156.000000;0.000000;130229.000000;23222.000000;0.000000;2691.807373
1800.000000;23636.000000;15582.000000;0.000000;188013.000000;23222.000000;0.000000;2693.190430
1801.000000;23636.000000;16143.000000;0.000000;186868.000000;23222.000000;0.000000;2694.924561
1802.000000;23636.000000;17668.000000;0.000000;185143.000000;23222.000000;0.000000;2696.626709
1803.000000;23636.000000;15739.000000;0.000000;203380.000000;23222.000000;0.000000;2698.275879
1804.000000;23636.000000;15337.000000;0.000000;169612.000000;23222.000000;0.000000;2699.913330
1805.000000;23636.000000;17404.000000;0.000000;129515.000000;23222.000000;0.000000;2701.488525
1806.000000;23636.000000;17666.000000;0.000000;134483.000000;23222.000000;0.000000;2703.067871
1807.000000;23636.000000;17227.000000;0.000000;150432.000000;23222.000000;0.000000;2704.648438
1808.000000;23636.000000;16479.000000;0.000000;210667.000000;23222.000000;0.000000;2706.231934
1809.000000;23636.000000;15979.000000;0.000000;208827.000000;23222.000000;0.000000;2707.904785
1810.000000;23636.000000;16319.000000;0.000000;152144.000000;23222.000000;0.000000;2709.510010
1811.000000;23636.000000;17288.000000;0.000000;144835.000000;23222.000000;0.000000;2711.117432
1812.000000;23636.000000;16533.000000;0.000000;172022.000000;23222.000000;0.000000;2712.770752
1813.000000;23636.000000;15035.000000;0.000000;215730.000000;23222.000000;0.000000;2714.191162
1814.000000;23636.000000;16306.000000;0.000000;132876.000000;23222.000000;0.000000;2715.592041
1815.000000;23636.000000;17017.000000;0.000000;175457.000000;23222.000000;0.000000;2717.015381
1816.000000;23636.000000;17423.000000;0.000000;109449.000000;23222.000000;0.000000;2718.435059
1817.000000;23636.000000;16364.000000;0.000000;125597.000000;23222.000000;0.000000;2719.857910
1818.000000;23636.000000;16348.000000;0.000000;148690.000000;23222.000000;0.000000;2721.255371
1819.000000;23636.000000;15747.000000;0.000000;232294.000000;23222.000000;0.000000;2722.661865
1820.000000;23636.000000;17082.000000;0.000000;190335.000000;23222.000000;0.000000;2724.108398
1821.000000;23636.000000;16245.000000;0.000000;153275.000000;23222.000000;0.000000;2725.934570
1822.000000;23636.000000;14946.000000;0.000000;245586.000000;23222.000000;0.000000;2727.609375
1823.000000;23636.000000;14938.000000;0.000000;212268.000000;23222.000000;0.000000;2729.225586
1824.000000;23636.000000;16630.000000;0.000000;169237.000000;23222.000000;0.000000;2730.827393
1825.000000;23636.000000;18060.000000;0.000000;131462.000000;23222.000000;0.000000;2732.428711
1826.000000;23636.000000;15604.000000;0.000000;200131.000000;23222.000000;0.000000;2734.029053
1827.000000;23636.000000;15895.000000;0.000000;213428.000000;23222.000000;0.000000;2735.622559
1828.000000;23636.000000;17708.000000;0.000000;163959.000000;23222.000000;0.000000;2737.289307
1829.000000;23636.000000;16684.000000;0.000000;197741.000000;23222.000000;0.000000;2738.922607
1830.000000;23636.000000;16808.000000;0.000000;128140.000000;23222.000000;0.000000;2740.547852
1831.000000;23636.000000;17258.000000;0.000000;188463.000000;23222.000000;0.000000;2742.169189
1832.000000;23636.000000;16218.000000;0.000000;146953.000000;23222.000000;0.000000;2743.707520
1833.000000;23636.000000;15923.000000;0.000000;142765.000000;23222.000000;0.000000;2745.122559
1834.000000;23636.000000;15942.000000;0.000000;181292.000000;23222.000000;0.000000;2746.589111
1835.000000;23636.000000;15980.000000;0.000000;182297.000000;23222.000000;0.000000;2748.205322
1836.000000;23636.000000;15173.000000;0.000000;204726.000000;23222.000000;0.000000;2749.638916
1837.000000;23636.000000;15447.000000;0.000000;222107.000000;23222.000000;0.000000;2751.054443
1838.000000;23636.000000;16553.000000;0.000000;161847.000000;23222.000000;0.000000;2752.485352
1839.000000;23636.000000;15474.000000;0.000000;170514.000000;23222.000000;0.000000;2753.900879
1840.000000;23636.000000;16455.000000;0.000000;166057.000000;23222.000000;0.000000;2755.321777
1841.000000;23636.000000;14649.000000;0.000000;257178.000000;23222.000000;0.000000;2757.137451
1842.000000;23636.000000;16343.000000;0.000000;188070.000000;23222.000000;0.000000;2758.814941
1843.000000;23636.000000;16146.000000;0.000000;178274.000000;23222.000000;0.000000;2760.461914
1844.000000;23636.000000;17276.000000;0.000000;177016.000000;23222.000000;0.000000;2762.082520
1845.000000;23636.000000;14968.000000;0.000000;223152.000000;23222.000000;0.000000;2763.695801
1846.000000;23636.000000;15259.000000;0.000000;198832.000000;23222.000000;0.000000;2765.311035
1847.000000;23636.000000;17914.000000;0.000000;134109.000000;23222.000000;0.000000;2766.926025
1848.000000;23636.000000;17881.000000;0.000000;129398.000000;23222.000000;0.000000;2768.570557
1849.000000;23636.000000;16962.000000;0.000000;112261.000000;23222.000000;0.000000;2770.246338
1850.000000;23636.000000;15325.000000;0.000000;259410.000000;23222.000000;0.000000;2771.889160
1851.000000;23636.000000;14224.000000;0.000000;259363.000000;23222.000000;0.000000;2773.524902
1852.000000;23636.000000;17017.000000;0.000000;178682.000000;23222.000000;0.000000;2775.134521
1853.000000;23636.000000;14563.000000;0.000000;267686.000000;23222.000000;0.000000;2776.571777
1854.000000;23636.000000;14500.000000;0.000000;246334.000000;23222.000000;0.000000;2778.051758
1855.000000;23636.000000;14969.000000;0.000000;255755.000000;23222.000000;0.000000;2779.477051
1856.000000;23636.000000;15766.000000;0.000000;240440.000000;23222.000000;0.000000;2780.902832
1857.000000;23636.000000;16998.000000;0.000000;141100.000000;23222.000000;0.000000;2782.329346
1858.000000;23636.000000;16798.000000;0.000000;167597.000000;23222.000000;0.000000;2783.836182
1859.000000;23636.000000;16489.000000;0.000000;199299.000000;23222.000000;0.000000;2785.698242
1860.000000;23636.000000;17852.000000;0.000000;137259.000000;23222.000000;0.000000;2787.275879
1861.000000;23636.000000;16747.000000;0.000000;158384.000000;23222.000000;0.000000;2788.906982
1862.000000;23636.000000;16758.000000;0.000000;164112.000000;23222.000000;0.000000;2790.524414
1863.000000;23636.000000;17052.000000;0.000000;148449.000000;23222.000000;0.000000;2792.115234
1864.000000;23636.000000;18317.000000;0.000000;122139.000000;23222.000000;0.000000;2793.698242
1865.000000;23636.000000;15897.000000;0.000000;190529.000000;23222.000000;0.000000;2795.281494
1866.000000;23636.000000;16270.000000;0.000000;174920.000000;23222.000000;0.000000;2796.866455
1867.000000;23636.000000;16866.000000;0.000000;205748.000000;23222.000000;0.000000;2798.496338
1868.000000;23636.000000;16368.000000;0.000000;176505.000000;23222.000000;0.000000;2800.125000
1869.000000;23636.000000;15969.000000;0.000000;169161.000000;23222.000000;0.000000;2801.730713
1870.000000;23636.000000;17423.000000;0.000000;191941.000000;23222.000000;0.000000;2803.331299
1871.000000;23636.000000;16950.000000;0.000000;191700.000000;23222.000000;0.000000;2804.934082
1872.000000;23636.000000;16258.000000;0.000000;188207.000000;23222.000000;0.000000;2806.469727
1873.000000;23636.000000;16263.000000;0.000000;156811.000000;23222.000000;0.000000;2807.912109
1874.000000;23636.000000;16042.000000;0.000000;195808.000000;23222.000000;0.000000;2809.318848
1875.000000;23636.000000;15754.000000;0.000000;188162.000000;23222.000000;0.000000;2810.719727
1876.000000;23636.000000;19339.000000;0.000000;58888.000000;23222.000000;0.000000;2812.121338
1877.000000;23636.000000;15643.000000;0.000000;222868.000000;23222.000000;0.000000;2813.522705
1878.000000;23636.000000;16883.000000;0.000000;139714.000000;23222.000000;0.000000;2814.925781
1879.000000;23636.000000;16239.000000;0.000000;162615.000000;23222.000000;0.000000;2816.312500
1880.000000;23636.000000;16317.000000;0.000000;204683.000000;23222.000000;0.000000;2817.718994
1881.000000;23636.000000;16631.000000;0.000000;199030.000000;23222.000000;0.000000;2819.433350
1882.000000;23636.000000;17057.000000;0.000000;138071.000000;23222.000000;0.000000;2821.014160
1883.000000;23636.000000;16824.000000;0.000000;142326.000000;23222.000000;0.000000;2822.584717
1884.000000;23636.000000;15719.000000;0.000000;202067.000000;23222.000000;0.000000;2824.132812
1885.000000;23636.000000;15315.000000;0.000000;218260.000000;23222.000000;0.000000;2825.678955
1886.000000;23636.000000;17353.000000;0.000000;169971.000000;23222.000000;0.000000;2827.279297
1887.000000;23636.000000;15458.000000;0.000000;222308.000000;23222.000000;0.000000;2828.860107
1888.000000;23636.000000;15749.000000;0.000000;189631.000000;23222.000000;0.000000;2830.402832
1889.000000;23636.000000;17048.000000;0.000000;127311.000000;23222.000000;0.000000;2831.985107
1890.000000;23636.000000;15427.000000;0.000000;197940.000000;23222.000000;0.000000;2833.554932
1891.000000;23636.000000;17334.000000;0.000000;178815.000000;23222.000000;0.000000;2835.124268
1892.000000;23636.000000;16155.000000;0.000000;173375.000000;23222.000000;0.000000;2836.693848
1893.000000;23636.000000;15285.000000;0.000000;226557.000000;23222.000000;0.000000;2838.198242
1894.000000;23636.000000;16189.000000;0.000000;187163.000000;23222.000000;0.000000;2839.568848
1895.000000;23636.000000;15892.000000;0.000000;174673.000000;23222.000000;0.000000;2840.934570
1896.000000;23636.000000;16212.000000;0.000000;159815.000000;23222.000000;0.000000;2842.349121
1897.000000;23636.000000;16958.000000;0.000000;111607.000000;23222.000000;0.000000;2843.967529
1898.000000;23636.000000;17079.000000;0.000000;120297.000000;23222.000000;0.000000;2845.628906
1899.000000;23636.000000;17153.000000;0.000000;167903.000000;23222.000000;0.000000;2847.142822
1900.000000;23636.000000;15739.000000;0.000000;209828.000000;23222.000000;0.000000;2848.699219
1901.000000;23636.000000;17314.000000;0.000000;149426.000000;23222.000000;0.000000;2850.242676
1902.000000;23636.000000;14970.000000;0.000000;246615.000000;23222.000000;0.000000;2851.828613
1903.000000;23636.000000;15696.000000;0.000000;189259.000000;23222.000000;0.000000;2853.364014
1904.000000;23636.000000;15972.000000;0.000000;202649.000000;23222.000000;0.000000;2854.958740
1905.000000;23636.000000;18496.000000;0.000000;143978.000000;23222.000000;0.000000;2856.485352
1906.000000;23636.000000;16655.000000;0.000000;192254.000000;23222.000000;0.000000;2858.087646
1907.000000;23636.000000;18804.000000;0.000000;79418.000000;23222.000000;0.000000;2859.632324
1908.000000;23636.000000;16239.000000;0.000000;130447.000000;23222.000000;0.000000;2861.142578
1909.000000;23636.000000;16475.000000;0.000000;159254.000000;23222.000000;0.000000;2862.650146
1910.000000;23636.000000;17353.000000;0.000000;126548.000000;23222.000000;0.000000;2864.160156
1911.000000;23636.000000;16081.000000;0.000000;143122.000000;23222.000000;0.000000;2865.708008
1912.000000;23636.000000;17366.000000;0.000000;121435.000000;23222.000000;0.000000;2867.223877
1913.000000;23636.000000;15831.000000;0.000000;187641.000000;23222.000000;0.000000;2868.779541
1914.000000;23636.000000;15982.000000;0.000000;195395.000000;23222.000000;0.000000;2870.327637
1915.000000;23636.000000;17794.000000;0.000000;92720.000000;23222.000000;0.000000;2871.867676
1916.000000;23636.000000;16141.000000;0.000000;191086.000000;23222.000000;0.000000;2873.402100
1917.000000;23636.000000;15853.000000;0.000000;202232.000000;23222.000000;0.000000;2874.933350
1918.000000;23636.000000;17267.000000;0.000000;168424.000000;23222.000000;0.000000;2876.427490
1919.000000;23636.000000;16489.000000;0.000000;197012.000000;23222.000000;0.000000;2877.812988
1920.000000;23636.000000;16631.000000;0.000000;128347.000000;23222.000000;0.000000;2879.205078
1921.000000;23636.000000;15566.000000;0.000000;220028.000000;23222.000000;0.000000;2880.882324
1922.000000;23636.000000;16720.000000;0.000000;203091.000000;23222.000000;0.000000;2882.449707
1923.000000;23636.000000;16911.000000;0.000000;187188.000000;23222.000000;0.000000;2884.011963
1924.000000;23636.000000;15553.000000;0.000000;236816.000000;23222.000000;0.000000;2885.553467
1925.000000;23636.000000;16533.000000;0.000000;218193.000000;23222.000000;0.000000;2887.095459
1926.000000;23636.000000;16992.000000;0.000000;149672.000000;23222.000000;0.000000;2888.666992
1927.000000;23636.000000;16614.000000;0.000000;202098.000000;23222.000000;0.000000;2890.203369
1928.000000;23636.000000;16563.000000;0.000000;110599.000000;23222.000000;0.000000;2891.738770
1929.000000;23636.000000;15353.000000;0.000000;198681.000000;23222.000000;0.000000;2893.314941
1930.000000;23636.000000;17112.000000;0.000000;118955.000000;23222.000000;0.000000;2894.874512
1931.000000;23636.000000;15066.000000;0.000000;219479.000000;23222.000000;0.000000;2896.429932
1932.000000;23636.000000;17199.000000;0.000000;117919.000000;23222.000000;0.000000;2897.987549
1933.000000;23636.000000;14787.000000;0.000000;213103.000000;23222.000000;0.000000;2899.488281
1934.000000;23636.000000;15952.000000;0.000000;198289.000000;23222.000000;0.000000;2900.845703
1935.000000;23636.000000;18384.000000;0.000000;154743.000000;23222.000000;0.000000;2902.208008
1936.000000;23636.000000;16061.000000;0.000000;191822.000000;23222.000000;0.000000;2903.584717
1937.000000;23636.000000;15708.000000;0.000000;171269.000000;23222.000000;0.000000;2905.330566
1938.000000;23636.000000;17019.000000;0.000000;117765.000000;23222.000000;0.000000;2906.872314
1939.000000;23636.000000;16005.000000;0.000000;162133.000000;23222.000000;0.000000;2908.468262
1940.000000;23636.000000;14821.000000;0.000000;238765.000000;23222.000000;0.000000;2910.014648
1941.000000;23636.000000;15809.000000;0.000000;194725.000000;23222.000000;0.000000;2911.576660
1942.000000;23636.000000;16574.000000;0.000000;174347.000000;23222.000000;0.000000;2913.157715
1943.000000;23636.000000;17261.000000;0.000000;127908.000000;23222.000000;0.000000;2914.727539
1944.000000;23636.000000;18804.000000;0.000000;139740.000000;23222.000000;0.000000;2916.285645
1945.000000;23636.000000;16245.000000;0.000000;226622.000000;23222.000000;0.000000;2917.835449
1946.000000;23636.000000;19198.000000;0.000000;88835.000000;23222.000000;0.000000;2919.424072
1947.000000;23636.000000;17166.000000;0.000000;197998.000000;23222.000000;0.000000;2920.975830
1948.000000;23636.000000;15952.000000;0.000000;144251.000000;23222.000000;0.000000;2922.524414
1949.000000;23636.000000;16696.000000;0.000000;170096.000000;23222.000000;0.000000;2924.074463
1950.000000;23636.000000;15101.000000;0.000000;261340.000000;23222.000000;0.000000;2925.647705
1951.000000;23636.000000;17967.000000;0.000000;102314.000000;23222.000000;0.000000;2927.201172
1952.000000;23636.000000;15858.000000;0.000000;201182.000000;23222.000000;0.000000;2928.793701
1953.000000;23636.000000;17428.000000;0.000000;122736.000000;23222.000000;0.000000;2930.348389
1954.000000;23636.000000;16603.000000;0.000000;197443.000000;23222.000000;0.000000;2931.950928
1955.000000;23636.000000;18527.000000;0.000000;86931.000000;23222.000000;0.000000;2933.527344
1956.000000;23636.000000;16780.000000;0.000000;180533.000000;23222.000000;0.000000;2935.097412
1957.000000;23636.000000;17504.000000;0.000000;151429.000000;23222.000000;0.000000;2936.669189
1958.000000;23636.000000;16829.000000;0.000000;137946.000000;23222.000000;0.000000;2938.073242
1959.000000;23636.000000;16926.000000;0.000000;175268.000000;23222.000000;0.000000;2939.499756
1960.000000;23636.000000;15464.000000;0.000000;237414.000000;23222.000000;0.000000;2940.888916
1961.000000;23636.000000;16328.000000;0.000000;183813.000000;23222.000000;0.000000;2942.613770
1962.000000;23636.000000;17232.000000;0.000000;160288.000000;23222.000000;0.000000;2944.215332
1963.000000;23636.000000;16536.000000;0.000000;191995.000000;23222.000000;0.000000;2945.807861
1964.000000;23636.000000;17115.000000;0.000000;181665.000000;23222.000000;0.000000;2947.385254
1965.000000;23636.000000;17726.000000;0.000000;156390.000000;23222.000000;0.000000;2948.983398
1966.000000;23636.000000;17035.000000;0.000000;179238.000000;23222.000000;0.000000;2950.549805
1967.000000;23636.000000;15843.000000;0.000000;186872.000000;23222.000000;0.000000;2952.113770
1968.000000;23636.000000;15919.000000;0.000000;187436.000000;23222.000000;0.000000;2953.682373
1969.000000;23636.000000;17593.000000;0.000000;136994.000000;23222.000000;0.000000;2955.290771
1970.000000;23636.000000;16447.000000;0.000000;174414.000000;23222.000000;0.000000;2956.872314
1971.000000;23636.000000;16887.000000;0.000000;157306.000000;23222.000000;0.000000;2958.479736
1972.000000;23636.000000;15907.000000;0.000000;160125.000000;23222.000000;0.000000;2960.095459
1973.000000;23636.000000;17474.000000;0.000000;184077.000000;23222.000000;0.000000;2961.538086
1974.000000;23636.000000;15328.000000;0.000000;224595.000000;23222.000000;0.000000;2962.920654
1975.000000;23636.000000;16843.000000;0.000000;191974.000000;23222.000000;0.000000;2964.687744
1976.000000;23636.000000;15919.000000;0.000000;202800.000000;23222.000000;0.000000;2966.267822
1977.000000;23636.000000;16703.000000;0.000000;156396.000000;23222.000000;0.000000;2967.835449
1978.000000;23636.000000;17538.000000;0.000000;152696.000000;23222.000000;0.000000;2969.457764
1979.000000;23636.000000;18264.000000;0.000000;115917.000000;23222.000000;0.000000;2971.032959
1980.000000;23636.000000;16319.000000;0.000000;201075.000000;23222.000000;0.000000;2972.647705
1981.000000;23636.000000;16738.000000;0.000000;171665.000000;23222.000000;0.000000;2974.273926
1982.000000;23636.000000;17013.000000;0.000000;168806.000000;23222.000000;0.000000;2975.893311
1983.000000;23636.000000;16494.000000;0.000000;194346.000000;23222.000000;0.000000;2977.498535
1984.000000;23636.000000;16490.000000;0.000000;126262.000000;23222.000000;0.000000;2979.127930
1985.000000;23636.000000;15032.000000;0.000000;268381.000000;23222.000000;0.000000;2980.712646
1986.000000;23636.000000;16368.000000;0.000000;174009.000000;23222.000000;0.000000;2982.302002
1987.000000;23636.000000;15329.000000;0.000000;178104.000000;23222.000000;0.000000;2983.886719
1988.000000;23636.000000;16705.000000;0.000000;161571.000000;23222.000000;0.000000;2985.491943
1989.000000;23636.000000;17279.000000;0.000000;180325.000000;23222.000000;0.000000;2987.076172
1990.000000;23636.000000;16582.000000;0.000000;174427.000000;23222.000000;0.000000;2988.655518
1991.000000;23636.000000;16323.000000;0.000000;178348.000000;23222.000000;0.000000;2990.278809
1992.000000;23636.000000;15733.000000;0.000000;207735.000000;23222.000000;0.000000;2991.917236
1993.000000;23636.000000;15786.000000;0.000000;218270.000000;23222.000000;0.000000;2993.521484
1994.000000;23636.000000;16675.000000;0.000000;153967.000000;23222.000000;0.000000;2995.134277
1995.000000;23636.000000;16489.000000;0.000000;138038.000000;23222.000000;0.000000;2996.756592
1996.000000;23636.000000;16470.000000;0.000000;161279.000000;23222.000000;0.000000;2998.184814
1997.000000;23636.000000;16679.000000;0.000000;179908.000000;23222.000000;0.000000;2999.696533
1998.000000;23636.000000;16754.000000;0.000000;182228.000000;23222.000000;0.000000;3001.120361
1999.000000;23636.000000;16669.000000;0.000000;177898.000000;23222.000000;0.000000;3002.531982
2000.000000;23636.000000;15838.000000;0.000000;180565.000000;23222.000000;0.000000;3003.946289
2001.000000;23636.000000;16075.000000;0.000000;182769.000000;23222.000000;0.000000;3005.734863
2002.000000;23636.000000;15447.000000;0.000000;171144.000000;23222.000000;0.000000;3007.373779
2003.000000;23636.000000;15950.000000;0.000000;188684.000000;23222.000000;0.000000;3009.036865
2004.000000;23636.000000;15627.000000;0.000000;175342.000000;23222.000000;0.000000;3010.647705
2005.000000;23636.000000;16855.000000;0.000000;189608.000000;23222.000000;0.000000;3012.236572
2006.000000;23636.000000;15872.000000;0.000000;238575.000000;23222.000000;0.000000;3013.835449
2007.000000;23636.000000;17415.000000;0.000000;107543.000000;23222.000000;0.000000;3015.438965
2008.000000;23636.000000;16880.000000;0.000000;159642.000000;23222.000000;0.000000;3017.036621
2009.000000;23636.000000;16307.000000;0.000000;224664.000000;23222.000000;0.000000;3018.692627
2010.000000;23636.000000;17643.000000;0.000000;148105.000000;23222.000000;0.000000;3020.353760
2011.000000;23636.000000;17177.000000;0.000000;166113.000000;23222.000000;0.000000;3021.977295
2012.000000;23636.000000;17298.000000;0.000000;173430.000000;23222.000000;0.000000;3023.596680
2013.000000;23636.000000;16897.000000;0.000000;153893.000000;23222.000000;0.000000;3025.416504
2014.000000;23636.000000;18044.000000;0.000000;98794.000000;23222.000000;0.000000;3026.997314
2015.000000;23636.000000;15602.000000;0.000000;180695.000000;23222.000000;0.000000;3028.546387
2016.000000;23636.000000;15072.000000;0.000000;216035.000000;23222.000000;0.000000;3030.147705
2017.000000;23636.000000;18202.000000;0.000000;135963.000000;23222.000000;0.000000;3031.700928
2018.000000;23636.000000;16141.000000;0.000000;168143.000000;23222.000000;0.000000;3033.257324
2019.000000;23636.000000;16808.000000;0.000000;169090.000000;23222.000000;0.000000;3034.824707
2020.000000;23636.000000;18087.000000;0.000000;122662.000000;23222.000000;0.000000;3036.422852
2021.000000;23636.000000;16701.000000;0.000000;162746.000000;23222.000000;0.000000;3038.077637
2022.000000;23636.000000;17343.000000;0.000000;130659.000000;23222.000000;0.000000;3039.729248
2023.000000;23636.000000;15886.000000;0.000000;214068.000000;23222.000000;0.000000;3041.311279
2024.000000;23636.000000;16118.000000;0.000000;159993.000000;23222.000000;0.000000;3042.880859
2025.000000;23636.000000;16509.000000;0.000000;253131.000000;23222.000000;0.000000;3044.447754
2026.000000;23636.000000;15972.000000;0.000000;160736.000000;23222.000000;0.000000;3046.040527
2027.000000;23636.000000;16519.000000;0.000000;226741.000000;23222.000000;0.000000;3047.610352
2028.000000;23636.000000;15416.000000;0.000000;176414.000000;23222.000000;0.000000;3049.300781
2029.000000;23636.000000;16296.000000;0.000000;141454.000000;23222.000000;0.000000;3050.885498
2030.000000;23636.000000;18666.000000;0.000000;87262.000000;23222.000000;0.000000;3052.496094
2031.000000;23636.000000;17501.000000;0.000000;170167.000000;23222.000000;0.000000;3054.082275
2032.000000;23636.000000;17699.000000;0.000000;145124.000000;23222.000000;0.000000;3055.665039
2033.000000;23636.000000;16184.000000;0.000000;205387.000000;23222.000000;0.000000;3057.179688
2034.000000;23636.000000;18134.000000;0.000000;88671.000000;23222.000000;0.000000;3058.543945
2035.000000;23636.000000;16389.000000;0.000000;221353.000000;23222.000000;0.000000;3059.947266
2036.000000;23636.000000;15261.000000;0.000000;200731.000000;23222.000000;0.000000;3061.308105
2037.000000;23636.000000;15733.000000;0.000000;246008.000000;23222.000000;0.000000;3062.666992
2038.000000;23636.000000;14651.000000;0.000000;248949.000000;23222.000000;0.000000;3064.027100
2039.000000;23636.000000;16514.000000;0.000000;224245.000000;23222.000000;0.000000;3065.386963
2040.000000;23636.000000;17230.000000;0.000000;169365.000000;23222.000000;0.000000;3066.750000
2041.000000;23636.000000;14382.000000;0.000000;259452.000000;23222.000000;0.000000;3068.434326
2042.000000;23636.000000;17089.000000;0.000000;167410.000000;23222.000000;0.000000;3070.028564
2043.000000;23636.000000;16780.000000;0.000000;175009.000000;23222.000000;0.000000;3071.585938
2044.000000;23636.000000;15106.000000;0.000000;209165.000000;23222.000000;0.000000;3073.125488
2045.000000;23636.000000;17800.000000;0.000000;147648.000000;23222.000000;0.000000;3074.661377
2046.000000;23636.000000;15725.000000;0.000000;188804.000000;23222.000000;0.000000;3076.193359
2047.000000;23636.000000;16329.000000;0.000000;255031.000000;23222.000000;0.000000;3077.728027
2048.000000;23636.000000;17387.000000;0.000000;173228.000000;23222.000000;0.000000;3079.466553
2049.000000;23636.000000;15784.000000;0.000000;218868.000000;23222.000000;0.000000;3081.308838
2050.000000;23636.000000;15729.000000;0.000000;190362.000000;23222.000000;0.000000;3082.872070
2051.000000;23636.000000;17282.000000;0.000000;132827.000000;23222.000000;0.000000;3084.565430
2052.000000;23636.000000;15190.000000;0.000000;218717.000000;23222.000000;0.000000;3086.278076
2053.000000;23636.000000;16638.000000;0.000000;197594.000000;23222.000000;0.000000;3087.815430
2054.000000;23636.000000;15559.000000;0.000000;193252.000000;23222.000000;0.000000;3089.353271
2055.000000;23636.000000;16360.000000;0.000000;197369.000000;23222.000000;0.000000;3090.925049
2056.000000;23636.000000;16893.000000;0.000000;189061.000000;23222.000000;0.000000;3092.464355
2057.000000;23636.000000;15629.000000;0.000000;199162.000000;23222.000000;0.000000;3093.999268
2058.000000;23636.000000;14938.000000;0.000000;201574.000000;23222.000000;0.000000;3095.590332
2059.000000;23636.000000;18886.000000;0.000000;102853.000000;23222.000000;0.000000;3097.202881
2060.000000;23636.000000;15957.000000;0.000000;181140.000000;23222.000000;0.000000;3098.777344
2061.000000;23636.000000;15617.000000;0.000000;196165.000000;23222.000000;0.000000;3100.444824
2062.000000;23636.000000;15788.000000;0.000000;212408.000000;23222.000000;0.000000;3102.027588
2063.000000;23636.000000;15237.000000;0.000000;208654.000000;23222.000000;0.000000;3103.657227
2064.000000;23636.000000;15993.000000;0.000000;213201.000000;23222.000000;0.000000;3105.222412
2065.000000;23636.000000;16278.000000;0.000000;111458.000000;23222.000000;0.000000;3106.861572
2066.000000;23636.000000;16418.000000;0.000000;176507.000000;23222.000000;0.000000;3108.402588
2067.000000;23636.000000;15498.000000;0.000000;198849.000000;23222.000000;0.000000;3110.003662
2068.000000;23636.000000;16278.000000;0.000000;133000.000000;23222.000000;0.000000;3111.556885
2069.000000;23636.000000;15392.000000;0.000000;155423.000000;23222.000000;0.000000;3113.141602
2070.000000;23636.000000;17585.000000;0.000000;134581.000000;23222.000000;0.000000;3114.710693
2071.000000;23636.000000;15396.000000;0.000000;166584.000000;23222.000000;0.000000;3116.285400
2072.000000;23636.000000;17925.000000;0.000000;103536.000000;23222.000000;0.000000;3117.866699
2073.000000;23636.000000;15324.000000;0.000000;214813.000000;23222.000000;0.000000;3119.263916
2074.000000;23636.000000;15742.000000;0.000000;182155.000000;23222.000000;0.000000;3120.686279
2075.000000;23636.000000;18946.000000;0.000000;133594.000000;23222.000000;0.000000;3122.067627
2076.000000;23636.000000;18448.000000;0.000000;153354.000000;23222.000000;0.000000;3123.456299
2077.000000;23636.000000;16993.000000;0.000000;183605.000000;23222.000000;0.000000;3124.840332
2078.000000;23636.000000;16181.000000;0.000000;218649.000000;23222.000000;0.000000;3126.226074
2079.000000;23636.000000;16198.000000;0.000000;216767.000000;23222.000000;0.000000;3127.617188
2080.000000;23636.000000;15937.000000;0.000000;163241.000000;23222.000000;0.000000;3129.011475
2081.000000;23636.000000;17202.000000;0.000000;119857.000000;23222.000000;0.000000;3130.782715
2082.000000;23636.000000;15440.000000;0.000000;231486.000000;23222.000000;0.000000;3132.383301
2083.000000;23636.000000;15515.000000;0.000000;230472.000000;23222.000000;0.000000;3133.973633
2084.000000;23636.000000;15598.000000;0.000000;249987.000000;23222.000000;0.000000;3135.531982
2085.000000;23636.000000;16458.000000;0.000000;177845.000000;23222.000000;0.000000;3137.087646
2086.000000;23636.000000;16765.000000;0.000000;198164.000000;23222.000000;0.000000;3138.659912
2087.000000;23636.000000;17225.000000;0.000000;177624.000000;23222.000000;0.000000;3140.705566
2088.000000;23636.000000;17160.000000;0.000000;161694.000000;23222.000000;0.000000;3142.270752
2089.000000;23636.000000;15811.000000;0.000000;224371.000000;23222.000000;0.000000;3143.902100
2090.000000;23636.000000;16309.000000;0.000000;162322.000000;23222.000000;0.000000;3145.727783
2091.000000;23636.000000;16956.000000;0.000000;199852.000000;23222.000000;0.000000;3147.293701
2092.000000;23636.000000;15825.000000;0.000000;210803.000000;23222.000000;0.000000;3148.865967
2093.000000;23636.000000;15941.000000;0.000000;231100.000000;23222.000000;0.000000;3150.475098
2094.000000;23636.000000;16915.000000;0.000000;169193.000000;23222.000000;0.000000;3152.052490
2095.000000;23636.000000;16047.000000;0.000000;180777.000000;23222.000000;0.000000;3153.621826
2096.000000;23636.000000;17594.000000;0.000000;165140.000000;23222.000000;0.000000;3155.225098
2097.000000;23636.000000;16712.000000;0.000000;168874.000000;23222.000000;0.000000;3156.825684
2098.000000;23636.000000;17228.000000;0.000000;182253.000000;23222.000000;0.000000;3158.414062
2099.000000;23636.000000;17560.000000;0.000000;170654.000000;23222.000000;0.000000;3160.024170
2100.000000;23636.000000;16105.000000;0.000000;204683.000000;23222.000000;0.000000;3161.660889
2101.000000;23636.000000;17741.000000;0.000000;130297.000000;23222.000000;0.000000;3163.321777
2102.000000;23636.000000;15887.000000;0.000000;233946.000000;23222.000000;0.000000;3164.936768
2103.000000;23636.000000;16132.000000;0.000000;188229.000000;23222.000000;0.000000;3166.577881
2104.000000;23636.000000;17273.000000;0.000000;123929.000000;23222.000000;0.000000;3168.164307
2105.000000;23636.000000;16800.000000;0.000000;215528.000000;23222.000000;0.000000;3169.749268
2106.000000;23636.000000;18290.000000;0.000000;115456.000000;23222.000000;0.000000;3171.358887
2107.000000;23636.000000;17272.000000;0.000000;142115.000000;23222.000000;0.000000;3172.937256
2108.000000;23636.000000;14722.000000;0.000000;246659.000000;23222.000000;0.000000;3174.516602
2109.000000;23636.000000;17108.000000;0.000000;187517.000000;23222.000000;0.000000;3176.151611
2110.000000;23636.000000;17814.000000;0.000000;146581.000000;23222.000000;0.000000;3177.783447
2111.000000;23636.000000;18311.000000;0.000000;110143.000000;23222.000000;0.000000;3179.412354
2112.000000;23636.000000;16013.000000;0.000000;223255.000000;23222.000000;0.000000;3181.068115
2113.000000;23636.000000;16209.000000;0.000000;181179.000000;23222.000000;0.000000;3182.523438
2114.000000;23636.000000;15332.000000;0.000000;234766.000000;23222.000000;0.000000;3183.947998
2115.000000;23636.000000;15318.000000;0.000000;168764.000000;23222.000000;0.000000;3185.371094
2116.000000;23636.000000;15709.000000;0.000000;217650.000000;23222.000000;0.000000;3186.794434
2117.000000;23636.000000;15438.000000;0.000000;211569.000000;23222.000000;0.000000;3188.228760
2118.000000;23636.000000;15050.000000;0.000000;275042.000000;23222.000000;0.000000;3189.658203
2119.000000;23636.000000;16474.000000;0.000000;195846.000000;23222.000000;0.000000;3191.117188
2120.000000;23636.000000;16085.000000;0.000000;163907.000000;23222.000000;0.000000;3192.528809
2121.000000;23636.000000;18359.000000;0.000000;140780.000000;23222.000000;0.000000;3194.287842
2122.000000;23636.000000;16881.000000;0.000000;164425.000000;23222.000000;0.000000;3195.924316
2123.000000;23636.000000;15826.000000;0.000000;181582.000000;23222.000000;0.000000;3197.557129
2124.000000;23636.000000;17865.000000;0.000000;96594.000000;23222.000000;0.000000;3199.151123
2125.000000;23636.000000;16893.000000;0.000000;130641.000000;23222.000000;0.000000;3200.776855
2126.000000;23636.000000;16942.000000;0.000000;165012.000000;23222.000000;0.000000;3202.482910
2127.000000;23636.000000;17544.000000;0.000000;126725.000000;23222.000000;0.000000;3204.367188
2128.000000;23636.000000;17143.000000;0.000000;138121.000000;23222.000000;0.000000;3205.960205
2129.000000;23636.000000;16336.000000;0.000000;189996.000000;23222.000000;0.000000;3207.511475
2130.000000;23636.000000;16473.000000;0.000000;191353.000000;23222.000000;0.000000;3209.115234
2131.000000;23636.000000;15787.000000;0.000000;222363.000000;23222.000000;0.000000;3210.699951
2132.000000;23636.000000;16435.000000;0.000000;200029.000000;23222.000000;0.000000;3212.264648
2133.000000;23636.000000;16795.000000;0.000000;153000.000000;23222.000000;0.000000;3213.841064
2134.000000;23636.000000;14577.000000;0.000000;225024.000000;23222.000000;0.000000;3215.433838
2135.000000;23636.000000;17042.000000;0.000000;174497.000000;23222.000000;0.000000;3217.018555
2136.000000;23636.000000;14976.000000;0.000000;201162.000000;23222.000000;0.000000;3218.598145
2137.000000;23636.000000;15502.000000;0.000000;220492.000000;23222.000000;0.000000;3220.113037
2138.000000;23636.000000;16080.000000;0.000000;207007.000000;23222.000000;0.000000;3221.552002
2139.000000;23636.000000;16673.000000;0.000000;212251.000000;23222.000000;0.000000;3222.926025
2140.000000;23636.000000;18077.000000;0.000000;104054.000000;23222.000000;0.000000;3224.312744
2141.000000;23636.000000;14717.000000;0.000000;188883.000000;23222.000000;0.000000;3225.972412
2142.000000;23636.000000;15793.000000;0.000000;221307.000000;23222.000000;0.000000;3227.577881
2143.000000;23636.000000;15561.000000;0.000000;253647.000000;23222.000000;0.000000;3229.175049
2144.000000;23636.000000;16082.000000;0.000000;206558.000000;23222.000000;0.000000;3230.773682
2145.000000;23636.000000;18184.000000;0.000000;123190.000000;23222.000000;0.000000;3232.339355
2146.000000;23636.000000;16484.000000;0.000000;198791.000000;23222.000000;0.000000;3233.975342
2147.000000;23636.000000;16448.000000;0.000000;181703.000000;23222.000000;0.000000;3235.541504
2148.000000;23636.000000;15396.000000;0.000000;222844.000000;23222.000000;0.000000;3237.116211
2149.000000;23636.000000;18040.000000;0.000000;142771.000000;23222.000000;0.000000;3238.747314
2150.000000;23636.000000;15502.000000;0.000000;190477.000000;23222.000000;0.000000;3240.358398
2151.000000;23636.000000;17022.000000;0.000000;152467.000000;23222.000000;0.000000;3241.999268
2152.000000;23636.000000;16304.000000;0.000000;170986.000000;23222.000000;0.000000;3243.608154
2153.000000;23636.000000;16124.000000;0.000000;182190.000000;23222.000000;0.000000;3245.050049
2154.000000;23636.000000;18030.000000;0.000000;131665.000000;23222.000000;0.000000;3246.450195
2155.000000;23636.000000;17621.000000;0.000000;115256.000000;23222.000000;0.000000;3247.854004
2156.000000;23636.000000;17493.000000;0.000000;113383.000000;23222.000000;0.000000;3249.258545
2157.000000;23636.000000;15122.000000;0.000000;233804.000000;23222.000000;0.000000;3250.671875
2158.000000;23636.000000;15722.000000;0.000000;227882.000000;23222.000000;0.000000;3252.107178
2159.000000;23636.000000;16449.000000;0.000000;179521.000000;23222.000000;0.000000;3253.506592
2160.000000;23636.000000;16016.000000;0.000000;190335.000000;23222.000000;0.000000;3254.913086
2161.000000;23636.000000;17774.000000;0.000000;152841.000000;23222.000000;0.000000;3256.667969
2162.000000;23636.000000;17568.000000;0.000000;104673.000000;23222.000000;0.000000;3258.285645
2163.000000;23636.000000;15630.000000;0.000000;158900.000000;23222.000000;0.000000;3259.894287
2164.000000;23636.000000;16174.000000;0.000000;183777.000000;23222.000000;0.000000;3261.530518
2165.000000;23636.000000;15715.000000;0.000000;223515.000000;23222.000000;0.000000;3263.117432
2166.000000;23636.000000;17010.000000;0.000000;151681.000000;23222.000000;0.000000;3264.801025
2167.000000;23636.000000;15968.000000;0.000000;194259.000000;23222.000000;0.000000;3266.364990
2168.000000;23636.000000;15445.000000;0.000000;210367.000000;23222.000000;0.000000;3267.904785
2169.000000;23636.000000;16747.000000;0.000000;215505.000000;23222.000000;0.000000;3269.443115
2170.000000;23636.000000;15411.000000;0.000000;191375.000000;23222.000000;0.000000;3271.006592
2171.000000;23636.000000;17222.000000;0.000000;167836.000000;23222.000000;0.000000;3272.547607
2172.000000;23636.000000;16381.000000;0.000000;199197.000000;23222.000000;0.000000;3274.090332
2173.000000;23636.000000;17373.000000;0.000000;153084.000000;23222.000000;0.000000;3275.669678
2174.000000;23636.000000;15947.000000;0.000000;172077.000000;23222.000000;0.000000;3277.227051
2175.000000;23636.000000;15342.000000;0.000000;173922.000000;23222.000000;0.000000;3278.780273
2176.000000;23636.000000;17522.000000;0.000000;90778.000000;23222.000000;0.000000;3280.313965
2177.000000;23636.000000;19702.000000;0.000000;53539.000000;23222.000000;0.000000;3281.728516
2178.000000;23636.000000;16471.000000;0.000000;185888.000000;23222.000000;0.000000;3283.100098
2179.000000;23636.000000;18634.000000;0.000000;85840.000000;23222.000000;0.000000;3284.467773
2180.000000;23636.000000;17161.000000;0.000000;156733.000000;23222.000000;0.000000;3285.869141
2181.000000;23636.000000;18013.000000;0.000000;141786.000000;23222.000000;0.000000;3287.499512
2182.000000;23636.000000;15966.000000;0.000000;203262.000000;23222.000000;0.000000;3289.085449
2183.000000;23636.000000;16151.000000;0.000000;197475.000000;23222.000000;0.000000;3290.654297
2184.000000;23636.000000;17456.000000;0.000000;137515.000000;23222.000000;0.000000;3292.230957
2185.000000;23636.000000;16244.000000;0.000000;191533.000000;23222.000000;0.000000;3293.775146
2186.000000;23636.000000;17068.000000;0.000000;129203.000000;23222.000000;0.000000;3295.325684
2187.000000;23636.000000;18146.000000;0.000000;130208.000000;23222.000000;0.000000;3297.023193
2188.000000;23636.000000;14382.000000;0.000000;241175.000000;23222.000000;0.000000;3298.596191
2189.000000;23636.000000;18872.000000;0.000000;99455.000000;23222.000000;0.000000;3300.256836
2190.000000;23636.000000;16299.000000;0.000000;163184.000000;23222.000000;0.000000;3301.890137
2191.000000;23636.000000;17800.000000;0.000000;120506.000000;23222.000000;0.000000;3303.471680
2192.000000;23636.000000;17909.000000;0.000000;147609.000000;23222.000000;0.000000;3305.050537
2193.000000;23636.000000;16916.000000;0.000000;134885.000000;23222.000000;0.000000;3306.478027
2194.000000;23636.000000;15228.000000;0.000000;187690.000000;23222.000000;0.000000;3307.868652
2195.000000;23636.000000;17810.000000;0.000000;133736.000000;23222.000000;0.000000;3309.259033
2196.000000;23636.000000;16519.000000;0.000000;185818.000000;23222.000000;0.000000;3310.647949
2197.000000;23636.000000;16918.000000;0.000000;142439.000000;23222.000000;0.000000;3312.076416
2198.000000;23636.000000;16069.000000;0.000000;185172.000000;23222.000000;0.000000;3313.465332
2199.000000;23636.000000;16159.000000;0.000000;196780.000000;23222.000000;0.000000;3314.856445
2200.000000;23636.000000;15013.000000;0.000000;249035.000000;23222.000000;0.000000;3316.245117
2201.000000;23636.000000;16641.000000;0.000000;204100.000000;23222.000000;0.000000;3317.982422
2202.000000;23636.000000;14738.000000;0.000000;268281.000000;23222.000000;0.000000;3319.587891
2203.000000;23636.000000;16243.000000;0.000000;173246.000000;23222.000000;0.000000;3321.215576
2204.000000;23636.000000;16305.000000;0.000000;200795.000000;23222.000000;0.000000;3322.820068
2205.000000;23636.000000;16821.000000;0.000000;118267.000000;23222.000000;0.000000;3324.477295
2206.000000;23636.000000;14665.000000;0.000000;258034.000000;23222.000000;0.000000;3326.038818
2207.000000;23636.000000;16427.000000;0.000000;167270.000000;23222.000000;0.000000;3327.604492
2208.000000;23636.000000;15347.000000;0.000000;253443.000000;23222.000000;0.000000;3329.169434
2209.000000;23636.000000;18015.000000;0.000000;109794.000000;23222.000000;0.000000;3330.741211
2210.000000;23636.000000;16798.000000;0.000000;170739.000000;23222.000000;0.000000;3332.369385
2211.000000;23636.000000;14944.000000;0.000000;193841.000000;23222.000000;0.000000;3333.965088
2212.000000;23636.000000;16821.000000;0.000000;126162.000000;23222.000000;0.000000;3335.579590
2213.000000;23636.000000;16078.000000;0.000000;202696.000000;23222.000000;0.000000;3337.169678
2214.000000;23636.000000;17036.000000;0.000000;166108.000000;23222.000000;0.000000;3338.770264
2215.000000;23636.000000;16928.000000;0.000000;199772.000000;23222.000000;0.000000;3340.306885
2216.000000;23636.000000;18350.000000;0.000000;100919.000000;23222.000000;0.000000;3341.759521
2217.000000;23636.000000;17405.000000;0.000000;175578.000000;23222.000000;0.000000;3343.159180
2218.000000;23636.000000;18496.000000;0.000000;100002.000000;23222.000000;0.000000;3344.560059
2219.000000;23636.000000;15879.000000;0.000000;203595.000000;23222.000000;0.000000;3345.991211
2220.000000;23636.000000;16670.000000;0.000000;179367.000000;23222.000000;0.000000;3347.395020
2221.000000;23636.000000;17693.000000;0.000000;179368.000000;23222.000000;0.000000;3349.195312
2222.000000;23636.000000;16262.000000;0.000000;190594.000000;23222.000000;0.000000;3350.813721
2223.000000;23636.000000;15479.000000;0.000000;161074.000000;23222.000000;0.000000;3352.449219
2224.000000;23636.000000;17186.000000;0.000000;187032.000000;23222.000000;0.000000;3354.028320
2225.000000;23636.000000;15438.000000;0.000000;227824.000000;23222.000000;0.000000;3355.611084
2226.000000;23636.000000;18096.000000;0.000000;127581.000000;23222.000000;0.000000;3357.206543
2227.000000;23636.000000;15596.000000;0.000000;201545.000000;23222.000000;0.000000;3358.803467
2228.000000;23636.000000;15101.000000;0.000000;227723.000000;23222.000000;0.000000;3360.403320
2229.000000;23636.000000;17221.000000;0.000000;126445.000000;23222.000000;0.000000;3362.102783
2230.000000;23636.000000;15766.000000;0.000000;197949.000000;23222.000000;0.000000;3363.779541
2231.000000;23636.000000;14797.000000;0.000000;218764.000000;23222.000000;0.000000;3365.400635
2232.000000;23636.000000;18795.000000;0.000000;106512.000000;23222.000000;0.000000;3367.019043
2233.000000;23636.000000;14896.000000;0.000000;206524.000000;23222.000000;0.000000;3368.461182
2234.000000;23636.000000;16327.000000;0.000000;198206.000000;23222.000000;0.000000;3369.878174
2235.000000;23636.000000;16312.000000;0.000000;162730.000000;23222.000000;0.000000;3371.295410
2236.000000;23636.000000;18236.000000;0.000000;149830.000000;23222.000000;0.000000;3372.734863
2237.000000;23636.000000;17469.000000;0.000000;103531.000000;23222.000000;0.000000;3374.144287
2238.000000;23636.000000;16309.000000;0.000000;162174.000000;23222.000000;0.000000;3375.546387
2239.000000;23636.000000;16739.000000;0.000000;207127.000000;23222.000000;0.000000;3376.947266
2240.000000;23636.000000;14644.000000;0.000000;248167.000000;23222.000000;0.000000;3378.381104
2241.000000;23636.000000;15981.000000;0.000000;207434.000000;23222.000000;0.000000;3380.164795
2242.000000;23636.000000;17617.000000;0.000000;148435.000000;23222.000000;0.000000;3381.849854
2243.000000;23636.000000;16233.000000;0.000000;196167.000000;23222.000000;0.000000;3383.583252
2244.000000;23636.000000;17346.000000;0.000000;162311.000000;23222.000000;0.000000;3385.194580
2245.000000;23636.000000;15808.000000;0.000000;176882.000000;23222.000000;0.000000;3386.762939
2246.000000;23636.000000;16718.000000;0.000000;199937.000000;23222.000000;0.000000;3388.311768
2247.000000;23636.000000;17133.000000;0.000000;174860.000000;23222.000000;0.000000;3390.028320
2248.000000;23636.000000;15927.000000;0.000000;188957.000000;23222.000000;0.000000;3391.585693
2249.000000;23636.000000;15086.000000;0.000000;264177.000000;23222.000000;0.000000;3393.180664
2250.000000;23636.000000;16637.000000;0.000000;167698.000000;23222.000000;0.000000;3394.783936
2251.000000;23636.000000;17370.000000;0.000000;165197.000000;23222.000000;0.000000;3396.362061
2252.000000;23636.000000;15259.000000;0.000000;201050.000000;23222.000000;0.000000;3397.952148
2253.000000;23636.000000;16505.000000;0.000000;162700.000000;23222.000000;0.000000;3399.489990
2254.000000;23636.000000;16517.000000;0.000000;220640.000000;23222.000000;0.000000;3400.880615
2255.000000;23636.000000;17562.000000;0.000000;176974.000000;23222.000000;0.000000;3402.292480
2256.000000;23636.000000;16002.000000;0.000000;198974.000000;23222.000000;0.000000;3403.680420
2257.000000;23636.000000;16411.000000;0.000000;183766.000000;23222.000000;0.000000;3405.069580
2258.000000;23636.000000;16384.000000;0.000000;231264.000000;23222.000000;0.000000;3406.497803
2259.000000;23636.000000;16272.000000;0.000000;158806.000000;23222.000000;0.000000;3407.889893
2260.000000;23636.000000;16606.000000;0.000000;176513.000000;23222.000000;0.000000;3409.273438
2261.000000;23636.000000;16497.000000;0.000000;133161.000000;23222.000000;0.000000;3410.927979
2262.000000;23636.000000;16955.000000;0.000000;138170.000000;23222.000000;0.000000;3412.566650
2263.000000;23636.000000;16803.000000;0.000000;181533.000000;23222.000000;0.000000;3414.154297
2264.000000;23636.000000;16750.000000;0.000000;162735.000000;23222.000000;0.000000;3415.718018
2265.000000;23636.000000;18701.000000;0.000000;108823.000000;23222.000000;0.000000;3417.254395
2266.000000;23636.000000;16628.000000;0.000000;187232.000000;23222.000000;0.000000;3418.789551
2267.000000;23636.000000;16920.000000;0.000000;175522.000000;23222.000000;0.000000;3420.324219
2268.000000;23636.000000;15484.000000;0.000000;221441.000000;23222.000000;0.000000;3421.894775
2269.000000;23636.000000;18264.000000;0.000000;99095.000000;23222.000000;0.000000;3423.494385
2270.000000;23636.000000;14980.000000;0.000000;184841.000000;23222.000000;0.000000;3425.046875
2271.000000;23636.000000;17062.000000;0.000000;144051.000000;23222.000000;0.000000;3426.600586
2272.000000;23636.000000;17759.000000;0.000000;128091.000000;23222.000000;0.000000;3428.097412
2273.000000;23636.000000;16567.000000;0.000000;172024.000000;23222.000000;0.000000;3429.520508
2274.000000;23636.000000;16072.000000;0.000000;162525.000000;23222.000000;0.000000;3430.884277
2275.000000;23636.000000;17120.000000;0.000000;137850.000000;23222.000000;0.000000;3432.274414
2276.000000;23636.000000;14363.000000;0.000000;233471.000000;23222.000000;0.000000;3433.638916
2277.000000;23636.000000;17299.000000;0.000000;159841.000000;23222.000000;0.000000;3435.002197
2278.000000;23636.000000;15002.000000;0.000000;270757.000000;23222.000000;0.000000;3436.366943
2279.000000;23636.000000;17293.000000;0.000000;139821.000000;23222.000000;0.000000;3437.735352
2280.000000;23636.000000;15156.000000;0.000000;241829.000000;23222.000000;0.000000;3439.101807
2281.000000;23636.000000;16875.000000;0.000000;178159.000000;23222.000000;0.000000;3440.781738
2282.000000;23636.000000;14531.000000;0.000000;203628.000000;23222.000000;0.000000;3442.390137
2283.000000;23636.000000;17199.000000;0.000000;151039.000000;23222.000000;0.000000;3444.035400
2284.000000;23636.000000;16366.000000;0.000000;165829.000000;23222.000000;0.000000;3445.579834
2285.000000;23636.000000;18861.000000;0.000000;100230.000000;23222.000000;0.000000;3447.130615
2286.000000;23636.000000;17602.000000;0.000000;146482.000000;23222.000000;0.000000;3448.675049
2287.000000;23636.000000;19316.000000;0.000000;76396.000000;23222.000000;0.000000;3450.218750
2288.000000;23636.000000;16373.000000;0.000000;195531.000000;23222.000000;0.000000;3451.758301
2289.000000;23636.000000;17053.000000;0.000000;138291.000000;23222.000000;0.000000;3453.336426
2290.000000;23636.000000;16292.000000;0.000000;213066.000000;23222.000000;0.000000;3454.932617
2291.000000;23636.000000;16261.000000;0.000000;194243.000000;23222.000000;0.000000;3456.492920
2292.000000;23636.000000;16112.000000;0.000000;197677.000000;23222.000000;0.000000;3458.050049
2293.000000;23636.000000;16126.000000;0.000000;217002.000000;23222.000000;0.000000;3459.615723
2294.000000;23636.000000;15990.000000;0.000000;168041.000000;23222.000000;0.000000;3461.035645
2295.000000;23636.000000;18368.000000;0.000000;102211.000000;23222.000000;0.000000;3462.442871
2296.000000;23636.000000;18450.000000;0.000000;153771.000000;23222.000000;0.000000;3463.826660
2297.000000;23636.000000;16302.000000;0.000000;192789.000000;23222.000000;0.000000;3465.203369
2298.000000;23636.000000;16292.000000;0.000000;197320.000000;23222.000000;0.000000;3466.637695
2299.000000;23636.000000;15864.000000;0.000000;196037.000000;23222.000000;0.000000;3468.015381
2300.000000;23636.000000;17453.000000;0.000000;149948.000000;23222.000000;0.000000;3469.390137
2301.000000;23636.000000;18434.000000;0.000000;88085.000000;23222.000000;0.000000;3471.018066
2302.000000;23636.000000;17006.000000;0.000000;152751.000000;23222.000000;0.000000;3472.674072
2303.000000;23636.000000;17720.000000;0.000000;158167.000000;23222.000000;0.000000;3474.248779
2304.000000;23636.000000;15354.000000;0.000000;222498.000000;23222.000000;0.000000;3475.806152
2305.000000;23636.000000;16200.000000;0.000000;183556.000000;23222.000000;0.000000;3477.364014
2306.000000;23636.000000;15195.000000;0.000000;226370.000000;23222.000000;0.000000;3478.925781
2307.000000;23636.000000;16962.000000;0.000000;171943.000000;23222.000000;0.000000;3480.497803
2308.000000;23636.000000;16183.000000;0.000000;222780.000000;23222.000000;0.000000;3482.063965
2309.000000;23636.000000;15610.000000;0.000000;203021.000000;23222.000000;0.000000;3483.702637
2310.000000;23636.000000;17669.000000;0.000000;139652.000000;23222.000000;0.000000;3485.294189
2311.000000;23636.000000;15299.000000;0.000000;191989.000000;23222.000000;0.000000;3486.887207
2312.000000;23636.000000;15635.000000;0.000000;252578.000000;23222.000000;0.000000;3488.475342
2313.000000;23636.000000;17148.000000;0.000000;146149.000000;23222.000000;0.000000;3489.911133
2314.000000;23636.000000;15103.000000;0.000000;170695.000000;23222.000000;0.000000;3491.296387
2315.000000;23636.000000;15178.000000;0.000000;187200.000000;23222.000000;0.000000;3492.755127
2316.000000;23636.000000;17288.000000;0.000000;193562.000000;23222.000000;0.000000;3494.164795
2317.000000;23636.000000;16780.000000;0.000000;170453.000000;23222.000000;0.000000;3495.551514
2318.000000;23636.000000;17115.000000;0.000000;160294.000000;23222.000000;0.000000;3496.931641
2319.000000;23636.000000;18372.000000;0.000000;155430.000000;23222.000000;0.000000;3498.318848
2320.000000;23636.000000;16368.000000;0.000000;220886.000000;23222.000000;0.000000;3499.701416
2321.000000;23636.000000;15916.000000;0.000000;219601.000000;23222.000000;0.000000;3501.434570
2322.000000;23636.000000;14713.000000;0.000000;199486.000000;23222.000000;0.000000;3503.068359
2323.000000;23636.000000;16025.000000;0.000000;180736.000000;23222.000000;0.000000;3504.753662
2324.000000;23636.000000;15919.000000;0.000000;213020.000000;23222.000000;0.000000;3506.323242
2325.000000;23636.000000;14835.000000;0.000000;226779.000000;23222.000000;0.000000;3507.887207
2326.000000;23636.000000;16260.000000;0.000000;219016.000000;23222.000000;0.000000;3509.456543
2327.000000;23636.000000;14187.000000;0.000000;254945.000000;23222.000000;0.000000;3511.025635
2328.000000;23636.000000;15277.000000;0.000000;204677.000000;23222.000000;0.000000;3512.619385
2329.000000;23636.000000;15921.000000;0.000000;185537.000000;23222.000000;0.000000;3514.257324
2330.000000;23636.000000;16623.000000;0.000000;151920.000000;23222.000000;0.000000;3515.862061
2331.000000;23636.000000;16171.000000;0.000000;215618.000000;23222.000000;0.000000;3517.465332
2332.000000;23636.000000;15633.000000;0.000000;237099.000000;23222.000000;0.000000;3519.062988
2333.000000;23636.000000;16120.000000;0.000000;161964.000000;23222.000000;0.000000;3520.534180
2334.000000;23636.000000;17478.000000;0.000000;163878.000000;23222.000000;0.000000;3521.935059
2335.000000;23636.000000;15914.000000;0.000000;188057.000000;23222.000000;0.000000;3523.371826
2336.000000;23636.000000;15552.000000;0.000000;211193.000000;23222.000000;0.000000;3524.765625
2337.000000;23636.000000;15931.000000;0.000000;199507.000000;23222.000000;0.000000;3526.199707
2338.000000;23636.000000;15145.000000;0.000000;199503.000000;23222.000000;0.000000;3527.600830
2339.000000;23636.000000;14599.000000;0.000000;244319.000000;23222.000000;0.000000;3529.002441
2340.000000;23636.000000;15283.000000;0.000000;190415.000000;23222.000000;0.000000;3530.406250
2341.000000;23636.000000;17284.000000;0.000000;148133.000000;23222.000000;0.000000;3532.086426
2342.000000;23636.000000;16532.000000;0.000000;117600.000000;23222.000000;0.000000;3533.765137
2343.000000;23636.000000;16371.000000;0.000000;201943.000000;23222.000000;0.000000;3535.380615
2344.000000;23636.000000;16419.000000;0.000000;166562.000000;23222.000000;0.000000;3536.945801
2345.000000;23636.000000;17546.000000;0.000000;183613.000000;23222.000000;0.000000;3538.493164
2346.000000;23636.000000;16959.000000;0.000000;168848.000000;23222.000000;0.000000;3540.041016
2347.000000;23636.000000;17496.000000;0.000000;114242.000000;23222.000000;0.000000;3541.581543
2348.000000;23636.000000;14927.000000;0.000000;186526.000000;23222.000000;0.000000;3543.154053
2349.000000;23636.000000;14682.000000;0.000000;201600.000000;23222.000000;0.000000;3544.742188
2350.000000;23636.000000;15386.000000;0.000000;201137.000000;23222.000000;0.000000;3546.307129
2351.000000;23636.000000;15527.000000;0.000000;212132.000000;23222.000000;0.000000;3547.874268
2352.000000;23636.000000;16288.000000;0.000000;174207.000000;23222.000000;0.000000;3549.437256
2353.000000;23636.000000;17173.000000;0.000000;129537.000000;23222.000000;0.000000;3550.868652
2354.000000;23636.000000;17506.000000;0.000000;128679.000000;23222.000000;0.000000;3552.238281
2355.000000;23636.000000;14782.000000;0.000000;194955.000000;23222.000000;0.000000;3553.656250
2356.000000;23636.000000;17189.000000;0.000000;99866.000000;23222.000000;0.000000;3555.033691
2357.000000;23636.000000;15318.000000;0.000000;260142.000000;23222.000000;0.000000;3556.409424
2358.000000;23636.000000;15625.000000;0.000000;199974.000000;23222.000000;0.000000;3557.785400
2359.000000;23636.000000;14214.000000;0.000000;240205.000000;23222.000000;0.000000;3559.184570
2360.000000;23636.000000;17508.000000;0.000000;108213.000000;23222.000000;0.000000;3560.559570
2361.000000;23636.000000;14693.000000;0.000000;243501.000000;23222.000000;0.000000;3562.266602
2362.000000;23636.000000;17774.000000;0.000000;149288.000000;23222.000000;0.000000;3563.896729
2363.000000;23636.000000;16179.000000;0.000000;164806.000000;23222.000000;0.000000;3565.475098
2364.000000;23636.000000;16292.000000;0.000000;187346.000000;23222.000000;0.000000;3567.083496
2365.000000;23636.000000;17678.000000;0.000000;111919.000000;23222.000000;0.000000;3568.600098
2366.000000;23636.000000;15703.000000;0.000000;159837.000000;23222.000000;0.000000;3570.117188
2367.000000;23636.000000;16879.000000;0.000000;159579.000000;23222.000000;0.000000;3571.625000
2368.000000;23636.000000;14674.000000;0.000000;234088.000000;23222.000000;0.000000;3573.167480
2369.000000;23636.000000;16808.000000;0.000000;154851.000000;23222.000000;0.000000;3574.718262
2370.000000;23636.000000;16438.000000;0.000000;174413.000000;23222.000000;0.000000;3576.255371
2371.000000;23636.000000;17367.000000;0.000000;155663.000000;23222.000000;0.000000;3577.787598
2372.000000;23636.000000;15553.000000;0.000000;196835.000000;23222.000000;0.000000;3579.317383
2373.000000;23636.000000;16125.000000;0.000000;178609.000000;23222.000000;0.000000;3580.779785
2374.000000;23636.000000;15550.000000;0.000000;209147.000000;23222.000000;0.000000;3582.143799
2375.000000;23636.000000;15904.000000;0.000000;208891.000000;23222.000000;0.000000;3583.572021
2376.000000;23636.000000;16266.000000;0.000000;214755.000000;23222.000000;0.000000;3584.946045
2377.000000;23636.000000;16472.000000;0.000000;143660.000000;23222.000000;0.000000;3586.364502
2378.000000;23636.000000;15475.000000;0.000000;182655.000000;23222.000000;0.000000;3587.722656
2379.000000;23636.000000;17337.000000;0.000000;166845.000000;23222.000000;0.000000;3589.076416
2380.000000;23636.000000;17791.000000;0.000000;127999.000000;23222.000000;0.000000;3590.433594
2381.000000;23636.000000;15499.000000;0.000000;192390.000000;23222.000000;0.000000;3592.039307
2382.000000;23636.000000;17620.000000;0.000000;121240.000000;23222.000000;0.000000;3593.635742
2383.000000;23636.000000;17169.000000;0.000000;154305.000000;23222.000000;0.000000;3595.188477
2384.000000;23636.000000;17743.000000;0.000000;139230.000000;23222.000000;0.000000;3596.722900
2385.000000;23636.000000;17156.000000;0.000000;125793.000000;23222.000000;0.000000;3598.322021
2386.000000;23636.000000;16272.000000;0.000000;205601.000000;23222.000000;0.000000;3599.860596
2387.000000;23636.000000;14688.000000;0.000000;244592.000000;23222.000000;0.000000;3601.438721
0.000000;0.000000;0.000000;0.000000;0.000000;0.000000;0.000000;0.000000
0.000000;0.000000;0.000000;0.000000;0.000000;0.000000;0.000000;0.000000
0.000000;0.000000;0.000000;0.000000;0.000000;0.000000;0.000000;0.000000
0.000000;0.000000;0.000000;0.000000;0.000000;0.000000;0.000000;0.000000
0.000000;0.000000;0.000000;0.000000;0.000000;0.000000;0.000000;0.000000
0.000000;0.000000;0.000000;0.000000;0.000000;0.000000;0.000000;0.000000
0.000000;0.000000;0.000000;0.000000;0.000000;0.000000;0.000000;0.000000
0.000000;0.000000;0.000000;0.000000;0.000000;0.000000;0.000000;0.000000
0.000000;0.000000;0.000000;0.000000;0.000000;0.000000;0.000000;0.000000
0.000000;0.000000;0.000000;0.000000;0.000000;0.000000;0.000000;0.000000
0.000000;0.000000;0.000000;0.000000;0.000000;0.000000;0.000000;0.000000
0.000000;0.000000;0.000000;0.000000;0.000000;0.000000;0.000000;0.000000
0.000000;0.000000;0.000000;0.000000;0.000000;0.000000;0.000000;0.000000
0.000000;0.000000;0.000000;0.000000;0.000000;0.000000;0.000000;0.000000
0.000000;0.000000;0.000000;0.000000;0.000000;0.000000;0.000000;0.000000
0.000000;0.000000;0.000000;0.000000;0.000000;0.000000;0.000000;0.000000
0.000000;0.000000;0.000000;0.000000;0.000000;0.000000;0.000000;0.000000
0.000000;0.000000;0.000000;0.000000;0.000000;0.000000;0.000000;0.000000
0.000000;0.000000;0.000000;0.000000;0.000000;0.000000;0.000000;0.000000
0.000000;0.000000;0.000000;0.000000;0.000000;0.000000;0.000000;0.000000
0.000000;0.000000;0.000000;0.000000;0.000000;0.000000;0.000000;0.000000
0.000000;0.000000;0.000000;0.000000;0.000000;0.000000;0.000000;0.000000
0.000000;0.000000;0.000000;0.000000;0.000000;0.000000;0.000000;0.000000
0.000000;0.000000;0.000000;0.000000;0.000000;0.000000;0.000000;0.000000
0.000000;0.000000;0.000000;0.000000;0.000000;0.000000;0.000000;0.000000
0.000000;0.000000;0.000000;0.000000;0.000000;0.000000;0.000000;0.000000
0.000000;0.000000;0.000000;0.000000;0.000000;0.000000;0.000000;0.000000
0.000000;0.000000;0.000000;0.000000;0.000000;0.000000;0.000000;0.000000
0.000000;0.000000;0.000000;0.000000;0.000000;0.000000;0.000000;0.000000
0.000000;0.000000;0.000000;0.000000;0.000000;0.000000;0.000000;0.000000
0.000000;0.000000;0.000000;0.000000;0.000000;0.000000;0.000000;0.000000
0.000000;0.000000;0.000000;0.000000;0.000000;0.000000;0.000000;0.000000
0.000000;0.000000;0.000000;0.000000;0.000000;0.000000;0.000000;0.000000
0.000000;0.000000;0.000000;0.000000;0.000000;0.000000;0.000000;0.000000
0.000000;0.000000;0.000000;0.000000;0.000000;0.000000;0.000000;0.000000
0.000000;0.000000;0.000000;0.000000;0.000000;0.000000;0.000000;0.000000
0.000000;0.000000;0.000000;0.000000;0.000000;0.000000;0.000000;0.000000
0.000000;0.000000;0.000000;0.000000;0.000000;0.000000;0.000000;0.000000
0.000000;0.000000;0.000000;0.000000;0.000000;0.000000;0.000000;0.000000
0.000000;0.000000;0.000000;0.000000;0.000000;0.000000;0.000000;0.000000
0.000000;0.000000;0.000000;0.000000;0.000000;0.000000;0.000000;0.000000
0.000000;0.000000;0.000000;0.000000;0.000000;0.000000;0.000000;0.000000
0.000000;0.000000;0.000000;0.000000;0.000000;0.000000;0.000000;0.000000
0.000000;0.000000;0.000000;0.000000;0.000000;0.000000;0.000000;0.000000
0.000000;0.000000;0.000000;0.000000;0.000000;0.000000;0.000000;0.000000
0.000000;0.000000;0.000000;0.000000;0.000000;0.000000;0.000000;0.000000
0.000000;0.000000;0.000000;0.000000;0.000000;0.000000;0.000000;0.000000
0.000000;0.000000;0.000000;0.000000;0.000000;0.000000;0.000000;0.000000
0.000000;0.000000;0.000000;0.000000;0.000000;0.000000;0.000000;0.000000
0.000000;0.000000;0.000000;0.000000;0.000000;0.000000;0.000000;0.000000
0.000000;0.000000;0.000000;0.000000;0.000000;0.000000;0.000000;0.000000
0.000000;0.000000;0.000000;0.000000;0.000000;0.000000;0.000000;0.000000
0.000000;0.000000;0.000000;0.000000;0.000000;0.000000;0.000000;0.000000
0.000000;0.000000;0.000000;0.000000;0.000000;0.000000;0.000000;0.000000
0.000000;0.000000;0.000000;0.000000;0.000000;0.000000;0.000000;0.000000
0.000000;0.000000;0.000000;0.000000;0.000000;0.000000;0.000000;0.000000
0.000000;0.000000;0.000000;0.000000;0.000000;0.000000;0.000000;0.000000
0.000000;0.000000;0.000000;0.000000;0.000000;0.000000;0.000000;0.000000
0.000000;0.000000;0.000000;0.000000;0.000000;0.000000;0.000000;0.000000
0.000000;0.000000;0.000000;0.000000;0.000000;0.000000;0.000000;0.000000
0.000000;0.000000;0.000000;0.000000;0.000000;0.000000;0.000000;0.000000
0.000000;0.000000;0.000000;0.000000;0.000000;0.000000;0.000000;0.000000
0.000000;0.000000;0.000000;0.000000;0.000000;0.000000;0.000000;0.000000
0.000000;0.000000;0.000000;0.000000;0.000000;0.000000;0.000000;0.000000
0.000000;0.000000;0.000000;0.000000;0.000000;0.000000;0.000000;0.000000
0.000000;0.000000;0.000000;0.000000;0.000000;0.000000;0.000000;0.000000
0.000000;0.000000;0.000000;0.000000;0.000000;0.000000;0.000000;0.000000
0.000000;0.000000;0.000000;0.000000;0.000000;0.000000;0.000000;0.000000
0.000000;0.000000;0.000000;0.000000;0.000000;0.000000;0.000000;0.000000
0.000000;0.000000;0.000000;0.000000;0.000000;0.000000;0.000000;0.000000
0.000000;0.000000;0.000000;0.000000;0.000000;0.000000;0.000000;0.000000
0.000000;0.000000;0.000000;0.000000;0.000000;0.000000;0.000000;0.000000
0.000000;0.000000;0.000000;0.000000;0.000000;0.000000;0.000000;0.000000
0.000000;0.000000;0.000000;0.000000;0.000000;0.000000;0.000000;0.000000
0.000000;0.000000;0.000000;0.000000;0.000000;0.000000;0.000000;0.000000
0.000000;0.000000;0.000000;0.000000;0.000000;0.000000;0.000000;0.000000
0.000000;0.000000;0.000000;0.000000;0.000000;0.000000;0.000000;0.000000
0.000000;0.000000;0.000000;0.000000;0.000000;0.000000;0.000000;0.000000
0.000000;0.000000;0.000000;0.000000;0.000000;0.000000;0.000000;0.000000
0.000000;0.000000;0.000000;0.000000;0.000000;0.000000;0.000000;0.000000
0.000000;0.000000;0.000000;0.000000;0.000000;0.000000;0.000000;0.000000
0.000000;0.000000;0.000000;0.000000;0.000000;0.000000;0.000000;0.000000
0.000000;0.000000;0.000000;0.000000;0.000000;0.000000;0.000000;0.000000
0.000000;0.000000;0.000000;0.000000;0.000000;0.000000;0.000000;0.000000
0.000000;0.000000;0.000000;0.000000;0.000000;0.000000;0.000000;0.000000
0.000000;0.000000;0.000000;0.000000;0.000000;0.000000;0.000000;0.000000
0.000000;0.000000;0.000000;0.000000;0.000000;0.000000;0.000000;0.000000
0.000000;0.000000;0.000000;0.000000;0.000000;0.000000;0.000000;0.000000
0.000000;0.000000;0.000000;0.000000;0.000000;0.000000;0.000000;0.000000
0.000000;0.000000;0.000000;0.000000;0.000000;0.000000;0.000000;0.000000
0.000000;0.000000;0.000000;0.000000;0.000000;0.000000;0.000000;0.000000
0.000000;0.000000;0.000000;0.000000;0.000000;0.000000;0.000000;0.000000
0.000000;0.000000;0.000000;0.000000;0.000000;0.000000;0.000000;0.000000
0.000000;0.000000;0.000000;0.000000;0.000000;0.000000;0.000000;0.000000
0.000000;0.000000;0.000000;0.000000;0.000000;0.000000;0.000000;0.000000
0.000000;0.000000;0.000000;0.000000;0.000000;0.000000;0.000000;0.000000
0.000000;0.000000;0.000000;0.000000;0.000000;0.000000;0.000000;0.000000
0.000000;0.000000;0.000000;0.000000;0.000000;0.000000;0.000000;0.000000
0.000000;0.000000;0.000000;0.000000;0.000000;0.000000;0.000000;0.000000
0.000000;0.000000;0.000000;0.000000;0.000000;0.000000;0.000000;0.000000
0.000000;0.000000;0.000000;0.000000;0.000000;0.000000;0.000000;0.000000
0.000000;0.000000;0.000000;0.000000;0.000000;0.000000;0.000000;0.000000
0.000000;0.000000;0.000000;0.000000;0.000000;0.000000;0.000000;0.000000
0.000000;0.000000;0.000000;0.000000;0.000000;0.000000;0.000000;0.000000
0.000000;0.000000;0.000000;0.000000;0.000000;0.000000;0.000000;0.000000
0.000000;0.000000;0.000000;0.000000;0.000000;0.000000;0.000000;0.000000
0.000000;0.000000;0.000000;0.000000;0.000000;0.000000;0.000000;0.000000
0.000000;0.000000;0.000000;0.000000;0.000000;0.000000;0.000000;0.000000
0.000000;0.000000;0.000000;0.000000;0.000000;0.000000;0.000000;0.000000
0.000000;0.000000;0.000000;0.000000;0.000000;0.000000;0.000000;0.000000
0.000000;0.000000;0.000000;0.000000;0.000000;0.000000;0.000000;0.000000
0.000000;0.000000;0.000000;0.000000;0.000000;0.000000;0.000000;0.000000
0.000000;0.000000;0.000000;0.000000;0.000000;0.000000;0.000000;0.000000
0.000000;0.000000;0.000000;0.000000;0.000000;0.000000;0.000000;0.000000
0.000000;0.000000;0.000000;0.000000;0.000000;0.000000;0.000000;0.000000
0.000000;0.000000;0.000000;0.000000;0.000000;0.000000;0.000000;0.000000
0.000000;0.000000;0.000000;0.000000;0.000000;0.000000;0.000000;0.000000
0.000000;0.000000;0.000000;0.000000;0.000000;0.000000;0.000000;0.000000
0.000000;0.000000;0.000000;0.000000;0.000000;0.000000;0.000000;0.000000
0.000000;0.000000;0.000000;0.000000;0.000000;0.000000;0.000000;0.000000
0.000000;0.000000;0.000000;0.000000;0.000000;0.000000;0.000000;0.000000
0.000000;0.000000;0.000000;0.000000;0.000000;0.000000;0.000000;0.000000
0.000000;0.000000;0.000000;0.000000;0.000000;0.000000;0.000000;0.000000
0.000000;0.000000;0.000000;0.000000;0.000000;0.000000;0.000000;0.000000
0.000000;0.000000;0.000000;0.000000;0.000000;0.000000;0.000000;0.000000
0.000000;0.000000;0.000000;0.000000;0.000000;0.000000;0.000000;0.000000
0.000000;0.000000;0.000000;0.000000;0.000000;0.000000;0.000000;0.000000
0.000000;0.000000;0.000000;0.000000;0.000000;0.000000;0.000000;0.000000
0.000000;0.000000;0.000000;0.000000;0.000000;0.000000;0.000000;0.000000
0.000000;0.000000;0.000000;0.000000;0.000000;0.000000;0.000000;0.000000
0.000000;0.000000;0.000000;0.000000;0.000000;0.000000;0.000000;0.000000
0.000000;0.000000;0.000000;0.000000;0.000000;0.000000;0.000000;0.000000
0.000000;0.000000;0.000000;0.000000;0.000000;0.000000;0.000000;0.000000
0.000000;0.000000;0.000000;0.000000;0.000000;0.000000;0.000000;0.000000
0.000000;0.000000;0.000000;0.000000;0.000000;0.000000;0.000000;0.000000
0.000000;0.000000;0.000000;0.000000;0.000000;0.000000;0.000000;0.000000
0.000000;0.000000;0.000000;0.000000;0.000000;0.000000;0.000000;0.000000
0.000000;0.000000;0.000000;0.000000;0.000000;0.000000;0.000000;0.000000
0.000000;0.000000;0.000000;0.000000;0.000000;0.000000;0.000000;0.000000
0.000000;0.000000;0.000000;0.000000;0.000000;0.000000;0.000000;0.000000
0.000000;0.000000;0.000000;0.000000;0.000000;0.000000;0.000000;0.000000
0.000000;0.000000;0.000000;0.000000;0.000000;0.000000;0.000000;0.000000
0.000000;0.000000;0.000000;0.000000;0.000000;0.000000;0.000000;0.000000
0.000000;0.000000;0.000000;0.000000;0.000000;0.000000;0.000000;0.000000
0.000000;0.000000;0.000000;0.000000;0.000000;0.000000;0.000000;0.000000
0.000000;0.000000;0.000000;0.000000;0.000000;0.000000;0.000000;0.000000
0.000000;0.000000;0.000000;0.000000;0.000000;0.000000;0.000000;0.000000
0.000000;0.000000;0.000000;0.000000;0.000000;0.000000;0.000000;0.000000
0.000000;0.000000;0.000000;0.000000;0.000000;0.000000;0.000000;0.000000
0.000000;0.000000;0.000000;0.000000;0.000000;0.000000;0.000000;0.000000
0.000000;0.000000;0.000000;0.000000;0.000000;0.000000;0.000000;0.000000
0.000000;0.000000;0.000000;0.000000;0.000000;0.000000;0.000000;0.000000
0.000000;0.000000;0.000000;0.000000;0.000000;0.000000;0.000000;0.000000
0.000000;0.000000;0.000000;0.000000;0.000000;0.000000;0.000000;0.000000
0.000000;0.000000;0.000000;0.000000;0.000000;0.000000;0.000000;0.000000
0.000000;0.000000;0.000000;0.000000;0.000000;0.000000;0.000000;0.000000
0.000000;0.000000;0.000000;0.000000;0.000000;0.000000;0.000000;0.000000
0.000000;0.000000;0.000000;0.000000;0.000000;0.000000;0.000000;0.000000
0.000000;0.000000;0.000000;0.000000;0.000000;0.000000;0.000000;0.000000
0.000000;0.000000;0.000000;0.000000;0.000000;0.000000;0.000000;0.000000
0.000000;0.000000;0.000000;0.000000;0.000000;0.000000;0.000000;0.000000
0.000000;0.000000;0.000000;0.000000;0.000000;0.000000;0.000000;0.000000
0.000000;0.000000;0.000000;0.000000;0.000000;0.000000;0.000000;0.000000
0.000000;0.000000;0.000000;0.000000;0.000000;0.000000;0.000000;0.000000
0.000000;0.000000;0.000000;0.000000;0.000000;0.000000;0.000000;0.000000
0.000000;0.000000;0.000000;0.000000;0.000000;0.000000;0.000000;0.000000
0.000000;0.000000;0.000000;0.000000;0.000000;0.000000;0.000000;0.000000
0.000000;0.000000;0.000000;0.000000;0.000000;0.000000;0.000000;0.000000
0.000000;0.000000;0.000000;0.000000;0.000000;0.000000;0.000000;0.000000
0.000000;0.000000;0.000000;0.000000;0.000000;0.000000;0.000000;0.000000
0.000000;0.000000;0.000000;0.000000;0.000000;0.000000;0.000000;0.000000
0.000000;0.000000;0.000000;0.000000;0.000000;0.000000;0.000000;0.000000
0.000000;0.000000;0.000000;0.000000;0.000000;0.000000;0.000000;0.000000
0.000000;0.000000;0.000000;0.000000;0.000000;0.000000;0.000000;0.000000
0.000000;0.000000;0.000000;0.000000;0.000000;0.000000;0.000000;0.000000
0.000000;0.000000;0.000000;0.000000;0.000000;0.000000;0.000000;0.000000
0.000000;0.000000;0.000000;0.000000;0.000000;0.000000;0.000000;0.000000
0.000000;0.000000;0.000000;0.000000;0.000000;0.000000;0.000000;0.000000
0.000000;0.000000;0.000000;0.000000;0.000000;0.000000;0.000000;0.000000
0.000000;0.000000;0.000000;0.000000;0.000000;0.000000;0.000000;0.000000
0.000000;0.000000;0.000000;0.000000;0.000000;0.000000;0.000000;0.000000
0.000000;0.000000;0.000000;0.000000;0.000000;0.000000;0.000000;0.000000
0.000000;0.000000;0.000000;0.000000;0.000000;0.000000;0.000000;0.000000
0.000000;0.000000;0.000000;0.000000;0.000000;0.000000;0.000000;0.000000
0.000000;0.000000;0.000000;0.000000;0.000000;0.000000;0.000000;0.000000
0.000000;0.000000;0.000000;0.000000;0.000000;0.000000;0.000000;0.000000
0.000000;0.000000;0.000000;0.000000;0.000000;0.000000;0.000000;0.000000
0.000000;0.000000;0.000000;0.000000;0.000000;0.000000;0.000000;0.000000
0.000000;0.000000;0.000000;0.000000;0.000000;0.000000;0.000000;0.000000
0.000000;0.000000;0.000000;0.000000;0.000000;0.000000;0.000000;0.000000
0.000000;0.000000;0.000000;0.000000;0.000000;0.000000;0.000000;0.000000
0.000000;0.000000;0.000000;0.000000;0.000000;0.000000;0.000000;0.000000
0.000000;0.000000;0.000000;0.000000;0.000000;0.000000;0.000000;0.000000
0.000000;0.000000;0.000000;0.000000;0.000000;0.000000;0.000000;0.000000
0.000000;0.000000;0.000000;0.000000;0.000000;0.000000;0.000000;0.000000
0.000000;0.000000;0.000000;0.000000;0.000000;0.000000;0.000000;0.000000
0.000000;0.000000;0.000000;0.000000;0.000000;0.000000;0.000000;0.000000
0.000000;0.000000;0.000000;0.000000;0.000000;0.000000;0.000000;0.000000
0.000000;0.000000;0.000000;0.000000;0.000000;0.000000;0.000000;0.000000
0.000000;0.000000;0.000000;0.000000;0.000000;0.000000;0.000000;0.000000
0.000000;0.000000;0.000000;0.000000;0.000000;0.000000;0.000000;0.000000
0.000000;0.000000;0.000000;0.000000;0.000000;0.000000;0.000000;0.000000
0.000000;0.000000;0.000000;0.000000;0.000000;0.000000;0.000000;0.000000
0.000000;0.000000;0.000000;0.000000;0.000000;0.000000;0.000000;0.000000
0.000000;0.000000;0.000000;0.000000;0.000000;0.000000;0.000000;0.000000
0.000000;0.000000;0.000000;0.000000;0.000000;0.000000;0.000000;0.000000
0.000000;0.000000;0.000000;0.000000;0.000000;0.000000;0.000000;0.000000
0.000000;0.000000;0.000000;0.000000;0.000000;0.000000;0.000000;0.000000
0.000000;0.000000;0.000000;0.000000;0.000000;0.000000;0.000000;0.000000
0.000000;0.000000;0.000000;0.000000;0.000000;0.000000;0.000000;0.000000
0.000000;0.000000;0.000000;0.000000;0.000000;0.000000;0.000000;0.000000
0.000000;0.000000;0.000000;0.000000;0.000000;0.000000;0.000000;0.000000
0.000000;0.000000;0.000000;0.000000;0.000000;0.000000;0.000000;0.000000
0.000000;0.000000;0.000000;0.000000;0.000000;0.000000;0.000000;0.000000
0.000000;0.000000;0.000000;0.000000;0.000000;0.000000;0.000000;0.000000
0.000000;0.000000;0.000000;0.000000;0.000000;0.000000;0.000000;0.000000
0.000000;0.000000;0.000000;0.000000;0.000000;0.000000;0.000000;0.000000
0.000000;0.000000;0.000000;0.000000;0.000000;0.000000;0.000000;0.000000
0.000000;0.000000;0.000000;0.000000;0.000000;0.000000;0.000000;0.000000
0.000000;0.000000;0.000000;0.000000;0.000000;0.000000;0.000000;0.000000
0.000000;0.000000;0.000000;0.000000;0.000000;0.000000;0.000000;0.000000
0.000000;0.000000;0.000000;0.000000;0.000000;0.000000;0.000000;0.000000
0.000000;0.000000;0.000000;0.000000;0.000000;0.000000;0.000000;0.000000
0.000000;0.000000;0.000000;0.000000;0.000000;0.000000;0.000000;0.000000
0.000000;0.000000;0.000000;0.000000;0.000000;0.000000;0.000000;0.000000
0.000000;0.000000;0.000000;0.000000;0.000000;0.000000;0.000000;0.000000
0.000000;0.000000;0.000000;0.000000;0.000000;0.000000;0.000000;0.000000
0.000000;0.000000;0.000000;0.000000;0.000000;0.000000;0.000000;0.000000
0.000000;0.000000;0.000000;0.000000;0.000000;0.000000;0.000000;0.000000
0.000000;0.000000;0.000000;0.000000;0.000000;0.000000;0.000000;0.000000
0.000000;0.000000;0.000000;0.000000;0.000000;0.000000;0.000000;0.000000
0.000000;0.000000;0.000000;0.000000;0.000000;0.000000;0.000000;0.000000
0.000000;0.000000;0.000000;0.000000;0.000000;0.000000;0.000000;0.000000
0.000000;0.000000;0.000000;0.000000;0.000000;0.000000;0.000000;0.000000
0.000000;0.000000;0.000000;0.000000;0.000000;0.000000;0.000000;0.000000
0.000000;0.000000;0.000000;0.000000;0.000000;0.000000;0.000000;0.000000
0.000000;0.000000;0.000000;0.000000;0.000000;0.000000;0.000000;0.000000
0.000000;0.000000;0.000000;0.000000;0.000000;0.000000;0.000000;0.000000
0.000000;0.000000;0.000000;0.000000;0.000000;0.000000;0.000000;0.000000
0.000000;0.000000;0.000000;0.000000;0.000000;0.000000;0.000000;0.000000
0.000000;0.000000;0.000000;0.000000;0.000000;0.000000;0.000000;0.000000
0.000000;0.000000;0.000000;0.000000;0.000000;0.000000;0.000000;0.000000
0.000000;0.000000;0.000000;0.000000;0.000000;0.000000;0.000000;0.000000
0.000000;0.000000;0.000000;0.000000;0.000000;0.000000;0.000000;0.000000
0.000000;0.000000;0.000000;0.000000;0.000000;0.000000;0.000000;0.000000
0.000000;0.000000;0.000000;0.000000;0.000000;0.000000;0.000000;0.000000
0.000000;0.000000;0.000000;0.000000;0.000000;0.000000;0.000000;0.000000
0.000000;0.000000;0.000000;0.000000;0.000000;0.000000;0.000000;0.000000
0.000000;0.000000;0.000000;0.000000;0.000000;0.000000;0.000000;0.000000
0.000000;0.000000;0.000000;0.000000;0.000000;0.000000;0.000000;0.000000
0.000000;0.000000;0.000000;0.000000;0.000000;0.000000;0.000000;0.000000
0.000000;0.000000;0.000000;0.000000;0.000000;0.000000;0.000000;0.000000
0.000000;0.000000;0.000000;0.000000;0.000000;0.000000;0.000000;0.000000
0.000000;0.000000;0.000000;0.000000;0.000000;0.000000;0.000000;0.000000
0.000000;0.000000;0.000000;0.000000;0.000000;0.000000;0.000000;0.000000
0.000000;0.000000;0.000000;0.000000;0.000000;0.000000;0.000000;0.000000
0.000000;0.000000;0.000000;0.000000;0.000000;0.000000;0.000000;0.000000
0.000000;0.000000;0.000000;0.000000;0.000000;0.000000;0.000000;0.000000
0.000000;0.000000;0.000000;0.000000;0.000000;0.000000;0.000000;0.000000
0.000000;0.000000;0.000000;0.000000;0.000000;0.000000;0.000000;0.000000
0.000000;0.000000;0.000000;0.000000;0.000000;0.000000;0.000000;0.000000
0.000000;0.000000;0.000000;0.000000;0.000000;0.000000;0.000000;0.000000
0.000000;0.000000;0.000000;0.000000;0.000000;0.000000;0.000000;0.000000
0.000000;0.000000;0.000000;0.000000;0.000000;0.000000;0.000000;0.000000
0.000000;0.000000;0.000000;0.000000;0.000000;0.000000;0.000000;0.000000
0.000000;0.000000;0.000000;0.000000;0.000000;0.000000;0.000000;0.000000
0.000000;0.000000;0.000000;0.000000;0.000000;0.000000;0.000000;0.000000
0.000000;0.000000;0.000000;0.000000;0.000000;0.000000;0.000000;0.000000
0.000000;0.000000;0.000000;0.000000;0.000000;0.000000;0.000000;0.000000
0.000000;0.000000;0.000000;0.000000;0.000000;0.000000;0.000000;0.000000
0.000000;0.000000;0.000000;0.000000;0.000000;0.000000;0.000000;0.000000
0.000000;0.000000;0.000000;0.000000;0.000000;0.000000;0.000000;0.000000
0.000000;0.000000;0.000000;0.000000;0.000000;0.000000;0.000000;0.000000
0.000000;0.000000;0.000000;0.000000;0.000000;0.000000;0.000000;0.000000
0.000000;0.000000;0.000000;0.000000;0.000000;0.000000;0.000000;0.000000
0.000000;0.000000;0.000000;0.000000;0.000000;0.000000;0.000000;0.000000
0.000000;0.000000;0.000000;0.000000;0.000000;0.000000;0.000000;0.000000
0.000000;0.000000;0.000000;0.000000;0.000000;0.000000;0.000000;0.000000
0.000000;0.000000;0.000000;0.000000;0.000000;0.000000;0.000000;0.000000
0.000000;0.000000;0.000000;0.000000;0.000000;0.000000;0.000000;0.000000
0.000000;0.000000;0.000000;0.000000;0.000000;0.000000;0.000000;0.000000
0.000000;0.000000;0.000000;0.000000;0.000000;0.000000;0.000000;0.000000
0.000000;0.000000;0.000000;0.000000;0.000000;0.000000;0.000000;0.000000
0.000000;0.000000;0.000000;0.000000;0.000000;0.000000;0.000000;0.000000
0.000000;0.000000;0.000000;0.000000;0.000000;0.000000;0.000000;0.000000
0.000000;0.000000;0.000000;0.000000;0.000000;0.000000;0.000000;0.000000
0.000000;0.000000;0.000000;0.000000;0.000000;0.000000;0.000000;0.000000
0.000000;0.000000;0.000000;0.000000;0.000000;0.000000;0.000000;0.000000
0.000000;0.000000;0.000000;0.000000;0.000000;0.000000;0.000000;0.000000
0.000000;0.000000;0.000000;0.000000;0.000000;0.000000;0.000000;0.000000
0.000000;0.000000;0.000000;0.000000;0.000000;0.000000;0.000000;0.000000
0.000000;0.000000;0.000000;0.000000;0.000000;0.000000;0.000000;0.000000
0.000000;0.000000;0.000000;0.000000;0.000000;0.000000;0.000000;0.000000
0.000000;0.000000;0.000000;0.000000;0.000000;0.000000;0.000000;0.000000
0.000000;0.000000;0.000000;0.000000;0.000000;0.000000;0.000000;0.000000
0.000000;0.000000;0.000000;0.000000;0.000000;0.000000;0.000000;0.000000
0.000000;0.000000;0.000000;0.000000;0.000000;0.000000;0.000000;0.000000
0.000000;0.000000;0.000000;0.000000;0.000000;0.000000;0.000000;0.000000
0.000000;0.000000;0.000000;0.000000;0.000000;0.000000;0.000000;0.000000
0.000000;0.000000;0.000000;0.000000;0.000000;0.000000;0.000000;0.000000
0.000000;0.000000;0.000000;0.000000;0.000000;0.000000;0.000000;0.000000
0.000000;0.000000;0.000000;0.000000;0.000000;0.000000;0.000000;0.000000
0.000000;0.000000;0.000000;0.000000;0.000000;0.000000;0.000000;0.000000
0.000000;0.000000;0.000000;0.000000;0.000000;0.000000;0.000000;0.000000
0.000000;0.000000;0.000000;0.000000;0.000000;0.000000;0.000000;0.000000
0.000000;0.000000;0.000000;0.000000;0.000000;0.000000;0.000000;0.000000
0.000000;0.000000;0.000000;0.000000;0.000000;0.000000;0.000000;0.000000
0.000000;0.000000;0.000000;0.000000;0.000000;0.000000;0.000000;0.000000
0.000000;0.000000;0.000000;0.000000;0.000000;0.000000;0.000000;0.000000
0.000000;0.000000;0.000000;0.000000;0.000000;0.000000;0.000000;0.000000
0.000000;0.000000;0.000000;0.000000;0.000000;0.000000;0.000000;0.000000
0.000000;0.000000;0.000000;0.000000;0.000000;0.000000;0.000000;0.000000
0.000000;0.000000;0.000000;0.000000;0.000000;0.000000;0.000000;0.000000
0.000000;0.000000;0.000000;0.000000;0.000000;0.000000;0.000000;0.000000
0.000000;0.000000;0.000000;0.000000;0.000000;0.000000;0.000000;0.000000
0.000000;0.000000;0.000000;0.000000;0.000000;0.000000;0.000000;0.000000
0.000000;0.000000;0.000000;0.000000;0.000000;0.000000;0.000000;0.000000
0.000000;0.000000;0.000000;0.000000;0.000000;0.000000;0.000000;0.000000
0.000000;0.000000;0.000000;0.000000;0.000000;0.000000;0.000000;0.000000
0.000000;0.000000;0.000000;0.000000;0.000000;0.000000;0.000000;0.000000
0.000000;0.000000;0.000000;0.000000;0.000000;0.000000;0.000000;0.000000
0.000000;0.000000;0.000000;0.000000;0.000000;0.000000;0.000000;0.000000
0.000000;0.000000;0.000000;0.000000;0.000000;0.000000;0.000000;0.000000
0.000000;0.000000;0.000000;0.000000;0.000000;0.000000;0.000000;0.000000
0.000000;0.000000;0.000000;0.000000;0.000000;0.000000;0.000000;0.000000
0.000000;0.000000;0.000000;0.000000;0.000000;0.000000;0.000000;0.000000
0.000000;0.000000;0.000000;0.000000;0.000000;0.000000;0.000000;0.000000
0.000000;0.000000;0.000000;0.000000;0.000000;0.000000;0.000000;0.000000
0.000000;0.000000;0.000000;0.000000;0.000000;0.000000;0.000000;0.000000
0.000000;0.000000;0.000000;0.000000;0.000000;0.000000;0.000000;0.000000
0.000000;0.000000;0.000000;0.000000;0.000000;0.000000;0.000000;0.000000
0.000000;0.000000;0.000000;0.000000;0.000000;0.000000;0.000000;0.000000
0.000000;0.000000;0.000000;0.000000;0.000000;0.000000;0.000000;0.000000
0.000000;0.000000;0.000000;0.000000;0.000000;0.000000;0.000000;0.000000
0.000000;0.000000;0.000000;0.000000;0.000000;0.000000;0.000000;0.000000
0.000000;0.000000;0.000000;0.000000;0.000000;0.000000;0.000000;0.000000
0.000000;0.000000;0.000000;0.000000;0.000000;0.000000;0.000000;0.000000
0.000000;0.000000;0.000000;0.000000;0.000000;0.000000;0.000000;0.000000
0.000000;0.000000;0.000000;0.000000;0.000000;0.000000;0.000000;0.000000
0.000000;0.000000;0.000000;0.000000;0.000000;0.000000;0.000000;0.000000
0.000000;0.000000;0.000000;0.000000;0.000000;0.000000;0.000000;0.000000
0.000000;0.000000;0.000000;0.000000;0.000000;0.000000;0.000000;0.000000
0.000000;0.000000;0.000000;0.000000;0.000000;0.000000;0.000000;0.000000
0.000000;0.000000;0.000000;0.000000;0.000000;0.000000;0.000000;0.000000
0.000000;0.000000;0.000000;0.000000;0.000000;0.000000;0.000000;0.000000
0.000000;0.000000;0.000000;0.000000;0.000000;0.000000;0.000000;0.000000
0.000000;0.000000;0.000000;0.000000;0.000000;0.000000;0.000000;0.000000
0.000000;0.000000;0.000000;0.000000;0.000000;0.000000;0.000000;0.000000
0.000000;0.000000;0.000000;0.000000;0.000000;0.000000;0.000000;0.000000
0.000000;0.000000;0.000000;0.000000;0.000000;0.000000;0.000000;0.000000
0.000000;0.000000;0.000000;0.000000;0.000000;0.000000;0.000000;0.000000
0.000000;0.000000;0.000000;0.000000;0.000000;0.000000;0.000000;0.000000
0.000000;0.000000;0.000000;0.000000;0.000000;0.000000;0.000000;0.000000
0.000000;0.000000;0.000000;0.000000;0.000000;0.000000;0.000000;0.000000
0.000000;0.000000;0.000000;0.000000;0.000000;0.000000;0.000000;0.000000
0.000000;0.000000;0.000000;0.000000;0.000000;0.000000;0.000000;0.000000
0.000000;0.000000;0.000000;0.000000;0.000000;0.000000;0.000000;0.000000
0.000000;0.000000;0.000000;0.000000;0.000000;0.000000;0.000000;0.000000
0.000000;0.000000;0.000000;0.000000;0.000000;0.000000;0.000000;0.000000
0.000000;0.000000;0.000000;0.000000;0.000000;0.000000;0.000000;0.000000
0.000000;0.000000;0.000000;0.000000;0.000000;0.000000;0.000000;0.000000
0.000000;0.000000;0.000000;0.000000;0.000000;0.000000;0.000000;0.000000
0.000000;0.000000;0.000000;0.000000;0.000000;0.000000;0.000000;0.000000
0.000000;0.000000;0.000000;0.000000;0.000000;0.000000;0.000000;0.000000
0.000000;0.000000;0.000000;0.000000;0.000000;0.000000;0.000000;0.000000
0.000000;0.000000;0.000000;0.000000;0.000000;0.000000;0.000000;0.000000
0.000000;0.000000;0.000000;0.000000;0.000000;0.000000;0.000000;0.000000
0.000000;0.000000;0.000000;0.000000;0.000000;0.000000;0.000000;0.000000
0.000000;0.000000;0.000000;0.000000;0.000000;0.000000;0.000000;0.000000
0.000000;0.000000;0.000000;0.000000;0.000000;0.000000;0.000000;0.000000
0.000000;0.000000;0.000000;0.000000;0.000000;0.000000;0.000000;0.000000
0.000000;0.000000;0.000000;0.000000;0.000000;0.000000;0.000000;0.000000
0.000000;0.000000;0.000000;0.000000;0.000000;0.000000;0.000000;0.000000
0.000000;0.000000;0.000000;0.000000;0.000000;0.000000;0.000000;0.000000
0.000000;0.000000;0.000000;0.000000;0.000000;0.000000;0.000000;0.000000
0.000000;0.000000;0.000000;0.000000;0.000000;0.000000;0.000000;0.000000
0.000000;0.000000;0.000000;0.000000;0.000000;0.000000;0.000000;0.000000
0.000000;0.000000;0.000000;0.000000;0.000000;0.000000;0.000000;0.000000
0.000000;0.000000;0.000000;0.000000;0.000000;0.000000;0.000000;0.000000
0.000000;0.000000;0.000000;0.000000;0.000000;0.000000;0.000000;0.000000
0.000000;0.000000;0.000000;0.000000;0.000000;0.000000;0.000000;0.000000
0.000000;0.000000;0.000000;0.000000;0.000000;0.000000;0.000000;0.000000
0.000000;0.000000;0.000000;0.000000;0.000000;0.000000;0.000000;0.000000
0.000000;0.000000;0.000000;0.000000;0.000000;0.000000;0.000000;0.000000
0.000000;0.000000;0.000000;0.000000;0.000000;0.000000;0.000000;0.000000
0.000000;0.000000;0.000000;0.000000;0.000000;0.000000;0.000000;0.000000
0.000000;0.000000;0.000000;0.000000;0.000000;0.000000;0.000000;0.000000
0.000000;0.000000;0.000000;0.000000;0.000000;0.000000;0.000000;0.000000
0.000000;0.000000;0.000000;0.000000;0.000000;0.000000;0.000000;0.000000
0.000000;0.000000;0.000000;0.000000;0.000000;0.000000;0.000000;0.000000
0.000000;0.000000;0.000000;0.000000;0.000000;0.000000;0.000000;0.000000
0.000000;0.000000;0.000000;0.000000;0.000000;0.000000;0.000000;0.000000
0.000000;0.000000;0.000000;0.000000;0.000000;0.000000;0.000000;0.000000
0.000000;0.000000;0.000000;0.000000;0.000000;0.000000;0.000000;0.000000
0.000000;0.000000;0.000000;0.000000;0.000000;0.000000;0.000000;0.000000
0.000000;0.000000;0.000000;0.000000;0.000000;0.000000;0.000000;0.000000
0.000000;0.000000;0.000000;0.000000;0.000000;0.000000;0.000000;0.000000
0.000000;0.000000;0.000000;0.000000;0.000000;0.000000;0.000000;0.000000
0.000000;0.000000;0.000000;0.000000;0.000000;0.000000;0.000000;0.000000
0.000000;0.000000;0.000000;0.000000;0.000000;0.000000;0.000000;0.000000
0.000000;0.000000;0.000000;0.000000;0.000000;0.000000;0.000000;0.000000
0.000000;0.000000;0.000000;0.000000;0.000000;0.000000;0.000000;0.000000
0.000000;0.000000;0.000000;0.000000;0.000000;0.000000;0.000000;0.000000
0.000000;0.000000;0.000000;0.000000;0.000000;0.000000;0.000000;0.000000
0.000000;0.000000;0.000000;0.000000;0.000000;0.000000;0.000000;0.000000
0.000000;0.000000;0.000000;0.000000;0.000000;0.000000;0.000000;0.000000
0.000000;0.000000;0.000000;0.000000;0.000000;0.000000;0.000000;0.000000
0.000000;0.000000;0.000000;0.000000;0.000000;0.000000;0.000000;0.000000
0.000000;0.000000;0.000000;0.000000;0.000000;0.000000;0.000000;0.000000
0.000000;0.000000;0.000000;0.000000;0.000000;0.000000;0.000000;0.000000
0.000000;0.000000;0.000000;0.000000;0.000000;0.000000;0.000000;0.000000
0.000000;0.000000;0.000000;0.000000;0.000000;0.000000;0.000000;0.000000
0.000000;0.000000;0.000000;0.000000;0.000000;0.000000;0.000000;0.000000
0.000000;0.000000;0.000000;0.000000;0.000000;0.000000;0.000000;0.000000
0.000000;0.000000;0.000000;0.000000;0.000000;0.000000;0.000000;0.000000
0.000000;0.000000;0.000000;0.000000;0.000000;0.000000;0.000000;0.000000
0.000000;0.000000;0.000000;0.000000;0.000000;0.000000;0.000000;0.000000
0.000000;0.000000;0.000000;0.000000;0.000000;0.000000;0.000000;0.000000
0.000000;0.000000;0.000000;0.000000;0.000000;0.000000;0.000000;0.000000
0.000000;0.000000;0.000000;0.000000;0.000000;0.000000;0.000000;0.000000
0.000000;0.000000;0.000000;0.000000;0.000000;0.000000;0.000000;0.000000
0.000000;0.000000;0.000000;0.000000;0.000000;0.000000;0.000000;0.000000
0.000000;0.000000;0.000000;0.000000;0.000000;0.000000;0.000000;0.000000
0.000000;0.000000;0.000000;0.000000;0.000000;0.000000;0.000000;0.000000
0.000000;0.000000;0.000000;0.000000;0.000000;0.000000;0.000000;0.000000
0.000000;0.000000;0.000000;0.000000;0.000000;0.000000;0.000000;0.000000
0.000000;0.000000;0.000000;0.000000;0.000000;0.000000;0.000000;0.000000
0.000000;0.000000;0.000000;0.000000;0.000000;0.000000;0.000000;0.000000
0.000000;0.000000;0.000000;0.000000;0.000000;0.000000;0.000000;0.000000
0.000000;0.000000;0.000000;0.000000;0.000000;0.000000;0.000000;0.000000
0.000000;0.000000;0.000000;0.000000;0.000000;0.000000;0.000000;0.000000
0.000000;0.000000;0.000000;0.000000;0.000000;0.000000;0.000000;0.000000
0.000000;0.000000;0.000000;0.000000;0.000000;0.000000;0.000000;0.000000
0.000000;0.000000;0.000000;0.000000;0.000000;0.000000;0.000000;0.000000
0.000000;0.000000;0.000000;0.000000;0.000000;0.000000;0.000000;0.000000
0.000000;0.000000;0.000000;0.000000;0.000000;0.000000;0.000000;0.000000
0.000000;0.000000;0.000000;0.000000;0.000000;0.000000;0.000000;0.000000
0.000000;0.000000;0.000000;0.000000;0.000000;0.000000;0.000000;0.000000
0.000000;0.000000;0.000000;0.000000;0.000000;0.000000;0.000000;0.000000
0.000000;0.000000;0.000000;0.000000;0.000000;0.000000;0.000000;0.000000
0.000000;0.000000;0.000000;0.000000;0.000000;0.000000;0.000000;0.000000
0.000000;0.000000;0.000000;0.000000;0.000000;0.000000;0.000000;0.000000
0.000000;0.000000;0.000000;0.000000;0.000000;0.000000;0.000000;0.000000
0.000000;0.000000;0.000000;0.000000;0.000000;0.000000;0.000000;0.000000
0.000000;0.000000;0.000000;0.000000;0.000000;0.000000;0.000000;0.000000
0.000000;0.000000;0.000000;0.000000;0.000000;0.000000;0.000000;0.000000
0.000000;0.000000;0.000000;0.000000;0.000000;0.000000;0.000000;0.000000
0.000000;0.000000;0.000000;0.000000;0.000000;0.000000;0.000000;0.000000
0.000000;0.000000;0.000000;0.000000;0.000000;0.000000;0.000000;0.000000
0.000000;0.000000;0.000000;0.000000;0.000000;0.000000;0.000000;0.000000
0.000000;0.000000;0.000000;0.000000;0.000000;0.000000;0.000000;0.000000
0.000000;0.000000;0.000000;0.000000;0.000000;0.000000;0.000000;0.000000
0.000000;0.000000;0.000000;0.000000;0.000000;0.000000;0.000000;0.000000
0.000000;0.000000;0.000000;0.000000;0.000000;0.000000;0.000000;0.000000
0.000000;0.000000;0.000000;0.000000;0.000000;0.000000;0.000000;0.000000
0.000000;0.000000;0.000000;0.000000;0.000000;0.000000;0.000000;0.000000
0.000000;0.000000;0.000000;0.000000;0.000000;0.000000;0.000000;0.000000
0.000000;0.000000;0.000000;0.000000;0.000000;0.000000;0.000000;0.000000
0.000000;0.000000;0.000000;0.000000;0.000000;0.000000;0.000000;0.000000
0.000000;0.000000;0.000000;0.000000;0.000000;0.000000;0.000000;0.000000
0.000000;0.000000;0.000000;0.000000;0.000000;0.000000;0.000000;0.000000
0.000000;0.000000;0.000000;0.000000;0.000000;0.000000;0.000000;0.000000
0.000000;0.000000;0.000000;0.000000;0.000000;0.000000;0.000000;0.000000
0.000000;0.000000;0.000000;0.000000;0.000000;0.000000;0.000000;0.000000
0.000000;0.000000;0.000000;0.000000;0.000000;0.000000;0.000000;0.000000
0.000000;0.000000;0.000000;0.000000;0.000000;0.000000;0.000000;0.000000
0.000000;0.000000;0.000000;0.000000;0.000000;0.000000;0.000000;0.000000
0.000000;0.000000;0.000000;0.000000;0.000000;0.000000;0.000000;0.000000
0.000000;0.000000;0.000000;0.000000;0.000000;0.000000;0.000000;0.000000
0.000000;0.000000;0.000000;0.000000;0.000000;0.000000;0.000000;0.000000
0.000000;0.000000;0.000000;0.000000;0.000000;0.000000;0.000000;0.000000
0.000000;0.000000;0.000000;0.000000;0.000000;0.000000;0.000000;0.000000
0.000000;0.000000;0.000000;0.000000;0.000000;0.000000;0.000000;0.000000
0.000000;0.000000;0.000000;0.000000;0.000000;0.000000;0.000000;0.000000
0.000000;0.000000;0.000000;0.000000;0.000000;0.000000;0.000000;0.000000
0.000000;0.000000;0.000000;0.000000;0.000000;0.000000;0.000000;0.000000
0.000000;0.000000;0.000000;0.000000;0.000000;0.000000;0.000000;0.000000
0.000000;0.000000;0.000000;0.000000;0.000000;0.000000;0.000000;0.000000
0.000000;0.000000;0.000000;0.000000;0.000000;0.000000;0.000000;0.000000
0.000000;0.000000;0.000000;0.000000;0.000000;0.000000;0.000000;0.000000
0.000000;0.000000;0.000000;0.000000;0.000000;0.000000;0.000000;0.000000
0.000000;0.000000;0.000000;0.000000;0.000000;0.000000;0.000000;0.000000
0.000000;0.000000;0.000000;0.000000;0.000000;0.000000;0.000000;0.000000
0.000000;0.000000;0.000000;0.000000;0.000000;0.000000;0.000000;0.000000
0.000000;0.000000;0.000000;0.000000;0.000000;0.000000;0.000000;0.000000
0.000000;0.000000;0.000000;0.000000;0.000000;0.000000;0.000000;0.000000
0.000000;0.000000;0.000000;0.000000;0.000000;0.000000;0.000000;0.000000
0.000000;0.000000;0.000000;0.000000;0.000000;0.000000;0.000000;0.000000
0.000000;0.000000;0.000000;0.000000;0.000000;0.000000;0.000000;0.000000
0.000000;0.000000;0.000000;0.000000;0.000000;0.000000;0.000000;0.000000
0.000000;0.000000;0.000000;0.000000;0.000000;0.000000;0.000000;0.000000
0.000000;0.000000;0.000000;0.000000;0.000000;0.000000;0.000000;0.000000
0.000000;0.000000;0.000000;0.000000;0.000000;0.000000;0.000000;0.000000
0.000000;0.000000;0.000000;0.000000;0.000000;0.000000;0.000000;0.000000
0.000000;0.000000;0.000000;0.000000;0.000000;0.000000;0.000000;0.000000
0.000000;0.000000;0.000000;0.000000;0.000000;0.000000;0.000000;0.000000
0.000000;0.000000;0.000000;0.000000;0.000000;0.000000;0.000000;0.000000
0.000000;0.000000;0.000000;0.000000;0.000000;0.000000;0.000000;0.000000
0.000000;0.000000;0.000000;0.000000;0.000000;0.000000;0.000000;0.000000
0.000000;0.000000;0.000000;0.000000;0.000000;0.000000;0.000000;0.000000
0.000000;0.000000;0.000000;0.000000;0.000000;0.000000;0.000000;0.000000
0.000000;0.000000;0.000000;0.000000;0.000000;0.000000;0.000000;0.000000
0.000000;0.000000;0.000000;0.000000;0.000000;0.000000;0.000000;0.000000
0.000000;0.000000;0.000000;0.000000;0.000000;0.000000;0.000000;0.000000
0.000000;0.000000;0.000000;0.000000;0.000000;0.000000;0.000000;0.000000
0.000000;0.000000;0.000000;0.000000;0.000000;0.000000;0.000000;0.000000
0.000000;0.000000;0.000000;0.000000;0.000000;0.000000;0.000000;0.000000
0.000000;0.000000;0.000000;0.000000;0.000000;0.000000;0.000000;0.000000
0.000000;0.000000;0.000000;0.000000;0.000000;0.000000;0.000000;0.000000
0.000000;0.000000;0.000000;0.000000;0.000000;0.000000;0.000000;0.000000
0.000000;0.000000;0.000000;0.000000;0.000000;0.000000;0.000000;0.000000
0.000000;0.000000;0.000000;0.000000;0.000000;0.000000;0.000000;0.000000
0.000000;0.000000;0.000000;0.000000;0.000000;0.000000;0.000000;0.000000
0.000000;0.000000;0.000000;0.000000;0.000000;0.000000;0.000000;0.000000
0.000000;0.000000;0.000000;0.000000;0.000000;0.000000;0.000000;0.000000
0.000000;0.000000;0.000000;0.000000;0.000000;0.000000;0.000000;0.000000
0.000000;0.000000;0.000000;0.000000;0.000000;0.000000;0.000000;0.000000
0.000000;0.000000;0.000000;0.000000;0.000000;0.000000;0.000000;0.000000
0.000000;0.000000;0.000000;0.000000;0.000000;0.000000;0.000000;0.000000
0.000000;0.000000;0.000000;0.000000;0.000000;0.000000;0.000000;0.000000
0.000000;0.000000;0.000000;0.000000;0.000000;0.000000;0.000000;0.000000
0.000000;0.000000;0.000000;0.000000;0.000000;0.000000;0.000000;0.000000
0.000000;0.000000;0.000000;0.000000;0.000000;0.000000;0.000000;0.000000
0.000000;0.000000;0.000000;0.000000;0.000000;0.000000;0.000000;0.000000
0.000000;0.000000;0.000000;0.000000;0.000000;0.000000;0.000000;0.000000
0.000000;0.000000;0.000000;0.000000;0.000000;0.000000;0.000000;0.000000
0.000000;0.000000;0.000000;0.000000;0.000000;0.000000;0.000000;0.000000
0.000000;0.000000;0.000000;0.000000;0.000000;0.000000;0.000000;0.000000
0.000000;0.000000;0.000000;0.000000;0.000000;0.000000;0.000000;0.000000
0.000000;0.000000;0.000000;0.000000;0.000000;0.000000;0.000000;0.000000
0.000000;0.000000;0.000000;0.000000;0.000000;0.000000;0.000000;0.000000
0.000000;0.000000;0.000000;0.000000;0.000000;0.000000;0.000000;0.000000
0.000000;0.000000;0.000000;0.000000;0.000000;0.000000;0.000000;0.000000
0.000000;0.000000;0.000000;0.000000;0.000000;0.000000;0.000000;0.000000
0.000000;0.000000;0.000000;0.000000;0.000000;0.000000;0.000000;0.000000
0.000000;0.000000;0.000000;0.000000;0.000000;0.000000;0.000000;0.000000
0.000000;0.000000;0.000000;0.000000;0.000000;0.000000;0.000000;0.000000
0.000000;0.000000;0.000000;0.000000;0.000000;0.000000;0.000000;0.000000
0.000000;0.000000;0.000000;0.000000;0.000000;0.000000;0.000000;0.000000
0.000000;0.000000;0.000000;0.000000;0.000000;0.000000;0.000000;0.000000
0.000000;0.000000;0.000000;0.000000;0.000000;0.000000;0.000000;0.000000
0.000000;0.000000;0.000000;0.000000;0.000000;0.000000;0.000000;0.000000
0.000000;0.000000;0.000000;0.000000;0.000000;0.000000;0.000000;0.000000
0.000000;0.000000;0.000000;0.000000;0.000000;0.000000;0.000000;0.000000
0.000000;0.000000;0.000000;0.000000;0.000000;0.000000;0.000000;0.000000
0.000000;0.000000;0.000000;0.000000;0.000000;0.000000;0.000000;0.000000
0.000000;0.000000;0.000000;0.000000;0.000000;0.000000;0.000000;0.000000
0.000000;0.000000;0.000000;0.000000;0.000000;0.000000;0.000000;0.000000
0.000000;0.000000;0.000000;0.000000;0.000000;0.000000;0.000000;0.000000
0.000000;0.000000;0.000000;0.000000;0.000000;0.000000;0.000000;0.000000
0.000000;0.000000;0.000000;0.000000;0.000000;0.000000;0.000000;0.000000
0.000000;0.000000;0.000000;0.000000;0.000000;0.000000;0.000000;0.000000
0.000000;0.000000;0.000000;0.000000;0.000000;0.000000;0.000000;0.000000
0.000000;0.000000;0.000000;0.000000;0.000000;0.000000;0.000000;0.000000
0.000000;0.000000;0.000000;0.000000;0.000000;0.000000;0.000000;0.000000
0.000000;0.000000;0.000000;0.000000;0.000000;0.000000;0.000000;0.000000
0.000000;0.000000;0.000000;0.000000;0.000000;0.000000;0.000000;0.000000
0.000000;0.000000;0.000000;0.000000;0.000000;0.000000;0.000000;0.000000
0.000000;0.000000;0.000000;0.000000;0.000000;0.000000;0.000000;0.000000
0.000000;0.000000;0.000000;0.000000;0.000000;0.000000;0.000000;0.000000
0.000000;0.000000;0.000000;0.000000;0.000000;0.000000;0.000000;0.000000
0.000000;0.000000;0.000000;0.000000;0.000000;0.000000;0.000000;0.000000
0.000000;0.000000;0.000000;0.000000;0.000000;0.000000;0.000000;0.000000
0.000000;0.000000;0.000000;0.000000;0.000000;0.000000;0.000000;0.000000
0.000000;0.000000;0.000000;0.000000;0.000000;0.000000;0.000000;0.000000
0.000000;0.000000;0.000000;0.000000;0.000000;0.000000;0.000000;0.000000
0.000000;0.000000;0.000000;0.000000;0.000000;0.000000;0.000000;0.000000
0.000000;0.000000;0.000000;0.000000;0.000000;0.000000;0.000000;0.000000
0.000000;0.000000;0.000000;0.000000;0.000000;0.000000;0.000000;0.000000
0.000000;0.000000;0.000000;0.000000;0.000000;0.000000;0.000000;0.000000
0.000000;0.000000;0.000000;0.000000;0.000000;0.000000;0.000000;0.000000
0.000000;0.000000;0.000000;0.000000;0.000000;0.000000;0.000000;0.000000
0.000000;0.000000;0.000000;0.000000;0.000000;0.000000;0.000000;0.000000
0.000000;0.000000;0.000000;0.000000;0.000000;0.000000;0.000000;0.000000
0.000000;0.000000;0.000000;0.000000;0.000000;0.000000;0.000000;0.000000
0.000000;0.000000;0.000000;0.000000;0.000000;0.000000;0.000000;0.000000
0.000000;0.000000;0.000000;0.000000;0.000000;0.000000;0.000000;0.000000
0.000000;0.000000;0.000000;0.000000;0.000000;0.000000;0.000000;0.000000
0.000000;0.000000;0.000000;0.000000;0.000000;0.000000;0.000000;0.000000
0.000000;0.000000;0.000000;0.000000;0.000000;0.000000;0.000000;0.000000
0.000000;0.000000;0.000000;0.000000;0.000000;0.000000;0.000000;0.000000
0.000000;0.000000;0.000000;0.000000;0.000000;0.000000;0.000000;0.000000
0.000000;0.000000;0.000000;0.000000;0.000000;0.000000;0.000000;0.000000
0.000000;0.000000;0.000000;0.000000;0.000000;0.000000;0.000000;0.000000
0.000000;0.000000;0.000000;0.000000;0.000000;0.000000;0.000000;0.000000
0.000000;0.000000;0.000000;0.000000;0.000000;0.000000;0.000000;0.000000
0.000000;0.000000;0.000000;0.000000;0.000000;0.000000;0.000000;0.000000
0.000000;0.000000;0.000000;0.000000;0.000000;0.000000;0.000000;0.000000
0.000000;0.000000;0.000000;0.000000;0.000000;0.000000;0.000000;0.000000
0.000000;0.000000;0.000000;0.000000;0.000000;0.000000;0.000000;0.000000
0.000000;0.000000;0.000000;0.000000;0.000000;0.000000;0.000000;0.000000
0.000000;0.000000;0.000000;0.000000;0.000000;0.000000;0.000000;0.000000
0.000000;0.000000;0.000000;0.000000;0.000000;0.000000;0.000000;0.000000
0.000000;0.000000;0.000000;0.000000;0.000000;0.000000;0.000000;0.000000
0.000000;0.000000;0.000000;0.000000;0.000000;0.000000;0.000000;0.000000
0.000000;0.000000;0.000000;0.000000;0.000000;0.000000;0.000000;0.000000
0.000000;0.000000;0.000000;0.000000;0.000000;0.000000;0.000000;0.000000
0.000000;0.000000;0.000000;0.000000;0.000000;0.000000;0.000000;0.000000
0.000000;0.000000;0.000000;0.000000;0.000000;0.000000;0.000000;0.000000
0.000000;0.000000;0.000000;0.000000;0.000000;0.000000;0.000000;0.000000
0.000000;0.000000;0.000000;0.000000;0.000000;0.000000;0.000000;0.000000
0.000000;0.000000;0.000000;0.000000;0.000000;0.000000;0.000000;0.000000
0.000000;0.000000;0.000000;0.000000;0.000000;0.000000;0.000000;0.000000
0.000000;0.000000;0.000000;0.000000;0.000000;0.000000;0.000000;0.000000
0.000000;0.000000;0.000000;0.000000;0.000000;0.000000;0.000000;0.000000
0.000000;0.000000;0.000000;0.000000;0.000000;0.000000;0.000000;0.000000
0.000000;0.000000;0.000000;0.000000;0.000000;0.000000;0.000000;0.000000
0.000000;0.000000;0.000000;0.000000;0.000000;0.000000;0.000000;0.000000
0.000000;0.000000;0.000000;0.000000;0.000000;0.000000;0.000000;0.000000
0.000000;0.000000;0.000000;0.000000;0.000000;0.000000;0.000000;0.000000
0.000000;0.000000;0.000000;0.000000;0.000000;0.000000;0.000000;0.000000
0.000000;0.000000;0.000000;0.000000;0.000000;0.000000;0.000000;0.000000
0.000000;0.000000;0.000000;0.000000;0.000000;0.000000;0.000000;0.000000
0.000000;0.000000;0.000000;0.000000;0.000000;0.000000;0.000000;0.000000
0.000000;0.000000;0.000000;0.000000;0.000000;0.000000;0.000000;0.000000
0.000000;0.000000;0.000000;0.000000;0.000000;0.000000;0.000000;0.000000
0.000000;0.000000;0.000000;0.000000;0.000000;0.000000;0.000000;0.000000
0.000000;0.000000;0.000000;0.000000;0.000000;0.000000;0.000000;0.000000
0.000000;0.000000;0.000000;0.000000;0.000000;0.000000;0.000000;0.000000
0.000000;0.000000;0.000000;0.000000;0.000000;0.000000;0.000000;0.000000
0.000000;0.000000;0.000000;0.000000;0.000000;0.000000;0.000000;0.000000
0.000000;0.000000;0.000000;0.000000;0.000000;0.000000;0.000000;0.000000
0.000000;0.000000;0.000000;0.000000;0.000000;0.000000;0.000000;0.000000
0.000000;0.000000;0.000000;0.000000;0.000000;0.000000;0.000000;0.000000
0.000000;0.000000;0.000000;0.000000;0.000000;0.000000;0.000000;0.000000
0.000000;0.000000;0.000000;0.000000;0.000000;0.000000;0.000000;0.000000
0.000000;0.000000;0.000000;0.000000;0.000000;0.000000;0.000000;0.000000
0.000000;0.000000;0.000000;0.000000;0.000000;0.000000;0.000000;0.000000
0.000000;0.000000;0.000000;0.000000;0.000000;0.000000;0.000000;0.000000
0.000000;0.000000;0.000000;0.000000;0.000000;0.000000;0.000000;0.000000
0.000000;0.000000;0.000000;0.000000;0.000000;0.000000;0.000000;0.000000
0.000000;0.000000;0.000000;0.000000;0.000000;0.000000;0.000000;0.000000
0.000000;0.000000;0.000000;0.000000;0.000000;0.000000;0.000000;0.000000
0.000000;0.000000;0.000000;0.000000;0.000000;0.000000;0.000000;0.000000
0.000000;0.000000;0.000000;0.000000;0.000000;0.000000;0.000000;0.000000
0.000000;0.000000;0.000000;0.000000;0.000000;0.000000;0.000000;0.000000
0.000000;0.000000;0.000000;0.000000;0.000000;0.000000;0.000000;0.000000
0.000000;0.000000;0.000000;0.000000;0.000000;0.000000;0.000000;0.000000
0.000000;0.000000;0.000000;0.000000;0.000000;0.000000;0.000000;0.000000
0.000000;0.000000;0.000000;0.000000;0.000000;0.000000;0.000000;0.000000
0.000000;0.000000;0.000000;0.000000;0.000000;0.000000;0.000000;0.000000
0.000000;0.000000;0.000000;0.000000;0.000000;0.000000;0.000000;0.000000
0.000000;0.000000;0.000000;0.000000;0.000000;0.000000;0.000000;0.000000
0.000000;0.000000;0.000000;0.000000;0.000000;0.000000;0.000000;0.000000
0.000000;0.000000;0.000000;0.000000;0.000000;0.000000;0.000000;0.000000
0.000000;0.000000;0.000000;0.000000;0.000000;0.000000;0.000000;0.000000
0.000000;0.000000;0.000000;0.000000;0.000000;0.000000;0.000000;0.000000
0.000000;0.000000;0.000000;0.000000;0.000000;0.000000;0.000000;0.000000
0.000000;0.000000;0.000000;0.000000;0.000000;0.000000;0.000000;0.000000
0.000000;0.000000;0.000000;0.000000;0.000000;0.000000;0.000000;0.000000
0.000000;0.000000;0.000000;0.000000;0.000000;0.000000;0.000000;0.000000
0.000000;0.000000;0.000000;0.000000;0.000000;0.000000;0.000000;0.000000
0.000000;0.000000;0.000000;0.000000;0.000000;0.000000;0.000000;0.000000
0.000000;0.000000;0.000000;0.000000;0.000000;0.000000;0.000000;0.000000
0.000000;0.000000;0.000000;0.000000;0.000000;0.000000;0.000000;0.000000
0.000000;0.000000;0.000000;0.000000;0.000000;0.000000;0.000000;0.000000
0.000000;0.000000;0.000000;0.000000;0.000000;0.000000;0.000000;0.000000
0.000000;0.000000;0.000000;0.000000;0.000000;0.000000;0.000000;0.000000
0.000000;0.000000;0.000000;0.000000;0.000000;0.000000;0.000000;0.000000
0.000000;0.000000;0.000000;0.000000;0.000000;0.000000;0.000000;0.000000
0.000000;0.000000;0.000000;0.000000;0.000000;0.000000;0.000000;0.000000
0.000000;0.000000;0.000000;0.000000;0.000000;0.000000;0.000000;0.000000
0.000000;0.000000;0.000000;0.000000;0.000000;0.000000;0.000000;0.000000
0.000000;0.000000;0.000000;0.000000;0.000000;0.000000;0.000000;0.000000
0.000000;0.000000;0.000000;0.000000;0.000000;0.000000;0.000000;0.000000
0.000000;0.000000;0.000000;0.000000;0.000000;0.000000;0.000000;0.000000
0.000000;0.000000;0.000000;0.000000;0.000000;0.000000;0.000000;0.000000
0.000000;0.000000;0.000000;0.000000;0.000000;0.000000;0.000000;0.000000
0.000000;0.000000;0.000000;0.000000;0.000000;0.000000;0.000000;0.000000
0.000000;0.000000;0.000000;0.000000;0.000000;0.000000;0.000000;0.000000
0.000000;0.000000;0.000000;0.000000;0.000000;0.000000;0.000000;0.000000
0.000000;0.000000;0.000000;0.000000;0.000000;0.000000;0.000000;0.000000
0.000000;0.000000;0.000000;0.000000;0.000000;0.000000;0.000000;0.000000
0.000000;0.000000;0.000000;0.000000;0.000000;0.000000;0.000000;0.000000
0.000000;0.000000;0.000000;0.000000;0.000000;0.000000;0.000000;0.000000
0.000000;0.000000;0.000000;0.000000;0.000000;0.000000;0.000000;0.000000
0.000000;0.000000;0.000000;0.000000;0.000000;0.000000;0.000000;0.000000
0.000000;0.000000;0.000000;0.000000;0.000000;0.000000;0.000000;0.000000
0.000000;0.000000;0.000000;0.000000;0.000000;0.000000;0.000000;0.000000
0.000000;0.000000;0.000000;0.000000;0.000000;0.000000;0.000000;0.000000
0.000000;0.000000;0.000000;0.000000;0.000000;0.000000;0.000000;0.000000
0.000000;0.000000;0.000000;0.000000;0.000000;0.000000;0.000000;0.000000
0.000000;0.000000;0.000000;0.000000;0.000000;0.000000;0.000000;0.000000
0.000000;0.000000;0.000000;0.000000;0.000000;0.000000;0.000000;0.000000
0.000000;0.000000;0.000000;0.000000;0.000000;0.000000;0.000000;0.000000
0.000000;0.000000;0.000000;0.000000;0.000000;0.000000;0.000000;0.000000
0.000000;0.000000;0.000000;0.000000;0.000000;0.000000;0.000000;0.000000
0.000000;0.000000;0.000000;0.000000;0.000000;0.000000;0.000000;0.000000
0.000000;0.000000;0.000000;0.000000;0.000000;0.000000;0.000000;0.000000
0.000000;0.000000;0.000000;0.000000;0.000000;0.000000;0.000000;0.000000
0.000000;0.000000;0.000000;0.000000;0.000000;0.000000;0.000000;0.000000
0.000000;0.000000;0.000000;0.000000;0.000000;0.000000;0.000000;0.000000
0.000000;0.000000;0.000000;0.000000;0.000000;0.000000;0.000000;0.000000
0.000000;0.000000;0.000000;0.000000;0.000000;0.000000;0.000000;0.000000
0.000000;0.000000;0.000000;0.000000;0.000000;0.000000;0.000000;0.000000
0.000000;0.000000;0.000000;0.000000;0.000000;0.000000;0.000000;0.000000
0.000000;0.000000;0.000000;0.000000;0.000000;0.000000;0.000000;0.000000
0.000000;0.000000;0.000000;0.000000;0.000000;0.000000;0.000000;0.000000
0.000000;0.000000;0.000000;0.000000;0.000000;0.000000;0.000000;0.000000
0.000000;0.000000;0.000000;0.000000;0.000000;0.000000;0.000000;0.000000
0.000000;0.000000;0.000000;0.000000;0.000000;0.000000;0.000000;0.000000
0.000000;0.000000;0.000000;0.000000;0.000000;0.000000;0.000000;0.000000
0.000000;0.000000;0.000000;0.000000;0.000000;0.000000;0.000000;0.000000
0.000000;0.000000;0.000000;0.000000;0.000000;0.000000;0.000000;0.000000
0.000000;0.000000;0.000000;0.000000;0.000000;0.000000;0.000000;0.000000
0.000000;0.000000;0.000000;0.000000;0.000000;0.000000;0.000000;0.000000
0.000000;0.000000;0.000000;0.000000;0.000000;0.000000;0.000000;0.000000
0.000000;0.000000;0.000000;0.000000;0.000000;0.000000;0.000000;0.000000
0.000000;0.000000;0.000000;0.000000;0.000000;0.000000;0.000000;0.000000
0.000000;0.000000;0.000000;0.000000;0.000000;0.000000;0.000000;0.000000
0.000000;0.000000;0.000000;0.000000;0.000000;0.000000;0.000000;0.000000
0.000000;0.000000;0.000000;0.000000;0.000000;0.000000;0.000000;0.000000
0.000000;0.000000;0.000000;0.000000;0.000000;0.000000;0.000000;0.000000
0.000000;0.000000;0.000000;0.000000;0.000000;0.000000;0.000000;0.000000
0.000000;0.000000;0.000000;0.000000;0.000000;0.000000;0.000000;0.000000
0.000000;0.000000;0.000000;0.000000;0.000000;0.000000;0.000000;0.000000
0.000000;0.000000;0.000000;0.000000;0.000000;0.000000;0.000000;0.000000
0.000000;0.000000;0.000000;0.000000;0.000000;0.000000;0.000000;0.000000
0.000000;0.000000;0.000000;0.000000;0.000000;0.000000;0.000000;0.000000
0.000000;0.000000;0.000000;0.000000;0.000000;0.000000;0.000000;0.000000
0.000000;0.000000;0.000000;0.000000;0.000000;0.000000;0.000000;0.000000
0.000000;0.000000;0.000000;0.000000;0.000000;0.000000;0.000000;0.000000
0.000000;0.000000;0.000000;0.000000;0.000000;0.000000;0.000000;0.000000
0.000000;0.000000;0.000000;0.000000;0.000000;0.000000;0.000000;0.000000
0.000000;0.000000;0.000000;0.000000;0.000000;0.000000;0.000000;0.000000
0.000000;0.000000;0.000000;0.000000;0.000000;0.000000;0.000000;0.000000
0.000000;0.000000;0.000000;0.000000;0.000000;0.000000;0.000000;0.000000
0.000000;0.000000;0.000000;0.000000;0.000000;0.000000;0.000000;0.000000
0.000000;0.000000;0.000000;0.000000;0.000000;0.000000;0.000000;0.000000
0.000000;0.000000;0.000000;0.000000;0.000000;0.000000;0.000000;0.000000
0.000000;0.000000;0.000000;0.000000;0.000000;0.000000;0.000000;0.000000
0.000000;0.000000;0.000000;0.000000;0.000000;0.000000;0.000000;0.000000
0.000000;0.000000;0.000000;0.000000;0.000000;0.000000;0.000000;0.000000
0.000000;0.000000;0.000000;0.000000;0.000000;0.000000;0.000000;0.000000
0.000000;0.000000;0.000000;0.000000;0.000000;0.000000;0.000000;0.000000
0.000000;0.000000;0.000000;0.000000;0.000000;0.000000;0.000000;0.000000
0.000000;0.000000;0.000000;0.000000;0.000000;0.000000;0.000000;0.000000
0.000000;0.000000;0.000000;0.000000;0.000000;0.000000;0.000000;0.000000
0.000000;0.000000;0.000000;0.000000;0.000000;0.000000;0.000000;0.000000
0.000000;0.000000;0.000000;0.000000;0.000000;0.000000;0.000000;0.000000
0.000000;0.000000;0.000000;0.000000;0.000000;0.000000;0.000000;0.000000
0.000000;0.000000;0.000000;0.000000;0.000000;0.000000;0.000000;0.000000
0.000000;0.000000;0.000000;0.000000;0.000000;0.000000;0.000000;0.000000
0.000000;0.000000;0.000000;0.000000;0.000000;0.000000;0.000000;0.000000
0.000000;0.000000;0.000000;0.000000;0.000000;0.000000;0.000000;0.000000
0.000000;0.000000;0.000000;0.000000;0.000000;0.000000;0.000000;0.000000
0.000000;0.000000;0.000000;0.000000;0.000000;0.000000;0.000000;0.000000
0.000000;0.000000;0.000000;0.000000;0.000000;0.000000;0.000000;0.000000
0.000000;0.000000;0.000000;0.000000;0.000000;0.000000;0.000000;0.000000
0.000000;0.000000;0.000000;0.000000;0.000000;0.000000;0.000000;0.000000
0.000000;0.000000;0.000000;0.000000;0.000000;0.000000;0.000000;0.000000
0.000000;0.000000;0.000000;0.000000;0.000000;0.000000;0.000000;0.000000
0.000000;0.000000;0.000000;0.000000;0.000000;0.000000;0.000000;0.000000
0.000000;0.000000;0.000000;0.000000;0.000000;0.000000;0.000000;0.000000
0.000000;0.000000;0.000000;0.000000;0.000000;0.000000;0.000000;0.000000
0.000000;0.000000;0.000000;0.000000;0.000000;0.000000;0.000000;0.000000
0.000000;0.000000;0.000000;0.000000;0.000000;0.000000;0.000000;0.000000
0.000000;0.000000;0.000000;0.000000;0.000000;0.000000;0.000000;0.000000
0.000000;0.000000;0.000000;0.000000;0.000000;0.000000;0.000000;0.000000
0.000000;0.000000;0.000000;0.000000;0.000000;0.000000;0.000000;0.000000
0.000000;0.000000;0.000000;0.000000;0.000000;0.000000;0.000000;0.000000
0.000000;0.000000;0.000000;0.000000;0.000000;0.000000;0.000000;0.000000
0.000000;0.000000;0.000000;0.000000;0.000000;0.000000;0.000000;0.000000
0.000000;0.000000;0.000000;0.000000;0.000000;0.000000;0.000000;0.000000
0.000000;0.000000;0.000000;0.000000;0.000000;0.000000;0.000000;0.000000
0.000000;0.000000;0.000000;0.000000;0.000000;0.000000;0.000000;0.000000
0.000000;0.000000;0.000000;0.000000;0.000000;0.000000;0.000000;0.000000
0.000000;0.000000;0.000000;0.000000;0.000000;0.000000;0.000000;0.000000
0.000000;0.000000;0.000000;0.000000;0.000000;0.000000;0.000000;0.000000
0.000000;0.000000;0.000000;0.000000;0.000000;0.000000;0.000000;0.000000
0.000000;0.000000;0.000000;0.000000;0.000000;0.000000;0.000000;0.000000
0.000000;0.000000;0.000000;0.000000;0.000000;0.000000;0.000000;0.000000
0.000000;0.000000;0.000000;0.000000;0.000000;0.000000;0.000000;0.000000
0.000000;0.000000;0.000000;0.000000;0.000000;0.000000;0.000000;0.000000
0.000000;0.000000;0.000000;0.000000;0.000000;0.000000;0.000000;0.000000
0.000000;0.000000;0.000000;0.000000;0.000000;0.000000;0.000000;0.000000
0.000000;0.000000;0.000000;0.000000;0.000000;0.000000;0.000000;0.000000
0.000000;0.000000;0.000000;0.000000;0.000000;0.000000;0.000000;0.000000
0.000000;0.000000;0.000000;0.000000;0.000000;0.000000;0.000000;0.000000
0.000000;0.000000;0.000000;0.000000;0.000000;0.000000;0.000000;0.000000
0.000000;0.000000;0.000000;0.000000;0.000000;0.000000;0.000000;0.000000
0.000000;0.000000;0.000000;0.000000;0.000000;0.000000;0.000000;0.000000
0.000000;0.000000;0.000000;0.000000;0.000000;0.000000;0.000000;0.000000
0.000000;0.000000;0.000000;0.000000;0.000000;0.000000;0.000000;0.000000
0.000000;0.000000;0.000000;0.000000;0.000000;0.000000;0.000000;0.000000
0.000000;0.000000;0.000000;0.000000;0.000000;0.000000;0.000000;0.000000
0.000000;0.000000;0.000000;0.000000;0.000000;0.000000;0.000000;0.000000
0.000000;0.000000;0.000000;0.000000;0.000000;0.000000;0.000000;0.000000
0.000000;0.000000;0.000000;0.000000;0.000000;0.000000;0.000000;0.000000
0.000000;0.000000;0.000000;0.000000;0.000000;0.000000;0.000000;0.000000
0.000000;0.000000;0.000000;0.000000;0.000000;0.000000;0.000000;0.000000
0.000000;0.000000;0.000000;0.000000;0.000000;0.000000;0.000000;0.000000
0.000000;0.000000;0.000000;0.000000;0.000000;0.000000;0.000000;0.000000
0.000000;0.000000;0.000000;0.000000;0.000000;0.000000;0.000000;0.000000
0.000000;0.000000;0.000000;0.000000;0.000000;0.000000;0.000000;0.000000
0.000000;0.000000;0.000000;0.000000;0.000000;0.000000;0.000000;0.000000
0.000000;0.000000;0.000000;0.000000;0.000000;0.000000;0.000000;0.000000
0.000000;0.000000;0.000000;0.000000;0.000000;0.000000;0.000000;0.000000
0.000000;0.000000;0.000000;0.000000;0.000000;0.000000;0.000000;0.000000
0.000000;0.000000;0.000000;0.000000;0.000000;0.000000;0.000000;0.000000
0.000000;0.000000;0.000000;0.000000;0.000000;0.000000;0.000000;0.000000
0.000000;0.000000;0.000000;0.000000;0.000000;0.000000;0.000000;0.000000
0.000000;0.000000;0.000000;0.000000;0.000000;0.000000;0.000000;0.000000
0.000000;0.000000;0.000000;0.000000;0.000000;0.000000;0.000000;0.000000
0.000000;0.000000;0.000000;0.000000;0.000000;0.000000;0.000000;0.000000
0.000000;0.000000;0.000000;0.000000;0.000000;0.000000;0.000000;0.000000
0.000000;0.000000;0.000000;0.000000;0.000000;0.000000;0.000000;0.000000
0.000000;0.000000;0.000000;0.000000;0.000000;0.000000;0.000000;0.000000
0.000000;0.000000;0.000000;0.000000;0.000000;0.000000;0.000000;0.000000
0.000000;0.000000;0.000000;0.000000;0.000000;0.000000;0.000000;0.000000
0.000000;0.000000;0.000000;0.000000;0.000000;0.000000;0.000000;0.000000
0.000000;0.000000;0.000000;0.000000;0.000000;0.000000;0.000000;0.000000
0.000000;0.000000;0.000000;0.000000;0.000000;0.000000;0.000000;0.000000
0.000000;0.000000;0.000000;0.000000;0.000000;0.000000;0.000000;0.000000
0.000000;0.000000;0.000000;0.000000;0.000000;0.000000;0.000000;0.000000
0.000000;0.000000;0.000000;0.000000;0.000000;0.000000;0.000000;0.000000
0.000000;0.000000;0.000000;0.000000;0.000000;0.000000;0.000000;0.000000
0.000000;0.000000;0.000000;0.000000;0.000000;0.000000;0.000000;0.000000
0.000000;0.000000;0.000000;0.000000;0.000000;0.000000;0.000000;0.000000
0.000000;0.000000;0.000000;0.000000;0.000000;0.000000;0.000000;0.000000
0.000000;0.000000;0.000000;0.000000;0.000000;0.000000;0.000000;0.000000
0.000000;0.000000;0.000000;0.000000;0.000000;0.000000;0.000000;0.000000
0.000000;0.000000;0.000000;0.000000;0.000000;0.000000;0.000000;0.000000
0.000000;0.000000;0.000000;0.000000;0.000000;0.000000;0.000000;0.000000
0.000000;0.000000;0.000000;0.000000;0.000000;0.000000;0.000000;0.000000
0.000000;0.000000;0.000000;0.000000;0.000000;0.000000;0.000000;0.000000
0.000000;0.000000;0.000000;0.000000;0.000000;0.000000;0.000000;0.000000
0.000000;0.000000;0.000000;0.000000;0.000000;0.000000;0.000000;0.000000
0.000000;0.000000;0.000000;0.000000;0.000000;0.000000;0.000000;0.000000
0.000000;0.000000;0.000000;0.000000;0.000000;0.000000;0.000000;0.000000
0.000000;0.000000;0.000000;0.000000;0.000000;0.000000;0.000000;0.000000
0.000000;0.000000;0.000000;0.000000;0.000000;0.000000;0.000000;0.000000
0.000000;0.000000;0.000000;0.000000;0.000000;0.000000;0.000000;0.000000
0.000000;0.000000;0.000000;0.000000;0.000000;0.000000;0.000000;0.000000
0.000000;0.000000;0.000000;0.000000;0.000000;0.000000;0.000000;0.000000
0.000000;0.000000;0.000000;0.000000;0.000000;0.000000;0.000000;0.000000
0.000000;0.000000;0.000000;0.000000;0.000000;0.000000;0.000000;0.000000
0.000000;0.000000;0.000000;0.000000;0.000000;0.000000;0.000000;0.000000
0.000000;0.000000;0.000000;0.000000;0.000000;0.000000;0.000000;0.000000
0.000000;0.000000;0.000000;0.000000;0.000000;0.000000;0.000000;0.000000
0.000000;0.000000;0.000000;0.000000;0.000000;0.000000;0.000000;0.000000
0.000000;0.000000;0.000000;0.000000;0.000000;0.000000;0.000000;0.000000
0.000000;0.000000;0.000000;0.000000;0.000000;0.000000;0.000000;0.000000
0.000000;0.000000;0.000000;0.000000;0.000000;0.000000;0.000000;0.000000
0.000000;0.000000;0.000000;0.000000;0.000000;0.000000;0.000000;0.000000
0.000000;0.000000;0.000000;0.000000;0.000000;0.000000;0.000000;0.000000
0.000000;0.000000;0.000000;0.000000;0.000000;0.000000;0.000000;0.000000
0.000000;0.000000;0.000000;0.000000;0.000000;0.000000;0.000000;0.000000
0.000000;0.000000;0.000000;0.000000;0.000000;0.000000;0.000000;0.000000
0.000000;0.000000;0.000000;0.000000;0.000000;0.000000;0.000000;0.000000
0.000000;0.000000;0.000000;0.000000;0.000000;0.000000;0.000000;0.000000
0.000000;0.000000;0.000000;0.000000;0.000000;0.000000;0.000000;0.000000
0.000000;0.000000;0.000000;0.000000;0.000000;0.000000;0.000000;0.000000
0.000000;0.000000;0.000000;0.000000;0.000000;0.000000;0.000000;0.000000
0.000000;0.000000;0.000000;0.000000;0.000000;0.000000;0.000000;0.000000
0.000000;0.000000;0.000000;0.000000;0.000000;0.000000;0.000000;0.000000
0.000000;0.000000;0.000000;0.000000;0.000000;0.000000;0.000000;0.000000
0.000000;0.000000;0.000000;0.000000;0.000000;0.000000;0.000000;0.000000
0.000000;0.000000;0.000000;0.000000;0.000000;0.000000;0.000000;0.000000
0.000000;0.000000;0.000000;0.000000;0.000000;0.000000;0.000000;0.000000
0.000000;0.000000;0.000000;0.000000;0.000000;0.000000;0.000000;0.000000
0.000000;0.000000;0.000000;0.000000;0.000000;0.000000;0.000000;0.000000
0.000000;0.000000;0.000000;0.000000;0.000000;0.000000;0.000000;0.000000
0.000000;0.000000;0.000000;0.000000;0.000000;0.000000;0.000000;0.000000
0.000000;0.000000;0.000000;0.000000;0.000000;0.000000;0.000000;0.000000
0.000000;0.000000;0.000000;0.000000;0.000000;0.000000;0.000000;0.000000
0.000000;0.000000;0.000000;0.000000;0.000000;0.000000;0.000000;0.000000
0.000000;0.000000;0.000000;0.000000;0.000000;0.000000;0.000000;0.000000
0.000000;0.000000;0.000000;0.000000;0.000000;0.000000;0.000000;0.000000
0.000000;0.000000;0.000000;0.000000;0.000000;0.000000;0.000000;0.000000
0.000000;0.000000;0.000000;0.000000;0.000000;0.000000;0.000000;0.000000
0.000000;0.000000;0.000000;0.000000;0.000000;0.000000;0.000000;0.000000
0.000000;0.000000;0.000000;0.000000;0.000000;0.000000;0.000000;0.000000
0.000000;0.000000;0.000000;0.000000;0.000000;0.000000;0.000000;0.000000
0.000000;0.000000;0.000000;0.000000;0.000000;0.000000;0.000000;0.000000
0.000000;0.000000;0.000000;0.000000;0.000000;0.000000;0.000000;0.000000
0.000000;0.000000;0.000000;0.000000;0.000000;0.000000;0.000000;0.000000
0.000000;0.000000;0.000000;0.000000;0.000000;0.000000;0.000000;0.000000
0.000000;0.000000;0.000000;0.000000;0.000000;0.000000;0.000000;0.000000
0.000000;0.000000;0.000000;0.000000;0.000000;0.000000;0.000000;0.000000
0.000000;0.000000;0.000000;0.000000;0.000000;0.000000;0.000000;0.000000
0.000000;0.000000;0.000000;0.000000;0.000000;0.000000;0.000000;0.000000
0.000000;0.000000;0.000000;0.000000;0.000000;0.000000;0.000000;0.000000
0.000000;0.000000;0.000000;0.000000;0.000000;0.000000;0.000000;0.000000
0.000000;0.000000;0.000000;0.000000;0.000000;0.000000;0.000000;0.000000
0.000000;0.000000;0.000000;0.000000;0.000000;0.000000;0.000000;0.000000
0.000000;0.000000;0.000000;0.000000;0.000000;0.000000;0.000000;0.000000
0.000000;0.000000;0.000000;0.000000;0.000000;0.000000;0.000000;0.000000
0.000000;0.000000;0.000000;0.000000;0.000000;0.000000;0.000000;0.000000
0.000000;0.000000;0.000000;0.000000;0.000000;0.000000;0.000000;0.000000
0.000000;0.000000;0.000000;0.000000;0.000000;0.000000;0.000000;0.000000
0.000000;0.000000;0.000000;0.000000;0.000000;0.000000;0.000000;0.000000
0.000000;0.000000;0.000000;0.000000;0.000000;0.000000;0.000000;0.000000
0.000000;0.000000;0.000000;0.000000;0.000000;0.000000;0.000000;0.000000
0.000000;0.000000;0.000000;0.000000;0.000000;0.000000;0.000000;0.000000
0.000000;0.000000;0.000000;0.000000;0.000000;0.000000;0.000000;0.000000
0.000000;0.000000;0.000000;0.000000;0.000000;0.000000;0.000000;0.000000
0.000000;0.000000;0.000000;0.000000;0.000000;0.000000;0.000000;0.000000
0.000000;0.000000;0.000000;0.000000;0.000000;0.000000;0.000000;0.000000
0.000000;0.000000;0.000000;0.000000;0.000000;0.000000;0.000000;0.000000
0.000000;0.000000;0.000000;0.000000;0.000000;0.000000;0.000000;0.000000
0.000000;0.000000;0.000000;0.000000;0.000000;0.000000;0.000000;0.000000
0.000000;0.000000;0.000000;0.000000;0.000000;0.000000;0.000000;0.000000
0.000000;0.000000;0.000000;0.000000;0.000000;0.000000;0.000000;0.000000
0.000000;0.000000;0.000000;0.000000;0.000000;0.000000;0.000000;0.000000
0.000000;0.000000;0.000000;0.000000;0.000000;0.000000;0.000000;0.000000
0.000000;0.000000;0.000000;0.000000;0.000000;0.000000;0.000000;0.000000
0.000000;0.000000;0.000000;0.000000;0.000000;0.000000;0.000000;0.000000
0.000000;0.000000;0.000000;0.000000;0.000000;0.000000;0.000000;0.000000
0.000000;0.000000;0.000000;0.000000;0.000000;0.000000;0.000000;0.000000
0.000000;0.000000;0.000000;0.000000;0.000000;0.000000;0.000000;0.000000
0.000000;0.000000;0.000000;0.000000;0.000000;0.000000;0.000000;0.000000
0.000000;0.000000;0.000000;0.000000;0.000000;0.000000;0.000000;0.000000
0.000000;0.000000;0.000000;0.000000;0.000000;0.000000;0.000000;0.000000
0.000000;0.000000;0.000000;0.000000;0.000000;0.000000;0.000000;0.000000
0.000000;0.000000;0.000000;0.000000;0.000000;0.000000;0.000000;0.000000
0.000000;0.000000;0.000000;0.000000;0.000000;0.000000;0.000000;0.000000
0.000000;0.000000;0.000000;0.000000;0.000000;0.000000;0.000000;0.000000
0.000000;0.000000;0.000000;0.000000;0.000000;0.000000;0.000000;0.000000
0.000000;0.000000;0.000000;0.000000;0.000000;0.000000;0.000000;0.000000
0.000000;0.000000;0.000000;0.000000;0.000000;0.000000;0.000000;0.000000
0.000000;0.000000;0.000000;0.000000;0.000000;0.000000;0.000000;0.000000
0.000000;0.000000;0.000000;0.000000;0.000000;0.000000;0.000000;0.000000
0.000000;0.000000;0.000000;0.000000;0.000000;0.000000;0.000000;0.000000
0.000000;0.000000;0.000000;0.000000;0.000000;0.000000;0.000000;0.000000
0.000000;0.000000;0.000000;0.000000;0.000000;0.000000;0.000000;0.000000
0.000000;0.000000;0.000000;0.000000;0.000000;0.000000;0.000000;0.000000
0.000000;0.000000;0.000000;0.000000;0.000000;0.000000;0.000000;0.000000
0.000000;0.000000;0.000000;0.000000;0.000000;0.000000;0.000000;0.000000
0.000000;0.000000;0.000000;0.000000;0.000000;0.000000;0.000000;0.000000
0.000000;0.000000;0.000000;0.000000;0.000000;0.000000;0.000000;0.000000
0.000000;0.000000;0.000000;0.000000;0.000000;0.000000;0.000000;0.000000
0.000000;0.000000;0.000000;0.000000;0.000000;0.000000;0.000000;0.000000
0.000000;0.000000;0.000000;0.000000;0.000000;0.000000;0.000000;0.000000
0.000000;0.000000;0.000000;0.000000;0.000000;0.000000;0.000000;0.000000
0.000000;0.000000;0.000000;0.000000;0.000000;0.000000;0.000000;0.000000
0.000000;0.000000;0.000000;0.000000;0.000000;0.000000;0.000000;0.000000
0.000000;0.000000;0.000000;0.000000;0.000000;0.000000;0.000000;0.000000
0.000000;0.000000;0.000000;0.000000;0.000000;0.000000;0.000000;0.000000
0.000000;0.000000;0.000000;0.000000;0.000000;0.000000;0.000000;0.000000
0.000000;0.000000;0.000000;0.000000;0.000000;0.000000;0.000000;0.000000
0.000000;0.000000;0.000000;0.000000;0.000000;0.000000;0.000000;0.000000
0.000000;0.000000;0.000000;0.000000;0.000000;0.000000;0.000000;0.000000
0.000000;0.000000;0.000000;0.000000;0.000000;0.000000;0.000000;0.000000
0.000000;0.000000;0.000000;0.000000;0.000000;0.000000;0.000000;0.000000
0.000000;0.000000;0.000000;0.000000;0.000000;0.000000;0.000000;0.000000
0.000000;0.000000;0.000000;0.000000;0.000000;0.000000;0.000000;0.000000
0.000000;0.000000;0.000000;0.000000;0.000000;0.000000;0.000000;0.000000
0.000000;0.000000;0.000000;0.000000;0.000000;0.000000;0.000000;0.000000
0.000000;0.000000;0.000000;0.000000;0.000000;0.000000;0.000000;0.000000
0.000000;0.000000;0.000000;0.000000;0.000000;0.000000;0.000000;0.000000
0.000000;0.000000;0.000000;0.000000;0.000000;0.000000;0.000000;0.000000
0.000000;0.000000;0.000000;0.000000;0.000000;0.000000;0.000000;0.000000
0.000000;0.000000;0.000000;0.000000;0.000000;0.000000;0.000000;0.000000
0.000000;0.000000;0.000000;0.000000;0.000000;0.000000;0.000000;0.000000
0.000000;0.000000;0.000000;0.000000;0.000000;0.000000;0.000000;0.000000
0.000000;0.000000;0.000000;0.000000;0.000000;0.000000;0.000000;0.000000
0.000000;0.000000;0.000000;0.000000;0.000000;0.000000;0.000000;0.000000
0.000000;0.000000;0.000000;0.000000;0.000000;0.000000;0.000000;0.000000
0.000000;0.000000;0.000000;0.000000;0.000000;0.000000;0.000000;0.000000
0.000000;0.000000;0.000000;0.000000;0.000000;0.000000;0.000000;0.000000
0.000000;0.000000;0.000000;0.000000;0.000000;0.000000;0.000000;0.000000
0.000000;0.000000;0.000000;0.000000;0.000000;0.000000;0.000000;0.000000
0.000000;0.000000;0.000000;0.000000;0.000000;0.000000;0.000000;0.000000
0.000000;0.000000;0.000000;0.000000;0.000000;0.000000;0.000000;0.000000
0.000000;0.000000;0.000000;0.000000;0.000000;0.000000;0.000000;0.000000
0.000000;0.000000;0.000000;0.000000;0.000000;0.000000;0.000000;0.000000
0.000000;0.000000;0.000000;0.000000;0.000000;0.000000;0.000000;0.000000
0.000000;0.000000;0.000000;0.000000;0.000000;0.000000;0.000000;0.000000
0.000000;0.000000;0.000000;0.000000;0.000000;0.000000;0.000000;0.000000
0.000000;0.000000;0.000000;0.000000;0.000000;0.000000;0.000000;0.000000
0.000000;0.000000;0.000000;0.000000;0.000000;0.000000;0.000000;0.000000
0.000000;0.000000;0.000000;0.000000;0.000000;0.000000;0.000000;0.000000
0.000000;0.000000;0.000000;0.000000;0.000000;0.000000;0.000000;0.000000
0.000000;0.000000;0.000000;0.000000;0.000000;0.000000;0.000000;0.000000
0.000000;0.000000;0.000000;0.000000;0.000000;0.000000;0.000000;0.000000
0.000000;0.000000;0.000000;0.000000;0.000000;0.000000;0.000000;0.000000
0.000000;0.000000;0.000000;0.000000;0.000000;0.000000;0.000000;0.000000
0.000000;0.000000;0.000000;0.000000;0.000000;0.000000;0.000000;0.000000
0.000000;0.000000;0.000000;0.000000;0.000000;0.000000;0.000000;0.000000
0.000000;0.000000;0.000000;0.000000;0.000000;0.000000;0.000000;0.000000
0.000000;0.000000;0.000000;0.000000;0.000000;0.000000;0.000000;0.000000
0.000000;0.000000;0.000000;0.000000;0.000000;0.000000;0.000000;0.000000
0.000000;0.000000;0.000000;0.000000;0.000000;0.000000;0.000000;0.000000
0.000000;0.000000;0.000000;0.000000;0.000000;0.000000;0.000000;0.000000
0.000000;0.000000;0.000000;0.000000;0.000000;0.000000;0.000000;0.000000
0.000000;0.000000;0.000000;0.000000;0.000000;0.000000;0.000000;0.000000
0.000000;0.000000;0.000000;0.000000;0.000000;0.000000;0.000000;0.000000
0.000000;0.000000;0.000000;0.000000;0.000000;0.000000;0.000000;0.000000
0.000000;0.000000;0.000000;0.000000;0.000000;0.000000;0.000000;0.000000
0.000000;0.000000;0.000000;0.000000;0.000000;0.000000;0.000000;0.000000
0.000000;0.000000;0.000000;0.000000;0.000000;0.000000;0.000000;0.000000
0.000000;0.000000;0.000000;0.000000;0.000000;0.000000;0.000000;0.000000
0.000000;0.000000;0.000000;0.000000;0.000000;0.000000;0.000000;0.000000
0.000000;0.000000;0.000000;0.000000;0.000000;0.000000;0.000000;0.000000
0.000000;0.000000;0.000000;0.000000;0.000000;0.000000;0.000000;0.000000
0.000000;0.000000;0.000000;0.000000;0.000000;0.000000;0.000000;0.000000
0.000000;0.000000;0.000000;0.000000;0.000000;0.000000;0.000000;0.000000
0.000000;0.000000;0.000000;0.000000;0.000000;0.000000;0.000000;0.000000
0.000000;0.000000;0.000000;0.000000;0.000000;0.000000;0.000000;0.000000
0.000000;0.000000;0.000000;0.000000;0.000000;0.000000;0.000000;0.000000
0.000000;0.000000;0.000000;0.000000;0.000000;0.000000;0.000000;0.000000
0.000000;0.000000;0.000000;0.000000;0.000000;0.000000;0.000000;0.000000
0.000000;0.000000;0.000000;0.000000;0.000000;0.000000;0.000000;0.000000
0.000000;0.000000;0.000000;0.000000;0.000000;0.000000;0.000000;0.000000
0.000000;0.000000;0.000000;0.000000;0.000000;0.000000;0.000000;0.000000
0.000000;0.000000;0.000000;0.000000;0.000000;0.000000;0.000000;0.000000
0.000000;0.000000;0.000000;0.000000;0.000000;0.000000;0.000000;0.000000
0.000000;0.000000;0.000000;0.000000;0.000000;0.000000;0.000000;0.000000
0.000000;0.000000;0.000000;0.000000;0.000000;0.000000;0.000000;0.000000
0.000000;0.000000;0.000000;0.000000;0.000000;0.000000;0.000000;0.000000
0.000000;0.000000;0.000000;0.000000;0.000000;0.000000;0.000000;0.000000
0.000000;0.000000;0.000000;0.000000;0.000000;0.000000;0.000000;0.000000
0.000000;0.000000;0.000000;0.000000;0.000000;0.000000;0.000000;0.000000
0.000000;0.000000;0.000000;0.000000;0.000000;0.000000;0.000000;0.000000
0.000000;0.000000;0.000000;0.000000;0.000000;0.000000;0.000000;0.000000
0.000000;0.000000;0.000000;0.000000;0.000000;0.000000;0.000000;0.000000
0.000000;0.000000;0.000000;0.000000;0.000000;0.000000;0.000000;0.000000
0.000000;0.000000;0.000000;0.000000;0.000000;0.000000;0.000000;0.000000
0.000000;0.000000;0.000000;0.000000;0.000000;0.000000;0.000000;0.000000
0.000000;0.000000;0.000000;0.000000;0.000000;0.000000;0.000000;0.000000
0.000000;0.000000;0.000000;0.000000;0.000000;0.000000;0.000000;0.000000
0.000000;0.000000;0.000000;0.000000;0.000000;0.000000;0.000000;0.000000
0.000000;0.000000;0.000000;0.000000;0.000000;0.000000;0.000000;0.000000
0.000000;0.000000;0.000000;0.000000;0.000000;0.000000;0.000000;0.000000
0.000000;0.000000;0.000000;0.000000;0.000000;0.000000;0.000000;0.000000
0.000000;0.000000;0.000000;0.000000;0.000000;0.000000;0.000000;0.000000
0.000000;0.000000;0.000000;0.000000;0.000000;0.000000;0.000000;0.000000
0.000000;0.000000;0.000000;0.000000;0.000000;0.000000;0.000000;0.000000
0.000000;0.000000;0.000000;0.000000;0.000000;0.000000;0.000000;0.000000
0.000000;0.000000;0.000000;0.000000;0.000000;0.000000;0.000000;0.000000
0.000000;0.000000;0.000000;0.000000;0.000000;0.000000;0.000000;0.000000
0.000000;0.000000;0.000000;0.000000;0.000000;0.000000;0.000000;0.000000
0.000000;0.000000;0.000000;0.000000;0.000000;0.000000;0.000000;0.000000
0.000000;0.000000;0.000000;0.000000;0.000000;0.000000;0.000000;0.000000
0.000000;0.000000;0.000000;0.000000;0.000000;0.000000;0.000000;0.000000
0.000000;0.000000;0.000000;0.000000;0.000000;0.000000;0.000000;0.000000
0.000000;0.000000;0.000000;0.000000;0.000000;0.000000;0.000000;0.000000
0.000000;0.000000;0.000000;0.000000;0.000000;0.000000;0.000000;0.000000
0.000000;0.000000;0.000000;0.000000;0.000000;0.000000;0.000000;0.000000
0.000000;0.000000;0.000000;0.000000;0.000000;0.000000;0.000000;0.000000
0.000000;0.000000;0.000000;0.000000;0.000000;0.000000;0.000000;0.000000
0.000000;0.000000;0.000000;0.000000;0.000000;0.000000;0.000000;0.000000
0.000000;0.000000;0.000000;0.000000;0.000000;0.000000;0.000000;0.000000
0.000000;0.000000;0.000000;0.000000;0.000000;0.000000;0.000000;0.000000
0.000000;0.000000;0.000000;0.000000;0.000000;0.000000;0.000000;0.000000
0.000000;0.000000;0.000000;0.000000;0.000000;0.000000;0.000000;0.000000
0.000000;0.000000;0.000000;0.000000;0.000000;0.000000;0.000000;0.000000
0.000000;0.000000;0.000000;0.000000;0.000000;0.000000;0.000000;0.000000
0.000000;0.000000;0.000000;0.000000;0.000000;0.000000;0.000000;0.000000
0.000000;0.000000;0.000000;0.000000;0.000000;0.000000;0.000000;0.000000
0.000000;0.000000;0.000000;0.000000;0.000000;0.000000;0.000000;0.000000
0.000000;0.000000;0.000000;0.000000;0.000000;0.000000;0.000000;0.000000
0.000000;0.000000;0.000000;0.000000;0.000000;0.000000;0.000000;0.000000
0.000000;0.000000;0.000000;0.000000;0.000000;0.000000;0.000000;0.000000
0.000000;0.000000;0.000000;0.000000;0.000000;0.000000;0.000000;0.000000
0.000000;0.000000;0.000000;0.000000;0.000000;0.000000;0.000000;0.000000
0.000000;0.000000;0.000000;0.000000;0.000000;0.000000;0.000000;0.000000
0.000000;0.000000;0.000000;0.000000;0.000000;0.000000;0.000000;0.000000
0.000000;0.000000;0.000000;0.000000;0.000000;0.000000;0.000000;0.000000
0.000000;0.000000;0.000000;0.000000;0.000000;0.000000;0.000000;0.000000
0.000000;0.000000;0.000000;0.000000;0.000000;0.000000;0.000000;0.000000
0.000000;0.000000;0.000000;0.000000;0.000000;0.000000;0.000000;0.000000
0.000000;0.000000;0.000000;0.000000;0.000000;0.000000;0.000000;0.000000
0.000000;0.000000;0.000000;0.000000;0.000000;0.000000;0.000000;0.000000
0.000000;0.000000;0.000000;0.000000;0.000000;0.000000;0.000000;0.000000
0.000000;0.000000;0.000000;0.000000;0.000000;0.000000;0.000000;0.000000
0.000000;0.000000;0.000000;0.000000;0.000000;0.000000;0.000000;0.000000
0.000000;0.000000;0.000000;0.000000;0.000000;0.000000;0.000000;0.000000
0.000000;0.000000;0.000000;0.000000;0.000000;0.000000;0.000000;0.000000
0.000000;0.000000;0.000000;0.000000;0.000000;0.000000;0.000000;0.000000
0.000000;0.000000;0.000000;0.000000;0.000000;0.000000;0.000000;0.000000
0.000000;0.000000;0.000000;0.000000;0.000000;0.000000;0.000000;0.000000
0.000000;0.000000;0.000000;0.000000;0.000000;0.000000;0.000000;0.000000
0.000000;0.000000;0.000000;0.000000;0.000000;0.000000;0.000000;0.000000
0.000000;0.000000;0.000000;0.000000;0.000000;0.000000;0.000000;0.000000
0.000000;0.000000;0.000000;0.000000;0.000000;0.000000;0.000000;0.000000
0.000000;0.000000;0.000000;0.000000;0.000000;0.000000;0.000000;0.000000
0.000000;0.000000;0.000000;0.000000;0.000000;0.000000;0.000000;0.000000
0.000000;0.000000;0.000000;0.000000;0.000000;0.000000;0.000000;0.000000
0.000000;0.000000;0.000000;0.000000;0.000000;0.000000;0.000000;0.000000
0.000000;0.000000;0.000000;0.000000;0.000000;0.000000;0.000000;0.000000
0.000000;0.000000;0.000000;0.000000;0.000000;0.000000;0.000000;0.000000
0.000000;0.000000;0.000000;0.000000;0.000000;0.000000;0.000000;0.000000
0.000000;0.000000;0.000000;0.000000;0.000000;0.000000;0.000000;0.000000
0.000000;0.000000;0.000000;0.000000;0.000000;0.000000;0.000000;0.000000
0.000000;0.000000;0.000000;0.000000;0.000000;0.000000;0.000000;0.000000
0.000000;0.000000;0.000000;0.000000;0.000000;0.000000;0.000000;0.000000
0.000000;0.000000;0.000000;0.000000;0.000000;0.000000;0.000000;0.000000
0.000000;0.000000;0.000000;0.000000;0.000000;0.000000;0.000000;0.000000
0.000000;0.000000;0.000000;0.000000;0.000000;0.000000;0.000000;0.000000
0.000000;0.000000;0.000000;0.000000;0.000000;0.000000;0.000000;0.000000
0.000000;0.000000;0.000000;0.000000;0.000000;0.000000;0.000000;0.000000
0.000000;0.000000;0.000000;0.000000;0.000000;0.000000;0.000000;0.000000
0.000000;0.000000;0.000000;0.000000;0.000000;0.000000;0.000000;0.000000
0.000000;0.000000;0.000000;0.000000;0.000000;0.000000;0.000000;0.000000
0.000000;0.000000;0.000000;0.000000;0.000000;0.000000;0.000000;0.000000
0.000000;0.000000;0.000000;0.000000;0.000000;0.000000;0.000000;0.000000
0.000000;0.000000;0.000000;0.000000;0.000000;0.000000;0.000000;0.000000
0.000000;0.000000;0.000000;0.000000;0.000000;0.000000;0.000000;0.000000
0.000000;0.000000;0.000000;0.000000;0.000000;0.000000;0.000000;0.000000
0.000000;0.000000;0.000000;0.000000;0.000000;0.000000;0.000000;0.000000
0.000000;0.000000;0.000000;0.000000;0.000000;0.000000;0.000000;0.000000
0.000000;0.000000;0.000000;0.000000;0.000000;0.000000;0.000000;0.000000
0.000000;0.000000;0.000000;0.000000;0.000000;0.000000;0.000000;0.000000
0.000000;0.000000;0.000000;0.000000;0.000000;0.000000;0.000000;0.000000
0.000000;0.000000;0.000000;0.000000;0.000000;0.000000;0.000000;0.000000
0.000000;0.000000;0.000000;0.000000;0.000000;0.000000;0.000000;0.000000
0.000000;0.000000;0.000000;0.000000;0.000000;0.000000;0.000000;0.000000
0.000000;0.000000;0.000000;0.000000;0.000000;0.000000;0.000000;0.000000
0.000000;0.000000;0.000000;0.000000;0.000000;0.000000;0.000000;0.000000
0.000000;0.000000;0.000000;0.000000;0.000000;0.000000;0.000000;0.000000
0.000000;0.000000;0.000000;0.000000;0.000000;0.000000;0.000000;0.000000
0.000000;0.000000;0.000000;0.000000;0.000000;0.000000;0.000000;0.000000
0.000000;0.000000;0.000000;0.000000;0.000000;0.000000;0.000000;0.000000
0.000000;0.000000;0.000000;0.000000;0.000000;0.000000;0.000000;0.000000
0.000000;0.000000;0.000000;0.000000;0.000000;0.000000;0.000000;0.000000
0.000000;0.000000;0.000000;0.000000;0.000000;0.000000;0.000000;0.000000
0.000000;0.000000;0.000000;0.000000;0.000000;0.000000;0.000000;0.000000
0.000000;0.000000;0.000000;0.000000;0.000000;0.000000;0.000000;0.000000
0.000000;0.000000;0.000000;0.000000;0.000000;0.000000;0.000000;0.000000
0.000000;0.000000;0.000000;0.000000;0.000000;0.000000;0.000000;0.000000
0.000000;0.000000;0.000000;0.000000;0.000000;0.000000;0.000000;0.000000
0.000000;0.000000;0.000000;0.000000;0.000000;0.000000;0.000000;0.000000
0.000000;0.000000;0.000000;0.000000;0.000000;0.000000;0.000000;0.000000
0.000000;0.000000;0.000000;0.000000;0.000000;0.000000;0.000000;0.000000
0.000000;0.000000;0.000000;0.000000;0.000000;0.000000;0.000000;0.000000
0.000000;0.000000;0.000000;0.000000;0.000000;0.000000;0.000000;0.000000
0.000000;0.000000;0.000000;0.000000;0.000000;0.000000;0.000000;0.000000
0.000000;0.000000;0.000000;0.000000;0.000000;0.000000;0.000000;0.000000
0.000000;0.000000;0.000000;0.000000;0.000000;0.000000;0.000000;0.000000
0.000000;0.000000;0.000000;0.000000;0.000000;0.000000;0.000000;0.000000
0.000000;0.000000;0.000000;0.000000;0.000000;0.000000;0.000000;0.000000
0.000000;0.000000;0.000000;0.000000;0.000000;0.000000;0.000000;0.000000
0.000000;0.000000;0.000000;0.000000;0.000000;0.000000;0.000000;0.000000
0.000000;0.000000;0.000000;0.000000;0.000000;0.000000;0.000000;0.000000
0.000000;0.000000;0.000000;0.000000;0.000000;0.000000;0.000000;0.000000
0.000000;0.000000;0.000000;0.000000;0.000000;0.000000;0.000000;0.000000
0.000000;0.000000;0.000000;0.000000;0.000000;0.000000;0.000000;0.000000
0.000000;0.000000;0.000000;0.000000;0.000000;0.000000;0.000000;0.000000
0.000000;0.000000;0.000000;0.000000;0.000000;0.000000;0.000000;0.000000
0.000000;0.000000;0.000000;0.000000;0.000000;0.000000;0.000000;0.000000
0.000000;0.000000;0.000000;0.000000;0.000000;0.000000;0.000000;0.000000
0.000000;0.000000;0.000000;0.000000;0.000000;0.000000;0.000000;0.000000
0.000000;0.000000;0.000000;0.000000;0.000000;0.000000;0.000000;0.000000
0.000000;0.000000;0.000000;0.000000;0.000000;0.000000;0.000000;0.000000
0.000000;0.000000;0.000000;0.000000;0.000000;0.000000;0.000000;0.000000
0.000000;0.000000;0.000000;0.000000;0.000000;0.000000;0.000000;0.000000
0.000000;0.000000;0.000000;0.000000;0.000000;0.000000;0.000000;0.000000
0.000000;0.000000;0.000000;0.000000;0.000000;0.000000;0.000000;0.000000
0.000000;0.000000;0.000000;0.000000;0.000000;0.000000;0.000000;0.000000
0.000000;0.000000;0.000000;0.000000;0.000000;0.000000;0.000000;0.000000
0.000000;0.000000;0.000000;0.000000;0.000000;0.000000;0.000000;0.000000
0.000000;0.000000;0.000000;0.000000;0.000000;0.000000;0.000000;0.000000
0.000000;0.000000;0.000000;0.000000;0.000000;0.000000;0.000000;0.000000
0.000000;0.000000;0.000000;0.000000;0.000000;0.000000;0.000000;0.000000
0.000000;0.000000;0.000000;0.000000;0.000000;0.000000;0.000000;0.000000
0.000000;0.000000;0.000000;0.000000;0.000000;0.000000;0.000000;0.000000
0.000000;0.000000;0.000000;0.000000;0.000000;0.000000;0.000000;0.000000
0.000000;0.000000;0.000000;0.000000;0.000000;0.000000;0.000000;0.000000
0.000000;0.000000;0.000000;0.000000;0.000000;0.000000;0.000000;0.000000
0.000000;0.000000;0.000000;0.000000;0.000000;0.000000;0.000000;0.000000
0.000000;0.000000;0.000000;0.000000;0.000000;0.000000;0.000000;0.000000
0.000000;0.000000;0.000000;0.000000;0.000000;0.000000;0.000000;0.000000
0.000000;0.000000;0.000000;0.000000;0.000000;0.000000;0.000000;0.000000
0.000000;0.000000;0.000000;0.000000;0.000000;0.000000;0.000000;0.000000
0.000000;0.000000;0.000000;0.000000;0.000000;0.000000;0.000000;0.000000
0.000000;0.000000;0.000000;0.000000;0.000000;0.000000;0.000000;0.000000
0.000000;0.000000;0.000000;0.000000;0.000000;0.000000;0.000000;0.000000
0.000000;0.000000;0.000000;0.000000;0.000000;0.000000;0.000000;0.000000
0.000000;0.000000;0.000000;0.000000;0.000000;0.000000;0.000000;0.000000
0.000000;0.000000;0.000000;0.000000;0.000000;0.000000;0.000000;0.000000
0.000000;0.000000;0.000000;0.000000;0.000000;0.000000;0.000000;0.000000
0.000000;0.000000;0.000000;0.000000;0.000000;0.000000;0.000000;0.000000
0.000000;0.000000;0.000000;0.000000;0.000000;0.000000;0.000000;0.000000
0.000000;0.000000;0.000000;0.000000;0.000000;0.000000;0.000000;0.000000
0.000000;0.000000;0.000000;0.000000;0.000000;0.000000;0.000000;0.000000
0.000000;0.000000;0.000000;0.000000;0.000000;0.000000;0.000000;0.000000
0.000000;0.000000;0.000000;0.000000;0.000000;0.000000;0.000000;0.000000
0.000000;0.000000;0.000000;0.000000;0.000000;0.000000;0.000000;0.000000
0.000000;0.000000;0.000000;0.000000;0.000000;0.000000;0.000000;0.000000
0.000000;0.000000;0.000000;0.000000;0.000000;0.000000;0.000000;0.000000
0.000000;0.000000;0.000000;0.000000;0.000000;0.000000;0.000000;0.000000
0.000000;0.000000;0.000000;0.000000;0.000000;0.000000;0.000000;0.000000
0.000000;0.000000;0.000000;0.000000;0.000000;0.000000;0.000000;0.000000
0.000000;0.000000;0.000000;0.000000;0.000000;0.000000;0.000000;0.000000
0.000000;0.000000;0.000000;0.000000;0.000000;0.000000;0.000000;0.000000
0.000000;0.000000;0.000000;0.000000;0.000000;0.000000;0.000000;0.000000
0.000000;0.000000;0.000000;0.000000;0.000000;0.000000;0.000000;0.000000
0.000000;0.000000;0.000000;0.000000;0.000000;0.000000;0.000000;0.000000
0.000000;0.000000;0.000000;0.000000;0.000000;0.000000;0.000000;0.000000
0.000000;0.000000;0.000000;0.000000;0.000000;0.000000;0.000000;0.000000
0.000000;0.000000;0.000000;0.000000;0.000000;0.000000;0.000000;0.000000
0.000000;0.000000;0.000000;0.000000;0.000000;0.000000;0.000000;0.000000
0.000000;0.000000;0.000000;0.000000;0.000000;0.000000;0.000000;0.000000
0.000000;0.000000;0.000000;0.000000;0.000000;0.000000;0.000000;0.000000
0.000000;0.000000;0.000000;0.000000;0.000000;0.000000;0.000000;0.000000
0.000000;0.000000;0.000000;0.000000;0.000000;0.000000;0.000000;0.000000
0.000000;0.000000;0.000000;0.000000;0.000000;0.000000;0.000000;0.000000
0.000000;0.000000;0.000000;0.000000;0.000000;0.000000;0.000000;0.000000
0.000000;0.000000;0.000000;0.000000;0.000000;0.000000;0.000000;0.000000
0.000000;0.000000;0.000000;0.000000;0.000000;0.000000;0.000000;0.000000
0.000000;0.000000;0.000000;0.000000;0.000000;0.000000;0.000000;0.000000
0.000000;0.000000;0.000000;0.000000;0.000000;0.000000;0.000000;0.000000
0.000000;0.000000;0.000000;0.000000;0.000000;0.000000;0.000000;0.000000
0.000000;0.000000;0.000000;0.000000;0.000000;0.000000;0.000000;0.000000
0.000000;0.000000;0.000000;0.000000;0.000000;0.000000;0.000000;0.000000
0.000000;0.000000;0.000000;0.000000;0.000000;0.000000;0.000000;0.000000
0.000000;0.000000;0.000000;0.000000;0.000000;0.000000;0.000000;0.000000
0.000000;0.000000;0.000000;0.000000;0.000000;0.000000;0.000000;0.000000
0.000000;0.000000;0.000000;0.000000;0.000000;0.000000;0.000000;0.000000
0.000000;0.000000;0.000000;0.000000;0.000000;0.000000;0.000000;0.000000
