0.000000;-1.000000;7947.000000;0.000000;611988.000000;0.000000;0.000000;0.499532
1.000000;-1.000000;9549.000000;0.000000;429523.000000;6451.000000;0.000000;1.153853
2.000000;-1.000000;9416.000000;0.000000;497817.000000;0.000000;0.000000;1.873053
3.000000;-1.000000;9138.000000;0.000000;381390.000000;8433.000000;0.000000;2.476574
4.000000;-1.000000;9204.000000;0.000000;405130.000000;0.000000;0.000000;3.149989
5.000000;-1.000000;9679.000000;0.000000;458024.000000;0.000000;0.000000;3.818217
6.000000;-1.000000;10072.000000;0.000000;315731.000000;0.000000;0.000000;4.441866
7.000000;-1.000000;9193.000000;0.000000;461553.000000;0.000000;0.000000;5.034177
8.000000;-1.000000;9219.000000;0.000000;302487.000000;0.000000;0.000000;5.647491
9.000000;-1.000000;11178.000000;0.000000;265389.000000;8589.000000;0.000000;6.236142
10.000000;-1.000000;9354.000000;0.000000;475632.000000;0.000000;0.000000;6.825852
11.000000;-1.000000;10301.000000;0.000000;459162.000000;7881.000000;0.000000;7.417667
12.000000;-1.000000;11277.000000;0.000000;361022.000000;0.000000;0.000000;8.007861
13.000000;-1.000000;11030.000000;0.000000;475024.000000;7449.000000;0.000000;8.597657
14.000000;7094.000000;9774.000000;0.000000;530983.000000;7094.000000;1.000000;9.189873
15.000000;7934.000000;7453.000000;0.000000;344487.000000;7934.000000;1.000000;9.776550
16.000000;7934.000000;8820.000000;0.000000;392068.000000;0.000000;0.000000;10.363111
17.000000;7934.000000;7732.000000;0.000000;366171.000000;9236.000000;0.000000;10.978839
18.000000;7934.000000;6905.000000;0.000000;379687.000000;9435.000000;0.000000;11.564887
19.000000;7934.000000;5710.000000;0.000000;557419.000000;9435.000000;0.000000;12.147421
20.000000;7934.000000;7638.000000;0.000000;484786.000000;9435.000000;0.000000;12.769890
21.000000;7934.000000;6366.000000;0.000000;441772.000000;9435.000000;0.000000;13.484922
22.000000;7934.000000;7224.000000;0.000000;511016.000000;9435.000000;0.000000;14.129218
23.000000;7934.000000;7118.000000;0.000000;410755.000000;9435.000000;0.000000;14.772806
24.000000;7934.000000;7229.000000;0.000000;497957.000000;9435.000000;0.000000;15.402596
25.000000;7934.000000;6990.000000;0.000000;439713.000000;9435.000000;0.000000;16.030552
26.000000;7934.000000;6919.000000;0.000000;489735.000000;9435.000000;0.000000;16.656836
27.000000;7934.000000;6791.000000;0.000000;494818.000000;9435.000000;0.000000;17.284863
28.000000;7934.000000;7692.000000;0.000000;356252.000000;9435.000000;0.000000;17.910723
29.000000;7934.000000;7911.000000;0.000000;548935.000000;9435.000000;0.000000;18.542360
30.000000;7934.000000;6931.000000;0.000000;418082.000000;9435.000000;0.000000;19.169296
31.000000;7934.000000;6464.000000;0.000000;497895.000000;9435.000000;0.000000;19.796923
32.000000;7934.000000;6435.000000;0.000000;491294.000000;9435.000000;0.000000;20.424868
33.000000;7934.000000;6659.000000;0.000000;362523.000000;9435.000000;0.000000;21.075119
34.000000;7934.000000;7403.000000;0.000000;421017.000000;9435.000000;0.000000;21.702333
35.000000;7934.000000;6680.000000;0.000000;509574.000000;9435.000000;0.000000;22.329649
36.000000;7934.000000;7279.000000;0.000000;463175.000000;9435.000000;0.000000;22.955704
37.000000;7934.000000;7259.000000;0.000000;418419.000000;9435.000000;0.000000;23.580410
38.000000;7934.000000;6519.000000;0.000000;460130.000000;9435.000000;0.000000;24.207129
39.000000;7934.000000;6962.000000;0.000000;435325.000000;9435.000000;0.000000;24.835415
40.000000;7934.000000;7263.000000;0.000000;415672.000000;9948.000000;0.000000;25.580648
41.000000;7934.000000;7446.000000;0.000000;378219.000000;9948.000000;0.000000;26.459854
42.000000;7934.000000;6965.000000;0.000000;456753.000000;9948.000000;0.000000;27.219057
43.000000;7934.000000;7013.000000;0.000000;339670.000000;9948.000000;0.000000;27.961344
44.000000;7934.000000;5967.000000;0.000000;533397.000000;9948.000000;0.000000;28.693665
45.000000;7934.000000;7367.000000;0.000000;482589.000000;9948.000000;0.000000;29.428738
46.000000;7934.000000;5634.000000;0.000000;502689.000000;9948.000000;0.000000;30.159588
47.000000;7934.000000;7211.000000;0.000000;453581.000000;9948.000000;0.000000;30.905600
48.000000;7934.000000;6039.000000;0.000000;646852.000000;9948.000000;0.000000;31.628548
49.000000;7934.000000;8252.000000;0.000000;503224.000000;9948.000000;0.000000;32.346474
50.000000;7934.000000;8491.000000;0.000000;401869.000000;9948.000000;0.000000;33.064117
51.000000;7934.000000;8304.000000;0.000000;291580.000000;9948.000000;0.000000;33.784187
52.000000;7934.000000;6621.000000;0.000000;535168.000000;9948.000000;0.000000;34.528732
53.000000;7934.000000;7798.000000;0.000000;449954.000000;9948.000000;0.000000;35.253490
54.000000;7934.000000;8720.000000;0.000000;337629.000000;9948.000000;0.000000;35.975548
55.000000;7934.000000;6036.000000;0.000000;546487.000000;9948.000000;0.000000;36.747131
56.000000;7934.000000;6960.000000;0.000000;396832.000000;9948.000000;0.000000;37.666756
57.000000;7934.000000;6496.000000;0.000000;493521.000000;9948.000000;0.000000;38.411083
58.000000;7934.000000;6913.000000;0.000000;446314.000000;9948.000000;0.000000;39.160187
59.000000;7934.000000;6974.000000;0.000000;392550.000000;9948.000000;0.000000;39.919552
60.000000;7934.000000;7097.000000;0.000000;496097.000000;9948.000000;0.000000;40.921486
61.000000;7934.000000;6433.000000;0.000000;538882.000000;9948.000000;0.000000;41.918060
62.000000;7934.000000;7360.000000;0.000000;349173.000000;9948.000000;0.000000;42.896744
63.000000;7934.000000;7801.000000;0.000000;383177.000000;9948.000000;0.000000;43.836376
64.000000;7934.000000;7564.000000;0.000000;436324.000000;9948.000000;0.000000;44.770176
65.000000;7934.000000;7373.000000;0.000000;484251.000000;9948.000000;0.000000;45.682655
66.000000;7934.000000;8907.000000;0.000000;572772.000000;9948.000000;0.000000;46.581139
67.000000;7934.000000;8094.000000;0.000000;497629.000000;9948.000000;0.000000;47.478531
68.000000;7934.000000;7644.000000;0.000000;342787.000000;9948.000000;0.000000;48.374973
69.000000;7934.000000;6005.000000;0.000000;454126.000000;9948.000000;0.000000;49.274952
70.000000;7934.000000;6836.000000;0.000000;389044.000000;9948.000000;0.000000;50.173649
71.000000;7934.000000;8990.000000;0.000000;372125.000000;9948.000000;0.000000;51.100658
72.000000;7934.000000;7125.000000;0.000000;423080.000000;9948.000000;0.000000;51.997456
73.000000;7934.000000;7491.000000;0.000000;370485.000000;9948.000000;0.000000;52.892590
74.000000;7934.000000;7073.000000;0.000000;423262.000000;9948.000000;0.000000;53.789356
75.000000;7934.000000;7504.000000;0.000000;481654.000000;9948.000000;0.000000;54.728806
76.000000;7934.000000;8584.000000;0.000000;343981.000000;9948.000000;0.000000;55.640511
77.000000;7934.000000;7104.000000;0.000000;463755.000000;9948.000000;0.000000;56.553898
78.000000;7934.000000;7088.000000;0.000000;351908.000000;9948.000000;0.000000;57.484741
79.000000;7934.000000;7153.000000;0.000000;494348.000000;9948.000000;0.000000;58.410488
80.000000;7934.000000;7557.000000;0.000000;514984.000000;10121.000000;0.000000;59.684391
81.000000;7934.000000;7842.000000;0.000000;451614.000000;10121.000000;0.000000;61.177601
82.000000;7934.000000;6565.000000;0.000000;412612.000000;10121.000000;0.000000;62.462666
83.000000;7934.000000;7644.000000;0.000000;551602.000000;10121.000000;0.000000;63.743549
84.000000;7934.000000;7755.000000;0.000000;447369.000000;10121.000000;0.000000;65.017654
85.000000;7934.000000;7211.000000;0.000000;361240.000000;10121.000000;0.000000;66.276070
86.000000;7934.000000;8090.000000;0.000000;448993.000000;10121.000000;0.000000;67.541573
87.000000;7934.000000;7665.000000;0.000000;256133.000000;10121.000000;0.000000;68.797333
88.000000;7934.000000;7617.000000;0.000000;414985.000000;10121.000000;0.000000;70.056541
89.000000;7934.000000;7143.000000;0.000000;434567.000000;10121.000000;0.000000;71.337860
90.000000;7934.000000;6775.000000;0.000000;429760.000000;10121.000000;0.000000;72.595642
91.000000;7934.000000;7524.000000;0.000000;422700.000000;10121.000000;0.000000;73.888290
92.000000;7934.000000;6450.000000;0.000000;563620.000000;10121.000000;0.000000;75.176003
93.000000;7934.000000;7147.000000;0.000000;580840.000000;10121.000000;0.000000;76.461792
94.000000;7934.000000;8398.000000;0.000000;436739.000000;10121.000000;0.000000;77.737640
95.000000;7934.000000;6917.000000;0.000000;477325.000000;10121.000000;0.000000;79.014977
96.000000;7934.000000;7867.000000;0.000000;373079.000000;10121.000000;0.000000;80.195534
97.000000;7934.000000;6087.000000;0.000000;311447.000000;10121.000000;0.000000;81.349220
98.000000;7934.000000;7521.000000;0.000000;391789.000000;10121.000000;0.000000;82.471054
99.000000;7934.000000;9639.000000;0.000000;422801.000000;10121.000000;0.000000;83.586182
100.000000;7934.000000;7382.000000;0.000000;449418.000000;10160.000000;0.000000;84.855103
101.000000;7934.000000;6753.000000;0.000000;494482.000000;10160.000000;0.000000;86.443649
102.000000;7934.000000;8397.000000;0.000000;281540.000000;10121.000000;0.000000;87.935921
103.000000;7934.000000;7844.000000;0.000000;395090.000000;10160.000000;0.000000;89.417091
104.000000;7934.000000;6393.000000;0.000000;362749.000000;10160.000000;0.000000;90.879715
105.000000;7934.000000;7643.000000;0.000000;396473.000000;10160.000000;0.000000;92.354996
106.000000;7934.000000;7766.000000;0.000000;320228.000000;10121.000000;0.000000;93.796043
107.000000;7934.000000;7749.000000;0.000000;341392.000000;10160.000000;0.000000;95.238365
108.000000;7934.000000;6523.000000;0.000000;509362.000000;10121.000000;0.000000;96.702667
109.000000;7934.000000;7084.000000;0.000000;451073.000000;10160.000000;0.000000;98.143112
110.000000;7934.000000;6420.000000;0.000000;432124.000000;10121.000000;0.000000;99.652451
111.000000;7934.000000;7131.000000;0.000000;408611.000000;10121.000000;0.000000;101.133301
112.000000;7934.000000;6721.000000;0.000000;530572.000000;10121.000000;0.000000;102.705246
113.000000;7934.000000;7040.000000;0.000000;336927.000000;10160.000000;0.000000;104.220940
114.000000;7934.000000;6680.000000;0.000000;496033.000000;10121.000000;0.000000;105.590469
115.000000;7934.000000;7816.000000;0.000000;419010.000000;10121.000000;0.000000;106.901009
116.000000;7934.000000;6623.000000;0.000000;570597.000000;10121.000000;0.000000;108.178215
117.000000;7934.000000;7451.000000;0.000000;534315.000000;10121.000000;0.000000;109.455925
118.000000;7934.000000;6507.000000;0.000000;474786.000000;10121.000000;0.000000;110.744751
119.000000;7934.000000;6819.000000;0.000000;566102.000000;10160.000000;0.000000;112.063507
120.000000;7934.000000;6873.000000;0.000000;417474.000000;10160.000000;0.000000;113.354607
121.000000;7934.000000;9210.000000;0.000000;409214.000000;10160.000000;0.000000;114.984116
122.000000;7934.000000;6668.000000;0.000000;455967.000000;10160.000000;0.000000;116.461281
123.000000;7934.000000;6625.000000;0.000000;454994.000000;10121.000000;0.000000;117.958611
124.000000;7934.000000;7652.000000;0.000000;442685.000000;10121.000000;0.000000;119.433426
125.000000;7934.000000;6750.000000;0.000000;439942.000000;10121.000000;0.000000;120.903015
126.000000;7934.000000;5979.000000;0.000000;499280.000000;10121.000000;0.000000;122.395309
127.000000;7934.000000;6614.000000;0.000000;440795.000000;10121.000000;0.000000;123.866867
128.000000;7934.000000;6514.000000;0.000000;375541.000000;10160.000000;0.000000;125.336143
129.000000;7934.000000;8679.000000;0.000000;423757.000000;10121.000000;0.000000;126.809555
130.000000;7934.000000;6079.000000;0.000000;473228.000000;10160.000000;0.000000;128.340439
131.000000;7934.000000;6759.000000;0.000000;414765.000000;10160.000000;0.000000;129.926285
132.000000;7934.000000;6500.000000;0.000000;614519.000000;10121.000000;0.000000;131.442368
133.000000;7934.000000;6807.000000;0.000000;433258.000000;10121.000000;0.000000;132.943192
134.000000;7934.000000;8734.000000;0.000000;335465.000000;10121.000000;0.000000;134.265671
135.000000;7934.000000;5859.000000;0.000000;423280.000000;10160.000000;0.000000;135.572891
136.000000;7934.000000;7803.000000;0.000000;501972.000000;10160.000000;0.000000;136.883163
137.000000;7934.000000;7581.000000;0.000000;460361.000000;10121.000000;0.000000;138.186874
138.000000;7934.000000;6671.000000;0.000000;417585.000000;10160.000000;0.000000;139.489349
139.000000;7934.000000;7559.000000;0.000000;422919.000000;10160.000000;0.000000;140.788620
140.000000;7934.000000;7172.000000;0.000000;346051.000000;10160.000000;0.000000;142.138504
141.000000;7934.000000;7993.000000;0.000000;449325.000000;10160.000000;0.000000;143.784897
142.000000;7934.000000;7414.000000;0.000000;612384.000000;10121.000000;0.000000;145.275711
143.000000;7934.000000;6836.000000;0.000000;455782.000000;10121.000000;0.000000;146.768356
144.000000;7934.000000;6927.000000;0.000000;401023.000000;10160.000000;0.000000;148.259003
145.000000;7934.000000;7288.000000;0.000000;476014.000000;10160.000000;0.000000;149.741714
146.000000;7934.000000;7106.000000;0.000000;510401.000000;10121.000000;0.000000;151.222443
147.000000;7934.000000;6480.000000;0.000000;417754.000000;10121.000000;0.000000;152.730209
148.000000;7934.000000;6602.000000;0.000000;466653.000000;10121.000000;0.000000;154.208801
149.000000;7934.000000;7333.000000;0.000000;461598.000000;10121.000000;0.000000;155.703186
150.000000;7934.000000;6621.000000;0.000000;462265.000000;10121.000000;0.000000;157.263580
151.000000;7934.000000;7680.000000;0.000000;420862.000000;10121.000000;0.000000;158.782318
152.000000;7934.000000;7200.000000;0.000000;402887.000000;10160.000000;0.000000;160.292542
153.000000;7934.000000;7009.000000;0.000000;449361.000000;10121.000000;0.000000;161.826828
154.000000;7934.000000;7622.000000;0.000000;345651.000000;10160.000000;0.000000;163.166443
155.000000;7934.000000;5998.000000;0.000000;476513.000000;10160.000000;0.000000;164.532654
156.000000;7934.000000;7158.000000;0.000000;392064.000000;10160.000000;0.000000;165.855042
157.000000;7934.000000;7511.000000;0.000000;461835.000000;10121.000000;0.000000;167.293030
158.000000;7934.000000;9065.000000;0.000000;392473.000000;10121.000000;0.000000;168.613785
159.000000;7934.000000;7362.000000;0.000000;484329.000000;10160.000000;0.000000;169.928482
160.000000;7934.000000;6723.000000;0.000000;418753.000000;10121.000000;0.000000;171.237808
161.000000;7934.000000;7932.000000;0.000000;448587.000000;10121.000000;0.000000;172.912491
162.000000;7934.000000;7284.000000;0.000000;371972.000000;10160.000000;0.000000;174.427017
163.000000;7934.000000;7243.000000;0.000000;450459.000000;10121.000000;0.000000;175.942764
164.000000;7934.000000;6953.000000;0.000000;404951.000000;10121.000000;0.000000;177.404129
165.000000;7934.000000;6846.000000;0.000000;303382.000000;10121.000000;0.000000;178.836761
166.000000;7934.000000;7959.000000;0.000000;455478.000000;10121.000000;0.000000;180.269836
167.000000;7934.000000;6644.000000;0.000000;310027.000000;10160.000000;0.000000;181.715347
168.000000;7934.000000;8208.000000;0.000000;370112.000000;10121.000000;0.000000;183.165405
169.000000;7934.000000;6775.000000;0.000000;365708.000000;10121.000000;0.000000;184.649063
170.000000;7934.000000;7510.000000;0.000000;499981.000000;10121.000000;0.000000;186.110245
171.000000;7934.000000;7107.000000;0.000000;514973.000000;10121.000000;0.000000;187.574448
172.000000;7934.000000;6747.000000;0.000000;462925.000000;10160.000000;0.000000;189.032181
173.000000;7934.000000;6549.000000;0.000000;455838.000000;10121.000000;0.000000;190.433578
174.000000;7934.000000;7079.000000;0.000000;490470.000000;10121.000000;0.000000;191.725082
175.000000;7934.000000;7937.000000;0.000000;425473.000000;10121.000000;0.000000;193.035583
176.000000;7934.000000;6336.000000;0.000000;437202.000000;10121.000000;0.000000;194.317886
177.000000;7934.000000;7169.000000;0.000000;484225.000000;10160.000000;0.000000;195.600906
178.000000;7934.000000;8138.000000;0.000000;528596.000000;10160.000000;0.000000;196.879959
179.000000;7934.000000;8188.000000;0.000000;358898.000000;10121.000000;0.000000;198.157822
180.000000;7934.000000;8680.000000;0.000000;456339.000000;10121.000000;0.000000;199.435684
181.000000;7934.000000;6776.000000;0.000000;355662.000000;10121.000000;0.000000;201.127594
182.000000;7934.000000;6412.000000;0.000000;452361.000000;10121.000000;0.000000;202.623749
183.000000;7934.000000;8020.000000;0.000000;436364.000000;10121.000000;0.000000;204.092926
184.000000;7934.000000;7176.000000;0.000000;504951.000000;10160.000000;0.000000;205.539169
185.000000;7934.000000;8434.000000;0.000000;459672.000000;10121.000000;0.000000;206.968353
186.000000;7934.000000;7989.000000;0.000000;457635.000000;10160.000000;0.000000;208.367737
187.000000;7934.000000;7929.000000;0.000000;415858.000000;10160.000000;0.000000;209.769211
188.000000;7934.000000;7609.000000;0.000000;455302.000000;10121.000000;0.000000;211.172791
189.000000;7934.000000;7480.000000;0.000000;509993.000000;10160.000000;0.000000;212.600403
190.000000;7934.000000;6733.000000;0.000000;458513.000000;10160.000000;0.000000;214.056213
191.000000;7934.000000;6767.000000;0.000000;390230.000000;10121.000000;0.000000;215.484192
192.000000;7934.000000;8424.000000;0.000000;371623.000000;10160.000000;0.000000;216.924896
193.000000;7934.000000;7323.000000;0.000000;395185.000000;10121.000000;0.000000;218.362183
194.000000;7934.000000;7032.000000;0.000000;374282.000000;10160.000000;0.000000;219.717178
195.000000;7934.000000;6735.000000;0.000000;490852.000000;10121.000000;0.000000;220.968506
196.000000;7934.000000;6844.000000;0.000000;411030.000000;10160.000000;0.000000;222.246704
197.000000;7934.000000;7563.000000;0.000000;504035.000000;10160.000000;0.000000;223.503540
198.000000;7934.000000;7186.000000;0.000000;388084.000000;10160.000000;0.000000;224.792770
199.000000;7934.000000;6953.000000;0.000000;446906.000000;10121.000000;0.000000;226.041687
200.000000;7934.000000;7278.000000;0.000000;459798.000000;10160.000000;0.000000;227.291428
201.000000;7934.000000;7062.000000;0.000000;448461.000000;10160.000000;0.000000;228.853256
202.000000;7934.000000;6901.000000;0.000000;512878.000000;10160.000000;0.000000;230.293869
203.000000;7934.000000;6434.000000;0.000000;436178.000000;10121.000000;0.000000;231.744858
204.000000;7934.000000;7628.000000;0.000000;444625.000000;10121.000000;0.000000;233.195572
205.000000;7934.000000;7975.000000;0.000000;428929.000000;10121.000000;0.000000;234.597702
206.000000;7934.000000;6770.000000;0.000000;384714.000000;10160.000000;0.000000;236.006409
207.000000;7934.000000;7408.000000;0.000000;496706.000000;10121.000000;0.000000;237.397522
208.000000;7934.000000;6875.000000;0.000000;443173.000000;10160.000000;0.000000;238.773773
209.000000;7934.000000;8047.000000;0.000000;418145.000000;10121.000000;0.000000;240.145401
210.000000;7934.000000;7057.000000;0.000000;385814.000000;10160.000000;0.000000;241.559937
211.000000;7934.000000;7586.000000;0.000000;419780.000000;10160.000000;0.000000;242.985489
212.000000;7934.000000;8021.000000;0.000000;416152.000000;10160.000000;0.000000;244.372849
213.000000;7934.000000;7379.000000;0.000000;464667.000000;10121.000000;0.000000;245.765594
214.000000;7934.000000;8406.000000;0.000000;381058.000000;10160.000000;0.000000;247.138046
215.000000;7934.000000;7647.000000;0.000000;456067.000000;10160.000000;0.000000;248.377289
216.000000;7934.000000;8138.000000;0.000000;441933.000000;10121.000000;0.000000;249.609177
217.000000;7934.000000;6927.000000;0.000000;469229.000000;10160.000000;0.000000;250.830978
218.000000;7934.000000;7120.000000;0.000000;411589.000000;10121.000000;0.000000;252.052841
219.000000;7934.000000;7548.000000;0.000000;360214.000000;10160.000000;0.000000;253.308273
220.000000;7934.000000;7386.000000;0.000000;474007.000000;10160.000000;0.000000;254.537659
221.000000;7934.000000;7691.000000;0.000000;416293.000000;10121.000000;0.000000;256.064392
222.000000;7934.000000;7334.000000;0.000000;277573.000000;10160.000000;0.000000;257.458405
223.000000;7934.000000;7552.000000;0.000000;560813.000000;10121.000000;0.000000;258.861206
224.000000;7934.000000;7609.000000;0.000000;318444.000000;10121.000000;0.000000;260.252686
225.000000;7934.000000;6777.000000;0.000000;495435.000000;10160.000000;0.000000;261.628479
226.000000;7934.000000;6807.000000;0.000000;541620.000000;10121.000000;0.000000;263.036346
227.000000;7934.000000;7051.000000;0.000000;467004.000000;10160.000000;0.000000;264.413879
228.000000;7934.000000;8040.000000;0.000000;379770.000000;10121.000000;0.000000;265.788116
229.000000;7934.000000;8684.000000;0.000000;398534.000000;10160.000000;0.000000;267.151947
230.000000;7934.000000;7004.000000;0.000000;374644.000000;10160.000000;0.000000;268.530762
231.000000;7934.000000;8864.000000;0.000000;382659.000000;10160.000000;0.000000;269.900360
232.000000;7934.000000;7946.000000;0.000000;413730.000000;10121.000000;0.000000;271.263947
233.000000;7934.000000;7591.000000;0.000000;402852.000000;10160.000000;0.000000;272.664307
234.000000;7934.000000;6535.000000;0.000000;353848.000000;10121.000000;0.000000;274.032806
235.000000;7934.000000;7241.000000;0.000000;500580.000000;10121.000000;0.000000;275.263184
236.000000;7934.000000;6899.000000;0.000000;384892.000000;10160.000000;0.000000;276.469147
237.000000;7934.000000;6111.000000;0.000000;539972.000000;10160.000000;0.000000;277.684265
238.000000;7934.000000;7541.000000;0.000000;499247.000000;10121.000000;0.000000;278.886414
239.000000;7934.000000;8111.000000;0.000000;494591.000000;10121.000000;0.000000;280.089111
240.000000;7934.000000;7426.000000;0.000000;450786.000000;10121.000000;0.000000;281.288208
241.000000;7934.000000;7647.000000;0.000000;496379.000000;10160.000000;0.000000;282.791168
242.000000;7934.000000;7304.000000;0.000000;415957.000000;10121.000000;0.000000;284.193207
243.000000;7934.000000;7407.000000;0.000000;495820.000000;10121.000000;0.000000;285.568512
244.000000;7934.000000;7835.000000;0.000000;402748.000000;10160.000000;0.000000;286.929626
245.000000;7934.000000;6989.000000;0.000000;481522.000000;10121.000000;0.000000;288.274536
246.000000;7934.000000;7876.000000;0.000000;418069.000000;10121.000000;0.000000;289.621765
247.000000;7934.000000;7011.000000;0.000000;376233.000000;10121.000000;0.000000;290.970734
248.000000;7934.000000;6649.000000;0.000000;381180.000000;10121.000000;0.000000;292.316864
249.000000;7934.000000;8390.000000;0.000000;469731.000000;10160.000000;0.000000;293.687439
250.000000;7934.000000;6812.000000;0.000000;424033.000000;10160.000000;0.000000;295.061340
251.000000;7934.000000;7808.000000;0.000000;360364.000000;10160.000000;0.000000;297.058136
252.000000;7934.000000;7642.000000;0.000000;525943.000000;10160.000000;0.000000;298.558746
253.000000;7934.000000;6974.000000;0.000000;554624.000000;10160.000000;0.000000;299.917786
254.000000;7934.000000;6883.000000;0.000000;529842.000000;10160.000000;0.000000;301.244049
255.000000;7934.000000;7925.000000;0.000000;410738.000000;10160.000000;0.000000;302.582428
256.000000;7934.000000;7607.000000;0.000000;530409.000000;10160.000000;0.000000;303.913208
257.000000;7934.000000;7176.000000;0.000000;471845.000000;10121.000000;0.000000;305.237183
258.000000;7934.000000;6896.000000;0.000000;478482.000000;10121.000000;0.000000;306.563049
259.000000;7934.000000;7377.000000;0.000000;404522.000000;10160.000000;0.000000;307.920563
260.000000;7934.000000;6809.000000;0.000000;456541.000000;10121.000000;0.000000;309.264252
261.000000;7934.000000;6938.000000;0.000000;432633.000000;10160.000000;0.000000;310.666748
262.000000;7934.000000;6979.000000;0.000000;441727.000000;10121.000000;0.000000;312.022583
263.000000;7934.000000;6380.000000;0.000000;467804.000000;10160.000000;0.000000;313.406891
264.000000;7934.000000;6587.000000;0.000000;530925.000000;10121.000000;0.000000;314.747955
265.000000;7934.000000;6883.000000;0.000000;392172.000000;10160.000000;0.000000;316.072418
266.000000;7934.000000;7451.000000;0.000000;411467.000000;10121.000000;0.000000;317.392212
267.000000;7934.000000;6350.000000;0.000000;434612.000000;10160.000000;0.000000;318.725098
268.000000;7934.000000;6641.000000;0.000000;418263.000000;10121.000000;0.000000;320.047699
269.000000;7934.000000;8006.000000;0.000000;386533.000000;10121.000000;0.000000;321.371643
270.000000;7934.000000;7310.000000;0.000000;538335.000000;10121.000000;0.000000;322.756683
271.000000;7934.000000;9015.000000;0.000000;430042.000000;10160.000000;0.000000;324.105225
272.000000;7934.000000;6603.000000;0.000000;447980.000000;10121.000000;0.000000;325.446259
273.000000;7934.000000;7237.000000;0.000000;457126.000000;10160.000000;0.000000;326.785889
274.000000;7934.000000;7506.000000;0.000000;502808.000000;10121.000000;0.000000;328.133026
275.000000;7934.000000;7150.000000;0.000000;397488.000000;10121.000000;0.000000;329.363617
276.000000;7934.000000;7224.000000;0.000000;530656.000000;10160.000000;0.000000;330.570831
277.000000;7934.000000;7194.000000;0.000000;334783.000000;10160.000000;0.000000;331.767853
278.000000;7934.000000;6542.000000;0.000000;387968.000000;10160.000000;0.000000;332.989685
279.000000;7934.000000;6491.000000;0.000000;466029.000000;10121.000000;0.000000;334.185333
280.000000;7934.000000;6219.000000;0.000000;463825.000000;10121.000000;0.000000;335.379272
281.000000;7934.000000;6706.000000;0.000000;460834.000000;10121.000000;0.000000;336.854858
282.000000;7934.000000;7855.000000;0.000000;311895.000000;10160.000000;0.000000;338.241089
283.000000;7934.000000;7293.000000;0.000000;480292.000000;10121.000000;0.000000;339.605011
284.000000;7934.000000;8235.000000;0.000000;464226.000000;10160.000000;0.000000;341.060364
285.000000;7934.000000;6417.000000;0.000000;421614.000000;10160.000000;0.000000;342.398071
286.000000;7934.000000;8216.000000;0.000000;378039.000000;10160.000000;0.000000;343.767212
287.000000;7934.000000;7619.000000;0.000000;433221.000000;10121.000000;0.000000;345.125824
288.000000;7934.000000;5874.000000;0.000000;395659.000000;10121.000000;0.000000;346.460876
289.000000;7934.000000;6957.000000;0.000000;511828.000000;10121.000000;0.000000;347.808228
290.000000;7934.000000;7691.000000;0.000000;401648.000000;10121.000000;0.000000;349.160858
291.000000;7934.000000;6938.000000;0.000000;514340.000000;10121.000000;0.000000;350.528290
292.000000;7934.000000;6649.000000;0.000000;364651.000000;10121.000000;0.000000;351.879761
293.000000;7934.000000;6916.000000;0.000000;379348.000000;10121.000000;0.000000;353.277649
294.000000;7934.000000;7972.000000;0.000000;402591.000000;10160.000000;0.000000;354.628632
295.000000;7934.000000;7098.000000;0.000000;645517.000000;10160.000000;0.000000;355.878998
296.000000;7934.000000;7884.000000;0.000000;459960.000000;10160.000000;0.000000;357.102905
297.000000;7934.000000;8351.000000;0.000000;441313.000000;10160.000000;0.000000;358.315918
298.000000;7934.000000;8264.000000;0.000000;410771.000000;10160.000000;0.000000;359.520111
299.000000;7934.000000;7994.000000;0.000000;364607.000000;10160.000000;0.000000;360.729065
300.000000;7934.000000;8489.000000;0.000000;329677.000000;10121.000000;0.000000;361.935333
301.000000;7934.000000;7386.000000;0.000000;441477.000000;10121.000000;0.000000;363.447662
302.000000;7934.000000;7279.000000;0.000000;592150.000000;10160.000000;0.000000;364.829437
303.000000;7934.000000;7619.000000;0.000000;427883.000000;10160.000000;0.000000;366.203613
304.000000;7934.000000;8507.000000;0.000000;298575.000000;10160.000000;0.000000;367.573761
305.000000;7934.000000;6456.000000;0.000000;613909.000000;10121.000000;0.000000;368.929596
306.000000;7934.000000;6271.000000;0.000000;522572.000000;10121.000000;0.000000;370.289734
307.000000;7934.000000;8240.000000;0.000000;440664.000000;10160.000000;0.000000;371.646362
308.000000;7934.000000;6522.000000;0.000000;564908.000000;10160.000000;0.000000;373.025848
309.000000;7934.000000;6575.000000;0.000000;412278.000000;10160.000000;0.000000;374.388916
310.000000;7934.000000;7303.000000;0.000000;440800.000000;10121.000000;0.000000;375.765778
311.000000;7934.000000;7333.000000;0.000000;451680.000000;10121.000000;0.000000;377.149597
312.000000;7934.000000;6325.000000;0.000000;531446.000000;10121.000000;0.000000;378.520782
313.000000;7934.000000;6191.000000;0.000000;379925.000000;10160.000000;0.000000;379.894104
314.000000;7934.000000;7846.000000;0.000000;517405.000000;10160.000000;0.000000;381.267822
315.000000;7934.000000;6431.000000;0.000000;409226.000000;10160.000000;0.000000;382.513916
316.000000;7934.000000;7036.000000;0.000000;327044.000000;10160.000000;0.000000;383.752045
317.000000;7934.000000;5608.000000;0.000000;384013.000000;10121.000000;0.000000;384.960693
318.000000;7934.000000;6885.000000;0.000000;537870.000000;10121.000000;0.000000;386.169189
319.000000;7934.000000;7836.000000;0.000000;377628.000000;10160.000000;0.000000;387.458588
320.000000;7934.000000;7369.000000;0.000000;426808.000000;10160.000000;0.000000;388.763672
321.000000;7934.000000;7206.000000;0.000000;386840.000000;10121.000000;0.000000;390.294464
322.000000;7934.000000;6899.000000;0.000000;393884.000000;10160.000000;0.000000;391.692383
323.000000;7934.000000;7309.000000;0.000000;404255.000000;10121.000000;0.000000;393.101318
324.000000;7934.000000;6615.000000;0.000000;448430.000000;10160.000000;0.000000;394.501953
325.000000;7934.000000;6911.000000;0.000000;424849.000000;10121.000000;0.000000;395.877411
326.000000;7934.000000;5684.000000;0.000000;440676.000000;10160.000000;0.000000;397.265503
327.000000;7934.000000;7296.000000;0.000000;391514.000000;10160.000000;0.000000;398.634796
328.000000;7934.000000;6292.000000;0.000000;461571.000000;10160.000000;0.000000;400.007629
329.000000;7934.000000;6648.000000;0.000000;464797.000000;10160.000000;0.000000;401.390289
330.000000;7934.000000;8408.000000;0.000000;514092.000000;10121.000000;0.000000;402.859283
331.000000;7934.000000;9225.000000;0.000000;397423.000000;10121.000000;0.000000;404.409821
332.000000;7934.000000;6529.000000;0.000000;388064.000000;10160.000000;0.000000;405.815033
333.000000;7934.000000;7148.000000;0.000000;489041.000000;10121.000000;0.000000;407.240997
334.000000;7934.000000;7633.000000;0.000000;433513.000000;10121.000000;0.000000;408.604248
335.000000;7934.000000;7372.000000;0.000000;411101.000000;10121.000000;0.000000;409.828705
336.000000;7934.000000;7115.000000;0.000000;434103.000000;10121.000000;0.000000;411.045563
337.000000;7934.000000;7295.000000;0.000000;422109.000000;10160.000000;0.000000;412.266296
338.000000;7934.000000;7085.000000;0.000000;419489.000000;10121.000000;0.000000;413.527100
339.000000;7934.000000;6789.000000;0.000000;472519.000000;10160.000000;0.000000;414.746094
340.000000;7934.000000;7207.000000;0.000000;409847.000000;10160.000000;0.000000;415.965759
341.000000;7934.000000;5857.000000;0.000000;492044.000000;10121.000000;0.000000;417.485657
342.000000;7934.000000;6845.000000;0.000000;418395.000000;10121.000000;0.000000;418.892029
343.000000;7934.000000;5597.000000;0.000000;498314.000000;10160.000000;0.000000;420.301392
344.000000;7934.000000;7596.000000;0.000000;391332.000000;10160.000000;0.000000;421.703156
345.000000;7934.000000;7004.000000;0.000000;506255.000000;10121.000000;0.000000;423.092010
346.000000;7934.000000;6178.000000;0.000000;495110.000000;10160.000000;0.000000;424.504028
347.000000;7934.000000;7714.000000;0.000000;296046.000000;10121.000000;0.000000;425.944763
348.000000;7934.000000;6502.000000;0.000000;478299.000000;10121.000000;0.000000;427.332001
349.000000;7934.000000;6418.000000;0.000000;365866.000000;10160.000000;0.000000;428.717163
350.000000;7934.000000;6694.000000;0.000000;487901.000000;10160.000000;0.000000;430.140869
351.000000;7934.000000;6955.000000;0.000000;506040.000000;10121.000000;0.000000;431.545685
352.000000;7934.000000;7158.000000;0.000000;405219.000000;10121.000000;0.000000;432.944977
353.000000;7934.000000;7917.000000;0.000000;485383.000000;10160.000000;0.000000;434.373016
354.000000;7934.000000;7180.000000;0.000000;329833.000000;10121.000000;0.000000;435.762451
355.000000;7934.000000;7673.000000;0.000000;343892.000000;10121.000000;0.000000;437.101532
356.000000;7934.000000;7289.000000;0.000000;371994.000000;10160.000000;0.000000;438.870178
357.000000;7934.000000;7189.000000;0.000000;411810.000000;10160.000000;0.000000;440.101532
358.000000;7934.000000;6729.000000;0.000000;496227.000000;10121.000000;0.000000;441.329437
359.000000;7934.000000;7466.000000;0.000000;435518.000000;10121.000000;0.000000;442.559692
360.000000;7934.000000;6616.000000;0.000000;475772.000000;10121.000000;0.000000;443.833618
361.000000;7934.000000;6631.000000;0.000000;439773.000000;10121.000000;0.000000;445.365479
362.000000;7934.000000;8472.000000;0.000000;495119.000000;10121.000000;0.000000;446.777557
363.000000;7934.000000;7658.000000;0.000000;522699.000000;10160.000000;0.000000;448.201538
364.000000;7934.000000;7106.000000;0.000000;351785.000000;10121.000000;0.000000;449.611694
365.000000;7934.000000;7873.000000;0.000000;395920.000000;10160.000000;0.000000;451.012695
366.000000;7934.000000;6439.000000;0.000000;404527.000000;10160.000000;0.000000;452.407867
367.000000;7934.000000;7570.000000;0.000000;391364.000000;10160.000000;0.000000;453.832001
368.000000;7934.000000;6509.000000;0.000000;295673.000000;10121.000000;0.000000;455.229523
369.000000;7934.000000;7180.000000;0.000000;492616.000000;10121.000000;0.000000;456.635376
370.000000;7934.000000;7374.000000;0.000000;549614.000000;10121.000000;0.000000;458.081238
371.000000;7934.000000;7210.000000;0.000000;375593.000000;10121.000000;0.000000;459.505707
372.000000;7934.000000;7895.000000;0.000000;383159.000000;10160.000000;0.000000;460.925690
373.000000;7934.000000;6934.000000;0.000000;426509.000000;10121.000000;0.000000;462.346558
374.000000;7934.000000;6246.000000;0.000000;529452.000000;10160.000000;0.000000;463.773193
375.000000;7934.000000;6664.000000;0.000000;430846.000000;10121.000000;0.000000;465.047882
376.000000;7934.000000;6897.000000;0.000000;444987.000000;10121.000000;0.000000;466.289612
377.000000;7934.000000;6900.000000;0.000000;559161.000000;10121.000000;0.000000;467.523193
378.000000;7934.000000;7591.000000;0.000000;314112.000000;10160.000000;0.000000;468.754059
379.000000;7934.000000;6988.000000;0.000000;404665.000000;10121.000000;0.000000;469.992889
380.000000;7934.000000;8033.000000;0.000000;320986.000000;10121.000000;0.000000;471.233154
381.000000;7934.000000;8361.000000;0.000000;367652.000000;10160.000000;0.000000;472.780823
382.000000;7934.000000;6847.000000;0.000000;518783.000000;10160.000000;0.000000;474.241821
383.000000;7934.000000;7629.000000;0.000000;388731.000000;10160.000000;0.000000;475.671295
384.000000;7934.000000;7276.000000;0.000000;467143.000000;10160.000000;0.000000;477.084412
385.000000;7934.000000;7325.000000;0.000000;498849.000000;10121.000000;0.000000;478.493683
386.000000;7934.000000;7951.000000;0.000000;556544.000000;10121.000000;0.000000;479.904388
387.000000;7934.000000;7810.000000;0.000000;516941.000000;10160.000000;0.000000;481.318726
388.000000;7934.000000;7147.000000;0.000000;345297.000000;10121.000000;0.000000;482.732758
389.000000;7934.000000;6554.000000;0.000000;472240.000000;10121.000000;0.000000;484.179016
390.000000;7934.000000;7825.000000;0.000000;377518.000000;10160.000000;0.000000;485.591705
391.000000;7934.000000;7422.000000;0.000000;370184.000000;10121.000000;0.000000;487.009583
392.000000;7934.000000;6876.000000;0.000000;506222.000000;10121.000000;0.000000;488.466553
393.000000;7934.000000;7941.000000;0.000000;506053.000000;10121.000000;0.000000;489.904236
394.000000;7934.000000;6218.000000;0.000000;518881.000000;10160.000000;0.000000;491.339081
395.000000;7934.000000;7586.000000;0.000000;372689.000000;10121.000000;0.000000;492.771027
396.000000;7934.000000;9014.000000;0.000000;387112.000000;10160.000000;0.000000;494.179871
397.000000;7934.000000;6708.000000;0.000000;488154.000000;10160.000000;0.000000;495.454498
398.000000;7934.000000;7418.000000;0.000000;431200.000000;10121.000000;0.000000;496.712189
399.000000;7934.000000;6664.000000;0.000000;484461.000000;10121.000000;0.000000;497.968048
400.000000;7934.000000;7515.000000;0.000000;552918.000000;10121.000000;0.000000;499.222412
401.000000;7934.000000;6327.000000;0.000000;522835.000000;10121.000000;0.000000;500.785858
402.000000;7934.000000;7739.000000;0.000000;416602.000000;10121.000000;0.000000;502.225281
403.000000;7934.000000;5828.000000;0.000000;489752.000000;10121.000000;0.000000;503.669769
404.000000;7934.000000;6679.000000;0.000000;406645.000000;10160.000000;0.000000;505.124329
405.000000;7934.000000;6166.000000;0.000000;446274.000000;10160.000000;0.000000;506.540649
406.000000;7934.000000;8262.000000;0.000000;456893.000000;10121.000000;0.000000;507.966888
407.000000;7934.000000;6945.000000;0.000000;423473.000000;10160.000000;0.000000;509.394958
408.000000;7934.000000;8575.000000;0.000000;385406.000000;10121.000000;0.000000;510.831299
409.000000;7934.000000;6393.000000;0.000000;395059.000000;10121.000000;0.000000;512.268677
410.000000;7934.000000;7789.000000;0.000000;484976.000000;10121.000000;0.000000;513.758972
411.000000;7934.000000;6384.000000;0.000000;510920.000000;10121.000000;0.000000;515.244690
412.000000;7934.000000;6978.000000;0.000000;456131.000000;10121.000000;0.000000;516.705994
413.000000;7934.000000;6905.000000;0.000000;498804.000000;10160.000000;0.000000;518.303833
414.000000;7934.000000;7555.000000;0.000000;361954.000000;10160.000000;0.000000;519.741333
415.000000;7934.000000;8062.000000;0.000000;469308.000000;10121.000000;0.000000;521.175659
416.000000;7934.000000;7888.000000;0.000000;401764.000000;10121.000000;0.000000;522.605042
417.000000;7934.000000;6869.000000;0.000000;380145.000000;10121.000000;0.000000;524.102783
418.000000;7934.000000;6906.000000;0.000000;447557.000000;10160.000000;0.000000;525.537415
419.000000;7934.000000;6704.000000;0.000000;459621.000000;10160.000000;0.000000;526.964355
420.000000;7934.000000;7253.000000;0.000000;482800.000000;10160.000000;0.000000;528.424194
421.000000;7934.000000;6445.000000;0.000000;447929.000000;10160.000000;0.000000;530.077209
422.000000;7934.000000;8205.000000;0.000000;391868.000000;10121.000000;0.000000;531.546204
423.000000;7934.000000;6522.000000;0.000000;434843.000000;10121.000000;0.000000;533.005432
424.000000;7934.000000;6822.000000;0.000000;411424.000000;10121.000000;0.000000;534.466980
425.000000;7934.000000;8339.000000;0.000000;476819.000000;10121.000000;0.000000;535.899414
426.000000;7934.000000;7732.000000;0.000000;455935.000000;10121.000000;0.000000;537.332581
427.000000;7934.000000;7323.000000;0.000000;448687.000000;10121.000000;0.000000;538.776184
428.000000;7934.000000;7685.000000;0.000000;358890.000000;10121.000000;0.000000;540.221985
429.000000;7934.000000;6600.000000;0.000000;471423.000000;10160.000000;0.000000;541.690186
430.000000;7934.000000;7324.000000;0.000000;441668.000000;10121.000000;0.000000;543.199951
431.000000;7934.000000;6493.000000;0.000000;472176.000000;10160.000000;0.000000;544.693420
432.000000;7934.000000;8057.000000;0.000000;347232.000000;10160.000000;0.000000;546.165100
433.000000;7934.000000;8144.000000;0.000000;384148.000000;10121.000000;0.000000;547.627197
434.000000;7934.000000;6727.000000;0.000000;460015.000000;10121.000000;0.000000;548.928528
435.000000;7934.000000;7290.000000;0.000000;390686.000000;10160.000000;0.000000;550.217102
436.000000;7934.000000;8002.000000;0.000000;405713.000000;10121.000000;0.000000;551.494751
437.000000;7934.000000;8060.000000;0.000000;449540.000000;10121.000000;0.000000;552.829773
438.000000;7934.000000;8413.000000;0.000000;478091.000000;10160.000000;0.000000;554.135315
439.000000;7934.000000;6332.000000;0.000000;419953.000000;10160.000000;0.000000;555.455933
440.000000;7934.000000;6406.000000;0.000000;449629.000000;10121.000000;0.000000;556.788269
441.000000;7934.000000;7112.000000;0.000000;381590.000000;10121.000000;0.000000;558.408447
442.000000;7934.000000;7028.000000;0.000000;516857.000000;10160.000000;0.000000;559.885498
443.000000;7934.000000;6699.000000;0.000000;449015.000000;10121.000000;0.000000;561.368408
444.000000;7934.000000;6971.000000;0.000000;355750.000000;10160.000000;0.000000;562.823181
445.000000;7934.000000;7184.000000;0.000000;365833.000000;10121.000000;0.000000;564.299133
446.000000;7934.000000;7124.000000;0.000000;386833.000000;10121.000000;0.000000;565.754456
447.000000;7934.000000;7394.000000;0.000000;456553.000000;10160.000000;0.000000;567.202148
448.000000;7934.000000;6719.000000;0.000000;408065.000000;10160.000000;0.000000;568.616333
449.000000;7934.000000;7771.000000;0.000000;449267.000000;10121.000000;0.000000;570.023987
450.000000;7934.000000;6818.000000;0.000000;434078.000000;10160.000000;0.000000;571.486389
451.000000;7934.000000;7099.000000;0.000000;426723.000000;10121.000000;0.000000;572.919922
452.000000;7934.000000;6149.000000;0.000000;446078.000000;10160.000000;0.000000;574.385315
453.000000;7934.000000;6717.000000;0.000000;396996.000000;10160.000000;0.000000;575.823914
454.000000;7934.000000;7251.000000;0.000000;536071.000000;10121.000000;0.000000;577.157959
455.000000;7934.000000;7013.000000;0.000000;466777.000000;10160.000000;0.000000;578.414551
456.000000;7934.000000;6916.000000;0.000000;421067.000000;10121.000000;0.000000;579.675659
457.000000;7934.000000;6943.000000;0.000000;294311.000000;10160.000000;0.000000;580.935364
458.000000;7934.000000;6478.000000;0.000000;537007.000000;10121.000000;0.000000;582.193848
459.000000;7934.000000;6745.000000;0.000000;409130.000000;10121.000000;0.000000;583.455505
460.000000;7934.000000;8979.000000;0.000000;331303.000000;10160.000000;0.000000;584.822205
461.000000;7934.000000;5971.000000;0.000000;458721.000000;10160.000000;0.000000;586.392822
462.000000;7934.000000;9470.000000;0.000000;326626.000000;10121.000000;0.000000;587.831055
463.000000;7934.000000;7013.000000;0.000000;473381.000000;10160.000000;0.000000;589.273315
464.000000;7934.000000;7867.000000;0.000000;531840.000000;10160.000000;0.000000;590.695068
465.000000;7934.000000;7042.000000;0.000000;318132.000000;10160.000000;0.000000;592.118713
466.000000;7934.000000;7307.000000;0.000000;518159.000000;10121.000000;0.000000;593.544373
467.000000;7934.000000;6033.000000;0.000000;367389.000000;10121.000000;0.000000;594.989746
468.000000;7934.000000;6357.000000;0.000000;481144.000000;10121.000000;0.000000;596.399109
469.000000;7934.000000;7456.000000;0.000000;505354.000000;10121.000000;0.000000;597.789001
470.000000;7934.000000;9358.000000;0.000000;481039.000000;10121.000000;0.000000;599.216370
471.000000;7934.000000;6683.000000;0.000000;416467.000000;10121.000000;0.000000;600.613281
472.000000;7934.000000;7354.000000;0.000000;591555.000000;10160.000000;0.000000;602.010864
473.000000;7934.000000;7009.000000;0.000000;453226.000000;10121.000000;0.000000;603.411865
474.000000;7934.000000;6970.000000;0.000000;367203.000000;10121.000000;0.000000;604.817932
475.000000;7934.000000;7934.000000;0.000000;472281.000000;10121.000000;0.000000;606.052490
476.000000;7934.000000;6774.000000;0.000000;407127.000000;10160.000000;0.000000;607.351685
477.000000;7934.000000;8357.000000;0.000000;375601.000000;10160.000000;0.000000;608.579041
478.000000;7934.000000;8503.000000;0.000000;526448.000000;10160.000000;0.000000;609.802124
479.000000;7934.000000;7350.000000;0.000000;487854.000000;10160.000000;0.000000;611.022217
480.000000;7934.000000;8404.000000;0.000000;514166.000000;10160.000000;0.000000;612.236511
481.000000;7934.000000;7706.000000;0.000000;511192.000000;10160.000000;0.000000;613.750732
482.000000;7934.000000;6741.000000;0.000000;535121.000000;10160.000000;0.000000;615.551086
483.000000;7934.000000;6435.000000;0.000000;404709.000000;10121.000000;0.000000;617.652283
484.000000;7934.000000;6230.000000;0.000000;510332.000000;10121.000000;0.000000;619.540405
485.000000;7934.000000;7989.000000;0.000000;413411.000000;10160.000000;0.000000;621.702942
486.000000;7934.000000;6581.000000;0.000000;387906.000000;10160.000000;0.000000;623.241272
487.000000;7934.000000;5780.000000;0.000000;397828.000000;10121.000000;0.000000;624.687256
488.000000;7934.000000;7739.000000;0.000000;440891.000000;10160.000000;0.000000;626.098999
489.000000;7934.000000;5797.000000;0.000000;498962.000000;10121.000000;0.000000;627.603149
490.000000;7934.000000;8014.000000;0.000000;481025.000000;10160.000000;0.000000;629.712158
491.000000;7934.000000;7423.000000;0.000000;365107.000000;10121.000000;0.000000;631.730713
492.000000;7934.000000;7036.000000;0.000000;454480.000000;10121.000000;0.000000;633.505432
493.000000;7934.000000;6322.000000;0.000000;472375.000000;10160.000000;0.000000;635.057434
494.000000;7934.000000;5836.000000;0.000000;331941.000000;10121.000000;0.000000;636.834351
495.000000;7934.000000;7197.000000;0.000000;461099.000000;10160.000000;0.000000;638.705505
496.000000;7934.000000;7023.000000;0.000000;481113.000000;10121.000000;0.000000;640.479065
497.000000;7934.000000;8138.000000;0.000000;412771.000000;10160.000000;0.000000;642.359253
498.000000;7934.000000;7667.000000;0.000000;442784.000000;10121.000000;0.000000;643.973511
499.000000;7934.000000;6734.000000;0.000000;429875.000000;10121.000000;0.000000;645.636597
500.000000;7934.000000;7940.000000;0.000000;364966.000000;10160.000000;0.000000;647.499878
501.000000;7934.000000;7609.000000;0.000000;423409.000000;10160.000000;0.000000;649.247437
502.000000;7934.000000;6735.000000;0.000000;459796.000000;10160.000000;0.000000;650.871948
503.000000;7934.000000;6991.000000;0.000000;429443.000000;10121.000000;0.000000;653.025513
504.000000;7934.000000;6154.000000;0.000000;516450.000000;10160.000000;0.000000;655.354248
505.000000;7934.000000;6834.000000;0.000000;486788.000000;10160.000000;0.000000;657.103027
506.000000;7934.000000;8598.000000;0.000000;457002.000000;10160.000000;0.000000;658.912292
507.000000;7934.000000;7353.000000;0.000000;491177.000000;10160.000000;0.000000;660.737488
508.000000;7934.000000;7182.000000;0.000000;494796.000000;10160.000000;0.000000;662.779358
509.000000;7934.000000;7112.000000;0.000000;395780.000000;10121.000000;0.000000;664.790039
510.000000;7934.000000;7561.000000;0.000000;417023.000000;10121.000000;0.000000;666.675598
511.000000;7934.000000;6771.000000;0.000000;405371.000000;10121.000000;0.000000;668.620728
512.000000;7934.000000;8035.000000;0.000000;352221.000000;10160.000000;0.000000;670.478210
513.000000;7934.000000;7397.000000;0.000000;389618.000000;10160.000000;0.000000;672.630310
514.000000;7934.000000;7328.000000;0.000000;433156.000000;10160.000000;0.000000;674.933899
515.000000;7934.000000;7602.000000;0.000000;290846.000000;10121.000000;0.000000;677.391846
516.000000;7934.000000;6622.000000;0.000000;410005.000000;10160.000000;0.000000;679.569458
517.000000;7934.000000;7800.000000;0.000000;271827.000000;10121.000000;0.000000;681.820068
518.000000;7934.000000;7110.000000;0.000000;453063.000000;10160.000000;0.000000;684.282898
519.000000;7934.000000;6724.000000;0.000000;570775.000000;10160.000000;0.000000;686.448975
520.000000;7934.000000;7431.000000;0.000000;494076.000000;10121.000000;0.000000;688.791565
521.000000;7934.000000;6934.000000;0.000000;412144.000000;10160.000000;0.000000;691.108521
522.000000;7934.000000;9645.000000;0.000000;329864.000000;10121.000000;0.000000;692.873291
523.000000;7934.000000;6745.000000;0.000000;354536.000000;10160.000000;0.000000;694.613953
524.000000;7934.000000;8122.000000;0.000000;401859.000000;10160.000000;0.000000;696.648987
525.000000;7934.000000;8219.000000;0.000000;473031.000000;10121.000000;0.000000;698.339355
526.000000;7934.000000;6562.000000;0.000000;424241.000000;10160.000000;0.000000;700.234436
527.000000;7934.000000;7943.000000;0.000000;343708.000000;10160.000000;0.000000;702.179871
528.000000;7934.000000;6838.000000;0.000000;327217.000000;10160.000000;0.000000;704.146118
529.000000;7934.000000;6715.000000;0.000000;471220.000000;10121.000000;0.000000;706.054810
530.000000;7934.000000;7664.000000;0.000000;414897.000000;10121.000000;0.000000;707.988281
531.000000;7934.000000;7166.000000;0.000000;514317.000000;10121.000000;0.000000;709.772522
532.000000;7934.000000;7819.000000;0.000000;407410.000000;10160.000000;0.000000;711.437073
533.000000;7934.000000;7521.000000;0.000000;439592.000000;10160.000000;0.000000;713.169556
534.000000;7934.000000;6609.000000;0.000000;353603.000000;10160.000000;0.000000;714.598267
535.000000;7934.000000;7186.000000;0.000000;526602.000000;10121.000000;0.000000;715.928833
536.000000;7934.000000;6737.000000;0.000000;387886.000000;10121.000000;0.000000;717.194641
537.000000;7934.000000;6981.000000;0.000000;417748.000000;10160.000000;0.000000;718.466675
538.000000;7934.000000;6815.000000;0.000000;394772.000000;10160.000000;0.000000;719.747131
539.000000;7934.000000;8613.000000;0.000000;388412.000000;10160.000000;0.000000;721.033691
540.000000;7934.000000;7229.000000;0.000000;411938.000000;10160.000000;0.000000;722.324036
541.000000;7934.000000;7167.000000;0.000000;463089.000000;10121.000000;0.000000;723.942993
542.000000;7934.000000;7943.000000;0.000000;512952.000000;10160.000000;0.000000;725.443420
543.000000;7934.000000;7051.000000;0.000000;536398.000000;10160.000000;0.000000;726.932129
544.000000;7934.000000;7445.000000;0.000000;428294.000000;10160.000000;0.000000;728.381042
545.000000;7934.000000;6336.000000;0.000000;582402.000000;10121.000000;0.000000;729.839600
546.000000;7934.000000;7304.000000;0.000000;446566.000000;10121.000000;0.000000;731.285706
547.000000;7934.000000;7508.000000;0.000000;377527.000000;10160.000000;0.000000;732.724609
548.000000;7934.000000;7372.000000;0.000000;525814.000000;10160.000000;0.000000;734.184937
549.000000;7934.000000;7897.000000;0.000000;457149.000000;10121.000000;0.000000;735.670410
550.000000;7934.000000;8085.000000;0.000000;433428.000000;10121.000000;0.000000;737.167419
551.000000;7934.000000;7562.000000;0.000000;428346.000000;10160.000000;0.000000;738.640320
552.000000;7934.000000;8227.000000;0.000000;499656.000000;10121.000000;0.000000;740.110779
553.000000;7934.000000;8174.000000;0.000000;395206.000000;10160.000000;0.000000;741.575989
554.000000;7934.000000;7046.000000;0.000000;359030.000000;10121.000000;0.000000;742.929260
555.000000;7934.000000;7180.000000;0.000000;448234.000000;10121.000000;0.000000;744.218750
556.000000;7934.000000;7849.000000;0.000000;361871.000000;10160.000000;0.000000;745.519836
557.000000;7934.000000;8039.000000;0.000000;436317.000000;10121.000000;0.000000;746.822083
558.000000;7934.000000;8431.000000;0.000000;415816.000000;10121.000000;0.000000;748.077759
559.000000;7934.000000;7163.000000;0.000000;371057.000000;10121.000000;0.000000;749.327209
560.000000;7934.000000;7043.000000;0.000000;434261.000000;10160.000000;0.000000;750.581543
561.000000;7934.000000;6754.000000;0.000000;548581.000000;10160.000000;0.000000;752.149597
562.000000;7934.000000;7133.000000;0.000000;495034.000000;10160.000000;0.000000;753.583740
563.000000;7934.000000;7332.000000;0.000000;487759.000000;10160.000000;0.000000;755.032959
564.000000;7934.000000;6512.000000;0.000000;498345.000000;10160.000000;0.000000;756.497498
565.000000;7934.000000;7192.000000;0.000000;332468.000000;10160.000000;0.000000;757.918823
566.000000;7934.000000;6990.000000;0.000000;449639.000000;10121.000000;0.000000;759.332397
567.000000;7934.000000;6501.000000;0.000000;340689.000000;10121.000000;0.000000;760.743896
568.000000;7934.000000;6908.000000;0.000000;358793.000000;10121.000000;0.000000;762.152039
569.000000;7934.000000;6660.000000;0.000000;438048.000000;10121.000000;0.000000;763.557617
570.000000;7934.000000;7196.000000;0.000000;555513.000000;10121.000000;0.000000;765.042419
571.000000;7934.000000;6879.000000;0.000000;497668.000000;10160.000000;0.000000;766.505676
572.000000;7934.000000;6486.000000;0.000000;354480.000000;10121.000000;0.000000;767.936340
573.000000;7934.000000;6565.000000;0.000000;480371.000000;10160.000000;0.000000;769.401917
574.000000;7934.000000;9410.000000;0.000000;341600.000000;10121.000000;0.000000;770.770935
575.000000;7934.000000;6611.000000;0.000000;473885.000000;10160.000000;0.000000;772.067017
576.000000;7934.000000;8428.000000;0.000000;433495.000000;10160.000000;0.000000;773.323547
577.000000;7934.000000;7030.000000;0.000000;461806.000000;10121.000000;0.000000;774.570923
578.000000;7934.000000;6752.000000;0.000000;471878.000000;10121.000000;0.000000;775.842590
579.000000;7934.000000;6560.000000;0.000000;382935.000000;10121.000000;0.000000;777.082581
580.000000;7934.000000;6428.000000;0.000000;539020.000000;10121.000000;0.000000;778.300049
581.000000;7934.000000;7156.000000;0.000000;459703.000000;10160.000000;0.000000;779.814758
582.000000;7934.000000;6421.000000;0.000000;444098.000000;10121.000000;0.000000;781.180725
583.000000;7934.000000;7002.000000;0.000000;464736.000000;10121.000000;0.000000;782.543640
584.000000;7934.000000;7155.000000;0.000000;408042.000000;10160.000000;0.000000;783.917358
585.000000;7934.000000;7218.000000;0.000000;464980.000000;10121.000000;0.000000;785.290955
586.000000;7934.000000;7996.000000;0.000000;457451.000000;10121.000000;0.000000;786.695190
587.000000;7934.000000;6741.000000;0.000000;523262.000000;10160.000000;0.000000;788.077148
588.000000;7934.000000;6414.000000;0.000000;390966.000000;10121.000000;0.000000;789.475403
589.000000;7934.000000;7042.000000;0.000000;382088.000000;10160.000000;0.000000;790.872253
590.000000;7934.000000;6399.000000;0.000000;489101.000000;10121.000000;0.000000;792.296387
591.000000;7934.000000;7156.000000;0.000000;393941.000000;10121.000000;0.000000;793.702148
592.000000;7934.000000;5848.000000;0.000000;493077.000000;10160.000000;0.000000;795.101135
593.000000;7934.000000;6391.000000;0.000000;619464.000000;10160.000000;0.000000;796.535461
594.000000;7934.000000;7349.000000;0.000000;386349.000000;10121.000000;0.000000;797.927185
595.000000;7934.000000;7408.000000;0.000000;509867.000000;10160.000000;0.000000;799.176880
596.000000;7934.000000;8163.000000;0.000000;378749.000000;10160.000000;0.000000;800.404785
597.000000;7934.000000;7432.000000;0.000000;479038.000000;10160.000000;0.000000;801.629333
598.000000;7934.000000;8819.000000;0.000000;484758.000000;10160.000000;0.000000;802.851196
599.000000;7934.000000;6321.000000;0.000000;419188.000000;10160.000000;0.000000;804.081055
600.000000;7934.000000;7361.000000;0.000000;432575.000000;10160.000000;0.000000;805.308777
601.000000;7934.000000;8141.000000;0.000000;421716.000000;10121.000000;0.000000;806.905151
602.000000;7934.000000;7422.000000;0.000000;524289.000000;10160.000000;0.000000;808.254578
603.000000;7934.000000;6940.000000;0.000000;499676.000000;10121.000000;0.000000;809.608643
604.000000;7934.000000;6539.000000;0.000000;432173.000000;10121.000000;0.000000;810.962036
605.000000;7934.000000;6670.000000;0.000000;518639.000000;10160.000000;0.000000;812.314331
606.000000;7934.000000;7296.000000;0.000000;480557.000000;10160.000000;0.000000;813.671692
607.000000;7934.000000;8070.000000;0.000000;293099.000000;10121.000000;0.000000;815.028015
608.000000;7934.000000;6780.000000;0.000000;416435.000000;10160.000000;0.000000;816.401672
609.000000;7934.000000;6724.000000;0.000000;431659.000000;10160.000000;0.000000;817.814026
610.000000;7934.000000;7623.000000;0.000000;375307.000000;10121.000000;0.000000;819.151794
611.000000;7934.000000;6972.000000;0.000000;421995.000000;10160.000000;0.000000;820.507812
612.000000;7934.000000;8470.000000;0.000000;517820.000000;10160.000000;0.000000;821.860962
613.000000;7934.000000;7665.000000;0.000000;340337.000000;10160.000000;0.000000;823.219971
614.000000;7934.000000;7574.000000;0.000000;320460.000000;10160.000000;0.000000;824.614258
615.000000;7934.000000;6214.000000;0.000000;418291.000000;10121.000000;0.000000;825.984497
616.000000;7934.000000;6588.000000;0.000000;499552.000000;10160.000000;0.000000;827.352173
617.000000;7934.000000;7919.000000;0.000000;411837.000000;10160.000000;0.000000;828.724487
618.000000;7934.000000;6383.000000;0.000000;460878.000000;10121.000000;0.000000;830.081238
619.000000;7934.000000;7539.000000;0.000000;321381.000000;10121.000000;0.000000;831.489563
620.000000;7934.000000;8172.000000;0.000000;338142.000000;10160.000000;0.000000;832.860107
621.000000;7934.000000;7002.000000;0.000000;407042.000000;10160.000000;0.000000;834.388306
622.000000;7934.000000;7019.000000;0.000000;470436.000000;10121.000000;0.000000;835.726135
623.000000;7934.000000;7580.000000;0.000000;386489.000000;10121.000000;0.000000;837.092529
624.000000;7934.000000;8371.000000;0.000000;423162.000000;10121.000000;0.000000;838.423340
625.000000;7934.000000;7816.000000;0.000000;300576.000000;10121.000000;0.000000;839.750549
626.000000;7934.000000;7097.000000;0.000000;540029.000000;10121.000000;0.000000;841.072388
627.000000;7934.000000;9742.000000;0.000000;451317.000000;10160.000000;0.000000;842.394592
628.000000;7934.000000;6987.000000;0.000000;276489.000000;10160.000000;0.000000;843.721069
629.000000;7934.000000;8075.000000;0.000000;331763.000000;10160.000000;0.000000;845.043091
630.000000;7934.000000;7004.000000;0.000000;405957.000000;10160.000000;0.000000;846.404785
631.000000;7934.000000;6848.000000;0.000000;353152.000000;10160.000000;0.000000;847.737610
632.000000;7934.000000;6914.000000;0.000000;493931.000000;10121.000000;0.000000;849.067261
633.000000;7934.000000;6821.000000;0.000000;384104.000000;10121.000000;0.000000;850.440735
634.000000;7934.000000;6901.000000;0.000000;433016.000000;10121.000000;0.000000;851.779358
635.000000;7934.000000;6364.000000;0.000000;339777.000000;10121.000000;0.000000;853.123413
636.000000;7934.000000;6378.000000;0.000000;341517.000000;10160.000000;0.000000;854.465881
637.000000;7934.000000;6758.000000;0.000000;468629.000000;10160.000000;0.000000;855.803223
638.000000;7934.000000;8136.000000;0.000000;512810.000000;10121.000000;0.000000;857.024841
639.000000;7934.000000;6266.000000;0.000000;392551.000000;10121.000000;0.000000;858.209900
640.000000;7934.000000;7532.000000;0.000000;449150.000000;10160.000000;0.000000;859.399536
641.000000;7934.000000;7043.000000;0.000000;427209.000000;10160.000000;0.000000;860.832581
642.000000;7934.000000;7342.000000;0.000000;438264.000000;10121.000000;0.000000;862.155518
643.000000;7934.000000;7782.000000;0.000000;342808.000000;10121.000000;0.000000;863.611694
644.000000;7934.000000;7289.000000;0.000000;590450.000000;10121.000000;0.000000;864.944946
645.000000;7934.000000;7504.000000;0.000000;422313.000000;10160.000000;0.000000;866.287720
646.000000;7934.000000;7250.000000;0.000000;458702.000000;10160.000000;0.000000;867.626953
647.000000;7934.000000;6756.000000;0.000000;521804.000000;10160.000000;0.000000;868.937622
648.000000;7934.000000;7418.000000;0.000000;469722.000000;10121.000000;0.000000;870.246460
649.000000;7934.000000;6796.000000;0.000000;526215.000000;10160.000000;0.000000;871.549377
650.000000;7934.000000;7941.000000;0.000000;419970.000000;10160.000000;0.000000;872.887451
651.000000;7934.000000;6594.000000;0.000000;473652.000000;10121.000000;0.000000;874.209167
652.000000;7934.000000;6330.000000;0.000000;534987.000000;10160.000000;0.000000;875.556946
653.000000;7934.000000;7006.000000;0.000000;341406.000000;10121.000000;0.000000;876.932495
654.000000;7934.000000;6280.000000;0.000000;553653.000000;10160.000000;0.000000;878.249084
655.000000;7934.000000;8269.000000;0.000000;423712.000000;10160.000000;0.000000;879.418030
656.000000;7934.000000;7076.000000;0.000000;446164.000000;10121.000000;0.000000;880.585571
657.000000;7934.000000;6581.000000;0.000000;431498.000000;10121.000000;0.000000;881.753113
658.000000;7934.000000;6999.000000;0.000000;431157.000000;10160.000000;0.000000;882.919800
659.000000;7934.000000;7894.000000;0.000000;475098.000000;10160.000000;0.000000;884.112793
660.000000;7934.000000;6577.000000;0.000000;539817.000000;10121.000000;0.000000;885.284363
661.000000;7934.000000;5668.000000;0.000000;536790.000000;10121.000000;0.000000;886.747925
662.000000;7934.000000;10309.000000;0.000000;319944.000000;10121.000000;0.000000;888.044128
663.000000;7934.000000;6579.000000;0.000000;476983.000000;10160.000000;0.000000;889.340271
664.000000;7934.000000;6743.000000;0.000000;334759.000000;10121.000000;0.000000;890.657959
665.000000;7934.000000;6749.000000;0.000000;432157.000000;10121.000000;0.000000;891.959412
666.000000;7934.000000;7452.000000;0.000000;470253.000000;10160.000000;0.000000;893.269653
667.000000;7934.000000;7200.000000;0.000000;537229.000000;10160.000000;0.000000;894.577209
668.000000;7934.000000;7547.000000;0.000000;410256.000000;10121.000000;0.000000;895.887146
669.000000;7934.000000;8706.000000;0.000000;343221.000000;10160.000000;0.000000;897.221130
670.000000;7934.000000;7013.000000;0.000000;443717.000000;10160.000000;0.000000;898.537231
671.000000;7934.000000;7629.000000;0.000000;420722.000000;10160.000000;0.000000;899.898682
672.000000;7934.000000;6546.000000;0.000000;378787.000000;10121.000000;0.000000;901.231567
673.000000;7934.000000;6626.000000;0.000000;491235.000000;10121.000000;0.000000;902.559814
674.000000;7934.000000;8319.000000;0.000000;436746.000000;10160.000000;0.000000;903.908081
675.000000;7934.000000;6412.000000;0.000000;522352.000000;10160.000000;0.000000;905.196777
676.000000;7934.000000;8096.000000;0.000000;429227.000000;10121.000000;0.000000;906.375549
677.000000;7934.000000;9253.000000;0.000000;363260.000000;10121.000000;0.000000;907.580261
678.000000;7934.000000;7534.000000;0.000000;435374.000000;10160.000000;0.000000;908.762878
679.000000;7934.000000;7286.000000;0.000000;448248.000000;10160.000000;0.000000;909.958435
680.000000;7934.000000;6929.000000;0.000000;582892.000000;10121.000000;0.000000;911.131531
681.000000;7934.000000;6416.000000;0.000000;493498.000000;10121.000000;0.000000;912.563843
682.000000;7934.000000;7787.000000;0.000000;421366.000000;10160.000000;0.000000;913.874084
683.000000;7934.000000;8777.000000;0.000000;373418.000000;10121.000000;0.000000;915.183594
684.000000;7934.000000;7087.000000;0.000000;343785.000000;10160.000000;0.000000;916.532104
685.000000;7934.000000;7760.000000;0.000000;443625.000000;10160.000000;0.000000;917.872070
686.000000;7934.000000;7465.000000;0.000000;499486.000000;10121.000000;0.000000;919.194763
687.000000;7934.000000;8164.000000;0.000000;401149.000000;10121.000000;0.000000;920.513977
688.000000;7934.000000;6602.000000;0.000000;407405.000000;10160.000000;0.000000;921.829895
689.000000;7934.000000;7293.000000;0.000000;382666.000000;10160.000000;0.000000;923.145752
690.000000;7934.000000;8133.000000;0.000000;419534.000000;10121.000000;0.000000;924.462036
691.000000;7934.000000;7933.000000;0.000000;396807.000000;10121.000000;0.000000;925.824951
692.000000;7934.000000;6835.000000;0.000000;375942.000000;10160.000000;0.000000;927.187866
693.000000;7934.000000;8712.000000;0.000000;395844.000000;10121.000000;0.000000;928.539490
694.000000;7934.000000;6242.000000;0.000000;499342.000000;10160.000000;0.000000;929.880188
695.000000;7934.000000;6407.000000;0.000000;451527.000000;10121.000000;0.000000;931.164612
696.000000;7934.000000;6190.000000;0.000000;500137.000000;10160.000000;0.000000;932.345581
697.000000;7934.000000;7057.000000;0.000000;533693.000000;10121.000000;0.000000;933.529297
698.000000;7934.000000;8910.000000;0.000000;475409.000000;10121.000000;0.000000;934.714172
699.000000;7934.000000;8231.000000;0.000000;382486.000000;10121.000000;0.000000;935.900330
700.000000;7934.000000;6849.000000;0.000000;474209.000000;10160.000000;0.000000;937.235168
701.000000;7934.000000;8477.000000;0.000000;373272.000000;10121.000000;0.000000;938.692200
702.000000;7934.000000;6644.000000;0.000000;502912.000000;10121.000000;0.000000;940.119080
703.000000;7934.000000;7129.000000;0.000000;422350.000000;10121.000000;0.000000;941.450745
704.000000;7934.000000;5853.000000;0.000000;573945.000000;10121.000000;0.000000;942.779663
705.000000;7934.000000;6801.000000;0.000000;418665.000000;10121.000000;0.000000;944.239319
706.000000;7934.000000;8619.000000;0.000000;314845.000000;10160.000000;0.000000;945.568604
707.000000;7934.000000;7445.000000;0.000000;378902.000000;10121.000000;0.000000;946.922546
708.000000;7934.000000;7090.000000;0.000000;578407.000000;10121.000000;0.000000;948.252502
709.000000;7934.000000;7473.000000;0.000000;359079.000000;10121.000000;0.000000;949.581299
710.000000;7934.000000;7094.000000;0.000000;536800.000000;10121.000000;0.000000;950.928406
711.000000;7934.000000;7827.000000;0.000000;327830.000000;10121.000000;0.000000;952.291565
712.000000;7934.000000;8255.000000;0.000000;358126.000000;10160.000000;0.000000;953.634827
713.000000;7934.000000;6618.000000;0.000000;452117.000000;10121.000000;0.000000;954.973999
714.000000;7934.000000;7941.000000;0.000000;339330.000000;10160.000000;0.000000;956.316772
715.000000;7934.000000;7571.000000;0.000000;457386.000000;10121.000000;0.000000;957.598206
716.000000;7934.000000;8042.000000;0.000000;417455.000000;10160.000000;0.000000;958.792358
717.000000;7934.000000;7385.000000;0.000000;440950.000000;10121.000000;0.000000;959.978333
718.000000;7934.000000;7542.000000;0.000000;484261.000000;10121.000000;0.000000;961.163940
719.000000;7934.000000;7076.000000;0.000000;319039.000000;10121.000000;0.000000;962.359802
720.000000;7934.000000;6282.000000;0.000000;429960.000000;10160.000000;0.000000;963.554199
721.000000;7934.000000;6252.000000;0.000000;425009.000000;10121.000000;0.000000;965.027039
722.000000;7934.000000;7127.000000;0.000000;405758.000000;10121.000000;0.000000;966.355469
723.000000;7934.000000;7649.000000;0.000000;349807.000000;10121.000000;0.000000;967.723877
724.000000;7934.000000;7621.000000;0.000000;492196.000000;10160.000000;0.000000;969.077271
725.000000;7934.000000;7478.000000;0.000000;438608.000000;10121.000000;0.000000;970.426819
726.000000;7934.000000;6049.000000;0.000000;434531.000000;10121.000000;0.000000;971.768066
727.000000;7934.000000;7208.000000;0.000000;466235.000000;10160.000000;0.000000;973.113281
728.000000;7934.000000;8106.000000;0.000000;386427.000000;10121.000000;0.000000;974.456970
729.000000;7934.000000;7451.000000;0.000000;386789.000000;10121.000000;0.000000;975.793640
730.000000;7934.000000;7658.000000;0.000000;450423.000000;10121.000000;0.000000;977.181030
731.000000;7934.000000;8044.000000;0.000000;389452.000000;10121.000000;0.000000;978.556763
732.000000;7934.000000;6657.000000;0.000000;425802.000000;10160.000000;0.000000;979.912781
733.000000;7934.000000;6783.000000;0.000000;393540.000000;10160.000000;0.000000;981.269714
734.000000;7934.000000;6233.000000;0.000000;468750.000000;10160.000000;0.000000;982.629028
735.000000;7934.000000;6937.000000;0.000000;435320.000000;10121.000000;0.000000;983.877441
736.000000;7934.000000;7325.000000;0.000000;496881.000000;10121.000000;0.000000;985.083191
737.000000;7934.000000;7283.000000;0.000000;511095.000000;10160.000000;0.000000;986.275818
738.000000;7934.000000;7716.000000;0.000000;364335.000000;10121.000000;0.000000;987.495605
739.000000;7934.000000;6397.000000;0.000000;455005.000000;10121.000000;0.000000;988.701172
740.000000;7934.000000;6767.000000;0.000000;536211.000000;10160.000000;0.000000;989.901672
741.000000;7934.000000;7495.000000;0.000000;408313.000000;10160.000000;0.000000;991.366638
742.000000;7934.000000;5873.000000;0.000000;592923.000000;10160.000000;0.000000;992.715454
743.000000;7934.000000;7417.000000;0.000000;460976.000000;10160.000000;0.000000;994.053650
744.000000;7934.000000;6507.000000;0.000000;421551.000000;10121.000000;0.000000;995.406860
745.000000;7934.000000;8214.000000;0.000000;370141.000000;10121.000000;0.000000;996.762756
746.000000;7934.000000;7146.000000;0.000000;438505.000000;10160.000000;0.000000;998.146240
747.000000;7934.000000;7171.000000;0.000000;470484.000000;10121.000000;0.000000;999.502258
748.000000;7934.000000;7262.000000;0.000000;488026.000000;10121.000000;0.000000;1000.861389
749.000000;7934.000000;6730.000000;0.000000;495857.000000;10121.000000;0.000000;1002.216553
750.000000;7934.000000;7074.000000;0.000000;506699.000000;10160.000000;0.000000;1003.671997
751.000000;7934.000000;6303.000000;0.000000;400525.000000;10121.000000;0.000000;1005.131897
752.000000;7934.000000;8003.000000;0.000000;447317.000000;10121.000000;0.000000;1006.518494
753.000000;7934.000000;6409.000000;0.000000;536008.000000;10160.000000;0.000000;1007.982666
754.000000;7934.000000;7246.000000;0.000000;449587.000000;10160.000000;0.000000;1009.380920
755.000000;7934.000000;6054.000000;0.000000;496074.000000;10121.000000;0.000000;1010.618408
756.000000;7934.000000;7164.000000;0.000000;450401.000000;10121.000000;0.000000;1011.816772
757.000000;7934.000000;6456.000000;0.000000;601835.000000;10160.000000;0.000000;1013.018738
758.000000;7934.000000;6071.000000;0.000000;588260.000000;10160.000000;0.000000;1014.223694
759.000000;7934.000000;6106.000000;0.000000;368919.000000;10160.000000;0.000000;1015.418701
760.000000;7934.000000;7747.000000;0.000000;377939.000000;10160.000000;0.000000;1016.612000
761.000000;7934.000000;5807.000000;0.000000;491040.000000;10160.000000;0.000000;1018.139404
762.000000;7934.000000;9418.000000;0.000000;391261.000000;10160.000000;0.000000;1019.493835
763.000000;7934.000000;7670.000000;0.000000;481346.000000;10121.000000;0.000000;1020.857300
764.000000;7934.000000;8580.000000;0.000000;430716.000000;10160.000000;0.000000;1022.233887
765.000000;7934.000000;8076.000000;0.000000;393147.000000;10121.000000;0.000000;1023.607788
766.000000;7934.000000;6437.000000;0.000000;438107.000000;10121.000000;0.000000;1024.971558
767.000000;7934.000000;6510.000000;0.000000;474817.000000;10160.000000;0.000000;1026.338501
768.000000;7934.000000;6493.000000;0.000000;496781.000000;10160.000000;0.000000;1027.744019
769.000000;7934.000000;6427.000000;0.000000;447099.000000;10121.000000;0.000000;1029.108521
770.000000;7934.000000;8273.000000;0.000000;406969.000000;10160.000000;0.000000;1030.475342
771.000000;7934.000000;8813.000000;0.000000;323080.000000;10121.000000;0.000000;1031.834961
772.000000;7934.000000;7144.000000;0.000000;424005.000000;10160.000000;0.000000;1033.193848
773.000000;7934.000000;7491.000000;0.000000;442960.000000;10121.000000;0.000000;1034.558350
774.000000;7934.000000;7979.000000;0.000000;441269.000000;10121.000000;0.000000;1035.967163
775.000000;7934.000000;6722.000000;0.000000;449409.000000;10160.000000;0.000000;1037.366943
776.000000;7934.000000;6146.000000;0.000000;539449.000000;10121.000000;0.000000;1038.766479
777.000000;7934.000000;6635.000000;0.000000;406516.000000;10160.000000;0.000000;1040.152466
778.000000;7934.000000;7452.000000;0.000000;380035.000000;10121.000000;0.000000;1041.482544
779.000000;7934.000000;7060.000000;0.000000;378202.000000;10121.000000;0.000000;1042.698608
780.000000;7934.000000;6787.000000;0.000000;443803.000000;10121.000000;0.000000;1043.901978
781.000000;7934.000000;7010.000000;0.000000;337017.000000;10121.000000;0.000000;1045.385742
782.000000;7934.000000;7835.000000;0.000000;444530.000000;10121.000000;0.000000;1046.742798
783.000000;7934.000000;7255.000000;0.000000;457633.000000;10160.000000;0.000000;1048.138672
784.000000;7934.000000;7406.000000;0.000000;512057.000000;10121.000000;0.000000;1049.525513
785.000000;7934.000000;6551.000000;0.000000;399999.000000;10121.000000;0.000000;1050.906494
786.000000;7934.000000;7021.000000;0.000000;517990.000000;10121.000000;0.000000;1052.286255
787.000000;7934.000000;6507.000000;0.000000;368907.000000;10160.000000;0.000000;1053.668213
788.000000;7934.000000;7145.000000;0.000000;534575.000000;10160.000000;0.000000;1055.042847
789.000000;7934.000000;6735.000000;0.000000;482882.000000;10160.000000;0.000000;1056.413696
790.000000;7934.000000;7757.000000;0.000000;396199.000000;10160.000000;0.000000;1057.873657
791.000000;7934.000000;6604.000000;0.000000;409700.000000;10160.000000;0.000000;1059.285522
792.000000;7934.000000;7679.000000;0.000000;314135.000000;10160.000000;0.000000;1060.686157
793.000000;7934.000000;7616.000000;0.000000;540822.000000;10160.000000;0.000000;1062.074707
794.000000;7934.000000;8248.000000;0.000000;416517.000000;10121.000000;0.000000;1063.468872
795.000000;7934.000000;7585.000000;0.000000;358362.000000;10121.000000;0.000000;1064.742920
796.000000;7934.000000;6613.000000;0.000000;542810.000000;10160.000000;0.000000;1065.963623
797.000000;7934.000000;7354.000000;0.000000;514637.000000;10121.000000;0.000000;1067.245239
798.000000;7934.000000;6463.000000;0.000000;547596.000000;10121.000000;0.000000;1068.507446
799.000000;7934.000000;6554.000000;0.000000;462423.000000;10160.000000;0.000000;1069.742065
800.000000;7934.000000;6189.000000;0.000000;463714.000000;10121.000000;0.000000;1070.968994
801.000000;7934.000000;7924.000000;0.000000;425268.000000;10121.000000;0.000000;1072.476562
802.000000;7934.000000;6576.000000;0.000000;436741.000000;10160.000000;0.000000;1073.846802
803.000000;7934.000000;7350.000000;0.000000;539513.000000;10121.000000;0.000000;1075.215210
804.000000;7934.000000;7070.000000;0.000000;394754.000000;10121.000000;0.000000;1076.598022
805.000000;7934.000000;6424.000000;0.000000;449409.000000;10121.000000;0.000000;1077.983765
806.000000;7934.000000;8934.000000;0.000000;363309.000000;10121.000000;0.000000;1079.340820
807.000000;7934.000000;7619.000000;0.000000;350171.000000;10121.000000;0.000000;1080.700806
808.000000;7934.000000;7132.000000;0.000000;459894.000000;10121.000000;0.000000;1082.060913
809.000000;7934.000000;6206.000000;0.000000;394328.000000;10160.000000;0.000000;1083.412354
810.000000;7934.000000;7139.000000;0.000000;412744.000000;10160.000000;0.000000;1084.775757
811.000000;7934.000000;7741.000000;0.000000;454841.000000;10121.000000;0.000000;1086.152344
812.000000;7934.000000;6520.000000;0.000000;436807.000000;10121.000000;0.000000;1087.520752
813.000000;7934.000000;7555.000000;0.000000;528046.000000;10160.000000;0.000000;1088.922729
814.000000;7934.000000;7195.000000;0.000000;514077.000000;10160.000000;0.000000;1090.281738
815.000000;7934.000000;6866.000000;0.000000;523506.000000;10160.000000;0.000000;1091.534180
816.000000;7934.000000;7727.000000;0.000000;310194.000000;10121.000000;0.000000;1092.753540
817.000000;7934.000000;7268.000000;0.000000;397545.000000;10160.000000;0.000000;1093.958130
818.000000;7934.000000;7424.000000;0.000000;462628.000000;10160.000000;0.000000;1095.157471
819.000000;7934.000000;7782.000000;0.000000;397357.000000;10160.000000;0.000000;1096.349976
820.000000;7934.000000;7078.000000;0.000000;415260.000000;10121.000000;0.000000;1097.540771
821.000000;7934.000000;6586.000000;0.000000;439703.000000;10160.000000;0.000000;1099.037720
822.000000;7934.000000;6631.000000;0.000000;463320.000000;10160.000000;0.000000;1100.369141
823.000000;7934.000000;7818.000000;0.000000;483113.000000;10160.000000;0.000000;1101.703003
824.000000;7934.000000;7028.000000;0.000000;533947.000000;10160.000000;0.000000;1103.051147
825.000000;7934.000000;7768.000000;0.000000;365103.000000;10121.000000;0.000000;1104.394653
826.000000;7934.000000;6633.000000;0.000000;559892.000000;10121.000000;0.000000;1105.746338
827.000000;7934.000000;7130.000000;0.000000;468931.000000;10121.000000;0.000000;1107.094849
828.000000;7934.000000;6141.000000;0.000000;408923.000000;10121.000000;0.000000;1108.444214
829.000000;7934.000000;7643.000000;0.000000;448718.000000;10160.000000;0.000000;1109.771362
830.000000;7934.000000;6660.000000;0.000000;532437.000000;10121.000000;0.000000;1111.106079
831.000000;7934.000000;6110.000000;0.000000;484958.000000;10121.000000;0.000000;1112.473633
832.000000;7934.000000;7565.000000;0.000000;331352.000000;10160.000000;0.000000;1113.816284
833.000000;7934.000000;6224.000000;0.000000;454410.000000;10160.000000;0.000000;1115.148560
834.000000;7934.000000;6243.000000;0.000000;574616.000000;10160.000000;0.000000;1116.481812
835.000000;7934.000000;7328.000000;0.000000;502780.000000;10160.000000;0.000000;1117.737671
836.000000;7934.000000;7117.000000;0.000000;589822.000000;10121.000000;0.000000;1118.942383
837.000000;7934.000000;7072.000000;0.000000;543750.000000;10160.000000;0.000000;1120.120972
838.000000;7934.000000;7565.000000;0.000000;382506.000000;10121.000000;0.000000;1121.301758
839.000000;7934.000000;8503.000000;0.000000;457483.000000;10160.000000;0.000000;1122.480835
840.000000;7934.000000;7182.000000;0.000000;443703.000000;10160.000000;0.000000;1123.656372
841.000000;7934.000000;6282.000000;0.000000;397566.000000;10160.000000;0.000000;1125.134277
842.000000;7934.000000;5816.000000;0.000000;450282.000000;10121.000000;0.000000;1126.451660
843.000000;7934.000000;7089.000000;0.000000;528078.000000;10160.000000;0.000000;1127.764893
844.000000;7934.000000;6784.000000;0.000000;373651.000000;10160.000000;0.000000;1129.129639
845.000000;7934.000000;6551.000000;0.000000;503342.000000;10160.000000;0.000000;1130.454468
846.000000;7934.000000;6998.000000;0.000000;426542.000000;10121.000000;0.000000;1131.782593
847.000000;7934.000000;6767.000000;0.000000;570383.000000;10160.000000;0.000000;1133.110474
848.000000;7934.000000;6782.000000;0.000000;453224.000000;10160.000000;0.000000;1134.434204
849.000000;7934.000000;6418.000000;0.000000;431918.000000;10160.000000;0.000000;1135.762573
850.000000;7934.000000;7606.000000;0.000000;487541.000000;10160.000000;0.000000;1137.094971
851.000000;7934.000000;6812.000000;0.000000;425413.000000;10121.000000;0.000000;1138.498169
852.000000;7934.000000;6741.000000;0.000000;416503.000000;10160.000000;0.000000;1139.841797
853.000000;7934.000000;6511.000000;0.000000;510514.000000;10121.000000;0.000000;1141.187500
854.000000;7934.000000;7091.000000;0.000000;481228.000000;10160.000000;0.000000;1142.537842
855.000000;7934.000000;7306.000000;0.000000;414529.000000;10121.000000;0.000000;1143.814941
856.000000;7934.000000;7801.000000;0.000000;345727.000000;10160.000000;0.000000;1145.007324
857.000000;7934.000000;6371.000000;0.000000;539225.000000;10160.000000;0.000000;1146.200928
858.000000;7934.000000;7235.000000;0.000000;452808.000000;10121.000000;0.000000;1147.396851
859.000000;7934.000000;5828.000000;0.000000;434887.000000;10160.000000;0.000000;1148.625244
860.000000;7934.000000;6847.000000;0.000000;526935.000000;10121.000000;0.000000;1149.812012
861.000000;7934.000000;8572.000000;0.000000;358888.000000;10121.000000;0.000000;1151.271606
862.000000;7934.000000;6953.000000;0.000000;446066.000000;10160.000000;0.000000;1152.605347
863.000000;7934.000000;7816.000000;0.000000;526669.000000;10160.000000;0.000000;1153.937378
864.000000;7934.000000;8410.000000;0.000000;264304.000000;10160.000000;0.000000;1155.282349
865.000000;7934.000000;7351.000000;0.000000;636578.000000;10160.000000;0.000000;1156.619995
866.000000;7934.000000;7706.000000;0.000000;481927.000000;10160.000000;0.000000;1157.959961
867.000000;7934.000000;7844.000000;0.000000;493708.000000;10121.000000;0.000000;1159.329834
868.000000;7934.000000;7464.000000;0.000000;339460.000000;10121.000000;0.000000;1160.693848
869.000000;7934.000000;6740.000000;0.000000;433669.000000;10160.000000;0.000000;1162.039551
870.000000;7934.000000;7159.000000;0.000000;434525.000000;10160.000000;0.000000;1163.379150
871.000000;7934.000000;8496.000000;0.000000;453731.000000;10121.000000;0.000000;1164.760864
872.000000;7934.000000;7466.000000;0.000000;296776.000000;10160.000000;0.000000;1166.117310
873.000000;7934.000000;7126.000000;0.000000;408398.000000;10160.000000;0.000000;1167.476685
874.000000;7934.000000;7352.000000;0.000000;495629.000000;10160.000000;0.000000;1168.861450
875.000000;7934.000000;6638.000000;0.000000;499400.000000;10121.000000;0.000000;1170.126953
876.000000;7934.000000;8425.000000;0.000000;486603.000000;10160.000000;0.000000;1171.322876
877.000000;7934.000000;8556.000000;0.000000;336430.000000;10160.000000;0.000000;1172.516724
878.000000;7934.000000;7006.000000;0.000000;561169.000000;10121.000000;0.000000;1173.714355
879.000000;7934.000000;5636.000000;0.000000;373738.000000;10121.000000;0.000000;1174.911133
880.000000;7934.000000;7424.000000;0.000000;315418.000000;10160.000000;0.000000;1176.106079
881.000000;7934.000000;6710.000000;0.000000;515797.000000;10121.000000;0.000000;1177.573364
882.000000;7934.000000;6534.000000;0.000000;506688.000000;10121.000000;0.000000;1178.957886
883.000000;7934.000000;7874.000000;0.000000;466206.000000;10160.000000;0.000000;1180.290894
884.000000;7934.000000;8135.000000;0.000000;324693.000000;10121.000000;0.000000;1181.638062
885.000000;7934.000000;7918.000000;0.000000;352561.000000;10160.000000;0.000000;1182.996216
886.000000;7934.000000;8080.000000;0.000000;470571.000000;10160.000000;0.000000;1184.447144
887.000000;7934.000000;7135.000000;0.000000;413770.000000;10121.000000;0.000000;1185.801880
888.000000;7934.000000;7490.000000;0.000000;458810.000000;10121.000000;0.000000;1187.157593
889.000000;7934.000000;7287.000000;0.000000;470135.000000;10121.000000;0.000000;1188.534546
890.000000;7934.000000;8073.000000;0.000000;438735.000000;10160.000000;0.000000;1189.915405
891.000000;7934.000000;6060.000000;0.000000;556192.000000;10121.000000;0.000000;1191.291626
892.000000;7934.000000;7846.000000;0.000000;445236.000000;10160.000000;0.000000;1192.656738
893.000000;7934.000000;6468.000000;0.000000;501506.000000;10121.000000;0.000000;1194.024658
894.000000;7934.000000;7343.000000;0.000000;438302.000000;10121.000000;0.000000;1195.387451
895.000000;7934.000000;6644.000000;0.000000;448585.000000;10121.000000;0.000000;1196.613281
896.000000;7934.000000;7232.000000;0.000000;426784.000000;10121.000000;0.000000;1198.020142
897.000000;7934.000000;6525.000000;0.000000;509852.000000;10160.000000;0.000000;1199.260864
898.000000;7934.000000;7049.000000;0.000000;411691.000000;10160.000000;0.000000;1200.458496
899.000000;7934.000000;8035.000000;0.000000;449487.000000;10160.000000;0.000000;1201.821655
900.000000;7934.000000;7272.000000;0.000000;447075.000000;10121.000000;0.000000;1203.050171
901.000000;7934.000000;6716.000000;0.000000;457144.000000;10121.000000;0.000000;1204.527832
902.000000;7934.000000;7582.000000;0.000000;420402.000000;10121.000000;0.000000;1205.878540
903.000000;7934.000000;7807.000000;0.000000;389637.000000;10160.000000;0.000000;1207.231567
904.000000;7934.000000;6561.000000;0.000000;479014.000000;10121.000000;0.000000;1208.639160
905.000000;7934.000000;6806.000000;0.000000;352259.000000;10160.000000;0.000000;1210.010986
906.000000;7934.000000;6551.000000;0.000000;592972.000000;10160.000000;0.000000;1211.383545
907.000000;7934.000000;6864.000000;0.000000;600991.000000;10160.000000;0.000000;1212.748657
908.000000;7934.000000;6947.000000;0.000000;372305.000000;10160.000000;0.000000;1214.114746
909.000000;7934.000000;7151.000000;0.000000;481225.000000;10160.000000;0.000000;1215.483887
910.000000;7934.000000;7503.000000;0.000000;497054.000000;10160.000000;0.000000;1216.849609
911.000000;7934.000000;7938.000000;0.000000;605059.000000;10121.000000;0.000000;1218.211304
912.000000;7934.000000;7666.000000;0.000000;434453.000000;10160.000000;0.000000;1219.605713
913.000000;7934.000000;6176.000000;0.000000;438576.000000;10160.000000;0.000000;1220.967773
914.000000;7934.000000;8423.000000;0.000000;423811.000000;10121.000000;0.000000;1222.374634
915.000000;7934.000000;7467.000000;0.000000;444162.000000;10160.000000;0.000000;1223.754395
916.000000;7934.000000;7946.000000;0.000000;484561.000000;10121.000000;0.000000;1225.135864
917.000000;7934.000000;8207.000000;0.000000;467355.000000;10121.000000;0.000000;1226.520630
918.000000;7934.000000;7334.000000;0.000000;385473.000000;10121.000000;0.000000;1227.835693
919.000000;7934.000000;8114.000000;0.000000;454860.000000;10121.000000;0.000000;1229.062256
920.000000;7934.000000;6898.000000;0.000000;346073.000000;10121.000000;0.000000;1230.251343
921.000000;7934.000000;7145.000000;0.000000;529297.000000;10121.000000;0.000000;1231.695801
922.000000;7934.000000;7350.000000;0.000000;376859.000000;10121.000000;0.000000;1233.030273
923.000000;7934.000000;7621.000000;0.000000;416391.000000;10160.000000;0.000000;1234.358765
924.000000;7934.000000;7107.000000;0.000000;367211.000000;10160.000000;0.000000;1235.700317
925.000000;7934.000000;7127.000000;0.000000;489789.000000;10121.000000;0.000000;1237.050659
926.000000;7934.000000;8182.000000;0.000000;380461.000000;10160.000000;0.000000;1238.398682
927.000000;7934.000000;6640.000000;0.000000;515285.000000;10160.000000;0.000000;1239.772095
928.000000;7934.000000;8643.000000;0.000000;469184.000000;10160.000000;0.000000;1241.346313
929.000000;7934.000000;6863.000000;0.000000;500220.000000;10160.000000;0.000000;1242.680542
930.000000;7934.000000;7117.000000;0.000000;597301.000000;10121.000000;0.000000;1244.053589
931.000000;7934.000000;6585.000000;0.000000;389547.000000;10160.000000;0.000000;1245.419556
932.000000;7934.000000;6341.000000;0.000000;465960.000000;10160.000000;0.000000;1246.768555
933.000000;7934.000000;6494.000000;0.000000;459848.000000;10160.000000;0.000000;1248.116455
934.000000;7934.000000;7949.000000;0.000000;415316.000000;10121.000000;0.000000;1249.502197
935.000000;7934.000000;6915.000000;0.000000;439170.000000;10121.000000;0.000000;1250.731445
936.000000;7934.000000;6492.000000;0.000000;436002.000000;10160.000000;0.000000;1251.920532
937.000000;7934.000000;7428.000000;0.000000;577048.000000;10160.000000;0.000000;1253.110718
938.000000;7934.000000;6831.000000;0.000000;377561.000000;10121.000000;0.000000;1254.306274
939.000000;7934.000000;7267.000000;0.000000;443072.000000;10121.000000;0.000000;1255.503418
940.000000;7934.000000;7517.000000;0.000000;508267.000000;10160.000000;0.000000;1256.702759
941.000000;7934.000000;5916.000000;0.000000;326466.000000;10121.000000;0.000000;1258.196167
942.000000;7934.000000;6781.000000;0.000000;442776.000000;10160.000000;0.000000;1259.563232
943.000000;7934.000000;7016.000000;0.000000;464006.000000;10121.000000;0.000000;1260.904541
944.000000;7934.000000;6342.000000;0.000000;455588.000000;10121.000000;0.000000;1262.255981
945.000000;7934.000000;5915.000000;0.000000;471986.000000;10160.000000;0.000000;1263.607910
946.000000;7934.000000;6151.000000;0.000000;385124.000000;10121.000000;0.000000;1264.966675
947.000000;7934.000000;6449.000000;0.000000;529168.000000;10160.000000;0.000000;1266.322388
948.000000;7934.000000;8126.000000;0.000000;522229.000000;10160.000000;0.000000;1267.681763
949.000000;7934.000000;7147.000000;0.000000;376405.000000;10121.000000;0.000000;1269.063843
950.000000;7934.000000;6693.000000;0.000000;320422.000000;10160.000000;0.000000;1270.445312
951.000000;7934.000000;7945.000000;0.000000;432108.000000;10121.000000;0.000000;1271.827026
952.000000;7934.000000;6976.000000;0.000000;477491.000000;10121.000000;0.000000;1273.192871
953.000000;7934.000000;6746.000000;0.000000;473611.000000;10121.000000;0.000000;1274.572754
954.000000;7934.000000;8362.000000;0.000000;311670.000000;10160.000000;0.000000;1275.939331
955.000000;7934.000000;7253.000000;0.000000;449432.000000;10121.000000;0.000000;1277.183838
956.000000;7934.000000;9216.000000;0.000000;458474.000000;10121.000000;0.000000;1278.388916
957.000000;7934.000000;7057.000000;0.000000;575469.000000;10121.000000;0.000000;1279.620605
958.000000;7934.000000;8379.000000;0.000000;533727.000000;10160.000000;0.000000;1280.826050
959.000000;7934.000000;7376.000000;0.000000;423512.000000;10160.000000;0.000000;1282.030884
960.000000;7934.000000;6631.000000;0.000000;434469.000000;10160.000000;0.000000;1283.233398
961.000000;7934.000000;7960.000000;0.000000;405894.000000;10121.000000;0.000000;1284.709473
962.000000;7934.000000;7585.000000;0.000000;437151.000000;10121.000000;0.000000;1286.051270
963.000000;7934.000000;6614.000000;0.000000;512702.000000;10121.000000;0.000000;1287.408203
964.000000;7934.000000;6428.000000;0.000000;399164.000000;10160.000000;0.000000;1288.829712
965.000000;7934.000000;7142.000000;0.000000;617074.000000;10121.000000;0.000000;1290.233398
966.000000;7934.000000;6757.000000;0.000000;480519.000000;10121.000000;0.000000;1291.602173
967.000000;7934.000000;6558.000000;0.000000;410519.000000;10160.000000;0.000000;1292.964355
968.000000;7934.000000;8079.000000;0.000000;450947.000000;10160.000000;0.000000;1294.320190
969.000000;7934.000000;7851.000000;0.000000;496540.000000;10121.000000;0.000000;1295.696411
970.000000;7934.000000;9230.000000;0.000000;381463.000000;10160.000000;0.000000;1297.104004
971.000000;7934.000000;7552.000000;0.000000;360251.000000;10121.000000;0.000000;1298.500488
972.000000;7934.000000;6624.000000;0.000000;377185.000000;10160.000000;0.000000;1299.913208
973.000000;7934.000000;7122.000000;0.000000;350797.000000;10160.000000;0.000000;1301.327515
974.000000;7934.000000;7560.000000;0.000000;431895.000000;10121.000000;0.000000;1302.836304
975.000000;7934.000000;8065.000000;0.000000;401770.000000;10160.000000;0.000000;1304.262329
976.000000;7934.000000;7074.000000;0.000000;358700.000000;10160.000000;0.000000;1305.488281
977.000000;7934.000000;6614.000000;0.000000;391900.000000;10121.000000;0.000000;1306.704956
978.000000;7934.000000;6397.000000;0.000000;348361.000000;10121.000000;0.000000;1307.974976
979.000000;7934.000000;6716.000000;0.000000;462257.000000;10121.000000;0.000000;1309.221191
980.000000;7934.000000;6913.000000;0.000000;368842.000000;10121.000000;0.000000;1310.445923
981.000000;7934.000000;7204.000000;0.000000;479336.000000;10121.000000;0.000000;1311.925415
982.000000;7934.000000;6721.000000;0.000000;447185.000000;10160.000000;0.000000;1313.284180
983.000000;7934.000000;6730.000000;0.000000;512041.000000;10160.000000;0.000000;1314.637939
984.000000;7934.000000;6857.000000;0.000000;583144.000000;10121.000000;0.000000;1316.006714
985.000000;7934.000000;7322.000000;0.000000;550926.000000;10121.000000;0.000000;1317.379639
986.000000;7934.000000;6617.000000;0.000000;437550.000000;10121.000000;0.000000;1318.761475
987.000000;7934.000000;7650.000000;0.000000;441717.000000;10121.000000;0.000000;1320.166626
988.000000;7934.000000;7264.000000;0.000000;460525.000000;10160.000000;0.000000;1321.549316
989.000000;7934.000000;6742.000000;0.000000;445865.000000;10121.000000;0.000000;1322.931641
990.000000;7934.000000;8192.000000;0.000000;459766.000000;10121.000000;0.000000;1324.326172
991.000000;7934.000000;7370.000000;0.000000;389280.000000;10160.000000;0.000000;1325.744873
992.000000;7934.000000;6600.000000;0.000000;432960.000000;10160.000000;0.000000;1327.228516
993.000000;7934.000000;6315.000000;0.000000;427375.000000;10160.000000;0.000000;1328.623291
994.000000;7934.000000;6433.000000;0.000000;538964.000000;10121.000000;0.000000;1330.048218
995.000000;7934.000000;7520.000000;0.000000;512686.000000;10121.000000;0.000000;1331.301514
996.000000;7934.000000;7685.000000;0.000000;540268.000000;10121.000000;0.000000;1332.523804
997.000000;7934.000000;6019.000000;0.000000;421437.000000;10121.000000;0.000000;1333.744507
998.000000;7934.000000;9759.000000;0.000000;348155.000000;10160.000000;0.000000;1334.963379
999.000000;7934.000000;6604.000000;0.000000;500871.000000;10160.000000;0.000000;1336.182861
1000.000000;7934.000000;7825.000000;0.000000;481166.000000;10121.000000;0.000000;1337.618286
1001.000000;7934.000000;6809.000000;0.000000;454743.000000;10160.000000;0.000000;1339.678467
1002.000000;7934.000000;8473.000000;0.000000;409410.000000;10160.000000;0.000000;1341.044922
1003.000000;7934.000000;6854.000000;0.000000;565733.000000;10160.000000;0.000000;1342.410400
1004.000000;7934.000000;7819.000000;0.000000;534060.000000;10160.000000;0.000000;1343.787476
1005.000000;7934.000000;6891.000000;0.000000;545539.000000;10160.000000;0.000000;1345.167236
1006.000000;7934.000000;7159.000000;0.000000;418346.000000;10160.000000;0.000000;1346.548462
1007.000000;7934.000000;6789.000000;0.000000;416162.000000;10121.000000;0.000000;1347.909180
1008.000000;7934.000000;6414.000000;0.000000;431212.000000;10121.000000;0.000000;1349.255371
1009.000000;7934.000000;6847.000000;0.000000;417352.000000;10121.000000;0.000000;1350.633179
1010.000000;7934.000000;7377.000000;0.000000;464015.000000;10160.000000;0.000000;1352.023804
1011.000000;7934.000000;6785.000000;0.000000;424522.000000;10121.000000;0.000000;1353.389038
1012.000000;7934.000000;7154.000000;0.000000;449352.000000;10160.000000;0.000000;1354.757935
1013.000000;7934.000000;7595.000000;0.000000;446401.000000;10121.000000;0.000000;1356.120483
1014.000000;7934.000000;7063.000000;0.000000;465192.000000;10160.000000;0.000000;1357.462158
1015.000000;7934.000000;6354.000000;0.000000;435751.000000;10121.000000;0.000000;1358.667603
1016.000000;7934.000000;7288.000000;0.000000;429836.000000;10160.000000;0.000000;1359.889404
1017.000000;7934.000000;6334.000000;0.000000;531168.000000;10160.000000;0.000000;1361.088257
1018.000000;7934.000000;7881.000000;0.000000;321677.000000;10121.000000;0.000000;1362.284302
1019.000000;7934.000000;7765.000000;0.000000;477648.000000;10160.000000;0.000000;1363.475098
1020.000000;7934.000000;6891.000000;0.000000;450943.000000;10121.000000;0.000000;1364.750610
1021.000000;7934.000000;6948.000000;0.000000;393429.000000;10160.000000;0.000000;1366.245239
1022.000000;7934.000000;6842.000000;0.000000;515768.000000;10160.000000;0.000000;1367.589722
1023.000000;7934.000000;6590.000000;0.000000;500955.000000;10160.000000;0.000000;1368.931641
1024.000000;7934.000000;6878.000000;0.000000;454599.000000;10121.000000;0.000000;1370.305542
1025.000000;7934.000000;6762.000000;0.000000;479251.000000;10160.000000;0.000000;1371.660400
1026.000000;7934.000000;6879.000000;0.000000;479776.000000;10121.000000;0.000000;1373.014893
1027.000000;7934.000000;6737.000000;0.000000;543359.000000;10160.000000;0.000000;1374.366455
1028.000000;7934.000000;8674.000000;0.000000;496033.000000;10121.000000;0.000000;1375.719116
1029.000000;7934.000000;7983.000000;0.000000;476294.000000;10160.000000;0.000000;1377.073608
1030.000000;7934.000000;7803.000000;0.000000;439947.000000;10160.000000;0.000000;1378.416504
1031.000000;7934.000000;6295.000000;0.000000;464491.000000;10121.000000;0.000000;1379.798828
1032.000000;7934.000000;7213.000000;0.000000;487501.000000;10160.000000;0.000000;1381.145142
1033.000000;7934.000000;6757.000000;0.000000;463350.000000;10160.000000;0.000000;1382.487305
1034.000000;7934.000000;8255.000000;0.000000;378201.000000;10160.000000;0.000000;1383.833496
1035.000000;7934.000000;7185.000000;0.000000;464878.000000;10160.000000;0.000000;1385.094482
1036.000000;7934.000000;7344.000000;0.000000;347015.000000;10160.000000;0.000000;1386.274536
1037.000000;7934.000000;6444.000000;0.000000;410677.000000;10121.000000;0.000000;1387.463379
1038.000000;7934.000000;7311.000000;0.000000;434555.000000;10121.000000;0.000000;1388.655396
1039.000000;7934.000000;6832.000000;0.000000;491809.000000;10121.000000;0.000000;1389.866699
1040.000000;7934.000000;7232.000000;0.000000;411010.000000;10121.000000;0.000000;1391.045532
1041.000000;7934.000000;6289.000000;0.000000;471620.000000;10121.000000;0.000000;1392.476929
1042.000000;7934.000000;7158.000000;0.000000;446211.000000;10160.000000;0.000000;1393.801270
1043.000000;7934.000000;6893.000000;0.000000;574771.000000;10160.000000;0.000000;1395.125366
1044.000000;7934.000000;5907.000000;0.000000;526057.000000;10160.000000;0.000000;1396.454468
1045.000000;7934.000000;8056.000000;0.000000;532901.000000;10121.000000;0.000000;1397.793457
1046.000000;7934.000000;7357.000000;0.000000;365711.000000;10160.000000;0.000000;1399.122803
1047.000000;7934.000000;7622.000000;0.000000;544688.000000;10121.000000;0.000000;1400.537720
1048.000000;7934.000000;6150.000000;0.000000;617524.000000;10160.000000;0.000000;1401.871460
1049.000000;7934.000000;6607.000000;0.000000;387076.000000;10160.000000;0.000000;1403.200928
1050.000000;7934.000000;6955.000000;0.000000;492222.000000;10160.000000;0.000000;1404.530151
1051.000000;7934.000000;7503.000000;0.000000;358853.000000;10160.000000;0.000000;1405.860229
1052.000000;7934.000000;5761.000000;0.000000;498346.000000;10121.000000;0.000000;1407.194336
1053.000000;7934.000000;8304.000000;0.000000;518942.000000;10121.000000;0.000000;1408.532837
1054.000000;7934.000000;6306.000000;0.000000;519972.000000;10121.000000;0.000000;1409.935913
1055.000000;7934.000000;7792.000000;0.000000;266257.000000;10160.000000;0.000000;1411.294800
1056.000000;7934.000000;6622.000000;0.000000;400075.000000;10121.000000;0.000000;1412.649902
1057.000000;7934.000000;7186.000000;0.000000;302606.000000;10160.000000;0.000000;1414.003784
1058.000000;7934.000000;6412.000000;0.000000;457109.000000;10160.000000;0.000000;1415.346802
1059.000000;7934.000000;6899.000000;0.000000;576563.000000;10121.000000;0.000000;1416.538696
1060.000000;7934.000000;6337.000000;0.000000;412255.000000;10160.000000;0.000000;1417.735229
1061.000000;7934.000000;6642.000000;0.000000;480802.000000;10160.000000;0.000000;1419.229248
1062.000000;7934.000000;7337.000000;0.000000;458629.000000;10121.000000;0.000000;1420.588135
1063.000000;7934.000000;6946.000000;0.000000;357044.000000;10121.000000;0.000000;1421.921997
1064.000000;7934.000000;7558.000000;0.000000;419407.000000;10160.000000;0.000000;1423.263062
1065.000000;7934.000000;5901.000000;0.000000;388984.000000;10160.000000;0.000000;1424.716553
1066.000000;7934.000000;7295.000000;0.000000;390322.000000;10160.000000;0.000000;1426.057129
1067.000000;7934.000000;6203.000000;0.000000;546449.000000;10121.000000;0.000000;1427.398438
1068.000000;7934.000000;6311.000000;0.000000;542273.000000;10121.000000;0.000000;1428.739624
1069.000000;7934.000000;7982.000000;0.000000;440926.000000;10121.000000;0.000000;1430.109253
1070.000000;7934.000000;6285.000000;0.000000;538135.000000;10160.000000;0.000000;1431.482788
1071.000000;7934.000000;6993.000000;0.000000;450668.000000;10160.000000;0.000000;1432.848877
1072.000000;7934.000000;7177.000000;0.000000;397570.000000;10121.000000;0.000000;1434.204224
1073.000000;7934.000000;6618.000000;0.000000;493276.000000;10121.000000;0.000000;1435.557373
1074.000000;7934.000000;8006.000000;0.000000;515685.000000;10160.000000;0.000000;1436.909546
1075.000000;7934.000000;6437.000000;0.000000;400643.000000;10160.000000;0.000000;1438.119629
1076.000000;7934.000000;7858.000000;0.000000;468012.000000;10121.000000;0.000000;1439.291138
1077.000000;7934.000000;8304.000000;0.000000;440625.000000;10160.000000;0.000000;1440.500000
1078.000000;7934.000000;7022.000000;0.000000;398727.000000;10121.000000;0.000000;1441.672729
1079.000000;7934.000000;9939.000000;0.000000;421858.000000;10160.000000;0.000000;1442.843262
1080.000000;7934.000000;6473.000000;0.000000;380022.000000;10160.000000;0.000000;1444.016724
1081.000000;7934.000000;8378.000000;0.000000;456231.000000;10160.000000;0.000000;1445.439209
1082.000000;7934.000000;6750.000000;0.000000;452550.000000;10160.000000;0.000000;1446.753662
1083.000000;7934.000000;7723.000000;0.000000;317453.000000;10121.000000;0.000000;1448.062012
1084.000000;7934.000000;7056.000000;0.000000;464139.000000;10121.000000;0.000000;1449.378174
1085.000000;7934.000000;6182.000000;0.000000;391926.000000;10160.000000;0.000000;1450.735596
1086.000000;7934.000000;6939.000000;0.000000;497691.000000;10121.000000;0.000000;1452.057007
1087.000000;7934.000000;7407.000000;0.000000;423158.000000;10160.000000;0.000000;1453.376343
1088.000000;7934.000000;7024.000000;0.000000;444049.000000;10121.000000;0.000000;1454.697021
1089.000000;7934.000000;7842.000000;0.000000;437174.000000;10121.000000;0.000000;1456.018799
1090.000000;7934.000000;7705.000000;0.000000;484064.000000;10160.000000;0.000000;1457.411987
1091.000000;7934.000000;7016.000000;0.000000;321320.000000;10121.000000;0.000000;1458.767578
1092.000000;7934.000000;7886.000000;0.000000;498155.000000;10160.000000;0.000000;1460.130493
1093.000000;7934.000000;8115.000000;0.000000;378720.000000;10160.000000;0.000000;1461.468140
1094.000000;7934.000000;7173.000000;0.000000;358279.000000;10121.000000;0.000000;1462.801392
1095.000000;7934.000000;6913.000000;0.000000;317232.000000;10160.000000;0.000000;1464.070923
1096.000000;7934.000000;6980.000000;0.000000;480291.000000;10160.000000;0.000000;1465.234009
1097.000000;7934.000000;8205.000000;0.000000;402706.000000;10121.000000;0.000000;1466.394653
1098.000000;7934.000000;7367.000000;0.000000;522175.000000;10160.000000;0.000000;1467.563965
1099.000000;7934.000000;7510.000000;0.000000;443106.000000;10160.000000;0.000000;1468.735107
1100.000000;7934.000000;7917.000000;0.000000;455459.000000;10160.000000;0.000000;1469.909302
1101.000000;7934.000000;8302.000000;0.000000;320282.000000;10160.000000;0.000000;1471.372681
1102.000000;7934.000000;7555.000000;0.000000;414042.000000;10121.000000;0.000000;1472.683105
1103.000000;7934.000000;7118.000000;0.000000;431398.000000;10121.000000;0.000000;1473.990112
1104.000000;7934.000000;8348.000000;0.000000;361389.000000;10160.000000;0.000000;1475.313232
1105.000000;7934.000000;7548.000000;0.000000;445925.000000;10121.000000;0.000000;1476.631958
1106.000000;7934.000000;7548.000000;0.000000;435061.000000;10160.000000;0.000000;1477.964478
1107.000000;7934.000000;7967.000000;0.000000;294850.000000;10160.000000;0.000000;1479.283569
1108.000000;7934.000000;6368.000000;0.000000;484407.000000;10160.000000;0.000000;1480.639282
1109.000000;7934.000000;7390.000000;0.000000;384503.000000;10160.000000;0.000000;1481.959961
1110.000000;7934.000000;6715.000000;0.000000;496340.000000;10121.000000;0.000000;1483.277344
1111.000000;7934.000000;7534.000000;0.000000;439413.000000;10160.000000;0.000000;1484.747559
1112.000000;7934.000000;8161.000000;0.000000;367195.000000;10121.000000;0.000000;1486.084351
1113.000000;7934.000000;6432.000000;0.000000;410479.000000;10160.000000;0.000000;1487.417236
1114.000000;7934.000000;7344.000000;0.000000;533802.000000;10121.000000;0.000000;1488.748657
1115.000000;7934.000000;7433.000000;0.000000;457553.000000;10160.000000;0.000000;1490.005859
1116.000000;7934.000000;7751.000000;0.000000;448816.000000;10121.000000;0.000000;1491.216064
1117.000000;7934.000000;6469.000000;0.000000;469315.000000;10160.000000;0.000000;1492.399292
1118.000000;7934.000000;7207.000000;0.000000;377912.000000;10121.000000;0.000000;1493.581177
1119.000000;7934.000000;7738.000000;0.000000;559388.000000;10121.000000;0.000000;1494.765259
1120.000000;7934.000000;7396.000000;0.000000;530269.000000;10121.000000;0.000000;1495.947388
1121.000000;7934.000000;8253.000000;0.000000;499066.000000;10121.000000;0.000000;1497.379517
1122.000000;7934.000000;7160.000000;0.000000;401700.000000;10121.000000;0.000000;1498.706299
1123.000000;7934.000000;7605.000000;0.000000;420047.000000;10121.000000;0.000000;1500.023926
1124.000000;7934.000000;7687.000000;0.000000;384662.000000;10121.000000;0.000000;1501.402344
1125.000000;7934.000000;7590.000000;0.000000;406724.000000;10160.000000;0.000000;1502.737671
1126.000000;7934.000000;7201.000000;0.000000;402598.000000;10121.000000;0.000000;1504.069458
1127.000000;7934.000000;7388.000000;0.000000;344755.000000;10160.000000;0.000000;1505.401733
1128.000000;7934.000000;6678.000000;0.000000;404346.000000;10121.000000;0.000000;1506.734741
1129.000000;7934.000000;7829.000000;0.000000;603425.000000;10121.000000;0.000000;1508.070435
1130.000000;7934.000000;6886.000000;0.000000;330013.000000;10121.000000;0.000000;1509.399536
1131.000000;7934.000000;7999.000000;0.000000;476584.000000;10121.000000;0.000000;1510.816040
1132.000000;7934.000000;7222.000000;0.000000;397249.000000;10121.000000;0.000000;1512.164429
1133.000000;7934.000000;7477.000000;0.000000;367045.000000;10121.000000;0.000000;1513.513184
1134.000000;7934.000000;7665.000000;0.000000;302379.000000;10160.000000;0.000000;1514.866089
1135.000000;7934.000000;6752.000000;0.000000;373645.000000;10121.000000;0.000000;1516.147339
1136.000000;7934.000000;7055.000000;0.000000;438179.000000;10121.000000;0.000000;1517.333618
1137.000000;7934.000000;6631.000000;0.000000;450980.000000;10160.000000;0.000000;1518.529785
1138.000000;7934.000000;7985.000000;0.000000;411438.000000;10160.000000;0.000000;1519.722900
1139.000000;7934.000000;6689.000000;0.000000;307398.000000;10121.000000;0.000000;1520.937012
1140.000000;7934.000000;7887.000000;0.000000;444569.000000;10121.000000;0.000000;1522.124634
1141.000000;7934.000000;8534.000000;0.000000;322685.000000;10160.000000;0.000000;1523.807251
1142.000000;7934.000000;8486.000000;0.000000;476188.000000;10121.000000;0.000000;1525.340210
1143.000000;7934.000000;7944.000000;0.000000;423227.000000;10160.000000;0.000000;1527.057129
1144.000000;7934.000000;6858.000000;0.000000;483851.000000;10121.000000;0.000000;1528.838989
1145.000000;7934.000000;7894.000000;0.000000;421740.000000;10121.000000;0.000000;1530.750000
1146.000000;7934.000000;7729.000000;0.000000;517651.000000;10160.000000;0.000000;1532.115967
1147.000000;7934.000000;6177.000000;0.000000;374789.000000;10121.000000;0.000000;1533.475220
1148.000000;7934.000000;6737.000000;0.000000;499013.000000;10121.000000;0.000000;1534.828125
1149.000000;7934.000000;6735.000000;0.000000;421940.000000;10160.000000;0.000000;1536.212891
1150.000000;7934.000000;6690.000000;0.000000;422138.000000;10121.000000;0.000000;1537.592163
1151.000000;7934.000000;6809.000000;0.000000;487438.000000;10121.000000;0.000000;1538.963135
1152.000000;7934.000000;6119.000000;0.000000;588205.000000;10160.000000;0.000000;1540.480347
1153.000000;7934.000000;7119.000000;0.000000;469060.000000;10160.000000;0.000000;1541.857178
1154.000000;7934.000000;5224.000000;0.000000;361579.000000;10121.000000;0.000000;1543.061157
1155.000000;7934.000000;8275.000000;0.000000;415487.000000;10160.000000;0.000000;1544.292358
1156.000000;7934.000000;7534.000000;0.000000;465332.000000;10121.000000;0.000000;1545.497070
1157.000000;7934.000000;6807.000000;0.000000;367482.000000;10121.000000;0.000000;1546.697632
1158.000000;7934.000000;8146.000000;0.000000;359332.000000;10121.000000;0.000000;1547.895142
1159.000000;7934.000000;7277.000000;0.000000;416599.000000;10121.000000;0.000000;1549.086548
1160.000000;7934.000000;6602.000000;0.000000;473854.000000;10121.000000;0.000000;1550.275757
1161.000000;7934.000000;6730.000000;0.000000;419176.000000;10160.000000;0.000000;1551.781982
1162.000000;7934.000000;7809.000000;0.000000;414250.000000;10160.000000;0.000000;1553.120728
1163.000000;7934.000000;6884.000000;0.000000;519151.000000;10121.000000;0.000000;1554.465332
1164.000000;7934.000000;7665.000000;0.000000;456578.000000;10160.000000;0.000000;1555.828491
1165.000000;7934.000000;6968.000000;0.000000;558303.000000;10160.000000;0.000000;1557.291748
1166.000000;7934.000000;7029.000000;0.000000;389436.000000;10160.000000;0.000000;1558.830200
1167.000000;7934.000000;7524.000000;0.000000;471677.000000;10121.000000;0.000000;1560.294556
1168.000000;7934.000000;7056.000000;0.000000;465486.000000;10160.000000;0.000000;1561.649292
1169.000000;7934.000000;7382.000000;0.000000;362308.000000;10160.000000;0.000000;1563.012085
1170.000000;7934.000000;7060.000000;0.000000;426728.000000;10121.000000;0.000000;1564.407104
1171.000000;7934.000000;8013.000000;0.000000;504793.000000;10121.000000;0.000000;1565.795776
1172.000000;7934.000000;7499.000000;0.000000;458709.000000;10121.000000;0.000000;1567.187012
1173.000000;7934.000000;7523.000000;0.000000;487712.000000;10160.000000;0.000000;1568.674072
1174.000000;7934.000000;8312.000000;0.000000;455878.000000;10121.000000;0.000000;1570.046509
1175.000000;7934.000000;7214.000000;0.000000;447868.000000;10160.000000;0.000000;1571.311035
1176.000000;7934.000000;7328.000000;0.000000;470509.000000;10121.000000;0.000000;1572.527832
1177.000000;7934.000000;6471.000000;0.000000;624357.000000;10121.000000;0.000000;1573.739258
1178.000000;7934.000000;7221.000000;0.000000;535168.000000;10160.000000;0.000000;1574.961182
1179.000000;7934.000000;6872.000000;0.000000;473436.000000;10121.000000;0.000000;1576.177612
1180.000000;7934.000000;7629.000000;0.000000;419814.000000;10160.000000;0.000000;1577.392700
1181.000000;7934.000000;6333.000000;0.000000;428935.000000;10121.000000;0.000000;1578.882324
1182.000000;7934.000000;7802.000000;0.000000;473712.000000;10160.000000;0.000000;1580.237549
1183.000000;7934.000000;7314.000000;0.000000;390277.000000;10121.000000;0.000000;1581.629517
1184.000000;7934.000000;6637.000000;0.000000;566169.000000;10160.000000;0.000000;1582.996216
1185.000000;7934.000000;7121.000000;0.000000;426759.000000;10160.000000;0.000000;1584.361572
1186.000000;7934.000000;6118.000000;0.000000;503746.000000;10160.000000;0.000000;1585.746826
1187.000000;7934.000000;6576.000000;0.000000;499036.000000;10121.000000;0.000000;1587.202515
1188.000000;7934.000000;6855.000000;0.000000;367085.000000;10160.000000;0.000000;1588.596924
1189.000000;7934.000000;6870.000000;0.000000;488640.000000;10160.000000;0.000000;1589.968018
1190.000000;7934.000000;6358.000000;0.000000;520002.000000;10160.000000;0.000000;1591.390991
1191.000000;7934.000000;6722.000000;0.000000;533431.000000;10121.000000;0.000000;1592.772705
1192.000000;7934.000000;7364.000000;0.000000;506244.000000;10121.000000;0.000000;1594.175903
1193.000000;7934.000000;7892.000000;0.000000;464448.000000;10121.000000;0.000000;1595.578247
1194.000000;7934.000000;6404.000000;0.000000;497522.000000;10160.000000;0.000000;1596.973633
1195.000000;7934.000000;7396.000000;0.000000;410744.000000;10160.000000;0.000000;1598.375366
1196.000000;7934.000000;7601.000000;0.000000;334262.000000;10121.000000;0.000000;1599.773315
1197.000000;7934.000000;7094.000000;0.000000;475494.000000;10160.000000;0.000000;1601.046875
1198.000000;7934.000000;8319.000000;0.000000;445953.000000;10121.000000;0.000000;1602.277710
1199.000000;7934.000000;7760.000000;0.000000;434512.000000;10160.000000;0.000000;1603.500488
1200.000000;7934.000000;7286.000000;0.000000;415537.000000;10121.000000;0.000000;1604.889404
1201.000000;7934.000000;6325.000000;0.000000;516991.000000;10121.000000;0.000000;1606.399048
1202.000000;7934.000000;7343.000000;0.000000;418223.000000;10121.000000;0.000000;1607.814697
1203.000000;7934.000000;7516.000000;0.000000;493738.000000;10160.000000;0.000000;1609.182617
1204.000000;7934.000000;6780.000000;0.000000;504994.000000;10121.000000;0.000000;1610.559937
1205.000000;7934.000000;7121.000000;0.000000;456520.000000;10121.000000;0.000000;1611.971436
1206.000000;7934.000000;7489.000000;0.000000;450751.000000;10121.000000;0.000000;1613.350830
1207.000000;7934.000000;7137.000000;0.000000;506100.000000;10160.000000;0.000000;1614.728149
1208.000000;7934.000000;8476.000000;0.000000;409734.000000;10160.000000;0.000000;1616.107788
1209.000000;7934.000000;7253.000000;0.000000;364403.000000;10121.000000;0.000000;1617.474976
1210.000000;7934.000000;7153.000000;0.000000;533566.000000;10160.000000;0.000000;1618.859375
1211.000000;7934.000000;7716.000000;0.000000;484080.000000;10121.000000;0.000000;1620.229614
1212.000000;7934.000000;7768.000000;0.000000;379698.000000;10160.000000;0.000000;1621.621582
1213.000000;7934.000000;7245.000000;0.000000;549815.000000;10121.000000;0.000000;1622.984131
1214.000000;7934.000000;7439.000000;0.000000;405390.000000;10121.000000;0.000000;1624.337402
1215.000000;7934.000000;7007.000000;0.000000;470601.000000;10160.000000;0.000000;1625.548828
1216.000000;7934.000000;5970.000000;0.000000;419547.000000;10160.000000;0.000000;1626.740356
1217.000000;7934.000000;8134.000000;0.000000;482343.000000;10121.000000;0.000000;1627.937500
1218.000000;7934.000000;8971.000000;0.000000;502364.000000;10121.000000;0.000000;1629.142456
1219.000000;7934.000000;8805.000000;0.000000;485654.000000;10160.000000;0.000000;1630.352539
1220.000000;7934.000000;6569.000000;0.000000;485304.000000;10160.000000;0.000000;1631.584595
1221.000000;7934.000000;7691.000000;0.000000;560350.000000;10121.000000;0.000000;1633.068481
1222.000000;7934.000000;7714.000000;0.000000;505580.000000;10160.000000;0.000000;1634.424561
1223.000000;7934.000000;7297.000000;0.000000;431692.000000;10121.000000;0.000000;1635.762817
1224.000000;7934.000000;6622.000000;0.000000;530026.000000;10160.000000;0.000000;1637.116699
1225.000000;7934.000000;6224.000000;0.000000;403510.000000;10121.000000;0.000000;1638.471069
1226.000000;7934.000000;6672.000000;0.000000;487584.000000;10160.000000;0.000000;1639.825073
1227.000000;7934.000000;7616.000000;0.000000;456441.000000;10121.000000;0.000000;1641.187378
1228.000000;7934.000000;7282.000000;0.000000;424972.000000;10160.000000;0.000000;1642.553833
1229.000000;7934.000000;6607.000000;0.000000;396622.000000;10160.000000;0.000000;1643.914307
1230.000000;7934.000000;6558.000000;0.000000;481596.000000;10121.000000;0.000000;1645.278442
1231.000000;7934.000000;6638.000000;0.000000;575721.000000;10160.000000;0.000000;1646.668579
1232.000000;7934.000000;6602.000000;0.000000;507307.000000;10160.000000;0.000000;1648.024048
1233.000000;7934.000000;6181.000000;0.000000;435984.000000;10121.000000;0.000000;1649.371704
1234.000000;7934.000000;5998.000000;0.000000;437049.000000;10160.000000;0.000000;1650.716064
1235.000000;7934.000000;7350.000000;0.000000;408949.000000;10121.000000;0.000000;1651.980103
1236.000000;7934.000000;7031.000000;0.000000;416137.000000;10121.000000;0.000000;1653.158936
1237.000000;7934.000000;8678.000000;0.000000;355914.000000;10160.000000;0.000000;1654.341187
1238.000000;7934.000000;7397.000000;0.000000;515654.000000;10121.000000;0.000000;1655.527954
1239.000000;7934.000000;7822.000000;0.000000;470240.000000;10121.000000;0.000000;1656.707764
1240.000000;7934.000000;7852.000000;0.000000;412564.000000;10121.000000;0.000000;1657.915405
1241.000000;7934.000000;6691.000000;0.000000;588811.000000;10121.000000;0.000000;1659.343384
1242.000000;7934.000000;7509.000000;0.000000;421458.000000;10121.000000;0.000000;1660.665527
1243.000000;7934.000000;8814.000000;0.000000;334473.000000;10121.000000;0.000000;1662.022705
1244.000000;7934.000000;7735.000000;0.000000;375692.000000;10121.000000;0.000000;1663.350586
1245.000000;7934.000000;6887.000000;0.000000;404956.000000;10160.000000;0.000000;1664.786987
1246.000000;7934.000000;8198.000000;0.000000;462751.000000;10121.000000;0.000000;1666.115723
1247.000000;7934.000000;7757.000000;0.000000;391882.000000;10121.000000;0.000000;1667.447266
1248.000000;7934.000000;6235.000000;0.000000;413191.000000;10160.000000;0.000000;1668.776245
1249.000000;7934.000000;7157.000000;0.000000;512423.000000;10121.000000;0.000000;1670.105713
1250.000000;7934.000000;6839.000000;0.000000;484878.000000;10160.000000;0.000000;1671.461060
1251.000000;7934.000000;6730.000000;0.000000;357581.000000;10121.000000;0.000000;1672.829834
1252.000000;7934.000000;7000.000000;0.000000;404964.000000;10160.000000;0.000000;1674.173828
1253.000000;7934.000000;5976.000000;0.000000;369844.000000;10160.000000;0.000000;1675.516724
1254.000000;7934.000000;7953.000000;0.000000;378713.000000;10121.000000;0.000000;1676.856445
1255.000000;7934.000000;6449.000000;0.000000;406385.000000;10160.000000;0.000000;1678.088135
1256.000000;7934.000000;7752.000000;0.000000;518358.000000;10121.000000;0.000000;1679.249268
1257.000000;7934.000000;6899.000000;0.000000;485356.000000;10160.000000;0.000000;1680.411133
1258.000000;7934.000000;7187.000000;0.000000;419703.000000;10121.000000;0.000000;1681.597046
1259.000000;7934.000000;7383.000000;0.000000;497865.000000;10160.000000;0.000000;1682.764282
1260.000000;7934.000000;6205.000000;0.000000;456990.000000;10160.000000;0.000000;1683.926514
1261.000000;7934.000000;6762.000000;0.000000;500647.000000;10121.000000;0.000000;1685.343140
1262.000000;7934.000000;6614.000000;0.000000;441369.000000;10160.000000;0.000000;1686.638062
1263.000000;7934.000000;7238.000000;0.000000;479670.000000;10160.000000;0.000000;1687.931641
1264.000000;7934.000000;6308.000000;0.000000;417547.000000;10160.000000;0.000000;1689.239258
1265.000000;7934.000000;6588.000000;0.000000;395224.000000;10121.000000;0.000000;1690.544067
1266.000000;7934.000000;6579.000000;0.000000;360180.000000;10160.000000;0.000000;1691.880981
1267.000000;7934.000000;7239.000000;0.000000;550727.000000;10121.000000;0.000000;1693.190430
1268.000000;7934.000000;6523.000000;0.000000;418421.000000;10121.000000;0.000000;1694.499878
1269.000000;7934.000000;6213.000000;0.000000;468921.000000;10121.000000;0.000000;1695.803345
1270.000000;7934.000000;6921.000000;0.000000;399963.000000;10160.000000;0.000000;1697.099854
1271.000000;7934.000000;7933.000000;0.000000;565770.000000;10121.000000;0.000000;1698.434692
1272.000000;7934.000000;5894.000000;0.000000;454484.000000;10160.000000;0.000000;1699.742554
1273.000000;7934.000000;7323.000000;0.000000;405054.000000;10121.000000;0.000000;1701.050903
1274.000000;7934.000000;7011.000000;0.000000;313919.000000;10121.000000;0.000000;1702.396729
1275.000000;7934.000000;6472.000000;0.000000;468293.000000;10160.000000;0.000000;1703.676270
1276.000000;7934.000000;6402.000000;0.000000;480543.000000;10121.000000;0.000000;1704.842163
1277.000000;7934.000000;6286.000000;0.000000;549501.000000;10121.000000;0.000000;1706.007324
1278.000000;7934.000000;6678.000000;0.000000;465304.000000;10160.000000;0.000000;1707.175171
1279.000000;7934.000000;7415.000000;0.000000;486654.000000;10121.000000;0.000000;1708.351196
1280.000000;7934.000000;6658.000000;0.000000;516397.000000;10121.000000;0.000000;1709.525269
1281.000000;7934.000000;7639.000000;0.000000;442543.000000;10121.000000;0.000000;1710.951050
1282.000000;7934.000000;6826.000000;0.000000;496941.000000;10160.000000;0.000000;1712.293457
1283.000000;7934.000000;8026.000000;0.000000;447498.000000;10121.000000;0.000000;1713.599731
1284.000000;7934.000000;6043.000000;0.000000;385162.000000;10121.000000;0.000000;1714.920532
1285.000000;7934.000000;7896.000000;0.000000;500790.000000;10121.000000;0.000000;1716.236084
1286.000000;7934.000000;7621.000000;0.000000;363707.000000;10160.000000;0.000000;1717.611450
1287.000000;7934.000000;6923.000000;0.000000;480445.000000;10160.000000;0.000000;1718.935669
1288.000000;7934.000000;6581.000000;0.000000;436336.000000;10160.000000;0.000000;1720.251343
1289.000000;7934.000000;7729.000000;0.000000;378163.000000;10160.000000;0.000000;1721.564087
1290.000000;7934.000000;9241.000000;0.000000;343312.000000;10121.000000;0.000000;1722.901489
1291.000000;7934.000000;9260.000000;0.000000;382123.000000;10160.000000;0.000000;1724.285767
1292.000000;7934.000000;7917.000000;0.000000;293729.000000;10121.000000;0.000000;1725.618652
1293.000000;7934.000000;8013.000000;0.000000;409765.000000;10121.000000;0.000000;1726.943726
1294.000000;7934.000000;6120.000000;0.000000;545981.000000;10160.000000;0.000000;1728.272949
1295.000000;7934.000000;6968.000000;0.000000;389528.000000;10160.000000;0.000000;1729.532593
1296.000000;7934.000000;8680.000000;0.000000;359036.000000;10121.000000;0.000000;1730.698242
1297.000000;7934.000000;8902.000000;0.000000;283910.000000;10121.000000;0.000000;1731.882690
1298.000000;7934.000000;7403.000000;0.000000;409211.000000;10121.000000;0.000000;1733.054077
1299.000000;7934.000000;6763.000000;0.000000;506287.000000;10160.000000;0.000000;1734.221924
1300.000000;7934.000000;6419.000000;0.000000;496807.000000;10160.000000;0.000000;1735.390503
1301.000000;7934.000000;6924.000000;0.000000;528689.000000;10160.000000;0.000000;1736.821777
1302.000000;7934.000000;7305.000000;0.000000;392871.000000;10160.000000;0.000000;1738.136841
1303.000000;7934.000000;6453.000000;0.000000;419315.000000;10121.000000;0.000000;1739.455566
1304.000000;7934.000000;7993.000000;0.000000;497971.000000;10160.000000;0.000000;1740.785522
1305.000000;7934.000000;7175.000000;0.000000;409813.000000;10160.000000;0.000000;1742.150024
1306.000000;7934.000000;7099.000000;0.000000;475338.000000;10121.000000;0.000000;1743.481201
1307.000000;7934.000000;6787.000000;0.000000;567972.000000;10160.000000;0.000000;1744.811523
1308.000000;7934.000000;7989.000000;0.000000;456529.000000;10160.000000;0.000000;1746.138794
1309.000000;7934.000000;7228.000000;0.000000;549609.000000;10121.000000;0.000000;1747.470703
1310.000000;7934.000000;7629.000000;0.000000;443994.000000;10160.000000;0.000000;1748.805908
1311.000000;7934.000000;5761.000000;0.000000;543954.000000;10160.000000;0.000000;1750.172974
1312.000000;7934.000000;7281.000000;0.000000;554721.000000;10121.000000;0.000000;1751.520752
1313.000000;7934.000000;6546.000000;0.000000;431537.000000;10160.000000;0.000000;1752.890503
1314.000000;7934.000000;7209.000000;0.000000;428921.000000;10160.000000;0.000000;1754.240723
1315.000000;7934.000000;6827.000000;0.000000;518791.000000;10160.000000;0.000000;1755.489380
1316.000000;7934.000000;5941.000000;0.000000;553831.000000;10160.000000;0.000000;1756.665283
1317.000000;7934.000000;7654.000000;0.000000;444133.000000;10160.000000;0.000000;1757.843872
1318.000000;7934.000000;7256.000000;0.000000;433242.000000;10160.000000;0.000000;1759.019653
1319.000000;7934.000000;6693.000000;0.000000;397255.000000;10160.000000;0.000000;1760.196045
1320.000000;7934.000000;7292.000000;0.000000;514278.000000;10121.000000;0.000000;1761.380615
1321.000000;7934.000000;6791.000000;0.000000;444331.000000;10121.000000;0.000000;1762.868530
1322.000000;7934.000000;6771.000000;0.000000;451866.000000;10121.000000;0.000000;1764.208862
1323.000000;7934.000000;7180.000000;0.000000;371134.000000;10160.000000;0.000000;1765.529053
1324.000000;7934.000000;7310.000000;0.000000;517986.000000;10121.000000;0.000000;1766.859131
1325.000000;7934.000000;6666.000000;0.000000;436504.000000;10160.000000;0.000000;1768.202026
1326.000000;7934.000000;7399.000000;0.000000;497044.000000;10121.000000;0.000000;1769.539551
1327.000000;7934.000000;7171.000000;0.000000;550053.000000;10160.000000;0.000000;1770.875977
1328.000000;7934.000000;9113.000000;0.000000;519652.000000;10121.000000;0.000000;1772.248779
1329.000000;7934.000000;7442.000000;0.000000;507193.000000;10160.000000;0.000000;1773.587036
1330.000000;7934.000000;7371.000000;0.000000;482785.000000;10160.000000;0.000000;1774.920898
1331.000000;7934.000000;6712.000000;0.000000;592730.000000;10160.000000;0.000000;1776.249756
1332.000000;7934.000000;7287.000000;0.000000;446876.000000;10121.000000;0.000000;1777.586426
1333.000000;7934.000000;9183.000000;0.000000;380837.000000;10160.000000;0.000000;1778.919189
1334.000000;7934.000000;6263.000000;0.000000;531931.000000;10160.000000;0.000000;1780.260376
1335.000000;7934.000000;6608.000000;0.000000;541351.000000;10160.000000;0.000000;1781.639526
1336.000000;7934.000000;6780.000000;0.000000;564718.000000;10160.000000;0.000000;1783.024536
1337.000000;7934.000000;7624.000000;0.000000;457518.000000;10121.000000;0.000000;1784.492554
1338.000000;7934.000000;6637.000000;0.000000;524253.000000;10121.000000;0.000000;1785.848633
1339.000000;7934.000000;7053.000000;0.000000;492293.000000;10121.000000;0.000000;1787.187134
1340.000000;7934.000000;6226.000000;0.000000;432808.000000;10121.000000;0.000000;1788.388306
1341.000000;7934.000000;6294.000000;0.000000;557080.000000;10160.000000;0.000000;1789.848022
1342.000000;7934.000000;6710.000000;0.000000;438021.000000;10160.000000;0.000000;1791.179443
1343.000000;7934.000000;6960.000000;0.000000;447707.000000;10160.000000;0.000000;1792.538574
1344.000000;7934.000000;6750.000000;0.000000;501367.000000;10121.000000;0.000000;1793.882446
1345.000000;7934.000000;7092.000000;0.000000;475679.000000;10160.000000;0.000000;1795.222656
1346.000000;7934.000000;6934.000000;0.000000;418378.000000;10121.000000;0.000000;1796.562744
1347.000000;7934.000000;6869.000000;0.000000;488402.000000;10160.000000;0.000000;1797.910400
1348.000000;7934.000000;7415.000000;0.000000;476720.000000;10160.000000;0.000000;1799.263916
1349.000000;7934.000000;7456.000000;0.000000;555304.000000;10121.000000;0.000000;1800.618408
1350.000000;7934.000000;7075.000000;0.000000;484359.000000;10160.000000;0.000000;1801.977905
1351.000000;7934.000000;6931.000000;0.000000;544212.000000;10160.000000;0.000000;1803.392090
1352.000000;7934.000000;6703.000000;0.000000;363829.000000;10121.000000;0.000000;1804.761597
1353.000000;7934.000000;7004.000000;0.000000;441793.000000;10121.000000;0.000000;1806.133423
1354.000000;7934.000000;8240.000000;0.000000;416065.000000;10121.000000;0.000000;1807.506592
1355.000000;7934.000000;7168.000000;0.000000;468505.000000;10121.000000;0.000000;1808.766479
1356.000000;7934.000000;6799.000000;0.000000;444301.000000;10160.000000;0.000000;1809.964722
1357.000000;7934.000000;7739.000000;0.000000;372819.000000;10121.000000;0.000000;1811.160522
1358.000000;7934.000000;7435.000000;0.000000;381106.000000;10121.000000;0.000000;1812.388062
1359.000000;7934.000000;7379.000000;0.000000;417261.000000;10121.000000;0.000000;1813.591187
1360.000000;7934.000000;7426.000000;0.000000;463515.000000;10160.000000;0.000000;1814.793335
1361.000000;7934.000000;7195.000000;0.000000;458434.000000;10160.000000;0.000000;1816.338379
1362.000000;7934.000000;6985.000000;0.000000;410836.000000;10121.000000;0.000000;1817.678101
1363.000000;7934.000000;6590.000000;0.000000;458974.000000;10160.000000;0.000000;1819.026733
1364.000000;7934.000000;7860.000000;0.000000;418362.000000;10160.000000;0.000000;1820.384521
1365.000000;7934.000000;7947.000000;0.000000;456947.000000;10160.000000;0.000000;1821.740112
1366.000000;7934.000000;6437.000000;0.000000;469392.000000;10121.000000;0.000000;1823.130737
1367.000000;7934.000000;7063.000000;0.000000;434113.000000;10121.000000;0.000000;1824.492188
1368.000000;7934.000000;7003.000000;0.000000;388069.000000;10160.000000;0.000000;1825.846436
1369.000000;7934.000000;8944.000000;0.000000;446047.000000;10160.000000;0.000000;1827.200684
1370.000000;7934.000000;6843.000000;0.000000;466950.000000;10121.000000;0.000000;1828.588379
1371.000000;7934.000000;7892.000000;0.000000;516945.000000;10121.000000;0.000000;1829.980713
1372.000000;7934.000000;6815.000000;0.000000;532608.000000;10160.000000;0.000000;1831.358887
1373.000000;7934.000000;7093.000000;0.000000;460969.000000;10121.000000;0.000000;1832.788818
1374.000000;7934.000000;7011.000000;0.000000;441167.000000;10121.000000;0.000000;1834.170654
1375.000000;7934.000000;7668.000000;0.000000;607251.000000;10160.000000;0.000000;1835.407959
1376.000000;7934.000000;7247.000000;0.000000;298059.000000;10121.000000;0.000000;1836.616455
1377.000000;7934.000000;7381.000000;0.000000;484008.000000;10160.000000;0.000000;1837.834351
1378.000000;7934.000000;7510.000000;0.000000;390320.000000;10121.000000;0.000000;1839.050781
1379.000000;7934.000000;6641.000000;0.000000;604972.000000;10160.000000;0.000000;1840.404297
1380.000000;7934.000000;6986.000000;0.000000;591095.000000;10121.000000;0.000000;1841.623657
1381.000000;7934.000000;6155.000000;0.000000;413508.000000;10160.000000;0.000000;1843.132446
1382.000000;7934.000000;7772.000000;0.000000;389330.000000;10121.000000;0.000000;1844.516479
1383.000000;7934.000000;7138.000000;0.000000;463466.000000;10121.000000;0.000000;1845.871704
1384.000000;7934.000000;7405.000000;0.000000;495847.000000;10121.000000;0.000000;1847.236450
1385.000000;7934.000000;7540.000000;0.000000;353694.000000;10121.000000;0.000000;1848.667603
1386.000000;7934.000000;7438.000000;0.000000;511762.000000;10160.000000;0.000000;1850.031860
1387.000000;7934.000000;6596.000000;0.000000;477218.000000;10121.000000;0.000000;1851.398804
1388.000000;7934.000000;9640.000000;0.000000;416860.000000;10121.000000;0.000000;1852.785889
1389.000000;7934.000000;6730.000000;0.000000;459297.000000;10160.000000;0.000000;1854.149170
1390.000000;7934.000000;6831.000000;0.000000;499751.000000;10121.000000;0.000000;1855.534180
1391.000000;7934.000000;7781.000000;0.000000;420069.000000;10121.000000;0.000000;1856.934937
1392.000000;7934.000000;8386.000000;0.000000;507755.000000;10160.000000;0.000000;1858.328979
1393.000000;7934.000000;7604.000000;0.000000;407151.000000;10121.000000;0.000000;1859.727173
1394.000000;7934.000000;8681.000000;0.000000;377770.000000;10160.000000;0.000000;1861.121826
1395.000000;7934.000000;7582.000000;0.000000;317567.000000;10160.000000;0.000000;1862.376099
1396.000000;7934.000000;8684.000000;0.000000;382300.000000;10160.000000;0.000000;1863.654785
1397.000000;7934.000000;7934.000000;0.000000;468889.000000;10160.000000;0.000000;1864.900269
1398.000000;7934.000000;6788.000000;0.000000;575920.000000;10160.000000;0.000000;1866.119385
1399.000000;7934.000000;7183.000000;0.000000;489000.000000;10160.000000;0.000000;1867.342163
1400.000000;7934.000000;7145.000000;0.000000;529129.000000;10121.000000;0.000000;1868.561646
1401.000000;7934.000000;6159.000000;0.000000;362855.000000;10121.000000;0.000000;1870.077881
1402.000000;7934.000000;8055.000000;0.000000;444239.000000;10121.000000;0.000000;1871.448120
1403.000000;7934.000000;7750.000000;0.000000;472514.000000;10160.000000;0.000000;1872.854736
1404.000000;7934.000000;7646.000000;0.000000;396570.000000;10121.000000;0.000000;1874.239868
1405.000000;7934.000000;6049.000000;0.000000;482478.000000;10121.000000;0.000000;1875.628784
1406.000000;7934.000000;8393.000000;0.000000;506059.000000;10160.000000;0.000000;1877.010986
1407.000000;7934.000000;7277.000000;0.000000;410551.000000;10160.000000;0.000000;1878.391479
1408.000000;7934.000000;8541.000000;0.000000;383128.000000;10160.000000;0.000000;1879.774170
1409.000000;7934.000000;7212.000000;0.000000;363544.000000;10121.000000;0.000000;1881.154053
1410.000000;7934.000000;7762.000000;0.000000;493915.000000;10121.000000;0.000000;1882.564819
1411.000000;7934.000000;7266.000000;0.000000;413078.000000;10121.000000;0.000000;1883.993774
1412.000000;7934.000000;7384.000000;0.000000;516740.000000;10121.000000;0.000000;1885.393066
1413.000000;7934.000000;6264.000000;0.000000;427635.000000;10160.000000;0.000000;1886.794189
1414.000000;7934.000000;7239.000000;0.000000;463316.000000;10160.000000;0.000000;1888.166626
1415.000000;7934.000000;7008.000000;0.000000;412780.000000;10121.000000;0.000000;1889.373779
1416.000000;7934.000000;7213.000000;0.000000;526914.000000;10121.000000;0.000000;1890.569336
1417.000000;7934.000000;7409.000000;0.000000;456787.000000;10160.000000;0.000000;1891.764893
1418.000000;7934.000000;6431.000000;0.000000;426279.000000;10160.000000;0.000000;1892.985840
1419.000000;7934.000000;8370.000000;0.000000;367770.000000;10160.000000;0.000000;1894.186035
1420.000000;7934.000000;7223.000000;0.000000;538244.000000;10121.000000;0.000000;1895.380737
1421.000000;7934.000000;7645.000000;0.000000;449758.000000;10121.000000;0.000000;1896.851196
1422.000000;7934.000000;6713.000000;0.000000;471467.000000;10160.000000;0.000000;1898.212158
1423.000000;7934.000000;7894.000000;0.000000;537273.000000;10121.000000;0.000000;1899.549316
1424.000000;7934.000000;7051.000000;0.000000;386700.000000;10121.000000;0.000000;1900.899048
1425.000000;7934.000000;7697.000000;0.000000;335987.000000;10160.000000;0.000000;1902.252319
1426.000000;7934.000000;8581.000000;0.000000;414203.000000;10160.000000;0.000000;1903.642456
1427.000000;7934.000000;6480.000000;0.000000;366007.000000;10160.000000;0.000000;1905.112915
1428.000000;7934.000000;8607.000000;0.000000;418041.000000;10160.000000;0.000000;1906.467896
1429.000000;7934.000000;8080.000000;0.000000;408461.000000;10121.000000;0.000000;1907.885010
1430.000000;7934.000000;6415.000000;0.000000;428388.000000;10160.000000;0.000000;1909.271240
1431.000000;7934.000000;7574.000000;0.000000;406201.000000;10160.000000;0.000000;1910.647095
1432.000000;7934.000000;7695.000000;0.000000;486030.000000;10121.000000;0.000000;1912.013428
1433.000000;7934.000000;6549.000000;0.000000;405871.000000;10160.000000;0.000000;1913.408813
1434.000000;7934.000000;7040.000000;0.000000;476239.000000;10121.000000;0.000000;1914.778198
1435.000000;7934.000000;7980.000000;0.000000;356338.000000;10160.000000;0.000000;1916.009033
1436.000000;7934.000000;7577.000000;0.000000;425001.000000;10121.000000;0.000000;1917.209839
1437.000000;7934.000000;6479.000000;0.000000;483527.000000;10160.000000;0.000000;1918.390991
1438.000000;7934.000000;6817.000000;0.000000;418002.000000;10121.000000;0.000000;1919.571167
1439.000000;7934.000000;8338.000000;0.000000;375225.000000;10160.000000;0.000000;1920.753174
1440.000000;7934.000000;8332.000000;0.000000;372736.000000;10121.000000;0.000000;1921.931274
1441.000000;7934.000000;6308.000000;0.000000;428064.000000;10160.000000;0.000000;1923.376465
1442.000000;7934.000000;7903.000000;0.000000;403041.000000;10121.000000;0.000000;1924.687622
1443.000000;7934.000000;6787.000000;0.000000;463640.000000;10160.000000;0.000000;1925.995850
1444.000000;7934.000000;8262.000000;0.000000;443985.000000;10160.000000;0.000000;1927.320679
1445.000000;7934.000000;8866.000000;0.000000;326196.000000;10121.000000;0.000000;1928.646973
1446.000000;7934.000000;6893.000000;0.000000;509802.000000;10160.000000;0.000000;1929.975952
1447.000000;7934.000000;7052.000000;0.000000;466479.000000;10160.000000;0.000000;1931.299438
1448.000000;7934.000000;7377.000000;0.000000;476998.000000;10160.000000;0.000000;1932.620483
1449.000000;7934.000000;7098.000000;0.000000;405585.000000;10121.000000;0.000000;1933.962158
1450.000000;7934.000000;6495.000000;0.000000;494149.000000;10160.000000;0.000000;1935.285156
1451.000000;7934.000000;8104.000000;0.000000;419611.000000;10160.000000;0.000000;1936.645630
1452.000000;7934.000000;6374.000000;0.000000;520240.000000;10121.000000;0.000000;1937.982178
1453.000000;7934.000000;8459.000000;0.000000;370787.000000;10121.000000;0.000000;1939.329346
1454.000000;7934.000000;6529.000000;0.000000;424122.000000;10121.000000;0.000000;1940.677002
1455.000000;7934.000000;8036.000000;0.000000;395441.000000;10121.000000;0.000000;1941.972412
1456.000000;7934.000000;7381.000000;0.000000;522519.000000;10160.000000;0.000000;1943.177734
1457.000000;7934.000000;6301.000000;0.000000;352038.000000;10160.000000;0.000000;1944.367676
1458.000000;7934.000000;7456.000000;0.000000;485706.000000;10160.000000;0.000000;1945.553711
1459.000000;7934.000000;5626.000000;0.000000;460822.000000;10121.000000;0.000000;1946.738525
1460.000000;7934.000000;7646.000000;0.000000;473993.000000;10160.000000;0.000000;1947.913208
1461.000000;7934.000000;7003.000000;0.000000;518989.000000;10160.000000;0.000000;1949.322021
1462.000000;7934.000000;7155.000000;0.000000;472205.000000;10121.000000;0.000000;1950.616943
1463.000000;7934.000000;6310.000000;0.000000;578082.000000;10160.000000;0.000000;1951.911865
1464.000000;7934.000000;6155.000000;0.000000;388650.000000;10160.000000;0.000000;1953.234741
1465.000000;7934.000000;7979.000000;0.000000;495720.000000;10160.000000;0.000000;1954.551392
1466.000000;7934.000000;7294.000000;0.000000;514709.000000;10160.000000;0.000000;1955.855469
1467.000000;7934.000000;9137.000000;0.000000;351181.000000;10160.000000;0.000000;1957.163452
1468.000000;7934.000000;6944.000000;0.000000;437933.000000;10121.000000;0.000000;1958.471436
1469.000000;7934.000000;7420.000000;0.000000;405699.000000;10121.000000;0.000000;1959.779907
1470.000000;7934.000000;7009.000000;0.000000;557085.000000;10121.000000;0.000000;1961.084106
1471.000000;7934.000000;7862.000000;0.000000;371333.000000;10160.000000;0.000000;1962.387817
1472.000000;7934.000000;7429.000000;0.000000;342806.000000;10121.000000;0.000000;1963.716431
1473.000000;7934.000000;7028.000000;0.000000;363080.000000;10121.000000;0.000000;1965.049438
1474.000000;7934.000000;7973.000000;0.000000;394501.000000;10121.000000;0.000000;1966.358276
1475.000000;7934.000000;6558.000000;0.000000;482271.000000;10121.000000;0.000000;1967.702881
1476.000000;7934.000000;7910.000000;0.000000;406118.000000;10121.000000;0.000000;1969.020508
1477.000000;7934.000000;7588.000000;0.000000;401337.000000;10160.000000;0.000000;1970.336548
1478.000000;7934.000000;7685.000000;0.000000;430482.000000;10121.000000;0.000000;1971.651489
1479.000000;7934.000000;7733.000000;0.000000;471103.000000;10121.000000;0.000000;1972.963745
1480.000000;7934.000000;7397.000000;0.000000;442957.000000;10160.000000;0.000000;1974.154541
1481.000000;7934.000000;8473.000000;0.000000;397577.000000;10160.000000;0.000000;1975.570068
1482.000000;7934.000000;8391.000000;0.000000;461968.000000;10121.000000;0.000000;1976.866577
1483.000000;7934.000000;8521.000000;0.000000;355024.000000;10121.000000;0.000000;1978.229004
1484.000000;7934.000000;7099.000000;0.000000;596727.000000;10160.000000;0.000000;1979.546997
1485.000000;7934.000000;7076.000000;0.000000;371623.000000;10121.000000;0.000000;1980.861572
1486.000000;7934.000000;6861.000000;0.000000;341645.000000;10160.000000;0.000000;1982.180542
1487.000000;7934.000000;7144.000000;0.000000;536633.000000;10160.000000;0.000000;1983.520752
1488.000000;7934.000000;6407.000000;0.000000;384140.000000;10160.000000;0.000000;1984.837646
1489.000000;7934.000000;6463.000000;0.000000;531741.000000;10160.000000;0.000000;1986.155273
1490.000000;7934.000000;8720.000000;0.000000;382963.000000;10160.000000;0.000000;1987.481445
1491.000000;7934.000000;7244.000000;0.000000;556075.000000;10121.000000;0.000000;1988.844727
1492.000000;7934.000000;7811.000000;0.000000;456149.000000;10160.000000;0.000000;1990.187378
1493.000000;7934.000000;8011.000000;0.000000;492982.000000;10160.000000;0.000000;1991.524658
1494.000000;7934.000000;6732.000000;0.000000;442474.000000;10121.000000;0.000000;1992.860229
1495.000000;7934.000000;7168.000000;0.000000;360821.000000;10121.000000;0.000000;1994.169678
1496.000000;7934.000000;7881.000000;0.000000;366237.000000;10121.000000;0.000000;1995.344360
1497.000000;7934.000000;6387.000000;0.000000;477548.000000;10160.000000;0.000000;1996.510254
1498.000000;7934.000000;7763.000000;0.000000;433906.000000;10160.000000;0.000000;1997.677246
1499.000000;7934.000000;6671.000000;0.000000;446670.000000;10121.000000;0.000000;1998.843872
1500.000000;7934.000000;7823.000000;0.000000;398826.000000;10160.000000;0.000000;2000.010010
1501.000000;7934.000000;8291.000000;0.000000;393166.000000;10160.000000;0.000000;2001.435425
1502.000000;7934.000000;7824.000000;0.000000;406043.000000;10121.000000;0.000000;2002.743530
1503.000000;7934.000000;6235.000000;0.000000;405996.000000;10160.000000;0.000000;2004.074707
1504.000000;7934.000000;7130.000000;0.000000;465011.000000;10121.000000;0.000000;2005.395752
1505.000000;7934.000000;6216.000000;0.000000;475117.000000;10160.000000;0.000000;2006.716064
1506.000000;7934.000000;7625.000000;0.000000;468784.000000;10121.000000;0.000000;2008.043701
1507.000000;7934.000000;6884.000000;0.000000;432672.000000;10160.000000;0.000000;2009.363525
1508.000000;7934.000000;7271.000000;0.000000;460066.000000;10121.000000;0.000000;2010.683350
1509.000000;7934.000000;6588.000000;0.000000;370559.000000;10160.000000;0.000000;2012.002686
1510.000000;7934.000000;6478.000000;0.000000;540666.000000;10160.000000;0.000000;2013.320679
1511.000000;7934.000000;7780.000000;0.000000;338676.000000;10160.000000;0.000000;2014.708374
1512.000000;7934.000000;7595.000000;0.000000;581230.000000;10160.000000;0.000000;2016.050171
1513.000000;7934.000000;6232.000000;0.000000;551227.000000;10121.000000;0.000000;2017.394409
1514.000000;7934.000000;7227.000000;0.000000;511329.000000;10121.000000;0.000000;2018.742432
1515.000000;7934.000000;6919.000000;0.000000;588860.000000;10160.000000;0.000000;2020.024536
1516.000000;7934.000000;8402.000000;0.000000;418346.000000;10121.000000;0.000000;2021.211304
1517.000000;7934.000000;6980.000000;0.000000;461629.000000;10121.000000;0.000000;2022.394409
1518.000000;7934.000000;7599.000000;0.000000;501213.000000;10160.000000;0.000000;2023.582275
1519.000000;7934.000000;6806.000000;0.000000;476860.000000;10160.000000;0.000000;2024.824707
1520.000000;7934.000000;6922.000000;0.000000;490666.000000;10160.000000;0.000000;2026.008179
1521.000000;7934.000000;6779.000000;0.000000;257594.000000;10121.000000;0.000000;2027.454590
1522.000000;7934.000000;7136.000000;0.000000;464245.000000;10121.000000;0.000000;2028.776489
1523.000000;7934.000000;7881.000000;0.000000;405141.000000;10160.000000;0.000000;2030.096436
1524.000000;7934.000000;6698.000000;0.000000;559558.000000;10160.000000;0.000000;2031.426880
1525.000000;7934.000000;8267.000000;0.000000;379060.000000;10121.000000;0.000000;2032.758423
1526.000000;7934.000000;7101.000000;0.000000;489080.000000;10160.000000;0.000000;2034.112549
1527.000000;7934.000000;8177.000000;0.000000;461623.000000;10121.000000;0.000000;2035.443481
1528.000000;7934.000000;7597.000000;0.000000;457328.000000;10121.000000;0.000000;2036.770386
1529.000000;7934.000000;7025.000000;0.000000;407237.000000;10121.000000;0.000000;2038.110596
1530.000000;7934.000000;8229.000000;0.000000;480323.000000;10121.000000;0.000000;2039.454956
1531.000000;7934.000000;6242.000000;0.000000;481922.000000;10160.000000;0.000000;2040.839600
1532.000000;7934.000000;8000.000000;0.000000;469849.000000;10160.000000;0.000000;2042.199707
1533.000000;7934.000000;7277.000000;0.000000;465014.000000;10121.000000;0.000000;2043.555298
1534.000000;7934.000000;7953.000000;0.000000;446164.000000;10160.000000;0.000000;2044.933228
1535.000000;7934.000000;7059.000000;0.000000;438878.000000;10121.000000;0.000000;2046.203247
1536.000000;7934.000000;6901.000000;0.000000;520680.000000;10160.000000;0.000000;2047.398682
1537.000000;7934.000000;7092.000000;0.000000;450805.000000;10160.000000;0.000000;2048.595215
1538.000000;7934.000000;7873.000000;0.000000;409434.000000;10121.000000;0.000000;2049.787842
1539.000000;7934.000000;6020.000000;0.000000;502995.000000;10121.000000;0.000000;2050.970703
1540.000000;7934.000000;8103.000000;0.000000;504811.000000;10160.000000;0.000000;2052.152832
1541.000000;7934.000000;6234.000000;0.000000;542548.000000;10160.000000;0.000000;2053.592041
1542.000000;7934.000000;8029.000000;0.000000;483946.000000;10160.000000;0.000000;2054.956543
1543.000000;7934.000000;5763.000000;0.000000;527802.000000;10160.000000;0.000000;2056.286377
1544.000000;7934.000000;7394.000000;0.000000;419942.000000;10121.000000;0.000000;2057.630615
1545.000000;7934.000000;7147.000000;0.000000;408682.000000;10121.000000;0.000000;2058.974609
1546.000000;7934.000000;6960.000000;0.000000;519015.000000;10121.000000;0.000000;2060.317627
1547.000000;7934.000000;7300.000000;0.000000;462219.000000;10160.000000;0.000000;2061.661621
1548.000000;7934.000000;6865.000000;0.000000;456662.000000;10121.000000;0.000000;2063.004395
1549.000000;7934.000000;6542.000000;0.000000;476654.000000;10160.000000;0.000000;2064.374756
1550.000000;7934.000000;6927.000000;0.000000;575929.000000;10160.000000;0.000000;2065.717285
1551.000000;7934.000000;7711.000000;0.000000;436157.000000;10121.000000;0.000000;2067.093506
1552.000000;7934.000000;7633.000000;0.000000;409310.000000;10160.000000;0.000000;2068.461182
1553.000000;7934.000000;7199.000000;0.000000;464729.000000;10160.000000;0.000000;2069.825928
1554.000000;7934.000000;6781.000000;0.000000;438114.000000;10121.000000;0.000000;2071.194580
1555.000000;7934.000000;7445.000000;0.000000;345007.000000;10160.000000;0.000000;2072.468994
1556.000000;7934.000000;6604.000000;0.000000;571759.000000;10160.000000;0.000000;2073.673096
1557.000000;7934.000000;7252.000000;0.000000;344328.000000;10160.000000;0.000000;2074.904541
1558.000000;7934.000000;8166.000000;0.000000;466246.000000;10160.000000;0.000000;2076.103271
1559.000000;7934.000000;7984.000000;0.000000;357741.000000;10121.000000;0.000000;2077.311768
1560.000000;7934.000000;8555.000000;0.000000;440118.000000;10160.000000;0.000000;2078.520752
1561.000000;7934.000000;6124.000000;0.000000;470234.000000;10121.000000;0.000000;2080.000000
1562.000000;7934.000000;7182.000000;0.000000;453282.000000;10121.000000;0.000000;2081.341553
1563.000000;7934.000000;6292.000000;0.000000;546252.000000;10160.000000;0.000000;2082.685059
1564.000000;7934.000000;7350.000000;0.000000;489249.000000;10160.000000;0.000000;2084.076172
1565.000000;7934.000000;7828.000000;0.000000;485988.000000;10121.000000;0.000000;2085.460693
1566.000000;7934.000000;6499.000000;0.000000;492159.000000;10160.000000;0.000000;2086.816650
1567.000000;7934.000000;7184.000000;0.000000;504218.000000;10160.000000;0.000000;2088.178223
1568.000000;7934.000000;6259.000000;0.000000;447415.000000;10121.000000;0.000000;2089.531250
1569.000000;7934.000000;6548.000000;0.000000;458491.000000;10160.000000;0.000000;2090.888184
1570.000000;7934.000000;7507.000000;0.000000;379752.000000;10121.000000;0.000000;2092.257812
1571.000000;7934.000000;5934.000000;0.000000;547855.000000;10121.000000;0.000000;2093.650879
1572.000000;7934.000000;6842.000000;0.000000;386078.000000;10121.000000;0.000000;2095.045654
1573.000000;7934.000000;6768.000000;0.000000;438728.000000;10160.000000;0.000000;2096.408691
1574.000000;7934.000000;7262.000000;0.000000;465477.000000;10121.000000;0.000000;2097.781250
1575.000000;7934.000000;8335.000000;0.000000;417034.000000;10121.000000;0.000000;2099.041748
1576.000000;7934.000000;8221.000000;0.000000;444664.000000;10160.000000;0.000000;2100.263428
1577.000000;7934.000000;7969.000000;0.000000;371012.000000;10121.000000;0.000000;2101.482666
1578.000000;7934.000000;6766.000000;0.000000;304461.000000;10121.000000;0.000000;2102.699707
1579.000000;7934.000000;6915.000000;0.000000;397439.000000;10160.000000;0.000000;2103.918213
1580.000000;7934.000000;6715.000000;0.000000;464825.000000;10160.000000;0.000000;2105.161865
1581.000000;7934.000000;8069.000000;0.000000;451235.000000;10160.000000;0.000000;2106.654297
1582.000000;7934.000000;7959.000000;0.000000;402947.000000;10121.000000;0.000000;2108.154541
1583.000000;7934.000000;7071.000000;0.000000;401663.000000;10160.000000;0.000000;2109.528320
1584.000000;7934.000000;7797.000000;0.000000;423561.000000;10160.000000;0.000000;2110.898682
1585.000000;7934.000000;7104.000000;0.000000;445853.000000;10121.000000;0.000000;2112.264160
1586.000000;7934.000000;6542.000000;0.000000;593360.000000;10160.000000;0.000000;2113.634277
1587.000000;7934.000000;7387.000000;0.000000;472814.000000;10121.000000;0.000000;2115.031250
1588.000000;7934.000000;7675.000000;0.000000;375986.000000;10121.000000;0.000000;2116.399170
1589.000000;7934.000000;6188.000000;0.000000;400705.000000;10160.000000;0.000000;2117.764648
1590.000000;7934.000000;6528.000000;0.000000;546600.000000;10121.000000;0.000000;2119.169189
1591.000000;7934.000000;6125.000000;0.000000;388600.000000;10121.000000;0.000000;2120.556885
1592.000000;7934.000000;6811.000000;0.000000;455441.000000;10160.000000;0.000000;2121.938232
1593.000000;7934.000000;7034.000000;0.000000;457968.000000;10160.000000;0.000000;2123.321045
1594.000000;7934.000000;8410.000000;0.000000;431456.000000;10121.000000;0.000000;2124.731689
1595.000000;7934.000000;5958.000000;0.000000;471031.000000;10121.000000;0.000000;2125.954346
1596.000000;7934.000000;7287.000000;0.000000;473641.000000;10121.000000;0.000000;2127.158203
1597.000000;7934.000000;7429.000000;0.000000;395875.000000;10121.000000;0.000000;2128.377441
1598.000000;7934.000000;7861.000000;0.000000;395740.000000;10121.000000;0.000000;2129.595215
1599.000000;7934.000000;9004.000000;0.000000;376646.000000;10160.000000;0.000000;2130.819824
1600.000000;7934.000000;6599.000000;0.000000;498522.000000;10160.000000;0.000000;2132.033691
1601.000000;7934.000000;7304.000000;0.000000;408619.000000;10160.000000;0.000000;2133.536621
1602.000000;7934.000000;6325.000000;0.000000;474203.000000;10121.000000;0.000000;2134.928711
1603.000000;7934.000000;7624.000000;0.000000;294457.000000;10160.000000;0.000000;2136.300049
1604.000000;7934.000000;7962.000000;0.000000;579668.000000;10121.000000;0.000000;2137.690918
1605.000000;7934.000000;7640.000000;0.000000;408618.000000;10160.000000;0.000000;2139.082031
1606.000000;7934.000000;6130.000000;0.000000;496090.000000;10121.000000;0.000000;2140.607910
1607.000000;7934.000000;6509.000000;0.000000;402573.000000;10121.000000;0.000000;2141.987549
1608.000000;7934.000000;7154.000000;0.000000;352713.000000;10160.000000;0.000000;2143.365967
1609.000000;7934.000000;6956.000000;0.000000;436052.000000;10160.000000;0.000000;2144.823975
1610.000000;7934.000000;6761.000000;0.000000;407366.000000;10160.000000;0.000000;2146.209473
1611.000000;7934.000000;6653.000000;0.000000;409986.000000;10121.000000;0.000000;2147.604004
1612.000000;7934.000000;8013.000000;0.000000;274237.000000;10121.000000;0.000000;2148.984619
1613.000000;7934.000000;6199.000000;0.000000;551512.000000;10121.000000;0.000000;2150.385010
1614.000000;7934.000000;7633.000000;0.000000;548164.000000;10160.000000;0.000000;2151.789795
1615.000000;7934.000000;7093.000000;0.000000;394696.000000;10160.000000;0.000000;2153.185059
1616.000000;7934.000000;7420.000000;0.000000;398714.000000;10160.000000;0.000000;2154.608398
1617.000000;7934.000000;6554.000000;0.000000;362681.000000;10160.000000;0.000000;2156.018066
1618.000000;7934.000000;6927.000000;0.000000;546129.000000;10160.000000;0.000000;2157.276123
1619.000000;7934.000000;6536.000000;0.000000;362137.000000;10160.000000;0.000000;2158.484619
1620.000000;7934.000000;8566.000000;0.000000;418679.000000;10121.000000;0.000000;2159.692383
1621.000000;7934.000000;7210.000000;0.000000;375944.000000;10121.000000;0.000000;2161.157471
1622.000000;7934.000000;6996.000000;0.000000;511387.000000;10121.000000;0.000000;2162.498779
1623.000000;7934.000000;6450.000000;0.000000;439636.000000;10160.000000;0.000000;2163.952881
1624.000000;7934.000000;7023.000000;0.000000;456476.000000;10160.000000;0.000000;2165.672119
1625.000000;7934.000000;7670.000000;0.000000;357344.000000;10121.000000;0.000000;2167.046631
1626.000000;7934.000000;6011.000000;0.000000;415281.000000;10160.000000;0.000000;2168.426025
1627.000000;7934.000000;7258.000000;0.000000;460546.000000;10121.000000;0.000000;2169.785400
1628.000000;7934.000000;5728.000000;0.000000;475437.000000;10160.000000;0.000000;2171.134277
1629.000000;7934.000000;6747.000000;0.000000;511889.000000;10121.000000;0.000000;2172.488037
1630.000000;7934.000000;6807.000000;0.000000;528221.000000;10160.000000;0.000000;2173.875732
1631.000000;7934.000000;7013.000000;0.000000;472749.000000;10121.000000;0.000000;2175.280029
1632.000000;7934.000000;6804.000000;0.000000;481937.000000;10121.000000;0.000000;2176.641602
1633.000000;7934.000000;6796.000000;0.000000;345994.000000;10121.000000;0.000000;2178.008545
1634.000000;7934.000000;6010.000000;0.000000;485383.000000;10160.000000;0.000000;2179.363770
1635.000000;7934.000000;6439.000000;0.000000;415165.000000;10121.000000;0.000000;2180.568604
1636.000000;7934.000000;7579.000000;0.000000;419576.000000;10121.000000;0.000000;2181.762451
1637.000000;7934.000000;6127.000000;0.000000;486373.000000;10121.000000;0.000000;2182.956543
1638.000000;7934.000000;7509.000000;0.000000;474560.000000;10121.000000;0.000000;2184.148193
1639.000000;7934.000000;7180.000000;0.000000;447125.000000;10121.000000;0.000000;2185.389404
1640.000000;7934.000000;7418.000000;0.000000;400965.000000;10160.000000;0.000000;2186.581299
1641.000000;7934.000000;9156.000000;0.000000;436925.000000;10121.000000;0.000000;2188.034668
1642.000000;7934.000000;6870.000000;0.000000;313763.000000;10160.000000;0.000000;2189.514404
1643.000000;7934.000000;7344.000000;0.000000;429161.000000;10160.000000;0.000000;2191.688477
1644.000000;7934.000000;5887.000000;0.000000;443695.000000;10121.000000;0.000000;2193.547607
1645.000000;7934.000000;6289.000000;0.000000;533636.000000;10160.000000;0.000000;2195.239746
1646.000000;7934.000000;6238.000000;0.000000;523285.000000;10121.000000;0.000000;2197.161865
1647.000000;7934.000000;8709.000000;0.000000;492584.000000;10160.000000;0.000000;2199.041016
1648.000000;7934.000000;6311.000000;0.000000;488395.000000;10160.000000;0.000000;2200.994629
1649.000000;7934.000000;7464.000000;0.000000;564575.000000;10121.000000;0.000000;2203.008301
1650.000000;7934.000000;6720.000000;0.000000;402159.000000;10121.000000;0.000000;2205.010986
1651.000000;7934.000000;7532.000000;0.000000;585040.000000;10121.000000;0.000000;2206.909424
1652.000000;7934.000000;8045.000000;0.000000;438820.000000;10121.000000;0.000000;2208.642334
1653.000000;7934.000000;6814.000000;0.000000;402071.000000;10160.000000;0.000000;2210.371338
1654.000000;7934.000000;6571.000000;0.000000;522283.000000;10121.000000;0.000000;2212.118652
1655.000000;7934.000000;7742.000000;0.000000;412583.000000;10160.000000;0.000000;2213.887451
1656.000000;7934.000000;7445.000000;0.000000;456003.000000;10160.000000;0.000000;2215.627197
1657.000000;7934.000000;5881.000000;0.000000;480158.000000;10121.000000;0.000000;2217.352295
1658.000000;7934.000000;7261.000000;0.000000;512006.000000;10121.000000;0.000000;2219.106689
1659.000000;7934.000000;7050.000000;0.000000;552278.000000;10121.000000;0.000000;2220.837402
1660.000000;7934.000000;6344.000000;0.000000;454397.000000;10160.000000;0.000000;2222.641846
1661.000000;7934.000000;8556.000000;0.000000;402676.000000;10160.000000;0.000000;2224.646484
1662.000000;7934.000000;6566.000000;0.000000;499675.000000;10160.000000;0.000000;2226.490234
1663.000000;7934.000000;6609.000000;0.000000;390115.000000;10121.000000;0.000000;2228.411377
1664.000000;7934.000000;7398.000000;0.000000;503923.000000;10121.000000;0.000000;2230.313477
1665.000000;7934.000000;7236.000000;0.000000;532931.000000;10121.000000;0.000000;2232.244629
1666.000000;7934.000000;7804.000000;0.000000;450021.000000;10121.000000;0.000000;2234.236328
1667.000000;7934.000000;7155.000000;0.000000;494231.000000;10121.000000;0.000000;2236.130371
1668.000000;7934.000000;7432.000000;0.000000;319325.000000;10160.000000;0.000000;2238.281494
1669.000000;7934.000000;8532.000000;0.000000;538657.000000;10160.000000;0.000000;2240.376953
1670.000000;7934.000000;6822.000000;0.000000;409157.000000;10160.000000;0.000000;2242.247070
1671.000000;7934.000000;7073.000000;0.000000;412570.000000;10121.000000;0.000000;2244.087402
1672.000000;7934.000000;7625.000000;0.000000;387635.000000;10160.000000;0.000000;2245.916260
1673.000000;7934.000000;6775.000000;0.000000;423925.000000;10160.000000;0.000000;2247.625488
1674.000000;7934.000000;6390.000000;0.000000;523000.000000;10121.000000;0.000000;2249.424316
1675.000000;7934.000000;6882.000000;0.000000;547181.000000;10160.000000;0.000000;2251.212158
1676.000000;7934.000000;6334.000000;0.000000;512384.000000;10121.000000;0.000000;2253.003906
1677.000000;7934.000000;7152.000000;0.000000;441745.000000;10160.000000;0.000000;2254.950439
1678.000000;7934.000000;7655.000000;0.000000;426628.000000;10160.000000;0.000000;2256.843262
1679.000000;7934.000000;6685.000000;0.000000;560402.000000;10121.000000;0.000000;2258.726807
1680.000000;7934.000000;7155.000000;0.000000;519485.000000;10121.000000;0.000000;2260.573242
1681.000000;7934.000000;6708.000000;0.000000;464843.000000;10160.000000;0.000000;2262.810547
1682.000000;7934.000000;6822.000000;0.000000;455059.000000;10121.000000;0.000000;2264.610352
1683.000000;7934.000000;6808.000000;0.000000;430296.000000;10160.000000;0.000000;2266.506592
1684.000000;7934.000000;8313.000000;0.000000;427415.000000;10121.000000;0.000000;2268.051025
1685.000000;7934.000000;6879.000000;0.000000;489989.000000;10160.000000;0.000000;2269.495605
1686.000000;7934.000000;6754.000000;0.000000;475277.000000;10121.000000;0.000000;2270.948486
1687.000000;7934.000000;6984.000000;0.000000;459425.000000;10160.000000;0.000000;2272.424561
1688.000000;7934.000000;7255.000000;0.000000;505956.000000;10121.000000;0.000000;2273.876221
1689.000000;7934.000000;8071.000000;0.000000;488569.000000;10160.000000;0.000000;2275.364502
1690.000000;7934.000000;6414.000000;0.000000;370687.000000;10121.000000;0.000000;2276.868164
1691.000000;7934.000000;8939.000000;0.000000;489372.000000;10121.000000;0.000000;2278.368896
1692.000000;7934.000000;7948.000000;0.000000;449882.000000;10121.000000;0.000000;2279.870850
1693.000000;7934.000000;7291.000000;0.000000;498076.000000;10160.000000;0.000000;2281.256348
1694.000000;7934.000000;7738.000000;0.000000;524270.000000;10160.000000;0.000000;2282.565918
1695.000000;7934.000000;6426.000000;0.000000;419743.000000;10121.000000;0.000000;2283.890137
1696.000000;7934.000000;7752.000000;0.000000;444042.000000;10121.000000;0.000000;2285.328125
1697.000000;7934.000000;6606.000000;0.000000;444676.000000;10121.000000;0.000000;2286.755127
1698.000000;7934.000000;7951.000000;0.000000;383111.000000;10160.000000;0.000000;2288.108398
1699.000000;7934.000000;7029.000000;0.000000;477418.000000;10160.000000;0.000000;2289.498291
1700.000000;7934.000000;7400.000000;0.000000;525362.000000;10121.000000;0.000000;2290.841309
1701.000000;7934.000000;7299.000000;0.000000;462833.000000;10121.000000;0.000000;2292.492920
1702.000000;7934.000000;6975.000000;0.000000;445739.000000;10121.000000;0.000000;2293.917480
1703.000000;7934.000000;8065.000000;0.000000;534301.000000;10160.000000;0.000000;2295.440674
1704.000000;7934.000000;6230.000000;0.000000;488673.000000;10160.000000;0.000000;2296.989746
1705.000000;7934.000000;6682.000000;0.000000;323081.000000;10121.000000;0.000000;2298.492920
1706.000000;7934.000000;7442.000000;0.000000;425591.000000;10160.000000;0.000000;2299.999756
1707.000000;7934.000000;6113.000000;0.000000;389967.000000;10160.000000;0.000000;2301.371338
1708.000000;7934.000000;7520.000000;0.000000;424373.000000;10160.000000;0.000000;2302.896973
1709.000000;7934.000000;6481.000000;0.000000;510033.000000;10121.000000;0.000000;2304.266357
1710.000000;7934.000000;8337.000000;0.000000;378025.000000;10160.000000;0.000000;2305.782471
1711.000000;7934.000000;6264.000000;0.000000;404505.000000;10121.000000;0.000000;2307.174805
1712.000000;7934.000000;8021.000000;0.000000;455972.000000;10121.000000;0.000000;2308.738770
1713.000000;7934.000000;6591.000000;0.000000;442855.000000;10160.000000;0.000000;2310.135010
1714.000000;7934.000000;6648.000000;0.000000;380052.000000;10121.000000;0.000000;2311.352783
1715.000000;7934.000000;7751.000000;0.000000;436706.000000;10121.000000;0.000000;2312.541260
1716.000000;7934.000000;8111.000000;0.000000;498307.000000;10121.000000;0.000000;2313.725830
1717.000000;7934.000000;7549.000000;0.000000;446011.000000;10160.000000;0.000000;2314.912842
1718.000000;7934.000000;7989.000000;0.000000;459026.000000;10160.000000;0.000000;2316.138184
1719.000000;7934.000000;8825.000000;0.000000;428966.000000;10160.000000;0.000000;2317.326172
1720.000000;7934.000000;6866.000000;0.000000;524934.000000;10160.000000;0.000000;2318.524658
1721.000000;7934.000000;7207.000000;0.000000;393115.000000;10121.000000;0.000000;2320.021729
1722.000000;7934.000000;8347.000000;0.000000;305380.000000;10121.000000;0.000000;2321.360840
1723.000000;7934.000000;6699.000000;0.000000;364631.000000;10160.000000;0.000000;2322.692139
1724.000000;7934.000000;6733.000000;0.000000;578888.000000;10121.000000;0.000000;2324.080566
1725.000000;7934.000000;7763.000000;0.000000;472253.000000;10121.000000;0.000000;2325.438477
1726.000000;7934.000000;8502.000000;0.000000;393511.000000;10121.000000;0.000000;2326.800293
1727.000000;7934.000000;6965.000000;0.000000;487315.000000;10121.000000;0.000000;2328.140137
1728.000000;7934.000000;7367.000000;0.000000;397333.000000;10160.000000;0.000000;2329.477051
1729.000000;7934.000000;6933.000000;0.000000;343212.000000;10121.000000;0.000000;2330.816406
1730.000000;7934.000000;7443.000000;0.000000;450201.000000;10121.000000;0.000000;2332.158936
1731.000000;7934.000000;7648.000000;0.000000;525836.000000;10160.000000;0.000000;2333.581543
1732.000000;7934.000000;8030.000000;0.000000;434067.000000;10160.000000;0.000000;2334.948486
1733.000000;7934.000000;8304.000000;0.000000;427472.000000;10121.000000;0.000000;2336.335449
1734.000000;7934.000000;6634.000000;0.000000;426702.000000;10121.000000;0.000000;2337.687744
1735.000000;7934.000000;7262.000000;0.000000;558403.000000;10160.000000;0.000000;2338.939209
1736.000000;7934.000000;6573.000000;0.000000;493627.000000;10121.000000;0.000000;2340.120117
1737.000000;7934.000000;7057.000000;0.000000;363312.000000;10121.000000;0.000000;2341.297607
1738.000000;7934.000000;6605.000000;0.000000;528763.000000;10160.000000;0.000000;2342.472412
1739.000000;7934.000000;7118.000000;0.000000;474480.000000;10160.000000;0.000000;2343.647705
1740.000000;7934.000000;7218.000000;0.000000;426200.000000;10160.000000;0.000000;2344.821289
1741.000000;7934.000000;6695.000000;0.000000;444797.000000;10160.000000;0.000000;2346.277100
1742.000000;7934.000000;7202.000000;0.000000;485137.000000;10121.000000;0.000000;2347.588623
1743.000000;7934.000000;6126.000000;0.000000;355442.000000;10121.000000;0.000000;2348.896484
1744.000000;7934.000000;7743.000000;0.000000;485517.000000;10121.000000;0.000000;2350.216064
1745.000000;7934.000000;7335.000000;0.000000;329340.000000;10160.000000;0.000000;2351.532715
1746.000000;7934.000000;7232.000000;0.000000;436803.000000;10121.000000;0.000000;2352.851318
1747.000000;7934.000000;6907.000000;0.000000;386254.000000;10121.000000;0.000000;2354.172119
1748.000000;7934.000000;7403.000000;0.000000;499981.000000;10121.000000;0.000000;2355.495117
1749.000000;7934.000000;6643.000000;0.000000;438093.000000;10160.000000;0.000000;2356.835693
1750.000000;7934.000000;7260.000000;0.000000;378299.000000;10121.000000;0.000000;2358.152832
1751.000000;7934.000000;7831.000000;0.000000;536978.000000;10121.000000;0.000000;2359.509033
1752.000000;7934.000000;6359.000000;0.000000;543472.000000;10121.000000;0.000000;2360.844727
1753.000000;7934.000000;6235.000000;0.000000;445408.000000;10160.000000;0.000000;2362.173340
1754.000000;7934.000000;7137.000000;0.000000;450308.000000;10160.000000;0.000000;2363.504883
1755.000000;7934.000000;6593.000000;0.000000;368333.000000;10121.000000;0.000000;2364.776123
1756.000000;7934.000000;7216.000000;0.000000;435478.000000;10160.000000;0.000000;2365.954102
1757.000000;7934.000000;6691.000000;0.000000;450489.000000;10160.000000;0.000000;2367.152100
1758.000000;7934.000000;7368.000000;0.000000;379286.000000;10121.000000;0.000000;2368.392578
1759.000000;7934.000000;8461.000000;0.000000;446474.000000;10121.000000;0.000000;2369.572754
1760.000000;7934.000000;7079.000000;0.000000;393668.000000;10121.000000;0.000000;2370.773438
1761.000000;7934.000000;7053.000000;0.000000;429669.000000;10160.000000;0.000000;2372.228027
1762.000000;7934.000000;6865.000000;0.000000;478587.000000;10121.000000;0.000000;2373.537842
1763.000000;7934.000000;7345.000000;0.000000;507185.000000;10121.000000;0.000000;2374.854736
1764.000000;7934.000000;7445.000000;0.000000;492104.000000;10121.000000;0.000000;2376.228516
1765.000000;7934.000000;6057.000000;0.000000;370119.000000;10160.000000;0.000000;2377.565674
1766.000000;7934.000000;6908.000000;0.000000;407093.000000;10121.000000;0.000000;2378.914062
1767.000000;7934.000000;6424.000000;0.000000;517787.000000;10160.000000;0.000000;2380.267090
1768.000000;7934.000000;7736.000000;0.000000;363690.000000;10121.000000;0.000000;2381.600098
1769.000000;7934.000000;6522.000000;0.000000;471624.000000;10160.000000;0.000000;2382.931396
1770.000000;7934.000000;6423.000000;0.000000;480472.000000;10160.000000;0.000000;2384.391357
1771.000000;7934.000000;7924.000000;0.000000;508379.000000;10160.000000;0.000000;2385.748291
1772.000000;7934.000000;8043.000000;0.000000;401701.000000;10121.000000;0.000000;2387.121338
1773.000000;7934.000000;6700.000000;0.000000;453166.000000;10121.000000;0.000000;2388.469971
1774.000000;7934.000000;6738.000000;0.000000;500129.000000;10121.000000;0.000000;2389.813965
1775.000000;7934.000000;6015.000000;0.000000;460538.000000;10160.000000;0.000000;2391.036133
1776.000000;7934.000000;7487.000000;0.000000;454345.000000;10160.000000;0.000000;2392.220703
1777.000000;7934.000000;7222.000000;0.000000;347784.000000;10160.000000;0.000000;2393.406006
1778.000000;7934.000000;7529.000000;0.000000;466660.000000;10160.000000;0.000000;2394.589844
1779.000000;7934.000000;7101.000000;0.000000;400048.000000;10160.000000;0.000000;2395.772217
1780.000000;7934.000000;7520.000000;0.000000;426770.000000;10121.000000;0.000000;2396.983643
1781.000000;7934.000000;7114.000000;0.000000;470322.000000;10121.000000;0.000000;2398.435059
1782.000000;7934.000000;6530.000000;0.000000;407001.000000;10160.000000;0.000000;2399.769531
1783.000000;7934.000000;7203.000000;0.000000;372470.000000;10160.000000;0.000000;2401.097412
1784.000000;7934.000000;6871.000000;0.000000;417117.000000;10121.000000;0.000000;2402.440674
1785.000000;7934.000000;7133.000000;0.000000;378020.000000;10121.000000;0.000000;2403.781738
1786.000000;7934.000000;6910.000000;0.000000;438742.000000;10121.000000;0.000000;2405.126709
1787.000000;7934.000000;8809.000000;0.000000;413275.000000;10160.000000;0.000000;2406.504395
1788.000000;7934.000000;6809.000000;0.000000;448645.000000;10121.000000;0.000000;2407.851074
1789.000000;7934.000000;7898.000000;0.000000;410167.000000;10160.000000;0.000000;2409.194092
1790.000000;7934.000000;6249.000000;0.000000;509577.000000;10121.000000;0.000000;2410.546143
1791.000000;7934.000000;8355.000000;0.000000;417635.000000;10160.000000;0.000000;2411.918945
1792.000000;7934.000000;6928.000000;0.000000;318387.000000;10121.000000;0.000000;2413.269043
1793.000000;7934.000000;7982.000000;0.000000;531746.000000;10160.000000;0.000000;2414.621826
1794.000000;7934.000000;6854.000000;0.000000;560514.000000;10121.000000;0.000000;2415.974121
1795.000000;7934.000000;6792.000000;0.000000;553413.000000;10160.000000;0.000000;2417.260986
1796.000000;7934.000000;6490.000000;0.000000;497685.000000;10160.000000;0.000000;2418.456787
1797.000000;7934.000000;6987.000000;0.000000;583980.000000;10160.000000;0.000000;2419.661621
1798.000000;7934.000000;6388.000000;0.000000;495504.000000;10160.000000;0.000000;2420.870117
1799.000000;7934.000000;7721.000000;0.000000;583613.000000;10160.000000;0.000000;2422.068115
1800.000000;7934.000000;6805.000000;0.000000;439177.000000;10160.000000;0.000000;2423.263916
1801.000000;7934.000000;8340.000000;0.000000;448136.000000;10160.000000;0.000000;2424.718994
1802.000000;7934.000000;6500.000000;0.000000;482422.000000;10121.000000;0.000000;2426.045654
1803.000000;7934.000000;7236.000000;0.000000;373012.000000;10121.000000;0.000000;2427.390381
1804.000000;7934.000000;7365.000000;0.000000;459689.000000;10160.000000;0.000000;2428.746094
1805.000000;7934.000000;7365.000000;0.000000;449044.000000;10160.000000;0.000000;2430.097412
1806.000000;7934.000000;7734.000000;0.000000;362055.000000;10160.000000;0.000000;2431.453857
1807.000000;7934.000000;6525.000000;0.000000;361851.000000;10121.000000;0.000000;2432.805664
1808.000000;7934.000000;7803.000000;0.000000;458194.000000;10121.000000;0.000000;2434.158936
1809.000000;7934.000000;7421.000000;0.000000;454508.000000;10121.000000;0.000000;2435.515869
1810.000000;7934.000000;7526.000000;0.000000;401810.000000;10160.000000;0.000000;2436.907471
1811.000000;7934.000000;6255.000000;0.000000;514279.000000;10160.000000;0.000000;2438.315674
1812.000000;7934.000000;7609.000000;0.000000;385552.000000;10160.000000;0.000000;2439.685547
1813.000000;7934.000000;8328.000000;0.000000;448151.000000;10160.000000;0.000000;2441.157959
1814.000000;7934.000000;6804.000000;0.000000;441927.000000;10121.000000;0.000000;2442.525879
1815.000000;7934.000000;8144.000000;0.000000;442203.000000;10160.000000;0.000000;2443.779541
1816.000000;7934.000000;7228.000000;0.000000;471851.000000;10160.000000;0.000000;2445.016357
1817.000000;7934.000000;6741.000000;0.000000;387845.000000;10160.000000;0.000000;2446.220459
1818.000000;7934.000000;7191.000000;0.000000;471462.000000;10160.000000;0.000000;2447.449951
1819.000000;7934.000000;6830.000000;0.000000;473611.000000;10160.000000;0.000000;2448.650391
1820.000000;7934.000000;6042.000000;0.000000;469039.000000;10121.000000;0.000000;2449.855225
1821.000000;7934.000000;6042.000000;0.000000;495689.000000;10160.000000;0.000000;2451.329590
1822.000000;7934.000000;6896.000000;0.000000;382167.000000;10121.000000;0.000000;2452.669434
1823.000000;7934.000000;6431.000000;0.000000;344574.000000;10121.000000;0.000000;2454.012451
1824.000000;7934.000000;6412.000000;0.000000;420788.000000;10160.000000;0.000000;2455.364990
1825.000000;7934.000000;6074.000000;0.000000;492609.000000;10121.000000;0.000000;2456.759521
1826.000000;7934.000000;6555.000000;0.000000;398835.000000;10121.000000;0.000000;2458.123291
1827.000000;7934.000000;7218.000000;0.000000;452500.000000;10160.000000;0.000000;2459.488037
1828.000000;7934.000000;6995.000000;0.000000;473834.000000;10160.000000;0.000000;2460.852539
1829.000000;7934.000000;6976.000000;0.000000;346398.000000;10160.000000;0.000000;2462.879883
1830.000000;7934.000000;8096.000000;0.000000;518950.000000;10121.000000;0.000000;2464.631104
1831.000000;7934.000000;8726.000000;0.000000;376552.000000;10160.000000;0.000000;2466.052490
1832.000000;7934.000000;7246.000000;0.000000;567419.000000;10160.000000;0.000000;2467.440186
1833.000000;7934.000000;6871.000000;0.000000;431902.000000;10160.000000;0.000000;2468.930664
1834.000000;7934.000000;7090.000000;0.000000;436338.000000;10121.000000;0.000000;2470.223877
1835.000000;7934.000000;6752.000000;0.000000;376088.000000;10121.000000;0.000000;2471.437744
1836.000000;7934.000000;7961.000000;0.000000;496271.000000;10121.000000;0.000000;2472.649658
1837.000000;7934.000000;5369.000000;0.000000;437303.000000;10160.000000;0.000000;2473.862549
1838.000000;7934.000000;7525.000000;0.000000;456717.000000;10121.000000;0.000000;2475.083008
1839.000000;7934.000000;7021.000000;0.000000;327387.000000;10121.000000;0.000000;2476.292480
1840.000000;7934.000000;8595.000000;0.000000;431571.000000;10121.000000;0.000000;2477.528564
1841.000000;7934.000000;6868.000000;0.000000;528418.000000;10160.000000;0.000000;2479.019287
1842.000000;7934.000000;7754.000000;0.000000;370589.000000;10160.000000;0.000000;2480.374023
1843.000000;7934.000000;6659.000000;0.000000;456419.000000;10121.000000;0.000000;2481.724854
1844.000000;7934.000000;6821.000000;0.000000;468614.000000;10160.000000;0.000000;2483.089844
1845.000000;7934.000000;6068.000000;0.000000;560755.000000;10160.000000;0.000000;2484.510742
1846.000000;7934.000000;7503.000000;0.000000;404476.000000;10160.000000;0.000000;2485.931641
1847.000000;7934.000000;5854.000000;0.000000;487787.000000;10160.000000;0.000000;2487.324951
1848.000000;7934.000000;7119.000000;0.000000;431153.000000;10160.000000;0.000000;2488.669678
1849.000000;7934.000000;7296.000000;0.000000;485018.000000;10121.000000;0.000000;2490.008301
1850.000000;7934.000000;7453.000000;0.000000;477830.000000;10121.000000;0.000000;2491.370605
1851.000000;7934.000000;7285.000000;0.000000;466825.000000;10160.000000;0.000000;2492.734619
1852.000000;7934.000000;6215.000000;0.000000;476002.000000;10160.000000;0.000000;2494.090088
1853.000000;7934.000000;6481.000000;0.000000;559436.000000;10121.000000;0.000000;2495.439209
1854.000000;7934.000000;5803.000000;0.000000;511129.000000;10160.000000;0.000000;2496.791016
1855.000000;7934.000000;7047.000000;0.000000;456042.000000;10160.000000;0.000000;2498.116211
1856.000000;7934.000000;7352.000000;0.000000;487971.000000;10160.000000;0.000000;2499.314453
1857.000000;7934.000000;7835.000000;0.000000;444137.000000;10121.000000;0.000000;2500.498047
1858.000000;7934.000000;6048.000000;0.000000;474362.000000;10121.000000;0.000000;2501.676514
1859.000000;7934.000000;6199.000000;0.000000;526947.000000;10160.000000;0.000000;2502.858643
1860.000000;7934.000000;7733.000000;0.000000;340675.000000;10160.000000;0.000000;2504.095947
1861.000000;7934.000000;6644.000000;0.000000;512942.000000;10160.000000;0.000000;2505.642090
1862.000000;7934.000000;7886.000000;0.000000;289904.000000;10160.000000;0.000000;2506.992920
1863.000000;7934.000000;8658.000000;0.000000;396033.000000;10121.000000;0.000000;2508.349365
1864.000000;7934.000000;7144.000000;0.000000;417649.000000;10121.000000;0.000000;2509.710205
1865.000000;7934.000000;8752.000000;0.000000;412777.000000;10121.000000;0.000000;2511.047607
1866.000000;7934.000000;6060.000000;0.000000;489518.000000;10121.000000;0.000000;2512.375732
1867.000000;7934.000000;7250.000000;0.000000;383320.000000;10160.000000;0.000000;2513.702148
1868.000000;7934.000000;6404.000000;0.000000;587364.000000;10160.000000;0.000000;2515.030273
1869.000000;7934.000000;6505.000000;0.000000;384522.000000;10121.000000;0.000000;2516.356934
1870.000000;7934.000000;7277.000000;0.000000;441254.000000;10121.000000;0.000000;2517.711426
1871.000000;7934.000000;7905.000000;0.000000;429915.000000;10160.000000;0.000000;2519.059326
1872.000000;7934.000000;6746.000000;0.000000;426830.000000;10160.000000;0.000000;2520.410156
1873.000000;7934.000000;6511.000000;0.000000;413304.000000;10121.000000;0.000000;2521.781982
1874.000000;7934.000000;7206.000000;0.000000;515022.000000;10160.000000;0.000000;2523.154785
1875.000000;7934.000000;6344.000000;0.000000;412857.000000;10160.000000;0.000000;2524.512207
1876.000000;7934.000000;7848.000000;0.000000;397476.000000;10160.000000;0.000000;2525.871826
1877.000000;7934.000000;7973.000000;0.000000;389362.000000;10160.000000;0.000000;2527.265137
1878.000000;7934.000000;6723.000000;0.000000;384572.000000;10160.000000;0.000000;2528.506104
1879.000000;7934.000000;7235.000000;0.000000;464143.000000;10121.000000;0.000000;2529.703125
1880.000000;7934.000000;6731.000000;0.000000;516172.000000;10160.000000;0.000000;2530.903809
1881.000000;7934.000000;7151.000000;0.000000;522301.000000;10160.000000;0.000000;2532.357178
1882.000000;7934.000000;6243.000000;0.000000;473005.000000;10160.000000;0.000000;2533.700439
1883.000000;7934.000000;6487.000000;0.000000;466078.000000;10160.000000;0.000000;2535.039062
1884.000000;7934.000000;7911.000000;0.000000;612704.000000;10121.000000;0.000000;2536.390625
1885.000000;7934.000000;6474.000000;0.000000;527145.000000;10160.000000;0.000000;2537.765869
1886.000000;7934.000000;7157.000000;0.000000;429872.000000;10160.000000;0.000000;2539.116699
1887.000000;7934.000000;7405.000000;0.000000;590092.000000;10121.000000;0.000000;2540.465820
1888.000000;7934.000000;7156.000000;0.000000;523020.000000;10121.000000;0.000000;2541.814697
1889.000000;7934.000000;7261.000000;0.000000;462242.000000;10160.000000;0.000000;2543.166016
1890.000000;7934.000000;7809.000000;0.000000;408523.000000;10160.000000;0.000000;2544.526611
1891.000000;7934.000000;6774.000000;0.000000;459576.000000;10121.000000;0.000000;2545.922119
1892.000000;7934.000000;6788.000000;0.000000;437896.000000;10121.000000;0.000000;2547.327393
1893.000000;7934.000000;6215.000000;0.000000;543479.000000;10160.000000;0.000000;2548.676025
1894.000000;7934.000000;7907.000000;0.000000;400455.000000;10160.000000;0.000000;2550.020264
1895.000000;7934.000000;5643.000000;0.000000;406012.000000;10121.000000;0.000000;2551.258301
1896.000000;7934.000000;7388.000000;0.000000;502975.000000;10160.000000;0.000000;2552.442139
1897.000000;7934.000000;6566.000000;0.000000;562878.000000;10121.000000;0.000000;2553.625977
1898.000000;7934.000000;7012.000000;0.000000;483261.000000;10160.000000;0.000000;2554.808350
1899.000000;7934.000000;6740.000000;0.000000;524897.000000;10121.000000;0.000000;2555.990234
1900.000000;7934.000000;6788.000000;0.000000;429335.000000;10160.000000;0.000000;2557.176025
1901.000000;7934.000000;7466.000000;0.000000;550059.000000;10160.000000;0.000000;2558.654785
1902.000000;7934.000000;7695.000000;0.000000;479360.000000;10121.000000;0.000000;2560.011230
1903.000000;7934.000000;5980.000000;0.000000;522380.000000;10121.000000;0.000000;2561.328857
1904.000000;7934.000000;7279.000000;0.000000;439891.000000;10160.000000;0.000000;2562.659668
1905.000000;7934.000000;6538.000000;0.000000;395080.000000;10160.000000;0.000000;2564.012207
1906.000000;7934.000000;7534.000000;0.000000;361982.000000;10121.000000;0.000000;2565.363770
1907.000000;7934.000000;7282.000000;0.000000;423535.000000;10160.000000;0.000000;2566.689697
1908.000000;7934.000000;6834.000000;0.000000;520565.000000;10160.000000;0.000000;2568.047852
1909.000000;7934.000000;7302.000000;0.000000;400772.000000;10160.000000;0.000000;2569.474609
1910.000000;7934.000000;8486.000000;0.000000;459506.000000;10121.000000;0.000000;2570.815430
1911.000000;7934.000000;7554.000000;0.000000;579087.000000;10160.000000;0.000000;2572.174072
1912.000000;7934.000000;8084.000000;0.000000;297305.000000;10121.000000;0.000000;2573.515381
1913.000000;7934.000000;6114.000000;0.000000;539910.000000;10160.000000;0.000000;2574.858398
1914.000000;7934.000000;8039.000000;0.000000;362084.000000;10121.000000;0.000000;2576.198242
1915.000000;7934.000000;7721.000000;0.000000;498843.000000;10160.000000;0.000000;2577.464355
1916.000000;7934.000000;7797.000000;0.000000;450574.000000;10121.000000;0.000000;2578.665771
1917.000000;7934.000000;6892.000000;0.000000;514559.000000;10160.000000;0.000000;2579.857422
1918.000000;7934.000000;7391.000000;0.000000;475831.000000;10160.000000;0.000000;2581.046875
1919.000000;7934.000000;7886.000000;0.000000;423927.000000;10121.000000;0.000000;2582.236572
1920.000000;7934.000000;7390.000000;0.000000;510537.000000;10121.000000;0.000000;2583.425293
1921.000000;7934.000000;6640.000000;0.000000;435243.000000;10160.000000;0.000000;2584.886719
1922.000000;7934.000000;7420.000000;0.000000;492161.000000;10160.000000;0.000000;2586.217285
1923.000000;7934.000000;8196.000000;0.000000;403804.000000;10160.000000;0.000000;2587.577881
1924.000000;7934.000000;7979.000000;0.000000;399056.000000;10121.000000;0.000000;2588.927979
1925.000000;7934.000000;7618.000000;0.000000;499620.000000;10121.000000;0.000000;2590.271729
1926.000000;7934.000000;7523.000000;0.000000;468826.000000;10121.000000;0.000000;2591.635986
1927.000000;7934.000000;6845.000000;0.000000;391007.000000;10160.000000;0.000000;2592.981934
1928.000000;7934.000000;7099.000000;0.000000;425748.000000;10160.000000;0.000000;2594.327148
1929.000000;7934.000000;7648.000000;0.000000;458408.000000;10160.000000;0.000000;2595.669922
1930.000000;7934.000000;6984.000000;0.000000;491686.000000;10160.000000;0.000000;2597.023438
1931.000000;7934.000000;7668.000000;0.000000;392574.000000;10121.000000;0.000000;2598.428711
1932.000000;7934.000000;6615.000000;0.000000;312813.000000;10121.000000;0.000000;2599.780029
1933.000000;7934.000000;6246.000000;0.000000;527359.000000;10160.000000;0.000000;2601.134277
1934.000000;7934.000000;7527.000000;0.000000;483443.000000;10160.000000;0.000000;2602.488037
1935.000000;7934.000000;6372.000000;0.000000;483539.000000;10121.000000;0.000000;2603.731201
1936.000000;7934.000000;5728.000000;0.000000;457086.000000;10121.000000;0.000000;2604.924316
1937.000000;7934.000000;6006.000000;0.000000;432818.000000;10121.000000;0.000000;2606.117432
1938.000000;7934.000000;7093.000000;0.000000;545871.000000;10121.000000;0.000000;2607.311523
1939.000000;7934.000000;7881.000000;0.000000;447218.000000;10160.000000;0.000000;2608.543457
1940.000000;7934.000000;7264.000000;0.000000;430502.000000;10160.000000;0.000000;2609.749512
1941.000000;7934.000000;6391.000000;0.000000;440767.000000;10160.000000;0.000000;2611.226807
1942.000000;7934.000000;6814.000000;0.000000;371607.000000;10160.000000;0.000000;2612.568115
1943.000000;7934.000000;7028.000000;0.000000;481101.000000;10160.000000;0.000000;2613.907959
1944.000000;7934.000000;7903.000000;0.000000;385617.000000;10160.000000;0.000000;2615.250488
1945.000000;7934.000000;7329.000000;0.000000;440320.000000;10160.000000;0.000000;2616.604248
1946.000000;7934.000000;6766.000000;0.000000;388701.000000;10160.000000;0.000000;2617.993896
1947.000000;7934.000000;6961.000000;0.000000;472601.000000;10121.000000;0.000000;2619.357910
1948.000000;7934.000000;6824.000000;0.000000;412596.000000;10121.000000;0.000000;2620.713623
1949.000000;7934.000000;6199.000000;0.000000;431374.000000;10160.000000;0.000000;2622.066162
1950.000000;7934.000000;7117.000000;0.000000;479205.000000;10121.000000;0.000000;2623.427979
1951.000000;7934.000000;7865.000000;0.000000;416109.000000;10121.000000;0.000000;2624.836182
1952.000000;7934.000000;6895.000000;0.000000;414507.000000;10160.000000;0.000000;2626.195801
1953.000000;7934.000000;9260.000000;0.000000;404883.000000;10160.000000;0.000000;2627.580811
1954.000000;7934.000000;6914.000000;0.000000;490977.000000;10160.000000;0.000000;2629.013672
1955.000000;7934.000000;6523.000000;0.000000;445257.000000;10121.000000;0.000000;2630.244629
1956.000000;7934.000000;7510.000000;0.000000;397979.000000;10121.000000;0.000000;2631.443115
1957.000000;7934.000000;5837.000000;0.000000;470819.000000;10121.000000;0.000000;2632.639404
1958.000000;7934.000000;7886.000000;0.000000;346977.000000;10160.000000;0.000000;2633.837158
1959.000000;7934.000000;6494.000000;0.000000;417982.000000;10121.000000;0.000000;2635.034912
1960.000000;7934.000000;6734.000000;0.000000;566730.000000;10160.000000;0.000000;2636.232910
1961.000000;7934.000000;6714.000000;0.000000;410769.000000;10121.000000;0.000000;2637.701904
1962.000000;7934.000000;6959.000000;0.000000;431671.000000;10121.000000;0.000000;2639.079346
1963.000000;7934.000000;7102.000000;0.000000;409083.000000;10160.000000;0.000000;2640.427246
1964.000000;7934.000000;8319.000000;0.000000;309651.000000;10160.000000;0.000000;2641.792236
1965.000000;7934.000000;7817.000000;0.000000;480350.000000;10160.000000;0.000000;2643.159668
1966.000000;7934.000000;7648.000000;0.000000;378094.000000;10121.000000;0.000000;2644.523682
1967.000000;7934.000000;8426.000000;0.000000;405764.000000;10121.000000;0.000000;2645.882324
1968.000000;7934.000000;6770.000000;0.000000;414500.000000;10121.000000;0.000000;2647.255127
1969.000000;7934.000000;7560.000000;0.000000;351758.000000;10160.000000;0.000000;2648.669434
1970.000000;7934.000000;7663.000000;0.000000;304875.000000;10160.000000;0.000000;2650.052979
1971.000000;7934.000000;6919.000000;0.000000;448959.000000;10160.000000;0.000000;2651.450928
1972.000000;7934.000000;8186.000000;0.000000;490443.000000;10160.000000;0.000000;2652.832520
1973.000000;7934.000000;7118.000000;0.000000;476468.000000;10160.000000;0.000000;2654.216064
1974.000000;7934.000000;7774.000000;0.000000;453113.000000;10121.000000;0.000000;2655.606445
1975.000000;7934.000000;6647.000000;0.000000;362634.000000;10160.000000;0.000000;2656.853027
1976.000000;7934.000000;8483.000000;0.000000;454496.000000;10160.000000;0.000000;2658.081543
1977.000000;7934.000000;7757.000000;0.000000;441568.000000;10121.000000;0.000000;2659.477295
1978.000000;7934.000000;7074.000000;0.000000;425329.000000;10121.000000;0.000000;2660.689209
1979.000000;7934.000000;6095.000000;0.000000;442175.000000;10121.000000;0.000000;2661.925537
1980.000000;7934.000000;6926.000000;0.000000;397096.000000;10121.000000;0.000000;2663.146484
1981.000000;7934.000000;6898.000000;0.000000;450038.000000;10160.000000;0.000000;2664.680176
1982.000000;7934.000000;7289.000000;0.000000;392843.000000;10160.000000;0.000000;2666.026123
1983.000000;7934.000000;7980.000000;0.000000;433626.000000;10160.000000;0.000000;2667.371338
1984.000000;7934.000000;7347.000000;0.000000;400704.000000;10160.000000;0.000000;2668.787354
1985.000000;7934.000000;7441.000000;0.000000;347634.000000;10160.000000;0.000000;2670.168457
1986.000000;7934.000000;7791.000000;0.000000;452189.000000;10121.000000;0.000000;2671.546631
1987.000000;7934.000000;7921.000000;0.000000;440613.000000;10160.000000;0.000000;2672.924805
1988.000000;7934.000000;7653.000000;0.000000;406414.000000;10121.000000;0.000000;2674.374512
1989.000000;7934.000000;7511.000000;0.000000;413611.000000;10160.000000;0.000000;2675.766357
1990.000000;7934.000000;7995.000000;0.000000;531882.000000;10121.000000;0.000000;2677.167969
1991.000000;7934.000000;7843.000000;0.000000;472645.000000;10160.000000;0.000000;2678.601562
1992.000000;7934.000000;6941.000000;0.000000;557826.000000;10160.000000;0.000000;2679.995850
1993.000000;7934.000000;7920.000000;0.000000;436346.000000;10160.000000;0.000000;2681.460449
1994.000000;7934.000000;6326.000000;0.000000;467423.000000;10121.000000;0.000000;2682.913818
1995.000000;7934.000000;6707.000000;0.000000;608672.000000;10160.000000;0.000000;2684.159424
1996.000000;7934.000000;6906.000000;0.000000;490437.000000;10121.000000;0.000000;2685.405762
1997.000000;7934.000000;5618.000000;0.000000;562283.000000;10121.000000;0.000000;2686.627197
1998.000000;7934.000000;6201.000000;0.000000;530828.000000;10121.000000;0.000000;2687.848145
1999.000000;7934.000000;7146.000000;0.000000;319819.000000;10160.000000;0.000000;2689.097900
2000.000000;7934.000000;8252.000000;0.000000;425806.000000;10160.000000;0.000000;2690.314209
2001.000000;7934.000000;7514.000000;0.000000;528227.000000;10121.000000;0.000000;2691.815674
2002.000000;7934.000000;7258.000000;0.000000;498559.000000;10160.000000;0.000000;2693.179688
2003.000000;7934.000000;7231.000000;0.000000;582302.000000;10121.000000;0.000000;2694.546875
2004.000000;7934.000000;8482.000000;0.000000;371081.000000;10160.000000;0.000000;2695.928955
2005.000000;7934.000000;7944.000000;0.000000;447881.000000;10121.000000;0.000000;2697.308838
2006.000000;7934.000000;7440.000000;0.000000;467118.000000;10121.000000;0.000000;2698.678223
2007.000000;7934.000000;7627.000000;0.000000;494189.000000;10121.000000;0.000000;2700.033447
2008.000000;7934.000000;6583.000000;0.000000;420319.000000;10121.000000;0.000000;2701.380127
2009.000000;7934.000000;7974.000000;0.000000;369722.000000;10160.000000;0.000000;2702.731934
2010.000000;7934.000000;6719.000000;0.000000;467435.000000;10160.000000;0.000000;2704.079834
2011.000000;7934.000000;7523.000000;0.000000;453596.000000;10160.000000;0.000000;2705.429932
2012.000000;7934.000000;7738.000000;0.000000;419538.000000;10121.000000;0.000000;2706.781982
2013.000000;7934.000000;7970.000000;0.000000;459130.000000;10160.000000;0.000000;2708.177246
2014.000000;7934.000000;6477.000000;0.000000;553876.000000;10121.000000;0.000000;2709.572754
2015.000000;7934.000000;7615.000000;0.000000;448891.000000;10121.000000;0.000000;2710.939697
2016.000000;7934.000000;6441.000000;0.000000;370956.000000;10121.000000;0.000000;2712.305664
2017.000000;7934.000000;7160.000000;0.000000;428817.000000;10121.000000;0.000000;2713.666504
2018.000000;7934.000000;7737.000000;0.000000;474765.000000;10160.000000;0.000000;2714.884033
2019.000000;7934.000000;7418.000000;0.000000;429295.000000;10160.000000;0.000000;2716.073975
2020.000000;7934.000000;6101.000000;0.000000;477718.000000;10160.000000;0.000000;2717.268066
2021.000000;7934.000000;8179.000000;0.000000;426625.000000;10121.000000;0.000000;2718.765625
2022.000000;7934.000000;7678.000000;0.000000;408178.000000;10121.000000;0.000000;2720.112793
2023.000000;7934.000000;6277.000000;0.000000;502593.000000;10160.000000;0.000000;2721.451172
2024.000000;7934.000000;6214.000000;0.000000;549282.000000;10121.000000;0.000000;2722.802734
2025.000000;7934.000000;7463.000000;0.000000;381275.000000;10121.000000;0.000000;2724.157471
2026.000000;7934.000000;6356.000000;0.000000;482614.000000;10160.000000;0.000000;2725.515869
2027.000000;7934.000000;7621.000000;0.000000;395322.000000;10121.000000;0.000000;2726.871338
2028.000000;7934.000000;7555.000000;0.000000;444377.000000;10160.000000;0.000000;2728.363281
2029.000000;7934.000000;6878.000000;0.000000;416090.000000;10121.000000;0.000000;2730.078369
2030.000000;7934.000000;7191.000000;0.000000;482582.000000;10121.000000;0.000000;2731.408203
2031.000000;7934.000000;7531.000000;0.000000;528001.000000;10160.000000;0.000000;2732.845459
2032.000000;7934.000000;6385.000000;0.000000;503669.000000;10121.000000;0.000000;2734.174805
2033.000000;7934.000000;6642.000000;0.000000;413953.000000;10160.000000;0.000000;2735.592285
2034.000000;7934.000000;7605.000000;0.000000;375947.000000;10121.000000;0.000000;2736.921387
2035.000000;7934.000000;7644.000000;0.000000;489788.000000;10160.000000;0.000000;2738.256836
2036.000000;7934.000000;8802.000000;0.000000;424433.000000;10160.000000;0.000000;2739.648438
2037.000000;7934.000000;6875.000000;0.000000;299497.000000;10160.000000;0.000000;2741.129639
2038.000000;7934.000000;9075.000000;0.000000;333558.000000;10160.000000;0.000000;2742.495605
2039.000000;7934.000000;7340.000000;0.000000;356980.000000;10121.000000;0.000000;2743.851807
2040.000000;7934.000000;6162.000000;0.000000;549285.000000;10121.000000;0.000000;2745.222900
2041.000000;7934.000000;6788.000000;0.000000;295929.000000;10121.000000;0.000000;2746.635498
2042.000000;7934.000000;7310.000000;0.000000;426631.000000;10121.000000;0.000000;2747.951416
2043.000000;7934.000000;6449.000000;0.000000;444902.000000;10160.000000;0.000000;2749.304688
2044.000000;7934.000000;7850.000000;0.000000;440277.000000;10160.000000;0.000000;2750.635986
2045.000000;7934.000000;6799.000000;0.000000;439600.000000;10121.000000;0.000000;2751.967285
2046.000000;7934.000000;7361.000000;0.000000;431906.000000;10160.000000;0.000000;2753.296143
2047.000000;7934.000000;7030.000000;0.000000;446130.000000;10160.000000;0.000000;2754.624023
2048.000000;7934.000000;6807.000000;0.000000;446931.000000;10121.000000;0.000000;2755.954346
2049.000000;7934.000000;7106.000000;0.000000;374853.000000;10121.000000;0.000000;2757.283691
2050.000000;7934.000000;7018.000000;0.000000;547637.000000;10121.000000;0.000000;2758.679443
2051.000000;7934.000000;7758.000000;0.000000;467816.000000;10121.000000;0.000000;2760.012939
2052.000000;7934.000000;6382.000000;0.000000;483367.000000;10160.000000;0.000000;2761.337158
2053.000000;7934.000000;8068.000000;0.000000;429428.000000;10160.000000;0.000000;2762.659180
2054.000000;7934.000000;7006.000000;0.000000;423185.000000;10121.000000;0.000000;2763.982910
2055.000000;7934.000000;7027.000000;0.000000;396360.000000;10160.000000;0.000000;2765.288086
2056.000000;7934.000000;7801.000000;0.000000;502699.000000;10121.000000;0.000000;2766.446777
2057.000000;7934.000000;7850.000000;0.000000;391598.000000;10121.000000;0.000000;2767.604736
2058.000000;7934.000000;8105.000000;0.000000;520055.000000;10160.000000;0.000000;2768.783691
2059.000000;7934.000000;8401.000000;0.000000;378765.000000;10121.000000;0.000000;2770.055664
2060.000000;7934.000000;6507.000000;0.000000;370353.000000;10121.000000;0.000000;2771.224609
2061.000000;7934.000000;7694.000000;0.000000;574551.000000;10160.000000;0.000000;2772.650879
2062.000000;7934.000000;7755.000000;0.000000;415680.000000;10160.000000;0.000000;2773.954346
2063.000000;7934.000000;8903.000000;0.000000;388647.000000;10121.000000;0.000000;2775.257080
2064.000000;7934.000000;7815.000000;0.000000;404155.000000;10160.000000;0.000000;2776.563477
2065.000000;7934.000000;6964.000000;0.000000;385434.000000;10160.000000;0.000000;2777.864502
2066.000000;7934.000000;6126.000000;0.000000;552014.000000;10121.000000;0.000000;2779.210449
2067.000000;7934.000000;6938.000000;0.000000;362063.000000;10160.000000;0.000000;2780.524902
2068.000000;7934.000000;7684.000000;0.000000;500824.000000;10121.000000;0.000000;2781.834473
2069.000000;7934.000000;5897.000000;0.000000;539187.000000;10160.000000;0.000000;2783.144531
2070.000000;7934.000000;6665.000000;0.000000;421862.000000;10121.000000;0.000000;2784.455322
2071.000000;7934.000000;7179.000000;0.000000;461418.000000;10121.000000;0.000000;2785.801514
2072.000000;7934.000000;7268.000000;0.000000;509783.000000;10121.000000;0.000000;2787.123047
2073.000000;7934.000000;6978.000000;0.000000;430428.000000;10121.000000;0.000000;2788.460938
2074.000000;7934.000000;7112.000000;0.000000;477101.000000;10160.000000;0.000000;2789.817871
2075.000000;7934.000000;7177.000000;0.000000;528855.000000;10121.000000;0.000000;2791.115967
2076.000000;7934.000000;5635.000000;0.000000;519648.000000;10160.000000;0.000000;2792.284668
2077.000000;7934.000000;7226.000000;0.000000;449190.000000;10160.000000;0.000000;2793.452637
2078.000000;7934.000000;6717.000000;0.000000;444765.000000;10160.000000;0.000000;2794.623535
2079.000000;7934.000000;7387.000000;0.000000;404948.000000;10121.000000;0.000000;2795.790039
2080.000000;7934.000000;6834.000000;0.000000;428010.000000;10121.000000;0.000000;2796.956787
2081.000000;7934.000000;7330.000000;0.000000;464241.000000;10160.000000;0.000000;2798.381836
2082.000000;7934.000000;6158.000000;0.000000;464129.000000;10160.000000;0.000000;2799.719727
2083.000000;7934.000000;7713.000000;0.000000;461578.000000;10160.000000;0.000000;2801.026367
2084.000000;7934.000000;7766.000000;0.000000;415442.000000;10160.000000;0.000000;2802.344971
2085.000000;7934.000000;7056.000000;0.000000;436698.000000;10160.000000;0.000000;2803.664551
2086.000000;7934.000000;7483.000000;0.000000;412270.000000;10121.000000;0.000000;2805.013916
2087.000000;7934.000000;6589.000000;0.000000;323040.000000;10121.000000;0.000000;2806.425781
2088.000000;7934.000000;7126.000000;0.000000;358129.000000;10121.000000;0.000000;2807.749512
2089.000000;7934.000000;8056.000000;0.000000;467026.000000;10121.000000;0.000000;2809.161133
2090.000000;7934.000000;8173.000000;0.000000;431170.000000;10121.000000;0.000000;2810.491943
2091.000000;7934.000000;8034.000000;0.000000;330719.000000;10160.000000;0.000000;2811.849121
2092.000000;7934.000000;6870.000000;0.000000;374169.000000;10160.000000;0.000000;2813.188721
2093.000000;7934.000000;6800.000000;0.000000;509095.000000;10160.000000;0.000000;2814.527832
2094.000000;7934.000000;6052.000000;0.000000;585959.000000;10121.000000;0.000000;2815.868408
2095.000000;7934.000000;6374.000000;0.000000;437527.000000;10160.000000;0.000000;2817.134766
2096.000000;7934.000000;6709.000000;0.000000;511123.000000;10160.000000;0.000000;2818.313965
2097.000000;7934.000000;7016.000000;0.000000;387703.000000;10160.000000;0.000000;2819.520020
2098.000000;7934.000000;9587.000000;0.000000;398081.000000;10160.000000;0.000000;2820.698242
2099.000000;7934.000000;7101.000000;0.000000;493826.000000;10160.000000;0.000000;2821.876221
2100.000000;7934.000000;7230.000000;0.000000;528259.000000;10160.000000;0.000000;2823.055176
2101.000000;7934.000000;6168.000000;0.000000;307503.000000;10121.000000;0.000000;2824.500244
2102.000000;7934.000000;6755.000000;0.000000;503054.000000;10160.000000;0.000000;2825.828125
2103.000000;7934.000000;7354.000000;0.000000;369189.000000;10160.000000;0.000000;2827.151611
2104.000000;7934.000000;7309.000000;0.000000;430650.000000;10160.000000;0.000000;2828.494873
2105.000000;7934.000000;6310.000000;0.000000;581482.000000;10160.000000;0.000000;2829.874023
2106.000000;7934.000000;7076.000000;0.000000;458175.000000;10121.000000;0.000000;2831.209229
2107.000000;7934.000000;7381.000000;0.000000;481943.000000;10160.000000;0.000000;2832.541504
2108.000000;7934.000000;7047.000000;0.000000;556844.000000;10160.000000;0.000000;2833.876953
2109.000000;7934.000000;8815.000000;0.000000;491912.000000;10121.000000;0.000000;2835.213623
2110.000000;7934.000000;8441.000000;0.000000;324979.000000;10160.000000;0.000000;2836.558350
2111.000000;7934.000000;7966.000000;0.000000;487145.000000;10160.000000;0.000000;2837.929932
2112.000000;7934.000000;6621.000000;0.000000;429742.000000;10160.000000;0.000000;2839.320068
2113.000000;7934.000000;8638.000000;0.000000;512660.000000;10160.000000;0.000000;2840.668457
2114.000000;7934.000000;6104.000000;0.000000;339957.000000;10121.000000;0.000000;2842.020752
2115.000000;7934.000000;7254.000000;0.000000;447231.000000;10160.000000;0.000000;2843.276611
2116.000000;7934.000000;6877.000000;0.000000;488528.000000;10121.000000;0.000000;2844.457031
2117.000000;7934.000000;6893.000000;0.000000;405859.000000;10160.000000;0.000000;2845.636230
2118.000000;7934.000000;7629.000000;0.000000;323300.000000;10121.000000;0.000000;2846.892090
2119.000000;7934.000000;7395.000000;0.000000;405401.000000;10160.000000;0.000000;2848.105713
2120.000000;7934.000000;7822.000000;0.000000;383553.000000;10160.000000;0.000000;2849.331299
2121.000000;7934.000000;7722.000000;0.000000;387984.000000;10121.000000;0.000000;2850.801514
2122.000000;7934.000000;8305.000000;0.000000;364217.000000;10160.000000;0.000000;2852.135254
2123.000000;7934.000000;6981.000000;0.000000;404925.000000;10121.000000;0.000000;2853.471191
2124.000000;7934.000000;7485.000000;0.000000;498482.000000;10160.000000;0.000000;2854.814941
2125.000000;7934.000000;7427.000000;0.000000;405986.000000;10121.000000;0.000000;2856.160645
2126.000000;7934.000000;7261.000000;0.000000;367003.000000;10121.000000;0.000000;2857.503906
2127.000000;7934.000000;6869.000000;0.000000;471525.000000;10160.000000;0.000000;2858.850830
2128.000000;7934.000000;7277.000000;0.000000;402237.000000;10160.000000;0.000000;2860.209961
2129.000000;7934.000000;8248.000000;0.000000;370680.000000;10160.000000;0.000000;2861.544678
2130.000000;7934.000000;7850.000000;0.000000;333356.000000;10121.000000;0.000000;2862.886230
2131.000000;7934.000000;8444.000000;0.000000;437530.000000;10160.000000;0.000000;2864.281982
2132.000000;7934.000000;6578.000000;0.000000;422742.000000;10121.000000;0.000000;2865.645508
2133.000000;7934.000000;7311.000000;0.000000;373871.000000;10121.000000;0.000000;2867.003662
2134.000000;7934.000000;7166.000000;0.000000;358089.000000;10121.000000;0.000000;2868.364014
2135.000000;7934.000000;7320.000000;0.000000;534975.000000;10160.000000;0.000000;2869.665283
2136.000000;7934.000000;6427.000000;0.000000;511099.000000;10121.000000;0.000000;2870.860596
2137.000000;7934.000000;6990.000000;0.000000;482498.000000;10160.000000;0.000000;2872.045654
2138.000000;7934.000000;6192.000000;0.000000;414381.000000;10160.000000;0.000000;2873.229248
2139.000000;7934.000000;7193.000000;0.000000;525130.000000;10160.000000;0.000000;2874.414795
2140.000000;7934.000000;7240.000000;0.000000;472970.000000;10121.000000;0.000000;2875.600586
2141.000000;7934.000000;7665.000000;0.000000;593417.000000;10121.000000;0.000000;2877.055176
2142.000000;7934.000000;6222.000000;0.000000;441320.000000;10121.000000;0.000000;2878.393066
2143.000000;7934.000000;7084.000000;0.000000;417350.000000;10121.000000;0.000000;2879.774902
2144.000000;7934.000000;6438.000000;0.000000;452620.000000;10160.000000;0.000000;2881.137695
2145.000000;7934.000000;7260.000000;0.000000;244749.000000;10121.000000;0.000000;2882.498047
2146.000000;7934.000000;6520.000000;0.000000;406530.000000;10121.000000;0.000000;2883.857422
2147.000000;7934.000000;8190.000000;0.000000;425601.000000;10160.000000;0.000000;2885.208740
2148.000000;7934.000000;5685.000000;0.000000;446878.000000;10121.000000;0.000000;2886.564941
2149.000000;7934.000000;9219.000000;0.000000;347404.000000;10160.000000;0.000000;2888.010742
2150.000000;7934.000000;6861.000000;0.000000;569970.000000;10121.000000;0.000000;2889.395996
2151.000000;7934.000000;8592.000000;0.000000;341910.000000;10160.000000;0.000000;2890.762695
2152.000000;7934.000000;5316.000000;0.000000;557557.000000;10160.000000;0.000000;2892.116211
2153.000000;7934.000000;7338.000000;0.000000;344331.000000;10160.000000;0.000000;2893.474609
2154.000000;7934.000000;6016.000000;0.000000;555610.000000;10121.000000;0.000000;2894.861816
2155.000000;7934.000000;7613.000000;0.000000;509462.000000;10160.000000;0.000000;2896.250244
2156.000000;7934.000000;7706.000000;0.000000;398850.000000;10121.000000;0.000000;2897.623779
2157.000000;7934.000000;8881.000000;0.000000;419172.000000;10160.000000;0.000000;2898.998047
2158.000000;7934.000000;8577.000000;0.000000;484856.000000;10160.000000;0.000000;2900.396729
2159.000000;7934.000000;7796.000000;0.000000;351682.000000;10121.000000;0.000000;2901.628418
2160.000000;7934.000000;7733.000000;0.000000;531926.000000;10160.000000;0.000000;2902.823975
2161.000000;7934.000000;7435.000000;0.000000;499956.000000;10121.000000;0.000000;2904.294189
2162.000000;7934.000000;6758.000000;0.000000;522353.000000;10160.000000;0.000000;2905.639160
2163.000000;7934.000000;7442.000000;0.000000;422392.000000;10121.000000;0.000000;2906.986328
2164.000000;7934.000000;7068.000000;0.000000;390903.000000;10121.000000;0.000000;2908.351562
2165.000000;7934.000000;7204.000000;0.000000;452067.000000;10160.000000;0.000000;2909.757812
2166.000000;7934.000000;7681.000000;0.000000;468363.000000;10121.000000;0.000000;2911.132812
2167.000000;7934.000000;6695.000000;0.000000;452371.000000;10160.000000;0.000000;2912.503418
2168.000000;7934.000000;6757.000000;0.000000;522381.000000;10160.000000;0.000000;2913.873291
2169.000000;7934.000000;7398.000000;0.000000;674812.000000;10121.000000;0.000000;2915.257080
2170.000000;7934.000000;7292.000000;0.000000;476802.000000;10160.000000;0.000000;2916.625488
2171.000000;7934.000000;8615.000000;0.000000;427339.000000;10121.000000;0.000000;2918.005127
2172.000000;7934.000000;7713.000000;0.000000;432529.000000;10121.000000;0.000000;2919.379395
2173.000000;7934.000000;7334.000000;0.000000;467391.000000;10160.000000;0.000000;2920.774170
2174.000000;7934.000000;6155.000000;0.000000;427301.000000;10121.000000;0.000000;2922.142090
2175.000000;7934.000000;7305.000000;0.000000;521082.000000;10121.000000;0.000000;2923.508545
2176.000000;7934.000000;6780.000000;0.000000;557690.000000;10121.000000;0.000000;2924.927734
2177.000000;7934.000000;7803.000000;0.000000;488751.000000;10160.000000;0.000000;2926.324951
2178.000000;7934.000000;6036.000000;0.000000;436869.000000;10121.000000;0.000000;2927.714111
2179.000000;7934.000000;6881.000000;0.000000;288839.000000;10121.000000;0.000000;2929.104736
2180.000000;7934.000000;5787.000000;0.000000;483675.000000;10121.000000;0.000000;2930.514160
2181.000000;7934.000000;8279.000000;0.000000;431648.000000;10121.000000;0.000000;2932.045654
2182.000000;7934.000000;7038.000000;0.000000;422509.000000;10121.000000;0.000000;2933.402832
2183.000000;7934.000000;7750.000000;0.000000;331508.000000;10121.000000;0.000000;2934.757568
2184.000000;7934.000000;7001.000000;0.000000;518698.000000;10160.000000;0.000000;2936.127930
2185.000000;7934.000000;7701.000000;0.000000;457417.000000;10121.000000;0.000000;2937.497314
2186.000000;7934.000000;6529.000000;0.000000;507102.000000;10121.000000;0.000000;2938.843506
2187.000000;7934.000000;7928.000000;0.000000;392215.000000;10121.000000;0.000000;2940.219727
2188.000000;7934.000000;5788.000000;0.000000;484917.000000;10121.000000;0.000000;2941.558838
2189.000000;7934.000000;7226.000000;0.000000;550661.000000;10160.000000;0.000000;2942.900635
2190.000000;7934.000000;7262.000000;0.000000;481573.000000;10160.000000;0.000000;2944.246338
2191.000000;7934.000000;6624.000000;0.000000;531591.000000;10121.000000;0.000000;2945.625000
2192.000000;7934.000000;6790.000000;0.000000;338024.000000;10160.000000;0.000000;2946.980713
2193.000000;7934.000000;6990.000000;0.000000;461097.000000;10121.000000;0.000000;2948.339844
2194.000000;7934.000000;7076.000000;0.000000;461310.000000;10121.000000;0.000000;2949.707275
2195.000000;7934.000000;6825.000000;0.000000;376232.000000;10160.000000;0.000000;2950.981689
2196.000000;7934.000000;7424.000000;0.000000;424575.000000;10160.000000;0.000000;2952.168213
2197.000000;7934.000000;6948.000000;0.000000;432734.000000;10121.000000;0.000000;2953.367920
2198.000000;7934.000000;6149.000000;0.000000;556736.000000;10121.000000;0.000000;2954.567139
2199.000000;7934.000000;6747.000000;0.000000;551443.000000;10160.000000;0.000000;2955.759766
2200.000000;7934.000000;4961.000000;0.000000;426419.000000;10160.000000;0.000000;2956.948730
2201.000000;7934.000000;6670.000000;0.000000;428556.000000;10160.000000;0.000000;2958.403564
2202.000000;7934.000000;6971.000000;0.000000;388345.000000;10121.000000;0.000000;2959.739014
2203.000000;7934.000000;6835.000000;0.000000;516202.000000;10160.000000;0.000000;2961.092773
2204.000000;7934.000000;8226.000000;0.000000;335439.000000;10160.000000;0.000000;2962.432861
2205.000000;7934.000000;7270.000000;0.000000;385368.000000;10121.000000;0.000000;2963.776855
2206.000000;7934.000000;7578.000000;0.000000;382292.000000;10121.000000;0.000000;2965.119873
2207.000000;7934.000000;7340.000000;0.000000;482084.000000;10160.000000;0.000000;2966.463135
2208.000000;7934.000000;7421.000000;0.000000;453063.000000;10121.000000;0.000000;2967.810547
2209.000000;7934.000000;7882.000000;0.000000;400991.000000;10160.000000;0.000000;2969.165771
2210.000000;7934.000000;7742.000000;0.000000;355016.000000;10121.000000;0.000000;2970.547852
2211.000000;7934.000000;6311.000000;0.000000;491764.000000;10121.000000;0.000000;2971.946289
2212.000000;7934.000000;8413.000000;0.000000;448978.000000;10121.000000;0.000000;2973.317871
2213.000000;7934.000000;7459.000000;0.000000;417610.000000;10121.000000;0.000000;2974.687988
2214.000000;7934.000000;7630.000000;0.000000;422283.000000;10160.000000;0.000000;2976.056641
2215.000000;7934.000000;6453.000000;0.000000;390748.000000;10160.000000;0.000000;2977.337402
2216.000000;7934.000000;8270.000000;0.000000;469697.000000;10160.000000;0.000000;2978.555664
2217.000000;7934.000000;7261.000000;0.000000;516699.000000;10121.000000;0.000000;2979.773926
2218.000000;7934.000000;10073.000000;0.000000;363970.000000;10160.000000;0.000000;2981.011475
2219.000000;7934.000000;8113.000000;0.000000;427050.000000;10121.000000;0.000000;2982.216064
2220.000000;7934.000000;7768.000000;0.000000;534263.000000;10121.000000;0.000000;2983.419678
2221.000000;7934.000000;7910.000000;0.000000;486013.000000;10121.000000;0.000000;2985.010986
2222.000000;7934.000000;8746.000000;0.000000;471681.000000;10160.000000;0.000000;2986.355469
2223.000000;7934.000000;6556.000000;0.000000;397240.000000;10121.000000;0.000000;2987.699951
2224.000000;7934.000000;6237.000000;0.000000;455200.000000;10160.000000;0.000000;2989.059326
2225.000000;7934.000000;6514.000000;0.000000;512276.000000;10160.000000;0.000000;2990.442139
2226.000000;7934.000000;8357.000000;0.000000;486731.000000;10121.000000;0.000000;2991.797119
2227.000000;7934.000000;9063.000000;0.000000;429377.000000;10160.000000;0.000000;2993.153076
2228.000000;7934.000000;7622.000000;0.000000;330964.000000;10160.000000;0.000000;2994.508057
2229.000000;7934.000000;8277.000000;0.000000;461257.000000;10121.000000;0.000000;2995.866211
2230.000000;7934.000000;8947.000000;0.000000;500809.000000;10121.000000;0.000000;2997.249756
2231.000000;7934.000000;6888.000000;0.000000;479016.000000;10160.000000;0.000000;2998.648682
2232.000000;7934.000000;5618.000000;0.000000;443820.000000;10121.000000;0.000000;3000.058350
2233.000000;7934.000000;10027.000000;0.000000;374431.000000;10160.000000;0.000000;3001.459229
2234.000000;7934.000000;7021.000000;0.000000;505206.000000;10121.000000;0.000000;3002.842529
2235.000000;7934.000000;7011.000000;0.000000;416069.000000;10160.000000;0.000000;3004.086426
2236.000000;7934.000000;7344.000000;0.000000;461700.000000;10160.000000;0.000000;3005.310059
2237.000000;7934.000000;6894.000000;0.000000;406443.000000;10160.000000;0.000000;3006.735840
2238.000000;7934.000000;7350.000000;0.000000;478611.000000;10121.000000;0.000000;3008.023193
2239.000000;7934.000000;7433.000000;0.000000;354756.000000;10121.000000;0.000000;3009.240967
2240.000000;7934.000000;6897.000000;0.000000;476218.000000;10121.000000;0.000000;3010.483154
2241.000000;7934.000000;6775.000000;0.000000;335914.000000;10160.000000;0.000000;3012.001709
2242.000000;7934.000000;8035.000000;0.000000;491648.000000;10121.000000;0.000000;3013.352295
2243.000000;7934.000000;7609.000000;0.000000;460580.000000;10121.000000;0.000000;3014.712646
2244.000000;7934.000000;7196.000000;0.000000;510281.000000;10121.000000;0.000000;3016.082031
2245.000000;7934.000000;7649.000000;0.000000;439465.000000;10160.000000;0.000000;3017.452393
2246.000000;7934.000000;7881.000000;0.000000;478982.000000;10160.000000;0.000000;3018.979492
2247.000000;7934.000000;8449.000000;0.000000;461991.000000;10160.000000;0.000000;3020.384766
2248.000000;7934.000000;7118.000000;0.000000;446960.000000;10160.000000;0.000000;3021.745850
2249.000000;7934.000000;8761.000000;0.000000;359517.000000;10121.000000;0.000000;3023.105225
2250.000000;7934.000000;7476.000000;0.000000;387598.000000;10121.000000;0.000000;3024.499512
2251.000000;7934.000000;6683.000000;0.000000;611846.000000;10160.000000;0.000000;3025.876465
2252.000000;7934.000000;7573.000000;0.000000;395324.000000;10160.000000;0.000000;3027.252197
2253.000000;7934.000000;7375.000000;0.000000;402370.000000;10160.000000;0.000000;3028.650879
2254.000000;7934.000000;6333.000000;0.000000;505190.000000;10160.000000;0.000000;3030.054932
2255.000000;7934.000000;7755.000000;0.000000;348172.000000;10121.000000;0.000000;3031.333496
2256.000000;7934.000000;7093.000000;0.000000;454291.000000;10121.000000;0.000000;3032.569336
2257.000000;7934.000000;7043.000000;0.000000;351002.000000;10121.000000;0.000000;3033.800293
2258.000000;7934.000000;7541.000000;0.000000;451147.000000;10160.000000;0.000000;3035.029541
2259.000000;7934.000000;6492.000000;0.000000;523099.000000;10160.000000;0.000000;3036.253662
2260.000000;7934.000000;8032.000000;0.000000;460974.000000;10160.000000;0.000000;3037.479004
2261.000000;7934.000000;7933.000000;0.000000;434062.000000;10121.000000;0.000000;3038.992188
2262.000000;7934.000000;6817.000000;0.000000;465719.000000;10160.000000;0.000000;3040.544434
2263.000000;7934.000000;7250.000000;0.000000;517257.000000;10160.000000;0.000000;3041.917236
2264.000000;7934.000000;8718.000000;0.000000;356389.000000;10121.000000;0.000000;3043.296143
2265.000000;7934.000000;6573.000000;0.000000;340328.000000;10160.000000;0.000000;3044.719482
2266.000000;7934.000000;6657.000000;0.000000;553180.000000;10160.000000;0.000000;3046.104980
2267.000000;7934.000000;6506.000000;0.000000;571849.000000;10160.000000;0.000000;3047.483398
2268.000000;7934.000000;7047.000000;0.000000;463298.000000;10160.000000;0.000000;3048.866211
2269.000000;7934.000000;7811.000000;0.000000;410553.000000;10160.000000;0.000000;3050.246094
2270.000000;7934.000000;9053.000000;0.000000;306247.000000;10121.000000;0.000000;3051.696533
2271.000000;7934.000000;7503.000000;0.000000;379852.000000;10160.000000;0.000000;3053.100586
2272.000000;7934.000000;7310.000000;0.000000;321554.000000;10121.000000;0.000000;3054.496582
2273.000000;7934.000000;7876.000000;0.000000;391127.000000;10160.000000;0.000000;3055.897217
2274.000000;7934.000000;6647.000000;0.000000;475572.000000;10160.000000;0.000000;3057.266357
2275.000000;7934.000000;6565.000000;0.000000;408167.000000;10160.000000;0.000000;3058.476807
2276.000000;7934.000000;6822.000000;0.000000;401338.000000;10160.000000;0.000000;3059.677979
2277.000000;7934.000000;6549.000000;0.000000;463986.000000;10160.000000;0.000000;3060.905029
2278.000000;7934.000000;6781.000000;0.000000;473175.000000;10160.000000;0.000000;3062.106934
2279.000000;7934.000000;6463.000000;0.000000;574119.000000;10121.000000;0.000000;3063.307373
2280.000000;7934.000000;6690.000000;0.000000;545442.000000;10160.000000;0.000000;3064.502930
2281.000000;7934.000000;7406.000000;0.000000;434102.000000;10121.000000;0.000000;3065.979004
2282.000000;7934.000000;6942.000000;0.000000;373569.000000;10160.000000;0.000000;3067.316650
2283.000000;7934.000000;6312.000000;0.000000;601160.000000;10121.000000;0.000000;3068.666016
2284.000000;7934.000000;8034.000000;0.000000;312345.000000;10121.000000;0.000000;3070.018555
2285.000000;7934.000000;7029.000000;0.000000;569458.000000;10160.000000;0.000000;3071.387451
2286.000000;7934.000000;6582.000000;0.000000;405366.000000;10121.000000;0.000000;3072.744141
2287.000000;7934.000000;6109.000000;0.000000;389193.000000;10121.000000;0.000000;3074.100830
2288.000000;7934.000000;6149.000000;0.000000;499941.000000;10121.000000;0.000000;3075.461182
2289.000000;7934.000000;6699.000000;0.000000;391671.000000;10160.000000;0.000000;3076.813965
2290.000000;7934.000000;6286.000000;0.000000;513623.000000;10160.000000;0.000000;3078.169189
2291.000000;7934.000000;7187.000000;0.000000;489010.000000;10121.000000;0.000000;3079.540771
2292.000000;7934.000000;7618.000000;0.000000;477167.000000;10160.000000;0.000000;3080.932129
2293.000000;7934.000000;6762.000000;0.000000;434339.000000;10160.000000;0.000000;3082.311279
2294.000000;7934.000000;5526.000000;0.000000;429040.000000;10121.000000;0.000000;3083.692139
2295.000000;7934.000000;7360.000000;0.000000;429482.000000;10160.000000;0.000000;3085.059570
2296.000000;7934.000000;7801.000000;0.000000;468396.000000;10121.000000;0.000000;3086.428711
2297.000000;7934.000000;6965.000000;0.000000;409133.000000;10121.000000;0.000000;3087.793701
2298.000000;7934.000000;7540.000000;0.000000;384267.000000;10121.000000;0.000000;3089.066650
2299.000000;7934.000000;6856.000000;0.000000;471820.000000;10121.000000;0.000000;3090.249756
2300.000000;7934.000000;6578.000000;0.000000;434728.000000;10160.000000;0.000000;3091.464355
2301.000000;7934.000000;8897.000000;0.000000;345529.000000;10121.000000;0.000000;3092.907959
2302.000000;7934.000000;7423.000000;0.000000;483756.000000;10160.000000;0.000000;3094.230957
2303.000000;7934.000000;7210.000000;0.000000;466155.000000;10121.000000;0.000000;3095.553223
2304.000000;7934.000000;8829.000000;0.000000;432656.000000;10160.000000;0.000000;3096.894531
2305.000000;7934.000000;7197.000000;0.000000;527941.000000;10121.000000;0.000000;3098.231201
2306.000000;7934.000000;7828.000000;0.000000;342906.000000;10160.000000;0.000000;3099.565918
2307.000000;7934.000000;6911.000000;0.000000;534377.000000;10121.000000;0.000000;3100.952881
2308.000000;7934.000000;7007.000000;0.000000;401399.000000;10160.000000;0.000000;3102.303223
2309.000000;7934.000000;6467.000000;0.000000;453349.000000;10160.000000;0.000000;3103.637451
2310.000000;7934.000000;8325.000000;0.000000;380439.000000;10160.000000;0.000000;3104.999512
2311.000000;7934.000000;8056.000000;0.000000;540872.000000;10121.000000;0.000000;3106.435059
2312.000000;7934.000000;7069.000000;0.000000;291265.000000;10121.000000;0.000000;3107.781494
2313.000000;7934.000000;7472.000000;0.000000;501937.000000;10121.000000;0.000000;3109.160156
2314.000000;7934.000000;8186.000000;0.000000;321948.000000;10121.000000;0.000000;3110.516602
2315.000000;7934.000000;8685.000000;0.000000;362965.000000;10121.000000;0.000000;3111.782471
2316.000000;7934.000000;7756.000000;0.000000;429565.000000;10121.000000;0.000000;3112.965576
2317.000000;7934.000000;6350.000000;0.000000;532478.000000;10160.000000;0.000000;3114.147461
2318.000000;7934.000000;6648.000000;0.000000;490962.000000;10160.000000;0.000000;3115.331299
2319.000000;7934.000000;6624.000000;0.000000;529543.000000;10121.000000;0.000000;3116.512207
2320.000000;7934.000000;7069.000000;0.000000;422141.000000;10160.000000;0.000000;3117.687012
2321.000000;7934.000000;6654.000000;0.000000;451170.000000;10160.000000;0.000000;3119.137939
2322.000000;7934.000000;7473.000000;0.000000;434521.000000;10160.000000;0.000000;3120.470459
2323.000000;7934.000000;6781.000000;0.000000;596209.000000;10121.000000;0.000000;3121.829102
2324.000000;7934.000000;7943.000000;0.000000;422932.000000;10121.000000;0.000000;3123.175781
2325.000000;7934.000000;6719.000000;0.000000;384739.000000;10160.000000;0.000000;3124.522461
2326.000000;7934.000000;7072.000000;0.000000;480754.000000;10160.000000;0.000000;3125.864502
2327.000000;7934.000000;7630.000000;0.000000;425381.000000;10160.000000;0.000000;3127.207031
2328.000000;7934.000000;8215.000000;0.000000;370876.000000;10121.000000;0.000000;3128.548340
2329.000000;7934.000000;7014.000000;0.000000;489750.000000;10160.000000;0.000000;3129.889893
2330.000000;7934.000000;9033.000000;0.000000;267886.000000;10160.000000;0.000000;3131.283691
2331.000000;7934.000000;6347.000000;0.000000;428947.000000;10121.000000;0.000000;3132.663086
2332.000000;7934.000000;7028.000000;0.000000;385271.000000;10160.000000;0.000000;3134.022949
2333.000000;7934.000000;6506.000000;0.000000;627641.000000;10160.000000;0.000000;3135.389160
2334.000000;7934.000000;6872.000000;0.000000;436970.000000;10121.000000;0.000000;3136.852783
2335.000000;7934.000000;6962.000000;0.000000;476028.000000;10160.000000;0.000000;3138.491455
2336.000000;7934.000000;6119.000000;0.000000;490007.000000;10121.000000;0.000000;3139.856934
2337.000000;7934.000000;6097.000000;0.000000;411725.000000;10160.000000;0.000000;3141.087402
2338.000000;7934.000000;7497.000000;0.000000;465265.000000;10121.000000;0.000000;3142.288574
2339.000000;7934.000000;6621.000000;0.000000;314679.000000;10121.000000;0.000000;3143.481201
2340.000000;7934.000000;7608.000000;0.000000;431912.000000;10160.000000;0.000000;3144.676514
2341.000000;7934.000000;6847.000000;0.000000;437938.000000;10121.000000;0.000000;3146.134033
2342.000000;7934.000000;7882.000000;0.000000;541944.000000;10160.000000;0.000000;3147.466553
2343.000000;7934.000000;6848.000000;0.000000;501779.000000;10160.000000;0.000000;3148.814453
2344.000000;7934.000000;6967.000000;0.000000;436617.000000;10160.000000;0.000000;3150.174805
2345.000000;7934.000000;7868.000000;0.000000;563089.000000;10160.000000;0.000000;3151.579102
2346.000000;7934.000000;5876.000000;0.000000;438672.000000;10160.000000;0.000000;3152.938477
2347.000000;7934.000000;7840.000000;0.000000;368072.000000;10160.000000;0.000000;3154.297363
2348.000000;7934.000000;6630.000000;0.000000;487162.000000;10160.000000;0.000000;3155.655273
2349.000000;7934.000000;7364.000000;0.000000;373542.000000;10121.000000;0.000000;3157.012451
2350.000000;7934.000000;8329.000000;0.000000;426592.000000;10121.000000;0.000000;3158.392090
2351.000000;7934.000000;6766.000000;0.000000;498371.000000;10160.000000;0.000000;3159.785156
2352.000000;7934.000000;7208.000000;0.000000;380510.000000;10121.000000;0.000000;3161.176514
2353.000000;7934.000000;7917.000000;0.000000;492322.000000;10121.000000;0.000000;3162.557617
2354.000000;7934.000000;6844.000000;0.000000;463277.000000;10121.000000;0.000000;3163.922852
2355.000000;7934.000000;7099.000000;0.000000;366412.000000;10160.000000;0.000000;3165.193359
2356.000000;7934.000000;6912.000000;0.000000;533307.000000;10121.000000;0.000000;3166.388672
2357.000000;7934.000000;6594.000000;0.000000;440390.000000;10160.000000;0.000000;3167.589600
2358.000000;7934.000000;6870.000000;0.000000;537139.000000;10121.000000;0.000000;3168.799072
2359.000000;7934.000000;6919.000000;0.000000;431500.000000;10121.000000;0.000000;3170.009277
2360.000000;7934.000000;7752.000000;0.000000;514254.000000;10121.000000;0.000000;3171.246094
2361.000000;7934.000000;8245.000000;0.000000;360627.000000;10121.000000;0.000000;3172.736084
2362.000000;7934.000000;6858.000000;0.000000;347604.000000;10121.000000;0.000000;3174.082031
2363.000000;7934.000000;7535.000000;0.000000;413140.000000;10160.000000;0.000000;3175.429932
2364.000000;7934.000000;7838.000000;0.000000;431453.000000;10121.000000;0.000000;3176.788086
2365.000000;7934.000000;7021.000000;0.000000;438983.000000;10121.000000;0.000000;3178.136475
2366.000000;7934.000000;7527.000000;0.000000;511217.000000;10121.000000;0.000000;3179.469971
2367.000000;7934.000000;7640.000000;0.000000;407665.000000;10160.000000;0.000000;3180.798828
2368.000000;7934.000000;7136.000000;0.000000;531496.000000;10121.000000;0.000000;3182.153809
2369.000000;7934.000000;6551.000000;0.000000;443658.000000;10121.000000;0.000000;3183.485840
2370.000000;7934.000000;7871.000000;0.000000;376472.000000;10121.000000;0.000000;3184.944336
2371.000000;7934.000000;6342.000000;0.000000;477420.000000;10121.000000;0.000000;3186.499268
2372.000000;7934.000000;8394.000000;0.000000;303028.000000;10121.000000;0.000000;3188.052246
2373.000000;7934.000000;6677.000000;0.000000;502824.000000;10121.000000;0.000000;3189.599121
2374.000000;7934.000000;6431.000000;0.000000;532388.000000;10121.000000;0.000000;3191.116699
2375.000000;7934.000000;7534.000000;0.000000;463904.000000;10160.000000;0.000000;3192.544678
2376.000000;7934.000000;6557.000000;0.000000;522042.000000;10121.000000;0.000000;3193.934814
2377.000000;7934.000000;8373.000000;0.000000;351396.000000;10160.000000;0.000000;3195.137207
2378.000000;7934.000000;8936.000000;0.000000;427993.000000;10121.000000;0.000000;3196.323730
2379.000000;7934.000000;7777.000000;0.000000;437063.000000;10160.000000;0.000000;3197.510498
2380.000000;7934.000000;6762.000000;0.000000;447493.000000;10121.000000;0.000000;3198.695068
2381.000000;7934.000000;7486.000000;0.000000;394701.000000;10160.000000;0.000000;3200.137939
2382.000000;7934.000000;7738.000000;0.000000;313517.000000;10121.000000;0.000000;3201.484375
2383.000000;7934.000000;8551.000000;0.000000;367767.000000;10121.000000;0.000000;3202.807861
2384.000000;7934.000000;7979.000000;0.000000;441309.000000;10160.000000;0.000000;3204.140137
2385.000000;7934.000000;6843.000000;0.000000;561999.000000;10121.000000;0.000000;3205.472412
2386.000000;7934.000000;7020.000000;0.000000;360537.000000;10121.000000;0.000000;3206.799805
2387.000000;7934.000000;6321.000000;0.000000;496156.000000;10160.000000;0.000000;3208.134521
2388.000000;7934.000000;7154.000000;0.000000;469889.000000;10160.000000;0.000000;3209.480469
2389.000000;7934.000000;6640.000000;0.000000;376544.000000;10121.000000;0.000000;3210.823975
2390.000000;7934.000000;6658.000000;0.000000;363374.000000;10160.000000;0.000000;3212.204346
2391.000000;7934.000000;7700.000000;0.000000;423702.000000;10160.000000;0.000000;3213.578857
2392.000000;7934.000000;7074.000000;0.000000;517640.000000;10160.000000;0.000000;3214.936523
2393.000000;7934.000000;7764.000000;0.000000;553463.000000;10121.000000;0.000000;3216.293457
2394.000000;7934.000000;8080.000000;0.000000;473745.000000;10160.000000;0.000000;3217.660889
2395.000000;7934.000000;7908.000000;0.000000;479940.000000;10121.000000;0.000000;3218.934814
2396.000000;7934.000000;8141.000000;0.000000;452850.000000;10121.000000;0.000000;3220.147217
2397.000000;7934.000000;8200.000000;0.000000;421957.000000;10121.000000;0.000000;3221.672119
2398.000000;7934.000000;7188.000000;0.000000;497163.000000;10121.000000;0.000000;3223.023438
2399.000000;7934.000000;6600.000000;0.000000;417351.000000;10160.000000;0.000000;3224.386719
2400.000000;7934.000000;7579.000000;0.000000;435771.000000;10160.000000;0.000000;3225.741211
2401.000000;7934.000000;6533.000000;0.000000;370878.000000;10160.000000;0.000000;3227.135986
2402.000000;7934.000000;5779.000000;0.000000;573545.000000;10121.000000;0.000000;3228.462158
2403.000000;7934.000000;6376.000000;0.000000;353685.000000;10121.000000;0.000000;3229.807861
2404.000000;7934.000000;7265.000000;0.000000;458807.000000;10121.000000;0.000000;3231.154053
2405.000000;7934.000000;7508.000000;0.000000;446094.000000;10121.000000;0.000000;3232.522461
2406.000000;7934.000000;8200.000000;0.000000;484375.000000;10160.000000;0.000000;3233.877441
2407.000000;7934.000000;6973.000000;0.000000;506172.000000;10121.000000;0.000000;3235.227783
2408.000000;7934.000000;7241.000000;0.000000;436285.000000;10160.000000;0.000000;3236.564453
2409.000000;7934.000000;7999.000000;0.000000;354973.000000;10160.000000;0.000000;3237.894287
2410.000000;7934.000000;7029.000000;0.000000;520915.000000;10160.000000;0.000000;3239.246582
2411.000000;7934.000000;8077.000000;0.000000;423546.000000;10160.000000;0.000000;3240.572754
2412.000000;7934.000000;8420.000000;0.000000;474869.000000;10160.000000;0.000000;3241.920654
2413.000000;7934.000000;8801.000000;0.000000;383342.000000;10121.000000;0.000000;3243.248047
2414.000000;7934.000000;6864.000000;0.000000;517402.000000;10121.000000;0.000000;3244.538330
2415.000000;7934.000000;7314.000000;0.000000;326722.000000;10121.000000;0.000000;3245.712646
2416.000000;7934.000000;7609.000000;0.000000;450593.000000;10121.000000;0.000000;3246.883057
2417.000000;7934.000000;6892.000000;0.000000;539286.000000;10121.000000;0.000000;3248.059326
2418.000000;7934.000000;7693.000000;0.000000;364130.000000;10121.000000;0.000000;3249.239502
2419.000000;7934.000000;6843.000000;0.000000;503896.000000;10121.000000;0.000000;3250.414795
2420.000000;7934.000000;8271.000000;0.000000;359258.000000;10121.000000;0.000000;3251.592285
2421.000000;7934.000000;7347.000000;0.000000;460840.000000;10160.000000;0.000000;3253.044434
2422.000000;7934.000000;6907.000000;0.000000;529359.000000;10160.000000;0.000000;3254.358643
2423.000000;7934.000000;7947.000000;0.000000;538314.000000;10121.000000;0.000000;3255.676025
2424.000000;7934.000000;8300.000000;0.000000;522239.000000;10121.000000;0.000000;3257.001465
2425.000000;7934.000000;6838.000000;0.000000;485459.000000;10121.000000;0.000000;3258.326660
2426.000000;7934.000000;6098.000000;0.000000;572120.000000;10160.000000;0.000000;3259.650391
2427.000000;7934.000000;7304.000000;0.000000;418302.000000;10160.000000;0.000000;3260.973389
2428.000000;7934.000000;7860.000000;0.000000;453821.000000;10121.000000;0.000000;3262.326904
2429.000000;7934.000000;6589.000000;0.000000;522519.000000;10160.000000;0.000000;3263.649658
2430.000000;7934.000000;7314.000000;0.000000;513803.000000;10160.000000;0.000000;3264.973633
2431.000000;7934.000000;7574.000000;0.000000;386195.000000;10160.000000;0.000000;3266.298584
2432.000000;7934.000000;7955.000000;0.000000;551689.000000;10160.000000;0.000000;3267.657227
2433.000000;7934.000000;5982.000000;0.000000;383505.000000;10160.000000;0.000000;3269.021240
2434.000000;7934.000000;8215.000000;0.000000;488294.000000;10121.000000;0.000000;3270.370850
2435.000000;7934.000000;7427.000000;0.000000;417888.000000;10121.000000;0.000000;3271.750977
2436.000000;7934.000000;6782.000000;0.000000;593008.000000;10160.000000;0.000000;3273.120850
2437.000000;7934.000000;7168.000000;0.000000;463016.000000;10160.000000;0.000000;3274.473633
2438.000000;7934.000000;7062.000000;0.000000;419436.000000;10160.000000;0.000000;3275.826904
2439.000000;7934.000000;8329.000000;0.000000;400338.000000;10121.000000;0.000000;3277.069580
2440.000000;7934.000000;7875.000000;0.000000;443140.000000;10160.000000;0.000000;3278.265625
2441.000000;7934.000000;8230.000000;0.000000;485470.000000;10121.000000;0.000000;3279.714844
2442.000000;7934.000000;6841.000000;0.000000;431583.000000;10121.000000;0.000000;3281.038574
2443.000000;7934.000000;7129.000000;0.000000;490323.000000;10160.000000;0.000000;3282.386963
2444.000000;7934.000000;6210.000000;0.000000;574133.000000;10121.000000;0.000000;3283.718262
2445.000000;7934.000000;7507.000000;0.000000;463161.000000;10121.000000;0.000000;3285.144287
2446.000000;7934.000000;7775.000000;0.000000;455741.000000;10160.000000;0.000000;3286.476807
2447.000000;7934.000000;6555.000000;0.000000;498461.000000;10160.000000;0.000000;3287.808594
2448.000000;7934.000000;6392.000000;0.000000;432505.000000;10160.000000;0.000000;3289.142090
2449.000000;7934.000000;6860.000000;0.000000;387164.000000;10160.000000;0.000000;3290.477783
2450.000000;7934.000000;6975.000000;0.000000;618777.000000;10160.000000;0.000000;3291.822266
2451.000000;7934.000000;8154.000000;0.000000;439284.000000;10160.000000;0.000000;3293.321533
2452.000000;7934.000000;6031.000000;0.000000;451143.000000;10160.000000;0.000000;3294.679199
2453.000000;7934.000000;6705.000000;0.000000;482698.000000;10160.000000;0.000000;3296.029297
2454.000000;7934.000000;7971.000000;0.000000;342983.000000;10160.000000;0.000000;3297.378174
2455.000000;7934.000000;6432.000000;0.000000;331029.000000;10160.000000;0.000000;3298.627930
2456.000000;7934.000000;6259.000000;0.000000;540323.000000;10121.000000;0.000000;3299.827881
2457.000000;7934.000000;7327.000000;0.000000;508039.000000;10160.000000;0.000000;3301.029541
2458.000000;7934.000000;6123.000000;0.000000;371675.000000;10121.000000;0.000000;3302.253662
2459.000000;7934.000000;7317.000000;0.000000;438949.000000;10121.000000;0.000000;3303.446777
2460.000000;7934.000000;6349.000000;0.000000;480229.000000;10121.000000;0.000000;3304.638428
2461.000000;7934.000000;8379.000000;0.000000;441767.000000;10160.000000;0.000000;3306.102295
2462.000000;7934.000000;6551.000000;0.000000;520968.000000;10160.000000;0.000000;3307.447266
2463.000000;7934.000000;7571.000000;0.000000;479344.000000;10121.000000;0.000000;3308.783203
2464.000000;7934.000000;7333.000000;0.000000;256809.000000;10121.000000;0.000000;3310.133545
2465.000000;7934.000000;6712.000000;0.000000;421683.000000;10121.000000;0.000000;3311.481689
2466.000000;7934.000000;7011.000000;0.000000;538501.000000;10160.000000;0.000000;3312.854248
2467.000000;7934.000000;6665.000000;0.000000;488140.000000;10160.000000;0.000000;3314.204102
2468.000000;7934.000000;6864.000000;0.000000;515007.000000;10160.000000;0.000000;3315.553223
2469.000000;7934.000000;6893.000000;0.000000;487508.000000;10121.000000;0.000000;3316.897705
2470.000000;7934.000000;6918.000000;0.000000;463085.000000;10121.000000;0.000000;3318.249268
2471.000000;7934.000000;7765.000000;0.000000;443297.000000;10160.000000;0.000000;3319.638428
2472.000000;7934.000000;6819.000000;0.000000;423766.000000;10121.000000;0.000000;3321.000244
2473.000000;7934.000000;7855.000000;0.000000;538978.000000;10160.000000;0.000000;3322.392334
2474.000000;7934.000000;7826.000000;0.000000;500077.000000;10121.000000;0.000000;3323.753906
2475.000000;7934.000000;7011.000000;0.000000;425382.000000;10160.000000;0.000000;3325.006836
2476.000000;7934.000000;7557.000000;0.000000;424958.000000;10160.000000;0.000000;3326.201172
2477.000000;7934.000000;6845.000000;0.000000;531981.000000;10121.000000;0.000000;3327.397217
2478.000000;7934.000000;7323.000000;0.000000;492770.000000;10121.000000;0.000000;3328.603760
2479.000000;7934.000000;7725.000000;0.000000;492795.000000;10160.000000;0.000000;3329.812012
2480.000000;7934.000000;6754.000000;0.000000;518391.000000;10121.000000;0.000000;3331.020264
2481.000000;7934.000000;6868.000000;0.000000;376371.000000;10160.000000;0.000000;3332.521729
2482.000000;7934.000000;7640.000000;0.000000;390696.000000;10121.000000;0.000000;3333.868164
2483.000000;7934.000000;6758.000000;0.000000;426134.000000;10121.000000;0.000000;3335.209229
2484.000000;7934.000000;7175.000000;0.000000;395504.000000;10121.000000;0.000000;3336.570801
2485.000000;7934.000000;6871.000000;0.000000;487718.000000;10160.000000;0.000000;3337.935547
2486.000000;7934.000000;7865.000000;0.000000;471802.000000;10121.000000;0.000000;3339.312988
2487.000000;7934.000000;7558.000000;0.000000;421493.000000;10160.000000;0.000000;3340.814453
2488.000000;7934.000000;8757.000000;0.000000;349573.000000;10121.000000;0.000000;3342.172363
2489.000000;7934.000000;7177.000000;0.000000;250347.000000;10121.000000;0.000000;3343.553955
2490.000000;7934.000000;9175.000000;0.000000;382161.000000;10160.000000;0.000000;3344.964111
2491.000000;7934.000000;7226.000000;0.000000;548478.000000;10160.000000;0.000000;3346.342529
2492.000000;7934.000000;8389.000000;0.000000;418910.000000;10121.000000;0.000000;3347.717285
2493.000000;7934.000000;8313.000000;0.000000;394308.000000;10121.000000;0.000000;3349.090820
2494.000000;7934.000000;7620.000000;0.000000;414584.000000;10160.000000;0.000000;3350.463135
2495.000000;7934.000000;7536.000000;0.000000;440740.000000;10160.000000;0.000000;3351.696777
2496.000000;7934.000000;6362.000000;0.000000;469461.000000;10121.000000;0.000000;3352.931396
2497.000000;7934.000000;8280.000000;0.000000;501277.000000;10121.000000;0.000000;3354.138916
2498.000000;7934.000000;6325.000000;0.000000;601504.000000;10160.000000;0.000000;3355.348633
2499.000000;7934.000000;6189.000000;0.000000;316311.000000;10121.000000;0.000000;3356.564453
2500.000000;7934.000000;7220.000000;0.000000;456856.000000;10121.000000;0.000000;3357.771240
2501.000000;7934.000000;6901.000000;0.000000;491242.000000;10121.000000;0.000000;3359.258545
2502.000000;7934.000000;7132.000000;0.000000;391941.000000;10160.000000;0.000000;3360.620361
2503.000000;7934.000000;7896.000000;0.000000;339118.000000;10121.000000;0.000000;3361.975098
2504.000000;7934.000000;6987.000000;0.000000;349107.000000;10160.000000;0.000000;3363.364502
2505.000000;7934.000000;7560.000000;0.000000;542866.000000;10160.000000;0.000000;3364.739014
2506.000000;7934.000000;8022.000000;0.000000;403974.000000;10121.000000;0.000000;3366.112061
2507.000000;7934.000000;6994.000000;0.000000;501864.000000;10121.000000;0.000000;3367.750732
2508.000000;7934.000000;6325.000000;0.000000;541654.000000;10160.000000;0.000000;3369.259277
2509.000000;7934.000000;7542.000000;0.000000;530164.000000;10160.000000;0.000000;3370.675293
2510.000000;7934.000000;7252.000000;0.000000;539152.000000;10121.000000;0.000000;3372.257080
2511.000000;7934.000000;7098.000000;0.000000;539163.000000;10121.000000;0.000000;3373.670654
2512.000000;7934.000000;7430.000000;0.000000;442405.000000;10121.000000;0.000000;3375.161377
2513.000000;7934.000000;7758.000000;0.000000;529906.000000;10121.000000;0.000000;3376.548828
2514.000000;7934.000000;7728.000000;0.000000;482361.000000;10121.000000;0.000000;3377.868652
2515.000000;7934.000000;8118.000000;0.000000;413963.000000;10160.000000;0.000000;3379.076172
2516.000000;7934.000000;6116.000000;0.000000;456968.000000;10121.000000;0.000000;3380.285400
2517.000000;7934.000000;7227.000000;0.000000;512911.000000;10121.000000;0.000000;3381.500732
2518.000000;7934.000000;7698.000000;0.000000;390583.000000;10160.000000;0.000000;3382.737793
2519.000000;7934.000000;7888.000000;0.000000;448047.000000;10121.000000;0.000000;3383.956787
2520.000000;7934.000000;7016.000000;0.000000;623732.000000;10160.000000;0.000000;3385.164307
2521.000000;7934.000000;7506.000000;0.000000;504670.000000;10121.000000;0.000000;3386.645508
2522.000000;7934.000000;5794.000000;0.000000;545289.000000;10121.000000;0.000000;3388.007324
2523.000000;7934.000000;5723.000000;0.000000;470151.000000;10160.000000;0.000000;3389.376953
2524.000000;7934.000000;8520.000000;0.000000;428477.000000;10121.000000;0.000000;3390.758301
2525.000000;7934.000000;6646.000000;0.000000;438662.000000;10160.000000;0.000000;3392.136475
2526.000000;7934.000000;7321.000000;0.000000;417525.000000;10160.000000;0.000000;3393.543701
2527.000000;7934.000000;6879.000000;0.000000;458958.000000;10121.000000;0.000000;3394.927490
2528.000000;7934.000000;7580.000000;0.000000;433952.000000;10121.000000;0.000000;3396.311523
2529.000000;7934.000000;6497.000000;0.000000;485833.000000;10160.000000;0.000000;3397.726562
2530.000000;7934.000000;7347.000000;0.000000;484030.000000;10121.000000;0.000000;3399.163330
2531.000000;7934.000000;7425.000000;0.000000;344069.000000;10160.000000;0.000000;3400.562256
2532.000000;7934.000000;7380.000000;0.000000;510283.000000;10160.000000;0.000000;3401.956299
2533.000000;7934.000000;6333.000000;0.000000;498143.000000;10121.000000;0.000000;3403.363770
2534.000000;7934.000000;6658.000000;0.000000;406800.000000;10121.000000;0.000000;3404.784180
2535.000000;7934.000000;6611.000000;0.000000;510574.000000;10121.000000;0.000000;3406.024902
2536.000000;7934.000000;7411.000000;0.000000;416501.000000;10121.000000;0.000000;3407.377686
2537.000000;7934.000000;6957.000000;0.000000;528479.000000;10121.000000;0.000000;3408.609863
2538.000000;7934.000000;8245.000000;0.000000;303125.000000;10121.000000;0.000000;3409.901855
2539.000000;7934.000000;7719.000000;0.000000;444643.000000;10121.000000;0.000000;3411.125732
2540.000000;7934.000000;7522.000000;0.000000;420397.000000;10160.000000;0.000000;3412.347412
2541.000000;7934.000000;7152.000000;0.000000;417608.000000;10121.000000;0.000000;3413.883545
2542.000000;7934.000000;7745.000000;0.000000;421818.000000;10160.000000;0.000000;3415.254639
2543.000000;7934.000000;7512.000000;0.000000;440406.000000;10160.000000;0.000000;3416.620117
2544.000000;7934.000000;6232.000000;0.000000;538123.000000;10160.000000;0.000000;3417.993408
2545.000000;7934.000000;6168.000000;0.000000;586033.000000;10121.000000;0.000000;3419.346436
2546.000000;7934.000000;6571.000000;0.000000;495472.000000;10160.000000;0.000000;3420.701416
2547.000000;7934.000000;6241.000000;0.000000;506963.000000;10121.000000;0.000000;3422.056396
2548.000000;7934.000000;6585.000000;0.000000;415635.000000;10121.000000;0.000000;3423.441650
2549.000000;7934.000000;6720.000000;0.000000;472975.000000;10121.000000;0.000000;3424.795898
2550.000000;7934.000000;7290.000000;0.000000;495633.000000;10160.000000;0.000000;3426.162842
2551.000000;7934.000000;7335.000000;0.000000;373486.000000;10121.000000;0.000000;3427.549316
2552.000000;7934.000000;7381.000000;0.000000;437531.000000;10121.000000;0.000000;3428.920410
2553.000000;7934.000000;6799.000000;0.000000;453187.000000;10121.000000;0.000000;3430.294922
2554.000000;7934.000000;7962.000000;0.000000;505562.000000;10160.000000;0.000000;3431.664307
2555.000000;7934.000000;8614.000000;0.000000;504831.000000;10160.000000;0.000000;3432.927246
2556.000000;7934.000000;7385.000000;0.000000;482937.000000;10160.000000;0.000000;3434.145264
2557.000000;7934.000000;7222.000000;0.000000;486180.000000;10160.000000;0.000000;3435.350830
2558.000000;7934.000000;7409.000000;0.000000;479904.000000;10121.000000;0.000000;3436.551025
2559.000000;7934.000000;7660.000000;0.000000;521897.000000;10121.000000;0.000000;3437.753174
2560.000000;7934.000000;6937.000000;0.000000;574805.000000;10160.000000;0.000000;3438.956299
2561.000000;7934.000000;7172.000000;0.000000;431361.000000;10121.000000;0.000000;3440.437988
2562.000000;7934.000000;6480.000000;0.000000;552329.000000;10121.000000;0.000000;3441.786377
2563.000000;7934.000000;6929.000000;0.000000;522544.000000;10160.000000;0.000000;3443.160889
2564.000000;7934.000000;7462.000000;0.000000;547079.000000;10121.000000;0.000000;3444.522949
2565.000000;7934.000000;6953.000000;0.000000;451863.000000;10160.000000;0.000000;3445.883057
2566.000000;7934.000000;5730.000000;0.000000;477204.000000;10160.000000;0.000000;3447.240234
2567.000000;7934.000000;6271.000000;0.000000;531176.000000;10121.000000;0.000000;3448.579346
2568.000000;7934.000000;6230.000000;0.000000;381067.000000;10121.000000;0.000000;3449.909668
2569.000000;7934.000000;9192.000000;0.000000;404130.000000;10121.000000;0.000000;3451.239502
2570.000000;7934.000000;7182.000000;0.000000;433547.000000;10160.000000;0.000000;3452.570068
2571.000000;7934.000000;7527.000000;0.000000;411733.000000;10160.000000;0.000000;3453.921631
2572.000000;7934.000000;7314.000000;0.000000;435757.000000;10160.000000;0.000000;3455.251953
2573.000000;7934.000000;6695.000000;0.000000;409898.000000;10121.000000;0.000000;3456.582520
2574.000000;7934.000000;7909.000000;0.000000;475684.000000;10121.000000;0.000000;3457.959229
2575.000000;7934.000000;7631.000000;0.000000;436780.000000;10160.000000;0.000000;3459.307373
2576.000000;7934.000000;7489.000000;0.000000;412536.000000;10160.000000;0.000000;3460.653076
2577.000000;7934.000000;6631.000000;0.000000;436473.000000;10160.000000;0.000000;3461.994141
2578.000000;7934.000000;6505.000000;0.000000;503289.000000;10121.000000;0.000000;3463.312012
2579.000000;7934.000000;6430.000000;0.000000;450203.000000;10121.000000;0.000000;3464.526367
2580.000000;7934.000000;7974.000000;0.000000;351984.000000;10121.000000;0.000000;3465.715332
2581.000000;7934.000000;7076.000000;0.000000;343741.000000;10160.000000;0.000000;3467.156494
2582.000000;7934.000000;6678.000000;0.000000;519512.000000;10121.000000;0.000000;3468.479248
2583.000000;7934.000000;7945.000000;0.000000;490617.000000;10121.000000;0.000000;3469.796875
2584.000000;7934.000000;7268.000000;0.000000;465955.000000;10121.000000;0.000000;3471.125977
2585.000000;7934.000000;6927.000000;0.000000;432641.000000;10121.000000;0.000000;3472.454834
2586.000000;7934.000000;7343.000000;0.000000;370008.000000;10160.000000;0.000000;3473.817871
2587.000000;7934.000000;6838.000000;0.000000;515733.000000;10121.000000;0.000000;3475.148926
2588.000000;7934.000000;8593.000000;0.000000;437920.000000;10160.000000;0.000000;3476.476562
2589.000000;7934.000000;7664.000000;0.000000;386977.000000;10160.000000;0.000000;3477.803467
2590.000000;7934.000000;7614.000000;0.000000;382749.000000;10121.000000;0.000000;3479.109131
2591.000000;7934.000000;6653.000000;0.000000;381166.000000;10121.000000;0.000000;3480.449463
2592.000000;7934.000000;7343.000000;0.000000;497741.000000;10121.000000;0.000000;3481.765869
2593.000000;7934.000000;6614.000000;0.000000;466370.000000;10160.000000;0.000000;3483.082764
2594.000000;7934.000000;5677.000000;0.000000;389297.000000;10121.000000;0.000000;3484.419189
2595.000000;7934.000000;7445.000000;0.000000;450885.000000;10160.000000;0.000000;3485.685791
2596.000000;7934.000000;6301.000000;0.000000;423118.000000;10160.000000;0.000000;3486.854492
2597.000000;7934.000000;7748.000000;0.000000;483971.000000;10160.000000;0.000000;3488.030029
2598.000000;7934.000000;7269.000000;0.000000;544109.000000;10160.000000;0.000000;3489.203613
2599.000000;7934.000000;9296.000000;0.000000;364012.000000;10121.000000;0.000000;3490.373535
2600.000000;7934.000000;7038.000000;0.000000;340267.000000;10121.000000;0.000000;3491.535156
2601.000000;7934.000000;7201.000000;0.000000;418298.000000;10121.000000;0.000000;3492.956055
2602.000000;7934.000000;7019.000000;0.000000;463652.000000;10160.000000;0.000000;3494.278564
2603.000000;7934.000000;8242.000000;0.000000;482631.000000;10121.000000;0.000000;3495.582520
2604.000000;7934.000000;6910.000000;0.000000;415791.000000;10160.000000;0.000000;3496.893311
2605.000000;7934.000000;7432.000000;0.000000;367029.000000;10121.000000;0.000000;3498.207520
2606.000000;7934.000000;7346.000000;0.000000;402027.000000;10160.000000;0.000000;3499.513428
2607.000000;7934.000000;6774.000000;0.000000;452111.000000;10121.000000;0.000000;3500.822510
2608.000000;7934.000000;7225.000000;0.000000;495247.000000;10160.000000;0.000000;3502.129639
2609.000000;7934.000000;6446.000000;0.000000;497704.000000;10160.000000;0.000000;3503.466309
2610.000000;7934.000000;7471.000000;0.000000;478179.000000;10121.000000;0.000000;3504.812256
2611.000000;7934.000000;7239.000000;0.000000;401988.000000;10121.000000;0.000000;3506.162598
2612.000000;7934.000000;7787.000000;0.000000;384138.000000;10160.000000;0.000000;3507.484131
2613.000000;7934.000000;8743.000000;0.000000;470454.000000;10121.000000;0.000000;3508.818115
2614.000000;7934.000000;8312.000000;0.000000;461557.000000;10121.000000;0.000000;3510.152344
2615.000000;7934.000000;6999.000000;0.000000;443825.000000;10121.000000;0.000000;3511.438721
2616.000000;7934.000000;8234.000000;0.000000;549786.000000;10160.000000;0.000000;3512.614746
2617.000000;7934.000000;6633.000000;0.000000;387869.000000;10160.000000;0.000000;3513.821533
2618.000000;7934.000000;8921.000000;0.000000;422882.000000;10160.000000;0.000000;3514.998291
2619.000000;7934.000000;7360.000000;0.000000;461872.000000;10121.000000;0.000000;3516.178711
2620.000000;7934.000000;7198.000000;0.000000;497844.000000;10160.000000;0.000000;3517.356934
2621.000000;7934.000000;6487.000000;0.000000;481474.000000;10160.000000;0.000000;3518.798584
2622.000000;7934.000000;7155.000000;0.000000;408175.000000;10160.000000;0.000000;3520.109131
2623.000000;7934.000000;7810.000000;0.000000;436596.000000;10160.000000;0.000000;3521.409180
2624.000000;7934.000000;6826.000000;0.000000;330744.000000;10121.000000;0.000000;3522.725342
2625.000000;7934.000000;7452.000000;0.000000;447058.000000;10121.000000;0.000000;3524.072021
2626.000000;7934.000000;7251.000000;0.000000;501301.000000;10160.000000;0.000000;3525.468506
2627.000000;7934.000000;7095.000000;0.000000;510285.000000;10160.000000;0.000000;3526.788574
2628.000000;7934.000000;8443.000000;0.000000;502975.000000;10160.000000;0.000000;3528.159424
2629.000000;7934.000000;6497.000000;0.000000;598079.000000;10121.000000;0.000000;3529.481201
2630.000000;7934.000000;7167.000000;0.000000;499129.000000;10121.000000;0.000000;3530.803223
2631.000000;7934.000000;6896.000000;0.000000;439397.000000;10160.000000;0.000000;3532.170898
2632.000000;7934.000000;7294.000000;0.000000;394828.000000;10121.000000;0.000000;3533.520020
2633.000000;7934.000000;7840.000000;0.000000;543061.000000;10160.000000;0.000000;3534.868164
2634.000000;7934.000000;7225.000000;0.000000;517759.000000;10160.000000;0.000000;3536.204102
2635.000000;7934.000000;7233.000000;0.000000;422879.000000;10160.000000;0.000000;3537.480225
2636.000000;7934.000000;7146.000000;0.000000;553573.000000;10160.000000;0.000000;3538.665039
2637.000000;7934.000000;6739.000000;0.000000;524462.000000;10160.000000;0.000000;3539.847900
2638.000000;7934.000000;8781.000000;0.000000;505751.000000;10121.000000;0.000000;3541.035400
2639.000000;7934.000000;5935.000000;0.000000;394107.000000;10121.000000;0.000000;3542.219238
2640.000000;7934.000000;7030.000000;0.000000;406721.000000;10121.000000;0.000000;3543.403076
2641.000000;7934.000000;7299.000000;0.000000;454567.000000;10160.000000;0.000000;3544.872559
2642.000000;7934.000000;7763.000000;0.000000;466352.000000;10121.000000;0.000000;3546.191650
2643.000000;7934.000000;6401.000000;0.000000;464019.000000;10121.000000;0.000000;3547.506348
2644.000000;7934.000000;7250.000000;0.000000;511630.000000;10160.000000;0.000000;3548.834961
2645.000000;7934.000000;6239.000000;0.000000;476153.000000;10160.000000;0.000000;3550.164551
2646.000000;7934.000000;6621.000000;0.000000;413113.000000;10160.000000;0.000000;3551.496582
2647.000000;7934.000000;6107.000000;0.000000;577930.000000;10121.000000;0.000000;3552.828613
2648.000000;7934.000000;6941.000000;0.000000;407223.000000;10121.000000;0.000000;3554.207520
2649.000000;7934.000000;6454.000000;0.000000;552288.000000;10121.000000;0.000000;3555.747070
2650.000000;7934.000000;6970.000000;0.000000;417398.000000;10121.000000;0.000000;3557.087646
2651.000000;7934.000000;6930.000000;0.000000;457269.000000;10160.000000;0.000000;3558.454834
2652.000000;7934.000000;7001.000000;0.000000;472173.000000;10121.000000;0.000000;3559.808350
2653.000000;7934.000000;6908.000000;0.000000;431045.000000;10121.000000;0.000000;3561.156738
2654.000000;7934.000000;6924.000000;0.000000;504990.000000;10160.000000;0.000000;3562.506104
2655.000000;7934.000000;7774.000000;0.000000;579347.000000;10160.000000;0.000000;3563.774414
2656.000000;7934.000000;6564.000000;0.000000;592347.000000;10121.000000;0.000000;3564.974365
2657.000000;7934.000000;6189.000000;0.000000;354120.000000;10160.000000;0.000000;3566.157471
2658.000000;7934.000000;6766.000000;0.000000;411007.000000;10121.000000;0.000000;3567.333740
2659.000000;7934.000000;8376.000000;0.000000;344549.000000;10160.000000;0.000000;3568.518555
2660.000000;7934.000000;6490.000000;0.000000;394095.000000;10121.000000;0.000000;3569.703613
2661.000000;7934.000000;6810.000000;0.000000;521110.000000;10160.000000;0.000000;3571.151367
2662.000000;7934.000000;6328.000000;0.000000;385378.000000;10160.000000;0.000000;3572.487061
2663.000000;7934.000000;7677.000000;0.000000;427382.000000;10160.000000;0.000000;3573.816406
2664.000000;7934.000000;6541.000000;0.000000;353807.000000;10160.000000;0.000000;3575.162354
2665.000000;7934.000000;6771.000000;0.000000;508595.000000;10160.000000;0.000000;3576.498047
2666.000000;7934.000000;6027.000000;0.000000;429577.000000;10160.000000;0.000000;3577.842285
2667.000000;7934.000000;6511.000000;0.000000;491770.000000;10121.000000;0.000000;3579.190186
2668.000000;7934.000000;6761.000000;0.000000;402642.000000;10160.000000;0.000000;3580.539551
2669.000000;7934.000000;6851.000000;0.000000;345768.000000;10121.000000;0.000000;3581.885986
2670.000000;7934.000000;6731.000000;0.000000;373354.000000;10121.000000;0.000000;3583.231445
2671.000000;7934.000000;7678.000000;0.000000;393799.000000;10121.000000;0.000000;3584.681641
2672.000000;7934.000000;8134.000000;0.000000;433778.000000;10160.000000;0.000000;3586.045410
2673.000000;7934.000000;8176.000000;0.000000;514268.000000;10160.000000;0.000000;3587.405273
2674.000000;7934.000000;7865.000000;0.000000;491688.000000;10160.000000;0.000000;3588.767822
2675.000000;7934.000000;6999.000000;0.000000;438690.000000;10160.000000;0.000000;3590.048340
2676.000000;7934.000000;8063.000000;0.000000;461673.000000;10121.000000;0.000000;3591.248535
2677.000000;7934.000000;7358.000000;0.000000;403497.000000;10160.000000;0.000000;3592.447021
2678.000000;7934.000000;7127.000000;0.000000;513648.000000;10160.000000;0.000000;3593.645264
2679.000000;7934.000000;7405.000000;0.000000;385117.000000;10160.000000;0.000000;3594.864502
2680.000000;7934.000000;7022.000000;0.000000;592074.000000;10121.000000;0.000000;3596.058350
2681.000000;7934.000000;7430.000000;0.000000;417728.000000;10121.000000;0.000000;3597.533203
2682.000000;7934.000000;6666.000000;0.000000;468430.000000;10121.000000;0.000000;3598.876709
2683.000000;7934.000000;7195.000000;0.000000;353846.000000;10121.000000;0.000000;3600.230469
0.000000;0.000000;0.000000;0.000000;0.000000;0.000000;0.000000;0.000000
0.000000;0.000000;0.000000;0.000000;0.000000;0.000000;0.000000;0.000000
0.000000;0.000000;0.000000;0.000000;0.000000;0.000000;0.000000;0.000000
0.000000;0.000000;0.000000;0.000000;0.000000;0.000000;0.000000;0.000000
0.000000;0.000000;0.000000;0.000000;0.000000;0.000000;0.000000;0.000000
0.000000;0.000000;0.000000;0.000000;0.000000;0.000000;0.000000;0.000000
0.000000;0.000000;0.000000;0.000000;0.000000;0.000000;0.000000;0.000000
0.000000;0.000000;0.000000;0.000000;0.000000;0.000000;0.000000;0.000000
0.000000;0.000000;0.000000;0.000000;0.000000;0.000000;0.000000;0.000000
0.000000;0.000000;0.000000;0.000000;0.000000;0.000000;0.000000;0.000000
0.000000;0.000000;0.000000;0.000000;0.000000;0.000000;0.000000;0.000000
0.000000;0.000000;0.000000;0.000000;0.000000;0.000000;0.000000;0.000000
0.000000;0.000000;0.000000;0.000000;0.000000;0.000000;0.000000;0.000000
0.000000;0.000000;0.000000;0.000000;0.000000;0.000000;0.000000;0.000000
0.000000;0.000000;0.000000;0.000000;0.000000;0.000000;0.000000;0.000000
0.000000;0.000000;0.000000;0.000000;0.000000;0.000000;0.000000;0.000000
0.000000;0.000000;0.000000;0.000000;0.000000;0.000000;0.000000;0.000000
0.000000;0.000000;0.000000;0.000000;0.000000;0.000000;0.000000;0.000000
0.000000;0.000000;0.000000;0.000000;0.000000;0.000000;0.000000;0.000000
0.000000;0.000000;0.000000;0.000000;0.000000;0.000000;0.000000;0.000000
0.000000;0.000000;0.000000;0.000000;0.000000;0.000000;0.000000;0.000000
0.000000;0.000000;0.000000;0.000000;0.000000;0.000000;0.000000;0.000000
0.000000;0.000000;0.000000;0.000000;0.000000;0.000000;0.000000;0.000000
0.000000;0.000000;0.000000;0.000000;0.000000;0.000000;0.000000;0.000000
0.000000;0.000000;0.000000;0.000000;0.000000;0.000000;0.000000;0.000000
0.000000;0.000000;0.000000;0.000000;0.000000;0.000000;0.000000;0.000000
0.000000;0.000000;0.000000;0.000000;0.000000;0.000000;0.000000;0.000000
0.000000;0.000000;0.000000;0.000000;0.000000;0.000000;0.000000;0.000000
0.000000;0.000000;0.000000;0.000000;0.000000;0.000000;0.000000;0.000000
0.000000;0.000000;0.000000;0.000000;0.000000;0.000000;0.000000;0.000000
0.000000;0.000000;0.000000;0.000000;0.000000;0.000000;0.000000;0.000000
0.000000;0.000000;0.000000;0.000000;0.000000;0.000000;0.000000;0.000000
0.000000;0.000000;0.000000;0.000000;0.000000;0.000000;0.000000;0.000000
0.000000;0.000000;0.000000;0.000000;0.000000;0.000000;0.000000;0.000000
0.000000;0.000000;0.000000;0.000000;0.000000;0.000000;0.000000;0.000000
0.000000;0.000000;0.000000;0.000000;0.000000;0.000000;0.000000;0.000000
0.000000;0.000000;0.000000;0.000000;0.000000;0.000000;0.000000;0.000000
0.000000;0.000000;0.000000;0.000000;0.000000;0.000000;0.000000;0.000000
0.000000;0.000000;0.000000;0.000000;0.000000;0.000000;0.000000;0.000000
0.000000;0.000000;0.000000;0.000000;0.000000;0.000000;0.000000;0.000000
0.000000;0.000000;0.000000;0.000000;0.000000;0.000000;0.000000;0.000000
0.000000;0.000000;0.000000;0.000000;0.000000;0.000000;0.000000;0.000000
0.000000;0.000000;0.000000;0.000000;0.000000;0.000000;0.000000;0.000000
0.000000;0.000000;0.000000;0.000000;0.000000;0.000000;0.000000;0.000000
0.000000;0.000000;0.000000;0.000000;0.000000;0.000000;0.000000;0.000000
0.000000;0.000000;0.000000;0.000000;0.000000;0.000000;0.000000;0.000000
0.000000;0.000000;0.000000;0.000000;0.000000;0.000000;0.000000;0.000000
0.000000;0.000000;0.000000;0.000000;0.000000;0.000000;0.000000;0.000000
0.000000;0.000000;0.000000;0.000000;0.000000;0.000000;0.000000;0.000000
0.000000;0.000000;0.000000;0.000000;0.000000;0.000000;0.000000;0.000000
0.000000;0.000000;0.000000;0.000000;0.000000;0.000000;0.000000;0.000000
0.000000;0.000000;0.000000;0.000000;0.000000;0.000000;0.000000;0.000000
0.000000;0.000000;0.000000;0.000000;0.000000;0.000000;0.000000;0.000000
0.000000;0.000000;0.000000;0.000000;0.000000;0.000000;0.000000;0.000000
0.000000;0.000000;0.000000;0.000000;0.000000;0.000000;0.000000;0.000000
0.000000;0.000000;0.000000;0.000000;0.000000;0.000000;0.000000;0.000000
0.000000;0.000000;0.000000;0.000000;0.000000;0.000000;0.000000;0.000000
0.000000;0.000000;0.000000;0.000000;0.000000;0.000000;0.000000;0.000000
0.000000;0.000000;0.000000;0.000000;0.000000;0.000000;0.000000;0.000000
0.000000;0.000000;0.000000;0.000000;0.000000;0.000000;0.000000;0.000000
0.000000;0.000000;0.000000;0.000000;0.000000;0.000000;0.000000;0.000000
0.000000;0.000000;0.000000;0.000000;0.000000;0.000000;0.000000;0.000000
0.000000;0.000000;0.000000;0.000000;0.000000;0.000000;0.000000;0.000000
0.000000;0.000000;0.000000;0.000000;0.000000;0.000000;0.000000;0.000000
0.000000;0.000000;0.000000;0.000000;0.000000;0.000000;0.000000;0.000000
0.000000;0.000000;0.000000;0.000000;0.000000;0.000000;0.000000;0.000000
0.000000;0.000000;0.000000;0.000000;0.000000;0.000000;0.000000;0.000000
0.000000;0.000000;0.000000;0.000000;0.000000;0.000000;0.000000;0.000000
0.000000;0.000000;0.000000;0.000000;0.000000;0.000000;0.000000;0.000000
0.000000;0.000000;0.000000;0.000000;0.000000;0.000000;0.000000;0.000000
0.000000;0.000000;0.000000;0.000000;0.000000;0.000000;0.000000;0.000000
0.000000;0.000000;0.000000;0.000000;0.000000;0.000000;0.000000;0.000000
0.000000;0.000000;0.000000;0.000000;0.000000;0.000000;0.000000;0.000000
0.000000;0.000000;0.000000;0.000000;0.000000;0.000000;0.000000;0.000000
0.000000;0.000000;0.000000;0.000000;0.000000;0.000000;0.000000;0.000000
0.000000;0.000000;0.000000;0.000000;0.000000;0.000000;0.000000;0.000000
0.000000;0.000000;0.000000;0.000000;0.000000;0.000000;0.000000;0.000000
0.000000;0.000000;0.000000;0.000000;0.000000;0.000000;0.000000;0.000000
0.000000;0.000000;0.000000;0.000000;0.000000;0.000000;0.000000;0.000000
0.000000;0.000000;0.000000;0.000000;0.000000;0.000000;0.000000;0.000000
0.000000;0.000000;0.000000;0.000000;0.000000;0.000000;0.000000;0.000000
0.000000;0.000000;0.000000;0.000000;0.000000;0.000000;0.000000;0.000000
0.000000;0.000000;0.000000;0.000000;0.000000;0.000000;0.000000;0.000000
0.000000;0.000000;0.000000;0.000000;0.000000;0.000000;0.000000;0.000000
0.000000;0.000000;0.000000;0.000000;0.000000;0.000000;0.000000;0.000000
0.000000;0.000000;0.000000;0.000000;0.000000;0.000000;0.000000;0.000000
0.000000;0.000000;0.000000;0.000000;0.000000;0.000000;0.000000;0.000000
0.000000;0.000000;0.000000;0.000000;0.000000;0.000000;0.000000;0.000000
0.000000;0.000000;0.000000;0.000000;0.000000;0.000000;0.000000;0.000000
0.000000;0.000000;0.000000;0.000000;0.000000;0.000000;0.000000;0.000000
0.000000;0.000000;0.000000;0.000000;0.000000;0.000000;0.000000;0.000000
0.000000;0.000000;0.000000;0.000000;0.000000;0.000000;0.000000;0.000000
0.000000;0.000000;0.000000;0.000000;0.000000;0.000000;0.000000;0.000000
0.000000;0.000000;0.000000;0.000000;0.000000;0.000000;0.000000;0.000000
0.000000;0.000000;0.000000;0.000000;0.000000;0.000000;0.000000;0.000000
0.000000;0.000000;0.000000;0.000000;0.000000;0.000000;0.000000;0.000000
0.000000;0.000000;0.000000;0.000000;0.000000;0.000000;0.000000;0.000000
0.000000;0.000000;0.000000;0.000000;0.000000;0.000000;0.000000;0.000000
0.000000;0.000000;0.000000;0.000000;0.000000;0.000000;0.000000;0.000000
0.000000;0.000000;0.000000;0.000000;0.000000;0.000000;0.000000;0.000000
0.000000;0.000000;0.000000;0.000000;0.000000;0.000000;0.000000;0.000000
0.000000;0.000000;0.000000;0.000000;0.000000;0.000000;0.000000;0.000000
0.000000;0.000000;0.000000;0.000000;0.000000;0.000000;0.000000;0.000000
0.000000;0.000000;0.000000;0.000000;0.000000;0.000000;0.000000;0.000000
0.000000;0.000000;0.000000;0.000000;0.000000;0.000000;0.000000;0.000000
0.000000;0.000000;0.000000;0.000000;0.000000;0.000000;0.000000;0.000000
0.000000;0.000000;0.000000;0.000000;0.000000;0.000000;0.000000;0.000000
0.000000;0.000000;0.000000;0.000000;0.000000;0.000000;0.000000;0.000000
0.000000;0.000000;0.000000;0.000000;0.000000;0.000000;0.000000;0.000000
0.000000;0.000000;0.000000;0.000000;0.000000;0.000000;0.000000;0.000000
0.000000;0.000000;0.000000;0.000000;0.000000;0.000000;0.000000;0.000000
0.000000;0.000000;0.000000;0.000000;0.000000;0.000000;0.000000;0.000000
0.000000;0.000000;0.000000;0.000000;0.000000;0.000000;0.000000;0.000000
0.000000;0.000000;0.000000;0.000000;0.000000;0.000000;0.000000;0.000000
0.000000;0.000000;0.000000;0.000000;0.000000;0.000000;0.000000;0.000000
0.000000;0.000000;0.000000;0.000000;0.000000;0.000000;0.000000;0.000000
0.000000;0.000000;0.000000;0.000000;0.000000;0.000000;0.000000;0.000000
0.000000;0.000000;0.000000;0.000000;0.000000;0.000000;0.000000;0.000000
0.000000;0.000000;0.000000;0.000000;0.000000;0.000000;0.000000;0.000000
0.000000;0.000000;0.000000;0.000000;0.000000;0.000000;0.000000;0.000000
0.000000;0.000000;0.000000;0.000000;0.000000;0.000000;0.000000;0.000000
0.000000;0.000000;0.000000;0.000000;0.000000;0.000000;0.000000;0.000000
0.000000;0.000000;0.000000;0.000000;0.000000;0.000000;0.000000;0.000000
0.000000;0.000000;0.000000;0.000000;0.000000;0.000000;0.000000;0.000000
0.000000;0.000000;0.000000;0.000000;0.000000;0.000000;0.000000;0.000000
0.000000;0.000000;0.000000;0.000000;0.000000;0.000000;0.000000;0.000000
0.000000;0.000000;0.000000;0.000000;0.000000;0.000000;0.000000;0.000000
0.000000;0.000000;0.000000;0.000000;0.000000;0.000000;0.000000;0.000000
0.000000;0.000000;0.000000;0.000000;0.000000;0.000000;0.000000;0.000000
0.000000;0.000000;0.000000;0.000000;0.000000;0.000000;0.000000;0.000000
0.000000;0.000000;0.000000;0.000000;0.000000;0.000000;0.000000;0.000000
0.000000;0.000000;0.000000;0.000000;0.000000;0.000000;0.000000;0.000000
0.000000;0.000000;0.000000;0.000000;0.000000;0.000000;0.000000;0.000000
0.000000;0.000000;0.000000;0.000000;0.000000;0.000000;0.000000;0.000000
0.000000;0.000000;0.000000;0.000000;0.000000;0.000000;0.000000;0.000000
0.000000;0.000000;0.000000;0.000000;0.000000;0.000000;0.000000;0.000000
0.000000;0.000000;0.000000;0.000000;0.000000;0.000000;0.000000;0.000000
0.000000;0.000000;0.000000;0.000000;0.000000;0.000000;0.000000;0.000000
0.000000;0.000000;0.000000;0.000000;0.000000;0.000000;0.000000;0.000000
0.000000;0.000000;0.000000;0.000000;0.000000;0.000000;0.000000;0.000000
0.000000;0.000000;0.000000;0.000000;0.000000;0.000000;0.000000;0.000000
0.000000;0.000000;0.000000;0.000000;0.000000;0.000000;0.000000;0.000000
0.000000;0.000000;0.000000;0.000000;0.000000;0.000000;0.000000;0.000000
0.000000;0.000000;0.000000;0.000000;0.000000;0.000000;0.000000;0.000000
0.000000;0.000000;0.000000;0.000000;0.000000;0.000000;0.000000;0.000000
0.000000;0.000000;0.000000;0.000000;0.000000;0.000000;0.000000;0.000000
0.000000;0.000000;0.000000;0.000000;0.000000;0.000000;0.000000;0.000000
0.000000;0.000000;0.000000;0.000000;0.000000;0.000000;0.000000;0.000000
0.000000;0.000000;0.000000;0.000000;0.000000;0.000000;0.000000;0.000000
0.000000;0.000000;0.000000;0.000000;0.000000;0.000000;0.000000;0.000000
0.000000;0.000000;0.000000;0.000000;0.000000;0.000000;0.000000;0.000000
0.000000;0.000000;0.000000;0.000000;0.000000;0.000000;0.000000;0.000000
0.000000;0.000000;0.000000;0.000000;0.000000;0.000000;0.000000;0.000000
0.000000;0.000000;0.000000;0.000000;0.000000;0.000000;0.000000;0.000000
0.000000;0.000000;0.000000;0.000000;0.000000;0.000000;0.000000;0.000000
0.000000;0.000000;0.000000;0.000000;0.000000;0.000000;0.000000;0.000000
0.000000;0.000000;0.000000;0.000000;0.000000;0.000000;0.000000;0.000000
0.000000;0.000000;0.000000;0.000000;0.000000;0.000000;0.000000;0.000000
0.000000;0.000000;0.000000;0.000000;0.000000;0.000000;0.000000;0.000000
0.000000;0.000000;0.000000;0.000000;0.000000;0.000000;0.000000;0.000000
0.000000;0.000000;0.000000;0.000000;0.000000;0.000000;0.000000;0.000000
0.000000;0.000000;0.000000;0.000000;0.000000;0.000000;0.000000;0.000000
0.000000;0.000000;0.000000;0.000000;0.000000;0.000000;0.000000;0.000000
0.000000;0.000000;0.000000;0.000000;0.000000;0.000000;0.000000;0.000000
0.000000;0.000000;0.000000;0.000000;0.000000;0.000000;0.000000;0.000000
0.000000;0.000000;0.000000;0.000000;0.000000;0.000000;0.000000;0.000000
0.000000;0.000000;0.000000;0.000000;0.000000;0.000000;0.000000;0.000000
0.000000;0.000000;0.000000;0.000000;0.000000;0.000000;0.000000;0.000000
0.000000;0.000000;0.000000;0.000000;0.000000;0.000000;0.000000;0.000000
0.000000;0.000000;0.000000;0.000000;0.000000;0.000000;0.000000;0.000000
0.000000;0.000000;0.000000;0.000000;0.000000;0.000000;0.000000;0.000000
0.000000;0.000000;0.000000;0.000000;0.000000;0.000000;0.000000;0.000000
0.000000;0.000000;0.000000;0.000000;0.000000;0.000000;0.000000;0.000000
0.000000;0.000000;0.000000;0.000000;0.000000;0.000000;0.000000;0.000000
0.000000;0.000000;0.000000;0.000000;0.000000;0.000000;0.000000;0.000000
0.000000;0.000000;0.000000;0.000000;0.000000;0.000000;0.000000;0.000000
0.000000;0.000000;0.000000;0.000000;0.000000;0.000000;0.000000;0.000000
0.000000;0.000000;0.000000;0.000000;0.000000;0.000000;0.000000;0.000000
0.000000;0.000000;0.000000;0.000000;0.000000;0.000000;0.000000;0.000000
0.000000;0.000000;0.000000;0.000000;0.000000;0.000000;0.000000;0.000000
0.000000;0.000000;0.000000;0.000000;0.000000;0.000000;0.000000;0.000000
0.000000;0.000000;0.000000;0.000000;0.000000;0.000000;0.000000;0.000000
0.000000;0.000000;0.000000;0.000000;0.000000;0.000000;0.000000;0.000000
0.000000;0.000000;0.000000;0.000000;0.000000;0.000000;0.000000;0.000000
0.000000;0.000000;0.000000;0.000000;0.000000;0.000000;0.000000;0.000000
0.000000;0.000000;0.000000;0.000000;0.000000;0.000000;0.000000;0.000000
0.000000;0.000000;0.000000;0.000000;0.000000;0.000000;0.000000;0.000000
0.000000;0.000000;0.000000;0.000000;0.000000;0.000000;0.000000;0.000000
0.000000;0.000000;0.000000;0.000000;0.000000;0.000000;0.000000;0.000000
0.000000;0.000000;0.000000;0.000000;0.000000;0.000000;0.000000;0.000000
0.000000;0.000000;0.000000;0.000000;0.000000;0.000000;0.000000;0.000000
0.000000;0.000000;0.000000;0.000000;0.000000;0.000000;0.000000;0.000000
0.000000;0.000000;0.000000;0.000000;0.000000;0.000000;0.000000;0.000000
0.000000;0.000000;0.000000;0.000000;0.000000;0.000000;0.000000;0.000000
0.000000;0.000000;0.000000;0.000000;0.000000;0.000000;0.000000;0.000000
0.000000;0.000000;0.000000;0.000000;0.000000;0.000000;0.000000;0.000000
0.000000;0.000000;0.000000;0.000000;0.000000;0.000000;0.000000;0.000000
0.000000;0.000000;0.000000;0.000000;0.000000;0.000000;0.000000;0.000000
0.000000;0.000000;0.000000;0.000000;0.000000;0.000000;0.000000;0.000000
0.000000;0.000000;0.000000;0.000000;0.000000;0.000000;0.000000;0.000000
0.000000;0.000000;0.000000;0.000000;0.000000;0.000000;0.000000;0.000000
0.000000;0.000000;0.000000;0.000000;0.000000;0.000000;0.000000;0.000000
0.000000;0.000000;0.000000;0.000000;0.000000;0.000000;0.000000;0.000000
0.000000;0.000000;0.000000;0.000000;0.000000;0.000000;0.000000;0.000000
0.000000;0.000000;0.000000;0.000000;0.000000;0.000000;0.000000;0.000000
0.000000;0.000000;0.000000;0.000000;0.000000;0.000000;0.000000;0.000000
0.000000;0.000000;0.000000;0.000000;0.000000;0.000000;0.000000;0.000000
0.000000;0.000000;0.000000;0.000000;0.000000;0.000000;0.000000;0.000000
0.000000;0.000000;0.000000;0.000000;0.000000;0.000000;0.000000;0.000000
0.000000;0.000000;0.000000;0.000000;0.000000;0.000000;0.000000;0.000000
0.000000;0.000000;0.000000;0.000000;0.000000;0.000000;0.000000;0.000000
0.000000;0.000000;0.000000;0.000000;0.000000;0.000000;0.000000;0.000000
0.000000;0.000000;0.000000;0.000000;0.000000;0.000000;0.000000;0.000000
0.000000;0.000000;0.000000;0.000000;0.000000;0.000000;0.000000;0.000000
0.000000;0.000000;0.000000;0.000000;0.000000;0.000000;0.000000;0.000000
0.000000;0.000000;0.000000;0.000000;0.000000;0.000000;0.000000;0.000000
0.000000;0.000000;0.000000;0.000000;0.000000;0.000000;0.000000;0.000000
0.000000;0.000000;0.000000;0.000000;0.000000;0.000000;0.000000;0.000000
0.000000;0.000000;0.000000;0.000000;0.000000;0.000000;0.000000;0.000000
0.000000;0.000000;0.000000;0.000000;0.000000;0.000000;0.000000;0.000000
0.000000;0.000000;0.000000;0.000000;0.000000;0.000000;0.000000;0.000000
0.000000;0.000000;0.000000;0.000000;0.000000;0.000000;0.000000;0.000000
0.000000;0.000000;0.000000;0.000000;0.000000;0.000000;0.000000;0.000000
0.000000;0.000000;0.000000;0.000000;0.000000;0.000000;0.000000;0.000000
0.000000;0.000000;0.000000;0.000000;0.000000;0.000000;0.000000;0.000000
0.000000;0.000000;0.000000;0.000000;0.000000;0.000000;0.000000;0.000000
0.000000;0.000000;0.000000;0.000000;0.000000;0.000000;0.000000;0.000000
0.000000;0.000000;0.000000;0.000000;0.000000;0.000000;0.000000;0.000000
0.000000;0.000000;0.000000;0.000000;0.000000;0.000000;0.000000;0.000000
0.000000;0.000000;0.000000;0.000000;0.000000;0.000000;0.000000;0.000000
0.000000;0.000000;0.000000;0.000000;0.000000;0.000000;0.000000;0.000000
0.000000;0.000000;0.000000;0.000000;0.000000;0.000000;0.000000;0.000000
0.000000;0.000000;0.000000;0.000000;0.000000;0.000000;0.000000;0.000000
0.000000;0.000000;0.000000;0.000000;0.000000;0.000000;0.000000;0.000000
0.000000;0.000000;0.000000;0.000000;0.000000;0.000000;0.000000;0.000000
0.000000;0.000000;0.000000;0.000000;0.000000;0.000000;0.000000;0.000000
0.000000;0.000000;0.000000;0.000000;0.000000;0.000000;0.000000;0.000000
0.000000;0.000000;0.000000;0.000000;0.000000;0.000000;0.000000;0.000000
0.000000;0.000000;0.000000;0.000000;0.000000;0.000000;0.000000;0.000000
0.000000;0.000000;0.000000;0.000000;0.000000;0.000000;0.000000;0.000000
0.000000;0.000000;0.000000;0.000000;0.000000;0.000000;0.000000;0.000000
0.000000;0.000000;0.000000;0.000000;0.000000;0.000000;0.000000;0.000000
0.000000;0.000000;0.000000;0.000000;0.000000;0.000000;0.000000;0.000000
0.000000;0.000000;0.000000;0.000000;0.000000;0.000000;0.000000;0.000000
0.000000;0.000000;0.000000;0.000000;0.000000;0.000000;0.000000;0.000000
0.000000;0.000000;0.000000;0.000000;0.000000;0.000000;0.000000;0.000000
0.000000;0.000000;0.000000;0.000000;0.000000;0.000000;0.000000;0.000000
0.000000;0.000000;0.000000;0.000000;0.000000;0.000000;0.000000;0.000000
0.000000;0.000000;0.000000;0.000000;0.000000;0.000000;0.000000;0.000000
0.000000;0.000000;0.000000;0.000000;0.000000;0.000000;0.000000;0.000000
0.000000;0.000000;0.000000;0.000000;0.000000;0.000000;0.000000;0.000000
0.000000;0.000000;0.000000;0.000000;0.000000;0.000000;0.000000;0.000000
0.000000;0.000000;0.000000;0.000000;0.000000;0.000000;0.000000;0.000000
0.000000;0.000000;0.000000;0.000000;0.000000;0.000000;0.000000;0.000000
0.000000;0.000000;0.000000;0.000000;0.000000;0.000000;0.000000;0.000000
0.000000;0.000000;0.000000;0.000000;0.000000;0.000000;0.000000;0.000000
0.000000;0.000000;0.000000;0.000000;0.000000;0.000000;0.000000;0.000000
0.000000;0.000000;0.000000;0.000000;0.000000;0.000000;0.000000;0.000000
0.000000;0.000000;0.000000;0.000000;0.000000;0.000000;0.000000;0.000000
0.000000;0.000000;0.000000;0.000000;0.000000;0.000000;0.000000;0.000000
0.000000;0.000000;0.000000;0.000000;0.000000;0.000000;0.000000;0.000000
0.000000;0.000000;0.000000;0.000000;0.000000;0.000000;0.000000;0.000000
0.000000;0.000000;0.000000;0.000000;0.000000;0.000000;0.000000;0.000000
0.000000;0.000000;0.000000;0.000000;0.000000;0.000000;0.000000;0.000000
0.000000;0.000000;0.000000;0.000000;0.000000;0.000000;0.000000;0.000000
0.000000;0.000000;0.000000;0.000000;0.000000;0.000000;0.000000;0.000000
0.000000;0.000000;0.000000;0.000000;0.000000;0.000000;0.000000;0.000000
0.000000;0.000000;0.000000;0.000000;0.000000;0.000000;0.000000;0.000000
0.000000;0.000000;0.000000;0.000000;0.000000;0.000000;0.000000;0.000000
0.000000;0.000000;0.000000;0.000000;0.000000;0.000000;0.000000;0.000000
0.000000;0.000000;0.000000;0.000000;0.000000;0.000000;0.000000;0.000000
0.000000;0.000000;0.000000;0.000000;0.000000;0.000000;0.000000;0.000000
0.000000;0.000000;0.000000;0.000000;0.000000;0.000000;0.000000;0.000000
0.000000;0.000000;0.000000;0.000000;0.000000;0.000000;0.000000;0.000000
0.000000;0.000000;0.000000;0.000000;0.000000;0.000000;0.000000;0.000000
0.000000;0.000000;0.000000;0.000000;0.000000;0.000000;0.000000;0.000000
0.000000;0.000000;0.000000;0.000000;0.000000;0.000000;0.000000;0.000000
0.000000;0.000000;0.000000;0.000000;0.000000;0.000000;0.000000;0.000000
0.000000;0.000000;0.000000;0.000000;0.000000;0.000000;0.000000;0.000000
0.000000;0.000000;0.000000;0.000000;0.000000;0.000000;0.000000;0.000000
0.000000;0.000000;0.000000;0.000000;0.000000;0.000000;0.000000;0.000000
0.000000;0.000000;0.000000;0.000000;0.000000;0.000000;0.000000;0.000000
0.000000;0.000000;0.000000;0.000000;0.000000;0.000000;0.000000;0.000000
0.000000;0.000000;0.000000;0.000000;0.000000;0.000000;0.000000;0.000000
0.000000;0.000000;0.000000;0.000000;0.000000;0.000000;0.000000;0.000000
0.000000;0.000000;0.000000;0.000000;0.000000;0.000000;0.000000;0.000000
0.000000;0.000000;0.000000;0.000000;0.000000;0.000000;0.000000;0.000000
0.000000;0.000000;0.000000;0.000000;0.000000;0.000000;0.000000;0.000000
0.000000;0.000000;0.000000;0.000000;0.000000;0.000000;0.000000;0.000000
0.000000;0.000000;0.000000;0.000000;0.000000;0.000000;0.000000;0.000000
0.000000;0.000000;0.000000;0.000000;0.000000;0.000000;0.000000;0.000000
0.000000;0.000000;0.000000;0.000000;0.000000;0.000000;0.000000;0.000000
0.000000;0.000000;0.000000;0.000000;0.000000;0.000000;0.000000;0.000000
0.000000;0.000000;0.000000;0.000000;0.000000;0.000000;0.000000;0.000000
0.000000;0.000000;0.000000;0.000000;0.000000;0.000000;0.000000;0.000000
0.000000;0.000000;0.000000;0.000000;0.000000;0.000000;0.000000;0.000000
0.000000;0.000000;0.000000;0.000000;0.000000;0.000000;0.000000;0.000000
0.000000;0.000000;0.000000;0.000000;0.000000;0.000000;0.000000;0.000000
0.000000;0.000000;0.000000;0.000000;0.000000;0.000000;0.000000;0.000000
0.000000;0.000000;0.000000;0.000000;0.000000;0.000000;0.000000;0.000000
0.000000;0.000000;0.000000;0.000000;0.000000;0.000000;0.000000;0.000000
0.000000;0.000000;0.000000;0.000000;0.000000;0.000000;0.000000;0.000000
0.000000;0.000000;0.000000;0.000000;0.000000;0.000000;0.000000;0.000000
0.000000;0.000000;0.000000;0.000000;0.000000;0.000000;0.000000;0.000000
0.000000;0.000000;0.000000;0.000000;0.000000;0.000000;0.000000;0.000000
0.000000;0.000000;0.000000;0.000000;0.000000;0.000000;0.000000;0.000000
0.000000;0.000000;0.000000;0.000000;0.000000;0.000000;0.000000;0.000000
0.000000;0.000000;0.000000;0.000000;0.000000;0.000000;0.000000;0.000000
0.000000;0.000000;0.000000;0.000000;0.000000;0.000000;0.000000;0.000000
0.000000;0.000000;0.000000;0.000000;0.000000;0.000000;0.000000;0.000000
0.000000;0.000000;0.000000;0.000000;0.000000;0.000000;0.000000;0.000000
0.000000;0.000000;0.000000;0.000000;0.000000;0.000000;0.000000;0.000000
0.000000;0.000000;0.000000;0.000000;0.000000;0.000000;0.000000;0.000000
0.000000;0.000000;0.000000;0.000000;0.000000;0.000000;0.000000;0.000000
0.000000;0.000000;0.000000;0.000000;0.000000;0.000000;0.000000;0.000000
0.000000;0.000000;0.000000;0.000000;0.000000;0.000000;0.000000;0.000000
0.000000;0.000000;0.000000;0.000000;0.000000;0.000000;0.000000;0.000000
0.000000;0.000000;0.000000;0.000000;0.000000;0.000000;0.000000;0.000000
0.000000;0.000000;0.000000;0.000000;0.000000;0.000000;0.000000;0.000000
0.000000;0.000000;0.000000;0.000000;0.000000;0.000000;0.000000;0.000000
0.000000;0.000000;0.000000;0.000000;0.000000;0.000000;0.000000;0.000000
0.000000;0.000000;0.000000;0.000000;0.000000;0.000000;0.000000;0.000000
0.000000;0.000000;0.000000;0.000000;0.000000;0.000000;0.000000;0.000000
0.000000;0.000000;0.000000;0.000000;0.000000;0.000000;0.000000;0.000000
0.000000;0.000000;0.000000;0.000000;0.000000;0.000000;0.000000;0.000000
0.000000;0.000000;0.000000;0.000000;0.000000;0.000000;0.000000;0.000000
0.000000;0.000000;0.000000;0.000000;0.000000;0.000000;0.000000;0.000000
0.000000;0.000000;0.000000;0.000000;0.000000;0.000000;0.000000;0.000000
0.000000;0.000000;0.000000;0.000000;0.000000;0.000000;0.000000;0.000000
0.000000;0.000000;0.000000;0.000000;0.000000;0.000000;0.000000;0.000000
0.000000;0.000000;0.000000;0.000000;0.000000;0.000000;0.000000;0.000000
0.000000;0.000000;0.000000;0.000000;0.000000;0.000000;0.000000;0.000000
0.000000;0.000000;0.000000;0.000000;0.000000;0.000000;0.000000;0.000000
0.000000;0.000000;0.000000;0.000000;0.000000;0.000000;0.000000;0.000000
0.000000;0.000000;0.000000;0.000000;0.000000;0.000000;0.000000;0.000000
0.000000;0.000000;0.000000;0.000000;0.000000;0.000000;0.000000;0.000000
0.000000;0.000000;0.000000;0.000000;0.000000;0.000000;0.000000;0.000000
0.000000;0.000000;0.000000;0.000000;0.000000;0.000000;0.000000;0.000000
0.000000;0.000000;0.000000;0.000000;0.000000;0.000000;0.000000;0.000000
0.000000;0.000000;0.000000;0.000000;0.000000;0.000000;0.000000;0.000000
0.000000;0.000000;0.000000;0.000000;0.000000;0.000000;0.000000;0.000000
0.000000;0.000000;0.000000;0.000000;0.000000;0.000000;0.000000;0.000000
0.000000;0.000000;0.000000;0.000000;0.000000;0.000000;0.000000;0.000000
0.000000;0.000000;0.000000;0.000000;0.000000;0.000000;0.000000;0.000000
0.000000;0.000000;0.000000;0.000000;0.000000;0.000000;0.000000;0.000000
0.000000;0.000000;0.000000;0.000000;0.000000;0.000000;0.000000;0.000000
0.000000;0.000000;0.000000;0.000000;0.000000;0.000000;0.000000;0.000000
0.000000;0.000000;0.000000;0.000000;0.000000;0.000000;0.000000;0.000000
0.000000;0.000000;0.000000;0.000000;0.000000;0.000000;0.000000;0.000000
0.000000;0.000000;0.000000;0.000000;0.000000;0.000000;0.000000;0.000000
0.000000;0.000000;0.000000;0.000000;0.000000;0.000000;0.000000;0.000000
0.000000;0.000000;0.000000;0.000000;0.000000;0.000000;0.000000;0.000000
0.000000;0.000000;0.000000;0.000000;0.000000;0.000000;0.000000;0.000000
0.000000;0.000000;0.000000;0.000000;0.000000;0.000000;0.000000;0.000000
0.000000;0.000000;0.000000;0.000000;0.000000;0.000000;0.000000;0.000000
0.000000;0.000000;0.000000;0.000000;0.000000;0.000000;0.000000;0.000000
0.000000;0.000000;0.000000;0.000000;0.000000;0.000000;0.000000;0.000000
0.000000;0.000000;0.000000;0.000000;0.000000;0.000000;0.000000;0.000000
0.000000;0.000000;0.000000;0.000000;0.000000;0.000000;0.000000;0.000000
0.000000;0.000000;0.000000;0.000000;0.000000;0.000000;0.000000;0.000000
0.000000;0.000000;0.000000;0.000000;0.000000;0.000000;0.000000;0.000000
0.000000;0.000000;0.000000;0.000000;0.000000;0.000000;0.000000;0.000000
0.000000;0.000000;0.000000;0.000000;0.000000;0.000000;0.000000;0.000000
0.000000;0.000000;0.000000;0.000000;0.000000;0.000000;0.000000;0.000000
0.000000;0.000000;0.000000;0.000000;0.000000;0.000000;0.000000;0.000000
0.000000;0.000000;0.000000;0.000000;0.000000;0.000000;0.000000;0.000000
0.000000;0.000000;0.000000;0.000000;0.000000;0.000000;0.000000;0.000000
0.000000;0.000000;0.000000;0.000000;0.000000;0.000000;0.000000;0.000000
0.000000;0.000000;0.000000;0.000000;0.000000;0.000000;0.000000;0.000000
0.000000;0.000000;0.000000;0.000000;0.000000;0.000000;0.000000;0.000000
0.000000;0.000000;0.000000;0.000000;0.000000;0.000000;0.000000;0.000000
0.000000;0.000000;0.000000;0.000000;0.000000;0.000000;0.000000;0.000000
0.000000;0.000000;0.000000;0.000000;0.000000;0.000000;0.000000;0.000000
0.000000;0.000000;0.000000;0.000000;0.000000;0.000000;0.000000;0.000000
0.000000;0.000000;0.000000;0.000000;0.000000;0.000000;0.000000;0.000000
0.000000;0.000000;0.000000;0.000000;0.000000;0.000000;0.000000;0.000000
0.000000;0.000000;0.000000;0.000000;0.000000;0.000000;0.000000;0.000000
0.000000;0.000000;0.000000;0.000000;0.000000;0.000000;0.000000;0.000000
0.000000;0.000000;0.000000;0.000000;0.000000;0.000000;0.000000;0.000000
0.000000;0.000000;0.000000;0.000000;0.000000;0.000000;0.000000;0.000000
0.000000;0.000000;0.000000;0.000000;0.000000;0.000000;0.000000;0.000000
0.000000;0.000000;0.000000;0.000000;0.000000;0.000000;0.000000;0.000000
0.000000;0.000000;0.000000;0.000000;0.000000;0.000000;0.000000;0.000000
0.000000;0.000000;0.000000;0.000000;0.000000;0.000000;0.000000;0.000000
0.000000;0.000000;0.000000;0.000000;0.000000;0.000000;0.000000;0.000000
0.000000;0.000000;0.000000;0.000000;0.000000;0.000000;0.000000;0.000000
0.000000;0.000000;0.000000;0.000000;0.000000;0.000000;0.000000;0.000000
0.000000;0.000000;0.000000;0.000000;0.000000;0.000000;0.000000;0.000000
0.000000;0.000000;0.000000;0.000000;0.000000;0.000000;0.000000;0.000000
0.000000;0.000000;0.000000;0.000000;0.000000;0.000000;0.000000;0.000000
0.000000;0.000000;0.000000;0.000000;0.000000;0.000000;0.000000;0.000000
0.000000;0.000000;0.000000;0.000000;0.000000;0.000000;0.000000;0.000000
0.000000;0.000000;0.000000;0.000000;0.000000;0.000000;0.000000;0.000000
0.000000;0.000000;0.000000;0.000000;0.000000;0.000000;0.000000;0.000000
0.000000;0.000000;0.000000;0.000000;0.000000;0.000000;0.000000;0.000000
0.000000;0.000000;0.000000;0.000000;0.000000;0.000000;0.000000;0.000000
0.000000;0.000000;0.000000;0.000000;0.000000;0.000000;0.000000;0.000000
0.000000;0.000000;0.000000;0.000000;0.000000;0.000000;0.000000;0.000000
0.000000;0.000000;0.000000;0.000000;0.000000;0.000000;0.000000;0.000000
0.000000;0.000000;0.000000;0.000000;0.000000;0.000000;0.000000;0.000000
0.000000;0.000000;0.000000;0.000000;0.000000;0.000000;0.000000;0.000000
0.000000;0.000000;0.000000;0.000000;0.000000;0.000000;0.000000;0.000000
0.000000;0.000000;0.000000;0.000000;0.000000;0.000000;0.000000;0.000000
0.000000;0.000000;0.000000;0.000000;0.000000;0.000000;0.000000;0.000000
0.000000;0.000000;0.000000;0.000000;0.000000;0.000000;0.000000;0.000000
0.000000;0.000000;0.000000;0.000000;0.000000;0.000000;0.000000;0.000000
0.000000;0.000000;0.000000;0.000000;0.000000;0.000000;0.000000;0.000000
0.000000;0.000000;0.000000;0.000000;0.000000;0.000000;0.000000;0.000000
0.000000;0.000000;0.000000;0.000000;0.000000;0.000000;0.000000;0.000000
0.000000;0.000000;0.000000;0.000000;0.000000;0.000000;0.000000;0.000000
0.000000;0.000000;0.000000;0.000000;0.000000;0.000000;0.000000;0.000000
0.000000;0.000000;0.000000;0.000000;0.000000;0.000000;0.000000;0.000000
0.000000;0.000000;0.000000;0.000000;0.000000;0.000000;0.000000;0.000000
0.000000;0.000000;0.000000;0.000000;0.000000;0.000000;0.000000;0.000000
0.000000;0.000000;0.000000;0.000000;0.000000;0.000000;0.000000;0.000000
0.000000;0.000000;0.000000;0.000000;0.000000;0.000000;0.000000;0.000000
0.000000;0.000000;0.000000;0.000000;0.000000;0.000000;0.000000;0.000000
0.000000;0.000000;0.000000;0.000000;0.000000;0.000000;0.000000;0.000000
0.000000;0.000000;0.000000;0.000000;0.000000;0.000000;0.000000;0.000000
0.000000;0.000000;0.000000;0.000000;0.000000;0.000000;0.000000;0.000000
0.000000;0.000000;0.000000;0.000000;0.000000;0.000000;0.000000;0.000000
0.000000;0.000000;0.000000;0.000000;0.000000;0.000000;0.000000;0.000000
0.000000;0.000000;0.000000;0.000000;0.000000;0.000000;0.000000;0.000000
0.000000;0.000000;0.000000;0.000000;0.000000;0.000000;0.000000;0.000000
0.000000;0.000000;0.000000;0.000000;0.000000;0.000000;0.000000;0.000000
0.000000;0.000000;0.000000;0.000000;0.000000;0.000000;0.000000;0.000000
0.000000;0.000000;0.000000;0.000000;0.000000;0.000000;0.000000;0.000000
0.000000;0.000000;0.000000;0.000000;0.000000;0.000000;0.000000;0.000000
0.000000;0.000000;0.000000;0.000000;0.000000;0.000000;0.000000;0.000000
0.000000;0.000000;0.000000;0.000000;0.000000;0.000000;0.000000;0.000000
0.000000;0.000000;0.000000;0.000000;0.000000;0.000000;0.000000;0.000000
0.000000;0.000000;0.000000;0.000000;0.000000;0.000000;0.000000;0.000000
0.000000;0.000000;0.000000;0.000000;0.000000;0.000000;0.000000;0.000000
0.000000;0.000000;0.000000;0.000000;0.000000;0.000000;0.000000;0.000000
0.000000;0.000000;0.000000;0.000000;0.000000;0.000000;0.000000;0.000000
0.000000;0.000000;0.000000;0.000000;0.000000;0.000000;0.000000;0.000000
0.000000;0.000000;0.000000;0.000000;0.000000;0.000000;0.000000;0.000000
0.000000;0.000000;0.000000;0.000000;0.000000;0.000000;0.000000;0.000000
0.000000;0.000000;0.000000;0.000000;0.000000;0.000000;0.000000;0.000000
0.000000;0.000000;0.000000;0.000000;0.000000;0.000000;0.000000;0.000000
0.000000;0.000000;0.000000;0.000000;0.000000;0.000000;0.000000;0.000000
0.000000;0.000000;0.000000;0.000000;0.000000;0.000000;0.000000;0.000000
0.000000;0.000000;0.000000;0.000000;0.000000;0.000000;0.000000;0.000000
0.000000;0.000000;0.000000;0.000000;0.000000;0.000000;0.000000;0.000000
0.000000;0.000000;0.000000;0.000000;0.000000;0.000000;0.000000;0.000000
0.000000;0.000000;0.000000;0.000000;0.000000;0.000000;0.000000;0.000000
0.000000;0.000000;0.000000;0.000000;0.000000;0.000000;0.000000;0.000000
0.000000;0.000000;0.000000;0.000000;0.000000;0.000000;0.000000;0.000000
0.000000;0.000000;0.000000;0.000000;0.000000;0.000000;0.000000;0.000000
0.000000;0.000000;0.000000;0.000000;0.000000;0.000000;0.000000;0.000000
0.000000;0.000000;0.000000;0.000000;0.000000;0.000000;0.000000;0.000000
0.000000;0.000000;0.000000;0.000000;0.000000;0.000000;0.000000;0.000000
0.000000;0.000000;0.000000;0.000000;0.000000;0.000000;0.000000;0.000000
0.000000;0.000000;0.000000;0.000000;0.000000;0.000000;0.000000;0.000000
0.000000;0.000000;0.000000;0.000000;0.000000;0.000000;0.000000;0.000000
0.000000;0.000000;0.000000;0.000000;0.000000;0.000000;0.000000;0.000000
0.000000;0.000000;0.000000;0.000000;0.000000;0.000000;0.000000;0.000000
0.000000;0.000000;0.000000;0.000000;0.000000;0.000000;0.000000;0.000000
0.000000;0.000000;0.000000;0.000000;0.000000;0.000000;0.000000;0.000000
0.000000;0.000000;0.000000;0.000000;0.000000;0.000000;0.000000;0.000000
0.000000;0.000000;0.000000;0.000000;0.000000;0.000000;0.000000;0.000000
0.000000;0.000000;0.000000;0.000000;0.000000;0.000000;0.000000;0.000000
0.000000;0.000000;0.000000;0.000000;0.000000;0.000000;0.000000;0.000000
0.000000;0.000000;0.000000;0.000000;0.000000;0.000000;0.000000;0.000000
0.000000;0.000000;0.000000;0.000000;0.000000;0.000000;0.000000;0.000000
0.000000;0.000000;0.000000;0.000000;0.000000;0.000000;0.000000;0.000000
0.000000;0.000000;0.000000;0.000000;0.000000;0.000000;0.000000;0.000000
0.000000;0.000000;0.000000;0.000000;0.000000;0.000000;0.000000;0.000000
0.000000;0.000000;0.000000;0.000000;0.000000;0.000000;0.000000;0.000000
0.000000;0.000000;0.000000;0.000000;0.000000;0.000000;0.000000;0.000000
0.000000;0.000000;0.000000;0.000000;0.000000;0.000000;0.000000;0.000000
0.000000;0.000000;0.000000;0.000000;0.000000;0.000000;0.000000;0.000000
0.000000;0.000000;0.000000;0.000000;0.000000;0.000000;0.000000;0.000000
0.000000;0.000000;0.000000;0.000000;0.000000;0.000000;0.000000;0.000000
0.000000;0.000000;0.000000;0.000000;0.000000;0.000000;0.000000;0.000000
0.000000;0.000000;0.000000;0.000000;0.000000;0.000000;0.000000;0.000000
0.000000;0.000000;0.000000;0.000000;0.000000;0.000000;0.000000;0.000000
0.000000;0.000000;0.000000;0.000000;0.000000;0.000000;0.000000;0.000000
0.000000;0.000000;0.000000;0.000000;0.000000;0.000000;0.000000;0.000000
0.000000;0.000000;0.000000;0.000000;0.000000;0.000000;0.000000;0.000000
0.000000;0.000000;0.000000;0.000000;0.000000;0.000000;0.000000;0.000000
0.000000;0.000000;0.000000;0.000000;0.000000;0.000000;0.000000;0.000000
0.000000;0.000000;0.000000;0.000000;0.000000;0.000000;0.000000;0.000000
0.000000;0.000000;0.000000;0.000000;0.000000;0.000000;0.000000;0.000000
0.000000;0.000000;0.000000;0.000000;0.000000;0.000000;0.000000;0.000000
0.000000;0.000000;0.000000;0.000000;0.000000;0.000000;0.000000;0.000000
0.000000;0.000000;0.000000;0.000000;0.000000;0.000000;0.000000;0.000000
0.000000;0.000000;0.000000;0.000000;0.000000;0.000000;0.000000;0.000000
0.000000;0.000000;0.000000;0.000000;0.000000;0.000000;0.000000;0.000000
0.000000;0.000000;0.000000;0.000000;0.000000;0.000000;0.000000;0.000000
0.000000;0.000000;0.000000;0.000000;0.000000;0.000000;0.000000;0.000000
0.000000;0.000000;0.000000;0.000000;0.000000;0.000000;0.000000;0.000000
0.000000;0.000000;0.000000;0.000000;0.000000;0.000000;0.000000;0.000000
0.000000;0.000000;0.000000;0.000000;0.000000;0.000000;0.000000;0.000000
0.000000;0.000000;0.000000;0.000000;0.000000;0.000000;0.000000;0.000000
0.000000;0.000000;0.000000;0.000000;0.000000;0.000000;0.000000;0.000000
0.000000;0.000000;0.000000;0.000000;0.000000;0.000000;0.000000;0.000000
0.000000;0.000000;0.000000;0.000000;0.000000;0.000000;0.000000;0.000000
0.000000;0.000000;0.000000;0.000000;0.000000;0.000000;0.000000;0.000000
0.000000;0.000000;0.000000;0.000000;0.000000;0.000000;0.000000;0.000000
0.000000;0.000000;0.000000;0.000000;0.000000;0.000000;0.000000;0.000000
0.000000;0.000000;0.000000;0.000000;0.000000;0.000000;0.000000;0.000000
0.000000;0.000000;0.000000;0.000000;0.000000;0.000000;0.000000;0.000000
0.000000;0.000000;0.000000;0.000000;0.000000;0.000000;0.000000;0.000000
0.000000;0.000000;0.000000;0.000000;0.000000;0.000000;0.000000;0.000000
0.000000;0.000000;0.000000;0.000000;0.000000;0.000000;0.000000;0.000000
0.000000;0.000000;0.000000;0.000000;0.000000;0.000000;0.000000;0.000000
0.000000;0.000000;0.000000;0.000000;0.000000;0.000000;0.000000;0.000000
0.000000;0.000000;0.000000;0.000000;0.000000;0.000000;0.000000;0.000000
0.000000;0.000000;0.000000;0.000000;0.000000;0.000000;0.000000;0.000000
0.000000;0.000000;0.000000;0.000000;0.000000;0.000000;0.000000;0.000000
0.000000;0.000000;0.000000;0.000000;0.000000;0.000000;0.000000;0.000000
0.000000;0.000000;0.000000;0.000000;0.000000;0.000000;0.000000;0.000000
0.000000;0.000000;0.000000;0.000000;0.000000;0.000000;0.000000;0.000000
0.000000;0.000000;0.000000;0.000000;0.000000;0.000000;0.000000;0.000000
0.000000;0.000000;0.000000;0.000000;0.000000;0.000000;0.000000;0.000000
0.000000;0.000000;0.000000;0.000000;0.000000;0.000000;0.000000;0.000000
0.000000;0.000000;0.000000;0.000000;0.000000;0.000000;0.000000;0.000000
0.000000;0.000000;0.000000;0.000000;0.000000;0.000000;0.000000;0.000000
0.000000;0.000000;0.000000;0.000000;0.000000;0.000000;0.000000;0.000000
0.000000;0.000000;0.000000;0.000000;0.000000;0.000000;0.000000;0.000000
0.000000;0.000000;0.000000;0.000000;0.000000;0.000000;0.000000;0.000000
0.000000;0.000000;0.000000;0.000000;0.000000;0.000000;0.000000;0.000000
0.000000;0.000000;0.000000;0.000000;0.000000;0.000000;0.000000;0.000000
0.000000;0.000000;0.000000;0.000000;0.000000;0.000000;0.000000;0.000000
0.000000;0.000000;0.000000;0.000000;0.000000;0.000000;0.000000;0.000000
0.000000;0.000000;0.000000;0.000000;0.000000;0.000000;0.000000;0.000000
0.000000;0.000000;0.000000;0.000000;0.000000;0.000000;0.000000;0.000000
0.000000;0.000000;0.000000;0.000000;0.000000;0.000000;0.000000;0.000000
0.000000;0.000000;0.000000;0.000000;0.000000;0.000000;0.000000;0.000000
0.000000;0.000000;0.000000;0.000000;0.000000;0.000000;0.000000;0.000000
0.000000;0.000000;0.000000;0.000000;0.000000;0.000000;0.000000;0.000000
0.000000;0.000000;0.000000;0.000000;0.000000;0.000000;0.000000;0.000000
0.000000;0.000000;0.000000;0.000000;0.000000;0.000000;0.000000;0.000000
0.000000;0.000000;0.000000;0.000000;0.000000;0.000000;0.000000;0.000000
0.000000;0.000000;0.000000;0.000000;0.000000;0.000000;0.000000;0.000000
0.000000;0.000000;0.000000;0.000000;0.000000;0.000000;0.000000;0.000000
0.000000;0.000000;0.000000;0.000000;0.000000;0.000000;0.000000;0.000000
0.000000;0.000000;0.000000;0.000000;0.000000;0.000000;0.000000;0.000000
0.000000;0.000000;0.000000;0.000000;0.000000;0.000000;0.000000;0.000000
0.000000;0.000000;0.000000;0.000000;0.000000;0.000000;0.000000;0.000000
0.000000;0.000000;0.000000;0.000000;0.000000;0.000000;0.000000;0.000000
0.000000;0.000000;0.000000;0.000000;0.000000;0.000000;0.000000;0.000000
0.000000;0.000000;0.000000;0.000000;0.000000;0.000000;0.000000;0.000000
0.000000;0.000000;0.000000;0.000000;0.000000;0.000000;0.000000;0.000000
0.000000;0.000000;0.000000;0.000000;0.000000;0.000000;0.000000;0.000000
0.000000;0.000000;0.000000;0.000000;0.000000;0.000000;0.000000;0.000000
0.000000;0.000000;0.000000;0.000000;0.000000;0.000000;0.000000;0.000000
0.000000;0.000000;0.000000;0.000000;0.000000;0.000000;0.000000;0.000000
0.000000;0.000000;0.000000;0.000000;0.000000;0.000000;0.000000;0.000000
0.000000;0.000000;0.000000;0.000000;0.000000;0.000000;0.000000;0.000000
0.000000;0.000000;0.000000;0.000000;0.000000;0.000000;0.000000;0.000000
0.000000;0.000000;0.000000;0.000000;0.000000;0.000000;0.000000;0.000000
0.000000;0.000000;0.000000;0.000000;0.000000;0.000000;0.000000;0.000000
0.000000;0.000000;0.000000;0.000000;0.000000;0.000000;0.000000;0.000000
0.000000;0.000000;0.000000;0.000000;0.000000;0.000000;0.000000;0.000000
0.000000;0.000000;0.000000;0.000000;0.000000;0.000000;0.000000;0.000000
0.000000;0.000000;0.000000;0.000000;0.000000;0.000000;0.000000;0.000000
0.000000;0.000000;0.000000;0.000000;0.000000;0.000000;0.000000;0.000000
0.000000;0.000000;0.000000;0.000000;0.000000;0.000000;0.000000;0.000000
0.000000;0.000000;0.000000;0.000000;0.000000;0.000000;0.000000;0.000000
0.000000;0.000000;0.000000;0.000000;0.000000;0.000000;0.000000;0.000000
0.000000;0.000000;0.000000;0.000000;0.000000;0.000000;0.000000;0.000000
0.000000;0.000000;0.000000;0.000000;0.000000;0.000000;0.000000;0.000000
0.000000;0.000000;0.000000;0.000000;0.000000;0.000000;0.000000;0.000000
0.000000;0.000000;0.000000;0.000000;0.000000;0.000000;0.000000;0.000000
0.000000;0.000000;0.000000;0.000000;0.000000;0.000000;0.000000;0.000000
0.000000;0.000000;0.000000;0.000000;0.000000;0.000000;0.000000;0.000000
0.000000;0.000000;0.000000;0.000000;0.000000;0.000000;0.000000;0.000000
0.000000;0.000000;0.000000;0.000000;0.000000;0.000000;0.000000;0.000000
0.000000;0.000000;0.000000;0.000000;0.000000;0.000000;0.000000;0.000000
0.000000;0.000000;0.000000;0.000000;0.000000;0.000000;0.000000;0.000000
0.000000;0.000000;0.000000;0.000000;0.000000;0.000000;0.000000;0.000000
0.000000;0.000000;0.000000;0.000000;0.000000;0.000000;0.000000;0.000000
0.000000;0.000000;0.000000;0.000000;0.000000;0.000000;0.000000;0.000000
0.000000;0.000000;0.000000;0.000000;0.000000;0.000000;0.000000;0.000000
0.000000;0.000000;0.000000;0.000000;0.000000;0.000000;0.000000;0.000000
0.000000;0.000000;0.000000;0.000000;0.000000;0.000000;0.000000;0.000000
0.000000;0.000000;0.000000;0.000000;0.000000;0.000000;0.000000;0.000000
0.000000;0.000000;0.000000;0.000000;0.000000;0.000000;0.000000;0.000000
0.000000;0.000000;0.000000;0.000000;0.000000;0.000000;0.000000;0.000000
0.000000;0.000000;0.000000;0.000000;0.000000;0.000000;0.000000;0.000000
0.000000;0.000000;0.000000;0.000000;0.000000;0.000000;0.000000;0.000000
0.000000;0.000000;0.000000;0.000000;0.000000;0.000000;0.000000;0.000000
0.000000;0.000000;0.000000;0.000000;0.000000;0.000000;0.000000;0.000000
0.000000;0.000000;0.000000;0.000000;0.000000;0.000000;0.000000;0.000000
0.000000;0.000000;0.000000;0.000000;0.000000;0.000000;0.000000;0.000000
0.000000;0.000000;0.000000;0.000000;0.000000;0.000000;0.000000;0.000000
0.000000;0.000000;0.000000;0.000000;0.000000;0.000000;0.000000;0.000000
0.000000;0.000000;0.000000;0.000000;0.000000;0.000000;0.000000;0.000000
0.000000;0.000000;0.000000;0.000000;0.000000;0.000000;0.000000;0.000000
0.000000;0.000000;0.000000;0.000000;0.000000;0.000000;0.000000;0.000000
0.000000;0.000000;0.000000;0.000000;0.000000;0.000000;0.000000;0.000000
0.000000;0.000000;0.000000;0.000000;0.000000;0.000000;0.000000;0.000000
0.000000;0.000000;0.000000;0.000000;0.000000;0.000000;0.000000;0.000000
0.000000;0.000000;0.000000;0.000000;0.000000;0.000000;0.000000;0.000000
0.000000;0.000000;0.000000;0.000000;0.000000;0.000000;0.000000;0.000000
0.000000;0.000000;0.000000;0.000000;0.000000;0.000000;0.000000;0.000000
0.000000;0.000000;0.000000;0.000000;0.000000;0.000000;0.000000;0.000000
0.000000;0.000000;0.000000;0.000000;0.000000;0.000000;0.000000;0.000000
0.000000;0.000000;0.000000;0.000000;0.000000;0.000000;0.000000;0.000000
0.000000;0.000000;0.000000;0.000000;0.000000;0.000000;0.000000;0.000000
0.000000;0.000000;0.000000;0.000000;0.000000;0.000000;0.000000;0.000000
0.000000;0.000000;0.000000;0.000000;0.000000;0.000000;0.000000;0.000000
0.000000;0.000000;0.000000;0.000000;0.000000;0.000000;0.000000;0.000000
0.000000;0.000000;0.000000;0.000000;0.000000;0.000000;0.000000;0.000000
0.000000;0.000000;0.000000;0.000000;0.000000;0.000000;0.000000;0.000000
0.000000;0.000000;0.000000;0.000000;0.000000;0.000000;0.000000;0.000000
0.000000;0.000000;0.000000;0.000000;0.000000;0.000000;0.000000;0.000000
0.000000;0.000000;0.000000;0.000000;0.000000;0.000000;0.000000;0.000000
0.000000;0.000000;0.000000;0.000000;0.000000;0.000000;0.000000;0.000000
0.000000;0.000000;0.000000;0.000000;0.000000;0.000000;0.000000;0.000000
0.000000;0.000000;0.000000;0.000000;0.000000;0.000000;0.000000;0.000000
0.000000;0.000000;0.000000;0.000000;0.000000;0.000000;0.000000;0.000000
0.000000;0.000000;0.000000;0.000000;0.000000;0.000000;0.000000;0.000000
0.000000;0.000000;0.000000;0.000000;0.000000;0.000000;0.000000;0.000000
0.000000;0.000000;0.000000;0.000000;0.000000;0.000000;0.000000;0.000000
0.000000;0.000000;0.000000;0.000000;0.000000;0.000000;0.000000;0.000000
0.000000;0.000000;0.000000;0.000000;0.000000;0.000000;0.000000;0.000000
0.000000;0.000000;0.000000;0.000000;0.000000;0.000000;0.000000;0.000000
0.000000;0.000000;0.000000;0.000000;0.000000;0.000000;0.000000;0.000000
0.000000;0.000000;0.000000;0.000000;0.000000;0.000000;0.000000;0.000000
0.000000;0.000000;0.000000;0.000000;0.000000;0.000000;0.000000;0.000000
0.000000;0.000000;0.000000;0.000000;0.000000;0.000000;0.000000;0.000000
0.000000;0.000000;0.000000;0.000000;0.000000;0.000000;0.000000;0.000000
0.000000;0.000000;0.000000;0.000000;0.000000;0.000000;0.000000;0.000000
0.000000;0.000000;0.000000;0.000000;0.000000;0.000000;0.000000;0.000000
0.000000;0.000000;0.000000;0.000000;0.000000;0.000000;0.000000;0.000000
0.000000;0.000000;0.000000;0.000000;0.000000;0.000000;0.000000;0.000000
0.000000;0.000000;0.000000;0.000000;0.000000;0.000000;0.000000;0.000000
0.000000;0.000000;0.000000;0.000000;0.000000;0.000000;0.000000;0.000000
0.000000;0.000000;0.000000;0.000000;0.000000;0.000000;0.000000;0.000000
0.000000;0.000000;0.000000;0.000000;0.000000;0.000000;0.000000;0.000000
0.000000;0.000000;0.000000;0.000000;0.000000;0.000000;0.000000;0.000000
0.000000;0.000000;0.000000;0.000000;0.000000;0.000000;0.000000;0.000000
0.000000;0.000000;0.000000;0.000000;0.000000;0.000000;0.000000;0.000000
0.000000;0.000000;0.000000;0.000000;0.000000;0.000000;0.000000;0.000000
0.000000;0.000000;0.000000;0.000000;0.000000;0.000000;0.000000;0.000000
0.000000;0.000000;0.000000;0.000000;0.000000;0.000000;0.000000;0.000000
0.000000;0.000000;0.000000;0.000000;0.000000;0.000000;0.000000;0.000000
0.000000;0.000000;0.000000;0.000000;0.000000;0.000000;0.000000;0.000000
0.000000;0.000000;0.000000;0.000000;0.000000;0.000000;0.000000;0.000000
0.000000;0.000000;0.000000;0.000000;0.000000;0.000000;0.000000;0.000000
0.000000;0.000000;0.000000;0.000000;0.000000;0.000000;0.000000;0.000000
0.000000;0.000000;0.000000;0.000000;0.000000;0.000000;0.000000;0.000000
0.000000;0.000000;0.000000;0.000000;0.000000;0.000000;0.000000;0.000000
0.000000;0.000000;0.000000;0.000000;0.000000;0.000000;0.000000;0.000000
0.000000;0.000000;0.000000;0.000000;0.000000;0.000000;0.000000;0.000000
0.000000;0.000000;0.000000;0.000000;0.000000;0.000000;0.000000;0.000000
0.000000;0.000000;0.000000;0.000000;0.000000;0.000000;0.000000;0.000000
0.000000;0.000000;0.000000;0.000000;0.000000;0.000000;0.000000;0.000000
0.000000;0.000000;0.000000;0.000000;0.000000;0.000000;0.000000;0.000000
0.000000;0.000000;0.000000;0.000000;0.000000;0.000000;0.000000;0.000000
0.000000;0.000000;0.000000;0.000000;0.000000;0.000000;0.000000;0.000000
0.000000;0.000000;0.000000;0.000000;0.000000;0.000000;0.000000;0.000000
0.000000;0.000000;0.000000;0.000000;0.000000;0.000000;0.000000;0.000000
0.000000;0.000000;0.000000;0.000000;0.000000;0.000000;0.000000;0.000000
0.000000;0.000000;0.000000;0.000000;0.000000;0.000000;0.000000;0.000000
0.000000;0.000000;0.000000;0.000000;0.000000;0.000000;0.000000;0.000000
0.000000;0.000000;0.000000;0.000000;0.000000;0.000000;0.000000;0.000000
0.000000;0.000000;0.000000;0.000000;0.000000;0.000000;0.000000;0.000000
0.000000;0.000000;0.000000;0.000000;0.000000;0.000000;0.000000;0.000000
0.000000;0.000000;0.000000;0.000000;0.000000;0.000000;0.000000;0.000000
0.000000;0.000000;0.000000;0.000000;0.000000;0.000000;0.000000;0.000000
0.000000;0.000000;0.000000;0.000000;0.000000;0.000000;0.000000;0.000000
0.000000;0.000000;0.000000;0.000000;0.000000;0.000000;0.000000;0.000000
0.000000;0.000000;0.000000;0.000000;0.000000;0.000000;0.000000;0.000000
0.000000;0.000000;0.000000;0.000000;0.000000;0.000000;0.000000;0.000000
0.000000;0.000000;0.000000;0.000000;0.000000;0.000000;0.000000;0.000000
0.000000;0.000000;0.000000;0.000000;0.000000;0.000000;0.000000;0.000000
0.000000;0.000000;0.000000;0.000000;0.000000;0.000000;0.000000;0.000000
0.000000;0.000000;0.000000;0.000000;0.000000;0.000000;0.000000;0.000000
0.000000;0.000000;0.000000;0.000000;0.000000;0.000000;0.000000;0.000000
0.000000;0.000000;0.000000;0.000000;0.000000;0.000000;0.000000;0.000000
0.000000;0.000000;0.000000;0.000000;0.000000;0.000000;0.000000;0.000000
0.000000;0.000000;0.000000;0.000000;0.000000;0.000000;0.000000;0.000000
0.000000;0.000000;0.000000;0.000000;0.000000;0.000000;0.000000;0.000000
0.000000;0.000000;0.000000;0.000000;0.000000;0.000000;0.000000;0.000000
0.000000;0.000000;0.000000;0.000000;0.000000;0.000000;0.000000;0.000000
0.000000;0.000000;0.000000;0.000000;0.000000;0.000000;0.000000;0.000000
0.000000;0.000000;0.000000;0.000000;0.000000;0.000000;0.000000;0.000000
0.000000;0.000000;0.000000;0.000000;0.000000;0.000000;0.000000;0.000000
0.000000;0.000000;0.000000;0.000000;0.000000;0.000000;0.000000;0.000000
0.000000;0.000000;0.000000;0.000000;0.000000;0.000000;0.000000;0.000000
0.000000;0.000000;0.000000;0.000000;0.000000;0.000000;0.000000;0.000000
0.000000;0.000000;0.000000;0.000000;0.000000;0.000000;0.000000;0.000000
0.000000;0.000000;0.000000;0.000000;0.000000;0.000000;0.000000;0.000000
0.000000;0.000000;0.000000;0.000000;0.000000;0.000000;0.000000;0.000000
0.000000;0.000000;0.000000;0.000000;0.000000;0.000000;0.000000;0.000000
0.000000;0.000000;0.000000;0.000000;0.000000;0.000000;0.000000;0.000000
0.000000;0.000000;0.000000;0.000000;0.000000;0.000000;0.000000;0.000000
0.000000;0.000000;0.000000;0.000000;0.000000;0.000000;0.000000;0.000000
0.000000;0.000000;0.000000;0.000000;0.000000;0.000000;0.000000;0.000000
0.000000;0.000000;0.000000;0.000000;0.000000;0.000000;0.000000;0.000000
0.000000;0.000000;0.000000;0.000000;0.000000;0.000000;0.000000;0.000000
0.000000;0.000000;0.000000;0.000000;0.000000;0.000000;0.000000;0.000000
0.000000;0.000000;0.000000;0.000000;0.000000;0.000000;0.000000;0.000000
0.000000;0.000000;0.000000;0.000000;0.000000;0.000000;0.000000;0.000000
0.000000;0.000000;0.000000;0.000000;0.000000;0.000000;0.000000;0.000000
0.000000;0.000000;0.000000;0.000000;0.000000;0.000000;0.000000;0.000000
0.000000;0.000000;0.000000;0.000000;0.000000;0.000000;0.000000;0.000000
0.000000;0.000000;0.000000;0.000000;0.000000;0.000000;0.000000;0.000000
0.000000;0.000000;0.000000;0.000000;0.000000;0.000000;0.000000;0.000000
0.000000;0.000000;0.000000;0.000000;0.000000;0.000000;0.000000;0.000000
0.000000;0.000000;0.000000;0.000000;0.000000;0.000000;0.000000;0.000000
0.000000;0.000000;0.000000;0.000000;0.000000;0.000000;0.000000;0.000000
0.000000;0.000000;0.000000;0.000000;0.000000;0.000000;0.000000;0.000000
0.000000;0.000000;0.000000;0.000000;0.000000;0.000000;0.000000;0.000000
0.000000;0.000000;0.000000;0.000000;0.000000;0.000000;0.000000;0.000000
0.000000;0.000000;0.000000;0.000000;0.000000;0.000000;0.000000;0.000000
0.000000;0.000000;0.000000;0.000000;0.000000;0.000000;0.000000;0.000000
0.000000;0.000000;0.000000;0.000000;0.000000;0.000000;0.000000;0.000000
0.000000;0.000000;0.000000;0.000000;0.000000;0.000000;0.000000;0.000000
0.000000;0.000000;0.000000;0.000000;0.000000;0.000000;0.000000;0.000000
0.000000;0.000000;0.000000;0.000000;0.000000;0.000000;0.000000;0.000000
0.000000;0.000000;0.000000;0.000000;0.000000;0.000000;0.000000;0.000000
0.000000;0.000000;0.000000;0.000000;0.000000;0.000000;0.000000;0.000000
0.000000;0.000000;0.000000;0.000000;0.000000;0.000000;0.000000;0.000000
0.000000;0.000000;0.000000;0.000000;0.000000;0.000000;0.000000;0.000000
0.000000;0.000000;0.000000;0.000000;0.000000;0.000000;0.000000;0.000000
0.000000;0.000000;0.000000;0.000000;0.000000;0.000000;0.000000;0.000000
0.000000;0.000000;0.000000;0.000000;0.000000;0.000000;0.000000;0.000000
0.000000;0.000000;0.000000;0.000000;0.000000;0.000000;0.000000;0.000000
0.000000;0.000000;0.000000;0.000000;0.000000;0.000000;0.000000;0.000000
0.000000;0.000000;0.000000;0.000000;0.000000;0.000000;0.000000;0.000000
0.000000;0.000000;0.000000;0.000000;0.000000;0.000000;0.000000;0.000000
0.000000;0.000000;0.000000;0.000000;0.000000;0.000000;0.000000;0.000000
0.000000;0.000000;0.000000;0.000000;0.000000;0.000000;0.000000;0.000000
0.000000;0.000000;0.000000;0.000000;0.000000;0.000000;0.000000;0.000000
0.000000;0.000000;0.000000;0.000000;0.000000;0.000000;0.000000;0.000000
0.000000;0.000000;0.000000;0.000000;0.000000;0.000000;0.000000;0.000000
0.000000;0.000000;0.000000;0.000000;0.000000;0.000000;0.000000;0.000000
0.000000;0.000000;0.000000;0.000000;0.000000;0.000000;0.000000;0.000000
0.000000;0.000000;0.000000;0.000000;0.000000;0.000000;0.000000;0.000000
0.000000;0.000000;0.000000;0.000000;0.000000;0.000000;0.000000;0.000000
0.000000;0.000000;0.000000;0.000000;0.000000;0.000000;0.000000;0.000000
0.000000;0.000000;0.000000;0.000000;0.000000;0.000000;0.000000;0.000000
0.000000;0.000000;0.000000;0.000000;0.000000;0.000000;0.000000;0.000000
0.000000;0.000000;0.000000;0.000000;0.000000;0.000000;0.000000;0.000000
0.000000;0.000000;0.000000;0.000000;0.000000;0.000000;0.000000;0.000000
0.000000;0.000000;0.000000;0.000000;0.000000;0.000000;0.000000;0.000000
0.000000;0.000000;0.000000;0.000000;0.000000;0.000000;0.000000;0.000000
0.000000;0.000000;0.000000;0.000000;0.000000;0.000000;0.000000;0.000000
0.000000;0.000000;0.000000;0.000000;0.000000;0.000000;0.000000;0.000000
0.000000;0.000000;0.000000;0.000000;0.000000;0.000000;0.000000;0.000000
0.000000;0.000000;0.000000;0.000000;0.000000;0.000000;0.000000;0.000000
0.000000;0.000000;0.000000;0.000000;0.000000;0.000000;0.000000;0.000000
0.000000;0.000000;0.000000;0.000000;0.000000;0.000000;0.000000;0.000000
0.000000;0.000000;0.000000;0.000000;0.000000;0.000000;0.000000;0.000000
0.000000;0.000000;0.000000;0.000000;0.000000;0.000000;0.000000;0.000000
0.000000;0.000000;0.000000;0.000000;0.000000;0.000000;0.000000;0.000000
0.000000;0.000000;0.000000;0.000000;0.000000;0.000000;0.000000;0.000000
0.000000;0.000000;0.000000;0.000000;0.000000;0.000000;0.000000;0.000000
0.000000;0.000000;0.000000;0.000000;0.000000;0.000000;0.000000;0.000000
0.000000;0.000000;0.000000;0.000000;0.000000;0.000000;0.000000;0.000000
0.000000;0.000000;0.000000;0.000000;0.000000;0.000000;0.000000;0.000000
0.000000;0.000000;0.000000;0.000000;0.000000;0.000000;0.000000;0.000000
0.000000;0.000000;0.000000;0.000000;0.000000;0.000000;0.000000;0.000000
0.000000;0.000000;0.000000;0.000000;0.000000;0.000000;0.000000;0.000000
0.000000;0.000000;0.000000;0.000000;0.000000;0.000000;0.000000;0.000000
0.000000;0.000000;0.000000;0.000000;0.000000;0.000000;0.000000;0.000000
0.000000;0.000000;0.000000;0.000000;0.000000;0.000000;0.000000;0.000000
0.000000;0.000000;0.000000;0.000000;0.000000;0.000000;0.000000;0.000000
0.000000;0.000000;0.000000;0.000000;0.000000;0.000000;0.000000;0.000000
0.000000;0.000000;0.000000;0.000000;0.000000;0.000000;0.000000;0.000000
0.000000;0.000000;0.000000;0.000000;0.000000;0.000000;0.000000;0.000000
0.000000;0.000000;0.000000;0.000000;0.000000;0.000000;0.000000;0.000000
0.000000;0.000000;0.000000;0.000000;0.000000;0.000000;0.000000;0.000000
0.000000;0.000000;0.000000;0.000000;0.000000;0.000000;0.000000;0.000000
0.000000;0.000000;0.000000;0.000000;0.000000;0.000000;0.000000;0.000000
0.000000;0.000000;0.000000;0.000000;0.000000;0.000000;0.000000;0.000000
0.000000;0.000000;0.000000;0.000000;0.000000;0.000000;0.000000;0.000000
0.000000;0.000000;0.000000;0.000000;0.000000;0.000000;0.000000;0.000000
0.000000;0.000000;0.000000;0.000000;0.000000;0.000000;0.000000;0.000000
0.000000;0.000000;0.000000;0.000000;0.000000;0.000000;0.000000;0.000000
0.000000;0.000000;0.000000;0.000000;0.000000;0.000000;0.000000;0.000000
0.000000;0.000000;0.000000;0.000000;0.000000;0.000000;0.000000;0.000000
0.000000;0.000000;0.000000;0.000000;0.000000;0.000000;0.000000;0.000000
0.000000;0.000000;0.000000;0.000000;0.000000;0.000000;0.000000;0.000000
0.000000;0.000000;0.000000;0.000000;0.000000;0.000000;0.000000;0.000000
0.000000;0.000000;0.000000;0.000000;0.000000;0.000000;0.000000;0.000000
0.000000;0.000000;0.000000;0.000000;0.000000;0.000000;0.000000;0.000000
0.000000;0.000000;0.000000;0.000000;0.000000;0.000000;0.000000;0.000000
0.000000;0.000000;0.000000;0.000000;0.000000;0.000000;0.000000;0.000000
0.000000;0.000000;0.000000;0.000000;0.000000;0.000000;0.000000;0.000000
0.000000;0.000000;0.000000;0.000000;0.000000;0.000000;0.000000;0.000000
0.000000;0.000000;0.000000;0.000000;0.000000;0.000000;0.000000;0.000000
0.000000;0.000000;0.000000;0.000000;0.000000;0.000000;0.000000;0.000000
0.000000;0.000000;0.000000;0.000000;0.000000;0.000000;0.000000;0.000000
0.000000;0.000000;0.000000;0.000000;0.000000;0.000000;0.000000;0.000000
0.000000;0.000000;0.000000;0.000000;0.000000;0.000000;0.000000;0.000000
0.000000;0.000000;0.000000;0.000000;0.000000;0.000000;0.000000;0.000000
0.000000;0.000000;0.000000;0.000000;0.000000;0.000000;0.000000;0.000000
0.000000;0.000000;0.000000;0.000000;0.000000;0.000000;0.000000;0.000000
0.000000;0.000000;0.000000;0.000000;0.000000;0.000000;0.000000;0.000000
0.000000;0.000000;0.000000;0.000000;0.000000;0.000000;0.000000;0.000000
0.000000;0.000000;0.000000;0.000000;0.000000;0.000000;0.000000;0.000000
0.000000;0.000000;0.000000;0.000000;0.000000;0.000000;0.000000;0.000000
0.000000;0.000000;0.000000;0.000000;0.000000;0.000000;0.000000;0.000000
0.000000;0.000000;0.000000;0.000000;0.000000;0.000000;0.000000;0.000000
0.000000;0.000000;0.000000;0.000000;0.000000;0.000000;0.000000;0.000000
0.000000;0.000000;0.000000;0.000000;0.000000;0.000000;0.000000;0.000000
0.000000;0.000000;0.000000;0.000000;0.000000;0.000000;0.000000;0.000000
0.000000;0.000000;0.000000;0.000000;0.000000;0.000000;0.000000;0.000000
0.000000;0.000000;0.000000;0.000000;0.000000;0.000000;0.000000;0.000000
0.000000;0.000000;0.000000;0.000000;0.000000;0.000000;0.000000;0.000000
0.000000;0.000000;0.000000;0.000000;0.000000;0.000000;0.000000;0.000000
0.000000;0.000000;0.000000;0.000000;0.000000;0.000000;0.000000;0.000000
0.000000;0.000000;0.000000;0.000000;0.000000;0.000000;0.000000;0.000000
0.000000;0.000000;0.000000;0.000000;0.000000;0.000000;0.000000;0.000000
0.000000;0.000000;0.000000;0.000000;0.000000;0.000000;0.000000;0.000000
0.000000;0.000000;0.000000;0.000000;0.000000;0.000000;0.000000;0.000000
0.000000;0.000000;0.000000;0.000000;0.000000;0.000000;0.000000;0.000000
0.000000;0.000000;0.000000;0.000000;0.000000;0.000000;0.000000;0.000000
0.000000;0.000000;0.000000;0.000000;0.000000;0.000000;0.000000;0.000000
0.000000;0.000000;0.000000;0.000000;0.000000;0.000000;0.000000;0.000000
0.000000;0.000000;0.000000;0.000000;0.000000;0.000000;0.000000;0.000000
0.000000;0.000000;0.000000;0.000000;0.000000;0.000000;0.000000;0.000000
0.000000;0.000000;0.000000;0.000000;0.000000;0.000000;0.000000;0.000000
0.000000;0.000000;0.000000;0.000000;0.000000;0.000000;0.000000;0.000000
0.000000;0.000000;0.000000;0.000000;0.000000;0.000000;0.000000;0.000000
0.000000;0.000000;0.000000;0.000000;0.000000;0.000000;0.000000;0.000000
0.000000;0.000000;0.000000;0.000000;0.000000;0.000000;0.000000;0.000000
0.000000;0.000000;0.000000;0.000000;0.000000;0.000000;0.000000;0.000000
0.000000;0.000000;0.000000;0.000000;0.000000;0.000000;0.000000;0.000000
0.000000;0.000000;0.000000;0.000000;0.000000;0.000000;0.000000;0.000000
0.000000;0.000000;0.000000;0.000000;0.000000;0.000000;0.000000;0.000000
0.000000;0.000000;0.000000;0.000000;0.000000;0.000000;0.000000;0.000000
0.000000;0.000000;0.000000;0.000000;0.000000;0.000000;0.000000;0.000000
0.000000;0.000000;0.000000;0.000000;0.000000;0.000000;0.000000;0.000000
0.000000;0.000000;0.000000;0.000000;0.000000;0.000000;0.000000;0.000000
0.000000;0.000000;0.000000;0.000000;0.000000;0.000000;0.000000;0.000000
0.000000;0.000000;0.000000;0.000000;0.000000;0.000000;0.000000;0.000000
0.000000;0.000000;0.000000;0.000000;0.000000;0.000000;0.000000;0.000000
0.000000;0.000000;0.000000;0.000000;0.000000;0.000000;0.000000;0.000000
0.000000;0.000000;0.000000;0.000000;0.000000;0.000000;0.000000;0.000000
0.000000;0.000000;0.000000;0.000000;0.000000;0.000000;0.000000;0.000000
0.000000;0.000000;0.000000;0.000000;0.000000;0.000000;0.000000;0.000000
0.000000;0.000000;0.000000;0.000000;0.000000;0.000000;0.000000;0.000000
0.000000;0.000000;0.000000;0.000000;0.000000;0.000000;0.000000;0.000000
0.000000;0.000000;0.000000;0.000000;0.000000;0.000000;0.000000;0.000000
0.000000;0.000000;0.000000;0.000000;0.000000;0.000000;0.000000;0.000000
0.000000;0.000000;0.000000;0.000000;0.000000;0.000000;0.000000;0.000000
0.000000;0.000000;0.000000;0.000000;0.000000;0.000000;0.000000;0.000000
0.000000;0.000000;0.000000;0.000000;0.000000;0.000000;0.000000;0.000000
0.000000;0.000000;0.000000;0.000000;0.000000;0.000000;0.000000;0.000000
0.000000;0.000000;0.000000;0.000000;0.000000;0.000000;0.000000;0.000000
0.000000;0.000000;0.000000;0.000000;0.000000;0.000000;0.000000;0.000000
0.000000;0.000000;0.000000;0.000000;0.000000;0.000000;0.000000;0.000000
0.000000;0.000000;0.000000;0.000000;0.000000;0.000000;0.000000;0.000000
0.000000;0.000000;0.000000;0.000000;0.000000;0.000000;0.000000;0.000000
0.000000;0.000000;0.000000;0.000000;0.000000;0.000000;0.000000;0.000000
0.000000;0.000000;0.000000;0.000000;0.000000;0.000000;0.000000;0.000000
0.000000;0.000000;0.000000;0.000000;0.000000;0.000000;0.000000;0.000000
0.000000;0.000000;0.000000;0.000000;0.000000;0.000000;0.000000;0.000000
0.000000;0.000000;0.000000;0.000000;0.000000;0.000000;0.000000;0.000000
0.000000;0.000000;0.000000;0.000000;0.000000;0.000000;0.000000;0.000000
0.000000;0.000000;0.000000;0.000000;0.000000;0.000000;0.000000;0.000000
0.000000;0.000000;0.000000;0.000000;0.000000;0.000000;0.000000;0.000000
0.000000;0.000000;0.000000;0.000000;0.000000;0.000000;0.000000;0.000000
0.000000;0.000000;0.000000;0.000000;0.000000;0.000000;0.000000;0.000000
0.000000;0.000000;0.000000;0.000000;0.000000;0.000000;0.000000;0.000000
0.000000;0.000000;0.000000;0.000000;0.000000;0.000000;0.000000;0.000000
0.000000;0.000000;0.000000;0.000000;0.000000;0.000000;0.000000;0.000000
0.000000;0.000000;0.000000;0.000000;0.000000;0.000000;0.000000;0.000000
0.000000;0.000000;0.000000;0.000000;0.000000;0.000000;0.000000;0.000000
0.000000;0.000000;0.000000;0.000000;0.000000;0.000000;0.000000;0.000000
0.000000;0.000000;0.000000;0.000000;0.000000;0.000000;0.000000;0.000000
0.000000;0.000000;0.000000;0.000000;0.000000;0.000000;0.000000;0.000000
0.000000;0.000000;0.000000;0.000000;0.000000;0.000000;0.000000;0.000000
0.000000;0.000000;0.000000;0.000000;0.000000;0.000000;0.000000;0.000000
0.000000;0.000000;0.000000;0.000000;0.000000;0.000000;0.000000;0.000000
0.000000;0.000000;0.000000;0.000000;0.000000;0.000000;0.000000;0.000000
0.000000;0.000000;0.000000;0.000000;0.000000;0.000000;0.000000;0.000000
0.000000;0.000000;0.000000;0.000000;0.000000;0.000000;0.000000;0.000000
0.000000;0.000000;0.000000;0.000000;0.000000;0.000000;0.000000;0.000000
0.000000;0.000000;0.000000;0.000000;0.000000;0.000000;0.000000;0.000000
0.000000;0.000000;0.000000;0.000000;0.000000;0.000000;0.000000;0.000000
0.000000;0.000000;0.000000;0.000000;0.000000;0.000000;0.000000;0.000000
0.000000;0.000000;0.000000;0.000000;0.000000;0.000000;0.000000;0.000000
0.000000;0.000000;0.000000;0.000000;0.000000;0.000000;0.000000;0.000000
0.000000;0.000000;0.000000;0.000000;0.000000;0.000000;0.000000;0.000000
0.000000;0.000000;0.000000;0.000000;0.000000;0.000000;0.000000;0.000000
0.000000;0.000000;0.000000;0.000000;0.000000;0.000000;0.000000;0.000000
0.000000;0.000000;0.000000;0.000000;0.000000;0.000000;0.000000;0.000000
0.000000;0.000000;0.000000;0.000000;0.000000;0.000000;0.000000;0.000000
0.000000;0.000000;0.000000;0.000000;0.000000;0.000000;0.000000;0.000000
0.000000;0.000000;0.000000;0.000000;0.000000;0.000000;0.000000;0.000000
0.000000;0.000000;0.000000;0.000000;0.000000;0.000000;0.000000;0.000000
0.000000;0.000000;0.000000;0.000000;0.000000;0.000000;0.000000;0.000000
0.000000;0.000000;0.000000;0.000000;0.000000;0.000000;0.000000;0.000000
0.000000;0.000000;0.000000;0.000000;0.000000;0.000000;0.000000;0.000000
0.000000;0.000000;0.000000;0.000000;0.000000;0.000000;0.000000;0.000000
0.000000;0.000000;0.000000;0.000000;0.000000;0.000000;0.000000;0.000000
0.000000;0.000000;0.000000;0.000000;0.000000;0.000000;0.000000;0.000000
0.000000;0.000000;0.000000;0.000000;0.000000;0.000000;0.000000;0.000000
0.000000;0.000000;0.000000;0.000000;0.000000;0.000000;0.000000;0.000000
0.000000;0.000000;0.000000;0.000000;0.000000;0.000000;0.000000;0.000000
0.000000;0.000000;0.000000;0.000000;0.000000;0.000000;0.000000;0.000000
0.000000;0.000000;0.000000;0.000000;0.000000;0.000000;0.000000;0.000000
0.000000;0.000000;0.000000;0.000000;0.000000;0.000000;0.000000;0.000000
0.000000;0.000000;0.000000;0.000000;0.000000;0.000000;0.000000;0.000000
0.000000;0.000000;0.000000;0.000000;0.000000;0.000000;0.000000;0.000000
0.000000;0.000000;0.000000;0.000000;0.000000;0.000000;0.000000;0.000000
0.000000;0.000000;0.000000;0.000000;0.000000;0.000000;0.000000;0.000000
0.000000;0.000000;0.000000;0.000000;0.000000;0.000000;0.000000;0.000000
0.000000;0.000000;0.000000;0.000000;0.000000;0.000000;0.000000;0.000000
0.000000;0.000000;0.000000;0.000000;0.000000;0.000000;0.000000;0.000000
0.000000;0.000000;0.000000;0.000000;0.000000;0.000000;0.000000;0.000000
0.000000;0.000000;0.000000;0.000000;0.000000;0.000000;0.000000;0.000000
0.000000;0.000000;0.000000;0.000000;0.000000;0.000000;0.000000;0.000000
0.000000;0.000000;0.000000;0.000000;0.000000;0.000000;0.000000;0.000000
0.000000;0.000000;0.000000;0.000000;0.000000;0.000000;0.000000;0.000000
0.000000;0.000000;0.000000;0.000000;0.000000;0.000000;0.000000;0.000000
0.000000;0.000000;0.000000;0.000000;0.000000;0.000000;0.000000;0.000000
0.000000;0.000000;0.000000;0.000000;0.000000;0.000000;0.000000;0.000000
