0.000000;-1.000000;15738.000000;0.000000;142300.000000;0.000000;0.000000;0.481734
1.000000;-1.000000;14533.000000;0.000000;126676.000000;0.000000;0.000000;1.127599
2.000000;-1.000000;14638.000000;0.000000;140882.000000;0.000000;0.000000;1.824066
3.000000;-1.000000;15534.000000;0.000000;152327.000000;0.000000;0.000000;2.384407
4.000000;-1.000000;13965.000000;0.000000;114296.000000;0.000000;0.000000;2.928073
5.000000;-1.000000;14668.000000;0.000000;128018.000000;0.000000;0.000000;3.483610
6.000000;-1.000000;13864.000000;0.000000;122504.000000;0.000000;0.000000;4.035701
7.000000;-1.000000;14274.000000;0.000000;113590.000000;0.000000;0.000000;4.593136
8.000000;-1.000000;14945.000000;0.000000;173031.000000;10225.000000;0.000000;5.148057
9.000000;-1.000000;14374.000000;0.000000;126598.000000;0.000000;0.000000;5.702168
10.000000;-1.000000;15224.000000;0.000000;171741.000000;0.000000;0.000000;6.258716
11.000000;-1.000000;14101.000000;0.000000;141869.000000;0.000000;0.000000;6.814022
12.000000;-1.000000;14476.000000;0.000000;117406.000000;0.000000;0.000000;7.381368
13.000000;-1.000000;13486.000000;0.000000;100663.000000;0.000000;0.000000;7.949788
14.000000;-1.000000;12533.000000;0.000000;54710.000000;0.000000;0.000000;8.511078
15.000000;-1.000000;14603.000000;0.000000;87289.000000;0.000000;0.000000;9.065193
16.000000;-1.000000;11480.000000;0.000000;48396.000000;0.000000;0.000000;9.620877
17.000000;-1.000000;12026.000000;0.000000;86873.000000;8955.000000;0.000000;10.175911
18.000000;-1.000000;14809.000000;0.000000;115317.000000;10159.000000;0.000000;10.731529
19.000000;-1.000000;11759.000000;0.000000;37390.000000;0.000000;0.000000;11.289809
20.000000;-1.000000;14814.000000;0.000000;156764.000000;10225.000000;0.000000;11.892046
21.000000;-1.000000;13654.000000;0.000000;103009.000000;10051.000000;0.000000;12.558926
22.000000;-1.000000;13987.000000;0.000000;122829.000000;9781.000000;0.000000;13.157950
23.000000;-1.000000;13652.000000;0.000000;83943.000000;0.000000;0.000000;13.747614
24.000000;-1.000000;13143.000000;0.000000;110179.000000;10225.000000;0.000000;14.336360
25.000000;-1.000000;12437.000000;0.000000;88631.000000;10159.000000;0.000000;14.939758
26.000000;-1.000000;14492.000000;0.000000;130415.000000;0.000000;0.000000;15.540233
27.000000;-1.000000;13417.000000;0.000000;113771.000000;0.000000;0.000000;16.140558
28.000000;-1.000000;12955.000000;0.000000;66999.000000;10225.000000;0.000000;16.742653
29.000000;-1.000000;12876.000000;0.000000;70027.000000;0.000000;0.000000;17.357111
30.000000;-1.000000;14505.000000;0.000000;137635.000000;0.000000;0.000000;17.999216
31.000000;-1.000000;13616.000000;0.000000;109296.000000;10159.000000;0.000000;18.606436
32.000000;-1.000000;13630.000000;0.000000;86478.000000;9781.000000;0.000000;19.208557
33.000000;-1.000000;13158.000000;0.000000;85598.000000;0.000000;0.000000;19.816711
34.000000;-1.000000;13729.000000;0.000000;104142.000000;9718.000000;0.000000;20.419464
35.000000;-1.000000;14158.000000;0.000000;113079.000000;9943.000000;0.000000;21.021124
36.000000;-1.000000;12358.000000;0.000000;48300.000000;0.000000;0.000000;21.627573
37.000000;-1.000000;14829.000000;0.000000;144506.000000;0.000000;0.000000;22.233366
38.000000;-1.000000;12984.000000;0.000000;76351.000000;0.000000;0.000000;22.837088
39.000000;-1.000000;14684.000000;0.000000;104609.000000;0.000000;0.000000;23.441690
40.000000;-1.000000;13013.000000;0.000000;83001.000000;9781.000000;0.000000;24.135294
41.000000;-1.000000;13914.000000;0.000000;77442.000000;0.000000;0.000000;24.921982
42.000000;-1.000000;12727.000000;0.000000;71326.000000;9140.000000;0.000000;25.632956
43.000000;-1.000000;13279.000000;0.000000;85176.000000;9332.000000;0.000000;26.326242
44.000000;-1.000000;16403.000000;0.000000;187783.000000;0.000000;0.000000;27.012053
45.000000;-1.000000;12928.000000;0.000000;57238.000000;0.000000;0.000000;27.735500
46.000000;-1.000000;13801.000000;0.000000;95519.000000;9332.000000;0.000000;28.433674
47.000000;-1.000000;15041.000000;0.000000;141408.000000;0.000000;0.000000;29.128147
48.000000;-1.000000;14808.000000;0.000000;119513.000000;0.000000;0.000000;29.828718
49.000000;-1.000000;14170.000000;0.000000;125364.000000;0.000000;0.000000;30.523287
50.000000;-1.000000;13376.000000;0.000000;105739.000000;10051.000000;0.000000;31.214901
51.000000;-1.000000;13120.000000;0.000000;89771.000000;9245.000000;0.000000;31.907106
52.000000;-1.000000;15933.000000;0.000000;155791.000000;10225.000000;0.000000;32.603489
53.000000;-1.000000;13309.000000;0.000000;63372.000000;10051.000000;0.000000;33.295910
54.000000;-1.000000;14536.000000;0.000000;112293.000000;10225.000000;0.000000;34.085587
55.000000;-1.000000;14477.000000;0.000000;131833.000000;9245.000000;0.000000;34.784111
56.000000;-1.000000;12718.000000;0.000000;80753.000000;10225.000000;0.000000;35.477562
57.000000;-1.000000;14047.000000;0.000000;131097.000000;0.000000;0.000000;36.170525
58.000000;-1.000000;13764.000000;0.000000;130819.000000;9245.000000;0.000000;36.865875
59.000000;-1.000000;13391.000000;0.000000;78240.000000;9853.000000;0.000000;37.607933
60.000000;-1.000000;13028.000000;0.000000;81044.000000;10051.000000;0.000000;38.502029
61.000000;-1.000000;14362.000000;0.000000;89395.000000;9245.000000;0.000000;39.466045
62.000000;-1.000000;12753.000000;0.000000;66344.000000;9781.000000;0.000000;40.331356
63.000000;-1.000000;14562.000000;0.000000;141541.000000;9425.000000;0.000000;41.192417
64.000000;-1.000000;14877.000000;0.000000;101397.000000;10225.000000;0.000000;42.155888
65.000000;-1.000000;13923.000000;0.000000;94493.000000;10051.000000;0.000000;43.030746
66.000000;-1.000000;15045.000000;0.000000;117561.000000;10225.000000;0.000000;43.905060
67.000000;-1.000000;12773.000000;0.000000;45846.000000;10051.000000;0.000000;44.780125
68.000000;-1.000000;13008.000000;0.000000;101212.000000;9245.000000;0.000000;45.645805
69.000000;-1.000000;13511.000000;0.000000;111251.000000;10051.000000;0.000000;46.511475
70.000000;-1.000000;13212.000000;0.000000;81992.000000;9425.000000;0.000000;47.380238
71.000000;-1.000000;12628.000000;0.000000;82317.000000;10051.000000;0.000000;48.273109
72.000000;-1.000000;13150.000000;0.000000;105915.000000;9245.000000;0.000000;49.146255
73.000000;-1.000000;14210.000000;0.000000;107573.000000;10051.000000;0.000000;50.015835
74.000000;-1.000000;14574.000000;0.000000;120899.000000;9781.000000;0.000000;50.888927
75.000000;-1.000000;13095.000000;0.000000;92959.000000;9891.000000;0.000000;51.777573
76.000000;-1.000000;12515.000000;0.000000;74020.000000;10051.000000;0.000000;52.676865
77.000000;-1.000000;13132.000000;0.000000;83925.000000;10051.000000;0.000000;53.558887
78.000000;-1.000000;12968.000000;0.000000;60053.000000;10225.000000;0.000000;54.443264
79.000000;-1.000000;13628.000000;0.000000;92971.000000;9425.000000;0.000000;55.323372
80.000000;-1.000000;13247.000000;0.000000;94151.000000;10051.000000;0.000000;56.553631
81.000000;-1.000000;14979.000000;0.000000;134798.000000;10051.000000;0.000000;57.948654
82.000000;-1.000000;14676.000000;0.000000;113368.000000;10051.000000;0.000000;59.171669
83.000000;-1.000000;13471.000000;0.000000;94317.000000;10051.000000;0.000000;60.397095
84.000000;-1.000000;15992.000000;0.000000;166260.000000;10051.000000;0.000000;61.633900
85.000000;-1.000000;13822.000000;0.000000;77329.000000;10159.000000;0.000000;62.865803
86.000000;-1.000000;13249.000000;0.000000;79845.000000;10051.000000;0.000000;64.188087
87.000000;-1.000000;12236.000000;0.000000;46262.000000;10051.000000;0.000000;65.423477
88.000000;-1.000000;13977.000000;0.000000;103749.000000;10051.000000;0.000000;66.660767
89.000000;-1.000000;13738.000000;0.000000;91668.000000;10051.000000;0.000000;67.921402
90.000000;-1.000000;13652.000000;0.000000;83228.000000;10051.000000;0.000000;69.170975
91.000000;-1.000000;13933.000000;0.000000;79913.000000;10051.000000;0.000000;70.449760
92.000000;-1.000000;15496.000000;0.000000;146594.000000;10051.000000;0.000000;71.702637
93.000000;-1.000000;12702.000000;0.000000;68535.000000;10051.000000;0.000000;72.956184
94.000000;-1.000000;12886.000000;0.000000;51056.000000;10051.000000;0.000000;74.208801
95.000000;-1.000000;15131.000000;0.000000;128817.000000;10051.000000;0.000000;75.460938
96.000000;-1.000000;12268.000000;0.000000;84535.000000;10051.000000;0.000000;76.602486
97.000000;-1.000000;14622.000000;0.000000;105782.000000;10051.000000;0.000000;77.702255
98.000000;-1.000000;13901.000000;0.000000;142314.000000;10051.000000;0.000000;78.823326
99.000000;-1.000000;14088.000000;0.000000;105204.000000;10225.000000;0.000000;79.916847
100.000000;-1.000000;15959.000000;0.000000;175264.000000;10051.000000;0.000000;81.159081
101.000000;-1.000000;14854.000000;0.000000;119022.000000;10225.000000;0.000000;82.704117
102.000000;-1.000000;12515.000000;0.000000;35030.000000;10225.000000;0.000000;84.118279
103.000000;-1.000000;13521.000000;0.000000;100685.000000;10051.000000;0.000000;85.528839
104.000000;-1.000000;13756.000000;0.000000;97526.000000;10051.000000;0.000000;86.950401
105.000000;-1.000000;13170.000000;0.000000;77485.000000;10051.000000;0.000000;88.407509
106.000000;-1.000000;14254.000000;0.000000;96344.000000;10051.000000;0.000000;89.840530
107.000000;-1.000000;13554.000000;0.000000;107994.000000;10159.000000;0.000000;91.270599
108.000000;-1.000000;12434.000000;0.000000;60804.000000;10051.000000;0.000000;92.699753
109.000000;-1.000000;12656.000000;0.000000;59347.000000;10051.000000;0.000000;94.186203
110.000000;-1.000000;14002.000000;0.000000;89276.000000;10051.000000;0.000000;95.653877
111.000000;-1.000000;15686.000000;0.000000;171548.000000;10051.000000;0.000000;97.102234
112.000000;-1.000000;14130.000000;0.000000;120996.000000;10051.000000;0.000000;98.576027
113.000000;-1.000000;13271.000000;0.000000;95551.000000;9943.000000;0.000000;100.010895
114.000000;-1.000000;13552.000000;0.000000;94327.000000;10051.000000;0.000000;101.374542
115.000000;-1.000000;13281.000000;0.000000;100528.000000;10051.000000;0.000000;102.736061
116.000000;-1.000000;14339.000000;0.000000;103126.000000;10051.000000;0.000000;104.011986
117.000000;-1.000000;12201.000000;0.000000;58980.000000;10051.000000;0.000000;105.283485
118.000000;10051.000000;13139.000000;0.000000;101017.000000;10051.000000;1.000000;106.554810
119.000000;10051.000000;11922.000000;0.000000;53376.000000;10051.000000;0.000000;107.819824
120.000000;10051.000000;9159.000000;0.000000;51936.000000;10051.000000;0.000000;109.112427
121.000000;10051.000000;11565.000000;0.000000;29205.000000;10051.000000;0.000000;110.657028
122.000000;10051.000000;10227.000000;0.000000;27439.000000;10051.000000;0.000000;112.059776
123.000000;10051.000000;11370.000000;0.000000;30328.000000;10051.000000;0.000000;113.470345
124.000000;10051.000000;11219.000000;0.000000;21541.000000;10051.000000;0.000000;114.895035
125.000000;10051.000000;9860.000000;0.000000;19236.000000;10051.000000;0.000000;116.323143
126.000000;10051.000000;10800.000000;0.000000;25314.000000;10051.000000;0.000000;117.753067
127.000000;10051.000000;10802.000000;0.000000;18700.000000;10051.000000;0.000000;119.168304
128.000000;10051.000000;10376.000000;0.000000;25728.000000;10051.000000;0.000000;120.556992
129.000000;10051.000000;9848.000000;0.000000;19204.000000;10051.000000;0.000000;121.945732
130.000000;10051.000000;10632.000000;0.000000;21978.000000;10051.000000;0.000000;123.378212
131.000000;10051.000000;11803.000000;0.000000;57777.000000;10051.000000;0.000000;124.819962
132.000000;10051.000000;10736.000000;0.000000;23892.000000;10051.000000;0.000000;126.224739
133.000000;10051.000000;11288.000000;0.000000;21662.000000;10051.000000;0.000000;127.635628
134.000000;10051.000000;10341.000000;0.000000;27214.000000;10051.000000;0.000000;129.050064
135.000000;10051.000000;10930.000000;0.000000;20855.000000;10051.000000;0.000000;130.299988
136.000000;10051.000000;9934.000000;0.000000;46600.000000;10051.000000;0.000000;131.550140
137.000000;10051.000000;10171.000000;0.000000;20384.000000;10051.000000;0.000000;132.796692
138.000000;10051.000000;11467.000000;0.000000;17459.000000;10051.000000;0.000000;134.043121
139.000000;10051.000000;10376.000000;0.000000;18729.000000;10051.000000;0.000000;135.287964
140.000000;10051.000000;10122.000000;0.000000;25827.000000;10051.000000;0.000000;136.538803
141.000000;10051.000000;10570.000000;0.000000;13056.000000;10051.000000;0.000000;138.081192
142.000000;10051.000000;12827.000000;0.000000;102539.000000;10051.000000;0.000000;139.490051
143.000000;10051.000000;10961.000000;0.000000;24977.000000;10051.000000;0.000000;140.875214
144.000000;10051.000000;9853.000000;0.000000;33960.000000;10051.000000;0.000000;142.270584
145.000000;10051.000000;10080.000000;0.000000;16713.000000;10051.000000;0.000000;143.668991
146.000000;10051.000000;9873.000000;0.000000;26928.000000;10051.000000;0.000000;145.056000
147.000000;10051.000000;10483.000000;0.000000;17301.000000;10051.000000;0.000000;146.445160
148.000000;10051.000000;10781.000000;0.000000;14589.000000;10051.000000;0.000000;147.837204
149.000000;10051.000000;11434.000000;0.000000;30140.000000;10051.000000;0.000000;149.271103
150.000000;10051.000000;13560.000000;0.000000;102968.000000;10051.000000;0.000000;150.703293
151.000000;10051.000000;12470.000000;0.000000;52819.000000;10051.000000;0.000000;152.121674
152.000000;10051.000000;10830.000000;0.000000;39332.000000;10051.000000;0.000000;153.595352
153.000000;10051.000000;11809.000000;0.000000;51750.000000;10051.000000;0.000000;155.017380
154.000000;10051.000000;11112.000000;0.000000;31447.000000;10051.000000;0.000000;156.406158
155.000000;10051.000000;9468.000000;0.000000;40645.000000;10051.000000;0.000000;157.675491
156.000000;10051.000000;10112.000000;0.000000;33318.000000;10051.000000;0.000000;158.957626
157.000000;10051.000000;11500.000000;0.000000;33985.000000;10051.000000;0.000000;160.205887
158.000000;10051.000000;10958.000000;0.000000;48261.000000;10051.000000;0.000000;161.458160
159.000000;10051.000000;9517.000000;0.000000;13306.000000;10051.000000;0.000000;162.741943
160.000000;10051.000000;12390.000000;0.000000;57944.000000;10051.000000;0.000000;163.990646
161.000000;10051.000000;8683.000000;0.000000;61730.000000;10051.000000;0.000000;165.571075
162.000000;10051.000000;11241.000000;0.000000;46212.000000;10051.000000;0.000000;166.971252
163.000000;10051.000000;10670.000000;0.000000;20226.000000;10051.000000;0.000000;168.398666
164.000000;10051.000000;12078.000000;0.000000;34292.000000;10051.000000;0.000000;169.822052
165.000000;10051.000000;11285.000000;0.000000;30267.000000;10051.000000;0.000000;171.226028
166.000000;10051.000000;11628.000000;0.000000;36560.000000;10051.000000;0.000000;172.625763
167.000000;10051.000000;9518.000000;0.000000;34653.000000;10051.000000;0.000000;174.033218
168.000000;10051.000000;11389.000000;0.000000;28512.000000;10051.000000;0.000000;175.439529
169.000000;10051.000000;10343.000000;0.000000;15419.000000;10051.000000;0.000000;176.853134
170.000000;10051.000000;11950.000000;0.000000;43299.000000;10051.000000;0.000000;178.294174
171.000000;10051.000000;10181.000000;0.000000;30338.000000;10051.000000;0.000000;179.710999
172.000000;10051.000000;11455.000000;0.000000;21337.000000;10051.000000;0.000000;181.102631
173.000000;10051.000000;10987.000000;0.000000;29458.000000;10051.000000;0.000000;182.497360
174.000000;10051.000000;11668.000000;0.000000;36847.000000;10051.000000;0.000000;183.856628
175.000000;10051.000000;11896.000000;0.000000;39400.000000;10051.000000;0.000000;185.091415
176.000000;10051.000000;10871.000000;0.000000;14149.000000;10051.000000;0.000000;186.325333
177.000000;10051.000000;9730.000000;0.000000;54395.000000;10051.000000;0.000000;187.564209
178.000000;10051.000000;12595.000000;0.000000;81605.000000;10051.000000;0.000000;188.832413
179.000000;10051.000000;12933.000000;0.000000;89730.000000;10051.000000;0.000000;190.068359
180.000000;10051.000000;10291.000000;0.000000;26772.000000;10051.000000;0.000000;191.297684
181.000000;10051.000000;10181.000000;0.000000;16926.000000;10051.000000;0.000000;192.788376
182.000000;10051.000000;12355.000000;0.000000;52047.000000;10051.000000;0.000000;194.151230
183.000000;10051.000000;12601.000000;0.000000;71838.000000;10051.000000;0.000000;195.514603
184.000000;10051.000000;11387.000000;0.000000;37015.000000;10051.000000;0.000000;196.890320
185.000000;10051.000000;10142.000000;0.000000;42835.000000;10051.000000;0.000000;198.271515
186.000000;10051.000000;10626.000000;0.000000;28560.000000;10051.000000;0.000000;199.667618
187.000000;10051.000000;10392.000000;0.000000;19255.000000;10051.000000;0.000000;201.046890
188.000000;10051.000000;10219.000000;0.000000;14987.000000;10051.000000;0.000000;202.427368
189.000000;10051.000000;10010.000000;0.000000;16812.000000;10051.000000;0.000000;203.817413
190.000000;10051.000000;10437.000000;0.000000;22402.000000;10051.000000;0.000000;205.206635
191.000000;10051.000000;10023.000000;0.000000;27860.000000;10051.000000;0.000000;206.598450
192.000000;10051.000000;9734.000000;0.000000;24771.000000;10051.000000;0.000000;207.993073
193.000000;10051.000000;10410.000000;0.000000;22890.000000;10051.000000;0.000000;209.460495
194.000000;10051.000000;10122.000000;0.000000;17087.000000;10051.000000;0.000000;210.865158
195.000000;10051.000000;13535.000000;0.000000;105074.000000;10051.000000;0.000000;212.273071
196.000000;10051.000000;12169.000000;0.000000;54018.000000;10051.000000;0.000000;213.687057
197.000000;10051.000000;10361.000000;0.000000;24399.000000;10051.000000;0.000000;214.986694
198.000000;10051.000000;11586.000000;0.000000;39437.000000;10051.000000;0.000000;216.228806
199.000000;10051.000000;9986.000000;0.000000;16874.000000;10051.000000;0.000000;217.472107
200.000000;10051.000000;10406.000000;0.000000;27137.000000;10051.000000;0.000000;218.712189
201.000000;10051.000000;11087.000000;0.000000;14991.000000;10051.000000;0.000000;220.245453
202.000000;10051.000000;10356.000000;0.000000;18449.000000;10051.000000;0.000000;221.625717
203.000000;10051.000000;11484.000000;0.000000;35563.000000;10051.000000;0.000000;223.031631
204.000000;10051.000000;9050.000000;0.000000;35832.000000;10051.000000;0.000000;224.472198
205.000000;10051.000000;11600.000000;0.000000;27305.000000;10051.000000;0.000000;225.868927
206.000000;10051.000000;9924.000000;0.000000;27439.000000;10051.000000;0.000000;227.260864
207.000000;10051.000000;11205.000000;0.000000;44766.000000;10051.000000;0.000000;228.652588
208.000000;10051.000000;9425.000000;0.000000;43085.000000;10051.000000;0.000000;230.061447
209.000000;10051.000000;10555.000000;0.000000;19403.000000;10051.000000;0.000000;231.450333
210.000000;10051.000000;12039.000000;0.000000;52711.000000;10051.000000;0.000000;232.874893
211.000000;10051.000000;11231.000000;0.000000;28531.000000;10051.000000;0.000000;234.288864
212.000000;10051.000000;10235.000000;0.000000;36066.000000;10051.000000;0.000000;235.693085
213.000000;10051.000000;12798.000000;0.000000;94008.000000;10051.000000;0.000000;237.099625
214.000000;10051.000000;11242.000000;0.000000;23728.000000;10051.000000;0.000000;238.500793
215.000000;10051.000000;10321.000000;0.000000;18876.000000;10051.000000;0.000000;239.796982
216.000000;10051.000000;13096.000000;0.000000;68283.000000;10051.000000;0.000000;241.055634
217.000000;10051.000000;11353.000000;0.000000;29164.000000;10051.000000;0.000000;242.317078
218.000000;10051.000000;11959.000000;0.000000;24945.000000;10051.000000;0.000000;243.577866
219.000000;10051.000000;10262.000000;0.000000;33469.000000;10051.000000;0.000000;244.837967
220.000000;10051.000000;11262.000000;0.000000;49232.000000;10051.000000;0.000000;246.089569
221.000000;10051.000000;9999.000000;0.000000;20778.000000;10051.000000;0.000000;247.616302
222.000000;10051.000000;11686.000000;0.000000;55997.000000;10051.000000;0.000000;249.353500
223.000000;10051.000000;10712.000000;0.000000;23502.000000;10051.000000;0.000000;250.810837
224.000000;10051.000000;11264.000000;0.000000;45091.000000;10051.000000;0.000000;252.228409
225.000000;10051.000000;11589.000000;0.000000;20529.000000;10051.000000;0.000000;253.638046
226.000000;10051.000000;11666.000000;0.000000;41247.000000;10051.000000;0.000000;255.044464
227.000000;10051.000000;11198.000000;0.000000;42205.000000;10051.000000;0.000000;256.452423
228.000000;10051.000000;8879.000000;0.000000;28801.000000;10051.000000;0.000000;257.862091
229.000000;10051.000000;10623.000000;0.000000;22966.000000;10051.000000;0.000000;259.300140
230.000000;10051.000000;10477.000000;0.000000;32394.000000;10051.000000;0.000000;260.750061
231.000000;10051.000000;14179.000000;0.000000;135958.000000;10051.000000;0.000000;262.172974
232.000000;10051.000000;12484.000000;0.000000;84103.000000;10051.000000;0.000000;263.594269
233.000000;10051.000000;10783.000000;0.000000;17822.000000;10051.000000;0.000000;265.015045
234.000000;10051.000000;11017.000000;0.000000;22583.000000;10051.000000;0.000000;266.335754
235.000000;10051.000000;10024.000000;0.000000;15888.000000;10051.000000;0.000000;267.587067
236.000000;10051.000000;12063.000000;0.000000;47264.000000;10051.000000;0.000000;268.819977
237.000000;10051.000000;11596.000000;0.000000;56953.000000;10051.000000;0.000000;270.077118
238.000000;10051.000000;10006.000000;0.000000;22238.000000;10051.000000;0.000000;271.307831
239.000000;10051.000000;10384.000000;0.000000;22045.000000;10051.000000;0.000000;272.536560
240.000000;10051.000000;11317.000000;0.000000;25335.000000;10051.000000;0.000000;273.767456
241.000000;10051.000000;11563.000000;0.000000;27613.000000;10051.000000;0.000000;275.262299
242.000000;10051.000000;11466.000000;0.000000;19891.000000;10051.000000;0.000000;276.631104
243.000000;10051.000000;10460.000000;0.000000;13177.000000;10051.000000;0.000000;278.004272
244.000000;10051.000000;10449.000000;0.000000;15788.000000;10051.000000;0.000000;279.411072
245.000000;10051.000000;9870.000000;0.000000;25784.000000;10051.000000;0.000000;280.793030
246.000000;10051.000000;11151.000000;0.000000;20109.000000;10051.000000;0.000000;282.276855
247.000000;10051.000000;9959.000000;0.000000;45619.000000;10051.000000;0.000000;283.657654
248.000000;10051.000000;9752.000000;0.000000;30557.000000;10051.000000;0.000000;285.037720
249.000000;10051.000000;11248.000000;0.000000;26461.000000;10051.000000;0.000000;286.423279
250.000000;10051.000000;10262.000000;0.000000;28543.000000;10051.000000;0.000000;287.835846
251.000000;10051.000000;10658.000000;0.000000;12623.000000;10051.000000;0.000000;289.306061
252.000000;10051.000000;13233.000000;0.000000;62626.000000;10051.000000;0.000000;291.062286
253.000000;10051.000000;11101.000000;0.000000;29451.000000;10051.000000;0.000000;292.495819
254.000000;10051.000000;10185.000000;0.000000;17439.000000;10051.000000;0.000000;293.908722
255.000000;10051.000000;12699.000000;0.000000;63835.000000;10051.000000;0.000000;295.296509
256.000000;10051.000000;11031.000000;0.000000;38008.000000;10051.000000;0.000000;296.675934
257.000000;10051.000000;11576.000000;0.000000;51359.000000;10051.000000;0.000000;298.053345
258.000000;10051.000000;10134.000000;0.000000;10237.000000;10051.000000;0.000000;299.463257
259.000000;10051.000000;11550.000000;0.000000;62189.000000;10051.000000;0.000000;300.869171
260.000000;10051.000000;10328.000000;0.000000;16885.000000;10051.000000;0.000000;302.305969
261.000000;10051.000000;11265.000000;0.000000;33536.000000;10051.000000;0.000000;303.783966
262.000000;10051.000000;10448.000000;0.000000;28242.000000;10051.000000;0.000000;305.177856
263.000000;10051.000000;11097.000000;0.000000;43740.000000;10051.000000;0.000000;306.575439
264.000000;10051.000000;10279.000000;0.000000;30608.000000;10051.000000;0.000000;308.002502
265.000000;10051.000000;12588.000000;0.000000;58532.000000;10051.000000;0.000000;309.413513
266.000000;10051.000000;11065.000000;0.000000;47645.000000;10051.000000;0.000000;310.816193
267.000000;10051.000000;11463.000000;0.000000;28453.000000;10051.000000;0.000000;312.203949
268.000000;10051.000000;11204.000000;0.000000;18003.000000;10051.000000;0.000000;313.594482
269.000000;10051.000000;10910.000000;0.000000;20943.000000;10051.000000;0.000000;314.982239
270.000000;10051.000000;10921.000000;0.000000;30243.000000;10051.000000;0.000000;316.409943
271.000000;10051.000000;10279.000000;0.000000;17878.000000;10051.000000;0.000000;317.837585
272.000000;10051.000000;12893.000000;0.000000;79093.000000;10051.000000;0.000000;319.239990
273.000000;10051.000000;9871.000000;0.000000;19232.000000;10051.000000;0.000000;320.665100
274.000000;10051.000000;11349.000000;0.000000;26055.000000;10051.000000;0.000000;321.991150
275.000000;10051.000000;11115.000000;0.000000;28278.000000;10051.000000;0.000000;323.229919
276.000000;10051.000000;9890.000000;0.000000;21809.000000;10051.000000;0.000000;324.476227
277.000000;10051.000000;10181.000000;0.000000;16226.000000;10051.000000;0.000000;325.716644
278.000000;10051.000000;10902.000000;0.000000;20605.000000;10051.000000;0.000000;326.954041
279.000000;10051.000000;11273.000000;0.000000;31075.000000;10051.000000;0.000000;328.189484
280.000000;10051.000000;10856.000000;0.000000;28067.000000;10051.000000;0.000000;329.411224
281.000000;10051.000000;10869.000000;0.000000;20967.000000;10051.000000;0.000000;330.920685
282.000000;10051.000000;10504.000000;0.000000;15685.000000;10051.000000;0.000000;332.272827
283.000000;10051.000000;10393.000000;0.000000;27644.000000;10051.000000;0.000000;333.720093
284.000000;10051.000000;9681.000000;0.000000;34653.000000;10051.000000;0.000000;335.103210
285.000000;10051.000000;10724.000000;0.000000;19565.000000;10051.000000;0.000000;336.474213
286.000000;10051.000000;10368.000000;0.000000;20749.000000;10051.000000;0.000000;337.846466
287.000000;10051.000000;9210.000000;0.000000;51087.000000;10051.000000;0.000000;339.212250
288.000000;10051.000000;11261.000000;0.000000;27333.000000;10051.000000;0.000000;340.595001
289.000000;10051.000000;10054.000000;0.000000;24194.000000;10051.000000;0.000000;341.982330
290.000000;10051.000000;11830.000000;0.000000;30453.000000;10051.000000;0.000000;343.386963
291.000000;10051.000000;9487.000000;0.000000;33808.000000;10051.000000;0.000000;344.773529
292.000000;10051.000000;11694.000000;0.000000;48498.000000;10051.000000;0.000000;346.154449
293.000000;10051.000000;10352.000000;0.000000;24142.000000;10051.000000;0.000000;347.536133
294.000000;10051.000000;11381.000000;0.000000;37036.000000;10051.000000;0.000000;348.912964
295.000000;10051.000000;10529.000000;0.000000;37432.000000;10051.000000;0.000000;350.182343
296.000000;10051.000000;11687.000000;0.000000;65306.000000;10051.000000;0.000000;351.410889
297.000000;10051.000000;10672.000000;0.000000;17317.000000;10051.000000;0.000000;352.636261
298.000000;10051.000000;11546.000000;0.000000;27764.000000;10051.000000;0.000000;353.928436
299.000000;10051.000000;10646.000000;0.000000;15985.000000;10051.000000;0.000000;355.147278
300.000000;10051.000000;10653.000000;0.000000;21317.000000;10051.000000;0.000000;356.363220
301.000000;10051.000000;11233.000000;0.000000;21248.000000;10051.000000;0.000000;357.834045
302.000000;10051.000000;11045.000000;0.000000;19993.000000;10051.000000;0.000000;359.202179
303.000000;10051.000000;11305.000000;0.000000;17781.000000;10051.000000;0.000000;360.604065
304.000000;10051.000000;10581.000000;0.000000;22071.000000;10051.000000;0.000000;361.985291
305.000000;10051.000000;10680.000000;0.000000;16005.000000;10051.000000;0.000000;363.365540
306.000000;10051.000000;10361.000000;0.000000;22052.000000;10051.000000;0.000000;364.744659
307.000000;10051.000000;11563.000000;0.000000;21515.000000;10051.000000;0.000000;366.124756
308.000000;10051.000000;9874.000000;0.000000;20572.000000;10051.000000;0.000000;367.507111
309.000000;10051.000000;10616.000000;0.000000;11822.000000;10051.000000;0.000000;368.892548
310.000000;10051.000000;11177.000000;0.000000;35057.000000;10051.000000;0.000000;370.337006
311.000000;10051.000000;12248.000000;0.000000;54799.000000;10051.000000;0.000000;371.735229
312.000000;10051.000000;10626.000000;0.000000;52143.000000;10051.000000;0.000000;373.125549
313.000000;10051.000000;12637.000000;0.000000;67364.000000;10051.000000;0.000000;374.517944
314.000000;10051.000000;10724.000000;0.000000;31544.000000;10051.000000;0.000000;375.906342
315.000000;10051.000000;11459.000000;0.000000;32994.000000;10051.000000;0.000000;377.153687
316.000000;10051.000000;12023.000000;0.000000;66325.000000;10051.000000;0.000000;378.378784
317.000000;10051.000000;11537.000000;0.000000;51619.000000;10051.000000;0.000000;379.609131
318.000000;10051.000000;10258.000000;0.000000;18027.000000;10051.000000;0.000000;380.862579
319.000000;10051.000000;10630.000000;0.000000;42419.000000;10051.000000;0.000000;382.132874
320.000000;10051.000000;10511.000000;0.000000;25767.000000;10051.000000;0.000000;383.381683
321.000000;10051.000000;11504.000000;0.000000;40537.000000;10051.000000;0.000000;384.876984
322.000000;10051.000000;10777.000000;0.000000;32032.000000;10051.000000;0.000000;386.259796
323.000000;10051.000000;10163.000000;0.000000;15488.000000;10051.000000;0.000000;387.641174
324.000000;10051.000000;12159.000000;0.000000;35938.000000;10051.000000;0.000000;389.046906
325.000000;10051.000000;11128.000000;0.000000;72545.000000;10051.000000;0.000000;390.477936
326.000000;10051.000000;10191.000000;0.000000;20148.000000;10051.000000;0.000000;391.875336
327.000000;10051.000000;11069.000000;0.000000;17855.000000;10051.000000;0.000000;393.263458
328.000000;10051.000000;10605.000000;0.000000;19976.000000;10051.000000;0.000000;394.657257
329.000000;10051.000000;10659.000000;0.000000;18202.000000;10051.000000;0.000000;396.063873
330.000000;10051.000000;11196.000000;0.000000;35515.000000;10051.000000;0.000000;397.482300
331.000000;10051.000000;11803.000000;0.000000;25565.000000;10051.000000;0.000000;398.883392
332.000000;10051.000000;13684.000000;0.000000;108019.000000;10051.000000;0.000000;400.302734
333.000000;10051.000000;10885.000000;0.000000;24913.000000;10051.000000;0.000000;401.728149
334.000000;10051.000000;11128.000000;0.000000;15768.000000;10051.000000;0.000000;403.186188
335.000000;10051.000000;11997.000000;0.000000;24448.000000;10051.000000;0.000000;404.595947
336.000000;10051.000000;12492.000000;0.000000;60590.000000;10051.000000;0.000000;406.005402
337.000000;10051.000000;10499.000000;0.000000;14626.000000;10051.000000;0.000000;407.371674
338.000000;10051.000000;11052.000000;0.000000;16207.000000;10051.000000;0.000000;408.609070
339.000000;10051.000000;11331.000000;0.000000;31940.000000;10051.000000;0.000000;409.843628
340.000000;10051.000000;11129.000000;0.000000;16375.000000;10051.000000;0.000000;411.099792
341.000000;10051.000000;10990.000000;0.000000;29291.000000;10051.000000;0.000000;412.602661
342.000000;10051.000000;10344.000000;0.000000;23215.000000;10051.000000;0.000000;413.978027
343.000000;10051.000000;10833.000000;0.000000;27206.000000;10051.000000;0.000000;415.352783
344.000000;10051.000000;11761.000000;0.000000;36255.000000;10051.000000;0.000000;416.740570
345.000000;10051.000000;10367.000000;0.000000;36362.000000;10051.000000;0.000000;418.134155
346.000000;10051.000000;11084.000000;0.000000;15836.000000;10051.000000;0.000000;419.540710
347.000000;10051.000000;14615.000000;0.000000;116188.000000;10051.000000;0.000000;420.975861
348.000000;10051.000000;11113.000000;0.000000;38314.000000;10051.000000;0.000000;422.378662
349.000000;10051.000000;10367.000000;0.000000;20973.000000;10051.000000;0.000000;423.784027
350.000000;10051.000000;12838.000000;0.000000;62286.000000;10051.000000;0.000000;425.222931
351.000000;10051.000000;10137.000000;0.000000;30110.000000;10051.000000;0.000000;426.642517
352.000000;10051.000000;9966.000000;0.000000;23497.000000;10051.000000;0.000000;428.073639
353.000000;10051.000000;10108.000000;0.000000;21653.000000;10051.000000;0.000000;429.593872
354.000000;10051.000000;11892.000000;0.000000;28385.000000;10051.000000;0.000000;431.004913
355.000000;10051.000000;11556.000000;0.000000;36150.000000;10051.000000;0.000000;432.250275
356.000000;10051.000000;10920.000000;0.000000;38547.000000;10051.000000;0.000000;433.500061
357.000000;10051.000000;10803.000000;0.000000;26180.000000;10051.000000;0.000000;434.746216
358.000000;10051.000000;10288.000000;0.000000;22404.000000;10051.000000;0.000000;436.171112
359.000000;10051.000000;11766.000000;0.000000;17158.000000;10051.000000;0.000000;437.768402
360.000000;10051.000000;10540.000000;0.000000;22877.000000;10051.000000;0.000000;439.015320
361.000000;10051.000000;10113.000000;0.000000;28660.000000;10051.000000;0.000000;440.555634
362.000000;10051.000000;11137.000000;0.000000;27469.000000;10051.000000;0.000000;441.943298
363.000000;10051.000000;10003.000000;0.000000;21186.000000;10051.000000;0.000000;443.335358
364.000000;10051.000000;10514.000000;0.000000;32099.000000;10051.000000;0.000000;444.740265
365.000000;10051.000000;11506.000000;0.000000;34006.000000;10051.000000;0.000000;446.141266
366.000000;10051.000000;10108.000000;0.000000;18858.000000;10051.000000;0.000000;447.544434
367.000000;10051.000000;11661.000000;0.000000;22230.000000;10051.000000;0.000000;448.960297
368.000000;10051.000000;10987.000000;0.000000;43781.000000;10051.000000;0.000000;450.395386
369.000000;10051.000000;11589.000000;0.000000;34307.000000;10051.000000;0.000000;451.815063
370.000000;10051.000000;11347.000000;0.000000;30913.000000;10051.000000;0.000000;453.264771
371.000000;10051.000000;11182.000000;0.000000;26250.000000;10051.000000;0.000000;454.695221
372.000000;10051.000000;11229.000000;0.000000;21141.000000;10051.000000;0.000000;456.126740
373.000000;10051.000000;10461.000000;0.000000;27501.000000;10051.000000;0.000000;457.560669
374.000000;10051.000000;11789.000000;0.000000;25615.000000;10051.000000;0.000000;458.955109
375.000000;10051.000000;9693.000000;0.000000;42629.000000;10051.000000;0.000000;460.215729
376.000000;10051.000000;10903.000000;0.000000;24125.000000;10051.000000;0.000000;461.500641
377.000000;10051.000000;10791.000000;0.000000;24760.000000;10051.000000;0.000000;462.844391
378.000000;10051.000000;11905.000000;0.000000;23380.000000;10051.000000;0.000000;464.101166
379.000000;10051.000000;9683.000000;0.000000;18611.000000;10051.000000;0.000000;465.441406
380.000000;10051.000000;10614.000000;0.000000;17554.000000;10051.000000;0.000000;466.709229
381.000000;10051.000000;11455.000000;0.000000;43674.000000;10051.000000;0.000000;468.285889
382.000000;10051.000000;10219.000000;0.000000;16356.000000;10051.000000;0.000000;469.687042
383.000000;10051.000000;9980.000000;0.000000;34595.000000;10051.000000;0.000000;471.119202
384.000000;10051.000000;9801.000000;0.000000;23341.000000;10051.000000;0.000000;472.542816
385.000000;10051.000000;10295.000000;0.000000;28188.000000;10051.000000;0.000000;473.972900
386.000000;10051.000000;12812.000000;0.000000;64506.000000;10051.000000;0.000000;475.387665
387.000000;10051.000000;12527.000000;0.000000;27094.000000;10051.000000;0.000000;476.801239
388.000000;10051.000000;10275.000000;0.000000;15925.000000;10051.000000;0.000000;478.207977
389.000000;10051.000000;11007.000000;0.000000;27912.000000;10051.000000;0.000000;479.595673
390.000000;10051.000000;9823.000000;0.000000;14471.000000;10051.000000;0.000000;481.046082
391.000000;10051.000000;12035.000000;0.000000;54065.000000;10051.000000;0.000000;482.454071
392.000000;10051.000000;11089.000000;0.000000;20835.000000;10051.000000;0.000000;483.912170
393.000000;10051.000000;10689.000000;0.000000;20292.000000;10051.000000;0.000000;485.327148
394.000000;10051.000000;10276.000000;0.000000;11759.000000;10051.000000;0.000000;486.676544
395.000000;10051.000000;10755.000000;0.000000;35206.000000;10051.000000;0.000000;487.925110
396.000000;10051.000000;10278.000000;0.000000;24380.000000;10051.000000;0.000000;489.166199
397.000000;10051.000000;11312.000000;0.000000;33477.000000;10051.000000;0.000000;490.410645
398.000000;10051.000000;11782.000000;0.000000;47843.000000;10051.000000;0.000000;491.672943
399.000000;10051.000000;12217.000000;0.000000;39164.000000;10051.000000;0.000000;492.909424
400.000000;10051.000000;10629.000000;0.000000;12257.000000;10051.000000;0.000000;494.147400
401.000000;10051.000000;10305.000000;0.000000;15542.000000;10051.000000;0.000000;495.648132
402.000000;10051.000000;10482.000000;0.000000;24903.000000;10051.000000;0.000000;497.023254
403.000000;10051.000000;10251.000000;0.000000;35833.000000;10051.000000;0.000000;498.402313
404.000000;10051.000000;10072.000000;0.000000;15929.000000;10051.000000;0.000000;499.799133
405.000000;10051.000000;11915.000000;0.000000;42339.000000;10051.000000;0.000000;501.269836
406.000000;10051.000000;11063.000000;0.000000;33472.000000;10051.000000;0.000000;502.667053
407.000000;10051.000000;10489.000000;0.000000;21801.000000;10051.000000;0.000000;504.056946
408.000000;10051.000000;11507.000000;0.000000;26800.000000;10051.000000;0.000000;505.450195
409.000000;10051.000000;10987.000000;0.000000;24265.000000;10051.000000;0.000000;506.841492
410.000000;10051.000000;11937.000000;0.000000;31694.000000;10051.000000;0.000000;508.265594
411.000000;10051.000000;9980.000000;0.000000;15749.000000;10051.000000;0.000000;509.647278
412.000000;10051.000000;10842.000000;0.000000;12221.000000;10051.000000;0.000000;511.054321
413.000000;10051.000000;10211.000000;0.000000;32524.000000;10051.000000;0.000000;512.437561
414.000000;10051.000000;11844.000000;0.000000;73852.000000;10051.000000;0.000000;513.825134
415.000000;10051.000000;10485.000000;0.000000;19793.000000;10051.000000;0.000000;515.054382
416.000000;10051.000000;11280.000000;0.000000;22394.000000;10051.000000;0.000000;516.386719
417.000000;10051.000000;12138.000000;0.000000;59728.000000;10051.000000;0.000000;517.702454
418.000000;10051.000000;10621.000000;0.000000;22919.000000;10051.000000;0.000000;518.917969
419.000000;10051.000000;11671.000000;0.000000;14335.000000;10051.000000;0.000000;520.138855
420.000000;10051.000000;10998.000000;0.000000;23795.000000;10051.000000;0.000000;521.396729
421.000000;10051.000000;10320.000000;0.000000;20478.000000;10051.000000;0.000000;522.903809
422.000000;10051.000000;12338.000000;0.000000;57103.000000;10051.000000;0.000000;524.259216
423.000000;10051.000000;10990.000000;0.000000;25962.000000;10051.000000;0.000000;525.664368
424.000000;10051.000000;11987.000000;0.000000;38408.000000;10051.000000;0.000000;527.032104
425.000000;10051.000000;10189.000000;0.000000;17242.000000;10051.000000;0.000000;528.403870
426.000000;10051.000000;11593.000000;0.000000;31242.000000;10051.000000;0.000000;529.918091
427.000000;10051.000000;10251.000000;0.000000;19028.000000;10051.000000;0.000000;531.364319
428.000000;10051.000000;10429.000000;0.000000;20901.000000;10051.000000;0.000000;532.742798
429.000000;10051.000000;11611.000000;0.000000;53091.000000;10051.000000;0.000000;534.116150
430.000000;10051.000000;11708.000000;0.000000;29489.000000;10051.000000;0.000000;535.527832
431.000000;10051.000000;9689.000000;0.000000;18346.000000;10051.000000;0.000000;536.921448
432.000000;10051.000000;12108.000000;0.000000;51984.000000;10051.000000;0.000000;538.318665
433.000000;10051.000000;10974.000000;0.000000;40984.000000;10051.000000;0.000000;539.720947
434.000000;10051.000000;10907.000000;0.000000;22554.000000;10051.000000;0.000000;541.134216
435.000000;10051.000000;9553.000000;0.000000;26669.000000;10051.000000;0.000000;542.374512
436.000000;10051.000000;10976.000000;0.000000;21472.000000;10051.000000;0.000000;543.603699
437.000000;10051.000000;10064.000000;0.000000;14823.000000;10051.000000;0.000000;544.834412
438.000000;10051.000000;12350.000000;0.000000;57212.000000;10051.000000;0.000000;546.064331
439.000000;10051.000000;9839.000000;0.000000;19414.000000;10051.000000;0.000000;547.302002
440.000000;10051.000000;12280.000000;0.000000;56797.000000;10051.000000;0.000000;548.542969
441.000000;10051.000000;10275.000000;0.000000;26951.000000;10051.000000;0.000000;550.032776
442.000000;10051.000000;12586.000000;0.000000;63604.000000;10051.000000;0.000000;551.442993
443.000000;10051.000000;10602.000000;0.000000;26954.000000;10051.000000;0.000000;552.814514
444.000000;10051.000000;11297.000000;0.000000;83475.000000;10051.000000;0.000000;554.200623
445.000000;10051.000000;10474.000000;0.000000;26218.000000;10051.000000;0.000000;555.588989
446.000000;10051.000000;10480.000000;0.000000;23399.000000;10051.000000;0.000000;556.972473
447.000000;10051.000000;12187.000000;0.000000;42004.000000;10051.000000;0.000000;558.355225
448.000000;10051.000000;12290.000000;0.000000;58751.000000;10051.000000;0.000000;559.734619
449.000000;10051.000000;10449.000000;0.000000;21308.000000;10051.000000;0.000000;561.147400
450.000000;10051.000000;10705.000000;0.000000;29310.000000;10051.000000;0.000000;562.552612
451.000000;10051.000000;10926.000000;0.000000;17134.000000;10051.000000;0.000000;563.979248
452.000000;10051.000000;11576.000000;0.000000;36649.000000;10051.000000;0.000000;565.370178
453.000000;10051.000000;11496.000000;0.000000;20637.000000;10051.000000;0.000000;566.768433
454.000000;10051.000000;10692.000000;0.000000;22641.000000;10051.000000;0.000000;568.188660
455.000000;10051.000000;10974.000000;0.000000;20854.000000;10051.000000;0.000000;569.450256
456.000000;10051.000000;10979.000000;0.000000;53063.000000;10051.000000;0.000000;570.689453
457.000000;10051.000000;11963.000000;0.000000;29586.000000;10051.000000;0.000000;571.961060
458.000000;10051.000000;11531.000000;0.000000;62785.000000;10051.000000;0.000000;573.198364
459.000000;10051.000000;13143.000000;0.000000;72605.000000;10051.000000;0.000000;574.439575
460.000000;10051.000000;10334.000000;0.000000;16865.000000;10051.000000;0.000000;575.680481
461.000000;10051.000000;9935.000000;0.000000;17032.000000;10051.000000;0.000000;577.195068
462.000000;10051.000000;13218.000000;0.000000;100548.000000;10051.000000;0.000000;578.581360
463.000000;10051.000000;9700.000000;0.000000;16394.000000;10051.000000;0.000000;579.961609
464.000000;10051.000000;10607.000000;0.000000;15111.000000;10051.000000;0.000000;581.388733
465.000000;10051.000000;11828.000000;0.000000;35767.000000;10051.000000;0.000000;582.882446
466.000000;10051.000000;11294.000000;0.000000;56454.000000;10051.000000;0.000000;584.279968
467.000000;10051.000000;11919.000000;0.000000;46008.000000;10051.000000;0.000000;585.666809
468.000000;10051.000000;10441.000000;0.000000;21958.000000;10051.000000;0.000000;587.061768
469.000000;10051.000000;10828.000000;0.000000;24886.000000;10051.000000;0.000000;588.452942
470.000000;10051.000000;10730.000000;0.000000;23975.000000;10051.000000;0.000000;589.836548
471.000000;10051.000000;10581.000000;0.000000;21027.000000;10051.000000;0.000000;591.261414
472.000000;10051.000000;11624.000000;0.000000;58250.000000;10051.000000;0.000000;592.657593
473.000000;10051.000000;9667.000000;0.000000;20663.000000;10051.000000;0.000000;594.104370
474.000000;10051.000000;13029.000000;0.000000;92586.000000;10051.000000;0.000000;595.524109
475.000000;10051.000000;10023.000000;0.000000;23274.000000;10051.000000;0.000000;596.938232
476.000000;10051.000000;11523.000000;0.000000;18678.000000;10051.000000;0.000000;598.348938
477.000000;10051.000000;12232.000000;0.000000;52047.000000;10051.000000;0.000000;599.703430
478.000000;10051.000000;11700.000000;0.000000;34376.000000;10051.000000;0.000000;600.967102
479.000000;10051.000000;10055.000000;0.000000;34305.000000;10051.000000;0.000000;602.249207
480.000000;10051.000000;10798.000000;0.000000;12784.000000;10051.000000;0.000000;603.562866
481.000000;10051.000000;9245.000000;0.000000;38279.000000;10051.000000;0.000000;605.100342
482.000000;10051.000000;11219.000000;0.000000;59747.000000;10051.000000;0.000000;606.487122
483.000000;10051.000000;10198.000000;0.000000;29523.000000;10051.000000;0.000000;607.885803
484.000000;10051.000000;11058.000000;0.000000;24446.000000;10051.000000;0.000000;609.294006
485.000000;10051.000000;11592.000000;0.000000;32172.000000;10051.000000;0.000000;610.704224
486.000000;10051.000000;11039.000000;0.000000;25163.000000;10051.000000;0.000000;612.137390
487.000000;10051.000000;10297.000000;0.000000;37688.000000;10051.000000;0.000000;613.539246
488.000000;10051.000000;10505.000000;0.000000;15282.000000;10051.000000;0.000000;614.943237
489.000000;10051.000000;9584.000000;0.000000;19772.000000;10051.000000;0.000000;616.361572
490.000000;10051.000000;11115.000000;0.000000;16138.000000;10051.000000;0.000000;617.817017
491.000000;10051.000000;10687.000000;0.000000;33583.000000;10051.000000;0.000000;619.239990
492.000000;10051.000000;12319.000000;0.000000;28565.000000;10051.000000;0.000000;620.658752
493.000000;10051.000000;11454.000000;0.000000;44174.000000;10051.000000;0.000000;622.111450
494.000000;10051.000000;10854.000000;0.000000;21829.000000;10051.000000;0.000000;623.479858
495.000000;10051.000000;10667.000000;0.000000;15684.000000;10051.000000;0.000000;624.737732
496.000000;10051.000000;9705.000000;0.000000;29289.000000;10051.000000;0.000000;625.996094
497.000000;10051.000000;13446.000000;0.000000;111123.000000;10051.000000;0.000000;627.264709
498.000000;10051.000000;10104.000000;0.000000;25846.000000;10051.000000;0.000000;628.532104
499.000000;10051.000000;10316.000000;0.000000;17368.000000;10051.000000;0.000000;629.807800
500.000000;10051.000000;10738.000000;0.000000;32867.000000;10051.000000;0.000000;631.076599
501.000000;10051.000000;11551.000000;0.000000;24131.000000;10051.000000;0.000000;632.645081
502.000000;10051.000000;10161.000000;0.000000;31977.000000;10051.000000;0.000000;634.251221
503.000000;10051.000000;11684.000000;0.000000;25432.000000;10051.000000;0.000000;635.695007
504.000000;10051.000000;9937.000000;0.000000;40689.000000;10051.000000;0.000000;637.122437
505.000000;10051.000000;10718.000000;0.000000;33043.000000;10051.000000;0.000000;638.549316
506.000000;10051.000000;11866.000000;0.000000;43343.000000;10051.000000;0.000000;639.965515
507.000000;10051.000000;10798.000000;0.000000;24807.000000;10051.000000;0.000000;641.551208
508.000000;10051.000000;11404.000000;0.000000;41188.000000;10051.000000;0.000000;643.023499
509.000000;10051.000000;10000.000000;0.000000;23878.000000;10051.000000;0.000000;644.450928
510.000000;10051.000000;12599.000000;0.000000;86043.000000;10051.000000;0.000000;645.915283
511.000000;10051.000000;9689.000000;0.000000;23009.000000;10051.000000;0.000000;647.501648
512.000000;10051.000000;11094.000000;0.000000;19547.000000;10051.000000;0.000000;649.011047
513.000000;10051.000000;12319.000000;0.000000;65439.000000;10051.000000;0.000000;650.452637
514.000000;10051.000000;10205.000000;0.000000;13762.000000;10051.000000;0.000000;651.773193
515.000000;10051.000000;10170.000000;0.000000;23756.000000;10051.000000;0.000000;653.047791
516.000000;10051.000000;10769.000000;0.000000;36450.000000;10051.000000;0.000000;654.319336
517.000000;10051.000000;10469.000000;0.000000;25340.000000;10051.000000;0.000000;655.590820
518.000000;10051.000000;11233.000000;0.000000;55255.000000;10051.000000;0.000000;656.859314
519.000000;10051.000000;11038.000000;0.000000;20369.000000;10051.000000;0.000000;658.131653
520.000000;10051.000000;10320.000000;0.000000;23957.000000;10051.000000;0.000000;659.388977
521.000000;10051.000000;11699.000000;0.000000;25829.000000;10051.000000;0.000000;660.895935
522.000000;10051.000000;11006.000000;0.000000;25765.000000;10051.000000;0.000000;662.365417
523.000000;10051.000000;10912.000000;0.000000;24384.000000;10051.000000;0.000000;663.834106
524.000000;10051.000000;11288.000000;0.000000;35607.000000;10051.000000;0.000000;665.339539
525.000000;10051.000000;11369.000000;0.000000;23730.000000;10051.000000;0.000000;667.275330
526.000000;10051.000000;11083.000000;0.000000;27330.000000;10051.000000;0.000000;669.246826
527.000000;10051.000000;10167.000000;0.000000;33858.000000;10051.000000;0.000000;671.180725
528.000000;10051.000000;11477.000000;0.000000;40257.000000;10051.000000;0.000000;673.323547
529.000000;10051.000000;12473.000000;0.000000;59742.000000;10051.000000;0.000000;675.376343
530.000000;10051.000000;9728.000000;0.000000;18578.000000;10051.000000;0.000000;677.297546
531.000000;10051.000000;12468.000000;0.000000;78397.000000;10051.000000;0.000000;679.253113
532.000000;10051.000000;10429.000000;0.000000;33917.000000;10051.000000;0.000000;681.577209
533.000000;10051.000000;11117.000000;0.000000;35391.000000;10051.000000;0.000000;683.603760
534.000000;10051.000000;12083.000000;0.000000;43646.000000;10051.000000;0.000000;685.556641
535.000000;10051.000000;14205.000000;0.000000;132064.000000;10051.000000;0.000000;687.395508
536.000000;10051.000000;11634.000000;0.000000;42743.000000;10051.000000;0.000000;689.295410
537.000000;10051.000000;11240.000000;0.000000;39731.000000;10051.000000;0.000000;691.109802
538.000000;10051.000000;9500.000000;0.000000;31827.000000;10051.000000;0.000000;692.810913
539.000000;10051.000000;11403.000000;0.000000;56310.000000;10051.000000;0.000000;694.499207
540.000000;10051.000000;10889.000000;0.000000;20834.000000;10051.000000;0.000000;696.067627
541.000000;10051.000000;10390.000000;0.000000;14102.000000;10051.000000;0.000000;698.061584
542.000000;10051.000000;11023.000000;0.000000;21019.000000;10051.000000;0.000000;699.700684
543.000000;10051.000000;10989.000000;0.000000;19706.000000;10051.000000;0.000000;701.417114
544.000000;10051.000000;11598.000000;0.000000;44421.000000;10051.000000;0.000000;703.359375
545.000000;10051.000000;10077.000000;0.000000;16416.000000;10051.000000;0.000000;704.963257
546.000000;10051.000000;10744.000000;0.000000;19068.000000;10051.000000;0.000000;706.729004
547.000000;10051.000000;11449.000000;0.000000;26578.000000;10051.000000;0.000000;708.643311
548.000000;10051.000000;10891.000000;0.000000;25131.000000;10051.000000;0.000000;710.641113
549.000000;10051.000000;12356.000000;0.000000;37917.000000;10051.000000;0.000000;712.425110
550.000000;10051.000000;9656.000000;0.000000;17902.000000;10051.000000;0.000000;714.087463
551.000000;10051.000000;11917.000000;0.000000;55634.000000;10051.000000;0.000000;715.808594
552.000000;10051.000000;10341.000000;0.000000;22373.000000;10051.000000;0.000000;717.345154
553.000000;10051.000000;12046.000000;0.000000;54746.000000;10051.000000;0.000000;718.918579
554.000000;10051.000000;9064.000000;0.000000;13107.000000;10051.000000;0.000000;720.748535
555.000000;10051.000000;12288.000000;0.000000;37984.000000;10051.000000;0.000000;722.661987
556.000000;10051.000000;10343.000000;0.000000;27145.000000;10051.000000;0.000000;724.453186
557.000000;10051.000000;12029.000000;0.000000;17120.000000;10051.000000;0.000000;726.172607
558.000000;10051.000000;9292.000000;0.000000;27330.000000;10051.000000;0.000000;727.809143
559.000000;10051.000000;11371.000000;0.000000;19603.000000;10051.000000;0.000000;729.587402
560.000000;10051.000000;11875.000000;0.000000;37950.000000;10051.000000;0.000000;731.423035
561.000000;10051.000000;10664.000000;0.000000;19441.000000;10051.000000;0.000000;733.515320
562.000000;10051.000000;9662.000000;0.000000;14505.000000;10051.000000;0.000000;735.069031
563.000000;10051.000000;11080.000000;0.000000;39968.000000;10051.000000;0.000000;736.527710
564.000000;10051.000000;10049.000000;0.000000;35832.000000;10051.000000;0.000000;737.944946
565.000000;10051.000000;10301.000000;0.000000;18865.000000;10051.000000;0.000000;739.360046
566.000000;10051.000000;10985.000000;0.000000;21838.000000;10051.000000;0.000000;740.773499
567.000000;10051.000000;11347.000000;0.000000;25973.000000;10051.000000;0.000000;742.218506
568.000000;10051.000000;9453.000000;0.000000;26969.000000;10051.000000;0.000000;743.638855
569.000000;10051.000000;10481.000000;0.000000;36118.000000;10051.000000;0.000000;745.074158
570.000000;10051.000000;10163.000000;0.000000;26323.000000;10051.000000;0.000000;746.528137
571.000000;10051.000000;9949.000000;0.000000;25171.000000;10051.000000;0.000000;747.965881
572.000000;10051.000000;14284.000000;0.000000;107586.000000;10051.000000;0.000000;749.375000
573.000000;10051.000000;12307.000000;0.000000;59929.000000;10051.000000;0.000000;750.778137
574.000000;10051.000000;10519.000000;0.000000;19357.000000;10051.000000;0.000000;752.053040
575.000000;10051.000000;11769.000000;0.000000;37549.000000;10051.000000;0.000000;753.327576
576.000000;10051.000000;11253.000000;0.000000;26753.000000;10051.000000;0.000000;754.569580
577.000000;10051.000000;11159.000000;0.000000;20914.000000;10051.000000;0.000000;755.829529
578.000000;10051.000000;9754.000000;0.000000;86574.000000;10051.000000;0.000000;757.081787
579.000000;10051.000000;11164.000000;0.000000;39737.000000;10051.000000;0.000000;758.338440
580.000000;10051.000000;11125.000000;0.000000;18596.000000;10051.000000;0.000000;759.581909
581.000000;10051.000000;10464.000000;0.000000;23893.000000;10051.000000;0.000000;761.097351
582.000000;10051.000000;11429.000000;0.000000;30703.000000;10051.000000;0.000000;762.636169
583.000000;10051.000000;10477.000000;0.000000;15798.000000;10051.000000;0.000000;764.024292
584.000000;10051.000000;11739.000000;0.000000;45549.000000;10051.000000;0.000000;765.475464
585.000000;10051.000000;10298.000000;0.000000;25865.000000;10051.000000;0.000000;766.870605
586.000000;10051.000000;12720.000000;0.000000;55403.000000;10051.000000;0.000000;768.320801
587.000000;10051.000000;11176.000000;0.000000;34030.000000;10051.000000;0.000000;769.725342
588.000000;10051.000000;10895.000000;0.000000;38324.000000;10051.000000;0.000000;771.125916
589.000000;10051.000000;11183.000000;0.000000;45253.000000;10051.000000;0.000000;772.557068
590.000000;10051.000000;11148.000000;0.000000;19366.000000;10051.000000;0.000000;773.996460
591.000000;10051.000000;10676.000000;0.000000;17798.000000;10051.000000;0.000000;775.411987
592.000000;10051.000000;10829.000000;0.000000;27306.000000;10051.000000;0.000000;776.816833
593.000000;10051.000000;11714.000000;0.000000;56014.000000;10051.000000;0.000000;778.228149
594.000000;10051.000000;10526.000000;0.000000;21108.000000;10051.000000;0.000000;779.574097
595.000000;10051.000000;10155.000000;0.000000;11598.000000;10051.000000;0.000000;780.950012
596.000000;10051.000000;10369.000000;0.000000;14889.000000;10051.000000;0.000000;782.493103
597.000000;10051.000000;10341.000000;0.000000;10786.000000;10051.000000;0.000000;783.889648
598.000000;10051.000000;12164.000000;0.000000;55136.000000;10051.000000;0.000000;785.103333
599.000000;10051.000000;12144.000000;0.000000;42232.000000;10051.000000;0.000000;786.324402
600.000000;10051.000000;11427.000000;0.000000;14851.000000;10051.000000;0.000000;787.547913
601.000000;10051.000000;10616.000000;0.000000;15161.000000;10051.000000;0.000000;789.024353
602.000000;10051.000000;11489.000000;0.000000;20004.000000;10051.000000;0.000000;790.391663
603.000000;10051.000000;12494.000000;0.000000;56789.000000;10051.000000;0.000000;791.748474
604.000000;10051.000000;10232.000000;0.000000;21077.000000;10051.000000;0.000000;793.152344
605.000000;10051.000000;11022.000000;0.000000;21884.000000;10051.000000;0.000000;794.517395
606.000000;10051.000000;10545.000000;0.000000;18689.000000;10051.000000;0.000000;795.885010
607.000000;10051.000000;9469.000000;0.000000;49966.000000;10051.000000;0.000000;797.260010
608.000000;10051.000000;12207.000000;0.000000;48492.000000;10051.000000;0.000000;798.627869
609.000000;10051.000000;11273.000000;0.000000;19713.000000;10051.000000;0.000000;799.991821
610.000000;10051.000000;10071.000000;0.000000;30894.000000;10051.000000;0.000000;801.374207
611.000000;10051.000000;11349.000000;0.000000;36536.000000;10051.000000;0.000000;802.812988
612.000000;10051.000000;10710.000000;0.000000;16529.000000;10051.000000;0.000000;804.197693
613.000000;10051.000000;10361.000000;0.000000;16585.000000;10051.000000;0.000000;805.582764
614.000000;10051.000000;12281.000000;0.000000;49909.000000;10051.000000;0.000000;806.962463
615.000000;10051.000000;9866.000000;0.000000;37762.000000;10051.000000;0.000000;808.224182
616.000000;10051.000000;10895.000000;0.000000;33336.000000;10051.000000;0.000000;809.461304
617.000000;10051.000000;11538.000000;0.000000;40656.000000;10051.000000;0.000000;810.696167
618.000000;10051.000000;10372.000000;0.000000;26832.000000;10051.000000;0.000000;812.177063
619.000000;10051.000000;11001.000000;0.000000;35800.000000;10051.000000;0.000000;813.608459
620.000000;10051.000000;10671.000000;0.000000;15734.000000;10051.000000;0.000000;814.976013
621.000000;10051.000000;10776.000000;0.000000;29934.000000;10051.000000;0.000000;816.420349
622.000000;10051.000000;10920.000000;0.000000;23357.000000;10051.000000;0.000000;817.784180
623.000000;10051.000000;10934.000000;0.000000;28264.000000;10051.000000;0.000000;819.160095
624.000000;10051.000000;12238.000000;0.000000;53035.000000;10051.000000;0.000000;820.534485
625.000000;10051.000000;9956.000000;0.000000;8401.000000;10051.000000;0.000000;821.941406
626.000000;10051.000000;11174.000000;0.000000;56190.000000;10051.000000;0.000000;823.408264
627.000000;10051.000000;12697.000000;0.000000;88319.000000;10051.000000;0.000000;824.792480
628.000000;10051.000000;11174.000000;0.000000;45328.000000;10051.000000;0.000000;826.169861
629.000000;10051.000000;11232.000000;0.000000;25450.000000;10051.000000;0.000000;827.566895
630.000000;10051.000000;10109.000000;0.000000;16082.000000;10051.000000;0.000000;828.976379
631.000000;10051.000000;9821.000000;0.000000;22145.000000;10051.000000;0.000000;830.369141
632.000000;10051.000000;9594.000000;0.000000;21090.000000;10051.000000;0.000000;831.758362
633.000000;10051.000000;11405.000000;0.000000;23039.000000;10051.000000;0.000000;833.172729
634.000000;10051.000000;11025.000000;0.000000;19641.000000;10051.000000;0.000000;834.449219
635.000000;10051.000000;11347.000000;0.000000;15867.000000;10051.000000;0.000000;835.691284
636.000000;10051.000000;10118.000000;0.000000;18244.000000;10051.000000;0.000000;836.932129
637.000000;10051.000000;11203.000000;0.000000;34532.000000;10051.000000;0.000000;838.161438
638.000000;10051.000000;12512.000000;0.000000;61295.000000;10051.000000;0.000000;839.400879
639.000000;10051.000000;12511.000000;0.000000;47400.000000;10051.000000;0.000000;840.638977
640.000000;10051.000000;12426.000000;0.000000;68077.000000;10051.000000;0.000000;841.879700
641.000000;10051.000000;12292.000000;0.000000;43692.000000;10051.000000;0.000000;843.389709
642.000000;10051.000000;10589.000000;0.000000;30231.000000;10051.000000;0.000000;844.776428
643.000000;10051.000000;11198.000000;0.000000;15086.000000;10051.000000;0.000000;846.167847
644.000000;10051.000000;10777.000000;0.000000;23052.000000;10051.000000;0.000000;847.564392
645.000000;10051.000000;11531.000000;0.000000;20049.000000;10051.000000;0.000000;848.966309
646.000000;10051.000000;9266.000000;0.000000;15539.000000;10051.000000;0.000000;850.352600
647.000000;10051.000000;11450.000000;0.000000;33462.000000;10051.000000;0.000000;851.745422
648.000000;10051.000000;10150.000000;0.000000;13668.000000;10051.000000;0.000000;853.160156
649.000000;10051.000000;10514.000000;0.000000;16917.000000;10051.000000;0.000000;854.550049
650.000000;10051.000000;11887.000000;0.000000;37036.000000;10051.000000;0.000000;855.939697
651.000000;10051.000000;10764.000000;0.000000;25839.000000;10051.000000;0.000000;857.333557
652.000000;10051.000000;11328.000000;0.000000;25671.000000;10051.000000;0.000000;858.723694
653.000000;10051.000000;10535.000000;0.000000;20708.000000;10051.000000;0.000000;860.116211
654.000000;10051.000000;10739.000000;0.000000;16778.000000;10051.000000;0.000000;861.513367
655.000000;10051.000000;10144.000000;0.000000;35704.000000;10051.000000;0.000000;862.929382
656.000000;10051.000000;10975.000000;0.000000;26748.000000;10051.000000;0.000000;864.433228
657.000000;10051.000000;11394.000000;0.000000;24223.000000;10051.000000;0.000000;865.836060
658.000000;10051.000000;12241.000000;0.000000;27055.000000;10051.000000;0.000000;867.240967
659.000000;10051.000000;11727.000000;0.000000;58135.000000;10051.000000;0.000000;868.657043
660.000000;10051.000000;11239.000000;0.000000;20560.000000;10051.000000;0.000000;869.970703
661.000000;10051.000000;10872.000000;0.000000;15284.000000;10051.000000;0.000000;871.490112
662.000000;10051.000000;12214.000000;0.000000;34886.000000;10051.000000;0.000000;872.888000
663.000000;10051.000000;11470.000000;0.000000;43900.000000;10051.000000;0.000000;874.304688
664.000000;10051.000000;10780.000000;0.000000;18258.000000;10051.000000;0.000000;875.720154
665.000000;10051.000000;10700.000000;0.000000;20890.000000;10051.000000;0.000000;877.138062
666.000000;10051.000000;11950.000000;0.000000;32376.000000;10051.000000;0.000000;878.548462
667.000000;10051.000000;11134.000000;0.000000;18329.000000;10051.000000;0.000000;879.952332
668.000000;10051.000000;12680.000000;0.000000;46701.000000;10051.000000;0.000000;881.362488
669.000000;10051.000000;11088.000000;0.000000;29260.000000;10051.000000;0.000000;882.796936
670.000000;10051.000000;11226.000000;0.000000;13235.000000;10051.000000;0.000000;884.265442
671.000000;10051.000000;10061.000000;0.000000;20216.000000;10051.000000;0.000000;885.728210
672.000000;10051.000000;11852.000000;0.000000;48389.000000;10051.000000;0.000000;887.152344
673.000000;10051.000000;10583.000000;0.000000;17468.000000;10051.000000;0.000000;888.571655
674.000000;10051.000000;11762.000000;0.000000;45285.000000;10051.000000;0.000000;889.958740
675.000000;10051.000000;9883.000000;0.000000;43477.000000;10051.000000;0.000000;891.209656
676.000000;10051.000000;10782.000000;0.000000;13884.000000;10051.000000;0.000000;892.457825
677.000000;10051.000000;11113.000000;0.000000;21813.000000;10051.000000;0.000000;893.733398
678.000000;10051.000000;9924.000000;0.000000;25005.000000;10051.000000;0.000000;894.989441
679.000000;10051.000000;11024.000000;0.000000;25608.000000;10051.000000;0.000000;896.237183
680.000000;10051.000000;10442.000000;0.000000;19653.000000;10051.000000;0.000000;897.484436
681.000000;10051.000000;10234.000000;0.000000;18649.000000;10051.000000;0.000000;899.015442
682.000000;10051.000000;11915.000000;0.000000;47719.000000;10051.000000;0.000000;900.417358
683.000000;10051.000000;11112.000000;0.000000;19562.000000;10051.000000;0.000000;901.820374
684.000000;10051.000000;11040.000000;0.000000;18809.000000;10051.000000;0.000000;903.269714
685.000000;10051.000000;12749.000000;0.000000;56588.000000;10051.000000;0.000000;904.702271
686.000000;10051.000000;10561.000000;0.000000;14332.000000;10051.000000;0.000000;906.121033
687.000000;10051.000000;11117.000000;0.000000;15273.000000;10051.000000;0.000000;907.535828
688.000000;10051.000000;9710.000000;0.000000;46563.000000;10051.000000;0.000000;908.962524
689.000000;10051.000000;11699.000000;0.000000;34795.000000;10051.000000;0.000000;910.374207
690.000000;10051.000000;10688.000000;0.000000;17260.000000;10051.000000;0.000000;911.827332
691.000000;10051.000000;11126.000000;0.000000;45829.000000;10051.000000;0.000000;913.283386
692.000000;10051.000000;9771.000000;0.000000;14482.000000;10051.000000;0.000000;914.717468
693.000000;10051.000000;10079.000000;0.000000;44434.000000;10051.000000;0.000000;916.152161
694.000000;10051.000000;10346.000000;0.000000;15956.000000;10051.000000;0.000000;917.535339
695.000000;10051.000000;10915.000000;0.000000;33569.000000;10051.000000;0.000000;918.815491
696.000000;10051.000000;11542.000000;0.000000;22959.000000;10051.000000;0.000000;920.084839
697.000000;10051.000000;11031.000000;0.000000;32313.000000;10051.000000;0.000000;921.341003
698.000000;10051.000000;12118.000000;0.000000;49669.000000;10051.000000;0.000000;922.603333
699.000000;10051.000000;11036.000000;0.000000;24792.000000;10051.000000;0.000000;923.892639
700.000000;10051.000000;10395.000000;0.000000;12424.000000;10051.000000;0.000000;925.151428
701.000000;10051.000000;11394.000000;0.000000;78592.000000;10051.000000;0.000000;926.680603
702.000000;10051.000000;10727.000000;0.000000;8233.000000;10051.000000;0.000000;928.079712
703.000000;10051.000000;10687.000000;0.000000;19142.000000;10051.000000;0.000000;929.466614
704.000000;10051.000000;11136.000000;0.000000;18914.000000;10051.000000;0.000000;930.857727
705.000000;10051.000000;10948.000000;0.000000;15793.000000;10051.000000;0.000000;932.247437
706.000000;10051.000000;9275.000000;0.000000;27055.000000;10051.000000;0.000000;933.786621
707.000000;10051.000000;12660.000000;0.000000;60085.000000;10051.000000;0.000000;935.197754
708.000000;10051.000000;10906.000000;0.000000;16176.000000;10051.000000;0.000000;936.595093
709.000000;10051.000000;9907.000000;0.000000;19732.000000;10051.000000;0.000000;937.998779
710.000000;10051.000000;12346.000000;0.000000;83521.000000;10051.000000;0.000000;939.438965
711.000000;10051.000000;10683.000000;0.000000;33881.000000;10051.000000;0.000000;940.852173
712.000000;10051.000000;10586.000000;0.000000;27869.000000;10051.000000;0.000000;942.277649
713.000000;10051.000000;12557.000000;0.000000;99113.000000;10051.000000;0.000000;943.781982
714.000000;10051.000000;11169.000000;0.000000;19463.000000;10051.000000;0.000000;945.265198
715.000000;10051.000000;9961.000000;0.000000;38389.000000;10051.000000;0.000000;946.519287
716.000000;10051.000000;12053.000000;0.000000;42022.000000;10051.000000;0.000000;947.759277
717.000000;10051.000000;10561.000000;0.000000;19293.000000;10051.000000;0.000000;948.998108
718.000000;10051.000000;12883.000000;0.000000;77035.000000;10051.000000;0.000000;950.235962
719.000000;10051.000000;10018.000000;0.000000;25544.000000;10051.000000;0.000000;951.474854
720.000000;10051.000000;11668.000000;0.000000;26238.000000;10051.000000;0.000000;952.720703
721.000000;10051.000000;9640.000000;0.000000;22546.000000;10051.000000;0.000000;954.285461
722.000000;10051.000000;10966.000000;0.000000;26908.000000;10051.000000;0.000000;955.679688
723.000000;10051.000000;10931.000000;0.000000;20307.000000;10051.000000;0.000000;957.072266
724.000000;10051.000000;10699.000000;0.000000;24002.000000;10051.000000;0.000000;958.470093
725.000000;10051.000000;10505.000000;0.000000;44252.000000;10051.000000;0.000000;959.873962
726.000000;10051.000000;11344.000000;0.000000;45527.000000;10051.000000;0.000000;961.279114
727.000000;10051.000000;10671.000000;0.000000;20612.000000;10051.000000;0.000000;962.689331
728.000000;10051.000000;10267.000000;0.000000;19239.000000;10051.000000;0.000000;964.296509
729.000000;10051.000000;10582.000000;0.000000;14947.000000;10051.000000;0.000000;965.700500
730.000000;10051.000000;11351.000000;0.000000;51962.000000;10051.000000;0.000000;967.146179
731.000000;10051.000000;10568.000000;0.000000;29870.000000;10051.000000;0.000000;968.577026
732.000000;10051.000000;11164.000000;0.000000;39243.000000;10051.000000;0.000000;969.994812
733.000000;10051.000000;11059.000000;0.000000;19000.000000;10051.000000;0.000000;971.412415
734.000000;10051.000000;9959.000000;0.000000;23651.000000;10051.000000;0.000000;972.772766
735.000000;10051.000000;11381.000000;0.000000;24730.000000;10051.000000;0.000000;974.053101
736.000000;10051.000000;10773.000000;0.000000;18373.000000;10051.000000;0.000000;975.333557
737.000000;10051.000000;11616.000000;0.000000;22883.000000;10051.000000;0.000000;976.604309
738.000000;10051.000000;9758.000000;0.000000;18151.000000;10051.000000;0.000000;977.870667
739.000000;10051.000000;11047.000000;0.000000;68082.000000;10051.000000;0.000000;979.131592
740.000000;10051.000000;10795.000000;0.000000;25892.000000;10051.000000;0.000000;980.391296
741.000000;10051.000000;10500.000000;0.000000;14439.000000;10051.000000;0.000000;981.914307
742.000000;10051.000000;10571.000000;0.000000;25067.000000;10051.000000;0.000000;983.306274
743.000000;10051.000000;10017.000000;0.000000;16849.000000;10051.000000;0.000000;984.729675
744.000000;10051.000000;10461.000000;0.000000;36727.000000;10051.000000;0.000000;986.138062
745.000000;10051.000000;10946.000000;0.000000;15993.000000;10051.000000;0.000000;987.542053
746.000000;10051.000000;11976.000000;0.000000;32885.000000;10051.000000;0.000000;988.936035
747.000000;10051.000000;10164.000000;0.000000;22229.000000;10051.000000;0.000000;990.320984
748.000000;10051.000000;11232.000000;0.000000;40008.000000;10051.000000;0.000000;991.702820
749.000000;10051.000000;10864.000000;0.000000;19222.000000;10051.000000;0.000000;993.081055
750.000000;10051.000000;10742.000000;0.000000;28542.000000;10051.000000;0.000000;994.579102
751.000000;10051.000000;10853.000000;0.000000;21735.000000;10051.000000;0.000000;995.978821
752.000000;10051.000000;10788.000000;0.000000;29457.000000;10051.000000;0.000000;997.374084
753.000000;10051.000000;10803.000000;0.000000;16958.000000;10051.000000;0.000000;998.773499
754.000000;10051.000000;11813.000000;0.000000;65810.000000;10051.000000;0.000000;1000.157166
755.000000;10051.000000;10322.000000;0.000000;33869.000000;10051.000000;0.000000;1001.405457
756.000000;10051.000000;9727.000000;0.000000;17954.000000;10051.000000;0.000000;1002.732605
757.000000;10051.000000;12274.000000;0.000000;79413.000000;10051.000000;0.000000;1003.997070
758.000000;10051.000000;10800.000000;0.000000;32023.000000;10051.000000;0.000000;1005.233521
759.000000;10051.000000;10905.000000;0.000000;21308.000000;10051.000000;0.000000;1006.465332
760.000000;10051.000000;11605.000000;0.000000;24198.000000;10051.000000;0.000000;1007.698975
761.000000;10051.000000;11631.000000;0.000000;29557.000000;10051.000000;0.000000;1009.189514
762.000000;10051.000000;10768.000000;0.000000;29561.000000;10051.000000;0.000000;1010.553406
763.000000;10051.000000;11231.000000;0.000000;21211.000000;10051.000000;0.000000;1011.935364
764.000000;10051.000000;11418.000000;0.000000;23697.000000;10051.000000;0.000000;1013.325989
765.000000;10051.000000;11528.000000;0.000000;45232.000000;10051.000000;0.000000;1014.760315
766.000000;10051.000000;11030.000000;0.000000;21950.000000;10051.000000;0.000000;1016.148438
767.000000;10051.000000;11745.000000;0.000000;53489.000000;10051.000000;0.000000;1017.536804
768.000000;10051.000000;9981.000000;0.000000;16474.000000;10051.000000;0.000000;1018.935913
769.000000;10051.000000;10757.000000;0.000000;19889.000000;10051.000000;0.000000;1020.331665
770.000000;10051.000000;10572.000000;0.000000;30152.000000;10051.000000;0.000000;1021.762695
771.000000;10051.000000;10948.000000;0.000000;29919.000000;10051.000000;0.000000;1023.178284
772.000000;10051.000000;10441.000000;0.000000;15116.000000;10051.000000;0.000000;1024.643799
773.000000;10051.000000;10550.000000;0.000000;12206.000000;10051.000000;0.000000;1026.082520
774.000000;10051.000000;9830.000000;0.000000;21079.000000;10051.000000;0.000000;1027.479980
775.000000;10051.000000;12193.000000;0.000000;50330.000000;10051.000000;0.000000;1028.738281
776.000000;10051.000000;9719.000000;0.000000;36598.000000;10051.000000;0.000000;1030.002563
777.000000;10051.000000;10400.000000;0.000000;32796.000000;10051.000000;0.000000;1031.263306
778.000000;10051.000000;10172.000000;0.000000;23094.000000;10051.000000;0.000000;1032.507935
779.000000;10051.000000;11773.000000;0.000000;82184.000000;10051.000000;0.000000;1033.751343
780.000000;10051.000000;12304.000000;0.000000;56235.000000;10051.000000;0.000000;1035.022461
781.000000;10051.000000;10763.000000;0.000000;21169.000000;10051.000000;0.000000;1036.527344
782.000000;10051.000000;10343.000000;0.000000;15591.000000;10051.000000;0.000000;1037.906128
783.000000;10051.000000;11541.000000;0.000000;25879.000000;10051.000000;0.000000;1039.287354
784.000000;10051.000000;11270.000000;0.000000;24637.000000;10051.000000;0.000000;1040.679321
785.000000;10051.000000;10311.000000;0.000000;25569.000000;10051.000000;0.000000;1042.075562
786.000000;10051.000000;11376.000000;0.000000;50614.000000;10051.000000;0.000000;1043.468750
787.000000;10051.000000;10637.000000;0.000000;15491.000000;10051.000000;0.000000;1044.903809
788.000000;10051.000000;10356.000000;0.000000;25991.000000;10051.000000;0.000000;1046.304443
789.000000;10051.000000;10570.000000;0.000000;23784.000000;10051.000000;0.000000;1047.698730
790.000000;10051.000000;10324.000000;0.000000;13475.000000;10051.000000;0.000000;1049.103027
791.000000;10051.000000;11238.000000;0.000000;43721.000000;10051.000000;0.000000;1050.508301
792.000000;10051.000000;9893.000000;0.000000;23390.000000;10051.000000;0.000000;1051.921387
793.000000;10051.000000;10482.000000;0.000000;28990.000000;10051.000000;0.000000;1053.368042
794.000000;10051.000000;10403.000000;0.000000;20987.000000;10051.000000;0.000000;1054.816162
795.000000;10051.000000;10321.000000;0.000000;24233.000000;10051.000000;0.000000;1056.236816
796.000000;10051.000000;11027.000000;0.000000;57763.000000;10051.000000;0.000000;1057.658691
797.000000;10051.000000;10539.000000;0.000000;13630.000000;10051.000000;0.000000;1058.945801
798.000000;10051.000000;10956.000000;0.000000;23852.000000;10051.000000;0.000000;1060.197754
799.000000;10051.000000;10619.000000;0.000000;17962.000000;10051.000000;0.000000;1061.449219
800.000000;10051.000000;11659.000000;0.000000;35127.000000;10051.000000;0.000000;1062.746216
801.000000;10051.000000;11080.000000;0.000000;16739.000000;10051.000000;0.000000;1064.316772
802.000000;10051.000000;11880.000000;0.000000;18772.000000;10051.000000;0.000000;1065.790894
803.000000;10051.000000;10859.000000;0.000000;17880.000000;10051.000000;0.000000;1067.188599
804.000000;10051.000000;10257.000000;0.000000;19209.000000;10051.000000;0.000000;1068.657593
805.000000;10051.000000;10986.000000;0.000000;13065.000000;10051.000000;0.000000;1070.065063
806.000000;10051.000000;11798.000000;0.000000;33077.000000;10051.000000;0.000000;1071.468750
807.000000;10051.000000;12703.000000;0.000000;82533.000000;10051.000000;0.000000;1072.873657
808.000000;10051.000000;11558.000000;0.000000;36293.000000;10051.000000;0.000000;1074.304077
809.000000;10051.000000;9826.000000;0.000000;12735.000000;10051.000000;0.000000;1075.711182
810.000000;10051.000000;10958.000000;0.000000;21303.000000;10051.000000;0.000000;1077.157715
811.000000;10051.000000;9725.000000;0.000000;32955.000000;10051.000000;0.000000;1078.577393
812.000000;10051.000000;10938.000000;0.000000;27253.000000;10051.000000;0.000000;1079.966919
813.000000;10051.000000;10988.000000;0.000000;21129.000000;10051.000000;0.000000;1081.360474
814.000000;10051.000000;10872.000000;0.000000;9539.000000;10051.000000;0.000000;1082.704468
815.000000;10051.000000;10248.000000;0.000000;23058.000000;10051.000000;0.000000;1083.936768
816.000000;10051.000000;10690.000000;0.000000;23785.000000;10051.000000;0.000000;1085.203857
817.000000;10051.000000;11350.000000;0.000000;18357.000000;10051.000000;0.000000;1086.432739
818.000000;10051.000000;10219.000000;0.000000;12824.000000;10051.000000;0.000000;1087.665649
819.000000;10051.000000;9673.000000;0.000000;35664.000000;10051.000000;0.000000;1088.907349
820.000000;10051.000000;11312.000000;0.000000;53329.000000;10051.000000;0.000000;1090.134399
821.000000;10051.000000;11294.000000;0.000000;19471.000000;10051.000000;0.000000;1091.630737
822.000000;10051.000000;10581.000000;0.000000;17187.000000;10051.000000;0.000000;1093.007324
823.000000;10051.000000;10910.000000;0.000000;18494.000000;10051.000000;0.000000;1094.404541
824.000000;10051.000000;11282.000000;0.000000;16269.000000;10051.000000;0.000000;1095.799194
825.000000;10051.000000;11405.000000;0.000000;16120.000000;10051.000000;0.000000;1097.180420
826.000000;10051.000000;12704.000000;0.000000;51592.000000;10051.000000;0.000000;1098.560425
827.000000;10051.000000;10519.000000;0.000000;27073.000000;10051.000000;0.000000;1099.945679
828.000000;10051.000000;9954.000000;0.000000;29307.000000;10051.000000;0.000000;1101.328125
829.000000;10051.000000;9891.000000;0.000000;37645.000000;10051.000000;0.000000;1102.712158
830.000000;10051.000000;10074.000000;0.000000;30408.000000;10051.000000;0.000000;1104.119995
831.000000;10051.000000;9738.000000;0.000000;21614.000000;10051.000000;0.000000;1105.538818
832.000000;10051.000000;10014.000000;0.000000;16233.000000;10051.000000;0.000000;1106.934448
833.000000;10051.000000;12005.000000;0.000000;49472.000000;10051.000000;0.000000;1108.331421
834.000000;10051.000000;11130.000000;0.000000;30735.000000;10051.000000;0.000000;1109.739502
835.000000;10051.000000;10470.000000;0.000000;20456.000000;10051.000000;0.000000;1111.008911
836.000000;10051.000000;10596.000000;0.000000;21772.000000;10051.000000;0.000000;1112.269165
837.000000;10051.000000;10678.000000;0.000000;24075.000000;10051.000000;0.000000;1113.515259
838.000000;10051.000000;11905.000000;0.000000;73520.000000;10051.000000;0.000000;1114.790649
839.000000;10051.000000;10818.000000;0.000000;15131.000000;10051.000000;0.000000;1116.040039
840.000000;10051.000000;10506.000000;0.000000;27669.000000;10051.000000;0.000000;1117.291748
841.000000;10051.000000;11443.000000;0.000000;19960.000000;10051.000000;0.000000;1118.809692
842.000000;10051.000000;10502.000000;0.000000;19902.000000;10051.000000;0.000000;1120.201782
843.000000;10051.000000;10528.000000;0.000000;18117.000000;10051.000000;0.000000;1121.583130
844.000000;10051.000000;9898.000000;0.000000;16378.000000;10051.000000;0.000000;1123.001953
845.000000;10051.000000;10274.000000;0.000000;23620.000000;10051.000000;0.000000;1124.441162
846.000000;10051.000000;11315.000000;0.000000;17792.000000;10051.000000;0.000000;1125.859009
847.000000;10051.000000;10912.000000;0.000000;23604.000000;10051.000000;0.000000;1127.260132
848.000000;10051.000000;13442.000000;0.000000;114988.000000;10051.000000;0.000000;1128.659180
849.000000;10051.000000;9869.000000;0.000000;20989.000000;10051.000000;0.000000;1130.048462
850.000000;10051.000000;10021.000000;0.000000;16361.000000;10051.000000;0.000000;1131.475220
851.000000;10051.000000;11593.000000;0.000000;24149.000000;10051.000000;0.000000;1132.885986
852.000000;10051.000000;10044.000000;0.000000;13909.000000;10051.000000;0.000000;1134.296631
853.000000;10051.000000;9883.000000;0.000000;21019.000000;10051.000000;0.000000;1135.730347
854.000000;10051.000000;10425.000000;0.000000;21623.000000;10051.000000;0.000000;1137.116089
855.000000;10051.000000;13347.000000;0.000000;77108.000000;10051.000000;0.000000;1138.362305
856.000000;10051.000000;11455.000000;0.000000;28871.000000;10051.000000;0.000000;1139.614258
857.000000;10051.000000;10144.000000;0.000000;16680.000000;10051.000000;0.000000;1140.862183
858.000000;10051.000000;11506.000000;0.000000;35308.000000;10051.000000;0.000000;1142.116577
859.000000;10051.000000;13086.000000;0.000000;65732.000000;10051.000000;0.000000;1143.367310
860.000000;10051.000000;11372.000000;0.000000;65701.000000;10051.000000;0.000000;1144.622559
861.000000;10051.000000;10174.000000;0.000000;26773.000000;10051.000000;0.000000;1146.174561
862.000000;10051.000000;9737.000000;0.000000;19054.000000;10051.000000;0.000000;1147.565918
863.000000;10051.000000;12160.000000;0.000000;33944.000000;10051.000000;0.000000;1148.967163
864.000000;10051.000000;11433.000000;0.000000;29605.000000;10051.000000;0.000000;1150.371460
865.000000;10051.000000;9845.000000;0.000000;31296.000000;10051.000000;0.000000;1151.780151
866.000000;10051.000000;10334.000000;0.000000;22902.000000;10051.000000;0.000000;1153.187256
867.000000;10051.000000;12032.000000;0.000000;29530.000000;10051.000000;0.000000;1154.629883
868.000000;10051.000000;11468.000000;0.000000;25500.000000;10051.000000;0.000000;1156.059448
869.000000;10051.000000;10661.000000;0.000000;21093.000000;10051.000000;0.000000;1157.465820
870.000000;10051.000000;9797.000000;0.000000;22619.000000;10051.000000;0.000000;1158.906372
871.000000;10051.000000;9866.000000;0.000000;18171.000000;10051.000000;0.000000;1160.324463
872.000000;10051.000000;11800.000000;0.000000;39025.000000;10051.000000;0.000000;1161.743164
873.000000;10051.000000;11090.000000;0.000000;25706.000000;10051.000000;0.000000;1163.163452
874.000000;10051.000000;11462.000000;0.000000;20954.000000;10051.000000;0.000000;1164.530273
875.000000;10051.000000;10492.000000;0.000000;30588.000000;10051.000000;0.000000;1165.808594
876.000000;10051.000000;10421.000000;0.000000;26148.000000;10051.000000;0.000000;1167.065430
877.000000;10051.000000;10729.000000;0.000000;51553.000000;10051.000000;0.000000;1168.315308
878.000000;10051.000000;11642.000000;0.000000;28769.000000;10051.000000;0.000000;1169.551147
879.000000;10051.000000;9957.000000;0.000000;14700.000000;10051.000000;0.000000;1170.779907
880.000000;10051.000000;11210.000000;0.000000;29897.000000;10051.000000;0.000000;1172.009277
881.000000;10051.000000;10817.000000;0.000000;14592.000000;10051.000000;0.000000;1173.496582
882.000000;10051.000000;11297.000000;0.000000;31023.000000;10051.000000;0.000000;1174.884033
883.000000;10051.000000;10013.000000;0.000000;14949.000000;10051.000000;0.000000;1176.290771
884.000000;10051.000000;11222.000000;0.000000;18151.000000;10051.000000;0.000000;1177.688965
885.000000;10051.000000;11790.000000;0.000000;24405.000000;10051.000000;0.000000;1179.070312
886.000000;10051.000000;10322.000000;0.000000;20236.000000;10051.000000;0.000000;1180.451660
887.000000;10051.000000;11346.000000;0.000000;19200.000000;10051.000000;0.000000;1181.835205
888.000000;10051.000000;10315.000000;0.000000;20520.000000;10051.000000;0.000000;1183.254761
889.000000;10051.000000;10139.000000;0.000000;25301.000000;10051.000000;0.000000;1184.642090
890.000000;10051.000000;10619.000000;0.000000;23419.000000;10051.000000;0.000000;1186.092651
891.000000;10051.000000;10646.000000;0.000000;37493.000000;10051.000000;0.000000;1187.500366
892.000000;10051.000000;10856.000000;0.000000;22134.000000;10051.000000;0.000000;1188.900513
893.000000;10051.000000;12070.000000;0.000000;75368.000000;10051.000000;0.000000;1190.301514
894.000000;10051.000000;9591.000000;0.000000;35149.000000;10051.000000;0.000000;1191.679810
895.000000;10051.000000;10255.000000;0.000000;15595.000000;10051.000000;0.000000;1192.911377
896.000000;10051.000000;10280.000000;0.000000;25124.000000;10051.000000;0.000000;1194.146606
897.000000;10051.000000;11769.000000;0.000000;67435.000000;10051.000000;0.000000;1195.405884
898.000000;10051.000000;10537.000000;0.000000;30362.000000;10051.000000;0.000000;1196.787720
899.000000;10051.000000;12097.000000;0.000000;68331.000000;10051.000000;0.000000;1198.031006
900.000000;10051.000000;10501.000000;0.000000;23432.000000;10051.000000;0.000000;1199.277100
901.000000;10051.000000;12169.000000;0.000000;21896.000000;10051.000000;0.000000;1200.784180
902.000000;10051.000000;11305.000000;0.000000;23956.000000;10051.000000;0.000000;1202.174683
903.000000;10051.000000;10834.000000;0.000000;16159.000000;10051.000000;0.000000;1203.572021
904.000000;10051.000000;10590.000000;0.000000;13828.000000;10051.000000;0.000000;1204.977905
905.000000;10051.000000;12522.000000;0.000000;41799.000000;10051.000000;0.000000;1206.409424
906.000000;10051.000000;11978.000000;0.000000;23894.000000;10051.000000;0.000000;1207.805542
907.000000;10051.000000;11033.000000;0.000000;17366.000000;10051.000000;0.000000;1209.205322
908.000000;10051.000000;12399.000000;0.000000;97892.000000;10051.000000;0.000000;1210.596313
909.000000;10051.000000;10425.000000;0.000000;26165.000000;10051.000000;0.000000;1211.990723
910.000000;10051.000000;11436.000000;0.000000;32130.000000;10051.000000;0.000000;1213.418091
911.000000;10051.000000;11284.000000;0.000000;25236.000000;10051.000000;0.000000;1214.829346
912.000000;10051.000000;9650.000000;0.000000;14290.000000;10051.000000;0.000000;1216.263184
913.000000;10051.000000;11035.000000;0.000000;26513.000000;10051.000000;0.000000;1217.677124
914.000000;10051.000000;11725.000000;0.000000;26446.000000;10051.000000;0.000000;1219.066528
915.000000;10051.000000;10162.000000;0.000000;25160.000000;10051.000000;0.000000;1220.310791
916.000000;10051.000000;11101.000000;0.000000;22312.000000;10051.000000;0.000000;1221.551880
917.000000;10051.000000;9927.000000;0.000000;16609.000000;10051.000000;0.000000;1222.794800
918.000000;10051.000000;10993.000000;0.000000;36465.000000;10051.000000;0.000000;1224.036377
919.000000;10051.000000;10922.000000;0.000000;26970.000000;10051.000000;0.000000;1225.294556
920.000000;10051.000000;12413.000000;0.000000;77527.000000;10051.000000;0.000000;1226.548584
921.000000;10051.000000;10261.000000;0.000000;17667.000000;10051.000000;0.000000;1228.060913
922.000000;10051.000000;9759.000000;0.000000;19333.000000;10051.000000;0.000000;1229.453979
923.000000;10051.000000;11744.000000;0.000000;37095.000000;10051.000000;0.000000;1230.847412
924.000000;10051.000000;11990.000000;0.000000;44842.000000;10051.000000;0.000000;1232.250366
925.000000;10051.000000;11512.000000;0.000000;21933.000000;10051.000000;0.000000;1233.777710
926.000000;10051.000000;9811.000000;0.000000;27195.000000;10051.000000;0.000000;1235.197876
927.000000;10051.000000;11287.000000;0.000000;31361.000000;10051.000000;0.000000;1236.634033
928.000000;10051.000000;10296.000000;0.000000;18213.000000;10051.000000;0.000000;1238.046021
929.000000;10051.000000;11726.000000;0.000000;41481.000000;10051.000000;0.000000;1239.456177
930.000000;10051.000000;10725.000000;0.000000;25502.000000;10051.000000;0.000000;1240.864746
931.000000;10051.000000;11704.000000;0.000000;31150.000000;10051.000000;0.000000;1242.296875
932.000000;10051.000000;10849.000000;0.000000;20171.000000;10051.000000;0.000000;1243.725342
933.000000;10051.000000;10344.000000;0.000000;18488.000000;10051.000000;0.000000;1245.152344
934.000000;10051.000000;10096.000000;0.000000;20280.000000;10051.000000;0.000000;1246.637695
935.000000;10051.000000;10924.000000;0.000000;29425.000000;10051.000000;0.000000;1248.054688
936.000000;10051.000000;10222.000000;0.000000;29831.000000;10051.000000;0.000000;1249.472778
937.000000;10051.000000;10335.000000;0.000000;23347.000000;10051.000000;0.000000;1250.744995
938.000000;10051.000000;11539.000000;0.000000;31555.000000;10051.000000;0.000000;1251.998291
939.000000;10051.000000;11336.000000;0.000000;85975.000000;10051.000000;0.000000;1253.271362
940.000000;10051.000000;12002.000000;0.000000;46674.000000;10051.000000;0.000000;1254.588989
941.000000;10051.000000;10190.000000;0.000000;31198.000000;10051.000000;0.000000;1256.140625
942.000000;10051.000000;11170.000000;0.000000;40730.000000;10051.000000;0.000000;1257.530396
943.000000;10051.000000;10027.000000;0.000000;15992.000000;10051.000000;0.000000;1258.934570
944.000000;10051.000000;11736.000000;0.000000;55600.000000;10051.000000;0.000000;1260.350952
945.000000;10051.000000;12198.000000;0.000000;52842.000000;10051.000000;0.000000;1261.772827
946.000000;10051.000000;11460.000000;0.000000;18433.000000;10051.000000;0.000000;1263.190918
947.000000;10051.000000;11687.000000;0.000000;30136.000000;10051.000000;0.000000;1264.608398
948.000000;10051.000000;9699.000000;0.000000;21878.000000;10051.000000;0.000000;1266.055054
949.000000;10051.000000;11231.000000;0.000000;34092.000000;10051.000000;0.000000;1267.473022
950.000000;10051.000000;11847.000000;0.000000;30788.000000;10051.000000;0.000000;1268.936279
951.000000;10051.000000;11283.000000;0.000000;19476.000000;10051.000000;0.000000;1270.374146
952.000000;10051.000000;11000.000000;0.000000;30117.000000;10051.000000;0.000000;1271.802368
953.000000;10051.000000;11048.000000;0.000000;35034.000000;10051.000000;0.000000;1273.233765
954.000000;10051.000000;10799.000000;0.000000;11742.000000;10051.000000;0.000000;1274.606812
955.000000;10051.000000;10777.000000;0.000000;30774.000000;10051.000000;0.000000;1275.896729
956.000000;10051.000000;10871.000000;0.000000;37159.000000;10051.000000;0.000000;1277.160522
957.000000;10051.000000;11297.000000;0.000000;38146.000000;10051.000000;0.000000;1278.422607
958.000000;10051.000000;10382.000000;0.000000;34550.000000;10051.000000;0.000000;1279.685181
959.000000;10051.000000;11486.000000;0.000000;22196.000000;10051.000000;0.000000;1280.957642
960.000000;10051.000000;12051.000000;0.000000;25071.000000;10051.000000;0.000000;1282.292358
961.000000;10051.000000;11701.000000;0.000000;13967.000000;10051.000000;0.000000;1283.854370
962.000000;10051.000000;10769.000000;0.000000;28400.000000;10051.000000;0.000000;1285.270630
963.000000;10051.000000;11957.000000;0.000000;62788.000000;10051.000000;0.000000;1286.706665
964.000000;10051.000000;10518.000000;0.000000;40234.000000;10051.000000;0.000000;1288.128052
965.000000;10051.000000;11246.000000;0.000000;23779.000000;10051.000000;0.000000;1289.526978
966.000000;10051.000000;11290.000000;0.000000;21308.000000;10051.000000;0.000000;1291.027954
967.000000;10051.000000;10800.000000;0.000000;34404.000000;10051.000000;0.000000;1292.417603
968.000000;10051.000000;10395.000000;0.000000;23481.000000;10051.000000;0.000000;1293.807617
969.000000;10051.000000;12227.000000;0.000000;82663.000000;10051.000000;0.000000;1295.197266
970.000000;10051.000000;10178.000000;0.000000;24814.000000;10051.000000;0.000000;1296.701904
971.000000;10051.000000;11076.000000;0.000000;29950.000000;10051.000000;0.000000;1298.130981
972.000000;10051.000000;10294.000000;0.000000;19718.000000;10051.000000;0.000000;1299.742920
973.000000;10051.000000;10524.000000;0.000000;25853.000000;10051.000000;0.000000;1301.149902
974.000000;10051.000000;11525.000000;0.000000;57637.000000;10051.000000;0.000000;1302.557861
975.000000;10051.000000;11864.000000;0.000000;26132.000000;10051.000000;0.000000;1303.801636
976.000000;10051.000000;10190.000000;0.000000;19028.000000;10051.000000;0.000000;1305.041260
977.000000;10051.000000;10474.000000;0.000000;10153.000000;10051.000000;0.000000;1306.304565
978.000000;10051.000000;12137.000000;0.000000;39126.000000;10051.000000;0.000000;1307.547363
979.000000;10051.000000;11311.000000;0.000000;28632.000000;10051.000000;0.000000;1308.794800
980.000000;10051.000000;10591.000000;0.000000;14846.000000;10051.000000;0.000000;1310.037109
981.000000;10051.000000;9908.000000;0.000000;20194.000000;10051.000000;0.000000;1311.540649
982.000000;10051.000000;11485.000000;0.000000;30677.000000;10051.000000;0.000000;1312.917847
983.000000;10051.000000;11853.000000;0.000000;56699.000000;10051.000000;0.000000;1314.302002
984.000000;10051.000000;11089.000000;0.000000;32182.000000;10051.000000;0.000000;1315.696655
985.000000;10051.000000;9975.000000;0.000000;22034.000000;10051.000000;0.000000;1317.112183
986.000000;10051.000000;9789.000000;0.000000;22275.000000;10051.000000;0.000000;1318.513184
987.000000;10051.000000;11372.000000;0.000000;19777.000000;10051.000000;0.000000;1319.920776
988.000000;10051.000000;10967.000000;0.000000;12256.000000;10051.000000;0.000000;1321.325562
989.000000;10051.000000;11369.000000;0.000000;19000.000000;10051.000000;0.000000;1322.733032
990.000000;10051.000000;11572.000000;0.000000;26455.000000;10051.000000;0.000000;1324.177246
991.000000;10051.000000;11405.000000;0.000000;28487.000000;10051.000000;0.000000;1325.602173
992.000000;10051.000000;10673.000000;0.000000;18738.000000;10051.000000;0.000000;1327.046143
993.000000;10051.000000;10571.000000;0.000000;26305.000000;10051.000000;0.000000;1328.477173
994.000000;10051.000000;11099.000000;0.000000;27084.000000;10051.000000;0.000000;1329.955566
995.000000;10051.000000;10115.000000;0.000000;19026.000000;10051.000000;0.000000;1331.215332
996.000000;10051.000000;10152.000000;0.000000;16983.000000;10051.000000;0.000000;1332.473267
997.000000;10051.000000;11917.000000;0.000000;40324.000000;10051.000000;0.000000;1333.731079
998.000000;10051.000000;11833.000000;0.000000;37473.000000;10051.000000;0.000000;1334.986572
999.000000;10051.000000;9424.000000;0.000000;30189.000000;10051.000000;0.000000;1336.505737
1000.000000;10051.000000;10839.000000;0.000000;25366.000000;10051.000000;0.000000;1337.976440
1001.000000;10051.000000;10890.000000;0.000000;25681.000000;10051.000000;0.000000;1339.501831
1002.000000;10051.000000;11808.000000;0.000000;17019.000000;10051.000000;0.000000;1340.889404
1003.000000;10051.000000;11508.000000;0.000000;38978.000000;10051.000000;0.000000;1342.277588
1004.000000;10051.000000;11992.000000;0.000000;52341.000000;10051.000000;0.000000;1343.680786
1005.000000;10051.000000;12319.000000;0.000000;74396.000000;10051.000000;0.000000;1345.082275
1006.000000;10051.000000;11433.000000;0.000000;13179.000000;10051.000000;0.000000;1346.510254
1007.000000;10051.000000;10984.000000;0.000000;19008.000000;10051.000000;0.000000;1347.912231
1008.000000;10051.000000;10029.000000;0.000000;19021.000000;10051.000000;0.000000;1349.297974
1009.000000;10051.000000;12007.000000;0.000000;35543.000000;10051.000000;0.000000;1350.680054
1010.000000;10051.000000;10782.000000;0.000000;33256.000000;10051.000000;0.000000;1352.092896
1011.000000;10051.000000;11672.000000;0.000000;43541.000000;10051.000000;0.000000;1353.489258
1012.000000;10051.000000;10998.000000;0.000000;19691.000000;10051.000000;0.000000;1354.895386
1013.000000;10051.000000;12031.000000;0.000000;46250.000000;10051.000000;0.000000;1356.322266
1014.000000;10051.000000;11445.000000;0.000000;54651.000000;10051.000000;0.000000;1357.696899
1015.000000;10051.000000;10210.000000;0.000000;15550.000000;10051.000000;0.000000;1358.940063
1016.000000;10051.000000;10298.000000;0.000000;21245.000000;10051.000000;0.000000;1360.175415
1017.000000;10051.000000;12241.000000;0.000000;48782.000000;10051.000000;0.000000;1361.427490
1018.000000;10051.000000;11083.000000;0.000000;18531.000000;10051.000000;0.000000;1362.696777
1019.000000;10051.000000;9774.000000;0.000000;45164.000000;10051.000000;0.000000;1363.935547
1020.000000;10051.000000;10681.000000;0.000000;28388.000000;10051.000000;0.000000;1365.172852
1021.000000;10051.000000;9739.000000;0.000000;26517.000000;10051.000000;0.000000;1366.750610
1022.000000;10051.000000;11421.000000;0.000000;25862.000000;10051.000000;0.000000;1368.114624
1023.000000;10051.000000;9814.000000;0.000000;16336.000000;10051.000000;0.000000;1369.525635
1024.000000;10051.000000;11744.000000;0.000000;47557.000000;10051.000000;0.000000;1370.909546
1025.000000;10051.000000;10321.000000;0.000000;27251.000000;10051.000000;0.000000;1372.286743
1026.000000;10051.000000;11585.000000;0.000000;46877.000000;10051.000000;0.000000;1373.666260
1027.000000;10051.000000;11832.000000;0.000000;18107.000000;10051.000000;0.000000;1375.055664
1028.000000;10051.000000;9774.000000;0.000000;24527.000000;10051.000000;0.000000;1376.460693
1029.000000;10051.000000;10337.000000;0.000000;20579.000000;10051.000000;0.000000;1377.842407
1030.000000;10051.000000;13282.000000;0.000000;77603.000000;10051.000000;0.000000;1379.271118
1031.000000;10051.000000;10643.000000;0.000000;24024.000000;10051.000000;0.000000;1380.683838
1032.000000;10051.000000;10089.000000;0.000000;24667.000000;10051.000000;0.000000;1382.096802
1033.000000;10051.000000;11222.000000;0.000000;49170.000000;10051.000000;0.000000;1383.548462
1034.000000;10051.000000;12213.000000;0.000000;58887.000000;10051.000000;0.000000;1384.925171
1035.000000;10051.000000;11896.000000;0.000000;42456.000000;10051.000000;0.000000;1386.171875
1036.000000;10051.000000;11626.000000;0.000000;59842.000000;10051.000000;0.000000;1387.460693
1037.000000;10051.000000;10969.000000;0.000000;28374.000000;10051.000000;0.000000;1388.709229
1038.000000;10051.000000;8903.000000;0.000000;49618.000000;10051.000000;0.000000;1389.951294
1039.000000;10051.000000;10724.000000;0.000000;15610.000000;10051.000000;0.000000;1391.189087
1040.000000;10051.000000;10701.000000;0.000000;16083.000000;10051.000000;0.000000;1392.432983
1041.000000;10051.000000;11003.000000;0.000000;12028.000000;10051.000000;0.000000;1393.929321
1042.000000;10051.000000;10888.000000;0.000000;24115.000000;10051.000000;0.000000;1395.308472
1043.000000;10051.000000;11179.000000;0.000000;55243.000000;10051.000000;0.000000;1396.722778
1044.000000;10051.000000;12735.000000;0.000000;56053.000000;10051.000000;0.000000;1398.108887
1045.000000;10051.000000;10889.000000;0.000000;33586.000000;10051.000000;0.000000;1399.519775
1046.000000;10051.000000;9516.000000;0.000000;26548.000000;10051.000000;0.000000;1400.927368
1047.000000;10051.000000;10574.000000;0.000000;16519.000000;10051.000000;0.000000;1402.314209
1048.000000;10051.000000;10045.000000;0.000000;36265.000000;10051.000000;0.000000;1403.704102
1049.000000;10051.000000;9961.000000;0.000000;15876.000000;10051.000000;0.000000;1405.092651
1050.000000;10051.000000;10346.000000;0.000000;21638.000000;10051.000000;0.000000;1406.549194
1051.000000;10051.000000;10240.000000;0.000000;19457.000000;10051.000000;0.000000;1407.957397
1052.000000;10051.000000;10478.000000;0.000000;22221.000000;10051.000000;0.000000;1409.373169
1053.000000;10051.000000;10317.000000;0.000000;30335.000000;10051.000000;0.000000;1410.790527
1054.000000;10051.000000;12396.000000;0.000000;76300.000000;10051.000000;0.000000;1412.181030
1055.000000;10051.000000;11629.000000;0.000000;49425.000000;10051.000000;0.000000;1413.431885
1056.000000;10051.000000;11517.000000;0.000000;28924.000000;10051.000000;0.000000;1414.678955
1057.000000;10051.000000;10911.000000;0.000000;37642.000000;10051.000000;0.000000;1415.930054
1058.000000;10051.000000;9652.000000;0.000000;20282.000000;10051.000000;0.000000;1417.206055
1059.000000;10051.000000;10708.000000;0.000000;45496.000000;10051.000000;0.000000;1418.457642
1060.000000;10051.000000;12555.000000;0.000000;64436.000000;10051.000000;0.000000;1419.705566
1061.000000;10051.000000;11509.000000;0.000000;14821.000000;10051.000000;0.000000;1421.224731
1062.000000;10051.000000;11123.000000;0.000000;22636.000000;10051.000000;0.000000;1422.640137
1063.000000;10051.000000;11127.000000;0.000000;17259.000000;10051.000000;0.000000;1424.028931
1064.000000;10051.000000;10831.000000;0.000000;31239.000000;10051.000000;0.000000;1425.477661
1065.000000;10051.000000;11380.000000;0.000000;21614.000000;10051.000000;0.000000;1426.917725
1066.000000;10051.000000;11607.000000;0.000000;70574.000000;10051.000000;0.000000;1428.321899
1067.000000;10051.000000;10693.000000;0.000000;15855.000000;10051.000000;0.000000;1429.724854
1068.000000;10051.000000;10630.000000;0.000000;19884.000000;10051.000000;0.000000;1431.124878
1069.000000;10051.000000;10171.000000;0.000000;25210.000000;10051.000000;0.000000;1432.526611
1070.000000;10051.000000;10410.000000;0.000000;15735.000000;10051.000000;0.000000;1433.925659
1071.000000;10051.000000;11149.000000;0.000000;32245.000000;10051.000000;0.000000;1435.337891
1072.000000;10051.000000;11964.000000;0.000000;32292.000000;10051.000000;0.000000;1436.791504
1073.000000;10051.000000;11008.000000;0.000000;25658.000000;10051.000000;0.000000;1438.228882
1074.000000;10051.000000;11278.000000;0.000000;18758.000000;10051.000000;0.000000;1439.631836
1075.000000;10051.000000;11868.000000;0.000000;55628.000000;10051.000000;0.000000;1441.034180
1076.000000;10051.000000;11038.000000;0.000000;28109.000000;10051.000000;0.000000;1442.434692
1077.000000;10051.000000;12034.000000;0.000000;44602.000000;10051.000000;0.000000;1443.683594
1078.000000;10051.000000;11588.000000;0.000000;23564.000000;10051.000000;0.000000;1444.906616
1079.000000;10051.000000;10870.000000;0.000000;15456.000000;10051.000000;0.000000;1446.135254
1080.000000;10051.000000;11521.000000;0.000000;28524.000000;10051.000000;0.000000;1447.391846
1081.000000;10051.000000;10645.000000;0.000000;20214.000000;10051.000000;0.000000;1448.889893
1082.000000;10051.000000;11919.000000;0.000000;20071.000000;10051.000000;0.000000;1450.253784
1083.000000;10051.000000;10948.000000;0.000000;30621.000000;10051.000000;0.000000;1451.627930
1084.000000;10051.000000;11515.000000;0.000000;45165.000000;10051.000000;0.000000;1453.009155
1085.000000;10051.000000;11640.000000;0.000000;26603.000000;10051.000000;0.000000;1454.390381
1086.000000;10051.000000;12319.000000;0.000000;53064.000000;10051.000000;0.000000;1455.766968
1087.000000;10051.000000;10397.000000;0.000000;8666.000000;10051.000000;0.000000;1457.182251
1088.000000;10051.000000;9455.000000;0.000000;35126.000000;10051.000000;0.000000;1458.559814
1089.000000;10051.000000;9840.000000;0.000000;16556.000000;10051.000000;0.000000;1459.958496
1090.000000;10051.000000;10729.000000;0.000000;26262.000000;10051.000000;0.000000;1461.367310
1091.000000;10051.000000;11291.000000;0.000000;15898.000000;10051.000000;0.000000;1462.759155
1092.000000;10051.000000;10147.000000;0.000000;23423.000000;10051.000000;0.000000;1464.151733
1093.000000;10051.000000;10729.000000;0.000000;28432.000000;10051.000000;0.000000;1465.543091
1094.000000;10051.000000;9898.000000;0.000000;16818.000000;10051.000000;0.000000;1466.967407
1095.000000;10051.000000;11075.000000;0.000000;17063.000000;10051.000000;0.000000;1468.224609
1096.000000;10051.000000;11973.000000;0.000000;61621.000000;10051.000000;0.000000;1469.478027
1097.000000;10051.000000;11241.000000;0.000000;17592.000000;10051.000000;0.000000;1470.723145
1098.000000;10051.000000;10482.000000;0.000000;18267.000000;10051.000000;0.000000;1471.967651
1099.000000;10051.000000;10802.000000;0.000000;21640.000000;10051.000000;0.000000;1473.212158
1100.000000;10051.000000;10914.000000;0.000000;29741.000000;10051.000000;0.000000;1474.455444
1101.000000;10051.000000;11427.000000;0.000000;32546.000000;10051.000000;0.000000;1475.963501
1102.000000;10051.000000;11692.000000;0.000000;52347.000000;10051.000000;0.000000;1477.377075
1103.000000;10051.000000;11022.000000;0.000000;22606.000000;10051.000000;0.000000;1478.761108
1104.000000;10051.000000;11746.000000;0.000000;21921.000000;10051.000000;0.000000;1480.154785
1105.000000;10051.000000;11495.000000;0.000000;45956.000000;10051.000000;0.000000;1481.544800
1106.000000;10051.000000;10213.000000;0.000000;27301.000000;10051.000000;0.000000;1483.035034
1107.000000;10051.000000;12479.000000;0.000000;98344.000000;10051.000000;0.000000;1484.438354
1108.000000;10051.000000;11543.000000;0.000000;36869.000000;10051.000000;0.000000;1485.830811
1109.000000;10051.000000;10783.000000;0.000000;15895.000000;10051.000000;0.000000;1487.248779
1110.000000;10051.000000;9208.000000;0.000000;24176.000000;10051.000000;0.000000;1488.679077
1111.000000;10051.000000;10982.000000;0.000000;12600.000000;10051.000000;0.000000;1490.089844
1112.000000;10051.000000;12820.000000;0.000000;52466.000000;10051.000000;0.000000;1491.498291
1113.000000;10051.000000;12582.000000;0.000000;66981.000000;10051.000000;0.000000;1492.905518
1114.000000;10051.000000;10401.000000;0.000000;24039.000000;10051.000000;0.000000;1494.277954
1115.000000;10051.000000;10660.000000;0.000000;15572.000000;10051.000000;0.000000;1495.533936
1116.000000;10051.000000;10144.000000;0.000000;19673.000000;10051.000000;0.000000;1496.805420
1117.000000;10051.000000;10488.000000;0.000000;20892.000000;10051.000000;0.000000;1498.083130
1118.000000;10051.000000;12029.000000;0.000000;19544.000000;10051.000000;0.000000;1499.338135
1119.000000;10051.000000;10320.000000;0.000000;43454.000000;10051.000000;0.000000;1500.590576
1120.000000;10051.000000;10889.000000;0.000000;25660.000000;10051.000000;0.000000;1501.841187
1121.000000;10051.000000;10681.000000;0.000000;18454.000000;10051.000000;0.000000;1503.404175
1122.000000;10051.000000;10256.000000;0.000000;25193.000000;10051.000000;0.000000;1504.803589
1123.000000;10051.000000;11801.000000;0.000000;41626.000000;10051.000000;0.000000;1506.204468
1124.000000;10051.000000;10270.000000;0.000000;20413.000000;10051.000000;0.000000;1507.657104
1125.000000;10051.000000;10927.000000;0.000000;33964.000000;10051.000000;0.000000;1509.072876
1126.000000;10051.000000;10863.000000;0.000000;38617.000000;10051.000000;0.000000;1510.481201
1127.000000;10051.000000;9327.000000;0.000000;32594.000000;10051.000000;0.000000;1511.887573
1128.000000;10051.000000;12635.000000;0.000000;69416.000000;10051.000000;0.000000;1513.293701
1129.000000;10051.000000;9248.000000;0.000000;40406.000000;10051.000000;0.000000;1514.701782
1130.000000;10051.000000;11741.000000;0.000000;24254.000000;10051.000000;0.000000;1516.145508
1131.000000;10051.000000;10190.000000;0.000000;23703.000000;10051.000000;0.000000;1517.600220
1132.000000;10051.000000;13055.000000;0.000000;87476.000000;10051.000000;0.000000;1519.025879
1133.000000;10051.000000;10299.000000;0.000000;24698.000000;10051.000000;0.000000;1520.446533
1134.000000;10051.000000;11007.000000;0.000000;16942.000000;10051.000000;0.000000;1521.815308
1135.000000;10051.000000;10886.000000;0.000000;23989.000000;10051.000000;0.000000;1523.076172
1136.000000;10051.000000;10630.000000;0.000000;30056.000000;10051.000000;0.000000;1524.337280
1137.000000;10051.000000;12536.000000;0.000000;78111.000000;10051.000000;0.000000;1525.595947
1138.000000;10051.000000;9381.000000;0.000000;29668.000000;10051.000000;0.000000;1526.868408
1139.000000;10051.000000;10093.000000;0.000000;27945.000000;10051.000000;0.000000;1528.161011
1140.000000;10051.000000;11149.000000;0.000000;25602.000000;10051.000000;0.000000;1529.424683
1141.000000;10051.000000;9761.000000;0.000000;34079.000000;10051.000000;0.000000;1530.962280
1142.000000;10051.000000;11637.000000;0.000000;25707.000000;10051.000000;0.000000;1532.374878
1143.000000;10051.000000;10219.000000;0.000000;27253.000000;10051.000000;0.000000;1533.919922
1144.000000;10051.000000;10556.000000;0.000000;14576.000000;10051.000000;0.000000;1535.344238
1145.000000;10051.000000;12597.000000;0.000000;59988.000000;10051.000000;0.000000;1536.764648
1146.000000;10051.000000;11522.000000;0.000000;30723.000000;10051.000000;0.000000;1538.210449
1147.000000;10051.000000;10388.000000;0.000000;21066.000000;10051.000000;0.000000;1539.627686
1148.000000;10051.000000;11218.000000;0.000000;28257.000000;10051.000000;0.000000;1541.041382
1149.000000;10051.000000;12775.000000;0.000000;66084.000000;10051.000000;0.000000;1542.557251
1150.000000;10051.000000;9913.000000;0.000000;20364.000000;10051.000000;0.000000;1544.011597
1151.000000;10051.000000;10937.000000;0.000000;17520.000000;10051.000000;0.000000;1545.441528
1152.000000;10051.000000;10485.000000;0.000000;26867.000000;10051.000000;0.000000;1546.877441
1153.000000;10051.000000;11895.000000;0.000000;39305.000000;10051.000000;0.000000;1548.334106
1154.000000;10051.000000;9978.000000;0.000000;29183.000000;10051.000000;0.000000;1549.703613
1155.000000;10051.000000;10003.000000;0.000000;21557.000000;10051.000000;0.000000;1550.989868
1156.000000;10051.000000;11336.000000;0.000000;17891.000000;10051.000000;0.000000;1552.263062
1157.000000;10051.000000;11000.000000;0.000000;13732.000000;10051.000000;0.000000;1553.534790
1158.000000;10051.000000;12101.000000;0.000000;45121.000000;10051.000000;0.000000;1554.806885
1159.000000;10051.000000;12880.000000;0.000000;97190.000000;10051.000000;0.000000;1556.071533
1160.000000;10051.000000;11615.000000;0.000000;51046.000000;10051.000000;0.000000;1557.352661
1161.000000;10051.000000;10124.000000;0.000000;15631.000000;10051.000000;0.000000;1558.896118
1162.000000;10051.000000;11546.000000;0.000000;37302.000000;10051.000000;0.000000;1560.272583
1163.000000;10051.000000;10711.000000;0.000000;16612.000000;10051.000000;0.000000;1561.650269
1164.000000;10051.000000;11492.000000;0.000000;52411.000000;10051.000000;0.000000;1563.038330
1165.000000;10051.000000;8962.000000;0.000000;15562.000000;10051.000000;0.000000;1564.434204
1166.000000;10051.000000;11047.000000;0.000000;46232.000000;10051.000000;0.000000;1565.824097
1167.000000;10051.000000;9700.000000;0.000000;20903.000000;10051.000000;0.000000;1567.212036
1168.000000;10051.000000;12163.000000;0.000000;42061.000000;10051.000000;0.000000;1568.639404
1169.000000;10051.000000;10838.000000;0.000000;21043.000000;10051.000000;0.000000;1570.029053
1170.000000;10051.000000;11547.000000;0.000000;30785.000000;10051.000000;0.000000;1571.569458
1171.000000;10051.000000;12411.000000;0.000000;33921.000000;10051.000000;0.000000;1572.980347
1172.000000;10051.000000;13039.000000;0.000000;106652.000000;10051.000000;0.000000;1574.387817
1173.000000;10051.000000;11159.000000;0.000000;33849.000000;10051.000000;0.000000;1575.794067
1174.000000;10051.000000;11041.000000;0.000000;17280.000000;10051.000000;0.000000;1577.174316
1175.000000;10051.000000;9158.000000;0.000000;26755.000000;10051.000000;0.000000;1578.448730
1176.000000;10051.000000;11984.000000;0.000000;78878.000000;10051.000000;0.000000;1579.689087
1177.000000;10051.000000;10328.000000;0.000000;27442.000000;10051.000000;0.000000;1580.927002
1178.000000;10051.000000;10506.000000;0.000000;21020.000000;10051.000000;0.000000;1582.166504
1179.000000;10051.000000;12722.000000;0.000000;91111.000000;10051.000000;0.000000;1583.405518
1180.000000;10051.000000;11456.000000;0.000000;37638.000000;10051.000000;0.000000;1584.644775
1181.000000;10051.000000;10150.000000;0.000000;24418.000000;10051.000000;0.000000;1586.151978
1182.000000;10051.000000;11142.000000;0.000000;15352.000000;10051.000000;0.000000;1587.547363
1183.000000;10051.000000;11132.000000;0.000000;34103.000000;10051.000000;0.000000;1588.922852
1184.000000;10051.000000;10520.000000;0.000000;17939.000000;10051.000000;0.000000;1590.293213
1185.000000;10051.000000;11199.000000;0.000000;24245.000000;10051.000000;0.000000;1591.658813
1186.000000;10051.000000;10177.000000;0.000000;18608.000000;10051.000000;0.000000;1593.025391
1187.000000;10051.000000;10630.000000;0.000000;20299.000000;10051.000000;0.000000;1594.395508
1188.000000;10051.000000;11405.000000;0.000000;39819.000000;10051.000000;0.000000;1595.762451
1189.000000;10051.000000;9596.000000;0.000000;31787.000000;10051.000000;0.000000;1597.128540
1190.000000;10051.000000;11923.000000;0.000000;52734.000000;10051.000000;0.000000;1598.550659
1191.000000;10051.000000;11245.000000;0.000000;20545.000000;10051.000000;0.000000;1599.929932
1192.000000;10051.000000;9061.000000;0.000000;16935.000000;10051.000000;0.000000;1601.311768
1193.000000;10051.000000;10523.000000;0.000000;24685.000000;10051.000000;0.000000;1602.723145
1194.000000;10051.000000;11178.000000;0.000000;44045.000000;10051.000000;0.000000;1604.100464
1195.000000;10051.000000;10462.000000;0.000000;17203.000000;10051.000000;0.000000;1605.338501
1196.000000;10051.000000;10946.000000;0.000000;23008.000000;10051.000000;0.000000;1606.564087
1197.000000;10051.000000;11497.000000;0.000000;31939.000000;10051.000000;0.000000;1607.820068
1198.000000;10051.000000;11629.000000;0.000000;37608.000000;10051.000000;0.000000;1609.052856
1199.000000;10051.000000;10598.000000;0.000000;18735.000000;10051.000000;0.000000;1610.280151
1200.000000;10051.000000;10710.000000;0.000000;27930.000000;10051.000000;0.000000;1611.507812
1201.000000;10051.000000;9914.000000;0.000000;9893.000000;10051.000000;0.000000;1613.067383
1202.000000;10051.000000;10957.000000;0.000000;49949.000000;10051.000000;0.000000;1614.437012
1203.000000;10051.000000;11054.000000;0.000000;27974.000000;10051.000000;0.000000;1615.800781
1204.000000;10051.000000;11262.000000;0.000000;37129.000000;10051.000000;0.000000;1617.175415
1205.000000;10051.000000;11922.000000;0.000000;52099.000000;10051.000000;0.000000;1618.574951
1206.000000;10051.000000;9721.000000;0.000000;14270.000000;10051.000000;0.000000;1619.956055
1207.000000;10051.000000;10466.000000;0.000000;22644.000000;10051.000000;0.000000;1621.333496
1208.000000;10051.000000;11029.000000;0.000000;40955.000000;10051.000000;0.000000;1622.711914
1209.000000;10051.000000;10287.000000;0.000000;22225.000000;10051.000000;0.000000;1624.092407
1210.000000;10051.000000;11504.000000;0.000000;28081.000000;10051.000000;0.000000;1625.476807
1211.000000;10051.000000;11698.000000;0.000000;44464.000000;10051.000000;0.000000;1626.858032
1212.000000;10051.000000;10954.000000;0.000000;22235.000000;10051.000000;0.000000;1628.275635
1213.000000;10051.000000;11697.000000;0.000000;46304.000000;10051.000000;0.000000;1629.689697
1214.000000;10051.000000;11531.000000;0.000000;41547.000000;10051.000000;0.000000;1631.081787
1215.000000;10051.000000;10986.000000;0.000000;21730.000000;10051.000000;0.000000;1632.471924
1216.000000;10051.000000;11442.000000;0.000000;37197.000000;10051.000000;0.000000;1633.957275
1217.000000;10051.000000;11930.000000;0.000000;25979.000000;10051.000000;0.000000;1635.319214
1218.000000;10051.000000;10947.000000;0.000000;21681.000000;10051.000000;0.000000;1636.551392
1219.000000;10051.000000;11354.000000;0.000000;20581.000000;10051.000000;0.000000;1637.789917
1220.000000;10051.000000;11406.000000;0.000000;17893.000000;10051.000000;0.000000;1639.044678
1221.000000;10051.000000;10983.000000;0.000000;41107.000000;10051.000000;0.000000;1640.526489
1222.000000;10051.000000;10880.000000;0.000000;25591.000000;10051.000000;0.000000;1641.892578
1223.000000;10051.000000;11570.000000;0.000000;52318.000000;10051.000000;0.000000;1643.261230
1224.000000;10051.000000;12885.000000;0.000000;59899.000000;10051.000000;0.000000;1644.639526
1225.000000;10051.000000;9170.000000;0.000000;26876.000000;10051.000000;0.000000;1646.024170
1226.000000;10051.000000;12554.000000;0.000000;73205.000000;10051.000000;0.000000;1647.400635
1227.000000;10051.000000;9580.000000;0.000000;18022.000000;10051.000000;0.000000;1648.811035
1228.000000;10051.000000;11122.000000;0.000000;19742.000000;10051.000000;0.000000;1650.199341
1229.000000;10051.000000;12676.000000;0.000000;78845.000000;10051.000000;0.000000;1651.585815
1230.000000;10051.000000;12350.000000;0.000000;48047.000000;10051.000000;0.000000;1653.004639
1231.000000;10051.000000;10464.000000;0.000000;18746.000000;10051.000000;0.000000;1654.415649
1232.000000;10051.000000;10580.000000;0.000000;34340.000000;10051.000000;0.000000;1655.822754
1233.000000;10051.000000;10679.000000;0.000000;23575.000000;10051.000000;0.000000;1657.226685
1234.000000;10051.000000;10013.000000;0.000000;20754.000000;10051.000000;0.000000;1658.649780
1235.000000;10051.000000;10450.000000;0.000000;27800.000000;10051.000000;0.000000;1659.901123
1236.000000;10051.000000;10939.000000;0.000000;20670.000000;10051.000000;0.000000;1661.142212
1237.000000;10051.000000;12392.000000;0.000000;32453.000000;10051.000000;0.000000;1662.409302
1238.000000;10051.000000;11744.000000;0.000000;54705.000000;10051.000000;0.000000;1663.659302
1239.000000;10051.000000;10164.000000;0.000000;19710.000000;10051.000000;0.000000;1664.901855
1240.000000;10051.000000;11914.000000;0.000000;36077.000000;10051.000000;0.000000;1666.223877
1241.000000;10051.000000;11817.000000;0.000000;60857.000000;10051.000000;0.000000;1667.735352
1242.000000;10051.000000;12640.000000;0.000000;51865.000000;10051.000000;0.000000;1669.192749
1243.000000;10051.000000;10443.000000;0.000000;29714.000000;10051.000000;0.000000;1670.570557
1244.000000;10051.000000;11367.000000;0.000000;20373.000000;10051.000000;0.000000;1671.960571
1245.000000;10051.000000;9327.000000;0.000000;26296.000000;10051.000000;0.000000;1673.349487
1246.000000;10051.000000;11638.000000;0.000000;36267.000000;10051.000000;0.000000;1674.745239
1247.000000;10051.000000;11515.000000;0.000000;38850.000000;10051.000000;0.000000;1676.142578
1248.000000;10051.000000;10440.000000;0.000000;12864.000000;10051.000000;0.000000;1677.531372
1249.000000;10051.000000;10359.000000;0.000000;15345.000000;10051.000000;0.000000;1678.954102
1250.000000;10051.000000;12599.000000;0.000000;53664.000000;10051.000000;0.000000;1680.389893
1251.000000;10051.000000;12341.000000;0.000000;33066.000000;10051.000000;0.000000;1681.811035
1252.000000;10051.000000;10556.000000;0.000000;19674.000000;10051.000000;0.000000;1683.235840
1253.000000;10051.000000;12029.000000;0.000000;34174.000000;10051.000000;0.000000;1684.752441
1254.000000;10051.000000;12968.000000;0.000000;53791.000000;10051.000000;0.000000;1686.464233
1255.000000;10051.000000;12188.000000;0.000000;43192.000000;10051.000000;0.000000;1687.874268
1256.000000;10051.000000;11210.000000;0.000000;34677.000000;10051.000000;0.000000;1689.115967
1257.000000;10051.000000;11446.000000;0.000000;51918.000000;10051.000000;0.000000;1690.391724
1258.000000;10051.000000;9467.000000;0.000000;25240.000000;10051.000000;0.000000;1691.662231
1259.000000;10051.000000;12023.000000;0.000000;39361.000000;10051.000000;0.000000;1692.916504
1260.000000;10051.000000;12389.000000;0.000000;65183.000000;10051.000000;0.000000;1694.170288
1261.000000;10051.000000;10865.000000;0.000000;14823.000000;10051.000000;0.000000;1695.680908
1262.000000;10051.000000;10481.000000;0.000000;26120.000000;10051.000000;0.000000;1697.069702
1263.000000;10051.000000;11360.000000;0.000000;21919.000000;10051.000000;0.000000;1698.496460
1264.000000;10051.000000;9742.000000;0.000000;19380.000000;10051.000000;0.000000;1699.899170
1265.000000;10051.000000;11472.000000;0.000000;25022.000000;10051.000000;0.000000;1701.306396
1266.000000;10051.000000;9847.000000;0.000000;21838.000000;10051.000000;0.000000;1702.705688
1267.000000;10051.000000;9253.000000;0.000000;57589.000000;10051.000000;0.000000;1704.107422
1268.000000;10051.000000;11174.000000;0.000000;24864.000000;10051.000000;0.000000;1705.509277
1269.000000;10051.000000;11710.000000;0.000000;49494.000000;10051.000000;0.000000;1706.909546
1270.000000;10051.000000;11645.000000;0.000000;58325.000000;10051.000000;0.000000;1708.373535
1271.000000;10051.000000;10533.000000;0.000000;32679.000000;10051.000000;0.000000;1709.812134
1272.000000;10051.000000;11171.000000;0.000000;28392.000000;10051.000000;0.000000;1711.255005
1273.000000;10051.000000;10439.000000;0.000000;35254.000000;10051.000000;0.000000;1712.684448
1274.000000;10051.000000;10944.000000;0.000000;30795.000000;10051.000000;0.000000;1714.083740
1275.000000;10051.000000;11209.000000;0.000000;16538.000000;10051.000000;0.000000;1715.350342
1276.000000;10051.000000;12660.000000;0.000000;70875.000000;10051.000000;0.000000;1716.613647
1277.000000;10051.000000;10801.000000;0.000000;22505.000000;10051.000000;0.000000;1717.880371
1278.000000;10051.000000;12223.000000;0.000000;38748.000000;10051.000000;0.000000;1719.180786
1279.000000;10051.000000;9717.000000;0.000000;34539.000000;10051.000000;0.000000;1720.443359
1280.000000;10051.000000;10107.000000;0.000000;16333.000000;10051.000000;0.000000;1721.703003
1281.000000;10051.000000;10926.000000;0.000000;23337.000000;10051.000000;0.000000;1723.327148
1282.000000;10051.000000;10259.000000;0.000000;26111.000000;10051.000000;0.000000;1724.727661
1283.000000;10051.000000;11497.000000;0.000000;25926.000000;10051.000000;0.000000;1726.129028
1284.000000;10051.000000;9720.000000;0.000000;22034.000000;10051.000000;0.000000;1727.544067
1285.000000;10051.000000;10543.000000;0.000000;22032.000000;10051.000000;0.000000;1729.470093
1286.000000;10051.000000;10032.000000;0.000000;17240.000000;10051.000000;0.000000;1730.891724
1287.000000;10051.000000;11252.000000;0.000000;32587.000000;10051.000000;0.000000;1732.311523
1288.000000;10051.000000;10550.000000;0.000000;14818.000000;10051.000000;0.000000;1733.743774
1289.000000;10051.000000;11802.000000;0.000000;65491.000000;10051.000000;0.000000;1735.178467
1290.000000;10051.000000;11264.000000;0.000000;24685.000000;10051.000000;0.000000;1736.600098
1291.000000;10051.000000;12271.000000;0.000000;106006.000000;10051.000000;0.000000;1738.074463
1292.000000;10051.000000;11307.000000;0.000000;25090.000000;10051.000000;0.000000;1739.637451
1293.000000;10051.000000;11247.000000;0.000000;28596.000000;10051.000000;0.000000;1741.239624
1294.000000;10051.000000;8953.000000;0.000000;20779.000000;10051.000000;0.000000;1742.656494
1295.000000;10051.000000;10298.000000;0.000000;25702.000000;10051.000000;0.000000;1744.070557
1296.000000;10051.000000;12015.000000;0.000000;63650.000000;10051.000000;0.000000;1745.468872
1297.000000;10051.000000;10991.000000;0.000000;27203.000000;10051.000000;0.000000;1746.871338
1298.000000;10051.000000;9819.000000;0.000000;16759.000000;10051.000000;0.000000;1748.288574
1299.000000;10051.000000;11566.000000;0.000000;43225.000000;10051.000000;0.000000;1749.577393
1300.000000;10051.000000;12869.000000;0.000000;76239.000000;10051.000000;0.000000;1750.826660
1301.000000;10051.000000;10632.000000;0.000000;26022.000000;10051.000000;0.000000;1752.256348
1302.000000;10051.000000;9279.000000;0.000000;55902.000000;10051.000000;0.000000;1753.643066
1303.000000;10051.000000;10315.000000;0.000000;9720.000000;10051.000000;0.000000;1755.027222
1304.000000;10051.000000;11059.000000;0.000000;29849.000000;10051.000000;0.000000;1756.419800
1305.000000;10051.000000;13383.000000;0.000000;106282.000000;10051.000000;0.000000;1757.823730
1306.000000;10051.000000;10639.000000;0.000000;18424.000000;10051.000000;0.000000;1759.250366
1307.000000;10051.000000;11427.000000;0.000000;24602.000000;10051.000000;0.000000;1760.649292
1308.000000;10051.000000;10493.000000;0.000000;31298.000000;10051.000000;0.000000;1762.046265
1309.000000;10051.000000;11327.000000;0.000000;51128.000000;10051.000000;0.000000;1763.487183
1310.000000;10051.000000;11109.000000;0.000000;19132.000000;10051.000000;0.000000;1764.924561
1311.000000;10051.000000;11600.000000;0.000000;39081.000000;10051.000000;0.000000;1766.335327
1312.000000;10051.000000;10458.000000;0.000000;13866.000000;10051.000000;0.000000;1767.835083
1313.000000;10051.000000;10258.000000;0.000000;23570.000000;10051.000000;0.000000;1769.291260
1314.000000;10051.000000;9183.000000;0.000000;37232.000000;10051.000000;0.000000;1770.756104
1315.000000;10051.000000;10798.000000;0.000000;33825.000000;10051.000000;0.000000;1772.003174
1316.000000;10051.000000;10282.000000;0.000000;14459.000000;10051.000000;0.000000;1773.247681
1317.000000;10051.000000;11614.000000;0.000000;36873.000000;10051.000000;0.000000;1774.504639
1318.000000;10051.000000;12484.000000;0.000000;62868.000000;10051.000000;0.000000;1775.759644
1319.000000;10051.000000;11833.000000;0.000000;44912.000000;10051.000000;0.000000;1777.014160
1320.000000;10051.000000;10540.000000;0.000000;34912.000000;10051.000000;0.000000;1778.272949
1321.000000;10051.000000;11352.000000;0.000000;36179.000000;10051.000000;0.000000;1779.824585
1322.000000;10051.000000;10096.000000;0.000000;28869.000000;10051.000000;0.000000;1781.222290
1323.000000;10051.000000;12019.000000;0.000000;46450.000000;10051.000000;0.000000;1782.652954
1324.000000;10051.000000;9127.000000;0.000000;22626.000000;10051.000000;0.000000;1784.069824
1325.000000;10051.000000;11767.000000;0.000000;26489.000000;10051.000000;0.000000;1785.482910
1326.000000;10051.000000;10671.000000;0.000000;15402.000000;10051.000000;0.000000;1786.894287
1327.000000;10051.000000;11650.000000;0.000000;23117.000000;10051.000000;0.000000;1788.306641
1328.000000;10051.000000;10908.000000;0.000000;19455.000000;10051.000000;0.000000;1789.748779
1329.000000;10051.000000;11207.000000;0.000000;36080.000000;10051.000000;0.000000;1791.161499
1330.000000;10051.000000;9547.000000;0.000000;19913.000000;10051.000000;0.000000;1792.612061
1331.000000;10051.000000;11900.000000;0.000000;17824.000000;10051.000000;0.000000;1794.043579
1332.000000;10051.000000;11148.000000;0.000000;46188.000000;10051.000000;0.000000;1795.462891
1333.000000;10051.000000;11240.000000;0.000000;23501.000000;10051.000000;0.000000;1796.885864
1334.000000;10051.000000;9502.000000;0.000000;62161.000000;10051.000000;0.000000;1798.256348
1335.000000;10051.000000;10436.000000;0.000000;28029.000000;10051.000000;0.000000;1799.515869
1336.000000;10051.000000;13146.000000;0.000000;77109.000000;10051.000000;0.000000;1800.755005
1337.000000;10051.000000;12329.000000;0.000000;57315.000000;10051.000000;0.000000;1801.983765
1338.000000;10051.000000;12244.000000;0.000000;39444.000000;10051.000000;0.000000;1803.219849
1339.000000;10051.000000;13111.000000;0.000000;52184.000000;10051.000000;0.000000;1804.460571
1340.000000;10051.000000;12088.000000;0.000000;41065.000000;10051.000000;0.000000;1805.705566
1341.000000;10051.000000;12117.000000;0.000000;64370.000000;10051.000000;0.000000;1807.204468
1342.000000;10051.000000;10646.000000;0.000000;17960.000000;10051.000000;0.000000;1808.586914
1343.000000;10051.000000;11385.000000;0.000000;29309.000000;10051.000000;0.000000;1809.983765
1344.000000;10051.000000;10359.000000;0.000000;28427.000000;10051.000000;0.000000;1811.370239
1345.000000;10051.000000;11300.000000;0.000000;27759.000000;10051.000000;0.000000;1812.757568
1346.000000;10051.000000;10086.000000;0.000000;12616.000000;10051.000000;0.000000;1814.147339
1347.000000;10051.000000;11696.000000;0.000000;27175.000000;10051.000000;0.000000;1815.536865
1348.000000;10051.000000;9471.000000;0.000000;25988.000000;10051.000000;0.000000;1816.923584
1349.000000;10051.000000;10517.000000;0.000000;27803.000000;10051.000000;0.000000;1818.314819
1350.000000;10051.000000;10614.000000;0.000000;45490.000000;10051.000000;0.000000;1819.765015
1351.000000;10051.000000;11301.000000;0.000000;56665.000000;10051.000000;0.000000;1821.169800
1352.000000;10051.000000;10980.000000;0.000000;24097.000000;10051.000000;0.000000;1822.570068
1353.000000;10051.000000;12017.000000;0.000000;41938.000000;10051.000000;0.000000;1823.973389
1354.000000;10051.000000;11316.000000;0.000000;31123.000000;10051.000000;0.000000;1825.357178
1355.000000;10051.000000;10629.000000;0.000000;25651.000000;10051.000000;0.000000;1826.593994
1356.000000;10051.000000;11189.000000;0.000000;30053.000000;10051.000000;0.000000;1827.828857
1357.000000;10051.000000;11329.000000;0.000000;27536.000000;10051.000000;0.000000;1829.082764
1358.000000;10051.000000;12805.000000;0.000000;69416.000000;10051.000000;0.000000;1830.335327
1359.000000;10051.000000;11813.000000;0.000000;46016.000000;10051.000000;0.000000;1831.571411
1360.000000;10051.000000;11513.000000;0.000000;34918.000000;10051.000000;0.000000;1832.814575
1361.000000;10051.000000;9122.000000;0.000000;45659.000000;10051.000000;0.000000;1834.469604
1362.000000;10051.000000;10676.000000;0.000000;21127.000000;10051.000000;0.000000;1835.850586
1363.000000;10051.000000;10444.000000;0.000000;17325.000000;10051.000000;0.000000;1837.233765
1364.000000;10051.000000;13892.000000;0.000000;133270.000000;10051.000000;0.000000;1838.641479
1365.000000;10051.000000;11416.000000;0.000000;44452.000000;10051.000000;0.000000;1840.071533
1366.000000;10051.000000;12364.000000;0.000000;50508.000000;10051.000000;0.000000;1841.459473
1367.000000;10051.000000;10819.000000;0.000000;29774.000000;10051.000000;0.000000;1842.878174
1368.000000;10051.000000;10640.000000;0.000000;12270.000000;10051.000000;0.000000;1844.266724
1369.000000;10051.000000;9414.000000;0.000000;23380.000000;10051.000000;0.000000;1845.654419
1370.000000;10051.000000;11029.000000;0.000000;28475.000000;10051.000000;0.000000;1847.085083
1371.000000;10051.000000;10282.000000;0.000000;29279.000000;10051.000000;0.000000;1848.492554
1372.000000;10051.000000;11010.000000;0.000000;21823.000000;10051.000000;0.000000;1849.925659
1373.000000;10051.000000;11307.000000;0.000000;23997.000000;10051.000000;0.000000;1851.338379
1374.000000;10051.000000;11290.000000;0.000000;7430.000000;10051.000000;0.000000;1852.722290
1375.000000;10051.000000;10396.000000;0.000000;15071.000000;10051.000000;0.000000;1853.963501
1376.000000;10051.000000;11500.000000;0.000000;24252.000000;10051.000000;0.000000;1855.206299
1377.000000;10051.000000;10018.000000;0.000000;17413.000000;10051.000000;0.000000;1856.445923
1378.000000;10051.000000;11634.000000;0.000000;34283.000000;10051.000000;0.000000;1857.679199
1379.000000;10051.000000;13594.000000;0.000000;95126.000000;10051.000000;0.000000;1858.929443
1380.000000;10051.000000;9280.000000;0.000000;32729.000000;10051.000000;0.000000;1860.217896
1381.000000;10051.000000;11635.000000;0.000000;37995.000000;10051.000000;0.000000;1861.731689
1382.000000;10051.000000;12663.000000;0.000000;57565.000000;10051.000000;0.000000;1863.138672
1383.000000;10051.000000;10791.000000;0.000000;25319.000000;10051.000000;0.000000;1864.607300
1384.000000;10051.000000;11496.000000;0.000000;25613.000000;10051.000000;0.000000;1866.022095
1385.000000;10051.000000;10895.000000;0.000000;25315.000000;10051.000000;0.000000;1867.440918
1386.000000;10051.000000;12663.000000;0.000000;97318.000000;10051.000000;0.000000;1868.862305
1387.000000;10051.000000;10551.000000;0.000000;23240.000000;10051.000000;0.000000;1870.298340
1388.000000;10051.000000;10931.000000;0.000000;30271.000000;10051.000000;0.000000;1871.722412
1389.000000;10051.000000;11872.000000;0.000000;50336.000000;10051.000000;0.000000;1873.123291
1390.000000;10051.000000;10668.000000;0.000000;20577.000000;10051.000000;0.000000;1874.564697
1391.000000;10051.000000;12296.000000;0.000000;87403.000000;10051.000000;0.000000;1875.990845
1392.000000;10051.000000;10833.000000;0.000000;13178.000000;10051.000000;0.000000;1877.413086
1393.000000;10051.000000;12829.000000;0.000000;33534.000000;10051.000000;0.000000;1878.839966
1394.000000;10051.000000;11275.000000;0.000000;28673.000000;10051.000000;0.000000;1880.246704
1395.000000;10051.000000;12508.000000;0.000000;48956.000000;10051.000000;0.000000;1881.499634
1396.000000;10051.000000;10846.000000;0.000000;11876.000000;10051.000000;0.000000;1882.749756
1397.000000;10051.000000;11252.000000;0.000000;20364.000000;10051.000000;0.000000;1884.001953
1398.000000;10051.000000;10551.000000;0.000000;20226.000000;10051.000000;0.000000;1885.249756
1399.000000;10051.000000;10542.000000;0.000000;23764.000000;10051.000000;0.000000;1886.492432
1400.000000;10051.000000;11969.000000;0.000000;45289.000000;10051.000000;0.000000;1887.735352
1401.000000;10051.000000;11250.000000;0.000000;43626.000000;10051.000000;0.000000;1889.276489
1402.000000;10051.000000;10076.000000;0.000000;21933.000000;10051.000000;0.000000;1890.709717
1403.000000;10051.000000;10953.000000;0.000000;17738.000000;10051.000000;0.000000;1892.122681
1404.000000;10051.000000;10852.000000;0.000000;19735.000000;10051.000000;0.000000;1893.605591
1405.000000;10051.000000;10866.000000;0.000000;28122.000000;10051.000000;0.000000;1895.047241
1406.000000;10051.000000;11688.000000;0.000000;59452.000000;10051.000000;0.000000;1896.476929
1407.000000;10051.000000;10253.000000;0.000000;24038.000000;10051.000000;0.000000;1897.905151
1408.000000;10051.000000;11238.000000;0.000000;40478.000000;10051.000000;0.000000;1899.335693
1409.000000;10051.000000;11556.000000;0.000000;27538.000000;10051.000000;0.000000;1900.787720
1410.000000;10051.000000;10302.000000;0.000000;32377.000000;10051.000000;0.000000;1902.216187
1411.000000;10051.000000;11462.000000;0.000000;51256.000000;10051.000000;0.000000;1903.653198
1412.000000;10051.000000;10144.000000;0.000000;16740.000000;10051.000000;0.000000;1905.104004
1413.000000;10051.000000;11456.000000;0.000000;43203.000000;10051.000000;0.000000;1906.545654
1414.000000;10051.000000;12387.000000;0.000000;39215.000000;10051.000000;0.000000;1907.987183
1415.000000;10051.000000;9770.000000;0.000000;21516.000000;10051.000000;0.000000;1909.429565
1416.000000;10051.000000;12629.000000;0.000000;70449.000000;10051.000000;0.000000;1910.844238
1417.000000;10051.000000;12095.000000;0.000000;31433.000000;10051.000000;0.000000;1912.112793
1418.000000;10051.000000;9900.000000;0.000000;22059.000000;10051.000000;0.000000;1913.377319
1419.000000;10051.000000;10109.000000;0.000000;16556.000000;10051.000000;0.000000;1914.659424
1420.000000;10051.000000;12992.000000;0.000000;97235.000000;10051.000000;0.000000;1915.919189
1421.000000;10051.000000;10776.000000;0.000000;21577.000000;10051.000000;0.000000;1917.593628
1422.000000;10051.000000;14609.000000;0.000000;123619.000000;10051.000000;0.000000;1919.310425
1423.000000;10051.000000;10325.000000;0.000000;22152.000000;10051.000000;0.000000;1920.731934
1424.000000;10051.000000;10116.000000;0.000000;22526.000000;10051.000000;0.000000;1922.124756
1425.000000;10051.000000;10026.000000;0.000000;26211.000000;10051.000000;0.000000;1923.522583
1426.000000;10051.000000;10793.000000;0.000000;24651.000000;10051.000000;0.000000;1924.938354
1427.000000;10051.000000;10482.000000;0.000000;16443.000000;10051.000000;0.000000;1926.336060
1428.000000;10051.000000;9507.000000;0.000000;26850.000000;10051.000000;0.000000;1927.730713
1429.000000;10051.000000;10328.000000;0.000000;23034.000000;10051.000000;0.000000;1929.139282
1430.000000;10051.000000;8918.000000;0.000000;42068.000000;10051.000000;0.000000;1930.599731
1431.000000;10051.000000;10850.000000;0.000000;45419.000000;10051.000000;0.000000;1932.037109
1432.000000;10051.000000;12896.000000;0.000000;118089.000000;10051.000000;0.000000;1933.445557
1433.000000;10051.000000;11964.000000;0.000000;43878.000000;10051.000000;0.000000;1934.849487
1434.000000;10051.000000;11343.000000;0.000000;24102.000000;10051.000000;0.000000;1936.157104
1435.000000;10051.000000;11362.000000;0.000000;24963.000000;10051.000000;0.000000;1937.388672
1436.000000;10051.000000;10511.000000;0.000000;12998.000000;10051.000000;0.000000;1938.622070
1437.000000;10051.000000;11192.000000;0.000000;20532.000000;10051.000000;0.000000;1939.867676
1438.000000;10051.000000;13080.000000;0.000000;66076.000000;10051.000000;0.000000;1941.121094
1439.000000;10051.000000;10631.000000;0.000000;18219.000000;10051.000000;0.000000;1942.372070
1440.000000;10051.000000;10496.000000;0.000000;36062.000000;10051.000000;0.000000;1943.614502
1441.000000;10051.000000;10217.000000;0.000000;14438.000000;10051.000000;0.000000;1945.123657
1442.000000;10051.000000;11069.000000;0.000000;12820.000000;10051.000000;0.000000;1946.514160
1443.000000;10051.000000;11915.000000;0.000000;43711.000000;10051.000000;0.000000;1947.898804
1444.000000;10051.000000;10399.000000;0.000000;21389.000000;10051.000000;0.000000;1949.282349
1445.000000;10051.000000;11523.000000;0.000000;38361.000000;10051.000000;0.000000;1950.686523
1446.000000;10051.000000;10386.000000;0.000000;18102.000000;10051.000000;0.000000;1952.063354
1447.000000;10051.000000;11556.000000;0.000000;43917.000000;10051.000000;0.000000;1953.439331
1448.000000;10051.000000;11432.000000;0.000000;28442.000000;10051.000000;0.000000;1954.817139
1449.000000;10051.000000;11676.000000;0.000000;44063.000000;10051.000000;0.000000;1956.190308
1450.000000;10051.000000;10305.000000;0.000000;15136.000000;10051.000000;0.000000;1957.590698
1451.000000;10051.000000;10977.000000;0.000000;22031.000000;10051.000000;0.000000;1958.984619
1452.000000;10051.000000;10670.000000;0.000000;20860.000000;10051.000000;0.000000;1960.407104
1453.000000;10051.000000;10767.000000;0.000000;25589.000000;10051.000000;0.000000;1961.793701
1454.000000;10051.000000;12057.000000;0.000000;53295.000000;10051.000000;0.000000;1963.204346
1455.000000;10051.000000;10685.000000;0.000000;34333.000000;10051.000000;0.000000;1964.459961
1456.000000;10051.000000;10779.000000;0.000000;17266.000000;10051.000000;0.000000;1965.834839
1457.000000;10051.000000;12887.000000;0.000000;79049.000000;10051.000000;0.000000;1967.125610
1458.000000;10051.000000;11126.000000;0.000000;25631.000000;10051.000000;0.000000;1968.370972
1459.000000;10051.000000;11775.000000;0.000000;40089.000000;10051.000000;0.000000;1969.642456
1460.000000;10051.000000;11935.000000;0.000000;48309.000000;10051.000000;0.000000;1971.045288
1461.000000;10051.000000;10871.000000;0.000000;34019.000000;10051.000000;0.000000;1972.524902
1462.000000;10051.000000;10486.000000;0.000000;20330.000000;10051.000000;0.000000;1973.880615
1463.000000;10051.000000;9164.000000;0.000000;63463.000000;10051.000000;0.000000;1975.241455
1464.000000;10051.000000;12364.000000;0.000000;66453.000000;10051.000000;0.000000;1976.610352
1465.000000;10051.000000;10913.000000;0.000000;23388.000000;10051.000000;0.000000;1977.983643
1466.000000;10051.000000;11380.000000;0.000000;55757.000000;10051.000000;0.000000;1979.367798
1467.000000;10051.000000;11114.000000;0.000000;26998.000000;10051.000000;0.000000;1980.784058
1468.000000;10051.000000;9481.000000;0.000000;22176.000000;10051.000000;0.000000;1982.170654
1469.000000;10051.000000;10872.000000;0.000000;16354.000000;10051.000000;0.000000;1983.557251
1470.000000;10051.000000;11367.000000;0.000000;31230.000000;10051.000000;0.000000;1984.967285
1471.000000;10051.000000;10654.000000;0.000000;23756.000000;10051.000000;0.000000;1986.371216
1472.000000;10051.000000;14143.000000;0.000000;116822.000000;10051.000000;0.000000;1987.765259
1473.000000;10051.000000;12395.000000;0.000000;40774.000000;10051.000000;0.000000;1989.173340
1474.000000;10051.000000;11940.000000;0.000000;37940.000000;10051.000000;0.000000;1990.607788
1475.000000;10051.000000;11961.000000;0.000000;34149.000000;10051.000000;0.000000;1991.858154
1476.000000;10051.000000;11061.000000;0.000000;22072.000000;10051.000000;0.000000;1993.092163
1477.000000;10051.000000;10074.000000;0.000000;42463.000000;10051.000000;0.000000;1994.317749
1478.000000;10051.000000;11642.000000;0.000000;54914.000000;10051.000000;0.000000;1995.540161
1479.000000;10051.000000;12366.000000;0.000000;73362.000000;10051.000000;0.000000;1996.831665
1480.000000;10051.000000;10496.000000;0.000000;24592.000000;10051.000000;0.000000;1998.065796
1481.000000;10051.000000;11241.000000;0.000000;29014.000000;10051.000000;0.000000;1999.568726
1482.000000;10051.000000;11486.000000;0.000000;48247.000000;10051.000000;0.000000;2000.966553
1483.000000;10051.000000;12857.000000;0.000000;91733.000000;10051.000000;0.000000;2002.380005
1484.000000;10051.000000;10986.000000;0.000000;20421.000000;10051.000000;0.000000;2003.778076
1485.000000;10051.000000;10521.000000;0.000000;26113.000000;10051.000000;0.000000;2005.171509
1486.000000;10051.000000;11238.000000;0.000000;21883.000000;10051.000000;0.000000;2006.562256
1487.000000;10051.000000;10512.000000;0.000000;11978.000000;10051.000000;0.000000;2007.949219
1488.000000;10051.000000;10914.000000;0.000000;31867.000000;10051.000000;0.000000;2009.346802
1489.000000;10051.000000;10839.000000;0.000000;24311.000000;10051.000000;0.000000;2010.770996
1490.000000;10051.000000;11277.000000;0.000000;20368.000000;10051.000000;0.000000;2012.208740
1491.000000;10051.000000;9660.000000;0.000000;15895.000000;10051.000000;0.000000;2013.620483
1492.000000;10051.000000;11303.000000;0.000000;42257.000000;10051.000000;0.000000;2015.036133
1493.000000;10051.000000;11438.000000;0.000000;52089.000000;10051.000000;0.000000;2016.476440
1494.000000;10051.000000;12486.000000;0.000000;63555.000000;10051.000000;0.000000;2017.868896
1495.000000;10051.000000;11701.000000;0.000000;41302.000000;10051.000000;0.000000;2019.120605
1496.000000;10051.000000;11135.000000;0.000000;24574.000000;10051.000000;0.000000;2020.375366
1497.000000;10051.000000;10889.000000;0.000000;20042.000000;10051.000000;0.000000;2021.635864
1498.000000;10051.000000;10446.000000;0.000000;22985.000000;10051.000000;0.000000;2022.929810
1499.000000;10051.000000;12252.000000;0.000000;66034.000000;10051.000000;0.000000;2024.240112
1500.000000;10051.000000;9930.000000;0.000000;16159.000000;10051.000000;0.000000;2025.572021
1501.000000;10051.000000;10693.000000;0.000000;10964.000000;10051.000000;0.000000;2027.090698
1502.000000;10051.000000;10621.000000;0.000000;21194.000000;10051.000000;0.000000;2028.471191
1503.000000;10051.000000;11621.000000;0.000000;24532.000000;10051.000000;0.000000;2029.856323
1504.000000;10051.000000;10037.000000;0.000000;30196.000000;10051.000000;0.000000;2031.287964
1505.000000;10051.000000;10331.000000;0.000000;15206.000000;10051.000000;0.000000;2032.687256
1506.000000;10051.000000;12389.000000;0.000000;65894.000000;10051.000000;0.000000;2034.087524
1507.000000;10051.000000;12881.000000;0.000000;93494.000000;10051.000000;0.000000;2035.490234
1508.000000;10051.000000;10493.000000;0.000000;16701.000000;10051.000000;0.000000;2036.890259
1509.000000;10051.000000;11036.000000;0.000000;17290.000000;10051.000000;0.000000;2038.290649
1510.000000;10051.000000;12049.000000;0.000000;23078.000000;10051.000000;0.000000;2039.734253
1511.000000;10051.000000;10994.000000;0.000000;17740.000000;10051.000000;0.000000;2041.198364
1512.000000;10051.000000;11444.000000;0.000000;18496.000000;10051.000000;0.000000;2042.623901
1513.000000;10051.000000;11728.000000;0.000000;46052.000000;10051.000000;0.000000;2044.049438
1514.000000;10051.000000;10697.000000;0.000000;17337.000000;10051.000000;0.000000;2045.429932
1515.000000;10051.000000;10482.000000;0.000000;21134.000000;10051.000000;0.000000;2046.676392
1516.000000;10051.000000;11010.000000;0.000000;30989.000000;10051.000000;0.000000;2047.929443
1517.000000;10051.000000;11110.000000;0.000000;13917.000000;10051.000000;0.000000;2049.192383
1518.000000;10051.000000;10396.000000;0.000000;30919.000000;10051.000000;0.000000;2050.450684
1519.000000;10051.000000;12369.000000;0.000000;58005.000000;10051.000000;0.000000;2051.736328
1520.000000;10051.000000;10327.000000;0.000000;23237.000000;10051.000000;0.000000;2052.993652
1521.000000;10051.000000;10502.000000;0.000000;20919.000000;10051.000000;0.000000;2054.565918
1522.000000;10051.000000;11276.000000;0.000000;19800.000000;10051.000000;0.000000;2056.083252
1523.000000;10051.000000;11146.000000;0.000000;23021.000000;10051.000000;0.000000;2057.535156
1524.000000;10051.000000;11222.000000;0.000000;17885.000000;10051.000000;0.000000;2058.939941
1525.000000;10051.000000;11135.000000;0.000000;30934.000000;10051.000000;0.000000;2060.355225
1526.000000;10051.000000;11045.000000;0.000000;39203.000000;10051.000000;0.000000;2061.791260
1527.000000;10051.000000;10454.000000;0.000000;21226.000000;10051.000000;0.000000;2063.202393
1528.000000;10051.000000;11301.000000;0.000000;24974.000000;10051.000000;0.000000;2064.616211
1529.000000;10051.000000;11568.000000;0.000000;41008.000000;10051.000000;0.000000;2066.028809
1530.000000;10051.000000;11979.000000;0.000000;59292.000000;10051.000000;0.000000;2067.481445
1531.000000;10051.000000;9303.000000;0.000000;17449.000000;10051.000000;0.000000;2068.920410
1532.000000;10051.000000;10787.000000;0.000000;29057.000000;10051.000000;0.000000;2070.366455
1533.000000;10051.000000;10477.000000;0.000000;29267.000000;10051.000000;0.000000;2071.839844
1534.000000;10051.000000;10887.000000;0.000000;21413.000000;10051.000000;0.000000;2073.211426
1535.000000;10051.000000;11968.000000;0.000000;35193.000000;10051.000000;0.000000;2074.486572
1536.000000;10051.000000;10911.000000;0.000000;26433.000000;10051.000000;0.000000;2075.750244
1537.000000;10051.000000;11689.000000;0.000000;26831.000000;10051.000000;0.000000;2077.025391
1538.000000;10051.000000;10394.000000;0.000000;32218.000000;10051.000000;0.000000;2078.298828
1539.000000;10051.000000;10520.000000;0.000000;19267.000000;10051.000000;0.000000;2079.565674
1540.000000;10051.000000;9923.000000;0.000000;18297.000000;10051.000000;0.000000;2080.847412
1541.000000;10051.000000;10969.000000;0.000000;25150.000000;10051.000000;0.000000;2082.429199
1542.000000;10051.000000;12089.000000;0.000000;64565.000000;10051.000000;0.000000;2083.847656
1543.000000;10051.000000;12169.000000;0.000000;46479.000000;10051.000000;0.000000;2085.263672
1544.000000;10051.000000;9978.000000;0.000000;11107.000000;10051.000000;0.000000;2086.712646
1545.000000;10051.000000;11616.000000;0.000000;34992.000000;10051.000000;0.000000;2088.141602
1546.000000;10051.000000;9040.000000;0.000000;46346.000000;10051.000000;0.000000;2089.572998
1547.000000;10051.000000;10223.000000;0.000000;30740.000000;10051.000000;0.000000;2091.035400
1548.000000;10051.000000;11261.000000;0.000000;46235.000000;10051.000000;0.000000;2092.469971
1549.000000;10051.000000;10011.000000;0.000000;22176.000000;10051.000000;0.000000;2093.893066
1550.000000;10051.000000;10090.000000;0.000000;12681.000000;10051.000000;0.000000;2095.320068
1551.000000;10051.000000;10338.000000;0.000000;17754.000000;10051.000000;0.000000;2096.743408
1552.000000;10051.000000;11516.000000;0.000000;33041.000000;10051.000000;0.000000;2098.217773
1553.000000;10051.000000;10455.000000;0.000000;19779.000000;10051.000000;0.000000;2099.640625
1554.000000;10051.000000;11321.000000;0.000000;24505.000000;10051.000000;0.000000;2101.084229
1555.000000;10051.000000;9623.000000;0.000000;27167.000000;10051.000000;0.000000;2102.502197
1556.000000;10051.000000;12646.000000;0.000000;69357.000000;10051.000000;0.000000;2103.824951
1557.000000;10051.000000;10719.000000;0.000000;23823.000000;10051.000000;0.000000;2105.073242
1558.000000;10051.000000;11188.000000;0.000000;26302.000000;10051.000000;0.000000;2106.328369
1559.000000;10051.000000;12257.000000;0.000000;47522.000000;10051.000000;0.000000;2107.573975
1560.000000;10051.000000;10895.000000;0.000000;24738.000000;10051.000000;0.000000;2108.833740
1561.000000;10051.000000;10784.000000;0.000000;21174.000000;10051.000000;0.000000;2110.351074
1562.000000;10051.000000;10780.000000;0.000000;30169.000000;10051.000000;0.000000;2111.766602
1563.000000;10051.000000;10277.000000;0.000000;22614.000000;10051.000000;0.000000;2113.158203
1564.000000;10051.000000;11612.000000;0.000000;53469.000000;10051.000000;0.000000;2114.560059
1565.000000;10051.000000;10475.000000;0.000000;16599.000000;10051.000000;0.000000;2115.959473
1566.000000;10051.000000;9705.000000;0.000000;19428.000000;10051.000000;0.000000;2117.357910
1567.000000;10051.000000;11472.000000;0.000000;26362.000000;10051.000000;0.000000;2118.758057
1568.000000;10051.000000;11003.000000;0.000000;26526.000000;10051.000000;0.000000;2120.156494
1569.000000;10051.000000;11153.000000;0.000000;19807.000000;10051.000000;0.000000;2121.580566
1570.000000;10051.000000;11012.000000;0.000000;14662.000000;10051.000000;0.000000;2123.015381
1571.000000;10051.000000;11314.000000;0.000000;30125.000000;10051.000000;0.000000;2124.446289
1572.000000;10051.000000;11775.000000;0.000000;35381.000000;10051.000000;0.000000;2125.868408
1573.000000;10051.000000;10645.000000;0.000000;20249.000000;10051.000000;0.000000;2127.437988
1574.000000;10051.000000;10782.000000;0.000000;22832.000000;10051.000000;0.000000;2128.809326
1575.000000;10051.000000;11639.000000;0.000000;25586.000000;10051.000000;0.000000;2130.034912
1576.000000;10051.000000;11315.000000;0.000000;17071.000000;10051.000000;0.000000;2131.278076
1577.000000;10051.000000;11674.000000;0.000000;29873.000000;10051.000000;0.000000;2132.501953
1578.000000;10051.000000;11922.000000;0.000000;25310.000000;10051.000000;0.000000;2133.842041
1579.000000;10051.000000;11132.000000;0.000000;28657.000000;10051.000000;0.000000;2135.069336
1580.000000;10051.000000;11252.000000;0.000000;23995.000000;10051.000000;0.000000;2136.297607
1581.000000;10051.000000;10630.000000;0.000000;23196.000000;10051.000000;0.000000;2137.778564
1582.000000;10051.000000;12449.000000;0.000000;53873.000000;10051.000000;0.000000;2139.148682
1583.000000;10051.000000;10788.000000;0.000000;14155.000000;10051.000000;0.000000;2140.517578
1584.000000;10051.000000;10664.000000;0.000000;28585.000000;10051.000000;0.000000;2141.931641
1585.000000;10051.000000;9894.000000;0.000000;27332.000000;10051.000000;0.000000;2143.385742
1586.000000;10051.000000;11050.000000;0.000000;40496.000000;10051.000000;0.000000;2144.765137
1587.000000;10051.000000;9657.000000;0.000000;38797.000000;10051.000000;0.000000;2146.142822
1588.000000;10051.000000;10894.000000;0.000000;22005.000000;10051.000000;0.000000;2147.521484
1589.000000;10051.000000;9451.000000;0.000000;20472.000000;10051.000000;0.000000;2148.899902
1590.000000;10051.000000;12217.000000;0.000000;55518.000000;10051.000000;0.000000;2150.308105
1591.000000;10051.000000;9939.000000;0.000000;14084.000000;10051.000000;0.000000;2151.730469
1592.000000;10051.000000;11484.000000;0.000000;36263.000000;10051.000000;0.000000;2153.120850
1593.000000;10051.000000;8993.000000;0.000000;49034.000000;10051.000000;0.000000;2154.571533
1594.000000;10051.000000;12337.000000;0.000000;61158.000000;10051.000000;0.000000;2155.955811
1595.000000;10051.000000;11363.000000;0.000000;40336.000000;10051.000000;0.000000;2157.186768
1596.000000;10051.000000;10612.000000;0.000000;20929.000000;10051.000000;0.000000;2158.411865
1597.000000;10051.000000;11165.000000;0.000000;52450.000000;10051.000000;0.000000;2159.641357
1598.000000;10051.000000;11380.000000;0.000000;22945.000000;10051.000000;0.000000;2160.862061
1599.000000;10051.000000;10229.000000;0.000000;16974.000000;10051.000000;0.000000;2162.114746
1600.000000;10051.000000;10861.000000;0.000000;22827.000000;10051.000000;0.000000;2163.339600
1601.000000;10051.000000;9936.000000;0.000000;27070.000000;10051.000000;0.000000;2164.836426
1602.000000;10051.000000;11314.000000;0.000000;22100.000000;10051.000000;0.000000;2166.200439
1603.000000;10051.000000;10285.000000;0.000000;21175.000000;10051.000000;0.000000;2167.589111
1604.000000;10051.000000;11508.000000;0.000000;31259.000000;10051.000000;0.000000;2168.989990
1605.000000;10051.000000;11113.000000;0.000000;32581.000000;10051.000000;0.000000;2170.379883
1606.000000;10051.000000;10346.000000;0.000000;23071.000000;10051.000000;0.000000;2171.794189
1607.000000;10051.000000;11397.000000;0.000000;42357.000000;10051.000000;0.000000;2173.184570
1608.000000;10051.000000;9864.000000;0.000000;38010.000000;10051.000000;0.000000;2174.575195
1609.000000;10051.000000;13803.000000;0.000000;127336.000000;10051.000000;0.000000;2175.961426
1610.000000;10051.000000;11562.000000;0.000000;40791.000000;10051.000000;0.000000;2177.377930
1611.000000;10051.000000;10646.000000;0.000000;15367.000000;10051.000000;0.000000;2178.784912
1612.000000;10051.000000;10817.000000;0.000000;22986.000000;10051.000000;0.000000;2180.186035
1613.000000;10051.000000;10459.000000;0.000000;15447.000000;10051.000000;0.000000;2181.613037
1614.000000;10051.000000;10775.000000;0.000000;15764.000000;10051.000000;0.000000;2183.034668
1615.000000;10051.000000;10664.000000;0.000000;18739.000000;10051.000000;0.000000;2184.273438
1616.000000;10051.000000;11470.000000;0.000000;23516.000000;10051.000000;0.000000;2185.504150
1617.000000;10051.000000;10680.000000;0.000000;27558.000000;10051.000000;0.000000;2186.730225
1618.000000;10051.000000;10609.000000;0.000000;28734.000000;10051.000000;0.000000;2187.955811
1619.000000;10051.000000;11517.000000;0.000000;46442.000000;10051.000000;0.000000;2189.189941
1620.000000;10051.000000;11282.000000;0.000000;25642.000000;10051.000000;0.000000;2190.429688
1621.000000;10051.000000;12327.000000;0.000000;39824.000000;10051.000000;0.000000;2191.996338
1622.000000;10051.000000;10294.000000;0.000000;19566.000000;10051.000000;0.000000;2193.390869
1623.000000;10051.000000;11135.000000;0.000000;20991.000000;10051.000000;0.000000;2194.772705
1624.000000;10051.000000;11162.000000;0.000000;28764.000000;10051.000000;0.000000;2196.195801
1625.000000;10051.000000;12162.000000;0.000000;59327.000000;10051.000000;0.000000;2197.610596
1626.000000;10051.000000;9905.000000;0.000000;18672.000000;10051.000000;0.000000;2199.010742
1627.000000;10051.000000;11714.000000;0.000000;45178.000000;10051.000000;0.000000;2200.397705
1628.000000;10051.000000;11156.000000;0.000000;41435.000000;10051.000000;0.000000;2201.825684
1629.000000;10051.000000;9949.000000;0.000000;17289.000000;10051.000000;0.000000;2203.257568
1630.000000;10051.000000;11084.000000;0.000000;28458.000000;10051.000000;0.000000;2204.712646
1631.000000;10051.000000;10231.000000;0.000000;22096.000000;10051.000000;0.000000;2206.135010
1632.000000;10051.000000;11285.000000;0.000000;31830.000000;10051.000000;0.000000;2207.549316
1633.000000;10051.000000;11338.000000;0.000000;22360.000000;10051.000000;0.000000;2208.967041
1634.000000;10051.000000;9534.000000;0.000000;32654.000000;10051.000000;0.000000;2210.329590
1635.000000;10051.000000;10599.000000;0.000000;28834.000000;10051.000000;0.000000;2211.581543
1636.000000;10051.000000;10555.000000;0.000000;17803.000000;10051.000000;0.000000;2212.842773
1637.000000;10051.000000;12948.000000;0.000000;67467.000000;10051.000000;0.000000;2214.086670
1638.000000;10051.000000;10120.000000;0.000000;20810.000000;10051.000000;0.000000;2215.336426
1639.000000;10051.000000;12026.000000;0.000000;47873.000000;10051.000000;0.000000;2216.581055
1640.000000;10051.000000;12453.000000;0.000000;63534.000000;10051.000000;0.000000;2217.824463
1641.000000;10051.000000;10941.000000;0.000000;17720.000000;10051.000000;0.000000;2219.333740
1642.000000;10051.000000;12423.000000;0.000000;61663.000000;10051.000000;0.000000;2220.734619
1643.000000;10051.000000;11035.000000;0.000000;39996.000000;10051.000000;0.000000;2222.168701
1644.000000;10051.000000;11384.000000;0.000000;19656.000000;10051.000000;0.000000;2223.588135
1645.000000;10051.000000;9851.000000;0.000000;16695.000000;10051.000000;0.000000;2225.007080
1646.000000;10051.000000;11150.000000;0.000000;23022.000000;10051.000000;0.000000;2226.419189
1647.000000;10051.000000;10628.000000;0.000000;17661.000000;10051.000000;0.000000;2227.833984
1648.000000;10051.000000;9882.000000;0.000000;15667.000000;10051.000000;0.000000;2229.344238
1649.000000;10051.000000;10476.000000;0.000000;17942.000000;10051.000000;0.000000;2230.769287
1650.000000;10051.000000;12073.000000;0.000000;47460.000000;10051.000000;0.000000;2232.276855
1651.000000;10051.000000;12055.000000;0.000000;32014.000000;10051.000000;0.000000;2233.707764
1652.000000;10051.000000;11856.000000;0.000000;17365.000000;10051.000000;0.000000;2235.139404
1653.000000;10051.000000;11324.000000;0.000000;26993.000000;10051.000000;0.000000;2236.837402
1654.000000;10051.000000;11654.000000;0.000000;33039.000000;10051.000000;0.000000;2238.304443
1655.000000;10051.000000;10383.000000;0.000000;22754.000000;10051.000000;0.000000;2239.561768
1656.000000;10051.000000;10752.000000;0.000000;20894.000000;10051.000000;0.000000;2240.816406
1657.000000;10051.000000;11249.000000;0.000000;27109.000000;10051.000000;0.000000;2242.102051
1658.000000;10051.000000;11759.000000;0.000000;63556.000000;10051.000000;0.000000;2243.355713
1659.000000;10051.000000;9873.000000;0.000000;22877.000000;10051.000000;0.000000;2244.602051
1660.000000;10051.000000;9916.000000;0.000000;16597.000000;10051.000000;0.000000;2245.851807
1661.000000;10051.000000;10374.000000;0.000000;16920.000000;10051.000000;0.000000;2247.383301
1662.000000;10051.000000;11861.000000;0.000000;42871.000000;10051.000000;0.000000;2248.788330
1663.000000;10051.000000;9728.000000;0.000000;13974.000000;10051.000000;0.000000;2250.203857
1664.000000;10051.000000;10275.000000;0.000000;26745.000000;10051.000000;0.000000;2251.633789
1665.000000;10051.000000;10350.000000;0.000000;16289.000000;10051.000000;0.000000;2253.087891
1666.000000;10051.000000;11228.000000;0.000000;34900.000000;10051.000000;0.000000;2254.517334
1667.000000;10051.000000;10881.000000;0.000000;21649.000000;10051.000000;0.000000;2255.943359
1668.000000;10051.000000;12045.000000;0.000000;49121.000000;10051.000000;0.000000;2257.367676
1669.000000;10051.000000;10569.000000;0.000000;24240.000000;10051.000000;0.000000;2258.795654
1670.000000;10051.000000;9949.000000;0.000000;21271.000000;10051.000000;0.000000;2260.261719
1671.000000;10051.000000;11172.000000;0.000000;36360.000000;10051.000000;0.000000;2261.699707
1672.000000;10051.000000;10450.000000;0.000000;32784.000000;10051.000000;0.000000;2263.251709
1673.000000;10051.000000;10151.000000;0.000000;18222.000000;10051.000000;0.000000;2264.691406
1674.000000;10051.000000;11730.000000;0.000000;51473.000000;10051.000000;0.000000;2266.032959
1675.000000;10051.000000;10202.000000;0.000000;18405.000000;10051.000000;0.000000;2267.360840
1676.000000;10051.000000;10507.000000;0.000000;34124.000000;10051.000000;0.000000;2268.633789
1677.000000;10051.000000;10414.000000;0.000000;16527.000000;10051.000000;0.000000;2269.951660
1678.000000;10051.000000;9917.000000;0.000000;22649.000000;10051.000000;0.000000;2271.221436
1679.000000;10051.000000;11024.000000;0.000000;21716.000000;10051.000000;0.000000;2272.522217
1680.000000;10051.000000;11365.000000;0.000000;35868.000000;10051.000000;0.000000;2273.790771
1681.000000;10051.000000;9383.000000;0.000000;39122.000000;10051.000000;0.000000;2275.347168
1682.000000;10051.000000;10093.000000;0.000000;27219.000000;10051.000000;0.000000;2276.755859
1683.000000;10051.000000;13195.000000;0.000000;68094.000000;10051.000000;0.000000;2278.173584
1684.000000;10051.000000;10590.000000;0.000000;18654.000000;10051.000000;0.000000;2279.585693
1685.000000;10051.000000;10564.000000;0.000000;23048.000000;10051.000000;0.000000;2280.987061
1686.000000;10051.000000;10315.000000;0.000000;35263.000000;10051.000000;0.000000;2282.409668
1687.000000;10051.000000;13243.000000;0.000000;74091.000000;10051.000000;0.000000;2283.895264
1688.000000;10051.000000;12143.000000;0.000000;93533.000000;10051.000000;0.000000;2285.291748
1689.000000;10051.000000;11762.000000;0.000000;25851.000000;10051.000000;0.000000;2286.687988
1690.000000;10051.000000;10849.000000;0.000000;23579.000000;10051.000000;0.000000;2288.093262
1691.000000;10051.000000;11906.000000;0.000000;49385.000000;10051.000000;0.000000;2289.516602
1692.000000;10051.000000;10591.000000;0.000000;18938.000000;10051.000000;0.000000;2290.945312
1693.000000;10051.000000;11709.000000;0.000000;18898.000000;10051.000000;0.000000;2292.385254
1694.000000;10051.000000;11886.000000;0.000000;39384.000000;10051.000000;0.000000;2293.803711
1695.000000;10051.000000;12153.000000;0.000000;27479.000000;10051.000000;0.000000;2295.218994
1696.000000;10051.000000;10193.000000;0.000000;24355.000000;10051.000000;0.000000;2296.477295
1697.000000;10051.000000;12099.000000;0.000000;36788.000000;10051.000000;0.000000;2297.720215
1698.000000;10051.000000;12427.000000;0.000000;66947.000000;10051.000000;0.000000;2298.962646
1699.000000;10051.000000;11139.000000;0.000000;21141.000000;10051.000000;0.000000;2300.204102
1700.000000;10051.000000;11113.000000;0.000000;21621.000000;10051.000000;0.000000;2301.440430
1701.000000;10051.000000;11422.000000;0.000000;21727.000000;10051.000000;0.000000;2302.969482
1702.000000;10051.000000;11226.000000;0.000000;33314.000000;10051.000000;0.000000;2304.356201
1703.000000;10051.000000;11601.000000;0.000000;21535.000000;10051.000000;0.000000;2305.742920
1704.000000;10051.000000;10826.000000;0.000000;35649.000000;10051.000000;0.000000;2307.143555
1705.000000;10051.000000;10131.000000;0.000000;42077.000000;10051.000000;0.000000;2308.558838
1706.000000;10051.000000;10183.000000;0.000000;16057.000000;10051.000000;0.000000;2309.971191
1707.000000;10051.000000;10989.000000;0.000000;32496.000000;10051.000000;0.000000;2311.380127
1708.000000;10051.000000;11622.000000;0.000000;27435.000000;10051.000000;0.000000;2312.825439
1709.000000;10051.000000;11926.000000;0.000000;46640.000000;10051.000000;0.000000;2314.237305
1710.000000;10051.000000;10067.000000;0.000000;18339.000000;10051.000000;0.000000;2315.682129
1711.000000;10051.000000;11439.000000;0.000000;33136.000000;10051.000000;0.000000;2317.100830
1712.000000;10051.000000;9547.000000;0.000000;18535.000000;10051.000000;0.000000;2318.519043
1713.000000;10051.000000;10761.000000;0.000000;9937.000000;10051.000000;0.000000;2319.936768
1714.000000;10051.000000;12031.000000;0.000000;30087.000000;10051.000000;0.000000;2321.311279
1715.000000;10051.000000;12612.000000;0.000000;29437.000000;10051.000000;0.000000;2322.619629
1716.000000;10051.000000;11898.000000;0.000000;44429.000000;10051.000000;0.000000;2323.880371
1717.000000;10051.000000;12697.000000;0.000000;45570.000000;10051.000000;0.000000;2325.164551
1718.000000;10051.000000;9455.000000;0.000000;19685.000000;10051.000000;0.000000;2326.730713
1719.000000;10051.000000;10155.000000;0.000000;15692.000000;10051.000000;0.000000;2328.141846
1720.000000;10051.000000;11202.000000;0.000000;25610.000000;10051.000000;0.000000;2329.555908
1721.000000;10051.000000;10724.000000;0.000000;13894.000000;10051.000000;0.000000;2331.007812
1722.000000;10051.000000;11344.000000;0.000000;31779.000000;10051.000000;0.000000;2332.408936
1723.000000;10051.000000;10738.000000;0.000000;19597.000000;10051.000000;0.000000;2333.826416
1724.000000;10051.000000;11668.000000;0.000000;45477.000000;10051.000000;0.000000;2335.260254
1725.000000;10051.000000;9369.000000;0.000000;25802.000000;10051.000000;0.000000;2336.670166
1726.000000;10051.000000;11317.000000;0.000000;42260.000000;10051.000000;0.000000;2338.079590
1727.000000;10051.000000;9719.000000;0.000000;17966.000000;10051.000000;0.000000;2339.497314
1728.000000;10051.000000;10922.000000;0.000000;34561.000000;10051.000000;0.000000;2340.922119
1729.000000;10051.000000;11954.000000;0.000000;24646.000000;10051.000000;0.000000;2342.376465
1730.000000;10051.000000;11359.000000;0.000000;33614.000000;10051.000000;0.000000;2343.846924
1731.000000;10051.000000;13110.000000;0.000000;60086.000000;10051.000000;0.000000;2345.288574
1732.000000;10051.000000;10188.000000;0.000000;21002.000000;10051.000000;0.000000;2346.732910
1733.000000;10051.000000;10261.000000;0.000000;17399.000000;10051.000000;0.000000;2348.166016
1734.000000;10051.000000;9395.000000;0.000000;49781.000000;10051.000000;0.000000;2349.437988
1735.000000;10051.000000;11157.000000;0.000000;30194.000000;10051.000000;0.000000;2350.706787
1736.000000;10051.000000;9766.000000;0.000000;36383.000000;10051.000000;0.000000;2351.974854
1737.000000;10051.000000;11513.000000;0.000000;27368.000000;10051.000000;0.000000;2353.270264
1738.000000;10051.000000;9794.000000;0.000000;27369.000000;10051.000000;0.000000;2354.537598
1739.000000;10051.000000;11037.000000;0.000000;18830.000000;10051.000000;0.000000;2355.801514
1740.000000;10051.000000;10525.000000;0.000000;21216.000000;10051.000000;0.000000;2357.062256
1741.000000;10051.000000;10117.000000;0.000000;24061.000000;10051.000000;0.000000;2358.604492
1742.000000;10051.000000;10738.000000;0.000000;19578.000000;10051.000000;0.000000;2360.006104
1743.000000;10051.000000;11777.000000;0.000000;52597.000000;10051.000000;0.000000;2361.409912
1744.000000;10051.000000;10452.000000;0.000000;19423.000000;10051.000000;0.000000;2362.850098
1745.000000;10051.000000;12091.000000;0.000000;36505.000000;10051.000000;0.000000;2364.268555
1746.000000;10051.000000;10608.000000;0.000000;13716.000000;10051.000000;0.000000;2365.682861
1747.000000;10051.000000;10989.000000;0.000000;25042.000000;10051.000000;0.000000;2367.103516
1748.000000;10051.000000;12790.000000;0.000000;77189.000000;10051.000000;0.000000;2368.530518
1749.000000;10051.000000;12493.000000;0.000000;76608.000000;10051.000000;0.000000;2369.933350
1750.000000;10051.000000;9380.000000;0.000000;10535.000000;10051.000000;0.000000;2371.334473
1751.000000;10051.000000;11308.000000;0.000000;34488.000000;10051.000000;0.000000;2372.759033
1752.000000;10051.000000;10866.000000;0.000000;18170.000000;10051.000000;0.000000;2374.164795
1753.000000;10051.000000;11367.000000;0.000000;38235.000000;10051.000000;0.000000;2375.568848
1754.000000;10051.000000;10415.000000;0.000000;25202.000000;10051.000000;0.000000;2376.975586
1755.000000;10051.000000;11018.000000;0.000000;25132.000000;10051.000000;0.000000;2378.383057
1756.000000;10051.000000;9878.000000;0.000000;33187.000000;10051.000000;0.000000;2379.816650
1757.000000;10051.000000;10277.000000;0.000000;36601.000000;10051.000000;0.000000;2381.245117
1758.000000;10051.000000;10892.000000;0.000000;20374.000000;10051.000000;0.000000;2382.705811
1759.000000;10051.000000;9903.000000;0.000000;20870.000000;10051.000000;0.000000;2384.137695
1760.000000;10051.000000;10109.000000;0.000000;33360.000000;10051.000000;0.000000;2385.537109
1761.000000;10051.000000;10110.000000;0.000000;23957.000000;10051.000000;0.000000;2387.051025
1762.000000;10051.000000;14817.000000;0.000000;122089.000000;10051.000000;0.000000;2388.434326
1763.000000;10051.000000;8989.000000;0.000000;31381.000000;10051.000000;0.000000;2389.862061
1764.000000;10051.000000;12333.000000;0.000000;87619.000000;10051.000000;0.000000;2391.259033
1765.000000;10051.000000;10166.000000;0.000000;18940.000000;10051.000000;0.000000;2392.661865
1766.000000;10051.000000;8272.000000;0.000000;92558.000000;10051.000000;0.000000;2394.088623
1767.000000;10051.000000;11607.000000;0.000000;40957.000000;10051.000000;0.000000;2395.496338
1768.000000;10051.000000;9108.000000;0.000000;52333.000000;10051.000000;0.000000;2396.888184
1769.000000;10051.000000;10973.000000;0.000000;23306.000000;10051.000000;0.000000;2398.277344
1770.000000;10051.000000;10617.000000;0.000000;20060.000000;10051.000000;0.000000;2399.714355
1771.000000;10051.000000;10884.000000;0.000000;18849.000000;10051.000000;0.000000;2401.133789
1772.000000;10051.000000;10039.000000;0.000000;26649.000000;10051.000000;0.000000;2402.552734
1773.000000;10051.000000;10582.000000;0.000000;11493.000000;10051.000000;0.000000;2404.060547
1774.000000;10051.000000;10330.000000;0.000000;17951.000000;10051.000000;0.000000;2405.452148
1775.000000;10051.000000;12195.000000;0.000000;66778.000000;10051.000000;0.000000;2406.776123
1776.000000;10051.000000;11350.000000;0.000000;25170.000000;10051.000000;0.000000;2408.042236
1777.000000;10051.000000;10020.000000;0.000000;23642.000000;10051.000000;0.000000;2409.303711
1778.000000;10051.000000;13578.000000;0.000000;75429.000000;10051.000000;0.000000;2410.559082
1779.000000;10051.000000;10263.000000;0.000000;25243.000000;10051.000000;0.000000;2411.808105
1780.000000;10051.000000;10525.000000;0.000000;16342.000000;10051.000000;0.000000;2413.088379
1781.000000;10051.000000;10778.000000;0.000000;33072.000000;10051.000000;0.000000;2414.621826
1782.000000;10051.000000;10978.000000;0.000000;18544.000000;10051.000000;0.000000;2416.020264
1783.000000;10051.000000;11583.000000;0.000000;52512.000000;10051.000000;0.000000;2417.423340
1784.000000;10051.000000;11158.000000;0.000000;26134.000000;10051.000000;0.000000;2418.844238
1785.000000;10051.000000;11864.000000;0.000000;52318.000000;10051.000000;0.000000;2420.258789
1786.000000;10051.000000;10777.000000;0.000000;21946.000000;10051.000000;0.000000;2421.666748
1787.000000;10051.000000;10536.000000;0.000000;26102.000000;10051.000000;0.000000;2423.104980
1788.000000;10051.000000;11503.000000;0.000000;54829.000000;10051.000000;0.000000;2424.516846
1789.000000;10051.000000;11226.000000;0.000000;20964.000000;10051.000000;0.000000;2425.928955
1790.000000;10051.000000;11274.000000;0.000000;13724.000000;10051.000000;0.000000;2427.378662
1791.000000;10051.000000;12856.000000;0.000000;67975.000000;10051.000000;0.000000;2428.802490
1792.000000;10051.000000;9931.000000;0.000000;14382.000000;10051.000000;0.000000;2430.207764
1793.000000;10051.000000;11814.000000;0.000000;66841.000000;10051.000000;0.000000;2431.615234
1794.000000;10051.000000;11405.000000;0.000000;36034.000000;10051.000000;0.000000;2432.972656
1795.000000;10051.000000;12856.000000;0.000000;82105.000000;10051.000000;0.000000;2434.348877
1796.000000;10051.000000;10592.000000;0.000000;27109.000000;10051.000000;0.000000;2435.573975
1797.000000;10051.000000;11183.000000;0.000000;14367.000000;10051.000000;0.000000;2436.798584
1798.000000;10051.000000;11879.000000;0.000000;37937.000000;10051.000000;0.000000;2438.024902
1799.000000;10051.000000;10532.000000;0.000000;18146.000000;10051.000000;0.000000;2439.334961
1800.000000;10051.000000;10315.000000;0.000000;30781.000000;10051.000000;0.000000;2440.631348
1801.000000;10051.000000;11614.000000;0.000000;20256.000000;10051.000000;0.000000;2442.199219
1802.000000;10051.000000;12121.000000;0.000000;38080.000000;10051.000000;0.000000;2443.633057
1803.000000;10051.000000;11510.000000;0.000000;36233.000000;10051.000000;0.000000;2445.013184
1804.000000;10051.000000;11417.000000;0.000000;48000.000000;10051.000000;0.000000;2446.401123
1805.000000;10051.000000;12059.000000;0.000000;37749.000000;10051.000000;0.000000;2447.793945
1806.000000;10051.000000;10415.000000;0.000000;27721.000000;10051.000000;0.000000;2449.181641
1807.000000;10051.000000;11852.000000;0.000000;24150.000000;10051.000000;0.000000;2450.565186
1808.000000;10051.000000;10553.000000;0.000000;25682.000000;10051.000000;0.000000;2451.948730
1809.000000;10051.000000;10499.000000;0.000000;31326.000000;10051.000000;0.000000;2453.352539
1810.000000;10051.000000;10634.000000;0.000000;27135.000000;10051.000000;0.000000;2454.771973
1811.000000;10051.000000;11843.000000;0.000000;48652.000000;10051.000000;0.000000;2456.177490
1812.000000;10051.000000;11639.000000;0.000000;20687.000000;10051.000000;0.000000;2457.571777
1813.000000;10051.000000;11067.000000;0.000000;34014.000000;10051.000000;0.000000;2458.972900
1814.000000;10051.000000;10177.000000;0.000000;26630.000000;10051.000000;0.000000;2460.357178
1815.000000;10051.000000;11386.000000;0.000000;29944.000000;10051.000000;0.000000;2461.604980
1816.000000;10051.000000;10400.000000;0.000000;27458.000000;10051.000000;0.000000;2462.851562
1817.000000;10051.000000;10788.000000;0.000000;20873.000000;10051.000000;0.000000;2464.127197
1818.000000;10051.000000;10488.000000;0.000000;23303.000000;10051.000000;0.000000;2465.370361
1819.000000;10051.000000;11877.000000;0.000000;33690.000000;10051.000000;0.000000;2466.616699
1820.000000;10051.000000;10285.000000;0.000000;20842.000000;10051.000000;0.000000;2467.863525
1821.000000;10051.000000;10517.000000;0.000000;18974.000000;10051.000000;0.000000;2469.387695
1822.000000;10051.000000;10672.000000;0.000000;15286.000000;10051.000000;0.000000;2470.769287
1823.000000;10051.000000;9472.000000;0.000000;58772.000000;10051.000000;0.000000;2472.163330
1824.000000;10051.000000;10765.000000;0.000000;23732.000000;10051.000000;0.000000;2473.585205
1825.000000;10051.000000;10719.000000;0.000000;13846.000000;10051.000000;0.000000;2474.990967
1826.000000;10051.000000;12780.000000;0.000000;70822.000000;10051.000000;0.000000;2476.390625
1827.000000;10051.000000;12902.000000;0.000000;59150.000000;10051.000000;0.000000;2477.789795
1828.000000;10051.000000;10292.000000;0.000000;23099.000000;10051.000000;0.000000;2479.186035
1829.000000;10051.000000;12021.000000;0.000000;60263.000000;10051.000000;0.000000;2480.585693
1830.000000;10051.000000;11550.000000;0.000000;54896.000000;10051.000000;0.000000;2481.987305
1831.000000;10051.000000;10143.000000;0.000000;14335.000000;10051.000000;0.000000;2483.406006
1832.000000;10051.000000;10561.000000;0.000000;15854.000000;10051.000000;0.000000;2484.828369
1833.000000;10051.000000;11345.000000;0.000000;44115.000000;10051.000000;0.000000;2486.256104
1834.000000;10051.000000;10988.000000;0.000000;27409.000000;10051.000000;0.000000;2487.671631
1835.000000;10051.000000;11046.000000;0.000000;34020.000000;10051.000000;0.000000;2489.094238
1836.000000;10051.000000;9736.000000;0.000000;24300.000000;10051.000000;0.000000;2490.517822
1837.000000;10051.000000;12115.000000;0.000000;57231.000000;10051.000000;0.000000;2491.790283
1838.000000;10051.000000;10443.000000;0.000000;21694.000000;10051.000000;0.000000;2493.045898
1839.000000;10051.000000;11907.000000;0.000000;74030.000000;10051.000000;0.000000;2494.328613
1840.000000;10051.000000;10425.000000;0.000000;28979.000000;10051.000000;0.000000;2495.582764
1841.000000;10051.000000;10414.000000;0.000000;28554.000000;10051.000000;0.000000;2497.106445
1842.000000;10051.000000;9729.000000;0.000000;26234.000000;10051.000000;0.000000;2498.509521
1843.000000;10051.000000;10728.000000;0.000000;23172.000000;10051.000000;0.000000;2499.914795
1844.000000;10051.000000;10728.000000;0.000000;15938.000000;10051.000000;0.000000;2501.335205
1845.000000;10051.000000;11797.000000;0.000000;28888.000000;10051.000000;0.000000;2502.793213
1846.000000;10051.000000;9690.000000;0.000000;17370.000000;10051.000000;0.000000;2504.233887
1847.000000;10051.000000;11448.000000;0.000000;24506.000000;10051.000000;0.000000;2505.648438
1848.000000;10051.000000;11524.000000;0.000000;34400.000000;10051.000000;0.000000;2507.061523
1849.000000;10051.000000;11174.000000;0.000000;20440.000000;10051.000000;0.000000;2508.474609
1850.000000;10051.000000;12028.000000;0.000000;64136.000000;10051.000000;0.000000;2509.925537
1851.000000;10051.000000;11856.000000;0.000000;57094.000000;10051.000000;0.000000;2511.355713
1852.000000;10051.000000;9630.000000;0.000000;27898.000000;10051.000000;0.000000;2512.782715
1853.000000;10051.000000;12968.000000;0.000000;73035.000000;10051.000000;0.000000;2514.234619
1854.000000;10051.000000;10761.000000;0.000000;14248.000000;10051.000000;0.000000;2515.617676
1855.000000;10051.000000;10597.000000;0.000000;19165.000000;10051.000000;0.000000;2516.874023
1856.000000;10051.000000;12189.000000;0.000000;32289.000000;10051.000000;0.000000;2518.127441
1857.000000;10051.000000;12073.000000;0.000000;47322.000000;10051.000000;0.000000;2519.367676
1858.000000;10051.000000;11980.000000;0.000000;46522.000000;10051.000000;0.000000;2520.597168
1859.000000;10051.000000;13609.000000;0.000000;108300.000000;10051.000000;0.000000;2521.833740
1860.000000;10051.000000;11042.000000;0.000000;30924.000000;10051.000000;0.000000;2523.067871
1861.000000;10051.000000;11990.000000;0.000000;62622.000000;10051.000000;0.000000;2524.582764
1862.000000;10051.000000;11342.000000;0.000000;22774.000000;10051.000000;0.000000;2525.960205
1863.000000;10051.000000;11932.000000;0.000000;46686.000000;10051.000000;0.000000;2527.338135
1864.000000;10051.000000;10430.000000;0.000000;37573.000000;10051.000000;0.000000;2528.734619
1865.000000;10051.000000;11872.000000;0.000000;24267.000000;10051.000000;0.000000;2530.129395
1866.000000;10051.000000;10882.000000;0.000000;27090.000000;10051.000000;0.000000;2531.519043
1867.000000;10051.000000;10204.000000;0.000000;26907.000000;10051.000000;0.000000;2532.906006
1868.000000;10051.000000;10189.000000;0.000000;21318.000000;10051.000000;0.000000;2534.802002
1869.000000;10051.000000;11200.000000;0.000000;23743.000000;10051.000000;0.000000;2536.205322
1870.000000;10051.000000;10531.000000;0.000000;20962.000000;10051.000000;0.000000;2537.621338
1871.000000;10051.000000;11638.000000;0.000000;23503.000000;10051.000000;0.000000;2539.012939
1872.000000;10051.000000;10779.000000;0.000000;31546.000000;10051.000000;0.000000;2540.406006
1873.000000;10051.000000;10668.000000;0.000000;41201.000000;10051.000000;0.000000;2541.795166
1874.000000;10051.000000;10367.000000;0.000000;23174.000000;10051.000000;0.000000;2543.116699
1875.000000;10051.000000;10103.000000;0.000000;22007.000000;10051.000000;0.000000;2544.392578
1876.000000;10051.000000;11356.000000;0.000000;42113.000000;10051.000000;0.000000;2545.628174
1877.000000;10051.000000;11484.000000;0.000000;24397.000000;10051.000000;0.000000;2546.853516
1878.000000;10051.000000;10691.000000;0.000000;32312.000000;10051.000000;0.000000;2548.093018
1879.000000;10051.000000;9812.000000;0.000000;22001.000000;10051.000000;0.000000;2549.338623
1880.000000;10051.000000;12058.000000;0.000000;45879.000000;10051.000000;0.000000;2550.582764
1881.000000;10051.000000;11116.000000;0.000000;19475.000000;10051.000000;0.000000;2552.096436
1882.000000;10051.000000;11327.000000;0.000000;65858.000000;10051.000000;0.000000;2553.488770
1883.000000;10051.000000;10209.000000;0.000000;19226.000000;10051.000000;0.000000;2554.905518
1884.000000;10051.000000;12052.000000;0.000000;34573.000000;10051.000000;0.000000;2556.305420
1885.000000;10051.000000;10727.000000;0.000000;22176.000000;10051.000000;0.000000;2557.705811
1886.000000;10051.000000;11250.000000;0.000000;20823.000000;10051.000000;0.000000;2559.107422
1887.000000;10051.000000;12074.000000;0.000000;43583.000000;10051.000000;0.000000;2560.507080
1888.000000;10051.000000;10609.000000;0.000000;23703.000000;10051.000000;0.000000;2561.900879
1889.000000;10051.000000;11604.000000;0.000000;48835.000000;10051.000000;0.000000;2563.446533
1890.000000;10051.000000;10819.000000;0.000000;20518.000000;10051.000000;0.000000;2564.909180
1891.000000;10051.000000;10360.000000;0.000000;16855.000000;10051.000000;0.000000;2566.327148
1892.000000;10051.000000;11348.000000;0.000000;40815.000000;10051.000000;0.000000;2567.808594
1893.000000;10051.000000;13144.000000;0.000000;51590.000000;10051.000000;0.000000;2569.224854
1894.000000;10051.000000;11190.000000;0.000000;26529.000000;10051.000000;0.000000;2570.624268
1895.000000;10051.000000;10463.000000;0.000000;30243.000000;10051.000000;0.000000;2571.869385
1896.000000;10051.000000;11604.000000;0.000000;30080.000000;10051.000000;0.000000;2573.114746
1897.000000;10051.000000;11333.000000;0.000000;19465.000000;10051.000000;0.000000;2574.384521
1898.000000;10051.000000;9607.000000;0.000000;28366.000000;10051.000000;0.000000;2575.654541
1899.000000;10051.000000;11007.000000;0.000000;13845.000000;10051.000000;0.000000;2576.897461
1900.000000;10051.000000;11068.000000;0.000000;24396.000000;10051.000000;0.000000;2578.143066
1901.000000;10051.000000;10144.000000;0.000000;12188.000000;10051.000000;0.000000;2579.668457
1902.000000;10051.000000;14048.000000;0.000000;91742.000000;10051.000000;0.000000;2581.052246
1903.000000;10051.000000;11534.000000;0.000000;24191.000000;10051.000000;0.000000;2582.439453
1904.000000;10051.000000;9881.000000;0.000000;28881.000000;10051.000000;0.000000;2583.843506
1905.000000;10051.000000;9759.000000;0.000000;10774.000000;10051.000000;0.000000;2585.292480
1906.000000;10051.000000;11550.000000;0.000000;26197.000000;10051.000000;0.000000;2586.702637
1907.000000;10051.000000;11099.000000;0.000000;26627.000000;10051.000000;0.000000;2588.112793
1908.000000;10051.000000;10346.000000;0.000000;12360.000000;10051.000000;0.000000;2589.619141
1909.000000;10051.000000;12531.000000;0.000000;40052.000000;10051.000000;0.000000;2591.272461
1910.000000;10051.000000;10732.000000;0.000000;18129.000000;10051.000000;0.000000;2592.832520
1911.000000;10051.000000;10022.000000;0.000000;20877.000000;10051.000000;0.000000;2594.280029
1912.000000;10051.000000;11368.000000;0.000000;33803.000000;10051.000000;0.000000;2595.725098
1913.000000;10051.000000;11793.000000;0.000000;23259.000000;10051.000000;0.000000;2597.144287
1914.000000;10051.000000;11420.000000;0.000000;33972.000000;10051.000000;0.000000;2598.479492
1915.000000;10051.000000;11083.000000;0.000000;17142.000000;10051.000000;0.000000;2599.730957
1916.000000;10051.000000;12197.000000;0.000000;47522.000000;10051.000000;0.000000;2600.984131
1917.000000;10051.000000;12738.000000;0.000000;83455.000000;10051.000000;0.000000;2602.240479
1918.000000;10051.000000;10307.000000;0.000000;16353.000000;10051.000000;0.000000;2603.484375
1919.000000;10051.000000;10981.000000;0.000000;44990.000000;10051.000000;0.000000;2604.759033
1920.000000;10051.000000;12481.000000;0.000000;37519.000000;10051.000000;0.000000;2606.003906
1921.000000;10051.000000;10592.000000;0.000000;40414.000000;10051.000000;0.000000;2607.523193
1922.000000;10051.000000;11047.000000;0.000000;31189.000000;10051.000000;0.000000;2608.920410
1923.000000;10051.000000;11400.000000;0.000000;35258.000000;10051.000000;0.000000;2610.331299
1924.000000;10051.000000;11227.000000;0.000000;30195.000000;10051.000000;0.000000;2611.753906
1925.000000;10051.000000;9862.000000;0.000000;16808.000000;10051.000000;0.000000;2613.174561
1926.000000;10051.000000;11149.000000;0.000000;34201.000000;10051.000000;0.000000;2614.619629
1927.000000;10051.000000;9912.000000;0.000000;24250.000000;10051.000000;0.000000;2616.044922
1928.000000;10051.000000;12917.000000;0.000000;109889.000000;10051.000000;0.000000;2617.463867
1929.000000;10051.000000;9871.000000;0.000000;19066.000000;10051.000000;0.000000;2618.887207
1930.000000;10051.000000;10430.000000;0.000000;18055.000000;10051.000000;0.000000;2620.345947
1931.000000;10051.000000;12350.000000;0.000000;26092.000000;10051.000000;0.000000;2621.784424
1932.000000;10051.000000;10773.000000;0.000000;21029.000000;10051.000000;0.000000;2623.247559
1933.000000;10051.000000;11328.000000;0.000000;35848.000000;10051.000000;0.000000;2624.720703
1934.000000;10051.000000;9860.000000;0.000000;16332.000000;10051.000000;0.000000;2626.092285
1935.000000;10051.000000;10882.000000;0.000000;7991.000000;10051.000000;0.000000;2627.355225
1936.000000;10051.000000;10784.000000;0.000000;23973.000000;10051.000000;0.000000;2628.618408
1937.000000;10051.000000;11923.000000;0.000000;21654.000000;10051.000000;0.000000;2629.876709
1938.000000;10051.000000;9694.000000;0.000000;46001.000000;10051.000000;0.000000;2631.131348
1939.000000;10051.000000;11219.000000;0.000000;43893.000000;10051.000000;0.000000;2632.389893
1940.000000;10051.000000;11396.000000;0.000000;21783.000000;10051.000000;0.000000;2633.656006
1941.000000;10051.000000;11601.000000;0.000000;40433.000000;10051.000000;0.000000;2635.247070
1942.000000;10051.000000;11508.000000;0.000000;58022.000000;10051.000000;0.000000;2636.651367
1943.000000;10051.000000;10569.000000;0.000000;11332.000000;10051.000000;0.000000;2638.055908
1944.000000;10051.000000;11794.000000;0.000000;51171.000000;10051.000000;0.000000;2639.452393
1945.000000;10051.000000;12192.000000;0.000000;68094.000000;10051.000000;0.000000;2640.845947
1946.000000;10051.000000;10176.000000;0.000000;23494.000000;10051.000000;0.000000;2642.240479
1947.000000;10051.000000;11086.000000;0.000000;27396.000000;10051.000000;0.000000;2643.642090
1948.000000;10051.000000;11291.000000;0.000000;20736.000000;10051.000000;0.000000;2645.070801
1949.000000;10051.000000;10503.000000;0.000000;32623.000000;10051.000000;0.000000;2646.468506
1950.000000;10051.000000;12073.000000;0.000000;82040.000000;10051.000000;0.000000;2647.911377
1951.000000;10051.000000;11873.000000;0.000000;45879.000000;10051.000000;0.000000;2649.329346
1952.000000;10051.000000;9739.000000;0.000000;14014.000000;10051.000000;0.000000;2650.738525
1953.000000;10051.000000;10374.000000;0.000000;32666.000000;10051.000000;0.000000;2652.291504
1954.000000;10051.000000;11212.000000;0.000000;13372.000000;10051.000000;0.000000;2653.632324
1955.000000;10051.000000;11150.000000;0.000000;46355.000000;10051.000000;0.000000;2654.907471
1956.000000;10051.000000;10456.000000;0.000000;35091.000000;10051.000000;0.000000;2656.151123
1957.000000;10051.000000;11407.000000;0.000000;26516.000000;10051.000000;0.000000;2657.431885
1958.000000;10051.000000;9911.000000;0.000000;34391.000000;10051.000000;0.000000;2658.677979
1959.000000;10051.000000;10254.000000;0.000000;15492.000000;10051.000000;0.000000;2659.924316
1960.000000;10051.000000;11339.000000;0.000000;23548.000000;10051.000000;0.000000;2661.170898
1961.000000;10051.000000;10804.000000;0.000000;27317.000000;10051.000000;0.000000;2662.676758
1962.000000;10051.000000;10899.000000;0.000000;42040.000000;10051.000000;0.000000;2664.142578
1963.000000;10051.000000;10582.000000;0.000000;25159.000000;10051.000000;0.000000;2665.553223
1964.000000;10051.000000;10569.000000;0.000000;20075.000000;10051.000000;0.000000;2666.995361
1965.000000;10051.000000;11602.000000;0.000000;56823.000000;10051.000000;0.000000;2668.404541
1966.000000;10051.000000;10580.000000;0.000000;16400.000000;10051.000000;0.000000;2669.833252
1967.000000;10051.000000;11136.000000;0.000000;24305.000000;10051.000000;0.000000;2671.244385
1968.000000;10051.000000;10354.000000;0.000000;28726.000000;10051.000000;0.000000;2672.655518
1969.000000;10051.000000;11306.000000;0.000000;32650.000000;10051.000000;0.000000;2674.065186
1970.000000;10051.000000;13066.000000;0.000000;100231.000000;10051.000000;0.000000;2675.503418
1971.000000;10051.000000;12744.000000;0.000000;84480.000000;10051.000000;0.000000;2676.916748
1972.000000;10051.000000;13457.000000;0.000000;97310.000000;10051.000000;0.000000;2678.369873
1973.000000;10051.000000;11787.000000;0.000000;70926.000000;10051.000000;0.000000;2679.795898
1974.000000;10051.000000;10443.000000;0.000000;11964.000000;10051.000000;0.000000;2681.223877
1975.000000;10051.000000;10671.000000;0.000000;25807.000000;10051.000000;0.000000;2682.668945
1976.000000;10051.000000;12093.000000;0.000000;46287.000000;10051.000000;0.000000;2684.041260
1977.000000;10051.000000;11455.000000;0.000000;18536.000000;10051.000000;0.000000;2685.323242
1978.000000;10051.000000;10686.000000;0.000000;24483.000000;10051.000000;0.000000;2686.565186
1979.000000;10051.000000;10693.000000;0.000000;25660.000000;10051.000000;0.000000;2687.807129
1980.000000;10051.000000;10392.000000;0.000000;18766.000000;10051.000000;0.000000;2689.056396
1981.000000;10051.000000;11720.000000;0.000000;28096.000000;10051.000000;0.000000;2690.569336
1982.000000;10051.000000;11021.000000;0.000000;34890.000000;10051.000000;0.000000;2691.958252
1983.000000;10051.000000;10231.000000;0.000000;13761.000000;10051.000000;0.000000;2693.343018
1984.000000;10051.000000;9942.000000;0.000000;15189.000000;10051.000000;0.000000;2694.766113
1985.000000;10051.000000;9564.000000;0.000000;15395.000000;10051.000000;0.000000;2696.174805
1986.000000;10051.000000;10896.000000;0.000000;12473.000000;10051.000000;0.000000;2697.571289
1987.000000;10051.000000;10200.000000;0.000000;25066.000000;10051.000000;0.000000;2698.966309
1988.000000;10051.000000;13305.000000;0.000000;69403.000000;10051.000000;0.000000;2700.340820
1989.000000;10051.000000;11374.000000;0.000000;17614.000000;10051.000000;0.000000;2701.714111
1990.000000;10051.000000;10474.000000;0.000000;19602.000000;10051.000000;0.000000;2703.116211
1991.000000;10051.000000;10074.000000;0.000000;16820.000000;10051.000000;0.000000;2704.507568
1992.000000;10051.000000;11257.000000;0.000000;22759.000000;10051.000000;0.000000;2705.929443
1993.000000;10051.000000;10939.000000;0.000000;18649.000000;10051.000000;0.000000;2707.323975
1994.000000;10051.000000;10922.000000;0.000000;13725.000000;10051.000000;0.000000;2708.712158
1995.000000;10051.000000;10949.000000;0.000000;20094.000000;10051.000000;0.000000;2709.948242
1996.000000;10051.000000;11813.000000;0.000000;24884.000000;10051.000000;0.000000;2711.175537
1997.000000;10051.000000;11092.000000;0.000000;34355.000000;10051.000000;0.000000;2712.404541
1998.000000;10051.000000;11312.000000;0.000000;34548.000000;10051.000000;0.000000;2713.626953
1999.000000;10051.000000;10710.000000;0.000000;30974.000000;10051.000000;0.000000;2714.872070
2000.000000;10051.000000;11052.000000;0.000000;29623.000000;10051.000000;0.000000;2716.100586
2001.000000;10051.000000;11052.000000;0.000000;36595.000000;10051.000000;0.000000;2717.585205
2002.000000;10051.000000;10246.000000;0.000000;30317.000000;10051.000000;0.000000;2718.955078
2003.000000;10051.000000;11219.000000;0.000000;33815.000000;10051.000000;0.000000;2720.319092
2004.000000;10051.000000;10586.000000;0.000000;12771.000000;10051.000000;0.000000;2721.692383
2005.000000;10051.000000;12988.000000;0.000000;68560.000000;10051.000000;0.000000;2723.066162
2006.000000;10051.000000;11122.000000;0.000000;37691.000000;10051.000000;0.000000;2724.440186
2007.000000;10051.000000;11216.000000;0.000000;36426.000000;10051.000000;0.000000;2725.833252
2008.000000;10051.000000;11031.000000;0.000000;29368.000000;10051.000000;0.000000;2727.207520
2009.000000;10051.000000;10285.000000;0.000000;18832.000000;10051.000000;0.000000;2728.583496
2010.000000;10051.000000;11051.000000;0.000000;38600.000000;10051.000000;0.000000;2729.998291
2011.000000;10051.000000;11446.000000;0.000000;25229.000000;10051.000000;0.000000;2731.413330
2012.000000;10051.000000;13794.000000;0.000000;97129.000000;10051.000000;0.000000;2732.820801
2013.000000;10051.000000;9260.000000;0.000000;53311.000000;10051.000000;0.000000;2734.358887
2014.000000;10051.000000;11487.000000;0.000000;39696.000000;10051.000000;0.000000;2735.789307
2015.000000;10051.000000;11599.000000;0.000000;27978.000000;10051.000000;0.000000;2737.030762
2016.000000;10051.000000;10529.000000;0.000000;20830.000000;10051.000000;0.000000;2738.279053
2017.000000;10051.000000;11847.000000;0.000000;21062.000000;10051.000000;0.000000;2739.518799
2018.000000;10051.000000;12062.000000;0.000000;36256.000000;10051.000000;0.000000;2740.756836
2019.000000;10051.000000;11951.000000;0.000000;36595.000000;10051.000000;0.000000;2741.992432
2020.000000;10051.000000;14269.000000;0.000000;151512.000000;10051.000000;0.000000;2743.260498
2021.000000;10051.000000;9515.000000;0.000000;15810.000000;10051.000000;0.000000;2744.753662
2022.000000;10051.000000;10372.000000;0.000000;22838.000000;10051.000000;0.000000;2746.146240
2023.000000;10051.000000;11761.000000;0.000000;53599.000000;10051.000000;0.000000;2747.517090
2024.000000;10051.000000;10876.000000;0.000000;30627.000000;10051.000000;0.000000;2748.901855
2025.000000;10051.000000;9978.000000;0.000000;8205.000000;10051.000000;0.000000;2750.285645
2026.000000;10051.000000;10342.000000;0.000000;36485.000000;10051.000000;0.000000;2751.666504
2027.000000;10051.000000;13413.000000;0.000000;52364.000000;10051.000000;0.000000;2753.046631
2028.000000;10051.000000;12006.000000;0.000000;35919.000000;10051.000000;0.000000;2754.428711
2029.000000;10051.000000;10284.000000;0.000000;16119.000000;10051.000000;0.000000;2755.865234
2030.000000;10051.000000;11647.000000;0.000000;28514.000000;10051.000000;0.000000;2757.298096
2031.000000;10051.000000;12232.000000;0.000000;46080.000000;10051.000000;0.000000;2758.709473
2032.000000;10051.000000;10167.000000;0.000000;46320.000000;10051.000000;0.000000;2760.124512
2033.000000;10051.000000;10871.000000;0.000000;17578.000000;10051.000000;0.000000;2761.550781
2034.000000;10051.000000;10601.000000;0.000000;16600.000000;10051.000000;0.000000;2762.953369
2035.000000;10051.000000;10870.000000;0.000000;30234.000000;10051.000000;0.000000;2764.336914
2036.000000;10051.000000;9731.000000;0.000000;17003.000000;10051.000000;0.000000;2765.618896
2037.000000;10051.000000;10926.000000;0.000000;25115.000000;10051.000000;0.000000;2766.864990
2038.000000;10051.000000;11343.000000;0.000000;20084.000000;10051.000000;0.000000;2768.122803
2039.000000;10051.000000;10614.000000;0.000000;27013.000000;10051.000000;0.000000;2769.378418
2040.000000;10051.000000;10433.000000;0.000000;32655.000000;10051.000000;0.000000;2770.632080
2041.000000;10051.000000;10804.000000;0.000000;30400.000000;10051.000000;0.000000;2772.145996
2042.000000;10051.000000;12382.000000;0.000000;52423.000000;10051.000000;0.000000;2773.552246
2043.000000;10051.000000;10816.000000;0.000000;23237.000000;10051.000000;0.000000;2774.947266
2044.000000;10051.000000;12702.000000;0.000000;67884.000000;10051.000000;0.000000;2776.371582
2045.000000;10051.000000;12739.000000;0.000000;61314.000000;10051.000000;0.000000;2777.775635
2046.000000;10051.000000;11318.000000;0.000000;25542.000000;10051.000000;0.000000;2779.175293
2047.000000;10051.000000;10745.000000;0.000000;21920.000000;10051.000000;0.000000;2780.574707
2048.000000;10051.000000;10039.000000;0.000000;17702.000000;10051.000000;0.000000;2781.973389
2049.000000;10051.000000;10328.000000;0.000000;15241.000000;10051.000000;0.000000;2783.380859
2050.000000;10051.000000;10503.000000;0.000000;13280.000000;10051.000000;0.000000;2784.817627
2051.000000;10051.000000;11629.000000;0.000000;65952.000000;10051.000000;0.000000;2786.263672
2052.000000;10051.000000;11592.000000;0.000000;33997.000000;10051.000000;0.000000;2787.689209
2053.000000;10051.000000;11299.000000;0.000000;27236.000000;10051.000000;0.000000;2789.114258
2054.000000;10051.000000;10072.000000;0.000000;19182.000000;10051.000000;0.000000;2790.513428
2055.000000;10051.000000;10763.000000;0.000000;25479.000000;10051.000000;0.000000;2791.775635
2056.000000;10051.000000;11820.000000;0.000000;24441.000000;10051.000000;0.000000;2793.123535
2057.000000;10051.000000;10796.000000;0.000000;28694.000000;10051.000000;0.000000;2794.396973
2058.000000;10051.000000;10351.000000;0.000000;15409.000000;10051.000000;0.000000;2795.691650
2059.000000;10051.000000;11327.000000;0.000000;27543.000000;10051.000000;0.000000;2797.016113
2060.000000;10051.000000;10351.000000;0.000000;25612.000000;10051.000000;0.000000;2798.280762
2061.000000;10051.000000;11168.000000;0.000000;20286.000000;10051.000000;0.000000;2799.810303
2062.000000;10051.000000;10768.000000;0.000000;20446.000000;10051.000000;0.000000;2801.209229
2063.000000;10051.000000;11583.000000;0.000000;31257.000000;10051.000000;0.000000;2802.632568
2064.000000;10051.000000;10357.000000;0.000000;27639.000000;10051.000000;0.000000;2804.051270
2065.000000;10051.000000;10970.000000;0.000000;35226.000000;10051.000000;0.000000;2805.488525
2066.000000;10051.000000;9653.000000;0.000000;26344.000000;10051.000000;0.000000;2806.906494
2067.000000;10051.000000;9686.000000;0.000000;12546.000000;10051.000000;0.000000;2808.318359
2068.000000;10051.000000;10993.000000;0.000000;25509.000000;10051.000000;0.000000;2809.732178
2069.000000;10051.000000;10971.000000;0.000000;12237.000000;10051.000000;0.000000;2811.145508
2070.000000;10051.000000;11238.000000;0.000000;20494.000000;10051.000000;0.000000;2812.599121
2071.000000;10051.000000;12069.000000;0.000000;63447.000000;10051.000000;0.000000;2814.030518
2072.000000;10051.000000;10685.000000;0.000000;16710.000000;10051.000000;0.000000;2815.498291
2073.000000;10051.000000;11141.000000;0.000000;36530.000000;10051.000000;0.000000;2816.936035
2074.000000;10051.000000;9932.000000;0.000000;36192.000000;10051.000000;0.000000;2818.310059
2075.000000;10051.000000;10457.000000;0.000000;23699.000000;10051.000000;0.000000;2819.556885
2076.000000;10051.000000;12046.000000;0.000000;61455.000000;10051.000000;0.000000;2820.793457
2077.000000;10051.000000;10354.000000;0.000000;17436.000000;10051.000000;0.000000;2822.032227
2078.000000;10051.000000;12903.000000;0.000000;108380.000000;10051.000000;0.000000;2823.281006
2079.000000;10051.000000;12283.000000;0.000000;71020.000000;10051.000000;0.000000;2824.544922
2080.000000;10051.000000;10879.000000;0.000000;21093.000000;10051.000000;0.000000;2825.818848
2081.000000;10051.000000;14188.000000;0.000000;93579.000000;10051.000000;0.000000;2827.324707
2082.000000;10051.000000;11468.000000;0.000000;31997.000000;10051.000000;0.000000;2828.718018
2083.000000;10051.000000;10031.000000;0.000000;29210.000000;10051.000000;0.000000;2830.111328
2084.000000;10051.000000;9695.000000;0.000000;24865.000000;10051.000000;0.000000;2831.506836
2085.000000;10051.000000;10599.000000;0.000000;17541.000000;10051.000000;0.000000;2832.898682
2086.000000;10051.000000;11268.000000;0.000000;45870.000000;10051.000000;0.000000;2834.288574
2087.000000;10051.000000;10165.000000;0.000000;40699.000000;10051.000000;0.000000;2835.707031
2088.000000;10051.000000;10456.000000;0.000000;23691.000000;10051.000000;0.000000;2837.094971
2089.000000;10051.000000;12790.000000;0.000000;57469.000000;10051.000000;0.000000;2838.483154
2090.000000;10051.000000;11816.000000;0.000000;25919.000000;10051.000000;0.000000;2839.907227
2091.000000;10051.000000;12073.000000;0.000000;49292.000000;10051.000000;0.000000;2841.370850
2092.000000;10051.000000;12691.000000;0.000000;64040.000000;10051.000000;0.000000;2842.778076
2093.000000;10051.000000;10963.000000;0.000000;34543.000000;10051.000000;0.000000;2844.182373
2094.000000;10051.000000;11232.000000;0.000000;50724.000000;10051.000000;0.000000;2845.582520
2095.000000;10051.000000;10285.000000;0.000000;18554.000000;10051.000000;0.000000;2846.847656
2096.000000;10051.000000;10146.000000;0.000000;13424.000000;10051.000000;0.000000;2848.097656
2097.000000;10051.000000;11301.000000;0.000000;45807.000000;10051.000000;0.000000;2849.354248
2098.000000;10051.000000;11534.000000;0.000000;57456.000000;10051.000000;0.000000;2850.614990
2099.000000;10051.000000;10290.000000;0.000000;22574.000000;10051.000000;0.000000;2851.876465
2100.000000;10051.000000;10018.000000;0.000000;13298.000000;10051.000000;0.000000;2853.135986
2101.000000;10051.000000;11351.000000;0.000000;32219.000000;10051.000000;0.000000;2854.659668
2102.000000;10051.000000;9986.000000;0.000000;16073.000000;10051.000000;0.000000;2856.094482
2103.000000;10051.000000;10941.000000;0.000000;18814.000000;10051.000000;0.000000;2857.492432
2104.000000;10051.000000;10445.000000;0.000000;17368.000000;10051.000000;0.000000;2858.900146
2105.000000;10051.000000;12020.000000;0.000000;69472.000000;10051.000000;0.000000;2860.303711
2106.000000;10051.000000;11939.000000;0.000000;38365.000000;10051.000000;0.000000;2861.704102
2107.000000;10051.000000;12830.000000;0.000000;39084.000000;10051.000000;0.000000;2863.132568
2108.000000;10051.000000;10891.000000;0.000000;28333.000000;10051.000000;0.000000;2864.532715
2109.000000;10051.000000;12190.000000;0.000000;37751.000000;10051.000000;0.000000;2865.962402
2110.000000;10051.000000;10952.000000;0.000000;48892.000000;10051.000000;0.000000;2867.483887
2111.000000;10051.000000;10692.000000;0.000000;23091.000000;10051.000000;0.000000;2868.906982
2112.000000;10051.000000;10441.000000;0.000000;19494.000000;10051.000000;0.000000;2870.374756
2113.000000;10051.000000;10937.000000;0.000000;17832.000000;10051.000000;0.000000;2871.801270
2114.000000;10051.000000;11593.000000;0.000000;22983.000000;10051.000000;0.000000;2873.153320
2115.000000;10051.000000;10384.000000;0.000000;20023.000000;10051.000000;0.000000;2874.397461
2116.000000;10051.000000;11539.000000;0.000000;27209.000000;10051.000000;0.000000;2875.664062
2117.000000;10051.000000;11399.000000;0.000000;30427.000000;10051.000000;0.000000;2876.938965
2118.000000;10051.000000;11119.000000;0.000000;30392.000000;10051.000000;0.000000;2878.184570
2119.000000;10051.000000;11185.000000;0.000000;23195.000000;10051.000000;0.000000;2879.418457
2120.000000;10051.000000;9703.000000;0.000000;27396.000000;10051.000000;0.000000;2880.643311
2121.000000;10051.000000;11725.000000;0.000000;63189.000000;10051.000000;0.000000;2882.134277
2122.000000;10051.000000;11056.000000;0.000000;32874.000000;10051.000000;0.000000;2883.500000
2123.000000;10051.000000;12517.000000;0.000000;71758.000000;10051.000000;0.000000;2884.868408
2124.000000;10051.000000;11155.000000;0.000000;17946.000000;10051.000000;0.000000;2886.284424
2125.000000;10051.000000;11606.000000;0.000000;56232.000000;10051.000000;0.000000;2887.665771
2126.000000;10051.000000;10294.000000;0.000000;19254.000000;10051.000000;0.000000;2889.068604
2127.000000;10051.000000;11043.000000;0.000000;27323.000000;10051.000000;0.000000;2890.453125
2128.000000;10051.000000;11209.000000;0.000000;20727.000000;10051.000000;0.000000;2891.830322
2129.000000;10051.000000;10812.000000;0.000000;18801.000000;10051.000000;0.000000;2893.208740
2130.000000;10051.000000;11229.000000;0.000000;27483.000000;10051.000000;0.000000;2894.614258
2131.000000;10051.000000;11154.000000;0.000000;19250.000000;10051.000000;0.000000;2896.042480
2132.000000;10051.000000;11409.000000;0.000000;47540.000000;10051.000000;0.000000;2897.445557
2133.000000;10051.000000;10541.000000;0.000000;25751.000000;10051.000000;0.000000;2898.848389
2134.000000;10051.000000;10249.000000;0.000000;13215.000000;10051.000000;0.000000;2900.236328
2135.000000;10051.000000;11736.000000;0.000000;38414.000000;10051.000000;0.000000;2901.477051
2136.000000;10051.000000;12987.000000;0.000000;70303.000000;10051.000000;0.000000;2902.704834
2137.000000;10051.000000;12130.000000;0.000000;24608.000000;10051.000000;0.000000;2903.932373
2138.000000;10051.000000;10006.000000;0.000000;22923.000000;10051.000000;0.000000;2905.159668
2139.000000;10051.000000;10530.000000;0.000000;18058.000000;10051.000000;0.000000;2906.429199
2140.000000;10051.000000;9309.000000;0.000000;24461.000000;10051.000000;0.000000;2907.657715
2141.000000;10051.000000;10551.000000;0.000000;20556.000000;10051.000000;0.000000;2909.146240
2142.000000;10051.000000;10727.000000;0.000000;38688.000000;10051.000000;0.000000;2910.524170
2143.000000;10051.000000;9962.000000;0.000000;25485.000000;10051.000000;0.000000;2911.901611
2144.000000;10051.000000;10605.000000;0.000000;34125.000000;10051.000000;0.000000;2913.291992
2145.000000;10051.000000;12378.000000;0.000000;47156.000000;10051.000000;0.000000;2914.683350
2146.000000;10051.000000;12281.000000;0.000000;54230.000000;10051.000000;0.000000;2916.111084
2147.000000;10051.000000;12007.000000;0.000000;30536.000000;10051.000000;0.000000;2917.512451
2148.000000;10051.000000;10510.000000;0.000000;21411.000000;10051.000000;0.000000;2918.910400
2149.000000;10051.000000;10586.000000;0.000000;22942.000000;10051.000000;0.000000;2920.304688
2150.000000;10051.000000;11502.000000;0.000000;26517.000000;10051.000000;0.000000;2921.739990
2151.000000;10051.000000;12703.000000;0.000000;86228.000000;10051.000000;0.000000;2923.229004
2152.000000;10051.000000;10102.000000;0.000000;28062.000000;10051.000000;0.000000;2924.649414
2153.000000;10051.000000;11383.000000;0.000000;61871.000000;10051.000000;0.000000;2926.062012
2154.000000;10051.000000;10080.000000;0.000000;22898.000000;10051.000000;0.000000;2927.464600
2155.000000;10051.000000;10660.000000;0.000000;22710.000000;10051.000000;0.000000;2928.708496
2156.000000;10051.000000;10148.000000;0.000000;16207.000000;10051.000000;0.000000;2929.943848
2157.000000;10051.000000;13689.000000;0.000000;95601.000000;10051.000000;0.000000;2931.183838
2158.000000;10051.000000;12171.000000;0.000000;56786.000000;10051.000000;0.000000;2932.421387
2159.000000;10051.000000;11905.000000;0.000000;47663.000000;10051.000000;0.000000;2933.657471
2160.000000;10051.000000;11882.000000;0.000000;92677.000000;10051.000000;0.000000;2934.901855
2161.000000;10051.000000;10958.000000;0.000000;20180.000000;10051.000000;0.000000;2936.482422
2162.000000;10051.000000;10725.000000;0.000000;39101.000000;10051.000000;0.000000;2937.857666
2163.000000;10051.000000;10446.000000;0.000000;33003.000000;10051.000000;0.000000;2939.244629
2164.000000;10051.000000;10696.000000;0.000000;25666.000000;10051.000000;0.000000;2940.651367
2165.000000;10051.000000;10630.000000;0.000000;16244.000000;10051.000000;0.000000;2942.053711
2166.000000;10051.000000;11656.000000;0.000000;49955.000000;10051.000000;0.000000;2943.456787
2167.000000;10051.000000;11810.000000;0.000000;20688.000000;10051.000000;0.000000;2944.860352
2168.000000;10051.000000;11257.000000;0.000000;29793.000000;10051.000000;0.000000;2946.278076
2169.000000;10051.000000;11800.000000;0.000000;35245.000000;10051.000000;0.000000;2947.687500
2170.000000;10051.000000;11236.000000;0.000000;29974.000000;10051.000000;0.000000;2949.138184
2171.000000;10051.000000;12559.000000;0.000000;39913.000000;10051.000000;0.000000;2950.557617
2172.000000;10051.000000;13507.000000;0.000000;129986.000000;10051.000000;0.000000;2951.975830
2173.000000;10051.000000;11348.000000;0.000000;24267.000000;10051.000000;0.000000;2953.393799
2174.000000;10051.000000;10423.000000;0.000000;16729.000000;10051.000000;0.000000;2954.777344
2175.000000;10051.000000;10700.000000;0.000000;13579.000000;10051.000000;0.000000;2956.027832
2176.000000;10051.000000;14020.000000;0.000000;107477.000000;10051.000000;0.000000;2957.313721
2177.000000;10051.000000;10226.000000;0.000000;13772.000000;10051.000000;0.000000;2958.563477
2178.000000;10051.000000;10391.000000;0.000000;23103.000000;10051.000000;0.000000;2959.811768
2179.000000;10051.000000;12013.000000;0.000000;106446.000000;10051.000000;0.000000;2961.063477
2180.000000;10051.000000;10907.000000;0.000000;14383.000000;10051.000000;0.000000;2962.312256
2181.000000;10051.000000;11216.000000;0.000000;35716.000000;10051.000000;0.000000;2963.832275
2182.000000;10051.000000;10742.000000;0.000000;35259.000000;10051.000000;0.000000;2965.222656
2183.000000;10051.000000;12284.000000;0.000000;40806.000000;10051.000000;0.000000;2966.651855
2184.000000;10051.000000;11133.000000;0.000000;23668.000000;10051.000000;0.000000;2968.063965
2185.000000;10051.000000;12064.000000;0.000000;57261.000000;10051.000000;0.000000;2969.482910
2186.000000;10051.000000;10235.000000;0.000000;26697.000000;10051.000000;0.000000;2970.917725
2187.000000;10051.000000;10975.000000;0.000000;26184.000000;10051.000000;0.000000;2972.352783
2188.000000;10051.000000;10571.000000;0.000000;20014.000000;10051.000000;0.000000;2973.788574
2189.000000;10051.000000;11001.000000;0.000000;33007.000000;10051.000000;0.000000;2975.220459
2190.000000;10051.000000;11481.000000;0.000000;34193.000000;10051.000000;0.000000;2976.723145
2191.000000;10051.000000;10250.000000;0.000000;19076.000000;10051.000000;0.000000;2978.184814
2192.000000;10051.000000;10660.000000;0.000000;13153.000000;10051.000000;0.000000;2979.637451
2193.000000;10051.000000;10289.000000;0.000000;19045.000000;10051.000000;0.000000;2981.087402
2194.000000;10051.000000;11489.000000;0.000000;33603.000000;10051.000000;0.000000;2982.467773
2195.000000;10051.000000;11311.000000;0.000000;25962.000000;10051.000000;0.000000;2983.747803
2196.000000;10051.000000;13022.000000;0.000000;53416.000000;10051.000000;0.000000;2985.005859
2197.000000;10051.000000;10423.000000;0.000000;11288.000000;10051.000000;0.000000;2986.263184
2198.000000;10051.000000;11467.000000;0.000000;33802.000000;10051.000000;0.000000;2987.558594
2199.000000;10051.000000;10725.000000;0.000000;12065.000000;10051.000000;0.000000;2988.817871
2200.000000;10051.000000;10932.000000;0.000000;19547.000000;10051.000000;0.000000;2990.080322
2201.000000;10051.000000;11183.000000;0.000000;32774.000000;10051.000000;0.000000;2991.631104
2202.000000;10051.000000;10359.000000;0.000000;22693.000000;10051.000000;0.000000;2993.044434
2203.000000;10051.000000;12063.000000;0.000000;40113.000000;10051.000000;0.000000;2994.456787
2204.000000;10051.000000;10356.000000;0.000000;22268.000000;10051.000000;0.000000;2995.875977
2205.000000;10051.000000;11619.000000;0.000000;33560.000000;10051.000000;0.000000;2997.324219
2206.000000;10051.000000;10706.000000;0.000000;13946.000000;10051.000000;0.000000;2998.738037
2207.000000;10051.000000;10422.000000;0.000000;27781.000000;10051.000000;0.000000;3000.123535
2208.000000;10051.000000;10629.000000;0.000000;20526.000000;10051.000000;0.000000;3001.510742
2209.000000;10051.000000;9097.000000;0.000000;53582.000000;10051.000000;0.000000;3002.897461
2210.000000;10051.000000;12256.000000;0.000000;64758.000000;10051.000000;0.000000;3004.320312
2211.000000;10051.000000;11820.000000;0.000000;25497.000000;10051.000000;0.000000;3005.728271
2212.000000;10051.000000;10202.000000;0.000000;19346.000000;10051.000000;0.000000;3007.164307
2213.000000;10051.000000;10691.000000;0.000000;32183.000000;10051.000000;0.000000;3008.582031
2214.000000;10051.000000;10732.000000;0.000000;34766.000000;10051.000000;0.000000;3009.954590
2215.000000;10051.000000;10361.000000;0.000000;17823.000000;10051.000000;0.000000;3011.195801
2216.000000;10051.000000;11472.000000;0.000000;53000.000000;10051.000000;0.000000;3012.433594
2217.000000;10051.000000;11523.000000;0.000000;28392.000000;10051.000000;0.000000;3013.673828
2218.000000;10051.000000;10921.000000;0.000000;47123.000000;10051.000000;0.000000;3014.914062
2219.000000;10051.000000;12769.000000;0.000000;51519.000000;10051.000000;0.000000;3016.152588
2220.000000;10051.000000;9901.000000;0.000000;20596.000000;10051.000000;0.000000;3017.425781
2221.000000;10051.000000;11513.000000;0.000000;33202.000000;10051.000000;0.000000;3018.942871
2222.000000;10051.000000;12109.000000;0.000000;76072.000000;10051.000000;0.000000;3020.317627
2223.000000;10051.000000;10899.000000;0.000000;28667.000000;10051.000000;0.000000;3021.704590
2224.000000;10051.000000;12102.000000;0.000000;34757.000000;10051.000000;0.000000;3023.102783
2225.000000;10051.000000;10698.000000;0.000000;16763.000000;10051.000000;0.000000;3024.488525
2226.000000;10051.000000;11152.000000;0.000000;33322.000000;10051.000000;0.000000;3025.875732
2227.000000;10051.000000;10240.000000;0.000000;17745.000000;10051.000000;0.000000;3027.286133
2228.000000;10051.000000;11150.000000;0.000000;20896.000000;10051.000000;0.000000;3028.670654
2229.000000;10051.000000;11371.000000;0.000000;61266.000000;10051.000000;0.000000;3030.036865
2230.000000;10051.000000;11057.000000;0.000000;29392.000000;10051.000000;0.000000;3031.427002
2231.000000;10051.000000;11054.000000;0.000000;37711.000000;10051.000000;0.000000;3032.806396
2232.000000;10051.000000;11238.000000;0.000000;13832.000000;10051.000000;0.000000;3034.311279
2233.000000;10051.000000;10482.000000;0.000000;16715.000000;10051.000000;0.000000;3035.697021
2234.000000;10051.000000;11547.000000;0.000000;24265.000000;10051.000000;0.000000;3037.112793
2235.000000;10051.000000;9929.000000;0.000000;22188.000000;10051.000000;0.000000;3038.341309
2236.000000;10051.000000;11864.000000;0.000000;74599.000000;10051.000000;0.000000;3039.557373
2237.000000;10051.000000;9882.000000;0.000000;15834.000000;10051.000000;0.000000;3040.775635
2238.000000;10051.000000;11851.000000;0.000000;23145.000000;10051.000000;0.000000;3041.991699
2239.000000;10051.000000;10944.000000;0.000000;18468.000000;10051.000000;0.000000;3043.240479
2240.000000;10051.000000;11013.000000;0.000000;27615.000000;10051.000000;0.000000;3044.455322
2241.000000;10051.000000;10578.000000;0.000000;14129.000000;10051.000000;0.000000;3045.933350
2242.000000;10051.000000;11310.000000;0.000000;51535.000000;10051.000000;0.000000;3047.325439
2243.000000;10051.000000;13441.000000;0.000000;70673.000000;10051.000000;0.000000;3048.681885
2244.000000;10051.000000;10033.000000;0.000000;22135.000000;10051.000000;0.000000;3050.053711
2245.000000;10051.000000;11726.000000;0.000000;33657.000000;10051.000000;0.000000;3051.422852
2246.000000;10051.000000;11123.000000;0.000000;52740.000000;10051.000000;0.000000;3052.791504
2247.000000;10051.000000;10647.000000;0.000000;20054.000000;10051.000000;0.000000;3054.237061
2248.000000;10051.000000;10708.000000;0.000000;16891.000000;10051.000000;0.000000;3055.619141
2249.000000;10051.000000;11159.000000;0.000000;17823.000000;10051.000000;0.000000;3057.014893
2250.000000;10051.000000;10472.000000;0.000000;27863.000000;10051.000000;0.000000;3058.418457
2251.000000;10051.000000;12410.000000;0.000000;40149.000000;10051.000000;0.000000;3059.815674
2252.000000;10051.000000;13472.000000;0.000000;111464.000000;10051.000000;0.000000;3061.208984
2253.000000;10051.000000;11092.000000;0.000000;18659.000000;10051.000000;0.000000;3062.603760
2254.000000;10051.000000;11155.000000;0.000000;23065.000000;10051.000000;0.000000;3063.993408
2255.000000;10051.000000;11294.000000;0.000000;24109.000000;10051.000000;0.000000;3065.239990
2256.000000;10051.000000;10315.000000;0.000000;23957.000000;10051.000000;0.000000;3066.469238
2257.000000;10051.000000;10188.000000;0.000000;25735.000000;10051.000000;0.000000;3067.737305
2258.000000;10051.000000;10601.000000;0.000000;27063.000000;10051.000000;0.000000;3068.981445
2259.000000;10051.000000;13633.000000;0.000000;48338.000000;10051.000000;0.000000;3070.213379
2260.000000;10051.000000;10397.000000;0.000000;14562.000000;10051.000000;0.000000;3071.445068
2261.000000;10051.000000;9534.000000;0.000000;11251.000000;10051.000000;0.000000;3072.932861
2262.000000;10051.000000;10317.000000;0.000000;25023.000000;10051.000000;0.000000;3074.301514
2263.000000;10051.000000;10830.000000;0.000000;30100.000000;10051.000000;0.000000;3075.667969
2264.000000;10051.000000;11368.000000;0.000000;44551.000000;10051.000000;0.000000;3077.065430
2265.000000;10051.000000;12150.000000;0.000000;70781.000000;10051.000000;0.000000;3078.456543
2266.000000;10051.000000;10316.000000;0.000000;28683.000000;10051.000000;0.000000;3079.835449
2267.000000;10051.000000;10706.000000;0.000000;25006.000000;10051.000000;0.000000;3081.218750
2268.000000;10051.000000;10142.000000;0.000000;16033.000000;10051.000000;0.000000;3082.642334
2269.000000;10051.000000;10130.000000;0.000000;19037.000000;10051.000000;0.000000;3084.031006
2270.000000;10051.000000;10795.000000;0.000000;36815.000000;10051.000000;0.000000;3085.453857
2271.000000;10051.000000;10078.000000;0.000000;27723.000000;10051.000000;0.000000;3086.854736
2272.000000;10051.000000;11306.000000;0.000000;33735.000000;10051.000000;0.000000;3088.285645
2273.000000;10051.000000;11396.000000;0.000000;36684.000000;10051.000000;0.000000;3089.694824
2274.000000;10051.000000;12011.000000;0.000000;49872.000000;10051.000000;0.000000;3091.108643
2275.000000;10051.000000;11584.000000;0.000000;27406.000000;10051.000000;0.000000;3092.356689
2276.000000;10051.000000;10923.000000;0.000000;23574.000000;10051.000000;0.000000;3093.595703
2277.000000;10051.000000;10711.000000;0.000000;18316.000000;10051.000000;0.000000;3094.835449
2278.000000;10051.000000;9717.000000;0.000000;39745.000000;10051.000000;0.000000;3096.085693
2279.000000;10051.000000;9921.000000;0.000000;39456.000000;10051.000000;0.000000;3097.385010
2280.000000;10051.000000;10332.000000;0.000000;19382.000000;10051.000000;0.000000;3098.632812
2281.000000;10051.000000;11311.000000;0.000000;44013.000000;10051.000000;0.000000;3100.136719
2282.000000;10051.000000;10465.000000;0.000000;15190.000000;10051.000000;0.000000;3101.518066
2283.000000;10051.000000;11853.000000;0.000000;33883.000000;10051.000000;0.000000;3102.999512
2284.000000;10051.000000;11073.000000;0.000000;31521.000000;10051.000000;0.000000;3104.392090
2285.000000;10051.000000;9750.000000;0.000000;16967.000000;10051.000000;0.000000;3105.793457
2286.000000;10051.000000;11466.000000;0.000000;26197.000000;10051.000000;0.000000;3107.199219
2287.000000;10051.000000;11308.000000;0.000000;36626.000000;10051.000000;0.000000;3108.607422
2288.000000;10051.000000;10678.000000;0.000000;24986.000000;10051.000000;0.000000;3110.003906
2289.000000;10051.000000;11124.000000;0.000000;43983.000000;10051.000000;0.000000;3111.407959
2290.000000;10051.000000;10245.000000;0.000000;22605.000000;10051.000000;0.000000;3112.839355
2291.000000;10051.000000;13163.000000;0.000000;92926.000000;10051.000000;0.000000;3114.251221
2292.000000;10051.000000;12613.000000;0.000000;64160.000000;10051.000000;0.000000;3115.661621
2293.000000;10051.000000;11740.000000;0.000000;25885.000000;10051.000000;0.000000;3117.078369
2294.000000;10051.000000;10361.000000;0.000000;19938.000000;10051.000000;0.000000;3118.488037
2295.000000;10051.000000;11358.000000;0.000000;20386.000000;10051.000000;0.000000;3119.752197
2296.000000;10051.000000;10386.000000;0.000000;16804.000000;10051.000000;0.000000;3121.014404
2297.000000;10051.000000;9285.000000;0.000000;26959.000000;10051.000000;0.000000;3122.276611
2298.000000;10051.000000;10593.000000;0.000000;15822.000000;10051.000000;0.000000;3123.528320
2299.000000;10051.000000;11143.000000;0.000000;26241.000000;10051.000000;0.000000;3124.783691
2300.000000;10051.000000;10516.000000;0.000000;17429.000000;10051.000000;0.000000;3126.051514
2301.000000;10051.000000;11774.000000;0.000000;19808.000000;10051.000000;0.000000;3127.598877
2302.000000;10051.000000;9468.000000;0.000000;72308.000000;10051.000000;0.000000;3129.014404
2303.000000;10051.000000;10134.000000;0.000000;15714.000000;10051.000000;0.000000;3130.506836
2304.000000;10051.000000;12988.000000;0.000000;84729.000000;10051.000000;0.000000;3131.922363
2305.000000;10051.000000;10603.000000;0.000000;19034.000000;10051.000000;0.000000;3133.335693
2306.000000;10051.000000;10113.000000;0.000000;17258.000000;10051.000000;0.000000;3134.737305
2307.000000;10051.000000;11841.000000;0.000000;49351.000000;10051.000000;0.000000;3136.140625
2308.000000;10051.000000;10907.000000;0.000000;28214.000000;10051.000000;0.000000;3138.049561
2309.000000;10051.000000;9493.000000;0.000000;19546.000000;10051.000000;0.000000;3139.453857
2310.000000;10051.000000;10161.000000;0.000000;28789.000000;10051.000000;0.000000;3140.895264
2311.000000;10051.000000;11008.000000;0.000000;28262.000000;10051.000000;0.000000;3142.315186
2312.000000;10051.000000;10812.000000;0.000000;18930.000000;10051.000000;0.000000;3143.731689
2313.000000;10051.000000;12255.000000;0.000000;59806.000000;10051.000000;0.000000;3145.148926
2314.000000;10051.000000;11762.000000;0.000000;32427.000000;10051.000000;0.000000;3146.467285
2315.000000;10051.000000;10642.000000;0.000000;31548.000000;10051.000000;0.000000;3147.756104
2316.000000;10051.000000;12034.000000;0.000000;31598.000000;10051.000000;0.000000;3149.011719
2317.000000;10051.000000;10701.000000;0.000000;14161.000000;10051.000000;0.000000;3150.277100
2318.000000;10051.000000;10298.000000;0.000000;12221.000000;10051.000000;0.000000;3151.542480
2319.000000;10051.000000;11695.000000;0.000000;38379.000000;10051.000000;0.000000;3152.808105
2320.000000;10051.000000;11800.000000;0.000000;26135.000000;10051.000000;0.000000;3154.077881
2321.000000;10051.000000;13189.000000;0.000000;72283.000000;10051.000000;0.000000;3155.708252
2322.000000;10051.000000;11199.000000;0.000000;25279.000000;10051.000000;0.000000;3157.117188
2323.000000;10051.000000;12679.000000;0.000000;68246.000000;10051.000000;0.000000;3158.565918
2324.000000;10051.000000;12138.000000;0.000000;48907.000000;10051.000000;0.000000;3159.988525
2325.000000;10051.000000;11656.000000;0.000000;43462.000000;10051.000000;0.000000;3161.416992
2326.000000;10051.000000;10578.000000;0.000000;38448.000000;10051.000000;0.000000;3162.860840
2327.000000;10051.000000;12378.000000;0.000000;51149.000000;10051.000000;0.000000;3164.275879
2328.000000;10051.000000;10739.000000;0.000000;25697.000000;10051.000000;0.000000;3165.687500
2329.000000;10051.000000;10635.000000;0.000000;31681.000000;10051.000000;0.000000;3167.101807
2330.000000;10051.000000;11482.000000;0.000000;17554.000000;10051.000000;0.000000;3168.643799
2331.000000;10051.000000;10675.000000;0.000000;24418.000000;10051.000000;0.000000;3170.096436
2332.000000;10051.000000;10417.000000;0.000000;24098.000000;10051.000000;0.000000;3171.568115
2333.000000;10051.000000;11394.000000;0.000000;24756.000000;10051.000000;0.000000;3173.009277
2334.000000;10051.000000;9839.000000;0.000000;12863.000000;10051.000000;0.000000;3174.364502
2335.000000;10051.000000;11508.000000;0.000000;25272.000000;10051.000000;0.000000;3175.634033
2336.000000;10051.000000;11387.000000;0.000000;11661.000000;10051.000000;0.000000;3176.906982
2337.000000;10051.000000;11263.000000;0.000000;17853.000000;10051.000000;0.000000;3178.193848
2338.000000;10051.000000;10983.000000;0.000000;19704.000000;10051.000000;0.000000;3179.452393
2339.000000;10051.000000;10725.000000;0.000000;28797.000000;10051.000000;0.000000;3180.699951
2340.000000;10051.000000;13009.000000;0.000000;55221.000000;10051.000000;0.000000;3181.947998
2341.000000;10051.000000;11098.000000;0.000000;50740.000000;10051.000000;0.000000;3183.498047
2342.000000;10051.000000;11333.000000;0.000000;26992.000000;10051.000000;0.000000;3184.881592
2343.000000;10051.000000;10577.000000;0.000000;26037.000000;10051.000000;0.000000;3186.263428
2344.000000;10051.000000;11232.000000;0.000000;23990.000000;10051.000000;0.000000;3187.659912
2345.000000;10051.000000;10314.000000;0.000000;25454.000000;10051.000000;0.000000;3189.086914
2346.000000;10051.000000;11105.000000;0.000000;33770.000000;10051.000000;0.000000;3190.475098
2347.000000;10051.000000;11337.000000;0.000000;36097.000000;10051.000000;0.000000;3191.864746
2348.000000;10051.000000;10396.000000;0.000000;16718.000000;10051.000000;0.000000;3193.254639
2349.000000;10051.000000;11236.000000;0.000000;42558.000000;10051.000000;0.000000;3194.645264
2350.000000;10051.000000;11670.000000;0.000000;56902.000000;10051.000000;0.000000;3196.068848
2351.000000;10051.000000;12678.000000;0.000000;71280.000000;10051.000000;0.000000;3197.477539
2352.000000;10051.000000;11254.000000;0.000000;17653.000000;10051.000000;0.000000;3198.909668
2353.000000;10051.000000;9245.000000;0.000000;41159.000000;10051.000000;0.000000;3200.408936
2354.000000;10051.000000;9794.000000;0.000000;26113.000000;10051.000000;0.000000;3201.780518
2355.000000;10051.000000;11331.000000;0.000000;52515.000000;10051.000000;0.000000;3203.025391
2356.000000;10051.000000;10377.000000;0.000000;35226.000000;10051.000000;0.000000;3204.272217
2357.000000;10051.000000;11511.000000;0.000000;38097.000000;10051.000000;0.000000;3205.518311
2358.000000;10051.000000;11386.000000;0.000000;18102.000000;10051.000000;0.000000;3206.766357
2359.000000;10051.000000;12308.000000;0.000000;50421.000000;10051.000000;0.000000;3208.041748
2360.000000;10051.000000;10807.000000;0.000000;32117.000000;10051.000000;0.000000;3209.304443
2361.000000;10051.000000;12350.000000;0.000000;78425.000000;10051.000000;0.000000;3210.826904
2362.000000;10051.000000;9959.000000;0.000000;35002.000000;10051.000000;0.000000;3212.215820
2363.000000;10051.000000;12226.000000;0.000000;44537.000000;10051.000000;0.000000;3213.612305
2364.000000;10051.000000;11289.000000;0.000000;24824.000000;10051.000000;0.000000;3215.019043
2365.000000;10051.000000;12416.000000;0.000000;18347.000000;10051.000000;0.000000;3216.430664
2366.000000;10051.000000;11031.000000;0.000000;13160.000000;10051.000000;0.000000;3217.837158
2367.000000;10051.000000;9989.000000;0.000000;25263.000000;10051.000000;0.000000;3219.269043
2368.000000;10051.000000;11839.000000;0.000000;39113.000000;10051.000000;0.000000;3220.681152
2369.000000;10051.000000;11268.000000;0.000000;25069.000000;10051.000000;0.000000;3222.084473
2370.000000;10051.000000;12492.000000;0.000000;69111.000000;10051.000000;0.000000;3223.548828
2371.000000;10051.000000;10914.000000;0.000000;15945.000000;10051.000000;0.000000;3224.972412
2372.000000;10051.000000;11145.000000;0.000000;15017.000000;10051.000000;0.000000;3226.416992
2373.000000;10051.000000;10356.000000;0.000000;18096.000000;10051.000000;0.000000;3227.926758
2374.000000;10051.000000;10037.000000;0.000000;15086.000000;10051.000000;0.000000;3229.341309
2375.000000;10051.000000;10743.000000;0.000000;21287.000000;10051.000000;0.000000;3230.741211
2376.000000;10051.000000;10571.000000;0.000000;26395.000000;10051.000000;0.000000;3232.149414
2377.000000;10051.000000;10060.000000;0.000000;24828.000000;10051.000000;0.000000;3233.567139
2378.000000;10051.000000;10843.000000;0.000000;24233.000000;10051.000000;0.000000;3234.985107
2379.000000;10051.000000;10820.000000;0.000000;16072.000000;10051.000000;0.000000;3236.399902
2380.000000;10051.000000;10072.000000;0.000000;23398.000000;10051.000000;0.000000;3237.843994
2381.000000;10051.000000;10783.000000;0.000000;20724.000000;10051.000000;0.000000;3239.404541
2382.000000;10051.000000;10244.000000;0.000000;23630.000000;10051.000000;0.000000;3240.764648
2383.000000;10051.000000;9662.000000;0.000000;25532.000000;10051.000000;0.000000;3242.128418
2384.000000;10051.000000;11702.000000;0.000000;21589.000000;10051.000000;0.000000;3243.510986
2385.000000;10051.000000;12806.000000;0.000000;91371.000000;10051.000000;0.000000;3244.894775
2386.000000;10051.000000;10385.000000;0.000000;21685.000000;10051.000000;0.000000;3246.271729
2387.000000;10051.000000;11270.000000;0.000000;22031.000000;10051.000000;0.000000;3247.646729
2388.000000;10051.000000;11697.000000;0.000000;16064.000000;10051.000000;0.000000;3249.055664
2389.000000;10051.000000;10588.000000;0.000000;15723.000000;10051.000000;0.000000;3250.437256
2390.000000;10051.000000;11777.000000;0.000000;23324.000000;10051.000000;0.000000;3251.818848
2391.000000;10051.000000;11488.000000;0.000000;29937.000000;10051.000000;0.000000;3253.204346
2392.000000;10051.000000;11654.000000;0.000000;27427.000000;10051.000000;0.000000;3254.638184
2393.000000;10051.000000;10151.000000;0.000000;20670.000000;10051.000000;0.000000;3256.037598
2394.000000;10051.000000;13236.000000;0.000000;106386.000000;10051.000000;0.000000;3257.437500
2395.000000;10051.000000;10365.000000;0.000000;20871.000000;10051.000000;0.000000;3258.856934
2396.000000;10051.000000;10347.000000;0.000000;22705.000000;10051.000000;0.000000;3260.170654
2397.000000;10051.000000;10476.000000;0.000000;21475.000000;10051.000000;0.000000;3261.408691
2398.000000;10051.000000;10693.000000;0.000000;38071.000000;10051.000000;0.000000;3262.649658
2399.000000;10051.000000;10487.000000;0.000000;14670.000000;10051.000000;0.000000;3263.891846
2400.000000;10051.000000;11460.000000;0.000000;19561.000000;10051.000000;0.000000;3265.131104
2401.000000;10051.000000;9709.000000;0.000000;42641.000000;10051.000000;0.000000;3266.639404
2402.000000;10051.000000;11169.000000;0.000000;60964.000000;10051.000000;0.000000;3268.004150
2403.000000;10051.000000;11516.000000;0.000000;18440.000000;10051.000000;0.000000;3269.401123
2404.000000;10051.000000;11066.000000;0.000000;23576.000000;10051.000000;0.000000;3270.789307
2405.000000;10051.000000;10988.000000;0.000000;27900.000000;10051.000000;0.000000;3272.176758
2406.000000;10051.000000;12182.000000;0.000000;45518.000000;10051.000000;0.000000;3273.566162
2407.000000;10051.000000;11245.000000;0.000000;21765.000000;10051.000000;0.000000;3274.955322
2408.000000;10051.000000;11778.000000;0.000000;55145.000000;10051.000000;0.000000;3276.346680
2409.000000;10051.000000;11509.000000;0.000000;23032.000000;10051.000000;0.000000;3277.738525
2410.000000;10051.000000;10543.000000;0.000000;27481.000000;10051.000000;0.000000;3279.191650
2411.000000;10051.000000;10929.000000;0.000000;13478.000000;10051.000000;0.000000;3280.600830
2412.000000;10051.000000;11675.000000;0.000000;74254.000000;10051.000000;0.000000;3282.010986
2413.000000;10051.000000;11860.000000;0.000000;52278.000000;10051.000000;0.000000;3283.450439
2414.000000;10051.000000;11696.000000;0.000000;42645.000000;10051.000000;0.000000;3284.826172
2415.000000;10051.000000;11448.000000;0.000000;21871.000000;10051.000000;0.000000;3286.071533
2416.000000;10051.000000;10523.000000;0.000000;20126.000000;10051.000000;0.000000;3287.314697
2417.000000;10051.000000;10611.000000;0.000000;22277.000000;10051.000000;0.000000;3288.594482
2418.000000;10051.000000;11869.000000;0.000000;41293.000000;10051.000000;0.000000;3289.842285
2419.000000;10051.000000;11612.000000;0.000000;47292.000000;10051.000000;0.000000;3291.088867
2420.000000;10051.000000;11125.000000;0.000000;27252.000000;10051.000000;0.000000;3292.335449
2421.000000;10051.000000;10359.000000;0.000000;10010.000000;10051.000000;0.000000;3293.840332
2422.000000;10051.000000;10285.000000;0.000000;14905.000000;10051.000000;0.000000;3295.216797
2423.000000;10051.000000;12362.000000;0.000000;21978.000000;10051.000000;0.000000;3296.603760
2424.000000;10051.000000;9311.000000;0.000000;56470.000000;10051.000000;0.000000;3297.994141
2425.000000;10051.000000;10608.000000;0.000000;20273.000000;10051.000000;0.000000;3299.423828
2426.000000;10051.000000;10123.000000;0.000000;24153.000000;10051.000000;0.000000;3300.822998
2427.000000;10051.000000;10512.000000;0.000000;31023.000000;10051.000000;0.000000;3302.224854
2428.000000;10051.000000;10854.000000;0.000000;19796.000000;10051.000000;0.000000;3303.683105
2429.000000;10051.000000;10718.000000;0.000000;29161.000000;10051.000000;0.000000;3305.103516
2430.000000;10051.000000;12828.000000;0.000000;40343.000000;10051.000000;0.000000;3306.557373
2431.000000;10051.000000;10608.000000;0.000000;23388.000000;10051.000000;0.000000;3307.989990
2432.000000;10051.000000;13169.000000;0.000000;96517.000000;10051.000000;0.000000;3309.444824
2433.000000;10051.000000;12178.000000;0.000000;27532.000000;10051.000000;0.000000;3310.863281
2434.000000;10051.000000;9630.000000;0.000000;23212.000000;10051.000000;0.000000;3312.242188
2435.000000;10051.000000;10791.000000;0.000000;17386.000000;10051.000000;0.000000;3313.492676
2436.000000;10051.000000;10911.000000;0.000000;19585.000000;10051.000000;0.000000;3314.746582
2437.000000;10051.000000;11036.000000;0.000000;57298.000000;10051.000000;0.000000;3316.003906
2438.000000;10051.000000;12930.000000;0.000000;94232.000000;10051.000000;0.000000;3317.260498
2439.000000;10051.000000;10862.000000;0.000000;22414.000000;10051.000000;0.000000;3318.545898
2440.000000;10051.000000;10541.000000;0.000000;14731.000000;10051.000000;0.000000;3319.808105
2441.000000;10051.000000;10922.000000;0.000000;14500.000000;10051.000000;0.000000;3321.329590
2442.000000;10051.000000;9359.000000;0.000000;21842.000000;10051.000000;0.000000;3322.719971
2443.000000;10051.000000;10358.000000;0.000000;16650.000000;10051.000000;0.000000;3324.114014
2444.000000;10051.000000;10552.000000;0.000000;36573.000000;10051.000000;0.000000;3325.519043
2445.000000;10051.000000;10211.000000;0.000000;11659.000000;10051.000000;0.000000;3326.923096
2446.000000;10051.000000;11394.000000;0.000000;18256.000000;10051.000000;0.000000;3328.324951
2447.000000;10051.000000;10651.000000;0.000000;16500.000000;10051.000000;0.000000;3329.760010
2448.000000;10051.000000;10478.000000;0.000000;20887.000000;10051.000000;0.000000;3331.181152
2449.000000;10051.000000;11095.000000;0.000000;24061.000000;10051.000000;0.000000;3332.599365
2450.000000;10051.000000;10094.000000;0.000000;20876.000000;10051.000000;0.000000;3334.197266
2451.000000;10051.000000;10365.000000;0.000000;13674.000000;10051.000000;0.000000;3335.635498
2452.000000;10051.000000;9832.000000;0.000000;12015.000000;10051.000000;0.000000;3337.071289
2453.000000;10051.000000;10179.000000;0.000000;13414.000000;10051.000000;0.000000;3338.514404
2454.000000;10051.000000;10495.000000;0.000000;15545.000000;10051.000000;0.000000;3339.904053
2455.000000;10051.000000;10110.000000;0.000000;37813.000000;10051.000000;0.000000;3341.171387
2456.000000;10051.000000;9949.000000;0.000000;49160.000000;10051.000000;0.000000;3342.449219
2457.000000;10051.000000;10993.000000;0.000000;27686.000000;10051.000000;0.000000;3343.737061
2458.000000;10051.000000;10747.000000;0.000000;30681.000000;10051.000000;0.000000;3344.997314
2459.000000;10051.000000;10976.000000;0.000000;35375.000000;10051.000000;0.000000;3346.260498
2460.000000;10051.000000;11793.000000;0.000000;20605.000000;10051.000000;0.000000;3347.522705
2461.000000;10051.000000;11385.000000;0.000000;38830.000000;10051.000000;0.000000;3349.070557
2462.000000;10051.000000;9895.000000;0.000000;17196.000000;10051.000000;0.000000;3350.479492
2463.000000;10051.000000;10905.000000;0.000000;63735.000000;10051.000000;0.000000;3351.881836
2464.000000;10051.000000;11011.000000;0.000000;18457.000000;10051.000000;0.000000;3353.295410
2465.000000;10051.000000;11135.000000;0.000000;17718.000000;10051.000000;0.000000;3354.709473
2466.000000;10051.000000;11669.000000;0.000000;55396.000000;10051.000000;0.000000;3356.131348
2467.000000;10051.000000;8909.000000;0.000000;6247.000000;10051.000000;0.000000;3357.561035
2468.000000;10051.000000;11483.000000;0.000000;32001.000000;10051.000000;0.000000;3359.008057
2469.000000;10051.000000;11865.000000;0.000000;46318.000000;10051.000000;0.000000;3360.405273
2470.000000;10051.000000;11376.000000;0.000000;16195.000000;10051.000000;0.000000;3361.836670
2471.000000;10051.000000;10171.000000;0.000000;11587.000000;10051.000000;0.000000;3363.243164
2472.000000;10051.000000;10215.000000;0.000000;46951.000000;10051.000000;0.000000;3364.645752
2473.000000;10051.000000;11427.000000;0.000000;30137.000000;10051.000000;0.000000;3366.056641
2474.000000;10051.000000;11186.000000;0.000000;20565.000000;10051.000000;0.000000;3367.429688
2475.000000;10051.000000;11291.000000;0.000000;26544.000000;10051.000000;0.000000;3368.688721
2476.000000;10051.000000;10390.000000;0.000000;25060.000000;10051.000000;0.000000;3369.961670
2477.000000;10051.000000;10975.000000;0.000000;31558.000000;10051.000000;0.000000;3371.210449
2478.000000;10051.000000;9173.000000;0.000000;38633.000000;10051.000000;0.000000;3372.456787
2479.000000;10051.000000;12567.000000;0.000000;46654.000000;10051.000000;0.000000;3373.703613
2480.000000;10051.000000;11965.000000;0.000000;47300.000000;10051.000000;0.000000;3374.952393
2481.000000;10051.000000;11414.000000;0.000000;18744.000000;10051.000000;0.000000;3376.462646
2482.000000;10051.000000;11065.000000;0.000000;14809.000000;10051.000000;0.000000;3377.838135
2483.000000;10051.000000;11602.000000;0.000000;50124.000000;10051.000000;0.000000;3379.246094
2484.000000;10051.000000;11047.000000;0.000000;49841.000000;10051.000000;0.000000;3380.634521
2485.000000;10051.000000;10612.000000;0.000000;17138.000000;10051.000000;0.000000;3382.026855
2486.000000;10051.000000;9976.000000;0.000000;13908.000000;10051.000000;0.000000;3383.415039
2487.000000;10051.000000;10716.000000;0.000000;22688.000000;10051.000000;0.000000;3384.803955
2488.000000;10051.000000;10531.000000;0.000000;17043.000000;10051.000000;0.000000;3386.191406
2489.000000;10051.000000;14178.000000;0.000000;134317.000000;10051.000000;0.000000;3387.577393
2490.000000;10051.000000;10790.000000;0.000000;40333.000000;10051.000000;0.000000;3389.045654
2491.000000;10051.000000;10554.000000;0.000000;27024.000000;10051.000000;0.000000;3390.474365
2492.000000;10051.000000;9619.000000;0.000000;23222.000000;10051.000000;0.000000;3391.898438
2493.000000;10051.000000;10178.000000;0.000000;21358.000000;10051.000000;0.000000;3393.319092
2494.000000;10051.000000;10091.000000;0.000000;16070.000000;10051.000000;0.000000;3394.720947
2495.000000;10051.000000;12172.000000;0.000000;43347.000000;10051.000000;0.000000;3395.975830
2496.000000;10051.000000;12070.000000;0.000000;23200.000000;10051.000000;0.000000;3397.231445
2497.000000;10051.000000;9716.000000;0.000000;28449.000000;10051.000000;0.000000;3398.488525
2498.000000;10051.000000;10866.000000;0.000000;16364.000000;10051.000000;0.000000;3399.769043
2499.000000;10051.000000;10623.000000;0.000000;19327.000000;10051.000000;0.000000;3401.020508
2500.000000;10051.000000;10406.000000;0.000000;19487.000000;10051.000000;0.000000;3402.270996
2501.000000;10051.000000;9664.000000;0.000000;25152.000000;10051.000000;0.000000;3403.831787
2502.000000;10051.000000;11238.000000;0.000000;23158.000000;10051.000000;0.000000;3405.227539
2503.000000;10051.000000;11072.000000;0.000000;21373.000000;10051.000000;0.000000;3406.627197
2504.000000;10051.000000;11909.000000;0.000000;36942.000000;10051.000000;0.000000;3408.027832
2505.000000;10051.000000;10722.000000;0.000000;18461.000000;10051.000000;0.000000;3409.468750
2506.000000;10051.000000;11110.000000;0.000000;21535.000000;10051.000000;0.000000;3410.870361
2507.000000;10051.000000;10480.000000;0.000000;20255.000000;10051.000000;0.000000;3412.414795
2508.000000;10051.000000;10102.000000;0.000000;27312.000000;10051.000000;0.000000;3413.815918
2509.000000;10051.000000;10608.000000;0.000000;17867.000000;10051.000000;0.000000;3415.214600
2510.000000;10051.000000;10695.000000;0.000000;20777.000000;10051.000000;0.000000;3416.664551
2511.000000;10051.000000;11249.000000;0.000000;23460.000000;10051.000000;0.000000;3418.083252
2512.000000;10051.000000;11186.000000;0.000000;31209.000000;10051.000000;0.000000;3419.517822
2513.000000;10051.000000;9955.000000;0.000000;19618.000000;10051.000000;0.000000;3420.906738
2514.000000;10051.000000;12850.000000;0.000000;39014.000000;10051.000000;0.000000;3422.236572
2515.000000;10051.000000;10227.000000;0.000000;21090.000000;10051.000000;0.000000;3423.471924
2516.000000;10051.000000;10416.000000;0.000000;16962.000000;10051.000000;0.000000;3424.705322
2517.000000;10051.000000;9919.000000;0.000000;19875.000000;10051.000000;0.000000;3425.938965
2518.000000;10051.000000;11134.000000;0.000000;28251.000000;10051.000000;0.000000;3427.169434
2519.000000;10051.000000;11881.000000;0.000000;39909.000000;10051.000000;0.000000;3428.408936
2520.000000;10051.000000;10497.000000;0.000000;25894.000000;10051.000000;0.000000;3429.691650
2521.000000;10051.000000;11434.000000;0.000000;14258.000000;10051.000000;0.000000;3431.180176
2522.000000;10051.000000;10804.000000;0.000000;31883.000000;10051.000000;0.000000;3432.548340
2523.000000;10051.000000;11042.000000;0.000000;27126.000000;10051.000000;0.000000;3434.007080
2524.000000;10051.000000;12461.000000;0.000000;53305.000000;10051.000000;0.000000;3435.392578
2525.000000;10051.000000;10748.000000;0.000000;24242.000000;10051.000000;0.000000;3436.770020
2526.000000;10051.000000;12529.000000;0.000000;29024.000000;10051.000000;0.000000;3438.148193
2527.000000;10051.000000;10253.000000;0.000000;15528.000000;10051.000000;0.000000;3439.550781
2528.000000;10051.000000;10845.000000;0.000000;17339.000000;10051.000000;0.000000;3440.928711
2529.000000;10051.000000;11430.000000;0.000000;38554.000000;10051.000000;0.000000;3442.306885
2530.000000;10051.000000;12867.000000;0.000000;79101.000000;10051.000000;0.000000;3443.682617
2531.000000;10051.000000;10845.000000;0.000000;21883.000000;10051.000000;0.000000;3445.060059
2532.000000;10051.000000;10355.000000;0.000000;18574.000000;10051.000000;0.000000;3446.436279
2533.000000;10051.000000;10743.000000;0.000000;20066.000000;10051.000000;0.000000;3447.853271
2534.000000;10051.000000;12117.000000;0.000000;45527.000000;10051.000000;0.000000;3449.254639
2535.000000;10051.000000;10377.000000;0.000000;18214.000000;10051.000000;0.000000;3450.676025
2536.000000;10051.000000;11377.000000;0.000000;25817.000000;10051.000000;0.000000;3452.083740
2537.000000;10051.000000;12795.000000;0.000000;42150.000000;10051.000000;0.000000;3453.384766
2538.000000;10051.000000;11588.000000;0.000000;21049.000000;10051.000000;0.000000;3454.625244
2539.000000;10051.000000;10559.000000;0.000000;14815.000000;10051.000000;0.000000;3455.864746
2540.000000;10051.000000;11832.000000;0.000000;75531.000000;10051.000000;0.000000;3457.109131
2541.000000;10051.000000;11389.000000;0.000000;26376.000000;10051.000000;0.000000;3458.628662
2542.000000;10051.000000;9947.000000;0.000000;20627.000000;10051.000000;0.000000;3460.047852
2543.000000;10051.000000;10233.000000;0.000000;24230.000000;10051.000000;0.000000;3461.430176
2544.000000;10051.000000;10712.000000;0.000000;16434.000000;10051.000000;0.000000;3462.850342
2545.000000;10051.000000;11158.000000;0.000000;16931.000000;10051.000000;0.000000;3464.244873
2546.000000;10051.000000;9730.000000;0.000000;33830.000000;10051.000000;0.000000;3465.638672
2547.000000;10051.000000;10684.000000;0.000000;20164.000000;10051.000000;0.000000;3467.042725
2548.000000;10051.000000;11520.000000;0.000000;38142.000000;10051.000000;0.000000;3468.513184
2549.000000;10051.000000;10819.000000;0.000000;38224.000000;10051.000000;0.000000;3469.957520
2550.000000;10051.000000;11158.000000;0.000000;24689.000000;10051.000000;0.000000;3471.428223
2551.000000;10051.000000;10093.000000;0.000000;13531.000000;10051.000000;0.000000;3472.831299
2552.000000;10051.000000;11061.000000;0.000000;44182.000000;10051.000000;0.000000;3474.235596
2553.000000;10051.000000;9542.000000;0.000000;27095.000000;10051.000000;0.000000;3475.632568
2554.000000;10051.000000;10720.000000;0.000000;15834.000000;10051.000000;0.000000;3476.901855
2555.000000;10051.000000;10893.000000;0.000000;33202.000000;10051.000000;0.000000;3478.146973
2556.000000;10051.000000;10692.000000;0.000000;17512.000000;10051.000000;0.000000;3479.407471
2557.000000;10051.000000;12242.000000;0.000000;60738.000000;10051.000000;0.000000;3480.681885
2558.000000;10051.000000;9958.000000;0.000000;15244.000000;10051.000000;0.000000;3481.929932
2559.000000;10051.000000;11099.000000;0.000000;42253.000000;10051.000000;0.000000;3483.180664
2560.000000;10051.000000;10920.000000;0.000000;23502.000000;10051.000000;0.000000;3484.428711
2561.000000;10051.000000;11642.000000;0.000000;55912.000000;10051.000000;0.000000;3485.948975
2562.000000;10051.000000;11485.000000;0.000000;27912.000000;10051.000000;0.000000;3487.337402
2563.000000;10051.000000;10323.000000;0.000000;14583.000000;10051.000000;0.000000;3488.736816
2564.000000;10051.000000;11305.000000;0.000000;26888.000000;10051.000000;0.000000;3490.164551
2565.000000;10051.000000;10482.000000;0.000000;31462.000000;10051.000000;0.000000;3491.570312
2566.000000;10051.000000;10673.000000;0.000000;13091.000000;10051.000000;0.000000;3492.969727
2567.000000;10051.000000;10231.000000;0.000000;19968.000000;10051.000000;0.000000;3494.469971
2568.000000;10051.000000;10781.000000;0.000000;10994.000000;10051.000000;0.000000;3495.987793
2569.000000;10051.000000;11990.000000;0.000000;42930.000000;10051.000000;0.000000;3497.473877
2570.000000;10051.000000;11585.000000;0.000000;35416.000000;10051.000000;0.000000;3498.881592
2571.000000;10051.000000;10042.000000;0.000000;37868.000000;10051.000000;0.000000;3500.322998
2572.000000;10051.000000;11727.000000;0.000000;45999.000000;10051.000000;0.000000;3501.738770
2573.000000;10051.000000;9887.000000;0.000000;56534.000000;10051.000000;0.000000;3503.158447
2574.000000;10051.000000;12178.000000;0.000000;56410.000000;10051.000000;0.000000;3504.513428
2575.000000;10051.000000;10766.000000;0.000000;15327.000000;10051.000000;0.000000;3505.768066
2576.000000;10051.000000;9885.000000;0.000000;23160.000000;10051.000000;0.000000;3507.028564
2577.000000;10051.000000;12298.000000;0.000000;38037.000000;10051.000000;0.000000;3508.283936
2578.000000;10051.000000;9749.000000;0.000000;26055.000000;10051.000000;0.000000;3509.547119
2579.000000;10051.000000;12229.000000;0.000000;75436.000000;10051.000000;0.000000;3510.837646
2580.000000;10051.000000;10480.000000;0.000000;32341.000000;10051.000000;0.000000;3512.100342
2581.000000;10051.000000;12232.000000;0.000000;59599.000000;10051.000000;0.000000;3513.634277
2582.000000;10051.000000;10651.000000;0.000000;8182.000000;10051.000000;0.000000;3515.039307
2583.000000;10051.000000;9459.000000;0.000000;30496.000000;10051.000000;0.000000;3516.443604
2584.000000;10051.000000;10632.000000;0.000000;28038.000000;10051.000000;0.000000;3517.859619
2585.000000;10051.000000;12784.000000;0.000000;45055.000000;10051.000000;0.000000;3519.332764
2586.000000;10051.000000;10466.000000;0.000000;22583.000000;10051.000000;0.000000;3520.774414
2587.000000;10051.000000;10220.000000;0.000000;20364.000000;10051.000000;0.000000;3522.190430
2588.000000;10051.000000;11323.000000;0.000000;21084.000000;10051.000000;0.000000;3523.628662
2589.000000;10051.000000;8683.000000;0.000000;49131.000000;10051.000000;0.000000;3525.042969
2590.000000;10051.000000;10267.000000;0.000000;17610.000000;10051.000000;0.000000;3526.494141
2591.000000;10051.000000;11633.000000;0.000000;43439.000000;10051.000000;0.000000;3527.930176
2592.000000;10051.000000;10943.000000;0.000000;13138.000000;10051.000000;0.000000;3529.372314
2593.000000;10051.000000;10823.000000;0.000000;25600.000000;10051.000000;0.000000;3530.823975
2594.000000;10051.000000;11102.000000;0.000000;33866.000000;10051.000000;0.000000;3532.211426
2595.000000;10051.000000;11525.000000;0.000000;24948.000000;10051.000000;0.000000;3533.480469
2596.000000;10051.000000;11620.000000;0.000000;32330.000000;10051.000000;0.000000;3534.739990
2597.000000;10051.000000;11758.000000;0.000000;42669.000000;10051.000000;0.000000;3536.001709
2598.000000;10051.000000;12547.000000;0.000000;68387.000000;10051.000000;0.000000;3537.279541
2599.000000;10051.000000;12123.000000;0.000000;40272.000000;10051.000000;0.000000;3538.550049
2600.000000;10051.000000;10756.000000;0.000000;17852.000000;10051.000000;0.000000;3539.806152
2601.000000;10051.000000;11335.000000;0.000000;15317.000000;10051.000000;0.000000;3541.337402
2602.000000;10051.000000;11344.000000;0.000000;39282.000000;10051.000000;0.000000;3542.714111
2603.000000;10051.000000;10391.000000;0.000000;21128.000000;10051.000000;0.000000;3544.092529
2604.000000;10051.000000;10257.000000;0.000000;26172.000000;10051.000000;0.000000;3545.485596
2605.000000;10051.000000;11761.000000;0.000000;26828.000000;10051.000000;0.000000;3546.883057
2606.000000;10051.000000;10586.000000;0.000000;21512.000000;10051.000000;0.000000;3548.280762
2607.000000;10051.000000;11949.000000;0.000000;67507.000000;10051.000000;0.000000;3549.685059
2608.000000;10051.000000;11545.000000;0.000000;23674.000000;10051.000000;0.000000;3551.103760
2609.000000;10051.000000;10815.000000;0.000000;22689.000000;10051.000000;0.000000;3552.494629
2610.000000;10051.000000;11037.000000;0.000000;24719.000000;10051.000000;0.000000;3553.917236
2611.000000;10051.000000;11587.000000;0.000000;22119.000000;10051.000000;0.000000;3555.324951
2612.000000;10051.000000;10048.000000;0.000000;27589.000000;10051.000000;0.000000;3556.735840
2613.000000;10051.000000;8849.000000;0.000000;55948.000000;10051.000000;0.000000;3558.141602
2614.000000;10051.000000;10578.000000;0.000000;36315.000000;10051.000000;0.000000;3559.527344
2615.000000;10051.000000;11119.000000;0.000000;42009.000000;10051.000000;0.000000;3560.815674
2616.000000;10051.000000;10610.000000;0.000000;21048.000000;10051.000000;0.000000;3562.057129
2617.000000;10051.000000;9811.000000;0.000000;15925.000000;10051.000000;0.000000;3563.361328
2618.000000;10051.000000;12082.000000;0.000000;57402.000000;10051.000000;0.000000;3564.781494
2619.000000;10051.000000;9079.000000;0.000000;18639.000000;10051.000000;0.000000;3566.057373
2620.000000;10051.000000;11213.000000;0.000000;56944.000000;10051.000000;0.000000;3567.292969
2621.000000;10051.000000;10051.000000;0.000000;16576.000000;10051.000000;0.000000;3568.712402
2622.000000;10051.000000;11565.000000;0.000000;55197.000000;10051.000000;0.000000;3570.139160
2623.000000;10051.000000;12437.000000;0.000000;113065.000000;10051.000000;0.000000;3571.532959
2624.000000;10051.000000;11409.000000;0.000000;30992.000000;10051.000000;0.000000;3572.940918
2625.000000;10051.000000;10972.000000;0.000000;16727.000000;10051.000000;0.000000;3574.349365
2626.000000;10051.000000;10423.000000;0.000000;29233.000000;10051.000000;0.000000;3575.753662
2627.000000;10051.000000;12581.000000;0.000000;54605.000000;10051.000000;0.000000;3577.161621
2628.000000;10051.000000;11261.000000;0.000000;18993.000000;10051.000000;0.000000;3578.565918
2629.000000;10051.000000;9650.000000;0.000000;43045.000000;10051.000000;0.000000;3579.969971
2630.000000;10051.000000;9883.000000;0.000000;14828.000000;10051.000000;0.000000;3581.429688
2631.000000;10051.000000;11195.000000;0.000000;15672.000000;10051.000000;0.000000;3582.882080
2632.000000;10051.000000;10484.000000;0.000000;15944.000000;10051.000000;0.000000;3584.302979
2633.000000;10051.000000;9980.000000;0.000000;15323.000000;10051.000000;0.000000;3585.720215
2634.000000;10051.000000;10902.000000;0.000000;19258.000000;10051.000000;0.000000;3587.122559
2635.000000;10051.000000;10208.000000;0.000000;15550.000000;10051.000000;0.000000;3588.378418
2636.000000;10051.000000;12160.000000;0.000000;33218.000000;10051.000000;0.000000;3589.632324
2637.000000;10051.000000;10231.000000;0.000000;29992.000000;10051.000000;0.000000;3590.911621
2638.000000;10051.000000;9917.000000;0.000000;18782.000000;10051.000000;0.000000;3592.160889
2639.000000;10051.000000;10785.000000;0.000000;17555.000000;10051.000000;0.000000;3593.415283
2640.000000;10051.000000;11324.000000;0.000000;21463.000000;10051.000000;0.000000;3594.666260
2641.000000;10051.000000;10991.000000;0.000000;17911.000000;10051.000000;0.000000;3596.187744
2642.000000;10051.000000;10418.000000;0.000000;34313.000000;10051.000000;0.000000;3597.583984
2643.000000;10051.000000;9818.000000;0.000000;12640.000000;10051.000000;0.000000;3598.974609
2644.000000;10051.000000;10519.000000;0.000000;27591.000000;10051.000000;0.000000;3600.379395
0.000000;0.000000;0.000000;0.000000;0.000000;0.000000;0.000000;0.000000
0.000000;0.000000;0.000000;0.000000;0.000000;0.000000;0.000000;0.000000
0.000000;0.000000;0.000000;0.000000;0.000000;0.000000;0.000000;0.000000
0.000000;0.000000;0.000000;0.000000;0.000000;0.000000;0.000000;0.000000
0.000000;0.000000;0.000000;0.000000;0.000000;0.000000;0.000000;0.000000
0.000000;0.000000;0.000000;0.000000;0.000000;0.000000;0.000000;0.000000
0.000000;0.000000;0.000000;0.000000;0.000000;0.000000;0.000000;0.000000
0.000000;0.000000;0.000000;0.000000;0.000000;0.000000;0.000000;0.000000
0.000000;0.000000;0.000000;0.000000;0.000000;0.000000;0.000000;0.000000
0.000000;0.000000;0.000000;0.000000;0.000000;0.000000;0.000000;0.000000
0.000000;0.000000;0.000000;0.000000;0.000000;0.000000;0.000000;0.000000
0.000000;0.000000;0.000000;0.000000;0.000000;0.000000;0.000000;0.000000
0.000000;0.000000;0.000000;0.000000;0.000000;0.000000;0.000000;0.000000
0.000000;0.000000;0.000000;0.000000;0.000000;0.000000;0.000000;0.000000
0.000000;0.000000;0.000000;0.000000;0.000000;0.000000;0.000000;0.000000
0.000000;0.000000;0.000000;0.000000;0.000000;0.000000;0.000000;0.000000
0.000000;0.000000;0.000000;0.000000;0.000000;0.000000;0.000000;0.000000
0.000000;0.000000;0.000000;0.000000;0.000000;0.000000;0.000000;0.000000
0.000000;0.000000;0.000000;0.000000;0.000000;0.000000;0.000000;0.000000
0.000000;0.000000;0.000000;0.000000;0.000000;0.000000;0.000000;0.000000
0.000000;0.000000;0.000000;0.000000;0.000000;0.000000;0.000000;0.000000
0.000000;0.000000;0.000000;0.000000;0.000000;0.000000;0.000000;0.000000
0.000000;0.000000;0.000000;0.000000;0.000000;0.000000;0.000000;0.000000
0.000000;0.000000;0.000000;0.000000;0.000000;0.000000;0.000000;0.000000
0.000000;0.000000;0.000000;0.000000;0.000000;0.000000;0.000000;0.000000
0.000000;0.000000;0.000000;0.000000;0.000000;0.000000;0.000000;0.000000
0.000000;0.000000;0.000000;0.000000;0.000000;0.000000;0.000000;0.000000
0.000000;0.000000;0.000000;0.000000;0.000000;0.000000;0.000000;0.000000
0.000000;0.000000;0.000000;0.000000;0.000000;0.000000;0.000000;0.000000
0.000000;0.000000;0.000000;0.000000;0.000000;0.000000;0.000000;0.000000
0.000000;0.000000;0.000000;0.000000;0.000000;0.000000;0.000000;0.000000
0.000000;0.000000;0.000000;0.000000;0.000000;0.000000;0.000000;0.000000
0.000000;0.000000;0.000000;0.000000;0.000000;0.000000;0.000000;0.000000
0.000000;0.000000;0.000000;0.000000;0.000000;0.000000;0.000000;0.000000
0.000000;0.000000;0.000000;0.000000;0.000000;0.000000;0.000000;0.000000
0.000000;0.000000;0.000000;0.000000;0.000000;0.000000;0.000000;0.000000
0.000000;0.000000;0.000000;0.000000;0.000000;0.000000;0.000000;0.000000
0.000000;0.000000;0.000000;0.000000;0.000000;0.000000;0.000000;0.000000
0.000000;0.000000;0.000000;0.000000;0.000000;0.000000;0.000000;0.000000
0.000000;0.000000;0.000000;0.000000;0.000000;0.000000;0.000000;0.000000
0.000000;0.000000;0.000000;0.000000;0.000000;0.000000;0.000000;0.000000
0.000000;0.000000;0.000000;0.000000;0.000000;0.000000;0.000000;0.000000
0.000000;0.000000;0.000000;0.000000;0.000000;0.000000;0.000000;0.000000
0.000000;0.000000;0.000000;0.000000;0.000000;0.000000;0.000000;0.000000
0.000000;0.000000;0.000000;0.000000;0.000000;0.000000;0.000000;0.000000
0.000000;0.000000;0.000000;0.000000;0.000000;0.000000;0.000000;0.000000
0.000000;0.000000;0.000000;0.000000;0.000000;0.000000;0.000000;0.000000
0.000000;0.000000;0.000000;0.000000;0.000000;0.000000;0.000000;0.000000
0.000000;0.000000;0.000000;0.000000;0.000000;0.000000;0.000000;0.000000
0.000000;0.000000;0.000000;0.000000;0.000000;0.000000;0.000000;0.000000
0.000000;0.000000;0.000000;0.000000;0.000000;0.000000;0.000000;0.000000
0.000000;0.000000;0.000000;0.000000;0.000000;0.000000;0.000000;0.000000
0.000000;0.000000;0.000000;0.000000;0.000000;0.000000;0.000000;0.000000
0.000000;0.000000;0.000000;0.000000;0.000000;0.000000;0.000000;0.000000
0.000000;0.000000;0.000000;0.000000;0.000000;0.000000;0.000000;0.000000
0.000000;0.000000;0.000000;0.000000;0.000000;0.000000;0.000000;0.000000
0.000000;0.000000;0.000000;0.000000;0.000000;0.000000;0.000000;0.000000
0.000000;0.000000;0.000000;0.000000;0.000000;0.000000;0.000000;0.000000
0.000000;0.000000;0.000000;0.000000;0.000000;0.000000;0.000000;0.000000
0.000000;0.000000;0.000000;0.000000;0.000000;0.000000;0.000000;0.000000
0.000000;0.000000;0.000000;0.000000;0.000000;0.000000;0.000000;0.000000
0.000000;0.000000;0.000000;0.000000;0.000000;0.000000;0.000000;0.000000
0.000000;0.000000;0.000000;0.000000;0.000000;0.000000;0.000000;0.000000
0.000000;0.000000;0.000000;0.000000;0.000000;0.000000;0.000000;0.000000
0.000000;0.000000;0.000000;0.000000;0.000000;0.000000;0.000000;0.000000
0.000000;0.000000;0.000000;0.000000;0.000000;0.000000;0.000000;0.000000
0.000000;0.000000;0.000000;0.000000;0.000000;0.000000;0.000000;0.000000
0.000000;0.000000;0.000000;0.000000;0.000000;0.000000;0.000000;0.000000
0.000000;0.000000;0.000000;0.000000;0.000000;0.000000;0.000000;0.000000
0.000000;0.000000;0.000000;0.000000;0.000000;0.000000;0.000000;0.000000
0.000000;0.000000;0.000000;0.000000;0.000000;0.000000;0.000000;0.000000
0.000000;0.000000;0.000000;0.000000;0.000000;0.000000;0.000000;0.000000
0.000000;0.000000;0.000000;0.000000;0.000000;0.000000;0.000000;0.000000
0.000000;0.000000;0.000000;0.000000;0.000000;0.000000;0.000000;0.000000
0.000000;0.000000;0.000000;0.000000;0.000000;0.000000;0.000000;0.000000
0.000000;0.000000;0.000000;0.000000;0.000000;0.000000;0.000000;0.000000
0.000000;0.000000;0.000000;0.000000;0.000000;0.000000;0.000000;0.000000
0.000000;0.000000;0.000000;0.000000;0.000000;0.000000;0.000000;0.000000
0.000000;0.000000;0.000000;0.000000;0.000000;0.000000;0.000000;0.000000
0.000000;0.000000;0.000000;0.000000;0.000000;0.000000;0.000000;0.000000
0.000000;0.000000;0.000000;0.000000;0.000000;0.000000;0.000000;0.000000
0.000000;0.000000;0.000000;0.000000;0.000000;0.000000;0.000000;0.000000
0.000000;0.000000;0.000000;0.000000;0.000000;0.000000;0.000000;0.000000
0.000000;0.000000;0.000000;0.000000;0.000000;0.000000;0.000000;0.000000
0.000000;0.000000;0.000000;0.000000;0.000000;0.000000;0.000000;0.000000
0.000000;0.000000;0.000000;0.000000;0.000000;0.000000;0.000000;0.000000
0.000000;0.000000;0.000000;0.000000;0.000000;0.000000;0.000000;0.000000
0.000000;0.000000;0.000000;0.000000;0.000000;0.000000;0.000000;0.000000
0.000000;0.000000;0.000000;0.000000;0.000000;0.000000;0.000000;0.000000
0.000000;0.000000;0.000000;0.000000;0.000000;0.000000;0.000000;0.000000
0.000000;0.000000;0.000000;0.000000;0.000000;0.000000;0.000000;0.000000
0.000000;0.000000;0.000000;0.000000;0.000000;0.000000;0.000000;0.000000
0.000000;0.000000;0.000000;0.000000;0.000000;0.000000;0.000000;0.000000
0.000000;0.000000;0.000000;0.000000;0.000000;0.000000;0.000000;0.000000
0.000000;0.000000;0.000000;0.000000;0.000000;0.000000;0.000000;0.000000
0.000000;0.000000;0.000000;0.000000;0.000000;0.000000;0.000000;0.000000
0.000000;0.000000;0.000000;0.000000;0.000000;0.000000;0.000000;0.000000
0.000000;0.000000;0.000000;0.000000;0.000000;0.000000;0.000000;0.000000
0.000000;0.000000;0.000000;0.000000;0.000000;0.000000;0.000000;0.000000
0.000000;0.000000;0.000000;0.000000;0.000000;0.000000;0.000000;0.000000
0.000000;0.000000;0.000000;0.000000;0.000000;0.000000;0.000000;0.000000
0.000000;0.000000;0.000000;0.000000;0.000000;0.000000;0.000000;0.000000
0.000000;0.000000;0.000000;0.000000;0.000000;0.000000;0.000000;0.000000
0.000000;0.000000;0.000000;0.000000;0.000000;0.000000;0.000000;0.000000
0.000000;0.000000;0.000000;0.000000;0.000000;0.000000;0.000000;0.000000
0.000000;0.000000;0.000000;0.000000;0.000000;0.000000;0.000000;0.000000
0.000000;0.000000;0.000000;0.000000;0.000000;0.000000;0.000000;0.000000
0.000000;0.000000;0.000000;0.000000;0.000000;0.000000;0.000000;0.000000
0.000000;0.000000;0.000000;0.000000;0.000000;0.000000;0.000000;0.000000
0.000000;0.000000;0.000000;0.000000;0.000000;0.000000;0.000000;0.000000
0.000000;0.000000;0.000000;0.000000;0.000000;0.000000;0.000000;0.000000
0.000000;0.000000;0.000000;0.000000;0.000000;0.000000;0.000000;0.000000
0.000000;0.000000;0.000000;0.000000;0.000000;0.000000;0.000000;0.000000
0.000000;0.000000;0.000000;0.000000;0.000000;0.000000;0.000000;0.000000
0.000000;0.000000;0.000000;0.000000;0.000000;0.000000;0.000000;0.000000
0.000000;0.000000;0.000000;0.000000;0.000000;0.000000;0.000000;0.000000
0.000000;0.000000;0.000000;0.000000;0.000000;0.000000;0.000000;0.000000
0.000000;0.000000;0.000000;0.000000;0.000000;0.000000;0.000000;0.000000
0.000000;0.000000;0.000000;0.000000;0.000000;0.000000;0.000000;0.000000
0.000000;0.000000;0.000000;0.000000;0.000000;0.000000;0.000000;0.000000
0.000000;0.000000;0.000000;0.000000;0.000000;0.000000;0.000000;0.000000
0.000000;0.000000;0.000000;0.000000;0.000000;0.000000;0.000000;0.000000
0.000000;0.000000;0.000000;0.000000;0.000000;0.000000;0.000000;0.000000
0.000000;0.000000;0.000000;0.000000;0.000000;0.000000;0.000000;0.000000
0.000000;0.000000;0.000000;0.000000;0.000000;0.000000;0.000000;0.000000
0.000000;0.000000;0.000000;0.000000;0.000000;0.000000;0.000000;0.000000
0.000000;0.000000;0.000000;0.000000;0.000000;0.000000;0.000000;0.000000
0.000000;0.000000;0.000000;0.000000;0.000000;0.000000;0.000000;0.000000
0.000000;0.000000;0.000000;0.000000;0.000000;0.000000;0.000000;0.000000
0.000000;0.000000;0.000000;0.000000;0.000000;0.000000;0.000000;0.000000
0.000000;0.000000;0.000000;0.000000;0.000000;0.000000;0.000000;0.000000
0.000000;0.000000;0.000000;0.000000;0.000000;0.000000;0.000000;0.000000
0.000000;0.000000;0.000000;0.000000;0.000000;0.000000;0.000000;0.000000
0.000000;0.000000;0.000000;0.000000;0.000000;0.000000;0.000000;0.000000
0.000000;0.000000;0.000000;0.000000;0.000000;0.000000;0.000000;0.000000
0.000000;0.000000;0.000000;0.000000;0.000000;0.000000;0.000000;0.000000
0.000000;0.000000;0.000000;0.000000;0.000000;0.000000;0.000000;0.000000
0.000000;0.000000;0.000000;0.000000;0.000000;0.000000;0.000000;0.000000
0.000000;0.000000;0.000000;0.000000;0.000000;0.000000;0.000000;0.000000
0.000000;0.000000;0.000000;0.000000;0.000000;0.000000;0.000000;0.000000
0.000000;0.000000;0.000000;0.000000;0.000000;0.000000;0.000000;0.000000
0.000000;0.000000;0.000000;0.000000;0.000000;0.000000;0.000000;0.000000
0.000000;0.000000;0.000000;0.000000;0.000000;0.000000;0.000000;0.000000
0.000000;0.000000;0.000000;0.000000;0.000000;0.000000;0.000000;0.000000
0.000000;0.000000;0.000000;0.000000;0.000000;0.000000;0.000000;0.000000
0.000000;0.000000;0.000000;0.000000;0.000000;0.000000;0.000000;0.000000
0.000000;0.000000;0.000000;0.000000;0.000000;0.000000;0.000000;0.000000
0.000000;0.000000;0.000000;0.000000;0.000000;0.000000;0.000000;0.000000
0.000000;0.000000;0.000000;0.000000;0.000000;0.000000;0.000000;0.000000
0.000000;0.000000;0.000000;0.000000;0.000000;0.000000;0.000000;0.000000
0.000000;0.000000;0.000000;0.000000;0.000000;0.000000;0.000000;0.000000
0.000000;0.000000;0.000000;0.000000;0.000000;0.000000;0.000000;0.000000
0.000000;0.000000;0.000000;0.000000;0.000000;0.000000;0.000000;0.000000
0.000000;0.000000;0.000000;0.000000;0.000000;0.000000;0.000000;0.000000
0.000000;0.000000;0.000000;0.000000;0.000000;0.000000;0.000000;0.000000
0.000000;0.000000;0.000000;0.000000;0.000000;0.000000;0.000000;0.000000
0.000000;0.000000;0.000000;0.000000;0.000000;0.000000;0.000000;0.000000
0.000000;0.000000;0.000000;0.000000;0.000000;0.000000;0.000000;0.000000
0.000000;0.000000;0.000000;0.000000;0.000000;0.000000;0.000000;0.000000
0.000000;0.000000;0.000000;0.000000;0.000000;0.000000;0.000000;0.000000
0.000000;0.000000;0.000000;0.000000;0.000000;0.000000;0.000000;0.000000
0.000000;0.000000;0.000000;0.000000;0.000000;0.000000;0.000000;0.000000
0.000000;0.000000;0.000000;0.000000;0.000000;0.000000;0.000000;0.000000
0.000000;0.000000;0.000000;0.000000;0.000000;0.000000;0.000000;0.000000
0.000000;0.000000;0.000000;0.000000;0.000000;0.000000;0.000000;0.000000
0.000000;0.000000;0.000000;0.000000;0.000000;0.000000;0.000000;0.000000
0.000000;0.000000;0.000000;0.000000;0.000000;0.000000;0.000000;0.000000
0.000000;0.000000;0.000000;0.000000;0.000000;0.000000;0.000000;0.000000
0.000000;0.000000;0.000000;0.000000;0.000000;0.000000;0.000000;0.000000
0.000000;0.000000;0.000000;0.000000;0.000000;0.000000;0.000000;0.000000
0.000000;0.000000;0.000000;0.000000;0.000000;0.000000;0.000000;0.000000
0.000000;0.000000;0.000000;0.000000;0.000000;0.000000;0.000000;0.000000
0.000000;0.000000;0.000000;0.000000;0.000000;0.000000;0.000000;0.000000
0.000000;0.000000;0.000000;0.000000;0.000000;0.000000;0.000000;0.000000
0.000000;0.000000;0.000000;0.000000;0.000000;0.000000;0.000000;0.000000
0.000000;0.000000;0.000000;0.000000;0.000000;0.000000;0.000000;0.000000
0.000000;0.000000;0.000000;0.000000;0.000000;0.000000;0.000000;0.000000
0.000000;0.000000;0.000000;0.000000;0.000000;0.000000;0.000000;0.000000
0.000000;0.000000;0.000000;0.000000;0.000000;0.000000;0.000000;0.000000
0.000000;0.000000;0.000000;0.000000;0.000000;0.000000;0.000000;0.000000
0.000000;0.000000;0.000000;0.000000;0.000000;0.000000;0.000000;0.000000
0.000000;0.000000;0.000000;0.000000;0.000000;0.000000;0.000000;0.000000
0.000000;0.000000;0.000000;0.000000;0.000000;0.000000;0.000000;0.000000
0.000000;0.000000;0.000000;0.000000;0.000000;0.000000;0.000000;0.000000
0.000000;0.000000;0.000000;0.000000;0.000000;0.000000;0.000000;0.000000
0.000000;0.000000;0.000000;0.000000;0.000000;0.000000;0.000000;0.000000
0.000000;0.000000;0.000000;0.000000;0.000000;0.000000;0.000000;0.000000
0.000000;0.000000;0.000000;0.000000;0.000000;0.000000;0.000000;0.000000
0.000000;0.000000;0.000000;0.000000;0.000000;0.000000;0.000000;0.000000
0.000000;0.000000;0.000000;0.000000;0.000000;0.000000;0.000000;0.000000
0.000000;0.000000;0.000000;0.000000;0.000000;0.000000;0.000000;0.000000
0.000000;0.000000;0.000000;0.000000;0.000000;0.000000;0.000000;0.000000
0.000000;0.000000;0.000000;0.000000;0.000000;0.000000;0.000000;0.000000
0.000000;0.000000;0.000000;0.000000;0.000000;0.000000;0.000000;0.000000
0.000000;0.000000;0.000000;0.000000;0.000000;0.000000;0.000000;0.000000
0.000000;0.000000;0.000000;0.000000;0.000000;0.000000;0.000000;0.000000
0.000000;0.000000;0.000000;0.000000;0.000000;0.000000;0.000000;0.000000
0.000000;0.000000;0.000000;0.000000;0.000000;0.000000;0.000000;0.000000
0.000000;0.000000;0.000000;0.000000;0.000000;0.000000;0.000000;0.000000
0.000000;0.000000;0.000000;0.000000;0.000000;0.000000;0.000000;0.000000
0.000000;0.000000;0.000000;0.000000;0.000000;0.000000;0.000000;0.000000
0.000000;0.000000;0.000000;0.000000;0.000000;0.000000;0.000000;0.000000
0.000000;0.000000;0.000000;0.000000;0.000000;0.000000;0.000000;0.000000
0.000000;0.000000;0.000000;0.000000;0.000000;0.000000;0.000000;0.000000
0.000000;0.000000;0.000000;0.000000;0.000000;0.000000;0.000000;0.000000
0.000000;0.000000;0.000000;0.000000;0.000000;0.000000;0.000000;0.000000
0.000000;0.000000;0.000000;0.000000;0.000000;0.000000;0.000000;0.000000
0.000000;0.000000;0.000000;0.000000;0.000000;0.000000;0.000000;0.000000
0.000000;0.000000;0.000000;0.000000;0.000000;0.000000;0.000000;0.000000
0.000000;0.000000;0.000000;0.000000;0.000000;0.000000;0.000000;0.000000
0.000000;0.000000;0.000000;0.000000;0.000000;0.000000;0.000000;0.000000
0.000000;0.000000;0.000000;0.000000;0.000000;0.000000;0.000000;0.000000
0.000000;0.000000;0.000000;0.000000;0.000000;0.000000;0.000000;0.000000
0.000000;0.000000;0.000000;0.000000;0.000000;0.000000;0.000000;0.000000
0.000000;0.000000;0.000000;0.000000;0.000000;0.000000;0.000000;0.000000
0.000000;0.000000;0.000000;0.000000;0.000000;0.000000;0.000000;0.000000
0.000000;0.000000;0.000000;0.000000;0.000000;0.000000;0.000000;0.000000
0.000000;0.000000;0.000000;0.000000;0.000000;0.000000;0.000000;0.000000
0.000000;0.000000;0.000000;0.000000;0.000000;0.000000;0.000000;0.000000
0.000000;0.000000;0.000000;0.000000;0.000000;0.000000;0.000000;0.000000
0.000000;0.000000;0.000000;0.000000;0.000000;0.000000;0.000000;0.000000
0.000000;0.000000;0.000000;0.000000;0.000000;0.000000;0.000000;0.000000
0.000000;0.000000;0.000000;0.000000;0.000000;0.000000;0.000000;0.000000
0.000000;0.000000;0.000000;0.000000;0.000000;0.000000;0.000000;0.000000
0.000000;0.000000;0.000000;0.000000;0.000000;0.000000;0.000000;0.000000
0.000000;0.000000;0.000000;0.000000;0.000000;0.000000;0.000000;0.000000
0.000000;0.000000;0.000000;0.000000;0.000000;0.000000;0.000000;0.000000
0.000000;0.000000;0.000000;0.000000;0.000000;0.000000;0.000000;0.000000
0.000000;0.000000;0.000000;0.000000;0.000000;0.000000;0.000000;0.000000
0.000000;0.000000;0.000000;0.000000;0.000000;0.000000;0.000000;0.000000
0.000000;0.000000;0.000000;0.000000;0.000000;0.000000;0.000000;0.000000
0.000000;0.000000;0.000000;0.000000;0.000000;0.000000;0.000000;0.000000
0.000000;0.000000;0.000000;0.000000;0.000000;0.000000;0.000000;0.000000
0.000000;0.000000;0.000000;0.000000;0.000000;0.000000;0.000000;0.000000
0.000000;0.000000;0.000000;0.000000;0.000000;0.000000;0.000000;0.000000
0.000000;0.000000;0.000000;0.000000;0.000000;0.000000;0.000000;0.000000
0.000000;0.000000;0.000000;0.000000;0.000000;0.000000;0.000000;0.000000
0.000000;0.000000;0.000000;0.000000;0.000000;0.000000;0.000000;0.000000
0.000000;0.000000;0.000000;0.000000;0.000000;0.000000;0.000000;0.000000
0.000000;0.000000;0.000000;0.000000;0.000000;0.000000;0.000000;0.000000
0.000000;0.000000;0.000000;0.000000;0.000000;0.000000;0.000000;0.000000
0.000000;0.000000;0.000000;0.000000;0.000000;0.000000;0.000000;0.000000
0.000000;0.000000;0.000000;0.000000;0.000000;0.000000;0.000000;0.000000
0.000000;0.000000;0.000000;0.000000;0.000000;0.000000;0.000000;0.000000
0.000000;0.000000;0.000000;0.000000;0.000000;0.000000;0.000000;0.000000
0.000000;0.000000;0.000000;0.000000;0.000000;0.000000;0.000000;0.000000
0.000000;0.000000;0.000000;0.000000;0.000000;0.000000;0.000000;0.000000
0.000000;0.000000;0.000000;0.000000;0.000000;0.000000;0.000000;0.000000
0.000000;0.000000;0.000000;0.000000;0.000000;0.000000;0.000000;0.000000
0.000000;0.000000;0.000000;0.000000;0.000000;0.000000;0.000000;0.000000
0.000000;0.000000;0.000000;0.000000;0.000000;0.000000;0.000000;0.000000
0.000000;0.000000;0.000000;0.000000;0.000000;0.000000;0.000000;0.000000
0.000000;0.000000;0.000000;0.000000;0.000000;0.000000;0.000000;0.000000
0.000000;0.000000;0.000000;0.000000;0.000000;0.000000;0.000000;0.000000
0.000000;0.000000;0.000000;0.000000;0.000000;0.000000;0.000000;0.000000
0.000000;0.000000;0.000000;0.000000;0.000000;0.000000;0.000000;0.000000
0.000000;0.000000;0.000000;0.000000;0.000000;0.000000;0.000000;0.000000
0.000000;0.000000;0.000000;0.000000;0.000000;0.000000;0.000000;0.000000
0.000000;0.000000;0.000000;0.000000;0.000000;0.000000;0.000000;0.000000
0.000000;0.000000;0.000000;0.000000;0.000000;0.000000;0.000000;0.000000
0.000000;0.000000;0.000000;0.000000;0.000000;0.000000;0.000000;0.000000
0.000000;0.000000;0.000000;0.000000;0.000000;0.000000;0.000000;0.000000
0.000000;0.000000;0.000000;0.000000;0.000000;0.000000;0.000000;0.000000
0.000000;0.000000;0.000000;0.000000;0.000000;0.000000;0.000000;0.000000
0.000000;0.000000;0.000000;0.000000;0.000000;0.000000;0.000000;0.000000
0.000000;0.000000;0.000000;0.000000;0.000000;0.000000;0.000000;0.000000
0.000000;0.000000;0.000000;0.000000;0.000000;0.000000;0.000000;0.000000
0.000000;0.000000;0.000000;0.000000;0.000000;0.000000;0.000000;0.000000
0.000000;0.000000;0.000000;0.000000;0.000000;0.000000;0.000000;0.000000
0.000000;0.000000;0.000000;0.000000;0.000000;0.000000;0.000000;0.000000
0.000000;0.000000;0.000000;0.000000;0.000000;0.000000;0.000000;0.000000
0.000000;0.000000;0.000000;0.000000;0.000000;0.000000;0.000000;0.000000
0.000000;0.000000;0.000000;0.000000;0.000000;0.000000;0.000000;0.000000
0.000000;0.000000;0.000000;0.000000;0.000000;0.000000;0.000000;0.000000
0.000000;0.000000;0.000000;0.000000;0.000000;0.000000;0.000000;0.000000
0.000000;0.000000;0.000000;0.000000;0.000000;0.000000;0.000000;0.000000
0.000000;0.000000;0.000000;0.000000;0.000000;0.000000;0.000000;0.000000
0.000000;0.000000;0.000000;0.000000;0.000000;0.000000;0.000000;0.000000
0.000000;0.000000;0.000000;0.000000;0.000000;0.000000;0.000000;0.000000
0.000000;0.000000;0.000000;0.000000;0.000000;0.000000;0.000000;0.000000
0.000000;0.000000;0.000000;0.000000;0.000000;0.000000;0.000000;0.000000
0.000000;0.000000;0.000000;0.000000;0.000000;0.000000;0.000000;0.000000
0.000000;0.000000;0.000000;0.000000;0.000000;0.000000;0.000000;0.000000
0.000000;0.000000;0.000000;0.000000;0.000000;0.000000;0.000000;0.000000
0.000000;0.000000;0.000000;0.000000;0.000000;0.000000;0.000000;0.000000
0.000000;0.000000;0.000000;0.000000;0.000000;0.000000;0.000000;0.000000
0.000000;0.000000;0.000000;0.000000;0.000000;0.000000;0.000000;0.000000
0.000000;0.000000;0.000000;0.000000;0.000000;0.000000;0.000000;0.000000
0.000000;0.000000;0.000000;0.000000;0.000000;0.000000;0.000000;0.000000
0.000000;0.000000;0.000000;0.000000;0.000000;0.000000;0.000000;0.000000
0.000000;0.000000;0.000000;0.000000;0.000000;0.000000;0.000000;0.000000
0.000000;0.000000;0.000000;0.000000;0.000000;0.000000;0.000000;0.000000
0.000000;0.000000;0.000000;0.000000;0.000000;0.000000;0.000000;0.000000
0.000000;0.000000;0.000000;0.000000;0.000000;0.000000;0.000000;0.000000
0.000000;0.000000;0.000000;0.000000;0.000000;0.000000;0.000000;0.000000
0.000000;0.000000;0.000000;0.000000;0.000000;0.000000;0.000000;0.000000
0.000000;0.000000;0.000000;0.000000;0.000000;0.000000;0.000000;0.000000
0.000000;0.000000;0.000000;0.000000;0.000000;0.000000;0.000000;0.000000
0.000000;0.000000;0.000000;0.000000;0.000000;0.000000;0.000000;0.000000
0.000000;0.000000;0.000000;0.000000;0.000000;0.000000;0.000000;0.000000
0.000000;0.000000;0.000000;0.000000;0.000000;0.000000;0.000000;0.000000
0.000000;0.000000;0.000000;0.000000;0.000000;0.000000;0.000000;0.000000
0.000000;0.000000;0.000000;0.000000;0.000000;0.000000;0.000000;0.000000
0.000000;0.000000;0.000000;0.000000;0.000000;0.000000;0.000000;0.000000
0.000000;0.000000;0.000000;0.000000;0.000000;0.000000;0.000000;0.000000
0.000000;0.000000;0.000000;0.000000;0.000000;0.000000;0.000000;0.000000
0.000000;0.000000;0.000000;0.000000;0.000000;0.000000;0.000000;0.000000
0.000000;0.000000;0.000000;0.000000;0.000000;0.000000;0.000000;0.000000
0.000000;0.000000;0.000000;0.000000;0.000000;0.000000;0.000000;0.000000
0.000000;0.000000;0.000000;0.000000;0.000000;0.000000;0.000000;0.000000
0.000000;0.000000;0.000000;0.000000;0.000000;0.000000;0.000000;0.000000
0.000000;0.000000;0.000000;0.000000;0.000000;0.000000;0.000000;0.000000
0.000000;0.000000;0.000000;0.000000;0.000000;0.000000;0.000000;0.000000
0.000000;0.000000;0.000000;0.000000;0.000000;0.000000;0.000000;0.000000
0.000000;0.000000;0.000000;0.000000;0.000000;0.000000;0.000000;0.000000
0.000000;0.000000;0.000000;0.000000;0.000000;0.000000;0.000000;0.000000
0.000000;0.000000;0.000000;0.000000;0.000000;0.000000;0.000000;0.000000
0.000000;0.000000;0.000000;0.000000;0.000000;0.000000;0.000000;0.000000
0.000000;0.000000;0.000000;0.000000;0.000000;0.000000;0.000000;0.000000
0.000000;0.000000;0.000000;0.000000;0.000000;0.000000;0.000000;0.000000
0.000000;0.000000;0.000000;0.000000;0.000000;0.000000;0.000000;0.000000
0.000000;0.000000;0.000000;0.000000;0.000000;0.000000;0.000000;0.000000
0.000000;0.000000;0.000000;0.000000;0.000000;0.000000;0.000000;0.000000
0.000000;0.000000;0.000000;0.000000;0.000000;0.000000;0.000000;0.000000
0.000000;0.000000;0.000000;0.000000;0.000000;0.000000;0.000000;0.000000
0.000000;0.000000;0.000000;0.000000;0.000000;0.000000;0.000000;0.000000
0.000000;0.000000;0.000000;0.000000;0.000000;0.000000;0.000000;0.000000
0.000000;0.000000;0.000000;0.000000;0.000000;0.000000;0.000000;0.000000
0.000000;0.000000;0.000000;0.000000;0.000000;0.000000;0.000000;0.000000
0.000000;0.000000;0.000000;0.000000;0.000000;0.000000;0.000000;0.000000
0.000000;0.000000;0.000000;0.000000;0.000000;0.000000;0.000000;0.000000
0.000000;0.000000;0.000000;0.000000;0.000000;0.000000;0.000000;0.000000
0.000000;0.000000;0.000000;0.000000;0.000000;0.000000;0.000000;0.000000
0.000000;0.000000;0.000000;0.000000;0.000000;0.000000;0.000000;0.000000
0.000000;0.000000;0.000000;0.000000;0.000000;0.000000;0.000000;0.000000
0.000000;0.000000;0.000000;0.000000;0.000000;0.000000;0.000000;0.000000
0.000000;0.000000;0.000000;0.000000;0.000000;0.000000;0.000000;0.000000
0.000000;0.000000;0.000000;0.000000;0.000000;0.000000;0.000000;0.000000
0.000000;0.000000;0.000000;0.000000;0.000000;0.000000;0.000000;0.000000
0.000000;0.000000;0.000000;0.000000;0.000000;0.000000;0.000000;0.000000
0.000000;0.000000;0.000000;0.000000;0.000000;0.000000;0.000000;0.000000
0.000000;0.000000;0.000000;0.000000;0.000000;0.000000;0.000000;0.000000
0.000000;0.000000;0.000000;0.000000;0.000000;0.000000;0.000000;0.000000
0.000000;0.000000;0.000000;0.000000;0.000000;0.000000;0.000000;0.000000
0.000000;0.000000;0.000000;0.000000;0.000000;0.000000;0.000000;0.000000
0.000000;0.000000;0.000000;0.000000;0.000000;0.000000;0.000000;0.000000
0.000000;0.000000;0.000000;0.000000;0.000000;0.000000;0.000000;0.000000
0.000000;0.000000;0.000000;0.000000;0.000000;0.000000;0.000000;0.000000
0.000000;0.000000;0.000000;0.000000;0.000000;0.000000;0.000000;0.000000
0.000000;0.000000;0.000000;0.000000;0.000000;0.000000;0.000000;0.000000
0.000000;0.000000;0.000000;0.000000;0.000000;0.000000;0.000000;0.000000
0.000000;0.000000;0.000000;0.000000;0.000000;0.000000;0.000000;0.000000
0.000000;0.000000;0.000000;0.000000;0.000000;0.000000;0.000000;0.000000
0.000000;0.000000;0.000000;0.000000;0.000000;0.000000;0.000000;0.000000
0.000000;0.000000;0.000000;0.000000;0.000000;0.000000;0.000000;0.000000
0.000000;0.000000;0.000000;0.000000;0.000000;0.000000;0.000000;0.000000
0.000000;0.000000;0.000000;0.000000;0.000000;0.000000;0.000000;0.000000
0.000000;0.000000;0.000000;0.000000;0.000000;0.000000;0.000000;0.000000
0.000000;0.000000;0.000000;0.000000;0.000000;0.000000;0.000000;0.000000
0.000000;0.000000;0.000000;0.000000;0.000000;0.000000;0.000000;0.000000
0.000000;0.000000;0.000000;0.000000;0.000000;0.000000;0.000000;0.000000
0.000000;0.000000;0.000000;0.000000;0.000000;0.000000;0.000000;0.000000
0.000000;0.000000;0.000000;0.000000;0.000000;0.000000;0.000000;0.000000
0.000000;0.000000;0.000000;0.000000;0.000000;0.000000;0.000000;0.000000
0.000000;0.000000;0.000000;0.000000;0.000000;0.000000;0.000000;0.000000
0.000000;0.000000;0.000000;0.000000;0.000000;0.000000;0.000000;0.000000
0.000000;0.000000;0.000000;0.000000;0.000000;0.000000;0.000000;0.000000
0.000000;0.000000;0.000000;0.000000;0.000000;0.000000;0.000000;0.000000
0.000000;0.000000;0.000000;0.000000;0.000000;0.000000;0.000000;0.000000
0.000000;0.000000;0.000000;0.000000;0.000000;0.000000;0.000000;0.000000
0.000000;0.000000;0.000000;0.000000;0.000000;0.000000;0.000000;0.000000
0.000000;0.000000;0.000000;0.000000;0.000000;0.000000;0.000000;0.000000
0.000000;0.000000;0.000000;0.000000;0.000000;0.000000;0.000000;0.000000
0.000000;0.000000;0.000000;0.000000;0.000000;0.000000;0.000000;0.000000
0.000000;0.000000;0.000000;0.000000;0.000000;0.000000;0.000000;0.000000
0.000000;0.000000;0.000000;0.000000;0.000000;0.000000;0.000000;0.000000
0.000000;0.000000;0.000000;0.000000;0.000000;0.000000;0.000000;0.000000
0.000000;0.000000;0.000000;0.000000;0.000000;0.000000;0.000000;0.000000
0.000000;0.000000;0.000000;0.000000;0.000000;0.000000;0.000000;0.000000
0.000000;0.000000;0.000000;0.000000;0.000000;0.000000;0.000000;0.000000
0.000000;0.000000;0.000000;0.000000;0.000000;0.000000;0.000000;0.000000
0.000000;0.000000;0.000000;0.000000;0.000000;0.000000;0.000000;0.000000
0.000000;0.000000;0.000000;0.000000;0.000000;0.000000;0.000000;0.000000
0.000000;0.000000;0.000000;0.000000;0.000000;0.000000;0.000000;0.000000
0.000000;0.000000;0.000000;0.000000;0.000000;0.000000;0.000000;0.000000
0.000000;0.000000;0.000000;0.000000;0.000000;0.000000;0.000000;0.000000
0.000000;0.000000;0.000000;0.000000;0.000000;0.000000;0.000000;0.000000
0.000000;0.000000;0.000000;0.000000;0.000000;0.000000;0.000000;0.000000
0.000000;0.000000;0.000000;0.000000;0.000000;0.000000;0.000000;0.000000
0.000000;0.000000;0.000000;0.000000;0.000000;0.000000;0.000000;0.000000
0.000000;0.000000;0.000000;0.000000;0.000000;0.000000;0.000000;0.000000
0.000000;0.000000;0.000000;0.000000;0.000000;0.000000;0.000000;0.000000
0.000000;0.000000;0.000000;0.000000;0.000000;0.000000;0.000000;0.000000
0.000000;0.000000;0.000000;0.000000;0.000000;0.000000;0.000000;0.000000
0.000000;0.000000;0.000000;0.000000;0.000000;0.000000;0.000000;0.000000
0.000000;0.000000;0.000000;0.000000;0.000000;0.000000;0.000000;0.000000
0.000000;0.000000;0.000000;0.000000;0.000000;0.000000;0.000000;0.000000
0.000000;0.000000;0.000000;0.000000;0.000000;0.000000;0.000000;0.000000
0.000000;0.000000;0.000000;0.000000;0.000000;0.000000;0.000000;0.000000
0.000000;0.000000;0.000000;0.000000;0.000000;0.000000;0.000000;0.000000
0.000000;0.000000;0.000000;0.000000;0.000000;0.000000;0.000000;0.000000
0.000000;0.000000;0.000000;0.000000;0.000000;0.000000;0.000000;0.000000
0.000000;0.000000;0.000000;0.000000;0.000000;0.000000;0.000000;0.000000
0.000000;0.000000;0.000000;0.000000;0.000000;0.000000;0.000000;0.000000
0.000000;0.000000;0.000000;0.000000;0.000000;0.000000;0.000000;0.000000
0.000000;0.000000;0.000000;0.000000;0.000000;0.000000;0.000000;0.000000
0.000000;0.000000;0.000000;0.000000;0.000000;0.000000;0.000000;0.000000
0.000000;0.000000;0.000000;0.000000;0.000000;0.000000;0.000000;0.000000
0.000000;0.000000;0.000000;0.000000;0.000000;0.000000;0.000000;0.000000
0.000000;0.000000;0.000000;0.000000;0.000000;0.000000;0.000000;0.000000
0.000000;0.000000;0.000000;0.000000;0.000000;0.000000;0.000000;0.000000
0.000000;0.000000;0.000000;0.000000;0.000000;0.000000;0.000000;0.000000
0.000000;0.000000;0.000000;0.000000;0.000000;0.000000;0.000000;0.000000
0.000000;0.000000;0.000000;0.000000;0.000000;0.000000;0.000000;0.000000
0.000000;0.000000;0.000000;0.000000;0.000000;0.000000;0.000000;0.000000
0.000000;0.000000;0.000000;0.000000;0.000000;0.000000;0.000000;0.000000
0.000000;0.000000;0.000000;0.000000;0.000000;0.000000;0.000000;0.000000
0.000000;0.000000;0.000000;0.000000;0.000000;0.000000;0.000000;0.000000
0.000000;0.000000;0.000000;0.000000;0.000000;0.000000;0.000000;0.000000
0.000000;0.000000;0.000000;0.000000;0.000000;0.000000;0.000000;0.000000
0.000000;0.000000;0.000000;0.000000;0.000000;0.000000;0.000000;0.000000
0.000000;0.000000;0.000000;0.000000;0.000000;0.000000;0.000000;0.000000
0.000000;0.000000;0.000000;0.000000;0.000000;0.000000;0.000000;0.000000
0.000000;0.000000;0.000000;0.000000;0.000000;0.000000;0.000000;0.000000
0.000000;0.000000;0.000000;0.000000;0.000000;0.000000;0.000000;0.000000
0.000000;0.000000;0.000000;0.000000;0.000000;0.000000;0.000000;0.000000
0.000000;0.000000;0.000000;0.000000;0.000000;0.000000;0.000000;0.000000
0.000000;0.000000;0.000000;0.000000;0.000000;0.000000;0.000000;0.000000
0.000000;0.000000;0.000000;0.000000;0.000000;0.000000;0.000000;0.000000
0.000000;0.000000;0.000000;0.000000;0.000000;0.000000;0.000000;0.000000
0.000000;0.000000;0.000000;0.000000;0.000000;0.000000;0.000000;0.000000
0.000000;0.000000;0.000000;0.000000;0.000000;0.000000;0.000000;0.000000
0.000000;0.000000;0.000000;0.000000;0.000000;0.000000;0.000000;0.000000
0.000000;0.000000;0.000000;0.000000;0.000000;0.000000;0.000000;0.000000
0.000000;0.000000;0.000000;0.000000;0.000000;0.000000;0.000000;0.000000
0.000000;0.000000;0.000000;0.000000;0.000000;0.000000;0.000000;0.000000
0.000000;0.000000;0.000000;0.000000;0.000000;0.000000;0.000000;0.000000
0.000000;0.000000;0.000000;0.000000;0.000000;0.000000;0.000000;0.000000
0.000000;0.000000;0.000000;0.000000;0.000000;0.000000;0.000000;0.000000
0.000000;0.000000;0.000000;0.000000;0.000000;0.000000;0.000000;0.000000
0.000000;0.000000;0.000000;0.000000;0.000000;0.000000;0.000000;0.000000
0.000000;0.000000;0.000000;0.000000;0.000000;0.000000;0.000000;0.000000
0.000000;0.000000;0.000000;0.000000;0.000000;0.000000;0.000000;0.000000
0.000000;0.000000;0.000000;0.000000;0.000000;0.000000;0.000000;0.000000
0.000000;0.000000;0.000000;0.000000;0.000000;0.000000;0.000000;0.000000
0.000000;0.000000;0.000000;0.000000;0.000000;0.000000;0.000000;0.000000
0.000000;0.000000;0.000000;0.000000;0.000000;0.000000;0.000000;0.000000
0.000000;0.000000;0.000000;0.000000;0.000000;0.000000;0.000000;0.000000
0.000000;0.000000;0.000000;0.000000;0.000000;0.000000;0.000000;0.000000
0.000000;0.000000;0.000000;0.000000;0.000000;0.000000;0.000000;0.000000
0.000000;0.000000;0.000000;0.000000;0.000000;0.000000;0.000000;0.000000
0.000000;0.000000;0.000000;0.000000;0.000000;0.000000;0.000000;0.000000
0.000000;0.000000;0.000000;0.000000;0.000000;0.000000;0.000000;0.000000
0.000000;0.000000;0.000000;0.000000;0.000000;0.000000;0.000000;0.000000
0.000000;0.000000;0.000000;0.000000;0.000000;0.000000;0.000000;0.000000
0.000000;0.000000;0.000000;0.000000;0.000000;0.000000;0.000000;0.000000
0.000000;0.000000;0.000000;0.000000;0.000000;0.000000;0.000000;0.000000
0.000000;0.000000;0.000000;0.000000;0.000000;0.000000;0.000000;0.000000
0.000000;0.000000;0.000000;0.000000;0.000000;0.000000;0.000000;0.000000
0.000000;0.000000;0.000000;0.000000;0.000000;0.000000;0.000000;0.000000
0.000000;0.000000;0.000000;0.000000;0.000000;0.000000;0.000000;0.000000
0.000000;0.000000;0.000000;0.000000;0.000000;0.000000;0.000000;0.000000
0.000000;0.000000;0.000000;0.000000;0.000000;0.000000;0.000000;0.000000
0.000000;0.000000;0.000000;0.000000;0.000000;0.000000;0.000000;0.000000
0.000000;0.000000;0.000000;0.000000;0.000000;0.000000;0.000000;0.000000
0.000000;0.000000;0.000000;0.000000;0.000000;0.000000;0.000000;0.000000
0.000000;0.000000;0.000000;0.000000;0.000000;0.000000;0.000000;0.000000
0.000000;0.000000;0.000000;0.000000;0.000000;0.000000;0.000000;0.000000
0.000000;0.000000;0.000000;0.000000;0.000000;0.000000;0.000000;0.000000
0.000000;0.000000;0.000000;0.000000;0.000000;0.000000;0.000000;0.000000
0.000000;0.000000;0.000000;0.000000;0.000000;0.000000;0.000000;0.000000
0.000000;0.000000;0.000000;0.000000;0.000000;0.000000;0.000000;0.000000
0.000000;0.000000;0.000000;0.000000;0.000000;0.000000;0.000000;0.000000
0.000000;0.000000;0.000000;0.000000;0.000000;0.000000;0.000000;0.000000
0.000000;0.000000;0.000000;0.000000;0.000000;0.000000;0.000000;0.000000
0.000000;0.000000;0.000000;0.000000;0.000000;0.000000;0.000000;0.000000
0.000000;0.000000;0.000000;0.000000;0.000000;0.000000;0.000000;0.000000
0.000000;0.000000;0.000000;0.000000;0.000000;0.000000;0.000000;0.000000
0.000000;0.000000;0.000000;0.000000;0.000000;0.000000;0.000000;0.000000
0.000000;0.000000;0.000000;0.000000;0.000000;0.000000;0.000000;0.000000
0.000000;0.000000;0.000000;0.000000;0.000000;0.000000;0.000000;0.000000
0.000000;0.000000;0.000000;0.000000;0.000000;0.000000;0.000000;0.000000
0.000000;0.000000;0.000000;0.000000;0.000000;0.000000;0.000000;0.000000
0.000000;0.000000;0.000000;0.000000;0.000000;0.000000;0.000000;0.000000
0.000000;0.000000;0.000000;0.000000;0.000000;0.000000;0.000000;0.000000
0.000000;0.000000;0.000000;0.000000;0.000000;0.000000;0.000000;0.000000
0.000000;0.000000;0.000000;0.000000;0.000000;0.000000;0.000000;0.000000
0.000000;0.000000;0.000000;0.000000;0.000000;0.000000;0.000000;0.000000
0.000000;0.000000;0.000000;0.000000;0.000000;0.000000;0.000000;0.000000
0.000000;0.000000;0.000000;0.000000;0.000000;0.000000;0.000000;0.000000
0.000000;0.000000;0.000000;0.000000;0.000000;0.000000;0.000000;0.000000
0.000000;0.000000;0.000000;0.000000;0.000000;0.000000;0.000000;0.000000
0.000000;0.000000;0.000000;0.000000;0.000000;0.000000;0.000000;0.000000
0.000000;0.000000;0.000000;0.000000;0.000000;0.000000;0.000000;0.000000
0.000000;0.000000;0.000000;0.000000;0.000000;0.000000;0.000000;0.000000
0.000000;0.000000;0.000000;0.000000;0.000000;0.000000;0.000000;0.000000
0.000000;0.000000;0.000000;0.000000;0.000000;0.000000;0.000000;0.000000
0.000000;0.000000;0.000000;0.000000;0.000000;0.000000;0.000000;0.000000
0.000000;0.000000;0.000000;0.000000;0.000000;0.000000;0.000000;0.000000
0.000000;0.000000;0.000000;0.000000;0.000000;0.000000;0.000000;0.000000
0.000000;0.000000;0.000000;0.000000;0.000000;0.000000;0.000000;0.000000
0.000000;0.000000;0.000000;0.000000;0.000000;0.000000;0.000000;0.000000
0.000000;0.000000;0.000000;0.000000;0.000000;0.000000;0.000000;0.000000
0.000000;0.000000;0.000000;0.000000;0.000000;0.000000;0.000000;0.000000
0.000000;0.000000;0.000000;0.000000;0.000000;0.000000;0.000000;0.000000
0.000000;0.000000;0.000000;0.000000;0.000000;0.000000;0.000000;0.000000
0.000000;0.000000;0.000000;0.000000;0.000000;0.000000;0.000000;0.000000
0.000000;0.000000;0.000000;0.000000;0.000000;0.000000;0.000000;0.000000
0.000000;0.000000;0.000000;0.000000;0.000000;0.000000;0.000000;0.000000
0.000000;0.000000;0.000000;0.000000;0.000000;0.000000;0.000000;0.000000
0.000000;0.000000;0.000000;0.000000;0.000000;0.000000;0.000000;0.000000
0.000000;0.000000;0.000000;0.000000;0.000000;0.000000;0.000000;0.000000
0.000000;0.000000;0.000000;0.000000;0.000000;0.000000;0.000000;0.000000
0.000000;0.000000;0.000000;0.000000;0.000000;0.000000;0.000000;0.000000
0.000000;0.000000;0.000000;0.000000;0.000000;0.000000;0.000000;0.000000
0.000000;0.000000;0.000000;0.000000;0.000000;0.000000;0.000000;0.000000
0.000000;0.000000;0.000000;0.000000;0.000000;0.000000;0.000000;0.000000
0.000000;0.000000;0.000000;0.000000;0.000000;0.000000;0.000000;0.000000
0.000000;0.000000;0.000000;0.000000;0.000000;0.000000;0.000000;0.000000
0.000000;0.000000;0.000000;0.000000;0.000000;0.000000;0.000000;0.000000
0.000000;0.000000;0.000000;0.000000;0.000000;0.000000;0.000000;0.000000
0.000000;0.000000;0.000000;0.000000;0.000000;0.000000;0.000000;0.000000
0.000000;0.000000;0.000000;0.000000;0.000000;0.000000;0.000000;0.000000
0.000000;0.000000;0.000000;0.000000;0.000000;0.000000;0.000000;0.000000
0.000000;0.000000;0.000000;0.000000;0.000000;0.000000;0.000000;0.000000
0.000000;0.000000;0.000000;0.000000;0.000000;0.000000;0.000000;0.000000
0.000000;0.000000;0.000000;0.000000;0.000000;0.000000;0.000000;0.000000
0.000000;0.000000;0.000000;0.000000;0.000000;0.000000;0.000000;0.000000
0.000000;0.000000;0.000000;0.000000;0.000000;0.000000;0.000000;0.000000
0.000000;0.000000;0.000000;0.000000;0.000000;0.000000;0.000000;0.000000
0.000000;0.000000;0.000000;0.000000;0.000000;0.000000;0.000000;0.000000
0.000000;0.000000;0.000000;0.000000;0.000000;0.000000;0.000000;0.000000
0.000000;0.000000;0.000000;0.000000;0.000000;0.000000;0.000000;0.000000
0.000000;0.000000;0.000000;0.000000;0.000000;0.000000;0.000000;0.000000
0.000000;0.000000;0.000000;0.000000;0.000000;0.000000;0.000000;0.000000
0.000000;0.000000;0.000000;0.000000;0.000000;0.000000;0.000000;0.000000
0.000000;0.000000;0.000000;0.000000;0.000000;0.000000;0.000000;0.000000
0.000000;0.000000;0.000000;0.000000;0.000000;0.000000;0.000000;0.000000
0.000000;0.000000;0.000000;0.000000;0.000000;0.000000;0.000000;0.000000
0.000000;0.000000;0.000000;0.000000;0.000000;0.000000;0.000000;0.000000
0.000000;0.000000;0.000000;0.000000;0.000000;0.000000;0.000000;0.000000
0.000000;0.000000;0.000000;0.000000;0.000000;0.000000;0.000000;0.000000
0.000000;0.000000;0.000000;0.000000;0.000000;0.000000;0.000000;0.000000
0.000000;0.000000;0.000000;0.000000;0.000000;0.000000;0.000000;0.000000
0.000000;0.000000;0.000000;0.000000;0.000000;0.000000;0.000000;0.000000
0.000000;0.000000;0.000000;0.000000;0.000000;0.000000;0.000000;0.000000
0.000000;0.000000;0.000000;0.000000;0.000000;0.000000;0.000000;0.000000
0.000000;0.000000;0.000000;0.000000;0.000000;0.000000;0.000000;0.000000
0.000000;0.000000;0.000000;0.000000;0.000000;0.000000;0.000000;0.000000
0.000000;0.000000;0.000000;0.000000;0.000000;0.000000;0.000000;0.000000
0.000000;0.000000;0.000000;0.000000;0.000000;0.000000;0.000000;0.000000
0.000000;0.000000;0.000000;0.000000;0.000000;0.000000;0.000000;0.000000
0.000000;0.000000;0.000000;0.000000;0.000000;0.000000;0.000000;0.000000
0.000000;0.000000;0.000000;0.000000;0.000000;0.000000;0.000000;0.000000
0.000000;0.000000;0.000000;0.000000;0.000000;0.000000;0.000000;0.000000
0.000000;0.000000;0.000000;0.000000;0.000000;0.000000;0.000000;0.000000
0.000000;0.000000;0.000000;0.000000;0.000000;0.000000;0.000000;0.000000
0.000000;0.000000;0.000000;0.000000;0.000000;0.000000;0.000000;0.000000
0.000000;0.000000;0.000000;0.000000;0.000000;0.000000;0.000000;0.000000
0.000000;0.000000;0.000000;0.000000;0.000000;0.000000;0.000000;0.000000
0.000000;0.000000;0.000000;0.000000;0.000000;0.000000;0.000000;0.000000
0.000000;0.000000;0.000000;0.000000;0.000000;0.000000;0.000000;0.000000
0.000000;0.000000;0.000000;0.000000;0.000000;0.000000;0.000000;0.000000
0.000000;0.000000;0.000000;0.000000;0.000000;0.000000;0.000000;0.000000
0.000000;0.000000;0.000000;0.000000;0.000000;0.000000;0.000000;0.000000
0.000000;0.000000;0.000000;0.000000;0.000000;0.000000;0.000000;0.000000
0.000000;0.000000;0.000000;0.000000;0.000000;0.000000;0.000000;0.000000
0.000000;0.000000;0.000000;0.000000;0.000000;0.000000;0.000000;0.000000
0.000000;0.000000;0.000000;0.000000;0.000000;0.000000;0.000000;0.000000
0.000000;0.000000;0.000000;0.000000;0.000000;0.000000;0.000000;0.000000
0.000000;0.000000;0.000000;0.000000;0.000000;0.000000;0.000000;0.000000
0.000000;0.000000;0.000000;0.000000;0.000000;0.000000;0.000000;0.000000
0.000000;0.000000;0.000000;0.000000;0.000000;0.000000;0.000000;0.000000
0.000000;0.000000;0.000000;0.000000;0.000000;0.000000;0.000000;0.000000
0.000000;0.000000;0.000000;0.000000;0.000000;0.000000;0.000000;0.000000
0.000000;0.000000;0.000000;0.000000;0.000000;0.000000;0.000000;0.000000
0.000000;0.000000;0.000000;0.000000;0.000000;0.000000;0.000000;0.000000
0.000000;0.000000;0.000000;0.000000;0.000000;0.000000;0.000000;0.000000
0.000000;0.000000;0.000000;0.000000;0.000000;0.000000;0.000000;0.000000
0.000000;0.000000;0.000000;0.000000;0.000000;0.000000;0.000000;0.000000
0.000000;0.000000;0.000000;0.000000;0.000000;0.000000;0.000000;0.000000
0.000000;0.000000;0.000000;0.000000;0.000000;0.000000;0.000000;0.000000
0.000000;0.000000;0.000000;0.000000;0.000000;0.000000;0.000000;0.000000
0.000000;0.000000;0.000000;0.000000;0.000000;0.000000;0.000000;0.000000
0.000000;0.000000;0.000000;0.000000;0.000000;0.000000;0.000000;0.000000
0.000000;0.000000;0.000000;0.000000;0.000000;0.000000;0.000000;0.000000
0.000000;0.000000;0.000000;0.000000;0.000000;0.000000;0.000000;0.000000
0.000000;0.000000;0.000000;0.000000;0.000000;0.000000;0.000000;0.000000
0.000000;0.000000;0.000000;0.000000;0.000000;0.000000;0.000000;0.000000
0.000000;0.000000;0.000000;0.000000;0.000000;0.000000;0.000000;0.000000
0.000000;0.000000;0.000000;0.000000;0.000000;0.000000;0.000000;0.000000
0.000000;0.000000;0.000000;0.000000;0.000000;0.000000;0.000000;0.000000
0.000000;0.000000;0.000000;0.000000;0.000000;0.000000;0.000000;0.000000
0.000000;0.000000;0.000000;0.000000;0.000000;0.000000;0.000000;0.000000
0.000000;0.000000;0.000000;0.000000;0.000000;0.000000;0.000000;0.000000
0.000000;0.000000;0.000000;0.000000;0.000000;0.000000;0.000000;0.000000
0.000000;0.000000;0.000000;0.000000;0.000000;0.000000;0.000000;0.000000
0.000000;0.000000;0.000000;0.000000;0.000000;0.000000;0.000000;0.000000
0.000000;0.000000;0.000000;0.000000;0.000000;0.000000;0.000000;0.000000
0.000000;0.000000;0.000000;0.000000;0.000000;0.000000;0.000000;0.000000
0.000000;0.000000;0.000000;0.000000;0.000000;0.000000;0.000000;0.000000
0.000000;0.000000;0.000000;0.000000;0.000000;0.000000;0.000000;0.000000
0.000000;0.000000;0.000000;0.000000;0.000000;0.000000;0.000000;0.000000
0.000000;0.000000;0.000000;0.000000;0.000000;0.000000;0.000000;0.000000
0.000000;0.000000;0.000000;0.000000;0.000000;0.000000;0.000000;0.000000
0.000000;0.000000;0.000000;0.000000;0.000000;0.000000;0.000000;0.000000
0.000000;0.000000;0.000000;0.000000;0.000000;0.000000;0.000000;0.000000
0.000000;0.000000;0.000000;0.000000;0.000000;0.000000;0.000000;0.000000
0.000000;0.000000;0.000000;0.000000;0.000000;0.000000;0.000000;0.000000
0.000000;0.000000;0.000000;0.000000;0.000000;0.000000;0.000000;0.000000
0.000000;0.000000;0.000000;0.000000;0.000000;0.000000;0.000000;0.000000
0.000000;0.000000;0.000000;0.000000;0.000000;0.000000;0.000000;0.000000
0.000000;0.000000;0.000000;0.000000;0.000000;0.000000;0.000000;0.000000
0.000000;0.000000;0.000000;0.000000;0.000000;0.000000;0.000000;0.000000
0.000000;0.000000;0.000000;0.000000;0.000000;0.000000;0.000000;0.000000
0.000000;0.000000;0.000000;0.000000;0.000000;0.000000;0.000000;0.000000
0.000000;0.000000;0.000000;0.000000;0.000000;0.000000;0.000000;0.000000
0.000000;0.000000;0.000000;0.000000;0.000000;0.000000;0.000000;0.000000
0.000000;0.000000;0.000000;0.000000;0.000000;0.000000;0.000000;0.000000
0.000000;0.000000;0.000000;0.000000;0.000000;0.000000;0.000000;0.000000
0.000000;0.000000;0.000000;0.000000;0.000000;0.000000;0.000000;0.000000
0.000000;0.000000;0.000000;0.000000;0.000000;0.000000;0.000000;0.000000
0.000000;0.000000;0.000000;0.000000;0.000000;0.000000;0.000000;0.000000
0.000000;0.000000;0.000000;0.000000;0.000000;0.000000;0.000000;0.000000
0.000000;0.000000;0.000000;0.000000;0.000000;0.000000;0.000000;0.000000
0.000000;0.000000;0.000000;0.000000;0.000000;0.000000;0.000000;0.000000
0.000000;0.000000;0.000000;0.000000;0.000000;0.000000;0.000000;0.000000
0.000000;0.000000;0.000000;0.000000;0.000000;0.000000;0.000000;0.000000
0.000000;0.000000;0.000000;0.000000;0.000000;0.000000;0.000000;0.000000
0.000000;0.000000;0.000000;0.000000;0.000000;0.000000;0.000000;0.000000
0.000000;0.000000;0.000000;0.000000;0.000000;0.000000;0.000000;0.000000
0.000000;0.000000;0.000000;0.000000;0.000000;0.000000;0.000000;0.000000
0.000000;0.000000;0.000000;0.000000;0.000000;0.000000;0.000000;0.000000
0.000000;0.000000;0.000000;0.000000;0.000000;0.000000;0.000000;0.000000
0.000000;0.000000;0.000000;0.000000;0.000000;0.000000;0.000000;0.000000
0.000000;0.000000;0.000000;0.000000;0.000000;0.000000;0.000000;0.000000
0.000000;0.000000;0.000000;0.000000;0.000000;0.000000;0.000000;0.000000
0.000000;0.000000;0.000000;0.000000;0.000000;0.000000;0.000000;0.000000
0.000000;0.000000;0.000000;0.000000;0.000000;0.000000;0.000000;0.000000
0.000000;0.000000;0.000000;0.000000;0.000000;0.000000;0.000000;0.000000
0.000000;0.000000;0.000000;0.000000;0.000000;0.000000;0.000000;0.000000
0.000000;0.000000;0.000000;0.000000;0.000000;0.000000;0.000000;0.000000
0.000000;0.000000;0.000000;0.000000;0.000000;0.000000;0.000000;0.000000
0.000000;0.000000;0.000000;0.000000;0.000000;0.000000;0.000000;0.000000
0.000000;0.000000;0.000000;0.000000;0.000000;0.000000;0.000000;0.000000
0.000000;0.000000;0.000000;0.000000;0.000000;0.000000;0.000000;0.000000
0.000000;0.000000;0.000000;0.000000;0.000000;0.000000;0.000000;0.000000
0.000000;0.000000;0.000000;0.000000;0.000000;0.000000;0.000000;0.000000
0.000000;0.000000;0.000000;0.000000;0.000000;0.000000;0.000000;0.000000
0.000000;0.000000;0.000000;0.000000;0.000000;0.000000;0.000000;0.000000
0.000000;0.000000;0.000000;0.000000;0.000000;0.000000;0.000000;0.000000
0.000000;0.000000;0.000000;0.000000;0.000000;0.000000;0.000000;0.000000
0.000000;0.000000;0.000000;0.000000;0.000000;0.000000;0.000000;0.000000
0.000000;0.000000;0.000000;0.000000;0.000000;0.000000;0.000000;0.000000
0.000000;0.000000;0.000000;0.000000;0.000000;0.000000;0.000000;0.000000
0.000000;0.000000;0.000000;0.000000;0.000000;0.000000;0.000000;0.000000
0.000000;0.000000;0.000000;0.000000;0.000000;0.000000;0.000000;0.000000
0.000000;0.000000;0.000000;0.000000;0.000000;0.000000;0.000000;0.000000
0.000000;0.000000;0.000000;0.000000;0.000000;0.000000;0.000000;0.000000
0.000000;0.000000;0.000000;0.000000;0.000000;0.000000;0.000000;0.000000
0.000000;0.000000;0.000000;0.000000;0.000000;0.000000;0.000000;0.000000
0.000000;0.000000;0.000000;0.000000;0.000000;0.000000;0.000000;0.000000
0.000000;0.000000;0.000000;0.000000;0.000000;0.000000;0.000000;0.000000
0.000000;0.000000;0.000000;0.000000;0.000000;0.000000;0.000000;0.000000
0.000000;0.000000;0.000000;0.000000;0.000000;0.000000;0.000000;0.000000
0.000000;0.000000;0.000000;0.000000;0.000000;0.000000;0.000000;0.000000
0.000000;0.000000;0.000000;0.000000;0.000000;0.000000;0.000000;0.000000
0.000000;0.000000;0.000000;0.000000;0.000000;0.000000;0.000000;0.000000
0.000000;0.000000;0.000000;0.000000;0.000000;0.000000;0.000000;0.000000
0.000000;0.000000;0.000000;0.000000;0.000000;0.000000;0.000000;0.000000
0.000000;0.000000;0.000000;0.000000;0.000000;0.000000;0.000000;0.000000
0.000000;0.000000;0.000000;0.000000;0.000000;0.000000;0.000000;0.000000
0.000000;0.000000;0.000000;0.000000;0.000000;0.000000;0.000000;0.000000
0.000000;0.000000;0.000000;0.000000;0.000000;0.000000;0.000000;0.000000
0.000000;0.000000;0.000000;0.000000;0.000000;0.000000;0.000000;0.000000
0.000000;0.000000;0.000000;0.000000;0.000000;0.000000;0.000000;0.000000
0.000000;0.000000;0.000000;0.000000;0.000000;0.000000;0.000000;0.000000
0.000000;0.000000;0.000000;0.000000;0.000000;0.000000;0.000000;0.000000
0.000000;0.000000;0.000000;0.000000;0.000000;0.000000;0.000000;0.000000
0.000000;0.000000;0.000000;0.000000;0.000000;0.000000;0.000000;0.000000
0.000000;0.000000;0.000000;0.000000;0.000000;0.000000;0.000000;0.000000
0.000000;0.000000;0.000000;0.000000;0.000000;0.000000;0.000000;0.000000
0.000000;0.000000;0.000000;0.000000;0.000000;0.000000;0.000000;0.000000
0.000000;0.000000;0.000000;0.000000;0.000000;0.000000;0.000000;0.000000
0.000000;0.000000;0.000000;0.000000;0.000000;0.000000;0.000000;0.000000
0.000000;0.000000;0.000000;0.000000;0.000000;0.000000;0.000000;0.000000
0.000000;0.000000;0.000000;0.000000;0.000000;0.000000;0.000000;0.000000
0.000000;0.000000;0.000000;0.000000;0.000000;0.000000;0.000000;0.000000
0.000000;0.000000;0.000000;0.000000;0.000000;0.000000;0.000000;0.000000
0.000000;0.000000;0.000000;0.000000;0.000000;0.000000;0.000000;0.000000
0.000000;0.000000;0.000000;0.000000;0.000000;0.000000;0.000000;0.000000
0.000000;0.000000;0.000000;0.000000;0.000000;0.000000;0.000000;0.000000
0.000000;0.000000;0.000000;0.000000;0.000000;0.000000;0.000000;0.000000
0.000000;0.000000;0.000000;0.000000;0.000000;0.000000;0.000000;0.000000
0.000000;0.000000;0.000000;0.000000;0.000000;0.000000;0.000000;0.000000
0.000000;0.000000;0.000000;0.000000;0.000000;0.000000;0.000000;0.000000
0.000000;0.000000;0.000000;0.000000;0.000000;0.000000;0.000000;0.000000
0.000000;0.000000;0.000000;0.000000;0.000000;0.000000;0.000000;0.000000
0.000000;0.000000;0.000000;0.000000;0.000000;0.000000;0.000000;0.000000
0.000000;0.000000;0.000000;0.000000;0.000000;0.000000;0.000000;0.000000
0.000000;0.000000;0.000000;0.000000;0.000000;0.000000;0.000000;0.000000
0.000000;0.000000;0.000000;0.000000;0.000000;0.000000;0.000000;0.000000
0.000000;0.000000;0.000000;0.000000;0.000000;0.000000;0.000000;0.000000
0.000000;0.000000;0.000000;0.000000;0.000000;0.000000;0.000000;0.000000
0.000000;0.000000;0.000000;0.000000;0.000000;0.000000;0.000000;0.000000
0.000000;0.000000;0.000000;0.000000;0.000000;0.000000;0.000000;0.000000
0.000000;0.000000;0.000000;0.000000;0.000000;0.000000;0.000000;0.000000
0.000000;0.000000;0.000000;0.000000;0.000000;0.000000;0.000000;0.000000
0.000000;0.000000;0.000000;0.000000;0.000000;0.000000;0.000000;0.000000
0.000000;0.000000;0.000000;0.000000;0.000000;0.000000;0.000000;0.000000
0.000000;0.000000;0.000000;0.000000;0.000000;0.000000;0.000000;0.000000
0.000000;0.000000;0.000000;0.000000;0.000000;0.000000;0.000000;0.000000
0.000000;0.000000;0.000000;0.000000;0.000000;0.000000;0.000000;0.000000
0.000000;0.000000;0.000000;0.000000;0.000000;0.000000;0.000000;0.000000
0.000000;0.000000;0.000000;0.000000;0.000000;0.000000;0.000000;0.000000
0.000000;0.000000;0.000000;0.000000;0.000000;0.000000;0.000000;0.000000
0.000000;0.000000;0.000000;0.000000;0.000000;0.000000;0.000000;0.000000
0.000000;0.000000;0.000000;0.000000;0.000000;0.000000;0.000000;0.000000
0.000000;0.000000;0.000000;0.000000;0.000000;0.000000;0.000000;0.000000
0.000000;0.000000;0.000000;0.000000;0.000000;0.000000;0.000000;0.000000
0.000000;0.000000;0.000000;0.000000;0.000000;0.000000;0.000000;0.000000
0.000000;0.000000;0.000000;0.000000;0.000000;0.000000;0.000000;0.000000
0.000000;0.000000;0.000000;0.000000;0.000000;0.000000;0.000000;0.000000
0.000000;0.000000;0.000000;0.000000;0.000000;0.000000;0.000000;0.000000
0.000000;0.000000;0.000000;0.000000;0.000000;0.000000;0.000000;0.000000
0.000000;0.000000;0.000000;0.000000;0.000000;0.000000;0.000000;0.000000
0.000000;0.000000;0.000000;0.000000;0.000000;0.000000;0.000000;0.000000
0.000000;0.000000;0.000000;0.000000;0.000000;0.000000;0.000000;0.000000
0.000000;0.000000;0.000000;0.000000;0.000000;0.000000;0.000000;0.000000
0.000000;0.000000;0.000000;0.000000;0.000000;0.000000;0.000000;0.000000
0.000000;0.000000;0.000000;0.000000;0.000000;0.000000;0.000000;0.000000
0.000000;0.000000;0.000000;0.000000;0.000000;0.000000;0.000000;0.000000
0.000000;0.000000;0.000000;0.000000;0.000000;0.000000;0.000000;0.000000
0.000000;0.000000;0.000000;0.000000;0.000000;0.000000;0.000000;0.000000
0.000000;0.000000;0.000000;0.000000;0.000000;0.000000;0.000000;0.000000
0.000000;0.000000;0.000000;0.000000;0.000000;0.000000;0.000000;0.000000
0.000000;0.000000;0.000000;0.000000;0.000000;0.000000;0.000000;0.000000
0.000000;0.000000;0.000000;0.000000;0.000000;0.000000;0.000000;0.000000
0.000000;0.000000;0.000000;0.000000;0.000000;0.000000;0.000000;0.000000
0.000000;0.000000;0.000000;0.000000;0.000000;0.000000;0.000000;0.000000
0.000000;0.000000;0.000000;0.000000;0.000000;0.000000;0.000000;0.000000
0.000000;0.000000;0.000000;0.000000;0.000000;0.000000;0.000000;0.000000
0.000000;0.000000;0.000000;0.000000;0.000000;0.000000;0.000000;0.000000
0.000000;0.000000;0.000000;0.000000;0.000000;0.000000;0.000000;0.000000
0.000000;0.000000;0.000000;0.000000;0.000000;0.000000;0.000000;0.000000
0.000000;0.000000;0.000000;0.000000;0.000000;0.000000;0.000000;0.000000
0.000000;0.000000;0.000000;0.000000;0.000000;0.000000;0.000000;0.000000
0.000000;0.000000;0.000000;0.000000;0.000000;0.000000;0.000000;0.000000
0.000000;0.000000;0.000000;0.000000;0.000000;0.000000;0.000000;0.000000
0.000000;0.000000;0.000000;0.000000;0.000000;0.000000;0.000000;0.000000
0.000000;0.000000;0.000000;0.000000;0.000000;0.000000;0.000000;0.000000
0.000000;0.000000;0.000000;0.000000;0.000000;0.000000;0.000000;0.000000
0.000000;0.000000;0.000000;0.000000;0.000000;0.000000;0.000000;0.000000
0.000000;0.000000;0.000000;0.000000;0.000000;0.000000;0.000000;0.000000
0.000000;0.000000;0.000000;0.000000;0.000000;0.000000;0.000000;0.000000
0.000000;0.000000;0.000000;0.000000;0.000000;0.000000;0.000000;0.000000
0.000000;0.000000;0.000000;0.000000;0.000000;0.000000;0.000000;0.000000
0.000000;0.000000;0.000000;0.000000;0.000000;0.000000;0.000000;0.000000
0.000000;0.000000;0.000000;0.000000;0.000000;0.000000;0.000000;0.000000
0.000000;0.000000;0.000000;0.000000;0.000000;0.000000;0.000000;0.000000
0.000000;0.000000;0.000000;0.000000;0.000000;0.000000;0.000000;0.000000
0.000000;0.000000;0.000000;0.000000;0.000000;0.000000;0.000000;0.000000
0.000000;0.000000;0.000000;0.000000;0.000000;0.000000;0.000000;0.000000
0.000000;0.000000;0.000000;0.000000;0.000000;0.000000;0.000000;0.000000
0.000000;0.000000;0.000000;0.000000;0.000000;0.000000;0.000000;0.000000
0.000000;0.000000;0.000000;0.000000;0.000000;0.000000;0.000000;0.000000
0.000000;0.000000;0.000000;0.000000;0.000000;0.000000;0.000000;0.000000
0.000000;0.000000;0.000000;0.000000;0.000000;0.000000;0.000000;0.000000
0.000000;0.000000;0.000000;0.000000;0.000000;0.000000;0.000000;0.000000
0.000000;0.000000;0.000000;0.000000;0.000000;0.000000;0.000000;0.000000
0.000000;0.000000;0.000000;0.000000;0.000000;0.000000;0.000000;0.000000
0.000000;0.000000;0.000000;0.000000;0.000000;0.000000;0.000000;0.000000
0.000000;0.000000;0.000000;0.000000;0.000000;0.000000;0.000000;0.000000
0.000000;0.000000;0.000000;0.000000;0.000000;0.000000;0.000000;0.000000
0.000000;0.000000;0.000000;0.000000;0.000000;0.000000;0.000000;0.000000
0.000000;0.000000;0.000000;0.000000;0.000000;0.000000;0.000000;0.000000
0.000000;0.000000;0.000000;0.000000;0.000000;0.000000;0.000000;0.000000
0.000000;0.000000;0.000000;0.000000;0.000000;0.000000;0.000000;0.000000
0.000000;0.000000;0.000000;0.000000;0.000000;0.000000;0.000000;0.000000
0.000000;0.000000;0.000000;0.000000;0.000000;0.000000;0.000000;0.000000
0.000000;0.000000;0.000000;0.000000;0.000000;0.000000;0.000000;0.000000
0.000000;0.000000;0.000000;0.000000;0.000000;0.000000;0.000000;0.000000
0.000000;0.000000;0.000000;0.000000;0.000000;0.000000;0.000000;0.000000
0.000000;0.000000;0.000000;0.000000;0.000000;0.000000;0.000000;0.000000
0.000000;0.000000;0.000000;0.000000;0.000000;0.000000;0.000000;0.000000
0.000000;0.000000;0.000000;0.000000;0.000000;0.000000;0.000000;0.000000
0.000000;0.000000;0.000000;0.000000;0.000000;0.000000;0.000000;0.000000
0.000000;0.000000;0.000000;0.000000;0.000000;0.000000;0.000000;0.000000
0.000000;0.000000;0.000000;0.000000;0.000000;0.000000;0.000000;0.000000
0.000000;0.000000;0.000000;0.000000;0.000000;0.000000;0.000000;0.000000
0.000000;0.000000;0.000000;0.000000;0.000000;0.000000;0.000000;0.000000
0.000000;0.000000;0.000000;0.000000;0.000000;0.000000;0.000000;0.000000
0.000000;0.000000;0.000000;0.000000;0.000000;0.000000;0.000000;0.000000
0.000000;0.000000;0.000000;0.000000;0.000000;0.000000;0.000000;0.000000
0.000000;0.000000;0.000000;0.000000;0.000000;0.000000;0.000000;0.000000
0.000000;0.000000;0.000000;0.000000;0.000000;0.000000;0.000000;0.000000
0.000000;0.000000;0.000000;0.000000;0.000000;0.000000;0.000000;0.000000
0.000000;0.000000;0.000000;0.000000;0.000000;0.000000;0.000000;0.000000
0.000000;0.000000;0.000000;0.000000;0.000000;0.000000;0.000000;0.000000
0.000000;0.000000;0.000000;0.000000;0.000000;0.000000;0.000000;0.000000
0.000000;0.000000;0.000000;0.000000;0.000000;0.000000;0.000000;0.000000
0.000000;0.000000;0.000000;0.000000;0.000000;0.000000;0.000000;0.000000
0.000000;0.000000;0.000000;0.000000;0.000000;0.000000;0.000000;0.000000
0.000000;0.000000;0.000000;0.000000;0.000000;0.000000;0.000000;0.000000
0.000000;0.000000;0.000000;0.000000;0.000000;0.000000;0.000000;0.000000
0.000000;0.000000;0.000000;0.000000;0.000000;0.000000;0.000000;0.000000
0.000000;0.000000;0.000000;0.000000;0.000000;0.000000;0.000000;0.000000
0.000000;0.000000;0.000000;0.000000;0.000000;0.000000;0.000000;0.000000
0.000000;0.000000;0.000000;0.000000;0.000000;0.000000;0.000000;0.000000
0.000000;0.000000;0.000000;0.000000;0.000000;0.000000;0.000000;0.000000
0.000000;0.000000;0.000000;0.000000;0.000000;0.000000;0.000000;0.000000
0.000000;0.000000;0.000000;0.000000;0.000000;0.000000;0.000000;0.000000
0.000000;0.000000;0.000000;0.000000;0.000000;0.000000;0.000000;0.000000
0.000000;0.000000;0.000000;0.000000;0.000000;0.000000;0.000000;0.000000
0.000000;0.000000;0.000000;0.000000;0.000000;0.000000;0.000000;0.000000
0.000000;0.000000;0.000000;0.000000;0.000000;0.000000;0.000000;0.000000
0.000000;0.000000;0.000000;0.000000;0.000000;0.000000;0.000000;0.000000
0.000000;0.000000;0.000000;0.000000;0.000000;0.000000;0.000000;0.000000
0.000000;0.000000;0.000000;0.000000;0.000000;0.000000;0.000000;0.000000
0.000000;0.000000;0.000000;0.000000;0.000000;0.000000;0.000000;0.000000
0.000000;0.000000;0.000000;0.000000;0.000000;0.000000;0.000000;0.000000
0.000000;0.000000;0.000000;0.000000;0.000000;0.000000;0.000000;0.000000
0.000000;0.000000;0.000000;0.000000;0.000000;0.000000;0.000000;0.000000
0.000000;0.000000;0.000000;0.000000;0.000000;0.000000;0.000000;0.000000
0.000000;0.000000;0.000000;0.000000;0.000000;0.000000;0.000000;0.000000
0.000000;0.000000;0.000000;0.000000;0.000000;0.000000;0.000000;0.000000
0.000000;0.000000;0.000000;0.000000;0.000000;0.000000;0.000000;0.000000
0.000000;0.000000;0.000000;0.000000;0.000000;0.000000;0.000000;0.000000
0.000000;0.000000;0.000000;0.000000;0.000000;0.000000;0.000000;0.000000
0.000000;0.000000;0.000000;0.000000;0.000000;0.000000;0.000000;0.000000
0.000000;0.000000;0.000000;0.000000;0.000000;0.000000;0.000000;0.000000
0.000000;0.000000;0.000000;0.000000;0.000000;0.000000;0.000000;0.000000
0.000000;0.000000;0.000000;0.000000;0.000000;0.000000;0.000000;0.000000
0.000000;0.000000;0.000000;0.000000;0.000000;0.000000;0.000000;0.000000
0.000000;0.000000;0.000000;0.000000;0.000000;0.000000;0.000000;0.000000
0.000000;0.000000;0.000000;0.000000;0.000000;0.000000;0.000000;0.000000
0.000000;0.000000;0.000000;0.000000;0.000000;0.000000;0.000000;0.000000
0.000000;0.000000;0.000000;0.000000;0.000000;0.000000;0.000000;0.000000
0.000000;0.000000;0.000000;0.000000;0.000000;0.000000;0.000000;0.000000
0.000000;0.000000;0.000000;0.000000;0.000000;0.000000;0.000000;0.000000
0.000000;0.000000;0.000000;0.000000;0.000000;0.000000;0.000000;0.000000
0.000000;0.000000;0.000000;0.000000;0.000000;0.000000;0.000000;0.000000
0.000000;0.000000;0.000000;0.000000;0.000000;0.000000;0.000000;0.000000
0.000000;0.000000;0.000000;0.000000;0.000000;0.000000;0.000000;0.000000
0.000000;0.000000;0.000000;0.000000;0.000000;0.000000;0.000000;0.000000
0.000000;0.000000;0.000000;0.000000;0.000000;0.000000;0.000000;0.000000
0.000000;0.000000;0.000000;0.000000;0.000000;0.000000;0.000000;0.000000
0.000000;0.000000;0.000000;0.000000;0.000000;0.000000;0.000000;0.000000
0.000000;0.000000;0.000000;0.000000;0.000000;0.000000;0.000000;0.000000
0.000000;0.000000;0.000000;0.000000;0.000000;0.000000;0.000000;0.000000
0.000000;0.000000;0.000000;0.000000;0.000000;0.000000;0.000000;0.000000
0.000000;0.000000;0.000000;0.000000;0.000000;0.000000;0.000000;0.000000
0.000000;0.000000;0.000000;0.000000;0.000000;0.000000;0.000000;0.000000
0.000000;0.000000;0.000000;0.000000;0.000000;0.000000;0.000000;0.000000
0.000000;0.000000;0.000000;0.000000;0.000000;0.000000;0.000000;0.000000
0.000000;0.000000;0.000000;0.000000;0.000000;0.000000;0.000000;0.000000
0.000000;0.000000;0.000000;0.000000;0.000000;0.000000;0.000000;0.000000
0.000000;0.000000;0.000000;0.000000;0.000000;0.000000;0.000000;0.000000
0.000000;0.000000;0.000000;0.000000;0.000000;0.000000;0.000000;0.000000
0.000000;0.000000;0.000000;0.000000;0.000000;0.000000;0.000000;0.000000
0.000000;0.000000;0.000000;0.000000;0.000000;0.000000;0.000000;0.000000
0.000000;0.000000;0.000000;0.000000;0.000000;0.000000;0.000000;0.000000
0.000000;0.000000;0.000000;0.000000;0.000000;0.000000;0.000000;0.000000
0.000000;0.000000;0.000000;0.000000;0.000000;0.000000;0.000000;0.000000
0.000000;0.000000;0.000000;0.000000;0.000000;0.000000;0.000000;0.000000
0.000000;0.000000;0.000000;0.000000;0.000000;0.000000;0.000000;0.000000
0.000000;0.000000;0.000000;0.000000;0.000000;0.000000;0.000000;0.000000
0.000000;0.000000;0.000000;0.000000;0.000000;0.000000;0.000000;0.000000
0.000000;0.000000;0.000000;0.000000;0.000000;0.000000;0.000000;0.000000
0.000000;0.000000;0.000000;0.000000;0.000000;0.000000;0.000000;0.000000
0.000000;0.000000;0.000000;0.000000;0.000000;0.000000;0.000000;0.000000
0.000000;0.000000;0.000000;0.000000;0.000000;0.000000;0.000000;0.000000
0.000000;0.000000;0.000000;0.000000;0.000000;0.000000;0.000000;0.000000
0.000000;0.000000;0.000000;0.000000;0.000000;0.000000;0.000000;0.000000
0.000000;0.000000;0.000000;0.000000;0.000000;0.000000;0.000000;0.000000
0.000000;0.000000;0.000000;0.000000;0.000000;0.000000;0.000000;0.000000
0.000000;0.000000;0.000000;0.000000;0.000000;0.000000;0.000000;0.000000
0.000000;0.000000;0.000000;0.000000;0.000000;0.000000;0.000000;0.000000
0.000000;0.000000;0.000000;0.000000;0.000000;0.000000;0.000000;0.000000
0.000000;0.000000;0.000000;0.000000;0.000000;0.000000;0.000000;0.000000
0.000000;0.000000;0.000000;0.000000;0.000000;0.000000;0.000000;0.000000
0.000000;0.000000;0.000000;0.000000;0.000000;0.000000;0.000000;0.000000
0.000000;0.000000;0.000000;0.000000;0.000000;0.000000;0.000000;0.000000
0.000000;0.000000;0.000000;0.000000;0.000000;0.000000;0.000000;0.000000
0.000000;0.000000;0.000000;0.000000;0.000000;0.000000;0.000000;0.000000
0.000000;0.000000;0.000000;0.000000;0.000000;0.000000;0.000000;0.000000
0.000000;0.000000;0.000000;0.000000;0.000000;0.000000;0.000000;0.000000
0.000000;0.000000;0.000000;0.000000;0.000000;0.000000;0.000000;0.000000
0.000000;0.000000;0.000000;0.000000;0.000000;0.000000;0.000000;0.000000
0.000000;0.000000;0.000000;0.000000;0.000000;0.000000;0.000000;0.000000
0.000000;0.000000;0.000000;0.000000;0.000000;0.000000;0.000000;0.000000
0.000000;0.000000;0.000000;0.000000;0.000000;0.000000;0.000000;0.000000
0.000000;0.000000;0.000000;0.000000;0.000000;0.000000;0.000000;0.000000
0.000000;0.000000;0.000000;0.000000;0.000000;0.000000;0.000000;0.000000
0.000000;0.000000;0.000000;0.000000;0.000000;0.000000;0.000000;0.000000
0.000000;0.000000;0.000000;0.000000;0.000000;0.000000;0.000000;0.000000
0.000000;0.000000;0.000000;0.000000;0.000000;0.000000;0.000000;0.000000
0.000000;0.000000;0.000000;0.000000;0.000000;0.000000;0.000000;0.000000
0.000000;0.000000;0.000000;0.000000;0.000000;0.000000;0.000000;0.000000
0.000000;0.000000;0.000000;0.000000;0.000000;0.000000;0.000000;0.000000
0.000000;0.000000;0.000000;0.000000;0.000000;0.000000;0.000000;0.000000
0.000000;0.000000;0.000000;0.000000;0.000000;0.000000;0.000000;0.000000
0.000000;0.000000;0.000000;0.000000;0.000000;0.000000;0.000000;0.000000
0.000000;0.000000;0.000000;0.000000;0.000000;0.000000;0.000000;0.000000
0.000000;0.000000;0.000000;0.000000;0.000000;0.000000;0.000000;0.000000
0.000000;0.000000;0.000000;0.000000;0.000000;0.000000;0.000000;0.000000
0.000000;0.000000;0.000000;0.000000;0.000000;0.000000;0.000000;0.000000
0.000000;0.000000;0.000000;0.000000;0.000000;0.000000;0.000000;0.000000
0.000000;0.000000;0.000000;0.000000;0.000000;0.000000;0.000000;0.000000
0.000000;0.000000;0.000000;0.000000;0.000000;0.000000;0.000000;0.000000
0.000000;0.000000;0.000000;0.000000;0.000000;0.000000;0.000000;0.000000
0.000000;0.000000;0.000000;0.000000;0.000000;0.000000;0.000000;0.000000
0.000000;0.000000;0.000000;0.000000;0.000000;0.000000;0.000000;0.000000
0.000000;0.000000;0.000000;0.000000;0.000000;0.000000;0.000000;0.000000
0.000000;0.000000;0.000000;0.000000;0.000000;0.000000;0.000000;0.000000
0.000000;0.000000;0.000000;0.000000;0.000000;0.000000;0.000000;0.000000
0.000000;0.000000;0.000000;0.000000;0.000000;0.000000;0.000000;0.000000
0.000000;0.000000;0.000000;0.000000;0.000000;0.000000;0.000000;0.000000
0.000000;0.000000;0.000000;0.000000;0.000000;0.000000;0.000000;0.000000
0.000000;0.000000;0.000000;0.000000;0.000000;0.000000;0.000000;0.000000
0.000000;0.000000;0.000000;0.000000;0.000000;0.000000;0.000000;0.000000
0.000000;0.000000;0.000000;0.000000;0.000000;0.000000;0.000000;0.000000
0.000000;0.000000;0.000000;0.000000;0.000000;0.000000;0.000000;0.000000
0.000000;0.000000;0.000000;0.000000;0.000000;0.000000;0.000000;0.000000
0.000000;0.000000;0.000000;0.000000;0.000000;0.000000;0.000000;0.000000
0.000000;0.000000;0.000000;0.000000;0.000000;0.000000;0.000000;0.000000
0.000000;0.000000;0.000000;0.000000;0.000000;0.000000;0.000000;0.000000
0.000000;0.000000;0.000000;0.000000;0.000000;0.000000;0.000000;0.000000
0.000000;0.000000;0.000000;0.000000;0.000000;0.000000;0.000000;0.000000
0.000000;0.000000;0.000000;0.000000;0.000000;0.000000;0.000000;0.000000
0.000000;0.000000;0.000000;0.000000;0.000000;0.000000;0.000000;0.000000
0.000000;0.000000;0.000000;0.000000;0.000000;0.000000;0.000000;0.000000
0.000000;0.000000;0.000000;0.000000;0.000000;0.000000;0.000000;0.000000
0.000000;0.000000;0.000000;0.000000;0.000000;0.000000;0.000000;0.000000
0.000000;0.000000;0.000000;0.000000;0.000000;0.000000;0.000000;0.000000
0.000000;0.000000;0.000000;0.000000;0.000000;0.000000;0.000000;0.000000
0.000000;0.000000;0.000000;0.000000;0.000000;0.000000;0.000000;0.000000
0.000000;0.000000;0.000000;0.000000;0.000000;0.000000;0.000000;0.000000
0.000000;0.000000;0.000000;0.000000;0.000000;0.000000;0.000000;0.000000
0.000000;0.000000;0.000000;0.000000;0.000000;0.000000;0.000000;0.000000
0.000000;0.000000;0.000000;0.000000;0.000000;0.000000;0.000000;0.000000
0.000000;0.000000;0.000000;0.000000;0.000000;0.000000;0.000000;0.000000
0.000000;0.000000;0.000000;0.000000;0.000000;0.000000;0.000000;0.000000
0.000000;0.000000;0.000000;0.000000;0.000000;0.000000;0.000000;0.000000
0.000000;0.000000;0.000000;0.000000;0.000000;0.000000;0.000000;0.000000
0.000000;0.000000;0.000000;0.000000;0.000000;0.000000;0.000000;0.000000
0.000000;0.000000;0.000000;0.000000;0.000000;0.000000;0.000000;0.000000
0.000000;0.000000;0.000000;0.000000;0.000000;0.000000;0.000000;0.000000
0.000000;0.000000;0.000000;0.000000;0.000000;0.000000;0.000000;0.000000
0.000000;0.000000;0.000000;0.000000;0.000000;0.000000;0.000000;0.000000
0.000000;0.000000;0.000000;0.000000;0.000000;0.000000;0.000000;0.000000
0.000000;0.000000;0.000000;0.000000;0.000000;0.000000;0.000000;0.000000
0.000000;0.000000;0.000000;0.000000;0.000000;0.000000;0.000000;0.000000
0.000000;0.000000;0.000000;0.000000;0.000000;0.000000;0.000000;0.000000
0.000000;0.000000;0.000000;0.000000;0.000000;0.000000;0.000000;0.000000
