0.000000;-1.000000;8058.000000;0.000000;471067.000000;0.000000;0.000000;0.399358
1.000000;-1.000000;11460.000000;0.000000;323282.000000;0.000000;0.000000;0.887902
2.000000;-1.000000;10423.000000;0.000000;404772.000000;0.000000;0.000000;1.476197
3.000000;-1.000000;10860.000000;0.000000;427615.000000;0.000000;0.000000;1.998996
4.000000;-1.000000;10598.000000;0.000000;379950.000000;8995.000000;0.000000;2.493594
5.000000;-1.000000;9655.000000;0.000000;458856.000000;0.000000;0.000000;2.984281
6.000000;-1.000000;9912.000000;0.000000;357701.000000;0.000000;0.000000;3.469812
7.000000;-1.000000;9717.000000;0.000000;358078.000000;0.000000;0.000000;3.957744
8.000000;-1.000000;10051.000000;0.000000;441509.000000;9193.000000;0.000000;4.442033
9.000000;-1.000000;11702.000000;0.000000;375142.000000;8125.000000;0.000000;4.930697
10.000000;-1.000000;10943.000000;0.000000;423919.000000;0.000000;0.000000;5.416292
11.000000;-1.000000;10068.000000;0.000000;491373.000000;0.000000;0.000000;5.899703
12.000000;-1.000000;10055.000000;0.000000;340792.000000;8789.000000;0.000000;6.390018
13.000000;-1.000000;11302.000000;0.000000;393314.000000;9651.000000;0.000000;6.873665
14.000000;-1.000000;9849.000000;0.000000;392402.000000;0.000000;0.000000;7.375745
15.000000;-1.000000;10342.000000;0.000000;311242.000000;10103.000000;0.000000;7.864645
16.000000;-1.000000;9443.000000;0.000000;382932.000000;10012.000000;0.000000;8.343234
17.000000;-1.000000;11577.000000;0.000000;300718.000000;9353.000000;0.000000;8.826830
18.000000;-1.000000;10641.000000;0.000000;371486.000000;0.000000;0.000000;9.313796
19.000000;-1.000000;11109.000000;0.000000;329702.000000;0.000000;0.000000;9.794938
20.000000;-1.000000;9509.000000;0.000000;478358.000000;0.000000;0.000000;10.317525
21.000000;-1.000000;10249.000000;0.000000;432155.000000;10442.000000;0.000000;10.841379
22.000000;-1.000000;11001.000000;0.000000;384061.000000;0.000000;0.000000;11.363785
23.000000;-1.000000;9496.000000;0.000000;380073.000000;9994.000000;0.000000;11.882426
24.000000;-1.000000;10558.000000;0.000000;400585.000000;0.000000;0.000000;12.406770
25.000000;-1.000000;11088.000000;0.000000;493213.000000;0.000000;0.000000;12.935024
26.000000;-1.000000;10808.000000;0.000000;351004.000000;9522.000000;0.000000;13.456155
27.000000;-1.000000;10040.000000;0.000000;518201.000000;8639.000000;0.000000;13.977242
28.000000;-1.000000;10542.000000;0.000000;450085.000000;9624.000000;0.000000;14.496798
29.000000;-1.000000;10593.000000;0.000000;297044.000000;9994.000000;0.000000;15.017130
30.000000;-1.000000;9893.000000;0.000000;418356.000000;10188.000000;0.000000;15.541443
31.000000;-1.000000;9446.000000;0.000000;405974.000000;9764.000000;0.000000;16.060768
32.000000;-1.000000;10987.000000;0.000000;487016.000000;9536.000000;0.000000;16.580675
33.000000;-1.000000;9060.000000;0.000000;416826.000000;9994.000000;0.000000;17.101887
34.000000;-1.000000;10049.000000;0.000000;457948.000000;8639.000000;0.000000;17.650740
35.000000;-1.000000;10172.000000;0.000000;393511.000000;10012.000000;0.000000;18.185699
36.000000;-1.000000;10083.000000;0.000000;433202.000000;10114.000000;0.000000;18.718315
37.000000;-1.000000;10685.000000;0.000000;490409.000000;10191.000000;0.000000;19.247421
38.000000;-1.000000;10639.000000;0.000000;234354.000000;8960.000000;0.000000;19.773962
39.000000;-1.000000;10639.000000;0.000000;420694.000000;10561.000000;0.000000;20.294189
40.000000;-1.000000;9738.000000;0.000000;341607.000000;10561.000000;0.000000;20.886517
41.000000;-1.000000;9397.000000;0.000000;450955.000000;9790.000000;0.000000;21.484913
42.000000;-1.000000;9620.000000;0.000000;364498.000000;10187.000000;0.000000;22.081841
43.000000;-1.000000;10776.000000;0.000000;379927.000000;10446.000000;0.000000;22.680607
44.000000;-1.000000;10335.000000;0.000000;392804.000000;10859.000000;0.000000;23.277931
45.000000;-1.000000;10202.000000;0.000000;412098.000000;10357.000000;0.000000;23.877325
46.000000;-1.000000;10391.000000;0.000000;395321.000000;10450.000000;0.000000;24.467461
47.000000;-1.000000;10922.000000;0.000000;359316.000000;10357.000000;0.000000;25.067638
48.000000;-1.000000;8723.000000;0.000000;445468.000000;9522.000000;0.000000;25.666069
49.000000;-1.000000;9794.000000;0.000000;417650.000000;9962.000000;0.000000;26.263988
50.000000;-1.000000;9509.000000;0.000000;424670.000000;9985.000000;0.000000;26.861065
51.000000;-1.000000;10624.000000;0.000000;435440.000000;10859.000000;0.000000;27.500151
52.000000;-1.000000;9990.000000;0.000000;421192.000000;10357.000000;0.000000;28.101019
53.000000;-1.000000;11955.000000;0.000000;417065.000000;10398.000000;0.000000;28.697826
54.000000;-1.000000;11188.000000;0.000000;472218.000000;10561.000000;0.000000;29.296223
55.000000;10531.000000;11256.000000;0.000000;349423.000000;10531.000000;1.000000;29.894468
56.000000;10531.000000;8369.000000;0.000000;319402.000000;10136.000000;0.000000;30.492403
57.000000;10531.000000;7828.000000;0.000000;449892.000000;10382.000000;0.000000;31.094652
58.000000;10531.000000;6409.000000;0.000000;231485.000000;10338.000000;0.000000;31.692865
59.000000;10531.000000;6448.000000;0.000000;544599.000000;10338.000000;0.000000;32.291122
60.000000;10531.000000;7143.000000;0.000000;481766.000000;10715.000000;0.000000;33.035709
61.000000;10531.000000;6577.000000;0.000000;466138.000000;10715.000000;0.000000;33.784077
62.000000;10531.000000;7262.000000;0.000000;348228.000000;10715.000000;0.000000;34.539242
63.000000;10531.000000;6474.000000;0.000000;472775.000000;10715.000000;0.000000;35.280975
64.000000;10531.000000;8734.000000;0.000000;481657.000000;10715.000000;0.000000;36.023640
65.000000;10531.000000;6806.000000;0.000000;507351.000000;10715.000000;0.000000;36.772594
66.000000;10531.000000;7306.000000;0.000000;385958.000000;10715.000000;0.000000;37.541168
67.000000;10531.000000;7515.000000;0.000000;434262.000000;10715.000000;0.000000;38.291527
68.000000;10531.000000;7378.000000;0.000000;395480.000000;10715.000000;0.000000;39.032627
69.000000;10531.000000;7042.000000;0.000000;512446.000000;10715.000000;0.000000;39.802963
70.000000;10531.000000;7237.000000;0.000000;427344.000000;10715.000000;0.000000;40.682182
71.000000;10531.000000;8510.000000;0.000000;490646.000000;10715.000000;0.000000;41.456188
72.000000;10531.000000;7379.000000;0.000000;408776.000000;10715.000000;0.000000;42.219147
73.000000;10531.000000;7061.000000;0.000000;430994.000000;10715.000000;0.000000;42.967308
74.000000;10531.000000;7421.000000;0.000000;550923.000000;10715.000000;0.000000;43.820499
75.000000;10531.000000;8093.000000;0.000000;556492.000000;10715.000000;0.000000;44.584843
76.000000;10531.000000;8729.000000;0.000000;327420.000000;10715.000000;0.000000;45.327461
77.000000;10531.000000;7711.000000;0.000000;476487.000000;10715.000000;0.000000;46.070759
78.000000;10531.000000;9469.000000;0.000000;344137.000000;10715.000000;0.000000;46.813572
79.000000;10531.000000;7005.000000;0.000000;480584.000000;10715.000000;0.000000;47.573071
80.000000;10531.000000;6829.000000;0.000000;606861.000000;10715.000000;0.000000;48.610535
81.000000;10531.000000;7271.000000;0.000000;552847.000000;10715.000000;0.000000;49.639240
82.000000;10531.000000;7205.000000;0.000000;345495.000000;10715.000000;0.000000;50.671108
83.000000;10531.000000;6827.000000;0.000000;477080.000000;10715.000000;0.000000;51.707058
84.000000;10531.000000;7529.000000;0.000000;405431.000000;10715.000000;0.000000;52.738972
85.000000;10531.000000;7155.000000;0.000000;504113.000000;10715.000000;0.000000;53.768585
86.000000;10531.000000;8235.000000;0.000000;481809.000000;10715.000000;0.000000;54.795597
87.000000;10531.000000;7388.000000;0.000000;470574.000000;10715.000000;0.000000;55.822998
88.000000;10531.000000;7471.000000;0.000000;407387.000000;10715.000000;0.000000;56.857464
89.000000;10531.000000;7527.000000;0.000000;421007.000000;10715.000000;0.000000;57.922871
90.000000;10531.000000;6667.000000;0.000000;501389.000000;10715.000000;0.000000;58.969070
91.000000;10531.000000;7670.000000;0.000000;302039.000000;10715.000000;0.000000;60.010185
92.000000;10531.000000;7462.000000;0.000000;399645.000000;10715.000000;0.000000;61.042778
93.000000;10531.000000;7236.000000;0.000000;303871.000000;10715.000000;0.000000;62.072750
94.000000;10531.000000;7901.000000;0.000000;503371.000000;10715.000000;0.000000;63.100445
95.000000;10531.000000;7166.000000;0.000000;523802.000000;10715.000000;0.000000;64.128983
96.000000;10531.000000;7246.000000;0.000000;399922.000000;10715.000000;0.000000;65.154762
97.000000;10531.000000;7638.000000;0.000000;440038.000000;10715.000000;0.000000;66.186127
98.000000;10531.000000;7439.000000;0.000000;415022.000000;10715.000000;0.000000;67.220306
99.000000;10531.000000;7011.000000;0.000000;436150.000000;10715.000000;0.000000;68.275673
100.000000;10531.000000;7651.000000;0.000000;419159.000000;10715.000000;0.000000;69.454514
101.000000;10531.000000;8698.000000;0.000000;332275.000000;10715.000000;0.000000;70.639862
102.000000;10531.000000;7314.000000;0.000000;393357.000000;10715.000000;0.000000;71.822601
103.000000;10531.000000;7503.000000;0.000000;408813.000000;10715.000000;0.000000;72.990723
104.000000;10531.000000;7311.000000;0.000000;447654.000000;10715.000000;0.000000;74.163345
105.000000;10531.000000;6415.000000;0.000000;391156.000000;10715.000000;0.000000;75.333015
106.000000;10531.000000;8165.000000;0.000000;444561.000000;10715.000000;0.000000;76.504227
107.000000;10531.000000;7077.000000;0.000000;435113.000000;10715.000000;0.000000;77.743332
108.000000;10531.000000;7219.000000;0.000000;426597.000000;10715.000000;0.000000;78.960655
109.000000;10531.000000;7822.000000;0.000000;423595.000000;10715.000000;0.000000;80.137619
110.000000;10531.000000;6952.000000;0.000000;548872.000000;10715.000000;0.000000;81.379333
111.000000;10531.000000;9329.000000;0.000000;481843.000000;10715.000000;0.000000;82.563919
112.000000;10531.000000;8101.000000;0.000000;399624.000000;10715.000000;0.000000;83.748047
113.000000;10531.000000;7539.000000;0.000000;496226.000000;10715.000000;0.000000;84.923927
114.000000;10531.000000;8171.000000;0.000000;448824.000000;10715.000000;0.000000;86.100136
115.000000;10531.000000;8262.000000;0.000000;382113.000000;10715.000000;0.000000;87.281769
116.000000;10531.000000;7204.000000;0.000000;431215.000000;10715.000000;0.000000;88.468521
117.000000;10531.000000;7461.000000;0.000000;484867.000000;10715.000000;0.000000;89.634018
118.000000;10531.000000;7829.000000;0.000000;480111.000000;10715.000000;0.000000;90.799194
119.000000;10531.000000;8376.000000;0.000000;401888.000000;10715.000000;0.000000;91.962502
120.000000;10531.000000;9224.000000;0.000000;486620.000000;10715.000000;0.000000;93.132866
121.000000;10531.000000;7584.000000;0.000000;452382.000000;10715.000000;0.000000;94.305786
122.000000;10531.000000;7426.000000;0.000000;428464.000000;10715.000000;0.000000;95.464813
123.000000;10531.000000;7321.000000;0.000000;521465.000000;10715.000000;0.000000;96.624779
124.000000;10531.000000;8710.000000;0.000000;460318.000000;10715.000000;0.000000;97.800148
125.000000;10531.000000;6972.000000;0.000000;388637.000000;10715.000000;0.000000;98.973328
126.000000;10531.000000;8087.000000;0.000000;391215.000000;10715.000000;0.000000;100.137535
127.000000;10531.000000;7365.000000;0.000000;431594.000000;10715.000000;0.000000;101.293495
128.000000;10531.000000;8109.000000;0.000000;368114.000000;10715.000000;0.000000;102.463905
129.000000;10531.000000;7431.000000;0.000000;486894.000000;10715.000000;0.000000;103.658089
130.000000;10531.000000;8077.000000;0.000000;341977.000000;10715.000000;0.000000;104.877335
131.000000;10531.000000;6428.000000;0.000000;497996.000000;10715.000000;0.000000;106.051186
132.000000;10531.000000;8388.000000;0.000000;552664.000000;10715.000000;0.000000;107.217155
133.000000;10531.000000;7096.000000;0.000000;371377.000000;10715.000000;0.000000;108.405548
134.000000;10531.000000;7669.000000;0.000000;505066.000000;10715.000000;0.000000;109.565826
135.000000;10531.000000;7550.000000;0.000000;479141.000000;10715.000000;0.000000;110.724632
136.000000;10531.000000;6933.000000;0.000000;542673.000000;10715.000000;0.000000;111.888657
137.000000;10531.000000;8231.000000;0.000000;387381.000000;10715.000000;0.000000;113.052910
138.000000;10531.000000;7893.000000;0.000000;459590.000000;10715.000000;0.000000;114.212975
139.000000;10531.000000;8219.000000;0.000000;365908.000000;10715.000000;0.000000;115.376862
140.000000;10531.000000;7452.000000;0.000000;602839.000000;10715.000000;0.000000;116.545280
141.000000;10531.000000;7451.000000;0.000000;426523.000000;10715.000000;0.000000;117.718849
142.000000;10531.000000;7820.000000;0.000000;480836.000000;10715.000000;0.000000;118.916534
143.000000;10531.000000;8510.000000;0.000000;539015.000000;10715.000000;0.000000;120.089462
144.000000;10531.000000;7381.000000;0.000000;535035.000000;10715.000000;0.000000;121.256721
145.000000;10531.000000;7111.000000;0.000000;477114.000000;10715.000000;0.000000;122.429901
146.000000;10531.000000;6546.000000;0.000000;450415.000000;10715.000000;0.000000;123.599510
147.000000;10531.000000;7853.000000;0.000000;471172.000000;10715.000000;0.000000;124.764969
148.000000;10531.000000;7704.000000;0.000000;526144.000000;10715.000000;0.000000;125.933533
149.000000;10531.000000;7208.000000;0.000000;367367.000000;10715.000000;0.000000;127.104073
150.000000;10531.000000;7007.000000;0.000000;570369.000000;10715.000000;0.000000;128.286346
151.000000;10531.000000;7684.000000;0.000000;488913.000000;10715.000000;0.000000;129.456192
152.000000;10531.000000;7252.000000;0.000000;424341.000000;10715.000000;0.000000;130.625519
153.000000;10531.000000;8414.000000;0.000000;438440.000000;10715.000000;0.000000;131.800919
154.000000;10531.000000;8390.000000;0.000000;408915.000000;10715.000000;0.000000;132.985443
155.000000;10531.000000;7477.000000;0.000000;512911.000000;10715.000000;0.000000;134.159119
156.000000;10531.000000;8084.000000;0.000000;355227.000000;10715.000000;0.000000;135.329391
157.000000;10531.000000;7863.000000;0.000000;510567.000000;10715.000000;0.000000;136.513229
158.000000;10531.000000;8139.000000;0.000000;407225.000000;10715.000000;0.000000;137.693634
159.000000;10531.000000;7506.000000;0.000000;451286.000000;10715.000000;0.000000;138.894669
160.000000;10531.000000;7003.000000;0.000000;424624.000000;10715.000000;0.000000;140.067657
161.000000;10531.000000;7255.000000;0.000000;349354.000000;10715.000000;0.000000;141.244354
162.000000;10531.000000;7188.000000;0.000000;387135.000000;10715.000000;0.000000;142.417740
163.000000;10531.000000;7703.000000;0.000000;439480.000000;10715.000000;0.000000;143.592178
164.000000;10531.000000;6849.000000;0.000000;372395.000000;10715.000000;0.000000;144.763351
165.000000;10531.000000;8699.000000;0.000000;373464.000000;10715.000000;0.000000;145.930603
166.000000;10531.000000;7556.000000;0.000000;418739.000000;10715.000000;0.000000;147.113754
167.000000;10531.000000;8470.000000;0.000000;447865.000000;10715.000000;0.000000;148.328751
168.000000;10531.000000;7781.000000;0.000000;418071.000000;10715.000000;0.000000;149.517853
169.000000;10531.000000;8166.000000;0.000000;360983.000000;10715.000000;0.000000;150.699692
170.000000;10531.000000;7293.000000;0.000000;569531.000000;10715.000000;0.000000;151.877640
171.000000;10531.000000;6249.000000;0.000000;497984.000000;10715.000000;0.000000;153.058426
172.000000;10531.000000;7827.000000;0.000000;393055.000000;10715.000000;0.000000;154.238846
173.000000;10531.000000;6835.000000;0.000000;456374.000000;10715.000000;0.000000;155.418015
174.000000;10531.000000;8305.000000;0.000000;393367.000000;10715.000000;0.000000;156.603500
175.000000;10531.000000;7016.000000;0.000000;342213.000000;10715.000000;0.000000;157.785233
176.000000;10531.000000;9232.000000;0.000000;325850.000000;10715.000000;0.000000;158.985596
177.000000;10531.000000;6488.000000;0.000000;432477.000000;10715.000000;0.000000;160.164871
178.000000;10531.000000;8763.000000;0.000000;377528.000000;10715.000000;0.000000;161.350967
179.000000;10531.000000;7221.000000;0.000000;507499.000000;10715.000000;0.000000;162.527328
180.000000;10531.000000;7537.000000;0.000000;408245.000000;10715.000000;0.000000;163.714294
181.000000;10531.000000;7411.000000;0.000000;473230.000000;10715.000000;0.000000;164.928711
182.000000;10531.000000;8276.000000;0.000000;513832.000000;10715.000000;0.000000;166.110962
183.000000;10531.000000;7580.000000;0.000000;462791.000000;10715.000000;0.000000;167.287247
184.000000;10531.000000;6845.000000;0.000000;474338.000000;10715.000000;0.000000;168.489685
185.000000;10531.000000;7008.000000;0.000000;438325.000000;10715.000000;0.000000;169.674683
186.000000;10531.000000;7430.000000;0.000000;479190.000000;10715.000000;0.000000;170.920197
187.000000;10531.000000;8161.000000;0.000000;392160.000000;10715.000000;0.000000;172.104004
188.000000;10531.000000;8390.000000;0.000000;349123.000000;10715.000000;0.000000;173.280579
189.000000;10531.000000;8217.000000;0.000000;430456.000000;10715.000000;0.000000;174.455536
190.000000;10531.000000;7385.000000;0.000000;467126.000000;10715.000000;0.000000;175.632889
191.000000;10531.000000;8292.000000;0.000000;534157.000000;10715.000000;0.000000;176.793900
192.000000;10531.000000;8934.000000;0.000000;394579.000000;10715.000000;0.000000;177.952438
193.000000;10531.000000;6897.000000;0.000000;389353.000000;10715.000000;0.000000;179.148849
194.000000;10531.000000;8675.000000;0.000000;433091.000000;10715.000000;0.000000;180.313477
195.000000;10531.000000;7579.000000;0.000000;465103.000000;10715.000000;0.000000;181.473083
196.000000;10531.000000;7249.000000;0.000000;424250.000000;10715.000000;0.000000;182.641983
197.000000;10531.000000;7070.000000;0.000000;433442.000000;10715.000000;0.000000;183.813171
198.000000;10531.000000;8451.000000;0.000000;378941.000000;10715.000000;0.000000;184.991302
199.000000;10531.000000;7726.000000;0.000000;367226.000000;10715.000000;0.000000;186.163513
200.000000;10531.000000;7388.000000;0.000000;434740.000000;10715.000000;0.000000;187.329895
201.000000;10531.000000;7225.000000;0.000000;365766.000000;10715.000000;0.000000;188.512024
202.000000;10531.000000;7588.000000;0.000000;438016.000000;10715.000000;0.000000;189.679428
203.000000;10531.000000;6868.000000;0.000000;510029.000000;10715.000000;0.000000;190.842102
204.000000;10531.000000;8069.000000;0.000000;450673.000000;10715.000000;0.000000;192.006546
205.000000;10531.000000;8206.000000;0.000000;442500.000000;10715.000000;0.000000;193.168762
206.000000;10531.000000;7100.000000;0.000000;397128.000000;10715.000000;0.000000;194.328247
207.000000;10531.000000;7790.000000;0.000000;409599.000000;10715.000000;0.000000;195.490952
208.000000;10531.000000;6460.000000;0.000000;378051.000000;10715.000000;0.000000;196.645966
209.000000;10531.000000;7373.000000;0.000000;408653.000000;10715.000000;0.000000;197.806641
210.000000;10531.000000;7695.000000;0.000000;450902.000000;10715.000000;0.000000;198.994202
211.000000;10531.000000;6381.000000;0.000000;449260.000000;10715.000000;0.000000;200.155746
212.000000;10531.000000;6993.000000;0.000000;531587.000000;10715.000000;0.000000;201.322861
213.000000;10531.000000;7081.000000;0.000000;381775.000000;10715.000000;0.000000;202.483582
214.000000;10531.000000;7200.000000;0.000000;436448.000000;10715.000000;0.000000;203.639481
215.000000;10531.000000;8094.000000;0.000000;463949.000000;10715.000000;0.000000;204.801788
216.000000;10531.000000;6431.000000;0.000000;474710.000000;10715.000000;0.000000;205.964310
217.000000;10531.000000;7238.000000;0.000000;381917.000000;10715.000000;0.000000;207.122635
218.000000;10531.000000;7430.000000;0.000000;455928.000000;10715.000000;0.000000;208.282196
219.000000;10531.000000;7185.000000;0.000000;540804.000000;10715.000000;0.000000;209.454559
220.000000;10531.000000;6184.000000;0.000000;469185.000000;10715.000000;0.000000;210.605331
221.000000;10531.000000;6758.000000;0.000000;542002.000000;10715.000000;0.000000;211.759415
222.000000;10531.000000;7605.000000;0.000000;384240.000000;10715.000000;0.000000;212.914871
223.000000;10531.000000;7908.000000;0.000000;462445.000000;10715.000000;0.000000;214.065063
224.000000;10531.000000;8647.000000;0.000000;583521.000000;10715.000000;0.000000;215.217728
225.000000;10531.000000;7267.000000;0.000000;415559.000000;10715.000000;0.000000;216.364594
226.000000;10531.000000;8008.000000;0.000000;384815.000000;10715.000000;0.000000;217.517303
227.000000;10531.000000;8671.000000;0.000000;389664.000000;10715.000000;0.000000;218.702286
228.000000;10531.000000;6945.000000;0.000000;411599.000000;10715.000000;0.000000;219.860092
229.000000;10531.000000;8551.000000;0.000000;368307.000000;10715.000000;0.000000;221.014618
230.000000;10531.000000;7951.000000;0.000000;404075.000000;10715.000000;0.000000;222.164291
231.000000;10531.000000;6611.000000;0.000000;454411.000000;10715.000000;0.000000;223.317184
232.000000;10531.000000;8085.000000;0.000000;358665.000000;10715.000000;0.000000;224.495682
233.000000;10531.000000;8940.000000;0.000000;372219.000000;10715.000000;0.000000;225.647141
234.000000;10531.000000;8540.000000;0.000000;322042.000000;10715.000000;0.000000;226.795670
235.000000;10531.000000;7688.000000;0.000000;417587.000000;10715.000000;0.000000;227.946182
236.000000;10531.000000;8474.000000;0.000000;318031.000000;10715.000000;0.000000;229.136963
237.000000;10531.000000;7202.000000;0.000000;324848.000000;10715.000000;0.000000;230.286377
238.000000;10531.000000;8980.000000;0.000000;446249.000000;10715.000000;0.000000;231.436569
239.000000;10531.000000;7308.000000;0.000000;542526.000000;10715.000000;0.000000;232.586761
240.000000;10531.000000;8099.000000;0.000000;430118.000000;10715.000000;0.000000;233.737808
241.000000;10531.000000;7094.000000;0.000000;545633.000000;10715.000000;0.000000;234.894852
242.000000;10531.000000;6791.000000;0.000000;377542.000000;10715.000000;0.000000;236.049301
243.000000;10531.000000;9167.000000;0.000000;472457.000000;10715.000000;0.000000;237.207825
244.000000;10531.000000;7350.000000;0.000000;433837.000000;10715.000000;0.000000;238.367188
245.000000;10531.000000;6929.000000;0.000000;495426.000000;10715.000000;0.000000;239.547760
246.000000;10531.000000;8799.000000;0.000000;404643.000000;10715.000000;0.000000;240.707840
247.000000;10531.000000;7431.000000;0.000000;303368.000000;10715.000000;0.000000;241.864868
248.000000;10531.000000;7609.000000;0.000000;451524.000000;10715.000000;0.000000;243.023621
249.000000;10531.000000;7799.000000;0.000000;471238.000000;10715.000000;0.000000;244.270782
250.000000;10531.000000;7491.000000;0.000000;399523.000000;10715.000000;0.000000;245.434494
251.000000;10531.000000;8030.000000;0.000000;494132.000000;10715.000000;0.000000;246.588318
252.000000;10531.000000;7325.000000;0.000000;389940.000000;10715.000000;0.000000;247.747253
253.000000;10531.000000;7014.000000;0.000000;477452.000000;10715.000000;0.000000;248.925461
254.000000;10531.000000;7075.000000;0.000000;397821.000000;10715.000000;0.000000;250.086823
255.000000;10531.000000;8503.000000;0.000000;263000.000000;10715.000000;0.000000;251.238312
256.000000;10531.000000;8042.000000;0.000000;378328.000000;10715.000000;0.000000;252.397766
257.000000;10531.000000;9171.000000;0.000000;399164.000000;10715.000000;0.000000;253.554871
258.000000;10531.000000;8241.000000;0.000000;595284.000000;10715.000000;0.000000;254.713303
259.000000;10531.000000;8012.000000;0.000000;432550.000000;10715.000000;0.000000;255.868896
260.000000;10531.000000;7126.000000;0.000000;428684.000000;10715.000000;0.000000;257.024994
261.000000;10531.000000;6753.000000;0.000000;501016.000000;10715.000000;0.000000;258.190216
262.000000;10531.000000;7226.000000;0.000000;506002.000000;10715.000000;0.000000;259.377045
263.000000;10531.000000;6793.000000;0.000000;459036.000000;10715.000000;0.000000;260.530182
264.000000;10531.000000;7059.000000;0.000000;479467.000000;10715.000000;0.000000;261.681488
265.000000;10531.000000;6731.000000;0.000000;450181.000000;10715.000000;0.000000;262.832733
266.000000;10531.000000;8601.000000;0.000000;419510.000000;10715.000000;0.000000;263.985382
267.000000;10531.000000;7492.000000;0.000000;377830.000000;10715.000000;0.000000;265.139618
268.000000;10531.000000;8565.000000;0.000000;477424.000000;10715.000000;0.000000;266.301300
269.000000;10531.000000;6982.000000;0.000000;447614.000000;10715.000000;0.000000;267.476868
270.000000;10531.000000;9110.000000;0.000000;459328.000000;10715.000000;0.000000;268.641693
271.000000;10531.000000;7698.000000;0.000000;520200.000000;10715.000000;0.000000;269.834839
272.000000;10531.000000;6877.000000;0.000000;390261.000000;10715.000000;0.000000;271.003326
273.000000;10531.000000;6724.000000;0.000000;457215.000000;10715.000000;0.000000;272.176361
274.000000;10531.000000;7803.000000;0.000000;465252.000000;10715.000000;0.000000;273.344788
275.000000;10531.000000;8141.000000;0.000000;367017.000000;10715.000000;0.000000;274.512451
276.000000;10531.000000;9299.000000;0.000000;371523.000000;10715.000000;0.000000;275.680298
277.000000;10531.000000;8254.000000;0.000000;487540.000000;10715.000000;0.000000;276.856873
278.000000;10531.000000;8850.000000;0.000000;401097.000000;10715.000000;0.000000;278.028351
279.000000;10531.000000;7635.000000;0.000000;432516.000000;10715.000000;0.000000;279.231750
280.000000;10531.000000;6750.000000;0.000000;506627.000000;10715.000000;0.000000;280.406464
281.000000;10531.000000;7260.000000;0.000000;443531.000000;10715.000000;0.000000;281.580353
282.000000;10531.000000;6674.000000;0.000000;502843.000000;10715.000000;0.000000;282.753784
283.000000;10531.000000;8257.000000;0.000000;479952.000000;10715.000000;0.000000;284.011322
284.000000;10531.000000;6901.000000;0.000000;448596.000000;10715.000000;0.000000;285.181580
285.000000;10531.000000;7351.000000;0.000000;404188.000000;10715.000000;0.000000;286.351105
286.000000;10531.000000;8453.000000;0.000000;470079.000000;10715.000000;0.000000;287.527588
287.000000;10531.000000;7250.000000;0.000000;436484.000000;10715.000000;0.000000;288.695160
288.000000;10531.000000;6616.000000;0.000000;472470.000000;10715.000000;0.000000;289.893280
289.000000;10531.000000;7459.000000;0.000000;513232.000000;10715.000000;0.000000;291.196869
290.000000;10531.000000;8147.000000;0.000000;404379.000000;10715.000000;0.000000;292.364655
291.000000;10531.000000;7557.000000;0.000000;569167.000000;10715.000000;0.000000;293.529694
292.000000;10531.000000;6097.000000;0.000000;506022.000000;10715.000000;0.000000;294.696655
293.000000;10531.000000;8452.000000;0.000000;380829.000000;10715.000000;0.000000;295.866180
294.000000;10531.000000;8040.000000;0.000000;351496.000000;10715.000000;0.000000;297.039764
295.000000;10531.000000;6926.000000;0.000000;420415.000000;10715.000000;0.000000;298.216766
296.000000;10531.000000;7919.000000;0.000000;477498.000000;10715.000000;0.000000;299.623077
297.000000;10531.000000;6927.000000;0.000000;479572.000000;10715.000000;0.000000;301.120728
298.000000;10531.000000;7364.000000;0.000000;427460.000000;10715.000000;0.000000;302.514496
299.000000;10531.000000;7723.000000;0.000000;471728.000000;10715.000000;0.000000;303.846558
300.000000;10531.000000;8656.000000;0.000000;423166.000000;10715.000000;0.000000;305.160339
301.000000;10531.000000;9105.000000;0.000000;421820.000000;10715.000000;0.000000;306.488434
302.000000;10531.000000;8212.000000;0.000000;446706.000000;10715.000000;0.000000;307.803284
303.000000;10531.000000;7390.000000;0.000000;494336.000000;10715.000000;0.000000;309.149811
304.000000;10531.000000;6197.000000;0.000000;474015.000000;10715.000000;0.000000;310.468445
305.000000;10531.000000;7870.000000;0.000000;478181.000000;10715.000000;0.000000;311.814697
306.000000;10531.000000;7514.000000;0.000000;390100.000000;10715.000000;0.000000;313.144287
307.000000;10531.000000;8416.000000;0.000000;440315.000000;10715.000000;0.000000;314.475128
308.000000;10531.000000;6942.000000;0.000000;397145.000000;10715.000000;0.000000;315.806488
309.000000;10531.000000;7884.000000;0.000000;403914.000000;10715.000000;0.000000;317.104767
310.000000;10531.000000;8638.000000;0.000000;315602.000000;10715.000000;0.000000;318.289337
311.000000;10531.000000;8032.000000;0.000000;495341.000000;10715.000000;0.000000;319.509216
312.000000;10531.000000;7483.000000;0.000000;361993.000000;10715.000000;0.000000;320.685059
313.000000;10531.000000;6685.000000;0.000000;555149.000000;10715.000000;0.000000;321.855438
314.000000;10531.000000;7537.000000;0.000000;552006.000000;10715.000000;0.000000;323.017761
315.000000;10531.000000;7592.000000;0.000000;382805.000000;10715.000000;0.000000;324.182739
316.000000;10531.000000;6968.000000;0.000000;529557.000000;10715.000000;0.000000;325.346680
317.000000;10531.000000;7943.000000;0.000000;279646.000000;10715.000000;0.000000;326.522491
318.000000;10531.000000;7722.000000;0.000000;549748.000000;10715.000000;0.000000;327.729095
319.000000;10531.000000;8059.000000;0.000000;367292.000000;10715.000000;0.000000;328.914429
320.000000;10531.000000;8416.000000;0.000000;381924.000000;10715.000000;0.000000;330.130157
321.000000;10531.000000;7591.000000;0.000000;378389.000000;10715.000000;0.000000;331.316925
322.000000;10531.000000;6971.000000;0.000000;312900.000000;10715.000000;0.000000;332.498596
323.000000;10531.000000;7668.000000;0.000000;403428.000000;10715.000000;0.000000;333.684601
324.000000;10531.000000;8407.000000;0.000000;466972.000000;10715.000000;0.000000;334.865936
325.000000;10531.000000;7889.000000;0.000000;505917.000000;10715.000000;0.000000;336.049103
326.000000;10531.000000;7974.000000;0.000000;465256.000000;10715.000000;0.000000;337.237640
327.000000;10531.000000;7689.000000;0.000000;494541.000000;10715.000000;0.000000;338.422333
328.000000;10531.000000;7545.000000;0.000000;463455.000000;10715.000000;0.000000;339.636932
329.000000;10531.000000;7432.000000;0.000000;397674.000000;10715.000000;0.000000;340.828888
330.000000;10531.000000;8949.000000;0.000000;345100.000000;10715.000000;0.000000;342.012421
331.000000;10531.000000;6632.000000;0.000000;506352.000000;10715.000000;0.000000;343.195404
332.000000;10531.000000;8666.000000;0.000000;406561.000000;10715.000000;0.000000;344.505066
333.000000;10531.000000;7879.000000;0.000000;461262.000000;10715.000000;0.000000;345.690369
334.000000;10531.000000;6737.000000;0.000000;458880.000000;10715.000000;0.000000;346.873260
335.000000;10531.000000;7697.000000;0.000000;539721.000000;10715.000000;0.000000;348.093903
336.000000;10531.000000;8168.000000;0.000000;405794.000000;10715.000000;0.000000;349.289093
337.000000;10531.000000;8020.000000;0.000000;347024.000000;10715.000000;0.000000;350.492523
338.000000;10531.000000;7254.000000;0.000000;440455.000000;10715.000000;0.000000;351.676636
339.000000;10531.000000;8498.000000;0.000000;438790.000000;10715.000000;0.000000;352.851898
340.000000;10531.000000;7423.000000;0.000000;490355.000000;10715.000000;0.000000;354.035736
341.000000;10531.000000;7633.000000;0.000000;509909.000000;10715.000000;0.000000;355.227661
342.000000;10531.000000;7632.000000;0.000000;402538.000000;10715.000000;0.000000;356.419830
343.000000;10531.000000;8148.000000;0.000000;448380.000000;10715.000000;0.000000;357.610748
344.000000;10531.000000;7705.000000;0.000000;527187.000000;10715.000000;0.000000;358.805573
345.000000;10531.000000;7126.000000;0.000000;370018.000000;10715.000000;0.000000;360.029480
346.000000;10531.000000;7354.000000;0.000000;462280.000000;10715.000000;0.000000;361.221283
347.000000;10531.000000;7423.000000;0.000000;466734.000000;10715.000000;0.000000;362.410309
348.000000;10531.000000;7757.000000;0.000000;511537.000000;10715.000000;0.000000;363.603821
349.000000;10531.000000;6791.000000;0.000000;382546.000000;10715.000000;0.000000;364.796112
350.000000;10531.000000;7379.000000;0.000000;461644.000000;10715.000000;0.000000;365.989441
351.000000;10531.000000;8101.000000;0.000000;285233.000000;10715.000000;0.000000;367.192261
352.000000;10531.000000;8257.000000;0.000000;372139.000000;10715.000000;0.000000;368.382385
353.000000;10531.000000;7258.000000;0.000000;439295.000000;10715.000000;0.000000;369.596375
354.000000;10531.000000;8763.000000;0.000000;502067.000000;10715.000000;0.000000;370.799316
355.000000;10531.000000;7594.000000;0.000000;386671.000000;10715.000000;0.000000;371.989563
356.000000;10531.000000;8790.000000;0.000000;375759.000000;10715.000000;0.000000;373.182312
357.000000;10531.000000;8661.000000;0.000000;252941.000000;10715.000000;0.000000;374.376038
358.000000;10531.000000;7153.000000;0.000000;458782.000000;10715.000000;0.000000;375.564850
359.000000;10531.000000;7451.000000;0.000000;303434.000000;10715.000000;0.000000;376.757629
360.000000;10531.000000;7824.000000;0.000000;405666.000000;10715.000000;0.000000;377.989655
361.000000;10531.000000;7787.000000;0.000000;533438.000000;10715.000000;0.000000;379.229645
362.000000;10531.000000;8046.000000;0.000000;370196.000000;10715.000000;0.000000;380.449829
363.000000;10531.000000;7690.000000;0.000000;416838.000000;10715.000000;0.000000;381.709808
364.000000;10531.000000;7503.000000;0.000000;459154.000000;10715.000000;0.000000;382.898804
365.000000;10531.000000;7536.000000;0.000000;305612.000000;10715.000000;0.000000;384.087219
366.000000;10531.000000;7264.000000;0.000000;504167.000000;10715.000000;0.000000;385.273315
367.000000;10531.000000;7092.000000;0.000000;467566.000000;10715.000000;0.000000;386.467194
368.000000;10531.000000;7741.000000;0.000000;465685.000000;10715.000000;0.000000;387.688019
369.000000;10531.000000;7132.000000;0.000000;379432.000000;10715.000000;0.000000;388.887451
370.000000;10531.000000;8726.000000;0.000000;447227.000000;10715.000000;0.000000;390.143768
371.000000;10531.000000;6379.000000;0.000000;352607.000000;10715.000000;0.000000;391.362976
372.000000;10531.000000;6550.000000;0.000000;410691.000000;10715.000000;0.000000;392.653534
373.000000;10531.000000;7114.000000;0.000000;447223.000000;10715.000000;0.000000;393.857574
374.000000;10531.000000;8130.000000;0.000000;526457.000000;10715.000000;0.000000;395.052521
375.000000;10531.000000;8942.000000;0.000000;432744.000000;10715.000000;0.000000;396.244568
376.000000;10531.000000;7355.000000;0.000000;549944.000000;10715.000000;0.000000;397.447449
377.000000;10531.000000;6808.000000;0.000000;595387.000000;10715.000000;0.000000;398.653687
378.000000;10531.000000;5899.000000;0.000000;401427.000000;10715.000000;0.000000;399.866058
379.000000;10531.000000;6762.000000;0.000000;528969.000000;10715.000000;0.000000;401.083099
380.000000;10531.000000;7993.000000;0.000000;382907.000000;10715.000000;0.000000;402.282166
381.000000;10531.000000;7342.000000;0.000000;418688.000000;10715.000000;0.000000;403.493103
382.000000;10531.000000;7478.000000;0.000000;442634.000000;10715.000000;0.000000;404.732605
383.000000;10531.000000;7449.000000;0.000000;425478.000000;10715.000000;0.000000;405.950409
384.000000;10531.000000;7049.000000;0.000000;534285.000000;10715.000000;0.000000;407.143127
385.000000;10531.000000;7174.000000;0.000000;429029.000000;10715.000000;0.000000;408.336243
386.000000;10531.000000;6715.000000;0.000000;351378.000000;10715.000000;0.000000;409.526886
387.000000;10531.000000;6559.000000;0.000000;344421.000000;10715.000000;0.000000;410.748108
388.000000;10531.000000;6898.000000;0.000000;490120.000000;10715.000000;0.000000;411.940247
389.000000;10531.000000;7221.000000;0.000000;436024.000000;10715.000000;0.000000;413.137085
390.000000;10531.000000;5907.000000;0.000000;508334.000000;10715.000000;0.000000;414.336212
391.000000;10531.000000;8262.000000;0.000000;452063.000000;10715.000000;0.000000;415.534515
392.000000;10531.000000;7051.000000;0.000000;403694.000000;10715.000000;0.000000;416.723755
393.000000;10531.000000;6833.000000;0.000000;436731.000000;10715.000000;0.000000;417.897278
394.000000;10531.000000;7025.000000;0.000000;281887.000000;10715.000000;0.000000;419.076477
395.000000;10531.000000;7054.000000;0.000000;454358.000000;10715.000000;0.000000;420.284973
396.000000;10531.000000;7710.000000;0.000000;362692.000000;10715.000000;0.000000;421.467194
397.000000;10531.000000;7017.000000;0.000000;508563.000000;10715.000000;0.000000;422.652802
398.000000;10531.000000;8208.000000;0.000000;356360.000000;10715.000000;0.000000;423.824799
399.000000;10531.000000;8813.000000;0.000000;344051.000000;10715.000000;0.000000;424.998810
400.000000;10531.000000;8807.000000;0.000000;414070.000000;10715.000000;0.000000;426.173523
401.000000;10531.000000;9476.000000;0.000000;394377.000000;10715.000000;0.000000;427.360535
402.000000;10531.000000;7204.000000;0.000000;609025.000000;10715.000000;0.000000;428.544067
403.000000;10531.000000;6431.000000;0.000000;458394.000000;10715.000000;0.000000;429.797455
404.000000;10531.000000;7234.000000;0.000000;549768.000000;10715.000000;0.000000;430.997406
405.000000;10531.000000;7565.000000;0.000000;489591.000000;10715.000000;0.000000;432.179962
406.000000;10531.000000;8202.000000;0.000000;478137.000000;10715.000000;0.000000;433.352814
407.000000;10531.000000;7115.000000;0.000000;471213.000000;10715.000000;0.000000;434.523712
408.000000;10531.000000;8065.000000;0.000000;314432.000000;10715.000000;0.000000;435.698181
409.000000;10531.000000;7652.000000;0.000000;446183.000000;10715.000000;0.000000;436.865906
410.000000;10531.000000;7711.000000;0.000000;327968.000000;10715.000000;0.000000;438.343384
411.000000;10531.000000;6777.000000;0.000000;417512.000000;10715.000000;0.000000;439.763977
412.000000;10531.000000;7649.000000;0.000000;479413.000000;10715.000000;0.000000;440.971680
413.000000;10531.000000;7070.000000;0.000000;468445.000000;10715.000000;0.000000;442.155975
414.000000;10531.000000;7318.000000;0.000000;311525.000000;10715.000000;0.000000;443.339905
415.000000;10531.000000;7443.000000;0.000000;358624.000000;10715.000000;0.000000;444.520844
416.000000;10531.000000;7436.000000;0.000000;467390.000000;10715.000000;0.000000;445.705353
417.000000;10531.000000;6972.000000;0.000000;447110.000000;10715.000000;0.000000;446.882568
418.000000;10531.000000;6463.000000;0.000000;323324.000000;10715.000000;0.000000;448.059784
419.000000;10531.000000;6610.000000;0.000000;428313.000000;10715.000000;0.000000;449.221191
420.000000;10531.000000;7587.000000;0.000000;457636.000000;10715.000000;0.000000;450.409119
421.000000;10531.000000;8900.000000;0.000000;340680.000000;10715.000000;0.000000;451.582336
422.000000;10531.000000;7530.000000;0.000000;457067.000000;10715.000000;0.000000;452.752716
423.000000;10531.000000;7033.000000;0.000000;450357.000000;10715.000000;0.000000;453.921326
424.000000;10531.000000;7953.000000;0.000000;397054.000000;10715.000000;0.000000;455.081940
425.000000;10531.000000;8176.000000;0.000000;476093.000000;10715.000000;0.000000;456.245239
426.000000;10531.000000;7243.000000;0.000000;469795.000000;10715.000000;0.000000;457.483612
427.000000;10531.000000;7080.000000;0.000000;359571.000000;10715.000000;0.000000;458.829254
428.000000;10531.000000;8024.000000;0.000000;345908.000000;10715.000000;0.000000;460.144440
429.000000;10531.000000;7622.000000;0.000000;318033.000000;10715.000000;0.000000;461.279999
430.000000;10531.000000;7280.000000;0.000000;401879.000000;10715.000000;0.000000;462.437103
431.000000;10531.000000;9516.000000;0.000000;440652.000000;10715.000000;0.000000;463.600555
432.000000;10531.000000;6957.000000;0.000000;377559.000000;10715.000000;0.000000;464.796600
433.000000;10531.000000;6573.000000;0.000000;545259.000000;10715.000000;0.000000;465.960663
434.000000;10531.000000;8249.000000;0.000000;403055.000000;10715.000000;0.000000;467.123108
435.000000;10531.000000;7385.000000;0.000000;526795.000000;10715.000000;0.000000;468.286255
436.000000;10531.000000;6951.000000;0.000000;538414.000000;10715.000000;0.000000;469.456207
437.000000;10531.000000;7826.000000;0.000000;311304.000000;10715.000000;0.000000;470.651611
438.000000;10531.000000;8418.000000;0.000000;408490.000000;10715.000000;0.000000;471.811340
439.000000;10531.000000;5688.000000;0.000000;428560.000000;10715.000000;0.000000;472.974274
440.000000;10531.000000;8248.000000;0.000000;373929.000000;10715.000000;0.000000;474.137573
441.000000;10531.000000;6346.000000;0.000000;485139.000000;10715.000000;0.000000;475.307983
442.000000;10531.000000;9090.000000;0.000000;384300.000000;10715.000000;0.000000;476.479950
443.000000;10531.000000;7769.000000;0.000000;498891.000000;10715.000000;0.000000;477.654572
444.000000;10531.000000;6637.000000;0.000000;516811.000000;10715.000000;0.000000;478.826050
445.000000;10531.000000;8161.000000;0.000000;320015.000000;10715.000000;0.000000;479.997375
446.000000;10531.000000;7064.000000;0.000000;437263.000000;10715.000000;0.000000;481.191650
447.000000;10531.000000;6966.000000;0.000000;531942.000000;10715.000000;0.000000;482.362732
448.000000;10531.000000;6868.000000;0.000000;486155.000000;10715.000000;0.000000;483.537415
449.000000;10531.000000;7406.000000;0.000000;499165.000000;10715.000000;0.000000;484.705505
450.000000;10531.000000;8093.000000;0.000000;441956.000000;10715.000000;0.000000;485.877625
451.000000;10531.000000;7551.000000;0.000000;419495.000000;10715.000000;0.000000;487.057587
452.000000;10531.000000;7867.000000;0.000000;415994.000000;10715.000000;0.000000;488.232483
453.000000;10531.000000;7420.000000;0.000000;386447.000000;10715.000000;0.000000;489.404327
454.000000;10531.000000;7094.000000;0.000000;515297.000000;10715.000000;0.000000;490.598358
455.000000;10531.000000;8169.000000;0.000000;325343.000000;10715.000000;0.000000;491.773651
456.000000;10531.000000;7447.000000;0.000000;455315.000000;10715.000000;0.000000;492.943878
457.000000;10531.000000;7029.000000;0.000000;425269.000000;10715.000000;0.000000;494.117676
458.000000;10531.000000;7819.000000;0.000000;538833.000000;10715.000000;0.000000;495.293121
459.000000;10531.000000;8398.000000;0.000000;317745.000000;10715.000000;0.000000;496.462616
460.000000;10531.000000;8170.000000;0.000000;477197.000000;10715.000000;0.000000;497.633301
461.000000;10531.000000;7454.000000;0.000000;378728.000000;10715.000000;0.000000;498.814972
462.000000;10531.000000;7571.000000;0.000000;456203.000000;10715.000000;0.000000;499.986755
463.000000;10531.000000;7000.000000;0.000000;354299.000000;10715.000000;0.000000;501.180420
464.000000;10531.000000;7323.000000;0.000000;382314.000000;10715.000000;0.000000;502.352203
465.000000;10531.000000;7452.000000;0.000000;421612.000000;10715.000000;0.000000;503.524933
466.000000;10531.000000;6954.000000;0.000000;466942.000000;10715.000000;0.000000;504.698395
467.000000;10531.000000;7353.000000;0.000000;446438.000000;10715.000000;0.000000;505.867859
468.000000;10531.000000;7026.000000;0.000000;331405.000000;10715.000000;0.000000;507.048035
469.000000;10531.000000;7398.000000;0.000000;448846.000000;10715.000000;0.000000;508.231354
470.000000;10531.000000;6663.000000;0.000000;431360.000000;10715.000000;0.000000;509.411163
471.000000;10531.000000;7358.000000;0.000000;363022.000000;10715.000000;0.000000;510.624146
472.000000;10531.000000;8078.000000;0.000000;421761.000000;10715.000000;0.000000;511.813965
473.000000;10531.000000;8581.000000;0.000000;372427.000000;10715.000000;0.000000;513.090637
474.000000;10531.000000;6897.000000;0.000000;414116.000000;10715.000000;0.000000;514.588989
475.000000;10531.000000;7167.000000;0.000000;516531.000000;10715.000000;0.000000;515.971863
476.000000;10531.000000;6833.000000;0.000000;465587.000000;10715.000000;0.000000;517.304382
477.000000;10531.000000;7394.000000;0.000000;450683.000000;10715.000000;0.000000;518.631104
478.000000;10531.000000;8342.000000;0.000000;532497.000000;10715.000000;0.000000;519.954834
479.000000;10531.000000;9366.000000;0.000000;502734.000000;10715.000000;0.000000;521.306946
480.000000;10531.000000;7165.000000;0.000000;423046.000000;10715.000000;0.000000;522.639038
481.000000;10531.000000;6814.000000;0.000000;332522.000000;10715.000000;0.000000;524.006287
482.000000;10531.000000;7053.000000;0.000000;447220.000000;10715.000000;0.000000;525.364563
483.000000;10531.000000;6932.000000;0.000000;354011.000000;10715.000000;0.000000;526.708679
484.000000;10531.000000;7308.000000;0.000000;421347.000000;10715.000000;0.000000;528.044250
485.000000;10531.000000;7454.000000;0.000000;391438.000000;10715.000000;0.000000;529.385071
486.000000;10531.000000;6609.000000;0.000000;376864.000000;10715.000000;0.000000;530.735291
487.000000;10531.000000;7020.000000;0.000000;454039.000000;10715.000000;0.000000;531.936951
488.000000;10531.000000;6808.000000;0.000000;513574.000000;10715.000000;0.000000;533.118103
489.000000;10531.000000;7314.000000;0.000000;441937.000000;10715.000000;0.000000;534.295532
490.000000;10531.000000;7750.000000;0.000000;541618.000000;10715.000000;0.000000;535.477905
491.000000;10531.000000;7006.000000;0.000000;387499.000000;10715.000000;0.000000;536.665100
492.000000;10531.000000;7105.000000;0.000000;565782.000000;10715.000000;0.000000;537.828186
493.000000;10531.000000;8417.000000;0.000000;339775.000000;10715.000000;0.000000;538.998047
494.000000;10531.000000;7372.000000;0.000000;457749.000000;10715.000000;0.000000;540.162598
495.000000;10531.000000;7661.000000;0.000000;419286.000000;10715.000000;0.000000;541.354980
496.000000;10531.000000;7837.000000;0.000000;542809.000000;10715.000000;0.000000;542.526550
497.000000;10531.000000;8945.000000;0.000000;409228.000000;10715.000000;0.000000;543.697876
498.000000;10531.000000;7384.000000;0.000000;492386.000000;10715.000000;0.000000;544.867126
499.000000;10531.000000;7395.000000;0.000000;406697.000000;10715.000000;0.000000;546.035522
500.000000;10531.000000;7230.000000;0.000000;507029.000000;10715.000000;0.000000;547.210327
501.000000;10531.000000;7011.000000;0.000000;399576.000000;10715.000000;0.000000;548.382629
502.000000;10531.000000;7090.000000;0.000000;474661.000000;10715.000000;0.000000;549.551086
503.000000;10531.000000;8983.000000;0.000000;425119.000000;10715.000000;0.000000;550.739258
504.000000;10531.000000;7076.000000;0.000000;413376.000000;10715.000000;0.000000;551.906738
505.000000;10531.000000;9285.000000;0.000000;250767.000000;10715.000000;0.000000;553.069092
506.000000;10531.000000;7837.000000;0.000000;441897.000000;10715.000000;0.000000;554.248657
507.000000;10531.000000;6810.000000;0.000000;381755.000000;10715.000000;0.000000;555.475769
508.000000;10531.000000;7287.000000;0.000000;446744.000000;10715.000000;0.000000;556.636230
509.000000;10531.000000;7606.000000;0.000000;423419.000000;10715.000000;0.000000;557.815735
510.000000;10531.000000;8299.000000;0.000000;358318.000000;10715.000000;0.000000;559.024963
511.000000;10531.000000;6770.000000;0.000000;477842.000000;10715.000000;0.000000;560.213379
512.000000;10531.000000;7504.000000;0.000000;423620.000000;10715.000000;0.000000;561.425903
513.000000;10531.000000;7031.000000;0.000000;357496.000000;10715.000000;0.000000;562.589233
514.000000;10531.000000;8538.000000;0.000000;351692.000000;10715.000000;0.000000;563.750671
515.000000;10531.000000;6453.000000;0.000000;415590.000000;10715.000000;0.000000;564.928711
516.000000;10531.000000;8313.000000;0.000000;426953.000000;10715.000000;0.000000;566.101318
517.000000;10531.000000;6401.000000;0.000000;420340.000000;10715.000000;0.000000;567.283508
518.000000;10531.000000;8074.000000;0.000000;373185.000000;10715.000000;0.000000;568.458923
519.000000;10531.000000;6521.000000;0.000000;535156.000000;10715.000000;0.000000;569.633484
520.000000;10531.000000;7594.000000;0.000000;420174.000000;10715.000000;0.000000;570.822632
521.000000;10531.000000;7001.000000;0.000000;457933.000000;10715.000000;0.000000;572.004089
522.000000;10531.000000;8019.000000;0.000000;505701.000000;10715.000000;0.000000;573.177856
523.000000;10531.000000;6554.000000;0.000000;446422.000000;10715.000000;0.000000;574.353455
524.000000;10531.000000;7431.000000;0.000000;471051.000000;10715.000000;0.000000;575.534912
525.000000;10531.000000;7084.000000;0.000000;455433.000000;10715.000000;0.000000;576.709595
526.000000;10531.000000;8940.000000;0.000000;399228.000000;10715.000000;0.000000;577.883057
527.000000;10531.000000;7541.000000;0.000000;419729.000000;10715.000000;0.000000;579.053650
528.000000;10531.000000;7481.000000;0.000000;375151.000000;10715.000000;0.000000;580.238342
529.000000;10531.000000;7034.000000;0.000000;348190.000000;10715.000000;0.000000;581.448120
530.000000;10531.000000;8223.000000;0.000000;305505.000000;10715.000000;0.000000;582.620667
531.000000;10531.000000;6835.000000;0.000000;513675.000000;10715.000000;0.000000;583.800903
532.000000;10531.000000;8566.000000;0.000000;313620.000000;10715.000000;0.000000;584.998291
533.000000;10531.000000;6930.000000;0.000000;557666.000000;10715.000000;0.000000;586.174072
534.000000;10531.000000;7445.000000;0.000000;461353.000000;10715.000000;0.000000;587.347473
535.000000;10531.000000;7966.000000;0.000000;494048.000000;10715.000000;0.000000;588.521729
536.000000;10531.000000;7815.000000;0.000000;535787.000000;10715.000000;0.000000;589.689575
537.000000;10531.000000;8260.000000;0.000000;401519.000000;10715.000000;0.000000;590.891357
538.000000;10531.000000;8639.000000;0.000000;437187.000000;10715.000000;0.000000;592.082764
539.000000;10531.000000;8214.000000;0.000000;403848.000000;10715.000000;0.000000;593.258179
540.000000;10531.000000;8036.000000;0.000000;520236.000000;10715.000000;0.000000;594.433655
541.000000;10531.000000;7590.000000;0.000000;446439.000000;10715.000000;0.000000;595.614258
542.000000;10531.000000;6951.000000;0.000000;440322.000000;10715.000000;0.000000;596.794861
543.000000;10531.000000;7092.000000;0.000000;366104.000000;10715.000000;0.000000;597.983826
544.000000;10531.000000;7189.000000;0.000000;434892.000000;10715.000000;0.000000;599.170410
545.000000;10531.000000;7402.000000;0.000000;444370.000000;10715.000000;0.000000;600.352356
546.000000;10531.000000;6460.000000;0.000000;513016.000000;10715.000000;0.000000;601.557434
547.000000;10531.000000;8229.000000;0.000000;523917.000000;10715.000000;0.000000;602.740540
548.000000;10531.000000;7981.000000;0.000000;367991.000000;10715.000000;0.000000;603.927185
549.000000;10531.000000;8119.000000;0.000000;353299.000000;10715.000000;0.000000;605.123779
550.000000;10531.000000;7223.000000;0.000000;396662.000000;10715.000000;0.000000;606.320984
551.000000;10531.000000;7957.000000;0.000000;427025.000000;10715.000000;0.000000;607.609070
552.000000;10531.000000;6768.000000;0.000000;376247.000000;10715.000000;0.000000;608.971558
553.000000;10531.000000;7161.000000;0.000000;407176.000000;10715.000000;0.000000;610.198486
554.000000;10531.000000;6590.000000;0.000000;385185.000000;10715.000000;0.000000;611.427002
555.000000;10531.000000;6479.000000;0.000000;326729.000000;10715.000000;0.000000;612.610291
556.000000;10531.000000;8085.000000;0.000000;388526.000000;10715.000000;0.000000;613.794067
557.000000;10531.000000;8755.000000;0.000000;439717.000000;10715.000000;0.000000;614.975220
558.000000;10531.000000;7089.000000;0.000000;377788.000000;10715.000000;0.000000;616.153748
559.000000;10531.000000;7731.000000;0.000000;438711.000000;10715.000000;0.000000;617.328613
560.000000;10531.000000;7120.000000;0.000000;465886.000000;10715.000000;0.000000;618.520020
561.000000;10531.000000;8382.000000;0.000000;488845.000000;10715.000000;0.000000;619.711731
562.000000;10531.000000;6718.000000;0.000000;501512.000000;10715.000000;0.000000;620.895935
563.000000;10531.000000;7930.000000;0.000000;390165.000000;10715.000000;0.000000;622.100891
564.000000;10531.000000;6106.000000;0.000000;335057.000000;10715.000000;0.000000;623.292786
565.000000;10531.000000;7224.000000;0.000000;458742.000000;10715.000000;0.000000;624.478455
566.000000;10531.000000;6970.000000;0.000000;459317.000000;10715.000000;0.000000;625.664795
567.000000;10531.000000;7203.000000;0.000000;489839.000000;10715.000000;0.000000;626.864929
568.000000;10531.000000;9176.000000;0.000000;454358.000000;10715.000000;0.000000;628.070129
569.000000;10531.000000;7150.000000;0.000000;507174.000000;10715.000000;0.000000;629.267334
570.000000;10531.000000;6482.000000;0.000000;352423.000000;10715.000000;0.000000;630.565735
571.000000;10531.000000;7528.000000;0.000000;455519.000000;10715.000000;0.000000;631.811340
572.000000;10531.000000;8146.000000;0.000000;422189.000000;10715.000000;0.000000;633.004150
573.000000;10531.000000;7428.000000;0.000000;433858.000000;10715.000000;0.000000;634.205566
574.000000;10531.000000;7165.000000;0.000000;436838.000000;10715.000000;0.000000;635.402588
575.000000;10531.000000;7659.000000;0.000000;470873.000000;10715.000000;0.000000;636.614258
576.000000;10531.000000;7066.000000;0.000000;422084.000000;10715.000000;0.000000;637.807007
577.000000;10531.000000;6976.000000;0.000000;422499.000000;10715.000000;0.000000;639.016418
578.000000;10531.000000;7542.000000;0.000000;480831.000000;10715.000000;0.000000;640.207703
579.000000;10531.000000;6909.000000;0.000000;481482.000000;10715.000000;0.000000;641.429382
580.000000;10531.000000;7566.000000;0.000000;408833.000000;10715.000000;0.000000;642.628723
581.000000;10531.000000;7404.000000;0.000000;438442.000000;10715.000000;0.000000;643.987427
582.000000;10531.000000;7938.000000;0.000000;506466.000000;10715.000000;0.000000;645.185120
583.000000;10531.000000;7279.000000;0.000000;440212.000000;10715.000000;0.000000;646.372620
584.000000;10531.000000;7895.000000;0.000000;473640.000000;10715.000000;0.000000;647.566711
585.000000;10531.000000;7140.000000;0.000000;473302.000000;10715.000000;0.000000;648.756470
586.000000;10531.000000;7032.000000;0.000000;501853.000000;10715.000000;0.000000;650.155823
587.000000;10531.000000;7421.000000;0.000000;399285.000000;10715.000000;0.000000;651.447388
588.000000;10531.000000;7392.000000;0.000000;484142.000000;10715.000000;0.000000;652.666565
589.000000;10531.000000;7574.000000;0.000000;375850.000000;10715.000000;0.000000;653.855591
590.000000;10531.000000;7985.000000;0.000000;458918.000000;10715.000000;0.000000;655.051514
591.000000;10531.000000;7342.000000;0.000000;456544.000000;10715.000000;0.000000;656.245605
592.000000;10531.000000;7464.000000;0.000000;437135.000000;10715.000000;0.000000;657.443115
593.000000;10531.000000;7643.000000;0.000000;418120.000000;10715.000000;0.000000;658.661743
594.000000;10531.000000;6884.000000;0.000000;520521.000000;10715.000000;0.000000;659.865967
595.000000;10531.000000;8278.000000;0.000000;485752.000000;10715.000000;0.000000;661.058899
596.000000;10531.000000;8707.000000;0.000000;456514.000000;10715.000000;0.000000;662.282166
597.000000;10531.000000;7933.000000;0.000000;441289.000000;10715.000000;0.000000;663.480591
598.000000;10531.000000;8137.000000;0.000000;383054.000000;10715.000000;0.000000;664.681458
599.000000;10531.000000;7193.000000;0.000000;358056.000000;10715.000000;0.000000;665.874451
600.000000;10531.000000;7961.000000;0.000000;387492.000000;10715.000000;0.000000;667.085388
601.000000;10531.000000;6408.000000;0.000000;511266.000000;10715.000000;0.000000;668.294373
602.000000;10531.000000;7958.000000;0.000000;396972.000000;10715.000000;0.000000;669.492493
603.000000;10531.000000;7302.000000;0.000000;415896.000000;10715.000000;0.000000;670.689148
604.000000;10531.000000;7119.000000;0.000000;406899.000000;10715.000000;0.000000;671.937744
605.000000;10531.000000;6418.000000;0.000000;500853.000000;10715.000000;0.000000;673.220947
606.000000;10531.000000;9324.000000;0.000000;361958.000000;10715.000000;0.000000;674.455200
607.000000;10531.000000;7962.000000;0.000000;417700.000000;10715.000000;0.000000;675.988647
608.000000;10531.000000;6821.000000;0.000000;483166.000000;10715.000000;0.000000;678.070435
609.000000;10531.000000;7753.000000;0.000000;347084.000000;10715.000000;0.000000;680.241150
610.000000;10531.000000;7001.000000;0.000000;508291.000000;10715.000000;0.000000;682.471619
611.000000;10531.000000;7137.000000;0.000000;380116.000000;10715.000000;0.000000;684.703064
612.000000;10531.000000;9057.000000;0.000000;348800.000000;10715.000000;0.000000;687.055359
613.000000;10531.000000;6946.000000;0.000000;557092.000000;10715.000000;0.000000;689.489136
614.000000;10531.000000;7947.000000;0.000000;389029.000000;10715.000000;0.000000;691.485718
615.000000;10531.000000;7864.000000;0.000000;365355.000000;10715.000000;0.000000;693.166443
616.000000;10531.000000;7468.000000;0.000000;410471.000000;10715.000000;0.000000;694.805847
617.000000;10531.000000;6922.000000;0.000000;424953.000000;10715.000000;0.000000;696.460876
618.000000;10531.000000;7213.000000;0.000000;466279.000000;10715.000000;0.000000;698.093506
619.000000;10531.000000;7598.000000;0.000000;440563.000000;10715.000000;0.000000;699.789490
620.000000;10531.000000;7366.000000;0.000000;427855.000000;10715.000000;0.000000;701.390259
621.000000;10531.000000;6757.000000;0.000000;449654.000000;10715.000000;0.000000;702.974182
622.000000;10531.000000;6474.000000;0.000000;451009.000000;10715.000000;0.000000;704.674438
623.000000;10531.000000;7767.000000;0.000000;397293.000000;10715.000000;0.000000;706.152771
624.000000;10531.000000;6846.000000;0.000000;592141.000000;10715.000000;0.000000;707.640076
625.000000;10531.000000;7007.000000;0.000000;471124.000000;10715.000000;0.000000;709.103333
626.000000;10531.000000;8149.000000;0.000000;471826.000000;10715.000000;0.000000;710.642273
627.000000;10531.000000;7165.000000;0.000000;441606.000000;10715.000000;0.000000;712.235352
628.000000;10531.000000;7539.000000;0.000000;480171.000000;10715.000000;0.000000;713.718567
629.000000;10531.000000;8118.000000;0.000000;339904.000000;10715.000000;0.000000;715.151978
630.000000;10531.000000;7550.000000;0.000000;622298.000000;10715.000000;0.000000;716.625977
631.000000;10531.000000;7804.000000;0.000000;526375.000000;10715.000000;0.000000;718.197815
632.000000;10531.000000;8277.000000;0.000000;391328.000000;10715.000000;0.000000;719.827454
633.000000;10531.000000;8133.000000;0.000000;484764.000000;10715.000000;0.000000;721.287231
634.000000;10531.000000;8116.000000;0.000000;376065.000000;10715.000000;0.000000;722.845154
635.000000;10531.000000;8561.000000;0.000000;463511.000000;10715.000000;0.000000;724.423706
636.000000;10531.000000;7710.000000;0.000000;369312.000000;10715.000000;0.000000;725.886292
637.000000;10531.000000;7153.000000;0.000000;417930.000000;10715.000000;0.000000;727.372070
638.000000;10531.000000;7710.000000;0.000000;355759.000000;10715.000000;0.000000;728.983337
639.000000;10531.000000;7788.000000;0.000000;459471.000000;10715.000000;0.000000;730.630127
640.000000;10531.000000;7791.000000;0.000000;487997.000000;10715.000000;0.000000;732.286682
641.000000;10531.000000;7486.000000;0.000000;528108.000000;10715.000000;0.000000;733.759766
642.000000;10531.000000;7514.000000;0.000000;471025.000000;10715.000000;0.000000;735.436157
643.000000;10531.000000;7576.000000;0.000000;420791.000000;10715.000000;0.000000;736.679382
644.000000;10531.000000;6986.000000;0.000000;366345.000000;10715.000000;0.000000;737.870483
645.000000;10531.000000;7245.000000;0.000000;358455.000000;10715.000000;0.000000;739.076904
646.000000;10531.000000;7627.000000;0.000000;502419.000000;10715.000000;0.000000;740.275452
647.000000;10531.000000;8023.000000;0.000000;528962.000000;10715.000000;0.000000;741.475952
648.000000;10531.000000;6894.000000;0.000000;379023.000000;10715.000000;0.000000;742.689941
649.000000;10531.000000;6763.000000;0.000000;419120.000000;10715.000000;0.000000;743.886780
650.000000;10531.000000;7442.000000;0.000000;363379.000000;10715.000000;0.000000;745.084167
651.000000;10531.000000;7139.000000;0.000000;548540.000000;10715.000000;0.000000;746.288574
652.000000;10531.000000;7153.000000;0.000000;418686.000000;10715.000000;0.000000;747.482910
653.000000;10531.000000;8284.000000;0.000000;502287.000000;10715.000000;0.000000;748.694946
654.000000;10531.000000;6979.000000;0.000000;479114.000000;10715.000000;0.000000;749.896667
655.000000;10531.000000;7326.000000;0.000000;531097.000000;10715.000000;0.000000;751.093689
656.000000;10531.000000;8026.000000;0.000000;370863.000000;10715.000000;0.000000;752.322693
657.000000;10531.000000;7775.000000;0.000000;475999.000000;10715.000000;0.000000;753.545715
658.000000;10531.000000;6922.000000;0.000000;620698.000000;10715.000000;0.000000;754.760437
659.000000;10531.000000;7210.000000;0.000000;407639.000000;10715.000000;0.000000;755.962158
660.000000;10531.000000;7920.000000;0.000000;539589.000000;10715.000000;0.000000;757.171448
661.000000;10531.000000;10352.000000;0.000000;398803.000000;10715.000000;0.000000;758.381104
662.000000;10531.000000;8983.000000;0.000000;393833.000000;10715.000000;0.000000;759.584534
663.000000;10531.000000;7099.000000;0.000000;434537.000000;10715.000000;0.000000;760.784790
664.000000;10531.000000;7346.000000;0.000000;315248.000000;10715.000000;0.000000;761.995239
665.000000;10531.000000;7566.000000;0.000000;470072.000000;10715.000000;0.000000;763.210999
666.000000;10531.000000;7326.000000;0.000000;450727.000000;10715.000000;0.000000;764.508667
667.000000;10531.000000;6928.000000;0.000000;486376.000000;10715.000000;0.000000;765.716370
668.000000;10531.000000;8782.000000;0.000000;489463.000000;10715.000000;0.000000;766.944824
669.000000;10531.000000;7120.000000;0.000000;442002.000000;10715.000000;0.000000;768.162659
670.000000;10531.000000;7980.000000;0.000000;440274.000000;10715.000000;0.000000;769.361572
671.000000;10531.000000;7729.000000;0.000000;455398.000000;10715.000000;0.000000;770.564819
672.000000;10531.000000;7937.000000;0.000000;383845.000000;10715.000000;0.000000;771.768372
673.000000;10531.000000;7335.000000;0.000000;394089.000000;10715.000000;0.000000;773.013794
674.000000;10531.000000;7523.000000;0.000000;468279.000000;10715.000000;0.000000;774.218628
675.000000;10531.000000;6620.000000;0.000000;452050.000000;10715.000000;0.000000;775.416870
676.000000;10531.000000;8533.000000;0.000000;388438.000000;10715.000000;0.000000;776.610840
677.000000;10531.000000;7617.000000;0.000000;469108.000000;10715.000000;0.000000;777.791870
678.000000;10531.000000;7940.000000;0.000000;419964.000000;10715.000000;0.000000;778.976318
679.000000;10531.000000;7476.000000;0.000000;521340.000000;10715.000000;0.000000;780.153442
680.000000;10531.000000;7509.000000;0.000000;532961.000000;10715.000000;0.000000;781.326782
681.000000;10531.000000;7273.000000;0.000000;397554.000000;10715.000000;0.000000;782.540344
682.000000;10531.000000;7263.000000;0.000000;495765.000000;10715.000000;0.000000;783.721191
683.000000;10531.000000;8462.000000;0.000000;431497.000000;10715.000000;0.000000;784.903015
684.000000;10531.000000;8052.000000;0.000000;458235.000000;10715.000000;0.000000;786.089417
685.000000;10531.000000;8717.000000;0.000000;340644.000000;10715.000000;0.000000;787.274475
686.000000;10531.000000;7291.000000;0.000000;457180.000000;10715.000000;0.000000;788.459900
687.000000;10531.000000;7727.000000;0.000000;351561.000000;10715.000000;0.000000;789.657104
688.000000;10531.000000;6603.000000;0.000000;377352.000000;10715.000000;0.000000;790.882446
689.000000;10531.000000;9162.000000;0.000000;316124.000000;10715.000000;0.000000;792.068604
690.000000;10531.000000;7395.000000;0.000000;323770.000000;10715.000000;0.000000;793.275146
691.000000;10531.000000;8722.000000;0.000000;333991.000000;10715.000000;0.000000;794.470886
692.000000;10531.000000;6896.000000;0.000000;454257.000000;10715.000000;0.000000;795.666199
693.000000;10531.000000;7003.000000;0.000000;439205.000000;10715.000000;0.000000;796.850342
694.000000;10531.000000;7309.000000;0.000000;329708.000000;10715.000000;0.000000;798.045044
695.000000;10531.000000;7477.000000;0.000000;363338.000000;10715.000000;0.000000;799.224731
696.000000;10531.000000;6758.000000;0.000000;390268.000000;10715.000000;0.000000;800.409424
697.000000;10531.000000;7334.000000;0.000000;365121.000000;10715.000000;0.000000;801.601379
698.000000;10531.000000;6888.000000;0.000000;487194.000000;10715.000000;0.000000;802.815979
699.000000;10531.000000;9118.000000;0.000000;373977.000000;10715.000000;0.000000;803.997192
700.000000;10531.000000;7728.000000;0.000000;555112.000000;10715.000000;0.000000;805.179871
701.000000;10531.000000;8700.000000;0.000000;374777.000000;10715.000000;0.000000;806.364136
702.000000;10531.000000;7054.000000;0.000000;453141.000000;10715.000000;0.000000;807.530640
703.000000;10531.000000;7349.000000;0.000000;384807.000000;10715.000000;0.000000;808.700928
704.000000;10531.000000;8225.000000;0.000000;476817.000000;10715.000000;0.000000;809.897522
705.000000;10531.000000;8686.000000;0.000000;379307.000000;10715.000000;0.000000;811.100403
706.000000;10531.000000;7364.000000;0.000000;465471.000000;10715.000000;0.000000;812.293457
707.000000;10531.000000;6618.000000;0.000000;500872.000000;10715.000000;0.000000;813.472473
708.000000;10531.000000;8151.000000;0.000000;528257.000000;10715.000000;0.000000;814.642090
709.000000;10531.000000;7905.000000;0.000000;412465.000000;10715.000000;0.000000;815.811890
710.000000;10531.000000;7694.000000;0.000000;455412.000000;10715.000000;0.000000;816.986389
711.000000;10531.000000;7246.000000;0.000000;460347.000000;10715.000000;0.000000;818.151672
712.000000;10531.000000;6822.000000;0.000000;504804.000000;10715.000000;0.000000;819.314514
713.000000;10531.000000;7608.000000;0.000000;458689.000000;10715.000000;0.000000;820.486023
714.000000;10531.000000;8254.000000;0.000000;350161.000000;10715.000000;0.000000;821.656128
715.000000;10531.000000;7743.000000;0.000000;445328.000000;10715.000000;0.000000;822.859314
716.000000;10531.000000;7168.000000;0.000000;499230.000000;10715.000000;0.000000;824.052124
717.000000;10531.000000;8755.000000;0.000000;475592.000000;10715.000000;0.000000;825.240051
718.000000;10531.000000;7670.000000;0.000000;485564.000000;10715.000000;0.000000;826.409180
719.000000;10531.000000;7275.000000;0.000000;396054.000000;10715.000000;0.000000;827.573181
720.000000;10531.000000;9072.000000;0.000000;385878.000000;10715.000000;0.000000;828.735229
721.000000;10531.000000;8813.000000;0.000000;424264.000000;10715.000000;0.000000;829.903992
722.000000;10531.000000;7642.000000;0.000000;300786.000000;10715.000000;0.000000;831.070435
723.000000;10531.000000;7104.000000;0.000000;507470.000000;10715.000000;0.000000;832.241699
724.000000;10531.000000;7924.000000;0.000000;460247.000000;10715.000000;0.000000;833.438232
725.000000;10531.000000;7372.000000;0.000000;459027.000000;10715.000000;0.000000;834.605103
726.000000;10531.000000;7210.000000;0.000000;320553.000000;10715.000000;0.000000;835.774597
727.000000;10531.000000;7334.000000;0.000000;456773.000000;10715.000000;0.000000;836.931213
728.000000;10531.000000;7838.000000;0.000000;482503.000000;10715.000000;0.000000;838.079468
729.000000;10531.000000;8296.000000;0.000000;457983.000000;10715.000000;0.000000;839.228882
730.000000;10531.000000;7407.000000;0.000000;428016.000000;10715.000000;0.000000;840.384338
731.000000;10531.000000;7234.000000;0.000000;302317.000000;10715.000000;0.000000;841.547119
732.000000;10531.000000;7972.000000;0.000000;365454.000000;10715.000000;0.000000;842.732300
733.000000;10531.000000;7002.000000;0.000000;486236.000000;10715.000000;0.000000;843.893921
734.000000;10531.000000;7183.000000;0.000000;335539.000000;10715.000000;0.000000;845.051453
735.000000;10531.000000;6527.000000;0.000000;457982.000000;10715.000000;0.000000;846.202881
736.000000;10531.000000;7699.000000;0.000000;470000.000000;10715.000000;0.000000;847.356628
737.000000;10531.000000;7682.000000;0.000000;407688.000000;10715.000000;0.000000;848.506287
738.000000;10531.000000;8042.000000;0.000000;494086.000000;10715.000000;0.000000;849.653748
739.000000;10531.000000;7765.000000;0.000000;314796.000000;10715.000000;0.000000;850.801575
740.000000;10531.000000;8246.000000;0.000000;373147.000000;10715.000000;0.000000;851.951538
741.000000;10531.000000;7890.000000;0.000000;410398.000000;10715.000000;0.000000;853.137390
742.000000;10531.000000;7722.000000;0.000000;394088.000000;10715.000000;0.000000;854.293030
743.000000;10531.000000;6555.000000;0.000000;519578.000000;10715.000000;0.000000;855.438171
744.000000;10531.000000;6793.000000;0.000000;448044.000000;10715.000000;0.000000;856.584717
745.000000;10531.000000;7100.000000;0.000000;368600.000000;10715.000000;0.000000;857.733582
746.000000;10531.000000;7778.000000;0.000000;481440.000000;10715.000000;0.000000;858.880737
747.000000;10531.000000;8460.000000;0.000000;404716.000000;10715.000000;0.000000;860.029114
748.000000;10531.000000;7172.000000;0.000000;488097.000000;10715.000000;0.000000;861.184021
749.000000;10531.000000;7431.000000;0.000000;456894.000000;10715.000000;0.000000;862.330627
750.000000;10531.000000;7310.000000;0.000000;511055.000000;10715.000000;0.000000;863.500427
751.000000;10531.000000;7918.000000;0.000000;474526.000000;10715.000000;0.000000;864.656006
752.000000;10531.000000;7877.000000;0.000000;454825.000000;10715.000000;0.000000;865.802368
753.000000;10531.000000;7287.000000;0.000000;386057.000000;10715.000000;0.000000;866.949585
754.000000;10531.000000;7299.000000;0.000000;425637.000000;10715.000000;0.000000;868.101135
755.000000;10531.000000;7921.000000;0.000000;455084.000000;10715.000000;0.000000;869.259583
756.000000;10531.000000;8867.000000;0.000000;442496.000000;10715.000000;0.000000;870.418762
757.000000;10531.000000;7957.000000;0.000000;500525.000000;10715.000000;0.000000;871.576111
758.000000;10531.000000;7840.000000;0.000000;511850.000000;10715.000000;0.000000;872.744202
759.000000;10531.000000;8277.000000;0.000000;389641.000000;10715.000000;0.000000;873.908325
760.000000;10531.000000;7364.000000;0.000000;424991.000000;10715.000000;0.000000;875.064392
761.000000;10531.000000;7417.000000;0.000000;508146.000000;10715.000000;0.000000;876.238159
762.000000;10531.000000;8940.000000;0.000000;401078.000000;10715.000000;0.000000;877.405701
763.000000;10531.000000;8925.000000;0.000000;412209.000000;10715.000000;0.000000;878.567932
764.000000;10531.000000;7004.000000;0.000000;597808.000000;10715.000000;0.000000;879.727600
765.000000;10531.000000;7411.000000;0.000000;450853.000000;10715.000000;0.000000;880.890076
766.000000;10531.000000;6748.000000;0.000000;439585.000000;10715.000000;0.000000;882.055908
767.000000;10531.000000;7732.000000;0.000000;460545.000000;10715.000000;0.000000;883.239319
768.000000;10531.000000;7961.000000;0.000000;498653.000000;10715.000000;0.000000;884.420776
769.000000;10531.000000;7428.000000;0.000000;593485.000000;10715.000000;0.000000;885.572998
770.000000;10531.000000;6353.000000;0.000000;525533.000000;10715.000000;0.000000;886.730652
771.000000;10531.000000;7269.000000;0.000000;410094.000000;10715.000000;0.000000;887.883240
772.000000;10531.000000;7463.000000;0.000000;485683.000000;10715.000000;0.000000;889.039734
773.000000;10531.000000;7807.000000;0.000000;396144.000000;10715.000000;0.000000;890.197449
774.000000;10531.000000;6936.000000;0.000000;372100.000000;10715.000000;0.000000;891.350952
775.000000;10531.000000;8306.000000;0.000000;396822.000000;10715.000000;0.000000;892.508911
776.000000;10531.000000;6666.000000;0.000000;392482.000000;10715.000000;0.000000;893.697388
777.000000;10531.000000;7146.000000;0.000000;509208.000000;10715.000000;0.000000;894.863281
778.000000;10531.000000;7792.000000;0.000000;469459.000000;10715.000000;0.000000;896.020203
779.000000;10531.000000;7495.000000;0.000000;470434.000000;10715.000000;0.000000;897.183411
780.000000;10531.000000;8278.000000;0.000000;367697.000000;10715.000000;0.000000;898.346863
781.000000;10531.000000;6723.000000;0.000000;384406.000000;10715.000000;0.000000;899.517700
782.000000;10531.000000;7782.000000;0.000000;490097.000000;10715.000000;0.000000;900.680298
783.000000;10531.000000;8051.000000;0.000000;476051.000000;10715.000000;0.000000;901.841675
784.000000;10531.000000;7386.000000;0.000000;467813.000000;10715.000000;0.000000;903.034424
785.000000;10531.000000;7386.000000;0.000000;472333.000000;10715.000000;0.000000;904.203674
786.000000;10531.000000;7221.000000;0.000000;371448.000000;10715.000000;0.000000;905.363525
787.000000;10531.000000;8429.000000;0.000000;409109.000000;10715.000000;0.000000;906.527649
788.000000;10531.000000;7231.000000;0.000000;541552.000000;10715.000000;0.000000;907.692688
789.000000;10531.000000;7458.000000;0.000000;368616.000000;10715.000000;0.000000;908.864258
790.000000;10531.000000;6669.000000;0.000000;445090.000000;10715.000000;0.000000;910.032654
791.000000;10531.000000;8596.000000;0.000000;441769.000000;10715.000000;0.000000;911.190247
792.000000;10531.000000;8381.000000;0.000000;376276.000000;10715.000000;0.000000;912.353638
793.000000;10531.000000;7825.000000;0.000000;583332.000000;10715.000000;0.000000;913.545288
794.000000;10531.000000;7469.000000;0.000000;514986.000000;10715.000000;0.000000;914.720520
795.000000;10531.000000;7550.000000;0.000000;409919.000000;10715.000000;0.000000;915.891602
796.000000;10531.000000;6980.000000;0.000000;423809.000000;10715.000000;0.000000;917.059814
797.000000;10531.000000;7731.000000;0.000000;406307.000000;10715.000000;0.000000;918.231873
798.000000;10531.000000;8073.000000;0.000000;554492.000000;10715.000000;0.000000;919.409790
799.000000;10531.000000;7422.000000;0.000000;433642.000000;10715.000000;0.000000;920.584106
800.000000;10531.000000;6716.000000;0.000000;437703.000000;10715.000000;0.000000;921.761597
801.000000;10531.000000;6455.000000;0.000000;439224.000000;10715.000000;0.000000;922.943420
802.000000;10531.000000;6611.000000;0.000000;512147.000000;10715.000000;0.000000;924.143372
803.000000;10531.000000;8943.000000;0.000000;444471.000000;10715.000000;0.000000;925.308167
804.000000;10531.000000;7594.000000;0.000000;438554.000000;10715.000000;0.000000;926.481140
805.000000;10531.000000;9027.000000;0.000000;535550.000000;10715.000000;0.000000;927.657959
806.000000;10531.000000;8721.000000;0.000000;432212.000000;10715.000000;0.000000;928.842773
807.000000;10531.000000;7473.000000;0.000000;398816.000000;10715.000000;0.000000;930.018677
808.000000;10531.000000;7858.000000;0.000000;466908.000000;10715.000000;0.000000;931.194824
809.000000;10531.000000;7392.000000;0.000000;461419.000000;10715.000000;0.000000;932.371033
810.000000;10531.000000;7413.000000;0.000000;406748.000000;10715.000000;0.000000;933.571655
811.000000;10531.000000;8408.000000;0.000000;412162.000000;10715.000000;0.000000;934.749084
812.000000;10531.000000;7994.000000;0.000000;410572.000000;10715.000000;0.000000;935.924561
813.000000;10531.000000;7799.000000;0.000000;494450.000000;10715.000000;0.000000;937.101196
814.000000;10531.000000;7194.000000;0.000000;379613.000000;10715.000000;0.000000;938.285583
815.000000;10531.000000;7146.000000;0.000000;479747.000000;10715.000000;0.000000;939.469238
816.000000;10531.000000;6875.000000;0.000000;480243.000000;10715.000000;0.000000;940.714722
817.000000;10531.000000;6505.000000;0.000000;421904.000000;10715.000000;0.000000;941.899841
818.000000;10531.000000;7241.000000;0.000000;423846.000000;10715.000000;0.000000;943.073975
819.000000;10531.000000;7478.000000;0.000000;412121.000000;10715.000000;0.000000;944.396545
820.000000;10531.000000;8386.000000;0.000000;440363.000000;10715.000000;0.000000;945.577698
821.000000;10531.000000;7628.000000;0.000000;491064.000000;10715.000000;0.000000;946.766846
822.000000;10531.000000;7592.000000;0.000000;447702.000000;10715.000000;0.000000;947.955261
823.000000;10531.000000;8703.000000;0.000000;459122.000000;10715.000000;0.000000;949.125732
824.000000;10531.000000;7339.000000;0.000000;466403.000000;10715.000000;0.000000;950.292908
825.000000;10531.000000;9034.000000;0.000000;504199.000000;10715.000000;0.000000;951.470459
826.000000;10531.000000;7463.000000;0.000000;528761.000000;10715.000000;0.000000;952.647827
827.000000;10531.000000;6674.000000;0.000000;467386.000000;10715.000000;0.000000;953.848083
828.000000;10531.000000;7362.000000;0.000000;457048.000000;10715.000000;0.000000;955.022644
829.000000;10531.000000;8357.000000;0.000000;389920.000000;10715.000000;0.000000;956.204407
830.000000;10531.000000;6814.000000;0.000000;572068.000000;10715.000000;0.000000;957.393860
831.000000;10531.000000;8487.000000;0.000000;403292.000000;10715.000000;0.000000;958.573059
832.000000;10531.000000;8459.000000;0.000000;468425.000000;10715.000000;0.000000;959.753906
833.000000;10531.000000;6323.000000;0.000000;576759.000000;10715.000000;0.000000;960.936646
834.000000;10531.000000;7482.000000;0.000000;397768.000000;10715.000000;0.000000;962.123169
835.000000;10531.000000;7003.000000;0.000000;346032.000000;10715.000000;0.000000;963.321472
836.000000;10531.000000;8423.000000;0.000000;490779.000000;10715.000000;0.000000;964.517334
837.000000;10531.000000;6948.000000;0.000000;408787.000000;10715.000000;0.000000;965.701843
838.000000;10531.000000;7525.000000;0.000000;502760.000000;10715.000000;0.000000;966.894226
839.000000;10531.000000;7431.000000;0.000000;450228.000000;10715.000000;0.000000;968.070862
840.000000;10531.000000;8345.000000;0.000000;366367.000000;10715.000000;0.000000;969.246582
841.000000;10531.000000;8148.000000;0.000000;424507.000000;10715.000000;0.000000;970.433167
842.000000;10531.000000;6980.000000;0.000000;475044.000000;10715.000000;0.000000;971.614868
843.000000;10531.000000;7950.000000;0.000000;367855.000000;10715.000000;0.000000;972.787720
844.000000;10531.000000;9071.000000;0.000000;443209.000000;10715.000000;0.000000;973.990967
845.000000;10531.000000;7247.000000;0.000000;456148.000000;10715.000000;0.000000;975.173157
846.000000;10531.000000;7301.000000;0.000000;429412.000000;10715.000000;0.000000;976.359375
847.000000;10531.000000;7257.000000;0.000000;373492.000000;10715.000000;0.000000;977.535522
848.000000;10531.000000;8264.000000;0.000000;437444.000000;10715.000000;0.000000;978.777893
849.000000;10531.000000;7862.000000;0.000000;363419.000000;10715.000000;0.000000;979.992371
850.000000;10531.000000;7927.000000;0.000000;391691.000000;10715.000000;0.000000;981.201233
851.000000;10531.000000;7041.000000;0.000000;318883.000000;10715.000000;0.000000;982.456909
852.000000;10531.000000;6934.000000;0.000000;478693.000000;10715.000000;0.000000;983.661255
853.000000;10531.000000;7128.000000;0.000000;526388.000000;10715.000000;0.000000;984.839233
854.000000;10531.000000;6908.000000;0.000000;435452.000000;10715.000000;0.000000;986.012085
855.000000;10531.000000;8360.000000;0.000000;513936.000000;10715.000000;0.000000;987.200195
856.000000;10531.000000;6788.000000;0.000000;499726.000000;10715.000000;0.000000;988.394043
857.000000;10531.000000;7142.000000;0.000000;514653.000000;10715.000000;0.000000;989.581421
858.000000;10531.000000;7823.000000;0.000000;508350.000000;10715.000000;0.000000;990.775635
859.000000;10531.000000;6877.000000;0.000000;531081.000000;10715.000000;0.000000;991.967773
860.000000;10531.000000;7154.000000;0.000000;308696.000000;10715.000000;0.000000;993.159424
861.000000;10531.000000;7369.000000;0.000000;391347.000000;10715.000000;0.000000;994.380981
862.000000;10531.000000;7346.000000;0.000000;472396.000000;10715.000000;0.000000;995.567017
863.000000;10531.000000;7058.000000;0.000000;310738.000000;10715.000000;0.000000;996.749390
864.000000;10531.000000;7955.000000;0.000000;404782.000000;10715.000000;0.000000;997.988464
865.000000;10531.000000;6801.000000;0.000000;432169.000000;10715.000000;0.000000;999.193787
866.000000;10531.000000;8238.000000;0.000000;344852.000000;10715.000000;0.000000;1000.385254
867.000000;10531.000000;7386.000000;0.000000;428124.000000;10715.000000;0.000000;1001.582581
868.000000;10531.000000;6820.000000;0.000000;559638.000000;10715.000000;0.000000;1002.772522
869.000000;10531.000000;7363.000000;0.000000;393825.000000;10715.000000;0.000000;1003.999451
870.000000;10531.000000;7198.000000;0.000000;476031.000000;10715.000000;0.000000;1005.199036
871.000000;10531.000000;7753.000000;0.000000;423781.000000;10715.000000;0.000000;1006.378601
872.000000;10531.000000;7754.000000;0.000000;409288.000000;10715.000000;0.000000;1007.559082
873.000000;10531.000000;7127.000000;0.000000;448700.000000;10715.000000;0.000000;1008.744812
874.000000;10531.000000;7641.000000;0.000000;369416.000000;10715.000000;0.000000;1009.936707
875.000000;10531.000000;9249.000000;0.000000;377645.000000;10715.000000;0.000000;1011.128540
876.000000;10531.000000;8519.000000;0.000000;336127.000000;10715.000000;0.000000;1012.318298
877.000000;10531.000000;6868.000000;0.000000;433704.000000;10715.000000;0.000000;1013.506653
878.000000;10531.000000;6854.000000;0.000000;435227.000000;10715.000000;0.000000;1014.730591
879.000000;10531.000000;6165.000000;0.000000;553812.000000;10715.000000;0.000000;1015.922241
880.000000;10531.000000;6979.000000;0.000000;544382.000000;10715.000000;0.000000;1017.097290
881.000000;10531.000000;6548.000000;0.000000;425874.000000;10715.000000;0.000000;1018.270996
882.000000;10531.000000;8467.000000;0.000000;531911.000000;10715.000000;0.000000;1019.446899
883.000000;10531.000000;6794.000000;0.000000;375092.000000;10715.000000;0.000000;1020.618591
884.000000;10531.000000;8076.000000;0.000000;438760.000000;10715.000000;0.000000;1021.789124
885.000000;10531.000000;8307.000000;0.000000;517326.000000;10715.000000;0.000000;1022.958862
886.000000;10531.000000;7846.000000;0.000000;349893.000000;10715.000000;0.000000;1024.161621
887.000000;10531.000000;7343.000000;0.000000;457998.000000;10715.000000;0.000000;1025.338257
888.000000;10531.000000;7363.000000;0.000000;358714.000000;10715.000000;0.000000;1026.510010
889.000000;10531.000000;8253.000000;0.000000;460997.000000;10715.000000;0.000000;1027.689941
890.000000;10531.000000;7787.000000;0.000000;393717.000000;10715.000000;0.000000;1028.859619
891.000000;10531.000000;6690.000000;0.000000;367018.000000;10715.000000;0.000000;1030.031006
892.000000;10531.000000;6976.000000;0.000000;519842.000000;10715.000000;0.000000;1031.204224
893.000000;10531.000000;8233.000000;0.000000;411475.000000;10715.000000;0.000000;1032.376465
894.000000;10531.000000;6802.000000;0.000000;423494.000000;10715.000000;0.000000;1033.552490
895.000000;10531.000000;6950.000000;0.000000;437769.000000;10715.000000;0.000000;1034.755249
896.000000;10531.000000;7234.000000;0.000000;412471.000000;10715.000000;0.000000;1035.937378
897.000000;10531.000000;8563.000000;0.000000;378674.000000;10715.000000;0.000000;1037.113770
898.000000;10531.000000;7510.000000;0.000000;397225.000000;10715.000000;0.000000;1038.296021
899.000000;10531.000000;7928.000000;0.000000;559894.000000;10715.000000;0.000000;1039.470947
900.000000;10531.000000;7420.000000;0.000000;524658.000000;10715.000000;0.000000;1040.642334
901.000000;10531.000000;6516.000000;0.000000;489353.000000;10715.000000;0.000000;1041.815430
902.000000;10531.000000;8180.000000;0.000000;492148.000000;10715.000000;0.000000;1042.990234
903.000000;10531.000000;7520.000000;0.000000;395130.000000;10715.000000;0.000000;1044.188843
904.000000;10531.000000;7641.000000;0.000000;369625.000000;10715.000000;0.000000;1045.364136
905.000000;10531.000000;7801.000000;0.000000;354200.000000;10715.000000;0.000000;1046.534424
906.000000;10531.000000;7628.000000;0.000000;519264.000000;10715.000000;0.000000;1047.689209
907.000000;10531.000000;7178.000000;0.000000;443602.000000;10715.000000;0.000000;1048.850342
908.000000;10531.000000;8349.000000;0.000000;436033.000000;10715.000000;0.000000;1050.006592
909.000000;10531.000000;7354.000000;0.000000;446570.000000;10715.000000;0.000000;1051.163940
910.000000;10531.000000;7638.000000;0.000000;491970.000000;10715.000000;0.000000;1052.320801
911.000000;10531.000000;6584.000000;0.000000;438828.000000;10715.000000;0.000000;1053.472534
912.000000;10531.000000;7639.000000;0.000000;478675.000000;10715.000000;0.000000;1054.656494
913.000000;10531.000000;7042.000000;0.000000;453266.000000;10715.000000;0.000000;1055.805908
914.000000;10531.000000;7542.000000;0.000000;519114.000000;10715.000000;0.000000;1056.965088
915.000000;10531.000000;6623.000000;0.000000;461787.000000;10715.000000;0.000000;1058.125488
916.000000;10531.000000;7329.000000;0.000000;477072.000000;10715.000000;0.000000;1059.282349
917.000000;10531.000000;8547.000000;0.000000;300559.000000;10715.000000;0.000000;1060.433105
918.000000;10531.000000;7198.000000;0.000000;543201.000000;10715.000000;0.000000;1061.589355
919.000000;10531.000000;6503.000000;0.000000;414010.000000;10715.000000;0.000000;1062.748413
920.000000;10531.000000;8291.000000;0.000000;453437.000000;10715.000000;0.000000;1063.926270
921.000000;10531.000000;7828.000000;0.000000;436443.000000;10715.000000;0.000000;1065.125610
922.000000;10531.000000;7414.000000;0.000000;234089.000000;10715.000000;0.000000;1066.283325
923.000000;10531.000000;6887.000000;0.000000;460933.000000;10715.000000;0.000000;1067.439209
924.000000;10531.000000;8239.000000;0.000000;293409.000000;10715.000000;0.000000;1068.594849
925.000000;10531.000000;6842.000000;0.000000;413539.000000;10715.000000;0.000000;1069.747314
926.000000;10531.000000;6808.000000;0.000000;441674.000000;10715.000000;0.000000;1070.965454
927.000000;10531.000000;7163.000000;0.000000;532395.000000;10715.000000;0.000000;1072.121460
928.000000;10531.000000;6456.000000;0.000000;411261.000000;10715.000000;0.000000;1073.278320
929.000000;10531.000000;6975.000000;0.000000;466480.000000;10715.000000;0.000000;1074.462280
930.000000;10531.000000;6519.000000;0.000000;416416.000000;10715.000000;0.000000;1075.616211
931.000000;10531.000000;8618.000000;0.000000;361028.000000;10715.000000;0.000000;1076.777100
932.000000;10531.000000;6431.000000;0.000000;468756.000000;10715.000000;0.000000;1077.937744
933.000000;10531.000000;7330.000000;0.000000;625352.000000;10715.000000;0.000000;1079.103516
934.000000;10531.000000;7431.000000;0.000000;552668.000000;10715.000000;0.000000;1080.270874
935.000000;10531.000000;6696.000000;0.000000;477514.000000;10715.000000;0.000000;1081.427124
936.000000;10531.000000;7548.000000;0.000000;422196.000000;10715.000000;0.000000;1082.596558
937.000000;10531.000000;7482.000000;0.000000;465496.000000;10715.000000;0.000000;1083.759766
938.000000;10531.000000;7268.000000;0.000000;478920.000000;10715.000000;0.000000;1084.951782
939.000000;10531.000000;8415.000000;0.000000;322866.000000;10715.000000;0.000000;1086.117432
940.000000;10531.000000;7811.000000;0.000000;416629.000000;10715.000000;0.000000;1087.281250
941.000000;10531.000000;8157.000000;0.000000;396669.000000;10715.000000;0.000000;1088.446289
942.000000;10531.000000;6752.000000;0.000000;443793.000000;10715.000000;0.000000;1089.614990
943.000000;10531.000000;7200.000000;0.000000;440723.000000;10715.000000;0.000000;1090.777954
944.000000;10531.000000;7647.000000;0.000000;482729.000000;10715.000000;0.000000;1091.940552
945.000000;10531.000000;6813.000000;0.000000;384715.000000;10715.000000;0.000000;1093.100098
946.000000;10531.000000;6987.000000;0.000000;458953.000000;10715.000000;0.000000;1094.286377
947.000000;10531.000000;8149.000000;0.000000;310912.000000;10715.000000;0.000000;1095.454468
948.000000;10531.000000;7250.000000;0.000000;434144.000000;10715.000000;0.000000;1096.619141
949.000000;10531.000000;7121.000000;0.000000;531569.000000;10715.000000;0.000000;1097.788818
950.000000;10531.000000;7292.000000;0.000000;347539.000000;10715.000000;0.000000;1098.955566
951.000000;10531.000000;8536.000000;0.000000;451270.000000;10715.000000;0.000000;1100.117554
952.000000;10531.000000;7214.000000;0.000000;461100.000000;10715.000000;0.000000;1101.282227
953.000000;10531.000000;8027.000000;0.000000;503429.000000;10715.000000;0.000000;1102.446655
954.000000;10531.000000;7274.000000;0.000000;500526.000000;10715.000000;0.000000;1103.608887
955.000000;10531.000000;7990.000000;0.000000;506848.000000;10715.000000;0.000000;1104.805420
956.000000;10531.000000;7421.000000;0.000000;451906.000000;10715.000000;0.000000;1105.967773
957.000000;10531.000000;7172.000000;0.000000;392316.000000;10715.000000;0.000000;1107.139526
958.000000;10531.000000;6928.000000;0.000000;430692.000000;10715.000000;0.000000;1108.320679
959.000000;10531.000000;7086.000000;0.000000;473185.000000;10715.000000;0.000000;1109.501587
960.000000;10531.000000;6868.000000;0.000000;474141.000000;10715.000000;0.000000;1110.679565
961.000000;10531.000000;7504.000000;0.000000;423649.000000;10715.000000;0.000000;1111.859497
962.000000;10531.000000;7088.000000;0.000000;417277.000000;10715.000000;0.000000;1113.033081
963.000000;10531.000000;8976.000000;0.000000;436585.000000;10715.000000;0.000000;1114.224976
964.000000;10531.000000;7926.000000;0.000000;581327.000000;10715.000000;0.000000;1115.410156
965.000000;10531.000000;9160.000000;0.000000;391766.000000;10715.000000;0.000000;1116.591919
966.000000;10531.000000;6564.000000;0.000000;403415.000000;10715.000000;0.000000;1117.765747
967.000000;10531.000000;6666.000000;0.000000;442629.000000;10715.000000;0.000000;1118.939209
968.000000;10531.000000;8667.000000;0.000000;362873.000000;10715.000000;0.000000;1120.115356
969.000000;10531.000000;6603.000000;0.000000;429791.000000;10715.000000;0.000000;1121.289917
970.000000;10531.000000;7172.000000;0.000000;521105.000000;10715.000000;0.000000;1122.463745
971.000000;10531.000000;6866.000000;0.000000;434472.000000;10715.000000;0.000000;1123.639160
972.000000;10531.000000;7186.000000;0.000000;361540.000000;10715.000000;0.000000;1124.916138
973.000000;10531.000000;8561.000000;0.000000;423495.000000;10715.000000;0.000000;1126.097778
974.000000;10531.000000;8709.000000;0.000000;327460.000000;10715.000000;0.000000;1127.274048
975.000000;10531.000000;6983.000000;0.000000;470207.000000;10715.000000;0.000000;1128.443604
976.000000;10531.000000;8278.000000;0.000000;426297.000000;10715.000000;0.000000;1129.612183
977.000000;10531.000000;7248.000000;0.000000;519513.000000;10715.000000;0.000000;1130.781982
978.000000;10531.000000;7761.000000;0.000000;441282.000000;10715.000000;0.000000;1131.953857
979.000000;10531.000000;8379.000000;0.000000;441032.000000;10715.000000;0.000000;1133.125122
980.000000;10531.000000;6352.000000;0.000000;420171.000000;10715.000000;0.000000;1134.303589
981.000000;10531.000000;7017.000000;0.000000;477975.000000;10715.000000;0.000000;1135.510254
982.000000;10531.000000;6978.000000;0.000000;410067.000000;10715.000000;0.000000;1136.688232
983.000000;10531.000000;7847.000000;0.000000;339537.000000;10715.000000;0.000000;1137.873169
984.000000;10531.000000;7529.000000;0.000000;417421.000000;10715.000000;0.000000;1139.051514
985.000000;10531.000000;7087.000000;0.000000;285451.000000;10715.000000;0.000000;1140.234009
986.000000;10531.000000;7608.000000;0.000000;498934.000000;10715.000000;0.000000;1141.413452
987.000000;10531.000000;7286.000000;0.000000;412414.000000;10715.000000;0.000000;1142.592407
988.000000;10531.000000;6679.000000;0.000000;603210.000000;10715.000000;0.000000;1143.773438
989.000000;10531.000000;6818.000000;0.000000;524885.000000;10715.000000;0.000000;1144.983521
990.000000;10531.000000;6804.000000;0.000000;362842.000000;10715.000000;0.000000;1146.163696
991.000000;10531.000000;8562.000000;0.000000;349334.000000;10715.000000;0.000000;1147.345703
992.000000;10531.000000;7250.000000;0.000000;475896.000000;10715.000000;0.000000;1148.517700
993.000000;10531.000000;7741.000000;0.000000;380737.000000;10715.000000;0.000000;1149.688721
994.000000;10531.000000;7309.000000;0.000000;488610.000000;10715.000000;0.000000;1150.860718
995.000000;10531.000000;7605.000000;0.000000;426619.000000;10715.000000;0.000000;1152.031250
996.000000;10531.000000;6749.000000;0.000000;442476.000000;10715.000000;0.000000;1153.207397
997.000000;10531.000000;7818.000000;0.000000;427212.000000;10715.000000;0.000000;1154.386475
998.000000;10531.000000;7800.000000;0.000000;363470.000000;10715.000000;0.000000;1155.588745
999.000000;10531.000000;9285.000000;0.000000;348111.000000;10715.000000;0.000000;1156.767334
1000.000000;10531.000000;7693.000000;0.000000;438272.000000;10715.000000;0.000000;1157.954224
1001.000000;10531.000000;7304.000000;0.000000;515010.000000;10715.000000;0.000000;1159.142822
1002.000000;10531.000000;8001.000000;0.000000;438873.000000;10715.000000;0.000000;1160.317749
1003.000000;10531.000000;7395.000000;0.000000;539030.000000;10715.000000;0.000000;1161.489014
1004.000000;10531.000000;7407.000000;0.000000;466948.000000;10715.000000;0.000000;1162.665527
1005.000000;10531.000000;7947.000000;0.000000;397340.000000;10715.000000;0.000000;1163.869507
1006.000000;10531.000000;6761.000000;0.000000;444429.000000;10715.000000;0.000000;1165.099365
1007.000000;10531.000000;7319.000000;0.000000;415799.000000;10715.000000;0.000000;1166.275146
1008.000000;10531.000000;8038.000000;0.000000;543396.000000;10715.000000;0.000000;1167.435547
1009.000000;10531.000000;7569.000000;0.000000;353488.000000;10715.000000;0.000000;1168.603638
1010.000000;10531.000000;8109.000000;0.000000;443611.000000;10715.000000;0.000000;1169.771606
1011.000000;10531.000000;7407.000000;0.000000;497173.000000;10715.000000;0.000000;1170.944214
1012.000000;10531.000000;6609.000000;0.000000;481992.000000;10715.000000;0.000000;1172.104248
1013.000000;10531.000000;6939.000000;0.000000;535056.000000;10715.000000;0.000000;1173.264771
1014.000000;10531.000000;7639.000000;0.000000;409767.000000;10715.000000;0.000000;1174.420166
1015.000000;10531.000000;8636.000000;0.000000;549270.000000;10715.000000;0.000000;1175.605347
1016.000000;10531.000000;7732.000000;0.000000;445295.000000;10715.000000;0.000000;1176.776611
1017.000000;10531.000000;7784.000000;0.000000;400910.000000;10715.000000;0.000000;1177.939453
1018.000000;10531.000000;8371.000000;0.000000;370330.000000;10715.000000;0.000000;1179.099243
1019.000000;10531.000000;7193.000000;0.000000;396577.000000;10715.000000;0.000000;1180.258667
1020.000000;10531.000000;7013.000000;0.000000;414729.000000;10715.000000;0.000000;1181.416992
1021.000000;10531.000000;6620.000000;0.000000;470994.000000;10715.000000;0.000000;1182.584839
1022.000000;10531.000000;8533.000000;0.000000;367252.000000;10715.000000;0.000000;1183.747070
1023.000000;10531.000000;7783.000000;0.000000;468586.000000;10715.000000;0.000000;1184.969727
1024.000000;10531.000000;7632.000000;0.000000;425676.000000;10715.000000;0.000000;1186.148804
1025.000000;10531.000000;7197.000000;0.000000;534092.000000;10715.000000;0.000000;1187.316040
1026.000000;10531.000000;6931.000000;0.000000;477220.000000;10715.000000;0.000000;1188.471680
1027.000000;10531.000000;7074.000000;0.000000;554616.000000;10715.000000;0.000000;1189.636108
1028.000000;10531.000000;8364.000000;0.000000;370498.000000;10715.000000;0.000000;1190.797852
1029.000000;10531.000000;7438.000000;0.000000;514615.000000;10715.000000;0.000000;1191.957886
1030.000000;10531.000000;7333.000000;0.000000;416549.000000;10715.000000;0.000000;1193.117920
1031.000000;10531.000000;7230.000000;0.000000;441859.000000;10715.000000;0.000000;1194.285034
1032.000000;10531.000000;8139.000000;0.000000;508821.000000;10715.000000;0.000000;1195.481567
1033.000000;10531.000000;7628.000000;0.000000;438669.000000;10715.000000;0.000000;1196.646240
1034.000000;10531.000000;7589.000000;0.000000;411088.000000;10715.000000;0.000000;1197.811646
1035.000000;10531.000000;7493.000000;0.000000;428720.000000;10715.000000;0.000000;1198.977173
1036.000000;10531.000000;8289.000000;0.000000;560960.000000;10715.000000;0.000000;1200.232666
1037.000000;10531.000000;7308.000000;0.000000;408009.000000;10715.000000;0.000000;1201.405518
1038.000000;10531.000000;8383.000000;0.000000;496772.000000;10715.000000;0.000000;1202.578125
1039.000000;10531.000000;7224.000000;0.000000;424841.000000;10715.000000;0.000000;1203.916504
1040.000000;10531.000000;7711.000000;0.000000;435595.000000;10715.000000;0.000000;1205.150513
1041.000000;10531.000000;7504.000000;0.000000;550548.000000;10715.000000;0.000000;1206.333862
1042.000000;10531.000000;7286.000000;0.000000;354561.000000;10715.000000;0.000000;1207.508667
1043.000000;10531.000000;7231.000000;0.000000;501776.000000;10715.000000;0.000000;1208.682251
1044.000000;10531.000000;7619.000000;0.000000;428118.000000;10715.000000;0.000000;1209.851196
1045.000000;10531.000000;7123.000000;0.000000;391512.000000;10715.000000;0.000000;1211.014893
1046.000000;10531.000000;7751.000000;0.000000;514471.000000;10715.000000;0.000000;1212.171753
1047.000000;10531.000000;7055.000000;0.000000;509741.000000;10715.000000;0.000000;1213.345703
1048.000000;10531.000000;7656.000000;0.000000;303898.000000;10715.000000;0.000000;1214.519531
1049.000000;10531.000000;7679.000000;0.000000;366918.000000;10715.000000;0.000000;1215.720581
1050.000000;10531.000000;7577.000000;0.000000;502151.000000;10715.000000;0.000000;1216.886475
1051.000000;10531.000000;7484.000000;0.000000;367119.000000;10715.000000;0.000000;1218.055298
1052.000000;10531.000000;7516.000000;0.000000;457313.000000;10715.000000;0.000000;1219.251221
1053.000000;10531.000000;6904.000000;0.000000;426778.000000;10715.000000;0.000000;1220.416870
1054.000000;10531.000000;8054.000000;0.000000;461212.000000;10715.000000;0.000000;1221.582031
1055.000000;10531.000000;6471.000000;0.000000;521779.000000;10715.000000;0.000000;1222.749634
1056.000000;10531.000000;8585.000000;0.000000;386998.000000;10715.000000;0.000000;1223.918457
1057.000000;10531.000000;7291.000000;0.000000;444696.000000;10715.000000;0.000000;1225.120850
1058.000000;10531.000000;9218.000000;0.000000;311968.000000;10715.000000;0.000000;1226.299438
1059.000000;10531.000000;7878.000000;0.000000;419282.000000;10715.000000;0.000000;1227.476807
1060.000000;10531.000000;8310.000000;0.000000;301103.000000;10715.000000;0.000000;1228.676514
1061.000000;10531.000000;7197.000000;0.000000;421903.000000;10715.000000;0.000000;1229.862061
1062.000000;10531.000000;6970.000000;0.000000;537365.000000;10715.000000;0.000000;1231.044067
1063.000000;10531.000000;7490.000000;0.000000;421213.000000;10715.000000;0.000000;1232.224976
1064.000000;10531.000000;7619.000000;0.000000;325819.000000;10715.000000;0.000000;1233.400757
1065.000000;10531.000000;9604.000000;0.000000;403953.000000;10715.000000;0.000000;1234.739746
1066.000000;10531.000000;8401.000000;0.000000;536411.000000;10715.000000;0.000000;1235.965210
1067.000000;10531.000000;7838.000000;0.000000;347384.000000;10715.000000;0.000000;1237.155273
1068.000000;10531.000000;6772.000000;0.000000;521793.000000;10715.000000;0.000000;1238.342773
1069.000000;10531.000000;7775.000000;0.000000;520697.000000;10715.000000;0.000000;1239.526978
1070.000000;10531.000000;6873.000000;0.000000;477487.000000;10715.000000;0.000000;1240.707031
1071.000000;10531.000000;6950.000000;0.000000;382154.000000;10715.000000;0.000000;1241.882812
1072.000000;10531.000000;6795.000000;0.000000;390546.000000;10715.000000;0.000000;1243.060425
1073.000000;10531.000000;8356.000000;0.000000;363586.000000;10715.000000;0.000000;1244.365723
1074.000000;10531.000000;8137.000000;0.000000;450608.000000;10715.000000;0.000000;1245.579346
1075.000000;10531.000000;6040.000000;0.000000;423808.000000;10715.000000;0.000000;1246.759888
1076.000000;10531.000000;7134.000000;0.000000;418921.000000;10715.000000;0.000000;1247.937134
1077.000000;10531.000000;7670.000000;0.000000;368401.000000;10715.000000;0.000000;1249.118652
1078.000000;10531.000000;6994.000000;0.000000;386916.000000;10715.000000;0.000000;1250.295166
1079.000000;10531.000000;8304.000000;0.000000;416785.000000;10715.000000;0.000000;1251.473755
1080.000000;10531.000000;7546.000000;0.000000;460443.000000;10715.000000;0.000000;1252.650391
1081.000000;10531.000000;8674.000000;0.000000;355004.000000;10715.000000;0.000000;1253.827515
1082.000000;10531.000000;8433.000000;0.000000;437969.000000;10715.000000;0.000000;1255.007446
1083.000000;10531.000000;7116.000000;0.000000;430224.000000;10715.000000;0.000000;1256.212036
1084.000000;10531.000000;6923.000000;0.000000;438032.000000;10715.000000;0.000000;1257.373291
1085.000000;10531.000000;6980.000000;0.000000;479759.000000;10715.000000;0.000000;1258.530884
1086.000000;10531.000000;8962.000000;0.000000;396121.000000;10715.000000;0.000000;1259.685303
1087.000000;10531.000000;7299.000000;0.000000;428118.000000;10715.000000;0.000000;1260.847412
1088.000000;10531.000000;8692.000000;0.000000;454589.000000;10715.000000;0.000000;1262.006592
1089.000000;10531.000000;8498.000000;0.000000;524838.000000;10715.000000;0.000000;1263.162720
1090.000000;10531.000000;7881.000000;0.000000;445317.000000;10715.000000;0.000000;1264.319336
1091.000000;10531.000000;7977.000000;0.000000;426321.000000;10715.000000;0.000000;1265.502319
1092.000000;10531.000000;7186.000000;0.000000;479193.000000;10715.000000;0.000000;1266.673462
1093.000000;10531.000000;6964.000000;0.000000;525963.000000;10715.000000;0.000000;1267.830811
1094.000000;10531.000000;7540.000000;0.000000;455254.000000;10715.000000;0.000000;1268.987061
1095.000000;10531.000000;7127.000000;0.000000;503415.000000;10715.000000;0.000000;1270.144897
1096.000000;10531.000000;8250.000000;0.000000;479538.000000;10715.000000;0.000000;1271.308472
1097.000000;10531.000000;7513.000000;0.000000;450027.000000;10715.000000;0.000000;1272.472534
1098.000000;10531.000000;7847.000000;0.000000;439846.000000;10715.000000;0.000000;1273.629639
1099.000000;10531.000000;8091.000000;0.000000;496090.000000;10715.000000;0.000000;1274.784912
1100.000000;10531.000000;8483.000000;0.000000;399798.000000;10715.000000;0.000000;1275.969971
1101.000000;10531.000000;7551.000000;0.000000;468778.000000;10715.000000;0.000000;1277.130493
1102.000000;10531.000000;8269.000000;0.000000;430957.000000;10715.000000;0.000000;1278.287964
1103.000000;10531.000000;8551.000000;0.000000;414968.000000;10715.000000;0.000000;1279.522461
1104.000000;10531.000000;7520.000000;0.000000;499503.000000;10715.000000;0.000000;1280.683716
1105.000000;10531.000000;7470.000000;0.000000;523827.000000;10715.000000;0.000000;1281.841797
1106.000000;10531.000000;7068.000000;0.000000;481225.000000;10715.000000;0.000000;1283.041260
1107.000000;10531.000000;7207.000000;0.000000;446612.000000;10715.000000;0.000000;1284.197388
1108.000000;10531.000000;7103.000000;0.000000;539151.000000;10715.000000;0.000000;1285.371704
1109.000000;10531.000000;6860.000000;0.000000;309898.000000;10715.000000;0.000000;1286.542603
1110.000000;10531.000000;8600.000000;0.000000;444330.000000;10715.000000;0.000000;1287.704102
1111.000000;10531.000000;8080.000000;0.000000;412228.000000;10715.000000;0.000000;1288.875122
1112.000000;10531.000000;8251.000000;0.000000;507048.000000;10715.000000;0.000000;1290.034424
1113.000000;10531.000000;8890.000000;0.000000;365430.000000;10715.000000;0.000000;1291.210815
1114.000000;10531.000000;8730.000000;0.000000;377961.000000;10715.000000;0.000000;1292.433594
1115.000000;10531.000000;7382.000000;0.000000;459776.000000;10715.000000;0.000000;1293.618652
1116.000000;10531.000000;7666.000000;0.000000;355459.000000;10715.000000;0.000000;1294.781738
1117.000000;10531.000000;8143.000000;0.000000;548062.000000;10715.000000;0.000000;1295.968872
1118.000000;10531.000000;9422.000000;0.000000;439688.000000;10715.000000;0.000000;1297.141846
1119.000000;10531.000000;7646.000000;0.000000;416694.000000;10715.000000;0.000000;1298.395386
1120.000000;10531.000000;8279.000000;0.000000;353754.000000;10715.000000;0.000000;1299.574097
1121.000000;10531.000000;8911.000000;0.000000;523789.000000;10715.000000;0.000000;1300.763794
1122.000000;10531.000000;6872.000000;0.000000;501544.000000;10715.000000;0.000000;1301.939087
1123.000000;10531.000000;8159.000000;0.000000;531613.000000;10715.000000;0.000000;1303.123291
1124.000000;10531.000000;7419.000000;0.000000;550998.000000;10715.000000;0.000000;1304.327148
1125.000000;10531.000000;8118.000000;0.000000;442717.000000;10715.000000;0.000000;1305.758301
1126.000000;10531.000000;6541.000000;0.000000;491181.000000;10715.000000;0.000000;1306.942383
1127.000000;10531.000000;7846.000000;0.000000;445539.000000;10715.000000;0.000000;1308.115234
1128.000000;10531.000000;7897.000000;0.000000;405745.000000;10715.000000;0.000000;1309.291382
1129.000000;10531.000000;7928.000000;0.000000;434523.000000;10715.000000;0.000000;1310.457153
1130.000000;10531.000000;8339.000000;0.000000;489384.000000;10715.000000;0.000000;1311.625732
1131.000000;10531.000000;7110.000000;0.000000;493841.000000;10715.000000;0.000000;1312.799561
1132.000000;10531.000000;7375.000000;0.000000;455904.000000;10715.000000;0.000000;1313.970581
1133.000000;10531.000000;7564.000000;0.000000;428184.000000;10715.000000;0.000000;1315.140747
1134.000000;10531.000000;7956.000000;0.000000;425854.000000;10715.000000;0.000000;1316.343994
1135.000000;10531.000000;7198.000000;0.000000;528381.000000;10715.000000;0.000000;1317.524170
1136.000000;10531.000000;6947.000000;0.000000;472496.000000;10715.000000;0.000000;1318.704712
1137.000000;10531.000000;7258.000000;0.000000;491982.000000;10715.000000;0.000000;1319.886597
1138.000000;10531.000000;7644.000000;0.000000;442360.000000;10715.000000;0.000000;1321.061157
1139.000000;10531.000000;7416.000000;0.000000;449806.000000;10715.000000;0.000000;1322.243530
1140.000000;10531.000000;7937.000000;0.000000;472900.000000;10715.000000;0.000000;1323.428955
1141.000000;10531.000000;9284.000000;0.000000;501264.000000;10715.000000;0.000000;1324.632935
1142.000000;10531.000000;8343.000000;0.000000;390379.000000;10715.000000;0.000000;1325.834595
1143.000000;10531.000000;7576.000000;0.000000;499482.000000;10715.000000;0.000000;1327.025391
1144.000000;10531.000000;7178.000000;0.000000;297074.000000;10715.000000;0.000000;1328.208496
1145.000000;10531.000000;7311.000000;0.000000;399685.000000;10715.000000;0.000000;1329.388794
1146.000000;10531.000000;7183.000000;0.000000;374295.000000;10715.000000;0.000000;1330.633301
1147.000000;10531.000000;7549.000000;0.000000;446400.000000;10715.000000;0.000000;1331.816406
1148.000000;10531.000000;7212.000000;0.000000;435849.000000;10715.000000;0.000000;1332.998413
1149.000000;10531.000000;7146.000000;0.000000;462236.000000;10715.000000;0.000000;1334.179932
1150.000000;10531.000000;7099.000000;0.000000;451297.000000;10715.000000;0.000000;1335.355713
1151.000000;10531.000000;7802.000000;0.000000;495412.000000;10715.000000;0.000000;1336.565552
1152.000000;10531.000000;7556.000000;0.000000;395262.000000;10715.000000;0.000000;1337.774292
1153.000000;10531.000000;7514.000000;0.000000;457659.000000;10715.000000;0.000000;1339.472778
1154.000000;10531.000000;6204.000000;0.000000;496122.000000;10715.000000;0.000000;1340.671875
1155.000000;10531.000000;7022.000000;0.000000;601703.000000;10715.000000;0.000000;1341.854004
1156.000000;10531.000000;7882.000000;0.000000;462416.000000;10715.000000;0.000000;1343.032837
1157.000000;10531.000000;7706.000000;0.000000;442243.000000;10715.000000;0.000000;1344.212769
1158.000000;10531.000000;6518.000000;0.000000;482486.000000;10715.000000;0.000000;1345.389160
1159.000000;10531.000000;8646.000000;0.000000;420509.000000;10715.000000;0.000000;1346.606323
1160.000000;10531.000000;7669.000000;0.000000;412206.000000;10715.000000;0.000000;1347.793579
1161.000000;10531.000000;8380.000000;0.000000;459428.000000;10715.000000;0.000000;1348.998047
1162.000000;10531.000000;6847.000000;0.000000;421118.000000;10715.000000;0.000000;1350.191284
1163.000000;10531.000000;7185.000000;0.000000;505733.000000;10715.000000;0.000000;1351.373901
1164.000000;10531.000000;6740.000000;0.000000;526730.000000;10715.000000;0.000000;1352.566040
1165.000000;10531.000000;8739.000000;0.000000;445783.000000;10715.000000;0.000000;1353.751099
1166.000000;10531.000000;7110.000000;0.000000;475701.000000;10715.000000;0.000000;1354.936646
1167.000000;10531.000000;7789.000000;0.000000;495958.000000;10715.000000;0.000000;1356.156982
1168.000000;10531.000000;6898.000000;0.000000;451066.000000;10715.000000;0.000000;1357.352295
1169.000000;10531.000000;6486.000000;0.000000;484481.000000;10715.000000;0.000000;1358.541382
1170.000000;10531.000000;6709.000000;0.000000;546743.000000;10715.000000;0.000000;1359.734253
1171.000000;10531.000000;6391.000000;0.000000;363327.000000;10715.000000;0.000000;1360.917114
1172.000000;10531.000000;7011.000000;0.000000;470758.000000;10715.000000;0.000000;1362.264282
1173.000000;10531.000000;6832.000000;0.000000;525342.000000;10715.000000;0.000000;1363.619385
1174.000000;10531.000000;6962.000000;0.000000;502711.000000;10715.000000;0.000000;1364.891113
1175.000000;10531.000000;8835.000000;0.000000;452962.000000;10715.000000;0.000000;1366.107422
1176.000000;10531.000000;6276.000000;0.000000;367668.000000;10715.000000;0.000000;1367.296387
1177.000000;10531.000000;7610.000000;0.000000;486964.000000;10715.000000;0.000000;1368.496216
1178.000000;10531.000000;7243.000000;0.000000;518408.000000;10715.000000;0.000000;1369.677124
1179.000000;10531.000000;8977.000000;0.000000;368778.000000;10715.000000;0.000000;1370.864868
1180.000000;10531.000000;8029.000000;0.000000;371636.000000;10715.000000;0.000000;1372.144775
1181.000000;10531.000000;7042.000000;0.000000;459696.000000;10715.000000;0.000000;1373.442383
1182.000000;10531.000000;8443.000000;0.000000;431067.000000;10715.000000;0.000000;1374.636719
1183.000000;10531.000000;8357.000000;0.000000;326842.000000;10715.000000;0.000000;1375.818726
1184.000000;10531.000000;6576.000000;0.000000;411783.000000;10715.000000;0.000000;1377.026855
1185.000000;10531.000000;8170.000000;0.000000;441841.000000;10715.000000;0.000000;1378.201172
1186.000000;10531.000000;7269.000000;0.000000;480219.000000;10715.000000;0.000000;1379.371460
1187.000000;10531.000000;7387.000000;0.000000;458963.000000;10715.000000;0.000000;1380.535522
1188.000000;10531.000000;8353.000000;0.000000;397347.000000;10715.000000;0.000000;1381.699707
1189.000000;10531.000000;7149.000000;0.000000;349815.000000;10715.000000;0.000000;1382.869629
1190.000000;10531.000000;6742.000000;0.000000;495288.000000;10715.000000;0.000000;1384.037720
1191.000000;10531.000000;8975.000000;0.000000;393648.000000;10715.000000;0.000000;1385.208496
1192.000000;10531.000000;7815.000000;0.000000;427702.000000;10715.000000;0.000000;1386.448853
1193.000000;10531.000000;7778.000000;0.000000;466833.000000;10715.000000;0.000000;1387.623169
1194.000000;10531.000000;7271.000000;0.000000;428241.000000;10715.000000;0.000000;1388.790649
1195.000000;10531.000000;7245.000000;0.000000;386390.000000;10715.000000;0.000000;1389.960693
1196.000000;10531.000000;7379.000000;0.000000;407924.000000;10715.000000;0.000000;1391.131470
1197.000000;10531.000000;7665.000000;0.000000;397183.000000;10715.000000;0.000000;1392.300781
1198.000000;10531.000000;8591.000000;0.000000;389293.000000;10715.000000;0.000000;1393.474121
1199.000000;10531.000000;8403.000000;0.000000;416987.000000;10715.000000;0.000000;1394.645508
1200.000000;10531.000000;8022.000000;0.000000;394680.000000;10715.000000;0.000000;1395.813599
1201.000000;10531.000000;8531.000000;0.000000;410578.000000;10715.000000;0.000000;1397.016113
1202.000000;10531.000000;7821.000000;0.000000;493250.000000;10715.000000;0.000000;1398.200073
1203.000000;10531.000000;7524.000000;0.000000;436803.000000;10715.000000;0.000000;1399.371582
1204.000000;10531.000000;7379.000000;0.000000;356830.000000;10715.000000;0.000000;1400.538696
1205.000000;10531.000000;8274.000000;0.000000;407711.000000;10715.000000;0.000000;1401.708618
1206.000000;10531.000000;6828.000000;0.000000;529343.000000;10715.000000;0.000000;1402.879028
1207.000000;10531.000000;6707.000000;0.000000;434627.000000;10715.000000;0.000000;1404.049194
1208.000000;10531.000000;6537.000000;0.000000;453159.000000;10715.000000;0.000000;1405.221924
1209.000000;10531.000000;8190.000000;0.000000;537241.000000;10715.000000;0.000000;1406.416748
1210.000000;10531.000000;6196.000000;0.000000;406787.000000;10715.000000;0.000000;1407.575562
1211.000000;10531.000000;7799.000000;0.000000;580825.000000;10715.000000;0.000000;1408.750732
1212.000000;10531.000000;7924.000000;0.000000;431069.000000;10715.000000;0.000000;1409.906494
1213.000000;10531.000000;9519.000000;0.000000;361305.000000;10715.000000;0.000000;1411.060059
1214.000000;10531.000000;7781.000000;0.000000;441649.000000;10715.000000;0.000000;1412.208130
1215.000000;10531.000000;8155.000000;0.000000;524085.000000;10715.000000;0.000000;1413.375732
1216.000000;10531.000000;7914.000000;0.000000;522361.000000;10715.000000;0.000000;1414.530518
1217.000000;10531.000000;8999.000000;0.000000;396657.000000;10715.000000;0.000000;1415.872681
1218.000000;10531.000000;7850.000000;0.000000;421387.000000;10715.000000;0.000000;1417.232544
1219.000000;10531.000000;7746.000000;0.000000;426135.000000;10715.000000;0.000000;1418.535156
1220.000000;10531.000000;6917.000000;0.000000;497085.000000;10715.000000;0.000000;1419.825562
1221.000000;10531.000000;8644.000000;0.000000;384710.000000;10715.000000;0.000000;1421.132568
1222.000000;10531.000000;7048.000000;0.000000;454673.000000;10715.000000;0.000000;1422.423462
1223.000000;10531.000000;7607.000000;0.000000;413955.000000;10715.000000;0.000000;1423.714355
1224.000000;10531.000000;8316.000000;0.000000;380176.000000;10715.000000;0.000000;1425.026855
1225.000000;10531.000000;7219.000000;0.000000;436632.000000;10715.000000;0.000000;1426.378784
1226.000000;10531.000000;6992.000000;0.000000;420007.000000;10715.000000;0.000000;1427.689941
1227.000000;10531.000000;7385.000000;0.000000;445304.000000;10715.000000;0.000000;1428.988525
1228.000000;10531.000000;8351.000000;0.000000;536846.000000;10715.000000;0.000000;1430.289673
1229.000000;10531.000000;6794.000000;0.000000;424666.000000;10715.000000;0.000000;1431.589966
1230.000000;10531.000000;7037.000000;0.000000;498379.000000;10715.000000;0.000000;1432.796021
1231.000000;10531.000000;7619.000000;0.000000;453891.000000;10715.000000;0.000000;1433.944336
1232.000000;10531.000000;6998.000000;0.000000;395776.000000;10715.000000;0.000000;1435.094482
1233.000000;10531.000000;8541.000000;0.000000;405907.000000;10715.000000;0.000000;1436.247314
1234.000000;10531.000000;8327.000000;0.000000;534370.000000;10715.000000;0.000000;1437.433105
1235.000000;10531.000000;7449.000000;0.000000;386134.000000;10715.000000;0.000000;1438.596680
1236.000000;10531.000000;6767.000000;0.000000;504154.000000;10715.000000;0.000000;1439.751099
1237.000000;10531.000000;7995.000000;0.000000;417972.000000;10715.000000;0.000000;1440.914551
1238.000000;10531.000000;7748.000000;0.000000;361081.000000;10715.000000;0.000000;1442.073853
1239.000000;10531.000000;7637.000000;0.000000;485895.000000;10715.000000;0.000000;1443.232056
1240.000000;10531.000000;7143.000000;0.000000;300491.000000;10715.000000;0.000000;1444.400513
1241.000000;10531.000000;6947.000000;0.000000;453957.000000;10715.000000;0.000000;1445.567383
1242.000000;10531.000000;6663.000000;0.000000;557314.000000;10715.000000;0.000000;1446.767700
1243.000000;10531.000000;6957.000000;0.000000;390979.000000;10715.000000;0.000000;1447.932373
1244.000000;10531.000000;7053.000000;0.000000;513646.000000;10715.000000;0.000000;1449.094727
1245.000000;10531.000000;7474.000000;0.000000;494314.000000;10715.000000;0.000000;1450.260864
1246.000000;10531.000000;8793.000000;0.000000;539248.000000;10715.000000;0.000000;1451.424683
1247.000000;10531.000000;7624.000000;0.000000;473815.000000;10715.000000;0.000000;1452.594604
1248.000000;10531.000000;8181.000000;0.000000;287454.000000;10715.000000;0.000000;1453.758423
1249.000000;10531.000000;7406.000000;0.000000;462452.000000;10715.000000;0.000000;1454.916992
1250.000000;10531.000000;8445.000000;0.000000;386152.000000;10715.000000;0.000000;1456.080078
1251.000000;10531.000000;8610.000000;0.000000;468843.000000;10715.000000;0.000000;1457.271240
1252.000000;10531.000000;8627.000000;0.000000;401587.000000;10715.000000;0.000000;1458.448730
1253.000000;10531.000000;7267.000000;0.000000;453801.000000;10715.000000;0.000000;1459.612671
1254.000000;10531.000000;6370.000000;0.000000;327204.000000;10715.000000;0.000000;1460.831665
1255.000000;10531.000000;9518.000000;0.000000;423342.000000;10715.000000;0.000000;1461.996582
1256.000000;10531.000000;8073.000000;0.000000;459311.000000;10715.000000;0.000000;1463.156738
1257.000000;10531.000000;8487.000000;0.000000;318960.000000;10715.000000;0.000000;1464.317505
1258.000000;10531.000000;7811.000000;0.000000;375599.000000;10715.000000;0.000000;1465.481812
1259.000000;10531.000000;6900.000000;0.000000;494566.000000;10715.000000;0.000000;1466.679443
1260.000000;10531.000000;7011.000000;0.000000;470737.000000;10715.000000;0.000000;1467.857666
1261.000000;10531.000000;8082.000000;0.000000;374487.000000;10715.000000;0.000000;1469.046753
1262.000000;10531.000000;7625.000000;0.000000;471126.000000;10715.000000;0.000000;1470.224731
1263.000000;10531.000000;7692.000000;0.000000;429864.000000;10715.000000;0.000000;1471.399292
1264.000000;10531.000000;7818.000000;0.000000;445419.000000;10715.000000;0.000000;1472.567993
1265.000000;10531.000000;7375.000000;0.000000;396903.000000;10715.000000;0.000000;1473.734863
1266.000000;10531.000000;6837.000000;0.000000;452010.000000;10715.000000;0.000000;1474.901367
1267.000000;10531.000000;7485.000000;0.000000;324574.000000;10715.000000;0.000000;1476.065796
1268.000000;10531.000000;7618.000000;0.000000;393056.000000;10715.000000;0.000000;1477.269287
1269.000000;10531.000000;6824.000000;0.000000;434272.000000;10715.000000;0.000000;1478.441772
1270.000000;10531.000000;6766.000000;0.000000;478290.000000;10715.000000;0.000000;1479.610840
1271.000000;10531.000000;7815.000000;0.000000;517710.000000;10715.000000;0.000000;1480.781860
1272.000000;10531.000000;7443.000000;0.000000;372856.000000;10715.000000;0.000000;1481.953735
1273.000000;10531.000000;8333.000000;0.000000;464604.000000;10715.000000;0.000000;1483.125854
1274.000000;10531.000000;9449.000000;0.000000;352975.000000;10715.000000;0.000000;1484.380371
1275.000000;10531.000000;6585.000000;0.000000;550073.000000;10715.000000;0.000000;1485.550781
1276.000000;10531.000000;6172.000000;0.000000;364829.000000;10715.000000;0.000000;1486.740601
1277.000000;10531.000000;8828.000000;0.000000;319967.000000;10715.000000;0.000000;1487.918335
1278.000000;10531.000000;8081.000000;0.000000;448293.000000;10715.000000;0.000000;1489.087524
1279.000000;10531.000000;7290.000000;0.000000;468281.000000;10715.000000;0.000000;1490.251465
1280.000000;10531.000000;7340.000000;0.000000;489514.000000;10715.000000;0.000000;1491.417480
1281.000000;10531.000000;7110.000000;0.000000;365689.000000;10715.000000;0.000000;1492.591309
1282.000000;10531.000000;7356.000000;0.000000;487062.000000;10715.000000;0.000000;1493.763062
1283.000000;10531.000000;7885.000000;0.000000;541559.000000;10715.000000;0.000000;1494.935547
1284.000000;10531.000000;7296.000000;0.000000;372312.000000;10715.000000;0.000000;1496.106445
1285.000000;10531.000000;8323.000000;0.000000;455260.000000;10715.000000;0.000000;1497.318115
1286.000000;10531.000000;7199.000000;0.000000;437978.000000;10715.000000;0.000000;1498.496948
1287.000000;10531.000000;7662.000000;0.000000;392221.000000;10715.000000;0.000000;1499.677490
1288.000000;10531.000000;8184.000000;0.000000;303443.000000;10715.000000;0.000000;1500.856689
1289.000000;10531.000000;8173.000000;0.000000;554975.000000;10715.000000;0.000000;1502.034180
1290.000000;10531.000000;8261.000000;0.000000;400744.000000;10715.000000;0.000000;1503.222168
1291.000000;10531.000000;8521.000000;0.000000;374170.000000;10715.000000;0.000000;1504.419556
1292.000000;10531.000000;7686.000000;0.000000;507807.000000;10715.000000;0.000000;1505.597534
1293.000000;10531.000000;8640.000000;0.000000;533127.000000;10715.000000;0.000000;1506.792725
1294.000000;10531.000000;7358.000000;0.000000;396256.000000;10715.000000;0.000000;1507.990601
1295.000000;10531.000000;8076.000000;0.000000;529814.000000;10715.000000;0.000000;1509.164795
1296.000000;10531.000000;6554.000000;0.000000;510563.000000;10715.000000;0.000000;1510.353271
1297.000000;10531.000000;6964.000000;0.000000;445341.000000;10715.000000;0.000000;1511.533936
1298.000000;10531.000000;6725.000000;0.000000;434399.000000;10715.000000;0.000000;1512.715942
1299.000000;10531.000000;8429.000000;0.000000;362129.000000;10715.000000;0.000000;1513.892090
1300.000000;10531.000000;7403.000000;0.000000;447449.000000;10715.000000;0.000000;1515.068726
1301.000000;10531.000000;8192.000000;0.000000;624441.000000;10715.000000;0.000000;1516.255981
1302.000000;10531.000000;6797.000000;0.000000;375477.000000;10715.000000;0.000000;1517.468994
1303.000000;10531.000000;7206.000000;0.000000;529919.000000;10715.000000;0.000000;1518.651978
1304.000000;10531.000000;8600.000000;0.000000;271082.000000;10715.000000;0.000000;1519.837646
1305.000000;10531.000000;7784.000000;0.000000;428372.000000;10715.000000;0.000000;1521.010742
1306.000000;10531.000000;8029.000000;0.000000;324132.000000;10715.000000;0.000000;1522.189453
1307.000000;10531.000000;7264.000000;0.000000;447306.000000;10715.000000;0.000000;1523.368408
1308.000000;10531.000000;8839.000000;0.000000;451638.000000;10715.000000;0.000000;1524.545654
1309.000000;10531.000000;8339.000000;0.000000;562759.000000;10715.000000;0.000000;1525.720459
1310.000000;10531.000000;8625.000000;0.000000;417723.000000;10715.000000;0.000000;1526.914917
1311.000000;10531.000000;7790.000000;0.000000;424915.000000;10715.000000;0.000000;1528.119141
1312.000000;10531.000000;9980.000000;0.000000;448887.000000;10715.000000;0.000000;1529.314941
1313.000000;10531.000000;7880.000000;0.000000;438329.000000;10715.000000;0.000000;1530.627197
1314.000000;10531.000000;7723.000000;0.000000;377936.000000;10715.000000;0.000000;1531.820435
1315.000000;10531.000000;7024.000000;0.000000;389102.000000;10715.000000;0.000000;1533.011597
1316.000000;10531.000000;8479.000000;0.000000;439482.000000;10715.000000;0.000000;1534.199829
1317.000000;10531.000000;6793.000000;0.000000;495053.000000;10715.000000;0.000000;1535.385620
1318.000000;10531.000000;7569.000000;0.000000;542236.000000;10715.000000;0.000000;1536.578857
1319.000000;10531.000000;6864.000000;0.000000;498775.000000;10715.000000;0.000000;1537.807007
1320.000000;10531.000000;7822.000000;0.000000;377817.000000;10715.000000;0.000000;1539.000610
1321.000000;10531.000000;8941.000000;0.000000;310264.000000;10715.000000;0.000000;1540.195923
1322.000000;10531.000000;7769.000000;0.000000;469465.000000;10715.000000;0.000000;1541.390991
1323.000000;10531.000000;7752.000000;0.000000;527457.000000;10715.000000;0.000000;1542.580933
1324.000000;10531.000000;7933.000000;0.000000;491396.000000;10715.000000;0.000000;1543.906860
1325.000000;10531.000000;7407.000000;0.000000;422354.000000;10715.000000;0.000000;1545.163086
1326.000000;10531.000000;7028.000000;0.000000;418447.000000;10715.000000;0.000000;1546.353760
1327.000000;10531.000000;8067.000000;0.000000;500637.000000;10715.000000;0.000000;1547.567383
1328.000000;10531.000000;6979.000000;0.000000;497941.000000;10715.000000;0.000000;1548.753296
1329.000000;10531.000000;7477.000000;0.000000;459464.000000;10715.000000;0.000000;1549.940308
1330.000000;10531.000000;6500.000000;0.000000;527814.000000;10715.000000;0.000000;1551.130493
1331.000000;10531.000000;8185.000000;0.000000;330795.000000;10715.000000;0.000000;1552.320923
1332.000000;10531.000000;8224.000000;0.000000;432677.000000;10715.000000;0.000000;1553.512329
1333.000000;10531.000000;7245.000000;0.000000;397911.000000;10715.000000;0.000000;1554.701538
1334.000000;10531.000000;8145.000000;0.000000;407705.000000;10715.000000;0.000000;1555.887573
1335.000000;10531.000000;8354.000000;0.000000;419034.000000;10715.000000;0.000000;1557.101074
1336.000000;10531.000000;8068.000000;0.000000;406986.000000;10715.000000;0.000000;1558.322876
1337.000000;10531.000000;7662.000000;0.000000;490274.000000;10715.000000;0.000000;1559.521729
1338.000000;10531.000000;7165.000000;0.000000;394547.000000;10715.000000;0.000000;1560.719849
1339.000000;10531.000000;8257.000000;0.000000;424454.000000;10715.000000;0.000000;1561.922485
1340.000000;10531.000000;7394.000000;0.000000;416863.000000;10715.000000;0.000000;1563.119995
1341.000000;10531.000000;7994.000000;0.000000;538834.000000;10715.000000;0.000000;1564.323975
1342.000000;10531.000000;6717.000000;0.000000;379463.000000;10715.000000;0.000000;1565.530518
1343.000000;10531.000000;7161.000000;0.000000;375460.000000;10715.000000;0.000000;1566.735596
1344.000000;10531.000000;6792.000000;0.000000;411989.000000;10715.000000;0.000000;1567.965576
1345.000000;10531.000000;8479.000000;0.000000;462002.000000;10715.000000;0.000000;1569.165527
1346.000000;10531.000000;7320.000000;0.000000;346945.000000;10715.000000;0.000000;1570.369019
1347.000000;10531.000000;8495.000000;0.000000;488490.000000;10715.000000;0.000000;1571.569580
1348.000000;10531.000000;8861.000000;0.000000;423197.000000;10715.000000;0.000000;1572.772095
1349.000000;10531.000000;10030.000000;0.000000;343854.000000;10715.000000;0.000000;1573.978271
1350.000000;10531.000000;7500.000000;0.000000;496536.000000;10715.000000;0.000000;1575.180786
1351.000000;10531.000000;7388.000000;0.000000;420442.000000;10715.000000;0.000000;1576.393066
1352.000000;10531.000000;7910.000000;0.000000;466849.000000;10715.000000;0.000000;1578.441528
1353.000000;10531.000000;7664.000000;0.000000;423749.000000;10715.000000;0.000000;1580.413330
1354.000000;10531.000000;7674.000000;0.000000;421054.000000;10715.000000;0.000000;1581.952148
1355.000000;10531.000000;7093.000000;0.000000;424826.000000;10715.000000;0.000000;1583.459229
1356.000000;10531.000000;7887.000000;0.000000;362236.000000;10715.000000;0.000000;1585.689331
1357.000000;10531.000000;6742.000000;0.000000;497459.000000;10715.000000;0.000000;1587.518799
1358.000000;10531.000000;8117.000000;0.000000;422994.000000;10715.000000;0.000000;1589.025391
1359.000000;10531.000000;7356.000000;0.000000;380978.000000;10715.000000;0.000000;1590.677856
1360.000000;10531.000000;7683.000000;0.000000;412779.000000;10715.000000;0.000000;1592.361572
1361.000000;10531.000000;8174.000000;0.000000;424965.000000;10715.000000;0.000000;1593.911133
1362.000000;10531.000000;8563.000000;0.000000;402503.000000;10715.000000;0.000000;1595.755981
1363.000000;10531.000000;7598.000000;0.000000;411457.000000;10715.000000;0.000000;1597.297485
1364.000000;10531.000000;7994.000000;0.000000;527963.000000;10715.000000;0.000000;1598.747070
1365.000000;10531.000000;7569.000000;0.000000;387801.000000;10715.000000;0.000000;1600.202026
1366.000000;10531.000000;6639.000000;0.000000;400992.000000;10715.000000;0.000000;1601.691284
1367.000000;10531.000000;6683.000000;0.000000;431390.000000;10715.000000;0.000000;1603.239014
1368.000000;10531.000000;7995.000000;0.000000;528893.000000;10715.000000;0.000000;1604.628906
1369.000000;10531.000000;6430.000000;0.000000;373602.000000;10715.000000;0.000000;1605.982666
1370.000000;10531.000000;7773.000000;0.000000;435382.000000;10715.000000;0.000000;1607.370483
1371.000000;10531.000000;7092.000000;0.000000;442757.000000;10715.000000;0.000000;1608.743530
1372.000000;10531.000000;8273.000000;0.000000;472322.000000;10715.000000;0.000000;1610.101196
1373.000000;10531.000000;7951.000000;0.000000;651087.000000;10715.000000;0.000000;1611.588623
1374.000000;10531.000000;7865.000000;0.000000;448431.000000;10715.000000;0.000000;1613.116455
1375.000000;10531.000000;7345.000000;0.000000;487165.000000;10715.000000;0.000000;1614.469116
1376.000000;10531.000000;7356.000000;0.000000;429528.000000;10715.000000;0.000000;1615.869141
1377.000000;10531.000000;8166.000000;0.000000;442944.000000;10715.000000;0.000000;1617.232910
1378.000000;10531.000000;7537.000000;0.000000;386774.000000;10715.000000;0.000000;1618.588989
1379.000000;10531.000000;7142.000000;0.000000;582408.000000;10715.000000;0.000000;1619.927368
1380.000000;10531.000000;7173.000000;0.000000;429383.000000;10715.000000;0.000000;1621.260620
1381.000000;10531.000000;8590.000000;0.000000;445768.000000;10715.000000;0.000000;1622.589111
1382.000000;10531.000000;7360.000000;0.000000;481583.000000;10715.000000;0.000000;1623.908936
1383.000000;10531.000000;7661.000000;0.000000;454098.000000;10715.000000;0.000000;1625.233765
1384.000000;10531.000000;7564.000000;0.000000;388541.000000;10715.000000;0.000000;1626.571167
1385.000000;10531.000000;6599.000000;0.000000;474236.000000;10715.000000;0.000000;1627.912598
1386.000000;10531.000000;7984.000000;0.000000;501294.000000;10715.000000;0.000000;1629.245972
1387.000000;10531.000000;7286.000000;0.000000;473278.000000;10715.000000;0.000000;1630.587402
1388.000000;10531.000000;6926.000000;0.000000;484212.000000;10715.000000;0.000000;1631.913574
1389.000000;10531.000000;7605.000000;0.000000;445845.000000;10715.000000;0.000000;1633.237305
1390.000000;10531.000000;6641.000000;0.000000;476285.000000;10715.000000;0.000000;1634.560425
1391.000000;10531.000000;6867.000000;0.000000;341908.000000;10715.000000;0.000000;1635.869141
1392.000000;10531.000000;8893.000000;0.000000;300516.000000;10715.000000;0.000000;1637.195068
1393.000000;10531.000000;7721.000000;0.000000;336150.000000;10715.000000;0.000000;1638.555664
1394.000000;10531.000000;8460.000000;0.000000;485488.000000;10715.000000;0.000000;1639.887573
1395.000000;10531.000000;8568.000000;0.000000;373891.000000;10715.000000;0.000000;1641.220215
1396.000000;10531.000000;7257.000000;0.000000;434216.000000;10715.000000;0.000000;1642.547363
1397.000000;10531.000000;9027.000000;0.000000;413938.000000;10715.000000;0.000000;1643.876343
1398.000000;10531.000000;7677.000000;0.000000;510203.000000;10715.000000;0.000000;1645.197998
1399.000000;10531.000000;7181.000000;0.000000;478749.000000;10715.000000;0.000000;1646.518921
1400.000000;10531.000000;8397.000000;0.000000;427712.000000;10715.000000;0.000000;1647.834351
1401.000000;10531.000000;7048.000000;0.000000;326117.000000;10715.000000;0.000000;1649.155640
1402.000000;10531.000000;7392.000000;0.000000;320932.000000;10715.000000;0.000000;1650.473145
1403.000000;10531.000000;8259.000000;0.000000;385541.000000;10715.000000;0.000000;1651.786499
1404.000000;10531.000000;7535.000000;0.000000;479386.000000;10715.000000;0.000000;1653.101074
1405.000000;10531.000000;8264.000000;0.000000;394252.000000;10715.000000;0.000000;1654.414551
1406.000000;10531.000000;7103.000000;0.000000;373904.000000;10715.000000;0.000000;1655.725220
1407.000000;10531.000000;8075.000000;0.000000;355800.000000;10715.000000;0.000000;1657.038940
1408.000000;10531.000000;7905.000000;0.000000;461903.000000;10715.000000;0.000000;1658.369751
1409.000000;10531.000000;7658.000000;0.000000;351572.000000;10715.000000;0.000000;1659.675537
1410.000000;10531.000000;9395.000000;0.000000;420025.000000;10715.000000;0.000000;1660.982422
1411.000000;10531.000000;7056.000000;0.000000;412995.000000;10715.000000;0.000000;1662.277100
1412.000000;10531.000000;9163.000000;0.000000;507401.000000;10715.000000;0.000000;1663.583984
1413.000000;10531.000000;7803.000000;0.000000;423239.000000;10715.000000;0.000000;1664.911621
1414.000000;10531.000000;6765.000000;0.000000;424724.000000;10715.000000;0.000000;1666.220459
1415.000000;10531.000000;7736.000000;0.000000;454924.000000;10715.000000;0.000000;1667.523682
1416.000000;10531.000000;7400.000000;0.000000;413293.000000;10715.000000;0.000000;1668.853271
1417.000000;10531.000000;7683.000000;0.000000;485737.000000;10715.000000;0.000000;1670.160889
1418.000000;10531.000000;8323.000000;0.000000;354198.000000;10715.000000;0.000000;1671.467285
1419.000000;10531.000000;9204.000000;0.000000;377296.000000;10715.000000;0.000000;1672.770752
1420.000000;10531.000000;7004.000000;0.000000;407258.000000;10715.000000;0.000000;1674.072998
1421.000000;10531.000000;7832.000000;0.000000;484938.000000;10715.000000;0.000000;1675.384521
1422.000000;10531.000000;7423.000000;0.000000;480563.000000;10715.000000;0.000000;1676.695679
1423.000000;10531.000000;8061.000000;0.000000;441182.000000;10715.000000;0.000000;1678.022949
1424.000000;10531.000000;7838.000000;0.000000;331289.000000;10715.000000;0.000000;1679.348633
1425.000000;10531.000000;7997.000000;0.000000;369141.000000;10715.000000;0.000000;1680.661499
1426.000000;10531.000000;8943.000000;0.000000;388023.000000;10715.000000;0.000000;1681.976929
1427.000000;10531.000000;6755.000000;0.000000;392435.000000;10715.000000;0.000000;1683.294556
1428.000000;10531.000000;7261.000000;0.000000;422413.000000;10715.000000;0.000000;1684.612427
1429.000000;10531.000000;6906.000000;0.000000;403584.000000;10715.000000;0.000000;1685.937256
1430.000000;10531.000000;8214.000000;0.000000;444582.000000;10715.000000;0.000000;1687.260742
1431.000000;10531.000000;5924.000000;0.000000;470860.000000;10715.000000;0.000000;1688.597534
1432.000000;10531.000000;7600.000000;0.000000;447859.000000;10715.000000;0.000000;1689.923462
1433.000000;10531.000000;8765.000000;0.000000;327139.000000;10715.000000;0.000000;1691.237671
1434.000000;10531.000000;7736.000000;0.000000;467155.000000;10715.000000;0.000000;1692.560425
1435.000000;10531.000000;7864.000000;0.000000;439189.000000;10715.000000;0.000000;1693.883301
1436.000000;10531.000000;7368.000000;0.000000;537222.000000;10715.000000;0.000000;1695.206543
1437.000000;10531.000000;6859.000000;0.000000;656722.000000;10715.000000;0.000000;1696.526123
1438.000000;10531.000000;8569.000000;0.000000;454745.000000;10715.000000;0.000000;1697.834229
1439.000000;10531.000000;8226.000000;0.000000;437931.000000;10715.000000;0.000000;1699.166016
1440.000000;10531.000000;6598.000000;0.000000;393693.000000;10715.000000;0.000000;1700.481934
1441.000000;10531.000000;6822.000000;0.000000;546347.000000;10715.000000;0.000000;1701.800903
1442.000000;10531.000000;7212.000000;0.000000;417712.000000;10715.000000;0.000000;1703.119141
1443.000000;10531.000000;7159.000000;0.000000;442317.000000;10715.000000;0.000000;1704.434082
1444.000000;10531.000000;5994.000000;0.000000;578618.000000;10715.000000;0.000000;1705.752441
1445.000000;10531.000000;8208.000000;0.000000;452789.000000;10715.000000;0.000000;1707.074707
1446.000000;10531.000000;7616.000000;0.000000;420549.000000;10715.000000;0.000000;1708.420288
1447.000000;10531.000000;11395.000000;0.000000;409921.000000;10715.000000;0.000000;1709.767090
1448.000000;10531.000000;6888.000000;0.000000;432578.000000;10715.000000;0.000000;1711.127686
1449.000000;10531.000000;8923.000000;0.000000;398180.000000;10715.000000;0.000000;1712.455078
1450.000000;10531.000000;7867.000000;0.000000;492483.000000;10715.000000;0.000000;1713.776855
1451.000000;10531.000000;6885.000000;0.000000;412572.000000;10715.000000;0.000000;1715.109619
1452.000000;10531.000000;8570.000000;0.000000;429021.000000;10715.000000;0.000000;1716.446533
1453.000000;10531.000000;6423.000000;0.000000;475576.000000;10715.000000;0.000000;1717.786987
1454.000000;10531.000000;7611.000000;0.000000;483436.000000;10715.000000;0.000000;1719.136108
1455.000000;10531.000000;7163.000000;0.000000;442284.000000;10715.000000;0.000000;1720.470337
1456.000000;10531.000000;9376.000000;0.000000;536299.000000;10715.000000;0.000000;1721.809204
1457.000000;10531.000000;8580.000000;0.000000;386664.000000;10715.000000;0.000000;1723.141724
1458.000000;10531.000000;7851.000000;0.000000;397187.000000;10715.000000;0.000000;1724.500854
1459.000000;10531.000000;8003.000000;0.000000;498746.000000;10715.000000;0.000000;1725.834839
1460.000000;10531.000000;7112.000000;0.000000;539495.000000;10715.000000;0.000000;1727.167236
1461.000000;10531.000000;7793.000000;0.000000;355205.000000;10715.000000;0.000000;1728.589111
1462.000000;10531.000000;6469.000000;0.000000;532144.000000;10715.000000;0.000000;1729.950684
1463.000000;10531.000000;8869.000000;0.000000;414678.000000;10715.000000;0.000000;1731.332520
1464.000000;10531.000000;7497.000000;0.000000;360229.000000;10715.000000;0.000000;1732.696655
1465.000000;10531.000000;7767.000000;0.000000;421964.000000;10715.000000;0.000000;1734.038574
1466.000000;10531.000000;7368.000000;0.000000;548844.000000;10715.000000;0.000000;1735.381836
1467.000000;10531.000000;6906.000000;0.000000;390091.000000;10715.000000;0.000000;1736.717163
1468.000000;10531.000000;6525.000000;0.000000;543842.000000;10715.000000;0.000000;1738.066895
1469.000000;10531.000000;7591.000000;0.000000;532842.000000;10715.000000;0.000000;1739.429688
1470.000000;10531.000000;7822.000000;0.000000;365667.000000;10715.000000;0.000000;1740.779297
1471.000000;10531.000000;9588.000000;0.000000;342650.000000;10715.000000;0.000000;1742.136841
1472.000000;10531.000000;7223.000000;0.000000;452398.000000;10715.000000;0.000000;1743.484863
1473.000000;10531.000000;7884.000000;0.000000;472484.000000;10715.000000;0.000000;1744.836914
1474.000000;10531.000000;7389.000000;0.000000;412371.000000;10715.000000;0.000000;1746.181763
1475.000000;10531.000000;7419.000000;0.000000;440864.000000;10715.000000;0.000000;1747.535156
1476.000000;10531.000000;7608.000000;0.000000;400323.000000;10715.000000;0.000000;1748.901489
1477.000000;10531.000000;7098.000000;0.000000;393649.000000;10715.000000;0.000000;1750.259644
1478.000000;10531.000000;6836.000000;0.000000;462930.000000;10715.000000;0.000000;1751.607422
1479.000000;10531.000000;8363.000000;0.000000;426169.000000;10715.000000;0.000000;1752.959595
1480.000000;10531.000000;6544.000000;0.000000;560772.000000;10715.000000;0.000000;1754.317139
1481.000000;10531.000000;7189.000000;0.000000;501621.000000;10715.000000;0.000000;1755.730957
1482.000000;10531.000000;7993.000000;0.000000;518091.000000;10715.000000;0.000000;1757.090698
1483.000000;10531.000000;7361.000000;0.000000;568585.000000;10715.000000;0.000000;1758.453247
1484.000000;10531.000000;7076.000000;0.000000;403560.000000;10715.000000;0.000000;1759.807373
1485.000000;10531.000000;7795.000000;0.000000;381383.000000;10715.000000;0.000000;1761.158813
1486.000000;10531.000000;8093.000000;0.000000;451333.000000;10715.000000;0.000000;1762.505371
1487.000000;10531.000000;6923.000000;0.000000;429112.000000;10715.000000;0.000000;1763.836548
1488.000000;10531.000000;7834.000000;0.000000;408689.000000;10715.000000;0.000000;1765.181274
1489.000000;10531.000000;7032.000000;0.000000;480006.000000;10715.000000;0.000000;1766.526611
1490.000000;10531.000000;6595.000000;0.000000;506799.000000;10715.000000;0.000000;1767.881592
1491.000000;10531.000000;8195.000000;0.000000;469347.000000;10715.000000;0.000000;1769.263062
1492.000000;10531.000000;7513.000000;0.000000;489884.000000;10715.000000;0.000000;1770.687012
1493.000000;10531.000000;8880.000000;0.000000;512875.000000;10715.000000;0.000000;1772.082764
1494.000000;10531.000000;6742.000000;0.000000;427088.000000;10715.000000;0.000000;1773.456299
1495.000000;10531.000000;7781.000000;0.000000;515232.000000;10715.000000;0.000000;1774.854980
1496.000000;10531.000000;7342.000000;0.000000;465037.000000;10715.000000;0.000000;1776.350708
1497.000000;10531.000000;7600.000000;0.000000;372093.000000;10715.000000;0.000000;1777.765747
1498.000000;10531.000000;9495.000000;0.000000;313615.000000;10715.000000;0.000000;1779.136841
1499.000000;10531.000000;7360.000000;0.000000;508366.000000;10715.000000;0.000000;1780.502441
1500.000000;10531.000000;7269.000000;0.000000;465445.000000;10715.000000;0.000000;1781.960205
1501.000000;10531.000000;5761.000000;0.000000;459521.000000;10715.000000;0.000000;1783.338623
1502.000000;10531.000000;7705.000000;0.000000;488598.000000;10715.000000;0.000000;1784.953003
1503.000000;10531.000000;6928.000000;0.000000;628227.000000;10715.000000;0.000000;1786.483154
1504.000000;10531.000000;7335.000000;0.000000;340569.000000;10715.000000;0.000000;1788.000610
1505.000000;10531.000000;6938.000000;0.000000;500448.000000;10715.000000;0.000000;1789.441650
1506.000000;10531.000000;7732.000000;0.000000;470051.000000;10715.000000;0.000000;1790.946533
1507.000000;10531.000000;7549.000000;0.000000;302611.000000;10715.000000;0.000000;1792.353760
1508.000000;10531.000000;7744.000000;0.000000;461657.000000;10715.000000;0.000000;1793.748169
1509.000000;10531.000000;7353.000000;0.000000;402393.000000;10715.000000;0.000000;1795.252563
1510.000000;10531.000000;7112.000000;0.000000;507238.000000;10715.000000;0.000000;1796.669067
1511.000000;10531.000000;8571.000000;0.000000;407593.000000;10715.000000;0.000000;1798.131958
1512.000000;10531.000000;8702.000000;0.000000;391730.000000;10715.000000;0.000000;1799.530762
1513.000000;10531.000000;7042.000000;0.000000;367136.000000;10715.000000;0.000000;1800.899048
1514.000000;10531.000000;7065.000000;0.000000;415609.000000;10715.000000;0.000000;1802.267090
1515.000000;10531.000000;8240.000000;0.000000;530699.000000;10715.000000;0.000000;1803.633057
1516.000000;10531.000000;7958.000000;0.000000;420786.000000;10715.000000;0.000000;1805.001343
1517.000000;10531.000000;6990.000000;0.000000;497584.000000;10715.000000;0.000000;1806.367188
1518.000000;10531.000000;7883.000000;0.000000;391098.000000;10715.000000;0.000000;1807.734009
1519.000000;10531.000000;7595.000000;0.000000;598231.000000;10715.000000;0.000000;1809.097046
1520.000000;10531.000000;7727.000000;0.000000;571274.000000;10715.000000;0.000000;1810.462036
1521.000000;10531.000000;7252.000000;0.000000;400343.000000;10715.000000;0.000000;1811.892944
1522.000000;10531.000000;7754.000000;0.000000;323835.000000;10715.000000;0.000000;1813.261108
1523.000000;10531.000000;7756.000000;0.000000;419336.000000;10715.000000;0.000000;1814.624634
1524.000000;10531.000000;8652.000000;0.000000;408696.000000;10715.000000;0.000000;1815.991577
1525.000000;10531.000000;8243.000000;0.000000;490450.000000;10715.000000;0.000000;1817.341431
1526.000000;10531.000000;9297.000000;0.000000;396501.000000;10715.000000;0.000000;1818.728516
1527.000000;10531.000000;7181.000000;0.000000;474465.000000;10715.000000;0.000000;1820.106079
1528.000000;10531.000000;7210.000000;0.000000;404546.000000;10715.000000;0.000000;1821.473633
1529.000000;10531.000000;7999.000000;0.000000;413458.000000;10715.000000;0.000000;1822.842041
1530.000000;10531.000000;7048.000000;0.000000;384056.000000;10715.000000;0.000000;1824.217651
1531.000000;10531.000000;7631.000000;0.000000;433257.000000;10715.000000;0.000000;1825.596924
1532.000000;10531.000000;6860.000000;0.000000;516301.000000;10715.000000;0.000000;1826.975464
1533.000000;10531.000000;7808.000000;0.000000;365583.000000;10715.000000;0.000000;1828.359009
1534.000000;10531.000000;6549.000000;0.000000;417591.000000;10715.000000;0.000000;1829.764160
1535.000000;10531.000000;7972.000000;0.000000;382781.000000;10715.000000;0.000000;1831.146484
1536.000000;10531.000000;7364.000000;0.000000;471191.000000;10715.000000;0.000000;1832.534546
1537.000000;10531.000000;8456.000000;0.000000;440303.000000;10715.000000;0.000000;1833.920654
1538.000000;10531.000000;8050.000000;0.000000;398547.000000;10715.000000;0.000000;1835.306030
1539.000000;10531.000000;7351.000000;0.000000;558109.000000;10715.000000;0.000000;1836.691406
1540.000000;10531.000000;8440.000000;0.000000;514116.000000;10715.000000;0.000000;1838.081177
1541.000000;10531.000000;7368.000000;0.000000;485803.000000;10715.000000;0.000000;1839.541016
1542.000000;10531.000000;7138.000000;0.000000;498043.000000;10715.000000;0.000000;1840.994873
1543.000000;10531.000000;8714.000000;0.000000;639909.000000;10715.000000;0.000000;1842.373169
1544.000000;10531.000000;7492.000000;0.000000;508834.000000;10715.000000;0.000000;1843.797974
1545.000000;10531.000000;7166.000000;0.000000;486269.000000;10715.000000;0.000000;1845.223511
1546.000000;10531.000000;10069.000000;0.000000;406999.000000;10715.000000;0.000000;1846.615479
1547.000000;10531.000000;7698.000000;0.000000;422487.000000;10715.000000;0.000000;1848.008667
1548.000000;10531.000000;8015.000000;0.000000;529491.000000;10715.000000;0.000000;1849.420776
1549.000000;10531.000000;6989.000000;0.000000;578490.000000;10715.000000;0.000000;1850.814819
1550.000000;10531.000000;7394.000000;0.000000;366785.000000;10715.000000;0.000000;1852.199585
1551.000000;10531.000000;7791.000000;0.000000;396028.000000;10715.000000;0.000000;1853.584106
1552.000000;10531.000000;7774.000000;0.000000;531137.000000;10715.000000;0.000000;1854.967773
1553.000000;10531.000000;6701.000000;0.000000;446880.000000;10715.000000;0.000000;1856.356201
1554.000000;10531.000000;8016.000000;0.000000;624984.000000;10715.000000;0.000000;1857.759521
1555.000000;10531.000000;7761.000000;0.000000;459025.000000;10715.000000;0.000000;1859.175537
1556.000000;10531.000000;6198.000000;0.000000;415301.000000;10715.000000;0.000000;1860.584717
1557.000000;10531.000000;6721.000000;0.000000;473002.000000;10715.000000;0.000000;1862.000244
1558.000000;10531.000000;9021.000000;0.000000;406595.000000;10715.000000;0.000000;1863.394531
1559.000000;10531.000000;7781.000000;0.000000;530892.000000;10715.000000;0.000000;1864.801880
1560.000000;10531.000000;8503.000000;0.000000;441387.000000;10715.000000;0.000000;1866.197754
1561.000000;10531.000000;7865.000000;0.000000;349133.000000;10715.000000;0.000000;1867.657593
1562.000000;10531.000000;8518.000000;0.000000;443269.000000;10715.000000;0.000000;1869.071289
1563.000000;10531.000000;7398.000000;0.000000;418917.000000;10715.000000;0.000000;1870.473877
1564.000000;10531.000000;7465.000000;0.000000;462709.000000;10715.000000;0.000000;1871.857178
1565.000000;10531.000000;6563.000000;0.000000;512370.000000;10715.000000;0.000000;1873.251709
1566.000000;10531.000000;6672.000000;0.000000;442769.000000;10715.000000;0.000000;1874.648926
1567.000000;10531.000000;7185.000000;0.000000;416918.000000;10715.000000;0.000000;1876.039917
1568.000000;10531.000000;7269.000000;0.000000;349534.000000;10715.000000;0.000000;1877.432373
1569.000000;10531.000000;7526.000000;0.000000;546563.000000;10715.000000;0.000000;1878.832886
1570.000000;10531.000000;8099.000000;0.000000;408686.000000;10715.000000;0.000000;1880.244263
1571.000000;10531.000000;7444.000000;0.000000;547198.000000;10715.000000;0.000000;1881.636108
1572.000000;10531.000000;7017.000000;0.000000;369445.000000;10715.000000;0.000000;1883.031860
1573.000000;10531.000000;7940.000000;0.000000;337584.000000;10715.000000;0.000000;1884.422485
1574.000000;10531.000000;7878.000000;0.000000;496597.000000;10715.000000;0.000000;1885.847778
1575.000000;10531.000000;7771.000000;0.000000;518570.000000;10715.000000;0.000000;1887.219727
1576.000000;10531.000000;7930.000000;0.000000;470025.000000;10715.000000;0.000000;1888.589600
1577.000000;10531.000000;8142.000000;0.000000;537517.000000;10715.000000;0.000000;1889.973999
1578.000000;10531.000000;7811.000000;0.000000;475835.000000;10715.000000;0.000000;1891.355713
1579.000000;10531.000000;7035.000000;0.000000;466342.000000;10715.000000;0.000000;1892.764526
1580.000000;10531.000000;8236.000000;0.000000;382148.000000;10715.000000;0.000000;1894.137817
1581.000000;10531.000000;7062.000000;0.000000;534367.000000;10715.000000;0.000000;1895.635620
1582.000000;10531.000000;7030.000000;0.000000;508178.000000;10715.000000;0.000000;1897.059692
1583.000000;10531.000000;7393.000000;0.000000;480698.000000;10715.000000;0.000000;1898.428955
1584.000000;10531.000000;7786.000000;0.000000;456014.000000;10715.000000;0.000000;1899.813477
1585.000000;10531.000000;7366.000000;0.000000;385742.000000;10715.000000;0.000000;1901.181763
1586.000000;10531.000000;8128.000000;0.000000;450026.000000;10715.000000;0.000000;1902.547485
1587.000000;10531.000000;7884.000000;0.000000;321704.000000;10715.000000;0.000000;1903.897949
1588.000000;10531.000000;7087.000000;0.000000;360611.000000;10715.000000;0.000000;1905.294067
1589.000000;10531.000000;7594.000000;0.000000;437855.000000;10715.000000;0.000000;1906.665039
1590.000000;10531.000000;7481.000000;0.000000;498980.000000;10715.000000;0.000000;1908.023315
1591.000000;10531.000000;7056.000000;0.000000;532607.000000;10715.000000;0.000000;1909.401367
1592.000000;10531.000000;8159.000000;0.000000;416204.000000;10715.000000;0.000000;1910.770996
1593.000000;10531.000000;6960.000000;0.000000;421193.000000;10715.000000;0.000000;1912.147583
1594.000000;10531.000000;6849.000000;0.000000;522286.000000;10715.000000;0.000000;1913.515137
1595.000000;10531.000000;7744.000000;0.000000;525104.000000;10715.000000;0.000000;1914.877075
1596.000000;10531.000000;7309.000000;0.000000;425126.000000;10715.000000;0.000000;1916.228271
1597.000000;10531.000000;6239.000000;0.000000;428202.000000;10715.000000;0.000000;1917.580566
1598.000000;10531.000000;8349.000000;0.000000;455549.000000;10715.000000;0.000000;1918.924194
1599.000000;10531.000000;9292.000000;0.000000;316579.000000;10715.000000;0.000000;1920.286743
1600.000000;10531.000000;7141.000000;0.000000;398223.000000;10715.000000;0.000000;1921.630249
1601.000000;10531.000000;8583.000000;0.000000;337034.000000;10715.000000;0.000000;1923.032471
1602.000000;10531.000000;7150.000000;0.000000;390602.000000;10715.000000;0.000000;1924.383423
1603.000000;10531.000000;6886.000000;0.000000;441210.000000;10715.000000;0.000000;1925.728638
1604.000000;10531.000000;8497.000000;0.000000;461826.000000;10715.000000;0.000000;1927.071167
1605.000000;10531.000000;7760.000000;0.000000;468107.000000;10715.000000;0.000000;1928.407837
1606.000000;10531.000000;7105.000000;0.000000;334316.000000;10715.000000;0.000000;1929.763672
1607.000000;10531.000000;7327.000000;0.000000;466336.000000;10715.000000;0.000000;1931.104492
1608.000000;10531.000000;6822.000000;0.000000;396942.000000;10715.000000;0.000000;1932.447388
1609.000000;10531.000000;6848.000000;0.000000;390629.000000;10715.000000;0.000000;1933.791016
1610.000000;10531.000000;8753.000000;0.000000;306948.000000;10715.000000;0.000000;1935.135254
1611.000000;10531.000000;8095.000000;0.000000;515792.000000;10715.000000;0.000000;1936.479370
1612.000000;10531.000000;6644.000000;0.000000;517689.000000;10715.000000;0.000000;1937.825439
1613.000000;10531.000000;7098.000000;0.000000;440569.000000;10715.000000;0.000000;1939.174438
1614.000000;10531.000000;8299.000000;0.000000;418403.000000;10715.000000;0.000000;1940.531860
1615.000000;10531.000000;7721.000000;0.000000;483562.000000;10715.000000;0.000000;1941.870239
1616.000000;10531.000000;7936.000000;0.000000;513970.000000;10715.000000;0.000000;1943.206665
1617.000000;10531.000000;7428.000000;0.000000;461674.000000;10715.000000;0.000000;1944.547241
1618.000000;10531.000000;6845.000000;0.000000;440955.000000;10715.000000;0.000000;1945.876831
1619.000000;10531.000000;7310.000000;0.000000;424155.000000;10715.000000;0.000000;1947.228027
1620.000000;10531.000000;8761.000000;0.000000;438382.000000;10715.000000;0.000000;1948.581177
1621.000000;10531.000000;7661.000000;0.000000;502482.000000;10715.000000;0.000000;1950.017456
1622.000000;10531.000000;7796.000000;0.000000;267625.000000;10715.000000;0.000000;1951.378296
1623.000000;10531.000000;6808.000000;0.000000;495299.000000;10715.000000;0.000000;1952.727051
1624.000000;10531.000000;7973.000000;0.000000;361560.000000;10715.000000;0.000000;1954.082520
1625.000000;10531.000000;8233.000000;0.000000;466123.000000;10715.000000;0.000000;1955.434326
1626.000000;10531.000000;8038.000000;0.000000;603345.000000;10715.000000;0.000000;1956.792603
1627.000000;10531.000000;8630.000000;0.000000;336679.000000;10715.000000;0.000000;1958.146362
1628.000000;10531.000000;7754.000000;0.000000;347711.000000;10715.000000;0.000000;1959.494019
1629.000000;10531.000000;7636.000000;0.000000;404648.000000;10715.000000;0.000000;1960.860596
1630.000000;10531.000000;7193.000000;0.000000;579847.000000;10715.000000;0.000000;1962.213989
1631.000000;10531.000000;7758.000000;0.000000;458828.000000;10715.000000;0.000000;1963.569092
1632.000000;10531.000000;8685.000000;0.000000;384229.000000;10715.000000;0.000000;1964.951538
1633.000000;10531.000000;6864.000000;0.000000;501951.000000;10715.000000;0.000000;1966.313110
1634.000000;10531.000000;9363.000000;0.000000;451506.000000;10715.000000;0.000000;1967.671509
1635.000000;10531.000000;7417.000000;0.000000;416847.000000;10715.000000;0.000000;1969.033203
1636.000000;10531.000000;7481.000000;0.000000;517986.000000;10715.000000;0.000000;1970.458496
1637.000000;10531.000000;7164.000000;0.000000;340222.000000;10715.000000;0.000000;1971.809448
1638.000000;10531.000000;7335.000000;0.000000;433822.000000;10715.000000;0.000000;1973.156860
1639.000000;10531.000000;8215.000000;0.000000;268118.000000;10715.000000;0.000000;1974.508911
1640.000000;10531.000000;7767.000000;0.000000;389668.000000;10715.000000;0.000000;1975.866943
1641.000000;10531.000000;8597.000000;0.000000;346823.000000;10715.000000;0.000000;1977.284546
1642.000000;10531.000000;8627.000000;0.000000;326170.000000;10715.000000;0.000000;1978.661865
1643.000000;10531.000000;7476.000000;0.000000;371072.000000;10715.000000;0.000000;1980.041992
1644.000000;10531.000000;8346.000000;0.000000;491029.000000;10715.000000;0.000000;1981.411377
1645.000000;10531.000000;7993.000000;0.000000;374506.000000;10715.000000;0.000000;1982.764771
1646.000000;10531.000000;6382.000000;0.000000;573587.000000;10715.000000;0.000000;1984.134155
1647.000000;10531.000000;8751.000000;0.000000;427448.000000;10715.000000;0.000000;1985.497437
1648.000000;10531.000000;7039.000000;0.000000;471044.000000;10715.000000;0.000000;1986.864502
1649.000000;10531.000000;6792.000000;0.000000;526109.000000;10715.000000;0.000000;1988.232422
1650.000000;10531.000000;7852.000000;0.000000;456246.000000;10715.000000;0.000000;1989.601807
1651.000000;10531.000000;8203.000000;0.000000;498316.000000;10715.000000;0.000000;1990.986938
1652.000000;10531.000000;8914.000000;0.000000;472352.000000;10715.000000;0.000000;1992.352417
1653.000000;10531.000000;7187.000000;0.000000;391296.000000;10715.000000;0.000000;1993.720703
1654.000000;10531.000000;9537.000000;0.000000;451760.000000;10715.000000;0.000000;1995.103027
1655.000000;10531.000000;5872.000000;0.000000;395115.000000;10715.000000;0.000000;1996.464355
1656.000000;10531.000000;7545.000000;0.000000;315921.000000;10715.000000;0.000000;1997.836914
1657.000000;10531.000000;7787.000000;0.000000;327725.000000;10715.000000;0.000000;1999.205933
1658.000000;10531.000000;6697.000000;0.000000;418286.000000;10715.000000;0.000000;2000.589478
1659.000000;10531.000000;6717.000000;0.000000;423165.000000;10715.000000;0.000000;2001.957275
1660.000000;10531.000000;7637.000000;0.000000;400914.000000;10715.000000;0.000000;2003.323730
1661.000000;10531.000000;6522.000000;0.000000;574600.000000;10715.000000;0.000000;2004.752930
1662.000000;10531.000000;8400.000000;0.000000;505513.000000;10715.000000;0.000000;2006.111816
1663.000000;10531.000000;7360.000000;0.000000;385367.000000;10715.000000;0.000000;2007.462036
1664.000000;10531.000000;9618.000000;0.000000;371592.000000;10715.000000;0.000000;2008.810303
1665.000000;10531.000000;6581.000000;0.000000;508151.000000;10715.000000;0.000000;2010.157959
1666.000000;10531.000000;8098.000000;0.000000;442900.000000;10715.000000;0.000000;2011.660645
1667.000000;10531.000000;7930.000000;0.000000;465410.000000;10715.000000;0.000000;2013.236572
1668.000000;10531.000000;7784.000000;0.000000;508945.000000;10715.000000;0.000000;2014.587280
1669.000000;10531.000000;6930.000000;0.000000;471269.000000;10715.000000;0.000000;2015.932251
1670.000000;10531.000000;7505.000000;0.000000;428304.000000;10715.000000;0.000000;2017.279785
1671.000000;10531.000000;8403.000000;0.000000;422128.000000;10715.000000;0.000000;2018.620361
1672.000000;10531.000000;7483.000000;0.000000;552348.000000;10715.000000;0.000000;2019.972412
1673.000000;10531.000000;8281.000000;0.000000;438784.000000;10715.000000;0.000000;2021.320312
1674.000000;10531.000000;7408.000000;0.000000;482739.000000;10715.000000;0.000000;2022.666748
1675.000000;10531.000000;7229.000000;0.000000;361047.000000;10715.000000;0.000000;2024.014648
1676.000000;10531.000000;8280.000000;0.000000;402320.000000;10715.000000;0.000000;2025.387207
1677.000000;10531.000000;7508.000000;0.000000;450173.000000;10715.000000;0.000000;2026.738281
1678.000000;10531.000000;7193.000000;0.000000;459419.000000;10715.000000;0.000000;2028.084595
1679.000000;10531.000000;7988.000000;0.000000;455383.000000;10715.000000;0.000000;2029.424316
1680.000000;10531.000000;7473.000000;0.000000;485774.000000;10715.000000;0.000000;2030.787109
1681.000000;10531.000000;7765.000000;0.000000;466316.000000;10715.000000;0.000000;2032.196899
1682.000000;10531.000000;7926.000000;0.000000;485494.000000;10715.000000;0.000000;2033.551392
1683.000000;10531.000000;7368.000000;0.000000;414684.000000;10715.000000;0.000000;2034.895752
1684.000000;10531.000000;8878.000000;0.000000;376003.000000;10715.000000;0.000000;2036.223267
1685.000000;10531.000000;7919.000000;0.000000;430866.000000;10715.000000;0.000000;2037.583008
1686.000000;10531.000000;6288.000000;0.000000;294054.000000;10715.000000;0.000000;2039.104004
1687.000000;10531.000000;8233.000000;0.000000;412682.000000;10715.000000;0.000000;2040.489380
1688.000000;10531.000000;7098.000000;0.000000;475408.000000;10715.000000;0.000000;2041.849976
1689.000000;10531.000000;6331.000000;0.000000;578539.000000;10715.000000;0.000000;2043.206909
1690.000000;10531.000000;8512.000000;0.000000;459433.000000;10715.000000;0.000000;2044.559692
1691.000000;10531.000000;7261.000000;0.000000;423798.000000;10715.000000;0.000000;2045.914673
1692.000000;10531.000000;7230.000000;0.000000;400258.000000;10715.000000;0.000000;2047.265015
1693.000000;10531.000000;7016.000000;0.000000;519264.000000;10715.000000;0.000000;2048.623535
1694.000000;10531.000000;8400.000000;0.000000;409698.000000;10715.000000;0.000000;2049.968994
1695.000000;10531.000000;9530.000000;0.000000;431877.000000;10715.000000;0.000000;2051.334961
1696.000000;10531.000000;9018.000000;0.000000;391354.000000;10715.000000;0.000000;2052.688721
1697.000000;10531.000000;8876.000000;0.000000;554615.000000;10715.000000;0.000000;2054.045166
1698.000000;10531.000000;7202.000000;0.000000;536143.000000;10715.000000;0.000000;2055.405762
1699.000000;10531.000000;7552.000000;0.000000;494250.000000;10715.000000;0.000000;2056.758545
1700.000000;10531.000000;7562.000000;0.000000;468424.000000;10715.000000;0.000000;2058.120117
1701.000000;10531.000000;6852.000000;0.000000;422693.000000;10715.000000;0.000000;2059.541992
1702.000000;10531.000000;7206.000000;0.000000;413434.000000;10715.000000;0.000000;2060.961426
1703.000000;10531.000000;6893.000000;0.000000;477067.000000;10715.000000;0.000000;2062.331543
1704.000000;10531.000000;8405.000000;0.000000;465362.000000;10715.000000;0.000000;2063.685547
1705.000000;10531.000000;7462.000000;0.000000;480840.000000;10715.000000;0.000000;2065.044189
1706.000000;10531.000000;7172.000000;0.000000;528510.000000;10715.000000;0.000000;2066.396729
1707.000000;10531.000000;7084.000000;0.000000;449687.000000;10715.000000;0.000000;2067.765381
1708.000000;10531.000000;7935.000000;0.000000;503744.000000;10715.000000;0.000000;2069.141846
1709.000000;10531.000000;8563.000000;0.000000;349946.000000;10715.000000;0.000000;2070.524658
1710.000000;10531.000000;7080.000000;0.000000;479537.000000;10715.000000;0.000000;2071.886719
1711.000000;10531.000000;8038.000000;0.000000;425489.000000;10715.000000;0.000000;2073.255859
1712.000000;10531.000000;6910.000000;0.000000;472036.000000;10715.000000;0.000000;2074.626465
1713.000000;10531.000000;7857.000000;0.000000;364122.000000;10715.000000;0.000000;2075.995605
1714.000000;10531.000000;8154.000000;0.000000;470702.000000;10715.000000;0.000000;2077.365234
1715.000000;10531.000000;7423.000000;0.000000;467677.000000;10715.000000;0.000000;2078.735596
1716.000000;10531.000000;7693.000000;0.000000;399884.000000;10715.000000;0.000000;2080.103027
1717.000000;10531.000000;8191.000000;0.000000;457294.000000;10715.000000;0.000000;2081.484863
1718.000000;10531.000000;6829.000000;0.000000;326895.000000;10715.000000;0.000000;2082.851807
1719.000000;10531.000000;6917.000000;0.000000;390243.000000;10715.000000;0.000000;2084.273438
1720.000000;10531.000000;8259.000000;0.000000;459711.000000;10715.000000;0.000000;2085.850586
1721.000000;10531.000000;7562.000000;0.000000;454344.000000;10715.000000;0.000000;2087.282227
1722.000000;10531.000000;6591.000000;0.000000;438356.000000;10715.000000;0.000000;2088.663574
1723.000000;10531.000000;6926.000000;0.000000;463203.000000;10715.000000;0.000000;2090.031006
1724.000000;10531.000000;8480.000000;0.000000;427156.000000;10715.000000;0.000000;2091.408447
1725.000000;10531.000000;7824.000000;0.000000;462387.000000;10715.000000;0.000000;2092.778564
1726.000000;10531.000000;8714.000000;0.000000;353584.000000;10715.000000;0.000000;2094.150391
1727.000000;10531.000000;8722.000000;0.000000;415658.000000;10715.000000;0.000000;2095.523682
1728.000000;10531.000000;11262.000000;0.000000;340146.000000;10715.000000;0.000000;2096.872070
1729.000000;10531.000000;7199.000000;0.000000;482525.000000;10715.000000;0.000000;2098.215332
1730.000000;10531.000000;7295.000000;0.000000;311906.000000;10715.000000;0.000000;2099.558350
1731.000000;10531.000000;7677.000000;0.000000;446360.000000;10715.000000;0.000000;2100.964111
1732.000000;10531.000000;6319.000000;0.000000;360311.000000;10715.000000;0.000000;2102.324219
1733.000000;10531.000000;7642.000000;0.000000;487056.000000;10715.000000;0.000000;2103.677246
1734.000000;10531.000000;8341.000000;0.000000;431183.000000;10715.000000;0.000000;2105.027588
1735.000000;10531.000000;7399.000000;0.000000;591492.000000;10715.000000;0.000000;2106.379639
1736.000000;10531.000000;7912.000000;0.000000;352799.000000;10715.000000;0.000000;2107.718994
1737.000000;10531.000000;7265.000000;0.000000;450415.000000;10715.000000;0.000000;2109.066895
1738.000000;10531.000000;9504.000000;0.000000;338874.000000;10715.000000;0.000000;2110.419189
1739.000000;10531.000000;6646.000000;0.000000;564090.000000;10715.000000;0.000000;2111.771240
1740.000000;10531.000000;7656.000000;0.000000;444809.000000;10715.000000;0.000000;2113.117676
1741.000000;10531.000000;6697.000000;0.000000;580065.000000;10715.000000;0.000000;2114.471436
1742.000000;10531.000000;7904.000000;0.000000;365907.000000;10715.000000;0.000000;2115.811523
1743.000000;10531.000000;8182.000000;0.000000;546709.000000;10715.000000;0.000000;2117.163818
1744.000000;10531.000000;7573.000000;0.000000;446547.000000;10715.000000;0.000000;2118.514648
1745.000000;10531.000000;7346.000000;0.000000;461866.000000;10715.000000;0.000000;2119.865479
1746.000000;10531.000000;7693.000000;0.000000;527198.000000;10715.000000;0.000000;2121.221436
1747.000000;10531.000000;6697.000000;0.000000;490244.000000;10715.000000;0.000000;2122.564941
1748.000000;10531.000000;6595.000000;0.000000;329213.000000;10715.000000;0.000000;2123.908936
1749.000000;10531.000000;7207.000000;0.000000;425329.000000;10715.000000;0.000000;2125.251709
1750.000000;10531.000000;7837.000000;0.000000;425729.000000;10715.000000;0.000000;2126.595215
1751.000000;10531.000000;8568.000000;0.000000;415460.000000;10715.000000;0.000000;2127.946777
1752.000000;10531.000000;7569.000000;0.000000;500037.000000;10715.000000;0.000000;2129.308105
1753.000000;10531.000000;7341.000000;0.000000;483730.000000;10715.000000;0.000000;2130.684326
1754.000000;10531.000000;6499.000000;0.000000;523305.000000;10715.000000;0.000000;2132.048828
1755.000000;10531.000000;7029.000000;0.000000;455771.000000;10715.000000;0.000000;2133.410645
1756.000000;10531.000000;9440.000000;0.000000;303294.000000;10715.000000;0.000000;2134.773682
1757.000000;10531.000000;7006.000000;0.000000;550393.000000;10715.000000;0.000000;2136.141602
1758.000000;10531.000000;7820.000000;0.000000;379544.000000;10715.000000;0.000000;2137.513672
1759.000000;10531.000000;7075.000000;0.000000;510118.000000;10715.000000;0.000000;2138.884766
1760.000000;10531.000000;7569.000000;0.000000;380222.000000;10715.000000;0.000000;2140.250488
1761.000000;10531.000000;7031.000000;0.000000;522372.000000;10715.000000;0.000000;2141.624023
1762.000000;10531.000000;7748.000000;0.000000;411199.000000;10715.000000;0.000000;2142.977539
1763.000000;10531.000000;7718.000000;0.000000;502370.000000;10715.000000;0.000000;2144.396484
1764.000000;10531.000000;7930.000000;0.000000;437662.000000;10715.000000;0.000000;2145.770020
1765.000000;10531.000000;8156.000000;0.000000;497425.000000;10715.000000;0.000000;2147.127197
1766.000000;10531.000000;8561.000000;0.000000;406990.000000;10715.000000;0.000000;2148.480713
1767.000000;10531.000000;7484.000000;0.000000;335513.000000;10715.000000;0.000000;2149.833496
1768.000000;10531.000000;6566.000000;0.000000;424935.000000;10715.000000;0.000000;2151.202148
1769.000000;10531.000000;7324.000000;0.000000;437224.000000;10715.000000;0.000000;2152.558838
1770.000000;10531.000000;6380.000000;0.000000;511596.000000;10715.000000;0.000000;2153.907471
1771.000000;10531.000000;8761.000000;0.000000;431533.000000;10715.000000;0.000000;2155.276611
1772.000000;10531.000000;5957.000000;0.000000;472713.000000;10715.000000;0.000000;2156.648682
1773.000000;10531.000000;6576.000000;0.000000;449287.000000;10715.000000;0.000000;2158.018555
1774.000000;10531.000000;7935.000000;0.000000;425132.000000;10715.000000;0.000000;2159.380127
1775.000000;10531.000000;6770.000000;0.000000;445541.000000;10715.000000;0.000000;2160.754639
1776.000000;10531.000000;9603.000000;0.000000;386923.000000;10715.000000;0.000000;2162.130859
1777.000000;10531.000000;6516.000000;0.000000;448388.000000;10715.000000;0.000000;2163.500000
1778.000000;10531.000000;8245.000000;0.000000;568115.000000;10715.000000;0.000000;2164.870850
1779.000000;10531.000000;7866.000000;0.000000;420668.000000;10715.000000;0.000000;2166.237305
1780.000000;10531.000000;9061.000000;0.000000;286139.000000;10715.000000;0.000000;2167.615479
1781.000000;10531.000000;6931.000000;0.000000;532144.000000;10715.000000;0.000000;2168.991455
1782.000000;10531.000000;7683.000000;0.000000;476841.000000;10715.000000;0.000000;2170.354004
1783.000000;10531.000000;7558.000000;0.000000;432973.000000;10715.000000;0.000000;2171.725342
1784.000000;10531.000000;8641.000000;0.000000;436863.000000;10715.000000;0.000000;2173.093994
1785.000000;10531.000000;6939.000000;0.000000;407505.000000;10715.000000;0.000000;2174.458252
1786.000000;10531.000000;8051.000000;0.000000;402934.000000;10715.000000;0.000000;2175.827393
1787.000000;10531.000000;8040.000000;0.000000;430954.000000;10715.000000;0.000000;2177.193848
1788.000000;10531.000000;8203.000000;0.000000;323630.000000;10715.000000;0.000000;2178.568359
1789.000000;10531.000000;8699.000000;0.000000;428530.000000;10715.000000;0.000000;2179.940674
1790.000000;10531.000000;6917.000000;0.000000;459198.000000;10715.000000;0.000000;2181.322510
1791.000000;10531.000000;7499.000000;0.000000;296565.000000;10715.000000;0.000000;2182.687256
1792.000000;10531.000000;7417.000000;0.000000;465836.000000;10715.000000;0.000000;2184.053467
1793.000000;10531.000000;7929.000000;0.000000;504764.000000;10715.000000;0.000000;2185.419434
1794.000000;10531.000000;8497.000000;0.000000;390573.000000;10715.000000;0.000000;2186.788086
1795.000000;10531.000000;8172.000000;0.000000;483654.000000;10715.000000;0.000000;2188.142578
1796.000000;10531.000000;7437.000000;0.000000;440397.000000;10715.000000;0.000000;2189.497803
1797.000000;10531.000000;7816.000000;0.000000;362993.000000;10715.000000;0.000000;2190.854492
1798.000000;10531.000000;6675.000000;0.000000;359276.000000;10715.000000;0.000000;2192.288330
1799.000000;10531.000000;9182.000000;0.000000;374464.000000;10715.000000;0.000000;2193.644531
1800.000000;10531.000000;8407.000000;0.000000;330300.000000;10715.000000;0.000000;2195.020752
1801.000000;10531.000000;7942.000000;0.000000;405426.000000;10715.000000;0.000000;2196.375732
1802.000000;10531.000000;7167.000000;0.000000;501572.000000;10715.000000;0.000000;2197.722900
1803.000000;10531.000000;7271.000000;0.000000;419806.000000;10715.000000;0.000000;2199.057861
1804.000000;10531.000000;6642.000000;0.000000;381341.000000;10715.000000;0.000000;2200.408203
1805.000000;10531.000000;7580.000000;0.000000;416227.000000;10715.000000;0.000000;2201.768555
1806.000000;10531.000000;6616.000000;0.000000;469638.000000;10715.000000;0.000000;2203.119385
1807.000000;10531.000000;7341.000000;0.000000;493051.000000;10715.000000;0.000000;2204.490479
1808.000000;10531.000000;6764.000000;0.000000;398734.000000;10715.000000;0.000000;2205.846191
1809.000000;10531.000000;8092.000000;0.000000;427522.000000;10715.000000;0.000000;2207.203613
1810.000000;10531.000000;8713.000000;0.000000;453881.000000;10715.000000;0.000000;2208.562012
1811.000000;10531.000000;8186.000000;0.000000;499164.000000;10715.000000;0.000000;2209.918945
1812.000000;10531.000000;7976.000000;0.000000;476243.000000;10715.000000;0.000000;2211.293945
1813.000000;10531.000000;7429.000000;0.000000;463199.000000;10715.000000;0.000000;2212.646240
1814.000000;10531.000000;8233.000000;0.000000;450853.000000;10715.000000;0.000000;2213.998047
1815.000000;10531.000000;7448.000000;0.000000;489992.000000;10715.000000;0.000000;2215.356201
1816.000000;10531.000000;7369.000000;0.000000;492898.000000;10715.000000;0.000000;2216.716064
1817.000000;10531.000000;6736.000000;0.000000;486423.000000;10715.000000;0.000000;2218.071045
1818.000000;10531.000000;8335.000000;0.000000;429891.000000;10715.000000;0.000000;2219.424805
1819.000000;10531.000000;7762.000000;0.000000;441249.000000;10715.000000;0.000000;2220.781738
1820.000000;10531.000000;7620.000000;0.000000;390571.000000;10715.000000;0.000000;2222.142822
1821.000000;10531.000000;9329.000000;0.000000;405492.000000;10715.000000;0.000000;2223.504883
1822.000000;10531.000000;9594.000000;0.000000;360927.000000;10715.000000;0.000000;2224.861816
1823.000000;10531.000000;7632.000000;0.000000;445082.000000;10715.000000;0.000000;2226.218994
1824.000000;10531.000000;7905.000000;0.000000;386190.000000;10715.000000;0.000000;2227.578125
1825.000000;10531.000000;7339.000000;0.000000;444954.000000;10715.000000;0.000000;2228.935059
1826.000000;10531.000000;8453.000000;0.000000;519459.000000;10715.000000;0.000000;2230.342773
1827.000000;10531.000000;7329.000000;0.000000;465474.000000;10715.000000;0.000000;2231.720459
1828.000000;10531.000000;8034.000000;0.000000;457560.000000;10715.000000;0.000000;2233.079102
1829.000000;10531.000000;7941.000000;0.000000;519336.000000;10715.000000;0.000000;2234.433594
1830.000000;10531.000000;8078.000000;0.000000;354078.000000;10715.000000;0.000000;2235.792725
1831.000000;10531.000000;8408.000000;0.000000;410690.000000;10715.000000;0.000000;2237.139893
1832.000000;10531.000000;8196.000000;0.000000;362673.000000;10715.000000;0.000000;2238.640869
1833.000000;10531.000000;7297.000000;0.000000;393956.000000;10715.000000;0.000000;2240.181152
1834.000000;10531.000000;9143.000000;0.000000;334061.000000;10715.000000;0.000000;2241.565674
1835.000000;10531.000000;7345.000000;0.000000;350593.000000;10715.000000;0.000000;2242.908203
1836.000000;10531.000000;8262.000000;0.000000;501396.000000;10715.000000;0.000000;2244.266113
1837.000000;10531.000000;7162.000000;0.000000;450320.000000;10715.000000;0.000000;2245.625488
1838.000000;10531.000000;9244.000000;0.000000;412554.000000;10715.000000;0.000000;2246.987061
1839.000000;10531.000000;8156.000000;0.000000;395570.000000;10715.000000;0.000000;2248.422119
1840.000000;10531.000000;8492.000000;0.000000;448411.000000;10715.000000;0.000000;2250.082520
1841.000000;10531.000000;7968.000000;0.000000;387755.000000;10715.000000;0.000000;2251.482910
1842.000000;10531.000000;6650.000000;0.000000;431092.000000;10715.000000;0.000000;2252.862793
1843.000000;10531.000000;7114.000000;0.000000;378189.000000;10715.000000;0.000000;2254.235107
1844.000000;10531.000000;7805.000000;0.000000;478291.000000;10715.000000;0.000000;2255.608643
1845.000000;10531.000000;6936.000000;0.000000;425763.000000;10715.000000;0.000000;2256.989990
1846.000000;10531.000000;7718.000000;0.000000;416998.000000;10715.000000;0.000000;2258.362305
1847.000000;10531.000000;7694.000000;0.000000;480706.000000;10715.000000;0.000000;2259.739746
1848.000000;10531.000000;8049.000000;0.000000;477683.000000;10715.000000;0.000000;2261.107666
1849.000000;10531.000000;8452.000000;0.000000;387541.000000;10715.000000;0.000000;2262.495117
1850.000000;10531.000000;8428.000000;0.000000;431852.000000;10715.000000;0.000000;2263.875000
1851.000000;10531.000000;10540.000000;0.000000;260530.000000;10715.000000;0.000000;2265.275146
1852.000000;10531.000000;7401.000000;0.000000;345753.000000;10715.000000;0.000000;2266.645752
1853.000000;10531.000000;8181.000000;0.000000;427401.000000;10715.000000;0.000000;2268.017090
1854.000000;10531.000000;7158.000000;0.000000;503076.000000;10715.000000;0.000000;2269.385742
1855.000000;10531.000000;8086.000000;0.000000;504551.000000;10715.000000;0.000000;2270.753418
1856.000000;10531.000000;7325.000000;0.000000;442988.000000;10715.000000;0.000000;2272.138184
1857.000000;10531.000000;7609.000000;0.000000;452003.000000;10715.000000;0.000000;2273.510254
1858.000000;10531.000000;6559.000000;0.000000;484292.000000;10715.000000;0.000000;2274.880371
1859.000000;10531.000000;7637.000000;0.000000;414235.000000;10715.000000;0.000000;2276.249512
1860.000000;10531.000000;7775.000000;0.000000;431338.000000;10715.000000;0.000000;2277.637207
1861.000000;10531.000000;7555.000000;0.000000;446616.000000;10715.000000;0.000000;2279.026855
1862.000000;10531.000000;7485.000000;0.000000;483635.000000;10715.000000;0.000000;2280.408447
1863.000000;10531.000000;6959.000000;0.000000;452620.000000;10715.000000;0.000000;2281.802490
1864.000000;10531.000000;7460.000000;0.000000;514621.000000;10715.000000;0.000000;2283.181396
1865.000000;10531.000000;8468.000000;0.000000;496968.000000;10715.000000;0.000000;2284.566650
1866.000000;10531.000000;8033.000000;0.000000;530187.000000;10715.000000;0.000000;2285.948486
1867.000000;10531.000000;7940.000000;0.000000;419977.000000;10715.000000;0.000000;2287.325928
1868.000000;10531.000000;9393.000000;0.000000;322357.000000;10715.000000;0.000000;2288.700195
1869.000000;10531.000000;7126.000000;0.000000;524845.000000;10715.000000;0.000000;2290.093262
1870.000000;10531.000000;8699.000000;0.000000;452454.000000;10715.000000;0.000000;2291.486816
1871.000000;10531.000000;6722.000000;0.000000;414720.000000;10715.000000;0.000000;2292.883301
1872.000000;10531.000000;7918.000000;0.000000;452381.000000;10715.000000;0.000000;2294.280518
1873.000000;10531.000000;8141.000000;0.000000;455490.000000;10715.000000;0.000000;2295.660400
1874.000000;10531.000000;7852.000000;0.000000;380004.000000;10715.000000;0.000000;2297.037109
1875.000000;10531.000000;8526.000000;0.000000;450702.000000;10715.000000;0.000000;2298.417969
1876.000000;10531.000000;8209.000000;0.000000;459565.000000;10715.000000;0.000000;2299.814209
1877.000000;10531.000000;8814.000000;0.000000;444760.000000;10715.000000;0.000000;2301.202148
1878.000000;10531.000000;8100.000000;0.000000;391097.000000;10715.000000;0.000000;2302.604492
1879.000000;10531.000000;6512.000000;0.000000;439971.000000;10715.000000;0.000000;2303.988525
1880.000000;10531.000000;8059.000000;0.000000;396839.000000;10715.000000;0.000000;2305.371582
1881.000000;10531.000000;7146.000000;0.000000;477032.000000;10715.000000;0.000000;2306.746094
1882.000000;10531.000000;9642.000000;0.000000;405474.000000;10715.000000;0.000000;2308.099854
1883.000000;10531.000000;7118.000000;0.000000;486464.000000;10715.000000;0.000000;2309.467285
1884.000000;10531.000000;7441.000000;0.000000;519629.000000;10715.000000;0.000000;2310.819824
1885.000000;10531.000000;8352.000000;0.000000;307449.000000;10715.000000;0.000000;2312.212891
1886.000000;10531.000000;7910.000000;0.000000;503062.000000;10715.000000;0.000000;2313.658936
1887.000000;10531.000000;6663.000000;0.000000;442713.000000;10715.000000;0.000000;2315.018555
1888.000000;10531.000000;6721.000000;0.000000;434155.000000;10715.000000;0.000000;2316.392334
1889.000000;10531.000000;8183.000000;0.000000;395952.000000;10715.000000;0.000000;2317.753662
1890.000000;10531.000000;7141.000000;0.000000;512240.000000;10715.000000;0.000000;2319.106689
1891.000000;10531.000000;7711.000000;0.000000;539296.000000;10715.000000;0.000000;2320.466797
1892.000000;10531.000000;6790.000000;0.000000;477434.000000;10715.000000;0.000000;2321.832275
1893.000000;10531.000000;7295.000000;0.000000;476141.000000;10715.000000;0.000000;2323.192383
1894.000000;10531.000000;7942.000000;0.000000;388673.000000;10715.000000;0.000000;2324.569824
1895.000000;10531.000000;8715.000000;0.000000;391206.000000;10715.000000;0.000000;2325.929688
1896.000000;10531.000000;8337.000000;0.000000;282302.000000;10715.000000;0.000000;2327.375977
1897.000000;10531.000000;7554.000000;0.000000;494073.000000;10715.000000;0.000000;2328.819092
1898.000000;10531.000000;6853.000000;0.000000;457966.000000;10715.000000;0.000000;2330.178223
1899.000000;10531.000000;7783.000000;0.000000;467371.000000;10715.000000;0.000000;2331.531006
1900.000000;10531.000000;7068.000000;0.000000;423840.000000;10715.000000;0.000000;2332.897949
1901.000000;10531.000000;6999.000000;0.000000;445988.000000;10715.000000;0.000000;2334.246094
1902.000000;10531.000000;7061.000000;0.000000;461479.000000;10715.000000;0.000000;2335.586670
1903.000000;10531.000000;7257.000000;0.000000;455998.000000;10715.000000;0.000000;2336.941406
1904.000000;10531.000000;6903.000000;0.000000;514040.000000;10715.000000;0.000000;2338.304932
1905.000000;10531.000000;6548.000000;0.000000;485838.000000;10715.000000;0.000000;2339.674805
1906.000000;10531.000000;6198.000000;0.000000;562809.000000;10715.000000;0.000000;2341.041504
1907.000000;10531.000000;6952.000000;0.000000;501451.000000;10715.000000;0.000000;2342.419678
1908.000000;10531.000000;7702.000000;0.000000;419877.000000;10715.000000;0.000000;2343.789307
1909.000000;10531.000000;6650.000000;0.000000;447841.000000;10715.000000;0.000000;2345.141602
1910.000000;10531.000000;6723.000000;0.000000;404592.000000;10715.000000;0.000000;2346.513672
1911.000000;10531.000000;7966.000000;0.000000;477220.000000;10715.000000;0.000000;2347.889160
1912.000000;10531.000000;7130.000000;0.000000;391274.000000;10715.000000;0.000000;2349.262939
1913.000000;10531.000000;7368.000000;0.000000;485010.000000;10715.000000;0.000000;2350.632080
1914.000000;10531.000000;8338.000000;0.000000;486869.000000;10715.000000;0.000000;2352.017822
1915.000000;10531.000000;7906.000000;0.000000;522779.000000;10715.000000;0.000000;2353.400879
1916.000000;10531.000000;8085.000000;0.000000;347278.000000;10715.000000;0.000000;2354.811768
1917.000000;10531.000000;7843.000000;0.000000;398041.000000;10715.000000;0.000000;2356.208008
1918.000000;10531.000000;7515.000000;0.000000;417913.000000;10715.000000;0.000000;2357.584229
1919.000000;10531.000000;7286.000000;0.000000;402288.000000;10715.000000;0.000000;2360.480957
1920.000000;10531.000000;7771.000000;0.000000;372804.000000;10715.000000;0.000000;2362.780518
1921.000000;10531.000000;7432.000000;0.000000;361485.000000;10715.000000;0.000000;2364.919189
1922.000000;10531.000000;7192.000000;0.000000;498908.000000;10715.000000;0.000000;2366.974854
1923.000000;10531.000000;8286.000000;0.000000;364122.000000;10715.000000;0.000000;2368.988525
1924.000000;10531.000000;7094.000000;0.000000;368651.000000;10715.000000;0.000000;2371.077637
1925.000000;10531.000000;9386.000000;0.000000;369486.000000;10715.000000;0.000000;2373.045410
1926.000000;10531.000000;7956.000000;0.000000;411791.000000;10715.000000;0.000000;2374.960693
1927.000000;10531.000000;8249.000000;0.000000;460449.000000;10715.000000;0.000000;2377.029785
1928.000000;10531.000000;7102.000000;0.000000;490487.000000;10715.000000;0.000000;2379.012451
1929.000000;10531.000000;7834.000000;0.000000;518047.000000;10715.000000;0.000000;2381.005371
1930.000000;10531.000000;7723.000000;0.000000;301558.000000;10715.000000;0.000000;2382.885254
1931.000000;10531.000000;8081.000000;0.000000;442807.000000;10715.000000;0.000000;2384.706543
1932.000000;10531.000000;7443.000000;0.000000;482408.000000;10715.000000;0.000000;2386.473389
1933.000000;10531.000000;7057.000000;0.000000;416798.000000;10715.000000;0.000000;2389.325195
1934.000000;10531.000000;7952.000000;0.000000;450294.000000;10715.000000;0.000000;2391.663574
1935.000000;10531.000000;6950.000000;0.000000;490329.000000;10715.000000;0.000000;2393.440918
1936.000000;10531.000000;8004.000000;0.000000;366576.000000;10715.000000;0.000000;2395.794434
1937.000000;10531.000000;7886.000000;0.000000;420246.000000;10715.000000;0.000000;2398.130859
1938.000000;10531.000000;6606.000000;0.000000;480527.000000;10715.000000;0.000000;2400.488525
1939.000000;10531.000000;6972.000000;0.000000;473990.000000;10715.000000;0.000000;2402.870361
1940.000000;10531.000000;7623.000000;0.000000;442499.000000;10715.000000;0.000000;2405.210449
1941.000000;10531.000000;7947.000000;0.000000;437290.000000;10715.000000;0.000000;2407.513184
1942.000000;10531.000000;7428.000000;0.000000;399907.000000;10715.000000;0.000000;2409.835449
1943.000000;10531.000000;6426.000000;0.000000;511935.000000;10715.000000;0.000000;2412.156250
1944.000000;10531.000000;8377.000000;0.000000;425344.000000;10715.000000;0.000000;2414.379883
1945.000000;10531.000000;6561.000000;0.000000;430802.000000;10715.000000;0.000000;2416.587891
1946.000000;10531.000000;8067.000000;0.000000;435160.000000;10715.000000;0.000000;2419.028809
1947.000000;10531.000000;6852.000000;0.000000;448503.000000;10715.000000;0.000000;2421.390137
1948.000000;10531.000000;7558.000000;0.000000;417698.000000;10715.000000;0.000000;2423.732178
1949.000000;10531.000000;7287.000000;0.000000;406718.000000;10715.000000;0.000000;2425.853516
1950.000000;10531.000000;6973.000000;0.000000;409541.000000;10715.000000;0.000000;2428.000977
1951.000000;10531.000000;8049.000000;0.000000;432648.000000;10715.000000;0.000000;2430.052246
1952.000000;10531.000000;6977.000000;0.000000;471379.000000;10715.000000;0.000000;2432.242432
1953.000000;10531.000000;8908.000000;0.000000;406728.000000;10715.000000;0.000000;2434.315430
1954.000000;10531.000000;8214.000000;0.000000;381768.000000;10715.000000;0.000000;2436.413818
1955.000000;10531.000000;8591.000000;0.000000;412279.000000;10715.000000;0.000000;2438.249512
1956.000000;10531.000000;7702.000000;0.000000;437183.000000;10715.000000;0.000000;2440.054443
1957.000000;10531.000000;8233.000000;0.000000;357125.000000;10715.000000;0.000000;2441.752441
1958.000000;10531.000000;7511.000000;0.000000;395394.000000;10715.000000;0.000000;2443.539062
1959.000000;10531.000000;7986.000000;0.000000;285523.000000;10715.000000;0.000000;2445.385254
1960.000000;10531.000000;7326.000000;0.000000;488126.000000;10715.000000;0.000000;2447.124512
1961.000000;10531.000000;6928.000000;0.000000;479547.000000;10715.000000;0.000000;2449.312012
1962.000000;10531.000000;7781.000000;0.000000;462287.000000;10715.000000;0.000000;2451.598877
1963.000000;10531.000000;8319.000000;0.000000;425770.000000;10715.000000;0.000000;2453.945557
1964.000000;10531.000000;7640.000000;0.000000;454660.000000;10715.000000;0.000000;2456.098633
1965.000000;10531.000000;7650.000000;0.000000;507779.000000;10715.000000;0.000000;2457.922363
1966.000000;10531.000000;6660.000000;0.000000;453738.000000;10715.000000;0.000000;2459.730225
1967.000000;10531.000000;7160.000000;0.000000;377834.000000;10715.000000;0.000000;2461.696533
1968.000000;10531.000000;7383.000000;0.000000;466884.000000;10715.000000;0.000000;2463.588867
1969.000000;10531.000000;7802.000000;0.000000;399674.000000;10715.000000;0.000000;2465.306641
1970.000000;10531.000000;6885.000000;0.000000;413006.000000;10715.000000;0.000000;2467.006592
1971.000000;10531.000000;7443.000000;0.000000;338165.000000;10715.000000;0.000000;2468.684570
1972.000000;10531.000000;8506.000000;0.000000;575597.000000;10715.000000;0.000000;2470.283203
1973.000000;10531.000000;8171.000000;0.000000;437894.000000;10715.000000;0.000000;2471.903809
1974.000000;10531.000000;7924.000000;0.000000;360419.000000;10715.000000;0.000000;2473.588379
1975.000000;10531.000000;8721.000000;0.000000;476676.000000;10715.000000;0.000000;2475.307617
1976.000000;10531.000000;7278.000000;0.000000;501705.000000;10715.000000;0.000000;2476.977051
1977.000000;10531.000000;7540.000000;0.000000;565702.000000;10715.000000;0.000000;2478.803711
1978.000000;10531.000000;7708.000000;0.000000;439807.000000;10715.000000;0.000000;2480.528809
1979.000000;10531.000000;6736.000000;0.000000;485965.000000;10715.000000;0.000000;2482.253906
1980.000000;10531.000000;8437.000000;0.000000;323270.000000;10715.000000;0.000000;2484.045410
1981.000000;10531.000000;6986.000000;0.000000;527398.000000;10715.000000;0.000000;2486.269531
1982.000000;10531.000000;7214.000000;0.000000;400293.000000;10715.000000;0.000000;2488.327393
1983.000000;10531.000000;7390.000000;0.000000;439829.000000;10715.000000;0.000000;2490.406494
1984.000000;10531.000000;8353.000000;0.000000;510535.000000;10715.000000;0.000000;2492.714111
1985.000000;10531.000000;6785.000000;0.000000;452687.000000;10715.000000;0.000000;2494.799561
1986.000000;10531.000000;6472.000000;0.000000;428359.000000;10715.000000;0.000000;2496.780029
1987.000000;10531.000000;8159.000000;0.000000;523215.000000;10715.000000;0.000000;2498.854004
1988.000000;10531.000000;7050.000000;0.000000;490765.000000;10715.000000;0.000000;2500.783447
1989.000000;10531.000000;7833.000000;0.000000;429875.000000;10715.000000;0.000000;2502.871582
1990.000000;10531.000000;8531.000000;0.000000;470386.000000;10715.000000;0.000000;2505.052246
1991.000000;10531.000000;7578.000000;0.000000;487491.000000;10715.000000;0.000000;2507.134521
1992.000000;10531.000000;7453.000000;0.000000;378734.000000;10715.000000;0.000000;2509.073975
1993.000000;10531.000000;9116.000000;0.000000;426720.000000;10715.000000;0.000000;2511.177979
1994.000000;10531.000000;8648.000000;0.000000;355962.000000;10715.000000;0.000000;2513.153809
1995.000000;10531.000000;7013.000000;0.000000;547314.000000;10715.000000;0.000000;2515.013916
1996.000000;10531.000000;7052.000000;0.000000;532306.000000;10715.000000;0.000000;2517.073486
1997.000000;10531.000000;7114.000000;0.000000;351330.000000;10715.000000;0.000000;2519.245850
1998.000000;10531.000000;8172.000000;0.000000;308847.000000;10715.000000;0.000000;2521.384766
1999.000000;10531.000000;7152.000000;0.000000;501040.000000;10715.000000;0.000000;2523.502441
2000.000000;10531.000000;8237.000000;0.000000;433781.000000;10715.000000;0.000000;2525.703125
2001.000000;10531.000000;7266.000000;0.000000;494970.000000;10715.000000;0.000000;2528.265137
2002.000000;10531.000000;8900.000000;0.000000;363292.000000;10715.000000;0.000000;2530.683105
2003.000000;10531.000000;7367.000000;0.000000;411514.000000;10715.000000;0.000000;2533.017822
2004.000000;10531.000000;6716.000000;0.000000;458238.000000;10715.000000;0.000000;2535.485352
2005.000000;10531.000000;7314.000000;0.000000;428265.000000;10715.000000;0.000000;2537.923828
2006.000000;10531.000000;9247.000000;0.000000;491086.000000;10715.000000;0.000000;2540.296875
2007.000000;10531.000000;7360.000000;0.000000;390770.000000;10715.000000;0.000000;2542.532227
2008.000000;10531.000000;7822.000000;0.000000;490772.000000;10715.000000;0.000000;2544.643555
2009.000000;10531.000000;7254.000000;0.000000;456994.000000;10715.000000;0.000000;2546.661621
2010.000000;10531.000000;6795.000000;0.000000;468876.000000;10715.000000;0.000000;2548.514893
2011.000000;10531.000000;7565.000000;0.000000;483893.000000;10715.000000;0.000000;2550.260986
2012.000000;10531.000000;7708.000000;0.000000;376731.000000;10715.000000;0.000000;2552.128662
2013.000000;10531.000000;8041.000000;0.000000;407678.000000;10715.000000;0.000000;2553.430908
2014.000000;10531.000000;7291.000000;0.000000;487039.000000;10715.000000;0.000000;2554.838379
2015.000000;10531.000000;9840.000000;0.000000;437509.000000;10715.000000;0.000000;2556.114502
2016.000000;10531.000000;6845.000000;0.000000;423781.000000;10715.000000;0.000000;2557.396484
2017.000000;10531.000000;7757.000000;0.000000;368226.000000;10715.000000;0.000000;2558.672852
2018.000000;10531.000000;6349.000000;0.000000;575007.000000;10715.000000;0.000000;2559.947021
2019.000000;10531.000000;7830.000000;0.000000;419753.000000;10715.000000;0.000000;2561.224365
2020.000000;10531.000000;7678.000000;0.000000;459397.000000;10715.000000;0.000000;2562.509277
2021.000000;10531.000000;8291.000000;0.000000;354548.000000;10715.000000;0.000000;2564.194824
2022.000000;10531.000000;7608.000000;0.000000;385356.000000;10715.000000;0.000000;2565.692871
2023.000000;10531.000000;7726.000000;0.000000;395660.000000;10715.000000;0.000000;2567.246338
2024.000000;10531.000000;7558.000000;0.000000;517967.000000;10715.000000;0.000000;2568.685547
2025.000000;10531.000000;7347.000000;0.000000;363004.000000;10715.000000;0.000000;2570.118164
2026.000000;10531.000000;7567.000000;0.000000;367467.000000;10715.000000;0.000000;2571.544678
2027.000000;10531.000000;7012.000000;0.000000;445262.000000;10715.000000;0.000000;2573.036133
2028.000000;10531.000000;8011.000000;0.000000;326474.000000;10715.000000;0.000000;2574.508545
2029.000000;10531.000000;7241.000000;0.000000;461151.000000;10715.000000;0.000000;2575.962158
2030.000000;10531.000000;7901.000000;0.000000;573700.000000;10715.000000;0.000000;2577.383301
2031.000000;10531.000000;7158.000000;0.000000;423368.000000;10715.000000;0.000000;2578.787109
2032.000000;10531.000000;7618.000000;0.000000;456359.000000;10715.000000;0.000000;2580.194336
2033.000000;10531.000000;5992.000000;0.000000;527812.000000;10715.000000;0.000000;2581.592285
2034.000000;10531.000000;7021.000000;0.000000;505671.000000;10715.000000;0.000000;2582.996338
2035.000000;10531.000000;7288.000000;0.000000;478373.000000;10715.000000;0.000000;2584.452881
2036.000000;10531.000000;7500.000000;0.000000;438405.000000;10715.000000;0.000000;2585.888428
2037.000000;10531.000000;7159.000000;0.000000;425874.000000;10715.000000;0.000000;2587.337158
2038.000000;10531.000000;8210.000000;0.000000;388597.000000;10715.000000;0.000000;2588.764160
2039.000000;10531.000000;7648.000000;0.000000;289617.000000;10715.000000;0.000000;2590.191650
2040.000000;10531.000000;7721.000000;0.000000;463424.000000;10715.000000;0.000000;2591.609619
2041.000000;10531.000000;6734.000000;0.000000;440616.000000;10715.000000;0.000000;2593.221191
2042.000000;10531.000000;7341.000000;0.000000;559905.000000;10715.000000;0.000000;2594.731934
2043.000000;10531.000000;6380.000000;0.000000;524936.000000;10715.000000;0.000000;2596.174561
2044.000000;10531.000000;8050.000000;0.000000;477391.000000;10715.000000;0.000000;2597.597900
2045.000000;10531.000000;7176.000000;0.000000;493172.000000;10715.000000;0.000000;2599.010498
2046.000000;10531.000000;8976.000000;0.000000;364500.000000;10715.000000;0.000000;2600.416016
2047.000000;10531.000000;7605.000000;0.000000;424669.000000;10715.000000;0.000000;2601.823730
2048.000000;10531.000000;7602.000000;0.000000;454981.000000;10715.000000;0.000000;2603.226562
2049.000000;10531.000000;8181.000000;0.000000;473081.000000;10715.000000;0.000000;2604.669434
2050.000000;10531.000000;7556.000000;0.000000;435774.000000;10715.000000;0.000000;2606.133545
2051.000000;10531.000000;7376.000000;0.000000;331989.000000;10715.000000;0.000000;2607.895508
2052.000000;10531.000000;7016.000000;0.000000;412104.000000;10715.000000;0.000000;2609.493652
2053.000000;10531.000000;7710.000000;0.000000;351172.000000;10715.000000;0.000000;2611.160645
2054.000000;10531.000000;7913.000000;0.000000;448025.000000;10715.000000;0.000000;2612.652344
2055.000000;10531.000000;8228.000000;0.000000;430461.000000;10715.000000;0.000000;2613.934570
2056.000000;10531.000000;6581.000000;0.000000;404051.000000;10715.000000;0.000000;2615.184082
2057.000000;10531.000000;7752.000000;0.000000;449956.000000;10715.000000;0.000000;2616.399414
2058.000000;10531.000000;8342.000000;0.000000;343628.000000;10715.000000;0.000000;2617.620850
2059.000000;10531.000000;7495.000000;0.000000;346588.000000;10715.000000;0.000000;2618.833740
2060.000000;10531.000000;8144.000000;0.000000;363629.000000;10715.000000;0.000000;2620.051514
2061.000000;10531.000000;8662.000000;0.000000;443535.000000;10715.000000;0.000000;2621.576660
2062.000000;10531.000000;8360.000000;0.000000;437687.000000;10715.000000;0.000000;2622.970459
2063.000000;10531.000000;7212.000000;0.000000;360910.000000;10715.000000;0.000000;2624.481445
2064.000000;10531.000000;6997.000000;0.000000;556138.000000;10715.000000;0.000000;2625.860596
2065.000000;10531.000000;7396.000000;0.000000;346091.000000;10715.000000;0.000000;2627.223389
2066.000000;10531.000000;6708.000000;0.000000;493372.000000;10715.000000;0.000000;2628.581055
2067.000000;10531.000000;9090.000000;0.000000;493705.000000;10715.000000;0.000000;2629.940918
2068.000000;10531.000000;7045.000000;0.000000;424658.000000;10715.000000;0.000000;2631.301025
2069.000000;10531.000000;7847.000000;0.000000;551016.000000;10715.000000;0.000000;2632.661133
2070.000000;10531.000000;7601.000000;0.000000;532111.000000;10715.000000;0.000000;2634.053711
2071.000000;10531.000000;8970.000000;0.000000;320696.000000;10715.000000;0.000000;2635.456543
2072.000000;10531.000000;6932.000000;0.000000;479990.000000;10715.000000;0.000000;2636.835449
2073.000000;10531.000000;7859.000000;0.000000;408604.000000;10715.000000;0.000000;2638.225098
2074.000000;10531.000000;7800.000000;0.000000;421407.000000;10715.000000;0.000000;2639.600586
2075.000000;10531.000000;7872.000000;0.000000;354020.000000;10715.000000;0.000000;2640.835693
2076.000000;10531.000000;7128.000000;0.000000;527605.000000;10715.000000;0.000000;2642.060059
2077.000000;10531.000000;8075.000000;0.000000;455588.000000;10715.000000;0.000000;2643.285889
2078.000000;10531.000000;7547.000000;0.000000;458439.000000;10715.000000;0.000000;2644.539551
2079.000000;10531.000000;8943.000000;0.000000;448234.000000;10715.000000;0.000000;2645.772705
2080.000000;10531.000000;7474.000000;0.000000;511785.000000;10715.000000;0.000000;2646.997803
2081.000000;10531.000000;8925.000000;0.000000;355272.000000;10715.000000;0.000000;2648.540039
2082.000000;10531.000000;7650.000000;0.000000;410916.000000;10715.000000;0.000000;2649.944580
2083.000000;10531.000000;8142.000000;0.000000;500147.000000;10715.000000;0.000000;2651.344238
2084.000000;10531.000000;7858.000000;0.000000;444706.000000;10715.000000;0.000000;2652.729736
2085.000000;10531.000000;7647.000000;0.000000;427853.000000;10715.000000;0.000000;2654.106689
2086.000000;10531.000000;7380.000000;0.000000;371034.000000;10715.000000;0.000000;2655.520264
2087.000000;10531.000000;8212.000000;0.000000;379931.000000;10715.000000;0.000000;2656.896484
2088.000000;10531.000000;8176.000000;0.000000;509068.000000;10715.000000;0.000000;2658.278564
2089.000000;10531.000000;7028.000000;0.000000;506516.000000;10715.000000;0.000000;2659.683105
2090.000000;10531.000000;7918.000000;0.000000;512611.000000;10715.000000;0.000000;2661.092773
2091.000000;10531.000000;7633.000000;0.000000;529422.000000;10715.000000;0.000000;2662.655029
2092.000000;10531.000000;8196.000000;0.000000;383141.000000;10715.000000;0.000000;2664.050049
2093.000000;10531.000000;7266.000000;0.000000;519171.000000;10715.000000;0.000000;2665.498779
2094.000000;10531.000000;7984.000000;0.000000;451198.000000;10715.000000;0.000000;2666.780518
2095.000000;10531.000000;8536.000000;0.000000;339977.000000;10715.000000;0.000000;2668.022949
2096.000000;10531.000000;7067.000000;0.000000;391050.000000;10715.000000;0.000000;2669.278320
2097.000000;10531.000000;7388.000000;0.000000;446274.000000;10715.000000;0.000000;2670.526611
2098.000000;10531.000000;7906.000000;0.000000;396127.000000;10715.000000;0.000000;2671.767334
2099.000000;10531.000000;7108.000000;0.000000;551110.000000;10715.000000;0.000000;2673.011475
2100.000000;10531.000000;7641.000000;0.000000;459271.000000;10715.000000;0.000000;2674.249023
2101.000000;10531.000000;6975.000000;0.000000;426149.000000;10715.000000;0.000000;2676.032471
2102.000000;10531.000000;8271.000000;0.000000;340951.000000;10715.000000;0.000000;2677.517334
2103.000000;10531.000000;6998.000000;0.000000;372932.000000;10715.000000;0.000000;2678.935547
2104.000000;10531.000000;7560.000000;0.000000;426311.000000;10715.000000;0.000000;2680.332031
2105.000000;10531.000000;7440.000000;0.000000;358876.000000;10715.000000;0.000000;2681.721191
2106.000000;10531.000000;7140.000000;0.000000;534704.000000;10715.000000;0.000000;2683.110352
2107.000000;10531.000000;7982.000000;0.000000;455364.000000;10715.000000;0.000000;2684.596680
2108.000000;10531.000000;7427.000000;0.000000;489396.000000;10715.000000;0.000000;2686.155273
2109.000000;10531.000000;7844.000000;0.000000;400182.000000;10715.000000;0.000000;2687.883789
2110.000000;10531.000000;8526.000000;0.000000;437554.000000;10715.000000;0.000000;2689.658203
2111.000000;10531.000000;6943.000000;0.000000;431837.000000;10715.000000;0.000000;2691.155273
2112.000000;10531.000000;8542.000000;0.000000;391592.000000;10715.000000;0.000000;2692.581055
2113.000000;10531.000000;7793.000000;0.000000;423987.000000;10715.000000;0.000000;2693.989746
2114.000000;10531.000000;8709.000000;0.000000;444707.000000;10715.000000;0.000000;2695.430908
2115.000000;10531.000000;7068.000000;0.000000;446049.000000;10715.000000;0.000000;2696.831299
2116.000000;10531.000000;6939.000000;0.000000;388354.000000;10715.000000;0.000000;2698.237305
2117.000000;10531.000000;7462.000000;0.000000;474335.000000;10715.000000;0.000000;2699.655273
2118.000000;10531.000000;8090.000000;0.000000;366872.000000;10715.000000;0.000000;2701.151611
2119.000000;10531.000000;6823.000000;0.000000;332627.000000;10715.000000;0.000000;2702.552246
2120.000000;10531.000000;7271.000000;0.000000;535925.000000;10715.000000;0.000000;2703.948486
2121.000000;10531.000000;7268.000000;0.000000;395636.000000;10715.000000;0.000000;2705.445557
2122.000000;10531.000000;7853.000000;0.000000;463992.000000;10715.000000;0.000000;2706.889404
2123.000000;10531.000000;7928.000000;0.000000;472149.000000;10715.000000;0.000000;2708.312500
2124.000000;10531.000000;7418.000000;0.000000;400045.000000;10715.000000;0.000000;2709.722168
2125.000000;10531.000000;8636.000000;0.000000;520233.000000;10715.000000;0.000000;2711.139160
2126.000000;10531.000000;7876.000000;0.000000;349920.000000;10715.000000;0.000000;2712.548340
2127.000000;10531.000000;7927.000000;0.000000;339212.000000;10715.000000;0.000000;2713.956055
2128.000000;10531.000000;7855.000000;0.000000;458828.000000;10715.000000;0.000000;2715.398926
2129.000000;10531.000000;7988.000000;0.000000;350972.000000;10715.000000;0.000000;2716.852051
2130.000000;10531.000000;8631.000000;0.000000;392582.000000;10715.000000;0.000000;2718.314697
2131.000000;10531.000000;9260.000000;0.000000;356406.000000;10715.000000;0.000000;2719.750977
2132.000000;10531.000000;6637.000000;0.000000;438769.000000;10715.000000;0.000000;2721.180176
2133.000000;10531.000000;9007.000000;0.000000;320164.000000;10715.000000;0.000000;2722.586426
2134.000000;10531.000000;7166.000000;0.000000;432542.000000;10715.000000;0.000000;2723.848389
2135.000000;10531.000000;7066.000000;0.000000;362517.000000;10715.000000;0.000000;2725.158203
2136.000000;10531.000000;6874.000000;0.000000;534780.000000;10715.000000;0.000000;2726.612549
2137.000000;10531.000000;8251.000000;0.000000;381399.000000;10715.000000;0.000000;2727.881104
2138.000000;10531.000000;7233.000000;0.000000;399043.000000;10715.000000;0.000000;2729.150146
2139.000000;10531.000000;8388.000000;0.000000;334366.000000;10715.000000;0.000000;2730.444580
2140.000000;10531.000000;6539.000000;0.000000;450979.000000;10715.000000;0.000000;2731.725830
2141.000000;10531.000000;8736.000000;0.000000;395608.000000;10715.000000;0.000000;2733.446289
2142.000000;10531.000000;7057.000000;0.000000;416659.000000;10715.000000;0.000000;2734.908936
2143.000000;10531.000000;10352.000000;0.000000;346474.000000;10715.000000;0.000000;2736.387695
2144.000000;10531.000000;7333.000000;0.000000;355208.000000;10715.000000;0.000000;2737.825928
2145.000000;10531.000000;6727.000000;0.000000;461780.000000;10715.000000;0.000000;2739.248779
2146.000000;10531.000000;6219.000000;0.000000;474494.000000;10715.000000;0.000000;2740.727783
2147.000000;10531.000000;6335.000000;0.000000;476461.000000;10715.000000;0.000000;2742.149902
2148.000000;10531.000000;6470.000000;0.000000;561166.000000;10715.000000;0.000000;2743.715332
2149.000000;10531.000000;6712.000000;0.000000;358019.000000;10715.000000;0.000000;2745.186523
2150.000000;10531.000000;7699.000000;0.000000;402925.000000;10715.000000;0.000000;2746.660889
2151.000000;10531.000000;6913.000000;0.000000;439406.000000;10715.000000;0.000000;2748.109619
2152.000000;10531.000000;7667.000000;0.000000;447234.000000;10715.000000;0.000000;2749.549805
2153.000000;10531.000000;6832.000000;0.000000;383632.000000;10715.000000;0.000000;2750.992920
2154.000000;10531.000000;7624.000000;0.000000;360794.000000;10715.000000;0.000000;2752.367920
2155.000000;10531.000000;7160.000000;0.000000;392903.000000;10715.000000;0.000000;2753.634521
2156.000000;10531.000000;6809.000000;0.000000;355049.000000;10715.000000;0.000000;2754.903076
2157.000000;10531.000000;6993.000000;0.000000;314564.000000;10715.000000;0.000000;2756.200684
2158.000000;10531.000000;6230.000000;0.000000;468196.000000;10715.000000;0.000000;2757.479492
2159.000000;10531.000000;7070.000000;0.000000;408578.000000;10715.000000;0.000000;2758.765869
2160.000000;10531.000000;7266.000000;0.000000;403108.000000;10715.000000;0.000000;2760.053467
2161.000000;10531.000000;7924.000000;0.000000;407434.000000;10715.000000;0.000000;2761.677490
2162.000000;10531.000000;6587.000000;0.000000;429836.000000;10715.000000;0.000000;2763.155029
2163.000000;10531.000000;8589.000000;0.000000;456360.000000;10715.000000;0.000000;2764.626221
2164.000000;10531.000000;8003.000000;0.000000;347793.000000;10715.000000;0.000000;2766.117920
2165.000000;10531.000000;7914.000000;0.000000;489745.000000;10715.000000;0.000000;2767.568359
2166.000000;10531.000000;6822.000000;0.000000;460105.000000;10715.000000;0.000000;2769.012207
2167.000000;10531.000000;9055.000000;0.000000;367164.000000;10715.000000;0.000000;2770.453369
2168.000000;10531.000000;7093.000000;0.000000;364491.000000;10715.000000;0.000000;2771.891113
2169.000000;10531.000000;7581.000000;0.000000;463453.000000;10715.000000;0.000000;2773.332275
2170.000000;10531.000000;7649.000000;0.000000;329263.000000;10715.000000;0.000000;2774.821777
2171.000000;10531.000000;7397.000000;0.000000;451253.000000;10715.000000;0.000000;2776.311523
2172.000000;10531.000000;8081.000000;0.000000;261589.000000;10715.000000;0.000000;2777.775879
2173.000000;10531.000000;8424.000000;0.000000;611377.000000;10715.000000;0.000000;2779.244141
2174.000000;10531.000000;7964.000000;0.000000;427873.000000;10715.000000;0.000000;2780.581543
2175.000000;10531.000000;7463.000000;0.000000;437350.000000;10715.000000;0.000000;2781.870361
2176.000000;10531.000000;6989.000000;0.000000;634227.000000;10715.000000;0.000000;2783.159912
2177.000000;10531.000000;7307.000000;0.000000;387851.000000;10715.000000;0.000000;2784.443359
2178.000000;10531.000000;7307.000000;0.000000;484931.000000;10715.000000;0.000000;2785.758057
2179.000000;10531.000000;7830.000000;0.000000;397663.000000;10715.000000;0.000000;2787.056885
2180.000000;10531.000000;7862.000000;0.000000;440844.000000;10715.000000;0.000000;2788.362549
2181.000000;10531.000000;8054.000000;0.000000;500864.000000;10715.000000;0.000000;2790.028320
2182.000000;10531.000000;6662.000000;0.000000;497642.000000;10715.000000;0.000000;2791.527832
2183.000000;10531.000000;7596.000000;0.000000;317682.000000;10715.000000;0.000000;2793.108154
2184.000000;10531.000000;7410.000000;0.000000;349089.000000;10715.000000;0.000000;2794.576416
2185.000000;10531.000000;7827.000000;0.000000;370638.000000;10715.000000;0.000000;2796.120850
2186.000000;10531.000000;6392.000000;0.000000;427275.000000;10715.000000;0.000000;2797.584229
2187.000000;10531.000000;7460.000000;0.000000;458496.000000;10715.000000;0.000000;2799.040527
2188.000000;10531.000000;7643.000000;0.000000;432425.000000;10715.000000;0.000000;2800.495605
2189.000000;10531.000000;7561.000000;0.000000;358472.000000;10715.000000;0.000000;2801.969971
2190.000000;10531.000000;7619.000000;0.000000;473650.000000;10715.000000;0.000000;2803.466309
2191.000000;10531.000000;7888.000000;0.000000;406291.000000;10715.000000;0.000000;2804.974854
2192.000000;10531.000000;8243.000000;0.000000;448109.000000;10715.000000;0.000000;2806.489014
2193.000000;10531.000000;6646.000000;0.000000;372419.000000;10715.000000;0.000000;2807.954590
2194.000000;10531.000000;6975.000000;0.000000;408151.000000;10715.000000;0.000000;2809.265625
2195.000000;10531.000000;7925.000000;0.000000;405317.000000;10715.000000;0.000000;2810.563232
2196.000000;10531.000000;7429.000000;0.000000;528099.000000;10715.000000;0.000000;2811.857910
2197.000000;10531.000000;7796.000000;0.000000;525006.000000;10715.000000;0.000000;2813.156250
2198.000000;10531.000000;7885.000000;0.000000;447842.000000;10715.000000;0.000000;2814.452148
2199.000000;10531.000000;8647.000000;0.000000;319707.000000;10715.000000;0.000000;2815.786865
2200.000000;10531.000000;9096.000000;0.000000;484639.000000;10715.000000;0.000000;2817.100830
2201.000000;10531.000000;8787.000000;0.000000;280100.000000;10715.000000;0.000000;2818.759521
2202.000000;10531.000000;8075.000000;0.000000;283466.000000;10715.000000;0.000000;2820.275146
2203.000000;10531.000000;7496.000000;0.000000;524118.000000;10715.000000;0.000000;2821.787598
2204.000000;10531.000000;8286.000000;0.000000;326121.000000;10715.000000;0.000000;2823.277344
2205.000000;10531.000000;7341.000000;0.000000;435469.000000;10715.000000;0.000000;2824.750488
2206.000000;10531.000000;7756.000000;0.000000;353270.000000;10715.000000;0.000000;2826.248779
2207.000000;10531.000000;7482.000000;0.000000;524803.000000;10715.000000;0.000000;2827.718750
2208.000000;10531.000000;7112.000000;0.000000;488208.000000;10715.000000;0.000000;2829.192383
2209.000000;10531.000000;6966.000000;0.000000;388754.000000;10715.000000;0.000000;2830.662598
2210.000000;10531.000000;7795.000000;0.000000;414196.000000;10715.000000;0.000000;2832.192139
2211.000000;10531.000000;7446.000000;0.000000;421264.000000;10715.000000;0.000000;2833.694824
2212.000000;10531.000000;7457.000000;0.000000;543442.000000;10715.000000;0.000000;2835.191650
2213.000000;10531.000000;7070.000000;0.000000;394784.000000;10715.000000;0.000000;2836.718018
2214.000000;10531.000000;7186.000000;0.000000;548687.000000;10715.000000;0.000000;2838.061768
2215.000000;10531.000000;6824.000000;0.000000;529226.000000;10715.000000;0.000000;2839.372803
2216.000000;10531.000000;7963.000000;0.000000;388203.000000;10715.000000;0.000000;2840.698975
2217.000000;10531.000000;7660.000000;0.000000;534473.000000;10715.000000;0.000000;2842.028320
2218.000000;10531.000000;8065.000000;0.000000;551107.000000;10715.000000;0.000000;2843.342773
2219.000000;10531.000000;8436.000000;0.000000;503291.000000;10715.000000;0.000000;2844.656982
2220.000000;10531.000000;8025.000000;0.000000;524508.000000;10715.000000;0.000000;2845.995117
2221.000000;10531.000000;6966.000000;0.000000;366067.000000;10715.000000;0.000000;2847.691895
2222.000000;10531.000000;8085.000000;0.000000;388239.000000;10715.000000;0.000000;2849.223145
2223.000000;10531.000000;8071.000000;0.000000;405527.000000;10715.000000;0.000000;2850.843506
2224.000000;10531.000000;8495.000000;0.000000;392578.000000;10715.000000;0.000000;2852.344238
2225.000000;10531.000000;7380.000000;0.000000;464166.000000;10715.000000;0.000000;2853.841797
2226.000000;10531.000000;8739.000000;0.000000;381860.000000;10715.000000;0.000000;2855.341064
2227.000000;10531.000000;7945.000000;0.000000;444509.000000;10715.000000;0.000000;2856.899170
2228.000000;10531.000000;8198.000000;0.000000;486789.000000;10715.000000;0.000000;2858.404297
2229.000000;10531.000000;8230.000000;0.000000;408402.000000;10715.000000;0.000000;2859.904541
2230.000000;10531.000000;8074.000000;0.000000;385846.000000;10715.000000;0.000000;2861.404053
2231.000000;10531.000000;8334.000000;0.000000;318802.000000;10715.000000;0.000000;2862.903564
2232.000000;10531.000000;7129.000000;0.000000;446280.000000;10715.000000;0.000000;2864.434082
2233.000000;10531.000000;6958.000000;0.000000;415915.000000;10715.000000;0.000000;2865.970703
2234.000000;10531.000000;8308.000000;0.000000;434666.000000;10715.000000;0.000000;2867.538086
2235.000000;10531.000000;8917.000000;0.000000;505012.000000;10715.000000;0.000000;2869.057373
2236.000000;10531.000000;7938.000000;0.000000;349931.000000;10715.000000;0.000000;2870.712891
2237.000000;10531.000000;8624.000000;0.000000;372145.000000;10715.000000;0.000000;2872.207764
2238.000000;10531.000000;7636.000000;0.000000;448563.000000;10715.000000;0.000000;2873.548584
2239.000000;10531.000000;7750.000000;0.000000;458168.000000;10715.000000;0.000000;2874.882324
2240.000000;10531.000000;8110.000000;0.000000;336079.000000;10715.000000;0.000000;2876.234375
2241.000000;10531.000000;7155.000000;0.000000;451128.000000;10715.000000;0.000000;2877.900879
2242.000000;10531.000000;7404.000000;0.000000;461838.000000;10715.000000;0.000000;2879.402344
2243.000000;10531.000000;8031.000000;0.000000;429039.000000;10715.000000;0.000000;2880.887451
2244.000000;10531.000000;7042.000000;0.000000;482624.000000;10715.000000;0.000000;2882.352783
2245.000000;10531.000000;7594.000000;0.000000;440038.000000;10715.000000;0.000000;2883.811035
2246.000000;10531.000000;7367.000000;0.000000;379777.000000;10715.000000;0.000000;2885.267822
2247.000000;10531.000000;6682.000000;0.000000;463947.000000;10715.000000;0.000000;2886.754395
2248.000000;10531.000000;8339.000000;0.000000;282035.000000;10715.000000;0.000000;2888.216064
2249.000000;10531.000000;7521.000000;0.000000;343834.000000;10715.000000;0.000000;2889.683594
2250.000000;10531.000000;8286.000000;0.000000;396686.000000;10715.000000;0.000000;2891.190918
2251.000000;10531.000000;8645.000000;0.000000;380728.000000;10715.000000;0.000000;2892.676025
2252.000000;10531.000000;7861.000000;0.000000;472600.000000;10715.000000;0.000000;2894.161133
2253.000000;10531.000000;7456.000000;0.000000;471330.000000;10715.000000;0.000000;2895.634521
2254.000000;10531.000000;8041.000000;0.000000;404137.000000;10715.000000;0.000000;2896.981445
2255.000000;10531.000000;7378.000000;0.000000;400561.000000;10715.000000;0.000000;2898.282715
2256.000000;10531.000000;7627.000000;0.000000;348133.000000;10715.000000;0.000000;2899.583496
2257.000000;10531.000000;7220.000000;0.000000;501985.000000;10715.000000;0.000000;2900.882812
2258.000000;10531.000000;7781.000000;0.000000;416687.000000;10715.000000;0.000000;2902.180176
2259.000000;10531.000000;7997.000000;0.000000;276757.000000;10715.000000;0.000000;2903.481934
2260.000000;10531.000000;6976.000000;0.000000;324335.000000;10715.000000;0.000000;2904.798828
2261.000000;10531.000000;7626.000000;0.000000;416266.000000;10715.000000;0.000000;2906.455811
2262.000000;10531.000000;7469.000000;0.000000;402548.000000;10715.000000;0.000000;2907.968018
2263.000000;10531.000000;7908.000000;0.000000;436524.000000;10715.000000;0.000000;2909.477051
2264.000000;10531.000000;8036.000000;0.000000;534507.000000;10715.000000;0.000000;2910.981689
2265.000000;10531.000000;7265.000000;0.000000;480996.000000;10715.000000;0.000000;2912.454834
2266.000000;10531.000000;6412.000000;0.000000;565156.000000;10715.000000;0.000000;2913.926758
2267.000000;10531.000000;6907.000000;0.000000;471711.000000;10715.000000;0.000000;2915.391846
2268.000000;10531.000000;7260.000000;0.000000;315974.000000;10715.000000;0.000000;2916.899170
2269.000000;10531.000000;7674.000000;0.000000;367899.000000;10715.000000;0.000000;2918.368408
2270.000000;10531.000000;6572.000000;0.000000;370663.000000;10715.000000;0.000000;2919.902344
2271.000000;10531.000000;8111.000000;0.000000;396766.000000;10715.000000;0.000000;2921.379150
2272.000000;10531.000000;6903.000000;0.000000;451854.000000;10715.000000;0.000000;2922.846436
2273.000000;10531.000000;7888.000000;0.000000;458894.000000;10715.000000;0.000000;2924.333496
2274.000000;10531.000000;8843.000000;0.000000;406906.000000;10715.000000;0.000000;2925.826416
2275.000000;10531.000000;7351.000000;0.000000;295334.000000;10715.000000;0.000000;2927.362061
2276.000000;10531.000000;6944.000000;0.000000;394557.000000;10715.000000;0.000000;2928.859131
2277.000000;10531.000000;7933.000000;0.000000;499202.000000;10715.000000;0.000000;2930.354004
2278.000000;10531.000000;7268.000000;0.000000;435482.000000;10715.000000;0.000000;2931.833496
2279.000000;10531.000000;7097.000000;0.000000;515336.000000;10715.000000;0.000000;2933.164795
2280.000000;10531.000000;7234.000000;0.000000;448158.000000;10715.000000;0.000000;2934.476318
2281.000000;10531.000000;8188.000000;0.000000;408031.000000;10715.000000;0.000000;2936.150146
2282.000000;10531.000000;9454.000000;0.000000;395796.000000;10715.000000;0.000000;2937.662109
2283.000000;10531.000000;7410.000000;0.000000;452648.000000;10715.000000;0.000000;2939.129395
2284.000000;10531.000000;7024.000000;0.000000;434876.000000;10715.000000;0.000000;2940.578369
2285.000000;10531.000000;6374.000000;0.000000;544846.000000;10715.000000;0.000000;2942.015137
2286.000000;10531.000000;7571.000000;0.000000;586294.000000;10715.000000;0.000000;2943.453857
2287.000000;10531.000000;7978.000000;0.000000;417637.000000;10715.000000;0.000000;2944.889893
2288.000000;10531.000000;7490.000000;0.000000;498077.000000;10715.000000;0.000000;2946.326660
2289.000000;10531.000000;7782.000000;0.000000;471041.000000;10715.000000;0.000000;2947.789307
2290.000000;10531.000000;7486.000000;0.000000;428371.000000;10715.000000;0.000000;2949.285400
2291.000000;10531.000000;6832.000000;0.000000;494286.000000;10715.000000;0.000000;2950.746338
2292.000000;10531.000000;7042.000000;0.000000;352435.000000;10715.000000;0.000000;2952.207031
2293.000000;10531.000000;8191.000000;0.000000;440240.000000;10715.000000;0.000000;2953.667969
2294.000000;10531.000000;7176.000000;0.000000;417594.000000;10715.000000;0.000000;2954.999512
2295.000000;10531.000000;8765.000000;0.000000;420769.000000;10715.000000;0.000000;2956.281738
2296.000000;10531.000000;7506.000000;0.000000;549572.000000;10715.000000;0.000000;2957.597412
2297.000000;10531.000000;6115.000000;0.000000;463757.000000;10715.000000;0.000000;2958.887207
2298.000000;10531.000000;8175.000000;0.000000;419767.000000;10715.000000;0.000000;2960.172852
2299.000000;10531.000000;8286.000000;0.000000;405786.000000;10715.000000;0.000000;2961.454590
2300.000000;10531.000000;8459.000000;0.000000;506539.000000;10715.000000;0.000000;2962.742432
2301.000000;10531.000000;7693.000000;0.000000;377753.000000;10715.000000;0.000000;2964.364746
2302.000000;10531.000000;7865.000000;0.000000;425764.000000;10715.000000;0.000000;2965.828613
2303.000000;10531.000000;7091.000000;0.000000;436738.000000;10715.000000;0.000000;2967.310303
2304.000000;10531.000000;8888.000000;0.000000;459772.000000;10715.000000;0.000000;2968.723389
2305.000000;10531.000000;6132.000000;0.000000;527877.000000;10715.000000;0.000000;2970.139404
2306.000000;10531.000000;7841.000000;0.000000;439066.000000;10715.000000;0.000000;2971.544678
2307.000000;10531.000000;6296.000000;0.000000;393549.000000;10715.000000;0.000000;2972.948486
2308.000000;10531.000000;9518.000000;0.000000;404916.000000;10715.000000;0.000000;2974.354004
2309.000000;10531.000000;8373.000000;0.000000;498603.000000;10715.000000;0.000000;2975.798828
2310.000000;10531.000000;8174.000000;0.000000;460392.000000;10715.000000;0.000000;2977.268799
2311.000000;10531.000000;7707.000000;0.000000;479481.000000;10715.000000;0.000000;2978.693604
2312.000000;10531.000000;6563.000000;0.000000;483852.000000;10715.000000;0.000000;2980.114502
2313.000000;10531.000000;7420.000000;0.000000;472899.000000;10715.000000;0.000000;2981.517578
2314.000000;10531.000000;7712.000000;0.000000;341056.000000;10715.000000;0.000000;2982.777832
2315.000000;10531.000000;7228.000000;0.000000;351879.000000;10715.000000;0.000000;2984.036865
2316.000000;10531.000000;7568.000000;0.000000;454866.000000;10715.000000;0.000000;2985.322510
2317.000000;10531.000000;7906.000000;0.000000;464283.000000;10715.000000;0.000000;2986.581055
2318.000000;10531.000000;7549.000000;0.000000;452450.000000;10715.000000;0.000000;2987.886719
2319.000000;10531.000000;7785.000000;0.000000;438369.000000;10715.000000;0.000000;2989.148926
2320.000000;10531.000000;9032.000000;0.000000;401318.000000;10715.000000;0.000000;2990.404297
2321.000000;10531.000000;7263.000000;0.000000;440628.000000;10715.000000;0.000000;2991.961914
2322.000000;10531.000000;7941.000000;0.000000;447895.000000;10715.000000;0.000000;2993.397949
2323.000000;10531.000000;7372.000000;0.000000;472399.000000;10715.000000;0.000000;2994.832520
2324.000000;10531.000000;7123.000000;0.000000;400216.000000;10715.000000;0.000000;2996.253174
2325.000000;10531.000000;8174.000000;0.000000;543504.000000;10715.000000;0.000000;2997.671143
2326.000000;10531.000000;7350.000000;0.000000;408311.000000;10715.000000;0.000000;2999.049072
2327.000000;10531.000000;8256.000000;0.000000;470803.000000;10715.000000;0.000000;3000.489746
2328.000000;10531.000000;7895.000000;0.000000;454790.000000;10715.000000;0.000000;3001.884521
2329.000000;10531.000000;8943.000000;0.000000;375828.000000;10715.000000;0.000000;3003.265137
2330.000000;10531.000000;7284.000000;0.000000;461572.000000;10715.000000;0.000000;3004.684814
2331.000000;10531.000000;6236.000000;0.000000;462833.000000;10715.000000;0.000000;3006.077148
2332.000000;10531.000000;7414.000000;0.000000;444801.000000;10715.000000;0.000000;3007.505371
2333.000000;10531.000000;9044.000000;0.000000;459749.000000;10715.000000;0.000000;3008.915283
2334.000000;10531.000000;8522.000000;0.000000;482924.000000;10715.000000;0.000000;3010.270020
2335.000000;10531.000000;7782.000000;0.000000;467255.000000;10715.000000;0.000000;3011.500000
2336.000000;10531.000000;7035.000000;0.000000;440438.000000;10715.000000;0.000000;3012.728760
2337.000000;10531.000000;7891.000000;0.000000;368529.000000;10715.000000;0.000000;3013.960693
2338.000000;10531.000000;7610.000000;0.000000;450597.000000;10715.000000;0.000000;3015.191895
2339.000000;10531.000000;7574.000000;0.000000;511289.000000;10715.000000;0.000000;3016.420166
2340.000000;10531.000000;8203.000000;0.000000;421481.000000;10715.000000;0.000000;3017.694092
2341.000000;10531.000000;6997.000000;0.000000;364153.000000;10715.000000;0.000000;3019.281982
2342.000000;10531.000000;7520.000000;0.000000;413180.000000;10715.000000;0.000000;3020.696533
2343.000000;10531.000000;7925.000000;0.000000;365639.000000;10715.000000;0.000000;3022.149902
2344.000000;10531.000000;9111.000000;0.000000;427726.000000;10715.000000;0.000000;3023.555908
2345.000000;10531.000000;8910.000000;0.000000;178894.000000;10715.000000;0.000000;3024.938477
2346.000000;10531.000000;8076.000000;0.000000;397715.000000;10715.000000;0.000000;3026.315674
2347.000000;10531.000000;7642.000000;0.000000;453585.000000;10715.000000;0.000000;3027.731689
2348.000000;10531.000000;7277.000000;0.000000;564742.000000;10715.000000;0.000000;3029.125000
2349.000000;10531.000000;6922.000000;0.000000;470143.000000;10715.000000;0.000000;3030.530273
2350.000000;10531.000000;7583.000000;0.000000;517222.000000;10715.000000;0.000000;3031.965576
2351.000000;10531.000000;7715.000000;0.000000;470552.000000;10715.000000;0.000000;3033.378906
2352.000000;10531.000000;7537.000000;0.000000;491776.000000;10715.000000;0.000000;3034.801758
2353.000000;10531.000000;8878.000000;0.000000;470895.000000;10715.000000;0.000000;3036.221680
2354.000000;10531.000000;7186.000000;0.000000;429443.000000;10715.000000;0.000000;3037.627441
2355.000000;10531.000000;7339.000000;0.000000;399709.000000;10715.000000;0.000000;3038.876465
2356.000000;10531.000000;6592.000000;0.000000;403426.000000;10715.000000;0.000000;3040.127686
2357.000000;10531.000000;6759.000000;0.000000;560725.000000;10715.000000;0.000000;3041.382080
2358.000000;10531.000000;7216.000000;0.000000;446419.000000;10715.000000;0.000000;3042.623535
2359.000000;10531.000000;6828.000000;0.000000;455159.000000;10715.000000;0.000000;3043.988770
2360.000000;10531.000000;8211.000000;0.000000;506375.000000;10715.000000;0.000000;3045.266113
2361.000000;10531.000000;6541.000000;0.000000;373838.000000;10715.000000;0.000000;3046.821533
2362.000000;10531.000000;7668.000000;0.000000;412933.000000;10715.000000;0.000000;3048.269287
2363.000000;10531.000000;8351.000000;0.000000;292460.000000;10715.000000;0.000000;3049.688721
2364.000000;10531.000000;7566.000000;0.000000;496273.000000;10715.000000;0.000000;3051.089844
2365.000000;10531.000000;6557.000000;0.000000;410175.000000;10715.000000;0.000000;3052.482910
2366.000000;10531.000000;8205.000000;0.000000;572641.000000;10715.000000;0.000000;3053.874268
2367.000000;10531.000000;8645.000000;0.000000;403034.000000;10715.000000;0.000000;3055.268799
2368.000000;10531.000000;7715.000000;0.000000;480831.000000;10715.000000;0.000000;3056.657715
2369.000000;10531.000000;8383.000000;0.000000;445478.000000;10715.000000;0.000000;3058.094238
2370.000000;10531.000000;7296.000000;0.000000;402135.000000;10715.000000;0.000000;3059.545410
2371.000000;10531.000000;7921.000000;0.000000;423665.000000;10715.000000;0.000000;3060.972900
2372.000000;10531.000000;6870.000000;0.000000;451354.000000;10715.000000;0.000000;3062.401123
2373.000000;10531.000000;6945.000000;0.000000;429917.000000;10715.000000;0.000000;3063.827148
2374.000000;10531.000000;6992.000000;0.000000;404824.000000;10715.000000;0.000000;3065.204346
2375.000000;10531.000000;7244.000000;0.000000;456113.000000;10715.000000;0.000000;3066.454834
2376.000000;10531.000000;8115.000000;0.000000;457593.000000;10715.000000;0.000000;3067.751709
2377.000000;10531.000000;7456.000000;0.000000;476599.000000;10715.000000;0.000000;3069.006836
2378.000000;10531.000000;8263.000000;0.000000;601691.000000;10715.000000;0.000000;3070.260986
2379.000000;10531.000000;6891.000000;0.000000;465083.000000;10715.000000;0.000000;3071.512695
2380.000000;10531.000000;9825.000000;0.000000;366841.000000;10715.000000;0.000000;3072.762695
2381.000000;10531.000000;6258.000000;0.000000;515011.000000;10715.000000;0.000000;3074.346436
2382.000000;10531.000000;8400.000000;0.000000;451070.000000;10715.000000;0.000000;3075.787109
2383.000000;10531.000000;8426.000000;0.000000;438698.000000;10715.000000;0.000000;3077.224365
2384.000000;10531.000000;8842.000000;0.000000;524955.000000;10715.000000;0.000000;3078.707764
2385.000000;10531.000000;7837.000000;0.000000;480629.000000;10715.000000;0.000000;3080.128418
2386.000000;10531.000000;7135.000000;0.000000;506562.000000;10715.000000;0.000000;3081.529541
2387.000000;10531.000000;8445.000000;0.000000;380436.000000;10715.000000;0.000000;3082.926514
2388.000000;10531.000000;7110.000000;0.000000;382531.000000;10715.000000;0.000000;3084.325928
2389.000000;10531.000000;7173.000000;0.000000;559864.000000;10715.000000;0.000000;3085.726562
2390.000000;10531.000000;7256.000000;0.000000;483394.000000;10715.000000;0.000000;3087.179688
2391.000000;10531.000000;6576.000000;0.000000;530878.000000;10715.000000;0.000000;3088.647217
2392.000000;10531.000000;6954.000000;0.000000;570332.000000;10715.000000;0.000000;3090.089355
2393.000000;10531.000000;6035.000000;0.000000;484645.000000;10715.000000;0.000000;3091.635254
2394.000000;10531.000000;7033.000000;0.000000;335045.000000;10715.000000;0.000000;3093.098633
2395.000000;10531.000000;7004.000000;0.000000;513970.000000;10715.000000;0.000000;3094.380371
2396.000000;10531.000000;7232.000000;0.000000;535114.000000;10715.000000;0.000000;3095.644287
2397.000000;10531.000000;7550.000000;0.000000;371153.000000;10715.000000;0.000000;3096.965332
2398.000000;10531.000000;7173.000000;0.000000;408254.000000;10715.000000;0.000000;3098.259033
2399.000000;10531.000000;7061.000000;0.000000;502751.000000;10715.000000;0.000000;3099.526855
2400.000000;10531.000000;8696.000000;0.000000;426167.000000;10715.000000;0.000000;3100.799072
2401.000000;10531.000000;7235.000000;0.000000;478059.000000;10715.000000;0.000000;3102.400391
2402.000000;10531.000000;7167.000000;0.000000;497637.000000;10715.000000;0.000000;3103.870605
2403.000000;10531.000000;7566.000000;0.000000;422811.000000;10715.000000;0.000000;3105.386719
2404.000000;10531.000000;7627.000000;0.000000;384858.000000;10715.000000;0.000000;3106.821289
2405.000000;10531.000000;7916.000000;0.000000;346449.000000;10715.000000;0.000000;3108.270508
2406.000000;10531.000000;7062.000000;0.000000;421900.000000;10715.000000;0.000000;3109.694092
2407.000000;10531.000000;9763.000000;0.000000;463640.000000;10715.000000;0.000000;3111.115967
2408.000000;10531.000000;6966.000000;0.000000;498164.000000;10715.000000;0.000000;3112.527588
2409.000000;10531.000000;6566.000000;0.000000;515375.000000;10715.000000;0.000000;3113.949463
2410.000000;10531.000000;6399.000000;0.000000;382551.000000;10715.000000;0.000000;3115.365479
2411.000000;10531.000000;7779.000000;0.000000;466199.000000;10715.000000;0.000000;3116.790283
2412.000000;10531.000000;7590.000000;0.000000;530358.000000;10715.000000;0.000000;3118.317871
2413.000000;10531.000000;8070.000000;0.000000;426580.000000;10715.000000;0.000000;3119.780029
2414.000000;10531.000000;6906.000000;0.000000;458046.000000;10715.000000;0.000000;3121.237061
2415.000000;10531.000000;7918.000000;0.000000;301938.000000;10715.000000;0.000000;3122.694336
2416.000000;10531.000000;7815.000000;0.000000;360300.000000;10715.000000;0.000000;3124.006592
2417.000000;10531.000000;8428.000000;0.000000;466513.000000;10715.000000;0.000000;3125.295410
2418.000000;10531.000000;8960.000000;0.000000;443233.000000;10715.000000;0.000000;3126.582031
2419.000000;10531.000000;6380.000000;0.000000;451813.000000;10715.000000;0.000000;3127.895996
2420.000000;10531.000000;6781.000000;0.000000;515620.000000;10715.000000;0.000000;3129.187744
2421.000000;10531.000000;6874.000000;0.000000;373221.000000;10715.000000;0.000000;3130.889893
2422.000000;10531.000000;7571.000000;0.000000;486562.000000;10715.000000;0.000000;3132.367188
2423.000000;10531.000000;9237.000000;0.000000;264068.000000;10715.000000;0.000000;3133.842529
2424.000000;10531.000000;7041.000000;0.000000;552647.000000;10715.000000;0.000000;3135.297119
2425.000000;10531.000000;6611.000000;0.000000;571458.000000;10715.000000;0.000000;3136.737549
2426.000000;10531.000000;8123.000000;0.000000;488111.000000;10715.000000;0.000000;3138.244873
2427.000000;10531.000000;7839.000000;0.000000;513418.000000;10715.000000;0.000000;3140.082764
2428.000000;10531.000000;6850.000000;0.000000;376402.000000;10715.000000;0.000000;3141.556641
2429.000000;10531.000000;7429.000000;0.000000;374817.000000;10715.000000;0.000000;3143.023193
2430.000000;10531.000000;7522.000000;0.000000;436410.000000;10715.000000;0.000000;3144.483887
2431.000000;10531.000000;8567.000000;0.000000;394988.000000;10715.000000;0.000000;3145.937012
2432.000000;10531.000000;8395.000000;0.000000;419780.000000;10715.000000;0.000000;3147.399902
2433.000000;10531.000000;8959.000000;0.000000;416141.000000;10715.000000;0.000000;3148.872803
2434.000000;10531.000000;8116.000000;0.000000;433979.000000;10715.000000;0.000000;3150.180420
2435.000000;10531.000000;7507.000000;0.000000;474843.000000;10715.000000;0.000000;3151.482422
2436.000000;10531.000000;8532.000000;0.000000;434764.000000;10715.000000;0.000000;3152.782715
2437.000000;10531.000000;7419.000000;0.000000;456727.000000;10715.000000;0.000000;3154.075195
2438.000000;10531.000000;6703.000000;0.000000;494761.000000;10715.000000;0.000000;3155.364990
2439.000000;10531.000000;8940.000000;0.000000;366946.000000;10715.000000;0.000000;3156.654297
2440.000000;10531.000000;8448.000000;0.000000;377794.000000;10715.000000;0.000000;3157.984375
2441.000000;10531.000000;7303.000000;0.000000;458106.000000;10715.000000;0.000000;3159.689209
2442.000000;10531.000000;7778.000000;0.000000;516404.000000;10715.000000;0.000000;3161.154053
2443.000000;10531.000000;7036.000000;0.000000;461969.000000;10715.000000;0.000000;3162.638672
2444.000000;10531.000000;7466.000000;0.000000;452773.000000;10715.000000;0.000000;3164.110840
2445.000000;10531.000000;6774.000000;0.000000;400215.000000;10715.000000;0.000000;3165.592773
2446.000000;10531.000000;7429.000000;0.000000;420685.000000;10715.000000;0.000000;3167.049561
2447.000000;10531.000000;6671.000000;0.000000;421015.000000;10715.000000;0.000000;3168.543213
2448.000000;10531.000000;7860.000000;0.000000;552597.000000;10715.000000;0.000000;3170.001465
2449.000000;10531.000000;6691.000000;0.000000;462067.000000;10715.000000;0.000000;3171.469727
2450.000000;10531.000000;8794.000000;0.000000;408902.000000;10715.000000;0.000000;3172.972656
2451.000000;10531.000000;6809.000000;0.000000;434656.000000;10715.000000;0.000000;3174.454590
2452.000000;10531.000000;7812.000000;0.000000;436138.000000;10715.000000;0.000000;3175.933838
2453.000000;10531.000000;9810.000000;0.000000;430041.000000;10715.000000;0.000000;3177.393311
2454.000000;10531.000000;7019.000000;0.000000;369203.000000;10715.000000;0.000000;3178.714355
2455.000000;10531.000000;8499.000000;0.000000;341545.000000;10715.000000;0.000000;3179.980957
2456.000000;10531.000000;7975.000000;0.000000;429783.000000;10715.000000;0.000000;3181.249756
2457.000000;10531.000000;8030.000000;0.000000;288048.000000;10715.000000;0.000000;3182.519287
2458.000000;10531.000000;7479.000000;0.000000;538629.000000;10715.000000;0.000000;3183.789551
2459.000000;10531.000000;6983.000000;0.000000;433876.000000;10715.000000;0.000000;3185.053711
2460.000000;10531.000000;6821.000000;0.000000;594767.000000;10715.000000;0.000000;3186.361572
2461.000000;10531.000000;6708.000000;0.000000;530762.000000;10715.000000;0.000000;3187.959717
2462.000000;10531.000000;6374.000000;0.000000;489762.000000;10715.000000;0.000000;3189.432129
2463.000000;10531.000000;7384.000000;0.000000;489006.000000;10715.000000;0.000000;3190.886475
2464.000000;10531.000000;7988.000000;0.000000;374929.000000;10715.000000;0.000000;3192.326904
2465.000000;10531.000000;6450.000000;0.000000;436478.000000;10715.000000;0.000000;3193.749756
2466.000000;10531.000000;8102.000000;0.000000;405280.000000;10715.000000;0.000000;3195.171387
2467.000000;10531.000000;7621.000000;0.000000;392248.000000;10715.000000;0.000000;3196.593018
2468.000000;10531.000000;7309.000000;0.000000;436678.000000;10715.000000;0.000000;3198.022217
2469.000000;10531.000000;7741.000000;0.000000;433931.000000;10715.000000;0.000000;3199.463867
2470.000000;10531.000000;7526.000000;0.000000;363131.000000;10715.000000;0.000000;3200.884033
2471.000000;10531.000000;9476.000000;0.000000;470377.000000;10715.000000;0.000000;3202.304443
2472.000000;10531.000000;8160.000000;0.000000;393437.000000;10715.000000;0.000000;3203.726807
2473.000000;10531.000000;7240.000000;0.000000;497415.000000;10715.000000;0.000000;3205.163574
2474.000000;10531.000000;7448.000000;0.000000;446179.000000;10715.000000;0.000000;3206.588867
2475.000000;10531.000000;8278.000000;0.000000;434157.000000;10715.000000;0.000000;3208.050537
2476.000000;10531.000000;9005.000000;0.000000;290446.000000;10715.000000;0.000000;3209.488037
2477.000000;10531.000000;7914.000000;0.000000;502617.000000;10715.000000;0.000000;3210.906494
2478.000000;10531.000000;7221.000000;0.000000;422177.000000;10715.000000;0.000000;3212.317383
2479.000000;10531.000000;6971.000000;0.000000;428577.000000;10715.000000;0.000000;3213.616455
2480.000000;10531.000000;6986.000000;0.000000;393438.000000;10715.000000;0.000000;3214.859131
2481.000000;10531.000000;8037.000000;0.000000;408753.000000;10715.000000;0.000000;3216.456543
2482.000000;10531.000000;6678.000000;0.000000;381632.000000;10715.000000;0.000000;3217.885010
2483.000000;10531.000000;7931.000000;0.000000;287437.000000;10715.000000;0.000000;3219.332275
2484.000000;10531.000000;7733.000000;0.000000;417275.000000;10715.000000;0.000000;3220.739014
2485.000000;10531.000000;7747.000000;0.000000;381479.000000;10715.000000;0.000000;3222.134521
2486.000000;10531.000000;7386.000000;0.000000;407644.000000;10715.000000;0.000000;3223.532715
2487.000000;10531.000000;7802.000000;0.000000;270557.000000;10715.000000;0.000000;3224.955811
2488.000000;10531.000000;7988.000000;0.000000;352549.000000;10715.000000;0.000000;3226.356201
2489.000000;10531.000000;6156.000000;0.000000;564758.000000;10715.000000;0.000000;3227.753174
2490.000000;10531.000000;7177.000000;0.000000;418355.000000;10715.000000;0.000000;3229.234131
2491.000000;10531.000000;7634.000000;0.000000;513755.000000;10715.000000;0.000000;3230.647461
2492.000000;10531.000000;6087.000000;0.000000;495361.000000;10715.000000;0.000000;3232.062012
2493.000000;10531.000000;7806.000000;0.000000;433738.000000;10715.000000;0.000000;3233.476562
2494.000000;10531.000000;6396.000000;0.000000;454617.000000;10715.000000;0.000000;3234.830322
2495.000000;10531.000000;6956.000000;0.000000;397491.000000;10715.000000;0.000000;3236.074219
2496.000000;10531.000000;6335.000000;0.000000;515022.000000;10715.000000;0.000000;3237.325439
2497.000000;10531.000000;7236.000000;0.000000;324124.000000;10715.000000;0.000000;3238.602539
2498.000000;10531.000000;7176.000000;0.000000;462992.000000;10715.000000;0.000000;3239.860107
2499.000000;10531.000000;7868.000000;0.000000;457208.000000;10715.000000;0.000000;3241.111572
2500.000000;10531.000000;7154.000000;0.000000;448098.000000;10715.000000;0.000000;3242.365479
2501.000000;10531.000000;7101.000000;0.000000;371304.000000;10715.000000;0.000000;3243.943604
2502.000000;10531.000000;7332.000000;0.000000;461146.000000;10715.000000;0.000000;3245.384277
2503.000000;10531.000000;7094.000000;0.000000;469574.000000;10715.000000;0.000000;3246.823486
2504.000000;10531.000000;8560.000000;0.000000;396463.000000;10715.000000;0.000000;3248.239990
2505.000000;10531.000000;7491.000000;0.000000;465111.000000;10715.000000;0.000000;3249.665039
2506.000000;10531.000000;8417.000000;0.000000;346413.000000;10715.000000;0.000000;3251.069824
2507.000000;10531.000000;8124.000000;0.000000;429575.000000;10715.000000;0.000000;3252.475586
2508.000000;10531.000000;7065.000000;0.000000;394857.000000;10715.000000;0.000000;3253.880371
2509.000000;10531.000000;7595.000000;0.000000;521167.000000;10715.000000;0.000000;3255.283691
2510.000000;10531.000000;6456.000000;0.000000;577886.000000;10715.000000;0.000000;3256.737549
2511.000000;10531.000000;7308.000000;0.000000;458923.000000;10715.000000;0.000000;3258.168701
2512.000000;10531.000000;6497.000000;0.000000;434187.000000;10715.000000;0.000000;3259.622559
2513.000000;10531.000000;7418.000000;0.000000;387067.000000;10715.000000;0.000000;3261.106689
2514.000000;10531.000000;6817.000000;0.000000;543401.000000;10715.000000;0.000000;3262.465332
2515.000000;10531.000000;7604.000000;0.000000;377857.000000;10715.000000;0.000000;3263.720215
2516.000000;10531.000000;7687.000000;0.000000;424762.000000;10715.000000;0.000000;3264.980957
2517.000000;10531.000000;7037.000000;0.000000;432400.000000;10715.000000;0.000000;3266.242920
2518.000000;10531.000000;7003.000000;0.000000;434416.000000;10715.000000;0.000000;3267.505127
2519.000000;10531.000000;7166.000000;0.000000;446681.000000;10715.000000;0.000000;3268.801758
2520.000000;10531.000000;6621.000000;0.000000;453882.000000;10715.000000;0.000000;3270.075439
2521.000000;10531.000000;8194.000000;0.000000;374190.000000;10715.000000;0.000000;3271.670166
2522.000000;10531.000000;8606.000000;0.000000;501469.000000;10715.000000;0.000000;3273.134766
2523.000000;10531.000000;7586.000000;0.000000;399819.000000;10715.000000;0.000000;3274.597168
2524.000000;10531.000000;8134.000000;0.000000;422263.000000;10715.000000;0.000000;3276.036377
2525.000000;10531.000000;7726.000000;0.000000;381740.000000;10715.000000;0.000000;3277.472412
2526.000000;10531.000000;7541.000000;0.000000;382192.000000;10715.000000;0.000000;3278.931396
2527.000000;10531.000000;8378.000000;0.000000;438134.000000;10715.000000;0.000000;3280.364746
2528.000000;10531.000000;6899.000000;0.000000;469151.000000;10715.000000;0.000000;3281.794678
2529.000000;10531.000000;8655.000000;0.000000;413109.000000;10715.000000;0.000000;3283.225830
2530.000000;10531.000000;8111.000000;0.000000;396758.000000;10715.000000;0.000000;3284.735596
2531.000000;10531.000000;8122.000000;0.000000;453963.000000;10715.000000;0.000000;3286.193359
2532.000000;10531.000000;7918.000000;0.000000;497867.000000;10715.000000;0.000000;3287.646973
2533.000000;10531.000000;8394.000000;0.000000;353957.000000;10715.000000;0.000000;3289.128174
2534.000000;10531.000000;6936.000000;0.000000;461739.000000;10715.000000;0.000000;3290.456543
2535.000000;10531.000000;7299.000000;0.000000;450795.000000;10715.000000;0.000000;3291.727295
2536.000000;10531.000000;7540.000000;0.000000;538527.000000;10715.000000;0.000000;3293.084229
2537.000000;10531.000000;7840.000000;0.000000;419088.000000;10715.000000;0.000000;3294.538330
2538.000000;10531.000000;9175.000000;0.000000;423373.000000;10715.000000;0.000000;3295.978760
2539.000000;10531.000000;7325.000000;0.000000;420170.000000;10715.000000;0.000000;3297.256348
2540.000000;10531.000000;7123.000000;0.000000;561489.000000;10715.000000;0.000000;3298.707275
2541.000000;10531.000000;7638.000000;0.000000;452266.000000;10715.000000;0.000000;3300.348877
2542.000000;10531.000000;7570.000000;0.000000;461916.000000;10715.000000;0.000000;3301.821777
2543.000000;10531.000000;7752.000000;0.000000;362906.000000;10715.000000;0.000000;3303.292969
2544.000000;10531.000000;7561.000000;0.000000;402608.000000;10715.000000;0.000000;3304.743408
2545.000000;10531.000000;9105.000000;0.000000;350859.000000;10715.000000;0.000000;3306.416504
2546.000000;10531.000000;10014.000000;0.000000;385593.000000;10715.000000;0.000000;3307.871338
2547.000000;10531.000000;7935.000000;0.000000;361810.000000;10715.000000;0.000000;3309.353760
2548.000000;10531.000000;8008.000000;0.000000;413571.000000;10715.000000;0.000000;3310.802002
2549.000000;10531.000000;9016.000000;0.000000;402750.000000;10715.000000;0.000000;3312.250000
2550.000000;10531.000000;7255.000000;0.000000;438724.000000;10715.000000;0.000000;3313.746582
2551.000000;10531.000000;8214.000000;0.000000;393006.000000;10715.000000;0.000000;3315.211914
2552.000000;10531.000000;7619.000000;0.000000;465521.000000;10715.000000;0.000000;3316.677490
2553.000000;10531.000000;8056.000000;0.000000;394356.000000;10715.000000;0.000000;3318.152344
2554.000000;10531.000000;8931.000000;0.000000;426777.000000;10715.000000;0.000000;3319.518555
2555.000000;10531.000000;7379.000000;0.000000;459531.000000;10715.000000;0.000000;3320.791016
2556.000000;10531.000000;7281.000000;0.000000;438452.000000;10715.000000;0.000000;3322.060059
2557.000000;10531.000000;7419.000000;0.000000;436382.000000;10715.000000;0.000000;3323.333008
2558.000000;10531.000000;9431.000000;0.000000;476628.000000;10715.000000;0.000000;3324.601074
2559.000000;10531.000000;7374.000000;0.000000;374047.000000;10715.000000;0.000000;3325.868896
2560.000000;10531.000000;7512.000000;0.000000;529440.000000;10715.000000;0.000000;3327.140137
2561.000000;10531.000000;8320.000000;0.000000;309104.000000;10715.000000;0.000000;3328.785156
2562.000000;10531.000000;7299.000000;0.000000;491186.000000;10715.000000;0.000000;3330.312012
2563.000000;10531.000000;8959.000000;0.000000;429367.000000;10715.000000;0.000000;3331.801025
2564.000000;10531.000000;7668.000000;0.000000;396096.000000;10715.000000;0.000000;3333.261475
2565.000000;10531.000000;8867.000000;0.000000;429184.000000;10715.000000;0.000000;3334.726807
2566.000000;10531.000000;7270.000000;0.000000;474761.000000;10715.000000;0.000000;3336.188965
2567.000000;10531.000000;7125.000000;0.000000;501534.000000;10715.000000;0.000000;3337.661621
2568.000000;10531.000000;7666.000000;0.000000;344698.000000;10715.000000;0.000000;3339.156250
2569.000000;10531.000000;6008.000000;0.000000;411503.000000;10715.000000;0.000000;3340.628418
2570.000000;10531.000000;7467.000000;0.000000;470471.000000;10715.000000;0.000000;3342.138672
2571.000000;10531.000000;7097.000000;0.000000;480417.000000;10715.000000;0.000000;3343.770020
2572.000000;10531.000000;6527.000000;0.000000;545844.000000;10715.000000;0.000000;3345.285400
2573.000000;10531.000000;6987.000000;0.000000;395736.000000;10715.000000;0.000000;3346.747559
2574.000000;10531.000000;7288.000000;0.000000;448380.000000;10715.000000;0.000000;3348.054932
2575.000000;10531.000000;6559.000000;0.000000;425993.000000;10715.000000;0.000000;3349.389648
2576.000000;10531.000000;7372.000000;0.000000;415781.000000;10715.000000;0.000000;3350.692139
2577.000000;10531.000000;7765.000000;0.000000;390376.000000;10715.000000;0.000000;3351.988037
2578.000000;10531.000000;8151.000000;0.000000;543379.000000;10715.000000;0.000000;3353.285156
2579.000000;10531.000000;7557.000000;0.000000;450295.000000;10715.000000;0.000000;3354.580566
2580.000000;10531.000000;8857.000000;0.000000;329102.000000;10715.000000;0.000000;3355.866455
2581.000000;10531.000000;7740.000000;0.000000;484399.000000;10715.000000;0.000000;3357.507080
2582.000000;10531.000000;8198.000000;0.000000;408353.000000;10715.000000;0.000000;3359.039307
2583.000000;10531.000000;8362.000000;0.000000;392556.000000;10715.000000;0.000000;3360.570801
2584.000000;10531.000000;6641.000000;0.000000;262954.000000;10715.000000;0.000000;3362.053955
2585.000000;10531.000000;9037.000000;0.000000;405480.000000;10715.000000;0.000000;3363.528809
2586.000000;10531.000000;7739.000000;0.000000;361870.000000;10715.000000;0.000000;3365.002686
2587.000000;10531.000000;6986.000000;0.000000;424586.000000;10715.000000;0.000000;3366.470459
2588.000000;10531.000000;7832.000000;0.000000;450499.000000;10715.000000;0.000000;3367.944580
2589.000000;10531.000000;7101.000000;0.000000;329284.000000;10715.000000;0.000000;3369.475342
2590.000000;10531.000000;6666.000000;0.000000;415187.000000;10715.000000;0.000000;3371.015381
2591.000000;10531.000000;7562.000000;0.000000;352380.000000;10715.000000;0.000000;3372.529053
2592.000000;10531.000000;9093.000000;0.000000;462381.000000;10715.000000;0.000000;3374.042725
2593.000000;10531.000000;9006.000000;0.000000;508807.000000;10715.000000;0.000000;3375.534912
2594.000000;10531.000000;8219.000000;0.000000;390966.000000;10715.000000;0.000000;3376.862061
2595.000000;10531.000000;7322.000000;0.000000;573882.000000;10715.000000;0.000000;3378.187500
2596.000000;10531.000000;9093.000000;0.000000;432803.000000;10715.000000;0.000000;3379.523682
2597.000000;10531.000000;6900.000000;0.000000;411447.000000;10715.000000;0.000000;3380.921631
2598.000000;10531.000000;8683.000000;0.000000;400802.000000;10715.000000;0.000000;3382.230957
2599.000000;10531.000000;8267.000000;0.000000;430346.000000;10715.000000;0.000000;3383.541016
2600.000000;10531.000000;7401.000000;0.000000;479337.000000;10715.000000;0.000000;3384.853760
2601.000000;10531.000000;8090.000000;0.000000;356746.000000;10715.000000;0.000000;3386.540283
2602.000000;10531.000000;7174.000000;0.000000;509716.000000;10715.000000;0.000000;3388.084229
2603.000000;10531.000000;8004.000000;0.000000;377939.000000;10715.000000;0.000000;3389.651855
2604.000000;10531.000000;7870.000000;0.000000;450170.000000;10715.000000;0.000000;3391.444336
2605.000000;10531.000000;7464.000000;0.000000;307549.000000;10715.000000;0.000000;3392.954590
2606.000000;10531.000000;8028.000000;0.000000;396444.000000;10715.000000;0.000000;3394.531738
2607.000000;10531.000000;6788.000000;0.000000;330296.000000;10715.000000;0.000000;3396.033203
2608.000000;10531.000000;8159.000000;0.000000;400905.000000;10715.000000;0.000000;3397.586914
2609.000000;10531.000000;7560.000000;0.000000;462806.000000;10715.000000;0.000000;3399.141113
2610.000000;10531.000000;8599.000000;0.000000;468026.000000;10715.000000;0.000000;3400.700928
2611.000000;10531.000000;8971.000000;0.000000;393239.000000;10715.000000;0.000000;3402.225342
2612.000000;10531.000000;7781.000000;0.000000;350372.000000;10715.000000;0.000000;3403.760010
2613.000000;10531.000000;8265.000000;0.000000;325347.000000;10715.000000;0.000000;3405.245361
2614.000000;10531.000000;7484.000000;0.000000;491445.000000;10715.000000;0.000000;3406.576416
2615.000000;10531.000000;7228.000000;0.000000;397288.000000;10715.000000;0.000000;3407.908691
2616.000000;10531.000000;6322.000000;0.000000;425396.000000;10715.000000;0.000000;3409.238525
2617.000000;10531.000000;6719.000000;0.000000;562039.000000;10715.000000;0.000000;3410.602295
2618.000000;10531.000000;8075.000000;0.000000;405868.000000;10715.000000;0.000000;3411.934082
2619.000000;10531.000000;7992.000000;0.000000;497406.000000;10715.000000;0.000000;3413.265381
2620.000000;10531.000000;7585.000000;0.000000;477866.000000;10715.000000;0.000000;3414.593018
2621.000000;10531.000000;8658.000000;0.000000;377940.000000;10715.000000;0.000000;3416.347900
2622.000000;10531.000000;7422.000000;0.000000;416540.000000;10715.000000;0.000000;3417.910889
2623.000000;10531.000000;7287.000000;0.000000;405353.000000;10715.000000;0.000000;3419.474609
2624.000000;10531.000000;7452.000000;0.000000;411266.000000;10715.000000;0.000000;3421.025146
2625.000000;10531.000000;7691.000000;0.000000;393010.000000;10715.000000;0.000000;3422.539551
2626.000000;10531.000000;6360.000000;0.000000;419176.000000;10715.000000;0.000000;3424.061768
2627.000000;10531.000000;7167.000000;0.000000;570224.000000;10715.000000;0.000000;3425.570557
2628.000000;10531.000000;8057.000000;0.000000;456741.000000;10715.000000;0.000000;3427.088623
2629.000000;10531.000000;6770.000000;0.000000;426265.000000;10715.000000;0.000000;3428.652832
2630.000000;10531.000000;7265.000000;0.000000;477416.000000;10715.000000;0.000000;3430.236328
2631.000000;10531.000000;6766.000000;0.000000;500343.000000;10715.000000;0.000000;3431.782959
2632.000000;10531.000000;6879.000000;0.000000;413116.000000;10715.000000;0.000000;3433.339355
2633.000000;10531.000000;6572.000000;0.000000;442553.000000;10715.000000;0.000000;3434.793945
2634.000000;10531.000000;7841.000000;0.000000;487767.000000;10715.000000;0.000000;3436.137939
2635.000000;10531.000000;8243.000000;0.000000;482500.000000;10715.000000;0.000000;3437.471680
2636.000000;10531.000000;7748.000000;0.000000;373070.000000;10715.000000;0.000000;3439.141357
2637.000000;10531.000000;7470.000000;0.000000;475186.000000;10715.000000;0.000000;3440.594971
2638.000000;10531.000000;7700.000000;0.000000;469063.000000;10715.000000;0.000000;3441.953857
2639.000000;10531.000000;7920.000000;0.000000;347531.000000;10715.000000;0.000000;3443.300781
2640.000000;10531.000000;6875.000000;0.000000;458167.000000;10715.000000;0.000000;3444.643066
2641.000000;10531.000000;7367.000000;0.000000;438293.000000;10715.000000;0.000000;3446.387451
2642.000000;10531.000000;6753.000000;0.000000;447451.000000;10715.000000;0.000000;3447.915771
2643.000000;10531.000000;7054.000000;0.000000;427954.000000;10715.000000;0.000000;3449.422852
2644.000000;10531.000000;7739.000000;0.000000;378431.000000;10715.000000;0.000000;3450.949707
2645.000000;10531.000000;7237.000000;0.000000;288224.000000;10715.000000;0.000000;3452.462402
2646.000000;10531.000000;7231.000000;0.000000;424820.000000;10715.000000;0.000000;3453.944336
2647.000000;10531.000000;8057.000000;0.000000;467041.000000;10715.000000;0.000000;3455.424072
2648.000000;10531.000000;7877.000000;0.000000;502888.000000;10715.000000;0.000000;3456.900635
2649.000000;10531.000000;7069.000000;0.000000;438336.000000;10715.000000;0.000000;3458.420654
2650.000000;10531.000000;7256.000000;0.000000;459279.000000;10715.000000;0.000000;3459.958984
2651.000000;10531.000000;7665.000000;0.000000;438984.000000;10715.000000;0.000000;3461.464111
2652.000000;10531.000000;7331.000000;0.000000;401586.000000;10715.000000;0.000000;3462.958984
2653.000000;10531.000000;7191.000000;0.000000;469652.000000;10715.000000;0.000000;3464.460938
2654.000000;10531.000000;8277.000000;0.000000;389091.000000;10715.000000;0.000000;3465.800781
2655.000000;10531.000000;8198.000000;0.000000;354722.000000;10715.000000;0.000000;3467.120117
2656.000000;10531.000000;9321.000000;0.000000;514865.000000;10715.000000;0.000000;3468.432129
2657.000000;10531.000000;7851.000000;0.000000;482527.000000;10715.000000;0.000000;3469.733643
2658.000000;10531.000000;7563.000000;0.000000;419320.000000;10715.000000;0.000000;3471.065186
2659.000000;10531.000000;7427.000000;0.000000;345235.000000;10715.000000;0.000000;3472.374512
2660.000000;10531.000000;7219.000000;0.000000;391775.000000;10715.000000;0.000000;3473.683594
2661.000000;10531.000000;7067.000000;0.000000;356439.000000;10715.000000;0.000000;3475.338379
2662.000000;10531.000000;7505.000000;0.000000;389138.000000;10715.000000;0.000000;3476.847656
2663.000000;10531.000000;7340.000000;0.000000;274191.000000;10715.000000;0.000000;3478.317627
2664.000000;10531.000000;9052.000000;0.000000;404189.000000;10715.000000;0.000000;3479.770020
2665.000000;10531.000000;6825.000000;0.000000;399836.000000;10715.000000;0.000000;3481.245117
2666.000000;10531.000000;7739.000000;0.000000;483944.000000;10715.000000;0.000000;3482.687012
2667.000000;10531.000000;8162.000000;0.000000;524385.000000;10715.000000;0.000000;3484.132812
2668.000000;10531.000000;7502.000000;0.000000;418228.000000;10715.000000;0.000000;3485.579834
2669.000000;10531.000000;7075.000000;0.000000;537160.000000;10715.000000;0.000000;3487.026855
2670.000000;10531.000000;8328.000000;0.000000;466667.000000;10715.000000;0.000000;3488.524658
2671.000000;10531.000000;7098.000000;0.000000;515477.000000;10715.000000;0.000000;3490.610596
2672.000000;10531.000000;7410.000000;0.000000;450530.000000;10715.000000;0.000000;3492.527588
2673.000000;10531.000000;7178.000000;0.000000;568117.000000;10715.000000;0.000000;3494.296143
2674.000000;10531.000000;6996.000000;0.000000;407982.000000;10715.000000;0.000000;3495.642578
2675.000000;10531.000000;7072.000000;0.000000;436487.000000;10715.000000;0.000000;3496.923584
2676.000000;10531.000000;7835.000000;0.000000;588980.000000;10715.000000;0.000000;3498.216797
2677.000000;10531.000000;7964.000000;0.000000;408433.000000;10715.000000;0.000000;3499.504883
2678.000000;10531.000000;7910.000000;0.000000;565174.000000;10715.000000;0.000000;3500.893311
2679.000000;10531.000000;8181.000000;0.000000;345763.000000;10715.000000;0.000000;3502.236816
2680.000000;10531.000000;6872.000000;0.000000;379906.000000;10715.000000;0.000000;3503.510986
2681.000000;10531.000000;8098.000000;0.000000;555523.000000;10715.000000;0.000000;3505.131348
2682.000000;10531.000000;6912.000000;0.000000;451283.000000;10715.000000;0.000000;3506.601074
2683.000000;10531.000000;7305.000000;0.000000;423432.000000;10715.000000;0.000000;3508.044678
2684.000000;10531.000000;8045.000000;0.000000;524036.000000;10715.000000;0.000000;3509.461426
2685.000000;10531.000000;8218.000000;0.000000;283794.000000;10715.000000;0.000000;3510.971680
2686.000000;10531.000000;9067.000000;0.000000;372703.000000;10715.000000;0.000000;3512.380371
2687.000000;10531.000000;7236.000000;0.000000;406246.000000;10715.000000;0.000000;3513.787598
2688.000000;10531.000000;7849.000000;0.000000;395600.000000;10715.000000;0.000000;3515.196045
2689.000000;10531.000000;7504.000000;0.000000;441927.000000;10715.000000;0.000000;3516.609863
2690.000000;10531.000000;6869.000000;0.000000;500758.000000;10715.000000;0.000000;3518.083252
2691.000000;10531.000000;7907.000000;0.000000;444011.000000;10715.000000;0.000000;3519.529541
2692.000000;10531.000000;5808.000000;0.000000;605045.000000;10715.000000;0.000000;3520.995117
2693.000000;10531.000000;7954.000000;0.000000;428745.000000;10715.000000;0.000000;3522.425049
2694.000000;10531.000000;7759.000000;0.000000;416164.000000;10715.000000;0.000000;3523.743652
2695.000000;10531.000000;8762.000000;0.000000;320345.000000;10715.000000;0.000000;3525.034912
2696.000000;10531.000000;7887.000000;0.000000;408321.000000;10715.000000;0.000000;3526.289795
2697.000000;10531.000000;8029.000000;0.000000;301885.000000;10715.000000;0.000000;3527.539551
2698.000000;10531.000000;7556.000000;0.000000;405898.000000;10715.000000;0.000000;3528.793457
2699.000000;10531.000000;8984.000000;0.000000;442070.000000;10715.000000;0.000000;3530.049805
2700.000000;10531.000000;6444.000000;0.000000;500936.000000;10715.000000;0.000000;3531.331055
2701.000000;10531.000000;8142.000000;0.000000;474754.000000;10715.000000;0.000000;3532.891602
2702.000000;10531.000000;7996.000000;0.000000;563835.000000;10715.000000;0.000000;3534.327881
2703.000000;10531.000000;6938.000000;0.000000;481852.000000;10715.000000;0.000000;3535.762207
2704.000000;10531.000000;7000.000000;0.000000;314926.000000;10715.000000;0.000000;3537.175293
2705.000000;10531.000000;7803.000000;0.000000;551125.000000;10715.000000;0.000000;3538.553223
2706.000000;10531.000000;7678.000000;0.000000;533968.000000;10715.000000;0.000000;3539.931885
2707.000000;10531.000000;7728.000000;0.000000;487308.000000;10715.000000;0.000000;3541.341797
2708.000000;10531.000000;7199.000000;0.000000;453806.000000;10715.000000;0.000000;3542.718018
2709.000000;10531.000000;7742.000000;0.000000;473864.000000;10715.000000;0.000000;3544.120117
2710.000000;10531.000000;8025.000000;0.000000;520677.000000;10715.000000;0.000000;3545.530518
2711.000000;10531.000000;8484.000000;0.000000;429637.000000;10715.000000;0.000000;3546.925537
2712.000000;10531.000000;8253.000000;0.000000;462985.000000;10715.000000;0.000000;3548.319092
2713.000000;10531.000000;8774.000000;0.000000;438501.000000;10715.000000;0.000000;3549.733887
2714.000000;10531.000000;7439.000000;0.000000;406337.000000;10715.000000;0.000000;3551.051025
2715.000000;10531.000000;8037.000000;0.000000;490552.000000;10715.000000;0.000000;3552.278564
2716.000000;10531.000000;8626.000000;0.000000;411846.000000;10715.000000;0.000000;3553.502930
2717.000000;10531.000000;8061.000000;0.000000;448796.000000;10715.000000;0.000000;3554.734131
2718.000000;10531.000000;7716.000000;0.000000;487409.000000;10715.000000;0.000000;3555.961914
2719.000000;10531.000000;8246.000000;0.000000;386053.000000;10715.000000;0.000000;3557.187744
2720.000000;10531.000000;6903.000000;0.000000;443189.000000;10715.000000;0.000000;3558.420410
2721.000000;10531.000000;6756.000000;0.000000;456233.000000;10715.000000;0.000000;3559.953125
2722.000000;10531.000000;7305.000000;0.000000;401778.000000;10715.000000;0.000000;3561.391846
2723.000000;10531.000000;6724.000000;0.000000;425654.000000;10715.000000;0.000000;3562.791016
2724.000000;10531.000000;8872.000000;0.000000;291656.000000;10715.000000;0.000000;3564.181396
2725.000000;10531.000000;7889.000000;0.000000;422061.000000;10715.000000;0.000000;3565.567383
2726.000000;10531.000000;7431.000000;0.000000;447518.000000;10715.000000;0.000000;3566.941406
2727.000000;10531.000000;8073.000000;0.000000;465611.000000;10715.000000;0.000000;3568.292236
2728.000000;10531.000000;7423.000000;0.000000;437920.000000;10715.000000;0.000000;3569.640869
2729.000000;10531.000000;6915.000000;0.000000;545264.000000;10715.000000;0.000000;3571.044678
2730.000000;10531.000000;7572.000000;0.000000;388640.000000;10715.000000;0.000000;3572.410156
2731.000000;10531.000000;6768.000000;0.000000;513746.000000;10715.000000;0.000000;3573.775146
2732.000000;10531.000000;7414.000000;0.000000;476533.000000;10715.000000;0.000000;3575.140625
2733.000000;10531.000000;8216.000000;0.000000;386721.000000;10715.000000;0.000000;3576.492676
2734.000000;10531.000000;6998.000000;0.000000;472427.000000;10715.000000;0.000000;3577.847168
2735.000000;10531.000000;8533.000000;0.000000;371024.000000;10715.000000;0.000000;3579.232666
2736.000000;10531.000000;8375.000000;0.000000;402576.000000;10715.000000;0.000000;3580.608154
2737.000000;10531.000000;8666.000000;0.000000;460647.000000;10715.000000;0.000000;3582.001221
2738.000000;10531.000000;8083.000000;0.000000;302023.000000;10715.000000;0.000000;3583.384766
2739.000000;10531.000000;7297.000000;0.000000;472757.000000;10715.000000;0.000000;3584.783203
2740.000000;10531.000000;6437.000000;0.000000;516172.000000;10715.000000;0.000000;3585.996582
2741.000000;10531.000000;8289.000000;0.000000;495952.000000;10715.000000;0.000000;3587.504150
2742.000000;10531.000000;7737.000000;0.000000;536499.000000;10715.000000;0.000000;3588.878418
2743.000000;10531.000000;7267.000000;0.000000;545653.000000;10715.000000;0.000000;3590.251709
2744.000000;10531.000000;7138.000000;0.000000;447670.000000;10715.000000;0.000000;3591.635986
2745.000000;10531.000000;7973.000000;0.000000;350065.000000;10715.000000;0.000000;3592.987549
2746.000000;10531.000000;6273.000000;0.000000;446445.000000;10715.000000;0.000000;3594.340088
2747.000000;10531.000000;7833.000000;0.000000;436329.000000;10715.000000;0.000000;3595.698975
2748.000000;10531.000000;6458.000000;0.000000;485395.000000;10715.000000;0.000000;3597.052002
2749.000000;10531.000000;6519.000000;0.000000;435637.000000;10715.000000;0.000000;3598.414062
2750.000000;10531.000000;7462.000000;0.000000;329348.000000;10715.000000;0.000000;3599.807129
2751.000000;10531.000000;7271.000000;0.000000;468196.000000;10715.000000;0.000000;3601.232910
0.000000;0.000000;0.000000;0.000000;0.000000;0.000000;0.000000;0.000000
0.000000;0.000000;0.000000;0.000000;0.000000;0.000000;0.000000;0.000000
0.000000;0.000000;0.000000;0.000000;0.000000;0.000000;0.000000;0.000000
0.000000;0.000000;0.000000;0.000000;0.000000;0.000000;0.000000;0.000000
0.000000;0.000000;0.000000;0.000000;0.000000;0.000000;0.000000;0.000000
0.000000;0.000000;0.000000;0.000000;0.000000;0.000000;0.000000;0.000000
0.000000;0.000000;0.000000;0.000000;0.000000;0.000000;0.000000;0.000000
0.000000;0.000000;0.000000;0.000000;0.000000;0.000000;0.000000;0.000000
0.000000;0.000000;0.000000;0.000000;0.000000;0.000000;0.000000;0.000000
0.000000;0.000000;0.000000;0.000000;0.000000;0.000000;0.000000;0.000000
0.000000;0.000000;0.000000;0.000000;0.000000;0.000000;0.000000;0.000000
0.000000;0.000000;0.000000;0.000000;0.000000;0.000000;0.000000;0.000000
0.000000;0.000000;0.000000;0.000000;0.000000;0.000000;0.000000;0.000000
0.000000;0.000000;0.000000;0.000000;0.000000;0.000000;0.000000;0.000000
0.000000;0.000000;0.000000;0.000000;0.000000;0.000000;0.000000;0.000000
0.000000;0.000000;0.000000;0.000000;0.000000;0.000000;0.000000;0.000000
0.000000;0.000000;0.000000;0.000000;0.000000;0.000000;0.000000;0.000000
0.000000;0.000000;0.000000;0.000000;0.000000;0.000000;0.000000;0.000000
0.000000;0.000000;0.000000;0.000000;0.000000;0.000000;0.000000;0.000000
0.000000;0.000000;0.000000;0.000000;0.000000;0.000000;0.000000;0.000000
0.000000;0.000000;0.000000;0.000000;0.000000;0.000000;0.000000;0.000000
0.000000;0.000000;0.000000;0.000000;0.000000;0.000000;0.000000;0.000000
0.000000;0.000000;0.000000;0.000000;0.000000;0.000000;0.000000;0.000000
0.000000;0.000000;0.000000;0.000000;0.000000;0.000000;0.000000;0.000000
0.000000;0.000000;0.000000;0.000000;0.000000;0.000000;0.000000;0.000000
0.000000;0.000000;0.000000;0.000000;0.000000;0.000000;0.000000;0.000000
0.000000;0.000000;0.000000;0.000000;0.000000;0.000000;0.000000;0.000000
0.000000;0.000000;0.000000;0.000000;0.000000;0.000000;0.000000;0.000000
0.000000;0.000000;0.000000;0.000000;0.000000;0.000000;0.000000;0.000000
0.000000;0.000000;0.000000;0.000000;0.000000;0.000000;0.000000;0.000000
0.000000;0.000000;0.000000;0.000000;0.000000;0.000000;0.000000;0.000000
0.000000;0.000000;0.000000;0.000000;0.000000;0.000000;0.000000;0.000000
0.000000;0.000000;0.000000;0.000000;0.000000;0.000000;0.000000;0.000000
0.000000;0.000000;0.000000;0.000000;0.000000;0.000000;0.000000;0.000000
0.000000;0.000000;0.000000;0.000000;0.000000;0.000000;0.000000;0.000000
0.000000;0.000000;0.000000;0.000000;0.000000;0.000000;0.000000;0.000000
0.000000;0.000000;0.000000;0.000000;0.000000;0.000000;0.000000;0.000000
0.000000;0.000000;0.000000;0.000000;0.000000;0.000000;0.000000;0.000000
0.000000;0.000000;0.000000;0.000000;0.000000;0.000000;0.000000;0.000000
0.000000;0.000000;0.000000;0.000000;0.000000;0.000000;0.000000;0.000000
0.000000;0.000000;0.000000;0.000000;0.000000;0.000000;0.000000;0.000000
0.000000;0.000000;0.000000;0.000000;0.000000;0.000000;0.000000;0.000000
0.000000;0.000000;0.000000;0.000000;0.000000;0.000000;0.000000;0.000000
0.000000;0.000000;0.000000;0.000000;0.000000;0.000000;0.000000;0.000000
0.000000;0.000000;0.000000;0.000000;0.000000;0.000000;0.000000;0.000000
0.000000;0.000000;0.000000;0.000000;0.000000;0.000000;0.000000;0.000000
0.000000;0.000000;0.000000;0.000000;0.000000;0.000000;0.000000;0.000000
0.000000;0.000000;0.000000;0.000000;0.000000;0.000000;0.000000;0.000000
0.000000;0.000000;0.000000;0.000000;0.000000;0.000000;0.000000;0.000000
0.000000;0.000000;0.000000;0.000000;0.000000;0.000000;0.000000;0.000000
0.000000;0.000000;0.000000;0.000000;0.000000;0.000000;0.000000;0.000000
0.000000;0.000000;0.000000;0.000000;0.000000;0.000000;0.000000;0.000000
0.000000;0.000000;0.000000;0.000000;0.000000;0.000000;0.000000;0.000000
0.000000;0.000000;0.000000;0.000000;0.000000;0.000000;0.000000;0.000000
0.000000;0.000000;0.000000;0.000000;0.000000;0.000000;0.000000;0.000000
0.000000;0.000000;0.000000;0.000000;0.000000;0.000000;0.000000;0.000000
0.000000;0.000000;0.000000;0.000000;0.000000;0.000000;0.000000;0.000000
0.000000;0.000000;0.000000;0.000000;0.000000;0.000000;0.000000;0.000000
0.000000;0.000000;0.000000;0.000000;0.000000;0.000000;0.000000;0.000000
0.000000;0.000000;0.000000;0.000000;0.000000;0.000000;0.000000;0.000000
0.000000;0.000000;0.000000;0.000000;0.000000;0.000000;0.000000;0.000000
0.000000;0.000000;0.000000;0.000000;0.000000;0.000000;0.000000;0.000000
0.000000;0.000000;0.000000;0.000000;0.000000;0.000000;0.000000;0.000000
0.000000;0.000000;0.000000;0.000000;0.000000;0.000000;0.000000;0.000000
0.000000;0.000000;0.000000;0.000000;0.000000;0.000000;0.000000;0.000000
0.000000;0.000000;0.000000;0.000000;0.000000;0.000000;0.000000;0.000000
0.000000;0.000000;0.000000;0.000000;0.000000;0.000000;0.000000;0.000000
0.000000;0.000000;0.000000;0.000000;0.000000;0.000000;0.000000;0.000000
0.000000;0.000000;0.000000;0.000000;0.000000;0.000000;0.000000;0.000000
0.000000;0.000000;0.000000;0.000000;0.000000;0.000000;0.000000;0.000000
0.000000;0.000000;0.000000;0.000000;0.000000;0.000000;0.000000;0.000000
0.000000;0.000000;0.000000;0.000000;0.000000;0.000000;0.000000;0.000000
0.000000;0.000000;0.000000;0.000000;0.000000;0.000000;0.000000;0.000000
0.000000;0.000000;0.000000;0.000000;0.000000;0.000000;0.000000;0.000000
0.000000;0.000000;0.000000;0.000000;0.000000;0.000000;0.000000;0.000000
0.000000;0.000000;0.000000;0.000000;0.000000;0.000000;0.000000;0.000000
0.000000;0.000000;0.000000;0.000000;0.000000;0.000000;0.000000;0.000000
0.000000;0.000000;0.000000;0.000000;0.000000;0.000000;0.000000;0.000000
0.000000;0.000000;0.000000;0.000000;0.000000;0.000000;0.000000;0.000000
0.000000;0.000000;0.000000;0.000000;0.000000;0.000000;0.000000;0.000000
0.000000;0.000000;0.000000;0.000000;0.000000;0.000000;0.000000;0.000000
0.000000;0.000000;0.000000;0.000000;0.000000;0.000000;0.000000;0.000000
0.000000;0.000000;0.000000;0.000000;0.000000;0.000000;0.000000;0.000000
0.000000;0.000000;0.000000;0.000000;0.000000;0.000000;0.000000;0.000000
0.000000;0.000000;0.000000;0.000000;0.000000;0.000000;0.000000;0.000000
0.000000;0.000000;0.000000;0.000000;0.000000;0.000000;0.000000;0.000000
0.000000;0.000000;0.000000;0.000000;0.000000;0.000000;0.000000;0.000000
0.000000;0.000000;0.000000;0.000000;0.000000;0.000000;0.000000;0.000000
0.000000;0.000000;0.000000;0.000000;0.000000;0.000000;0.000000;0.000000
0.000000;0.000000;0.000000;0.000000;0.000000;0.000000;0.000000;0.000000
0.000000;0.000000;0.000000;0.000000;0.000000;0.000000;0.000000;0.000000
0.000000;0.000000;0.000000;0.000000;0.000000;0.000000;0.000000;0.000000
0.000000;0.000000;0.000000;0.000000;0.000000;0.000000;0.000000;0.000000
0.000000;0.000000;0.000000;0.000000;0.000000;0.000000;0.000000;0.000000
0.000000;0.000000;0.000000;0.000000;0.000000;0.000000;0.000000;0.000000
0.000000;0.000000;0.000000;0.000000;0.000000;0.000000;0.000000;0.000000
0.000000;0.000000;0.000000;0.000000;0.000000;0.000000;0.000000;0.000000
0.000000;0.000000;0.000000;0.000000;0.000000;0.000000;0.000000;0.000000
0.000000;0.000000;0.000000;0.000000;0.000000;0.000000;0.000000;0.000000
0.000000;0.000000;0.000000;0.000000;0.000000;0.000000;0.000000;0.000000
0.000000;0.000000;0.000000;0.000000;0.000000;0.000000;0.000000;0.000000
0.000000;0.000000;0.000000;0.000000;0.000000;0.000000;0.000000;0.000000
0.000000;0.000000;0.000000;0.000000;0.000000;0.000000;0.000000;0.000000
0.000000;0.000000;0.000000;0.000000;0.000000;0.000000;0.000000;0.000000
0.000000;0.000000;0.000000;0.000000;0.000000;0.000000;0.000000;0.000000
0.000000;0.000000;0.000000;0.000000;0.000000;0.000000;0.000000;0.000000
0.000000;0.000000;0.000000;0.000000;0.000000;0.000000;0.000000;0.000000
0.000000;0.000000;0.000000;0.000000;0.000000;0.000000;0.000000;0.000000
0.000000;0.000000;0.000000;0.000000;0.000000;0.000000;0.000000;0.000000
0.000000;0.000000;0.000000;0.000000;0.000000;0.000000;0.000000;0.000000
0.000000;0.000000;0.000000;0.000000;0.000000;0.000000;0.000000;0.000000
0.000000;0.000000;0.000000;0.000000;0.000000;0.000000;0.000000;0.000000
0.000000;0.000000;0.000000;0.000000;0.000000;0.000000;0.000000;0.000000
0.000000;0.000000;0.000000;0.000000;0.000000;0.000000;0.000000;0.000000
0.000000;0.000000;0.000000;0.000000;0.000000;0.000000;0.000000;0.000000
0.000000;0.000000;0.000000;0.000000;0.000000;0.000000;0.000000;0.000000
0.000000;0.000000;0.000000;0.000000;0.000000;0.000000;0.000000;0.000000
0.000000;0.000000;0.000000;0.000000;0.000000;0.000000;0.000000;0.000000
0.000000;0.000000;0.000000;0.000000;0.000000;0.000000;0.000000;0.000000
0.000000;0.000000;0.000000;0.000000;0.000000;0.000000;0.000000;0.000000
0.000000;0.000000;0.000000;0.000000;0.000000;0.000000;0.000000;0.000000
0.000000;0.000000;0.000000;0.000000;0.000000;0.000000;0.000000;0.000000
0.000000;0.000000;0.000000;0.000000;0.000000;0.000000;0.000000;0.000000
0.000000;0.000000;0.000000;0.000000;0.000000;0.000000;0.000000;0.000000
0.000000;0.000000;0.000000;0.000000;0.000000;0.000000;0.000000;0.000000
0.000000;0.000000;0.000000;0.000000;0.000000;0.000000;0.000000;0.000000
0.000000;0.000000;0.000000;0.000000;0.000000;0.000000;0.000000;0.000000
0.000000;0.000000;0.000000;0.000000;0.000000;0.000000;0.000000;0.000000
0.000000;0.000000;0.000000;0.000000;0.000000;0.000000;0.000000;0.000000
0.000000;0.000000;0.000000;0.000000;0.000000;0.000000;0.000000;0.000000
0.000000;0.000000;0.000000;0.000000;0.000000;0.000000;0.000000;0.000000
0.000000;0.000000;0.000000;0.000000;0.000000;0.000000;0.000000;0.000000
0.000000;0.000000;0.000000;0.000000;0.000000;0.000000;0.000000;0.000000
0.000000;0.000000;0.000000;0.000000;0.000000;0.000000;0.000000;0.000000
0.000000;0.000000;0.000000;0.000000;0.000000;0.000000;0.000000;0.000000
0.000000;0.000000;0.000000;0.000000;0.000000;0.000000;0.000000;0.000000
0.000000;0.000000;0.000000;0.000000;0.000000;0.000000;0.000000;0.000000
0.000000;0.000000;0.000000;0.000000;0.000000;0.000000;0.000000;0.000000
0.000000;0.000000;0.000000;0.000000;0.000000;0.000000;0.000000;0.000000
0.000000;0.000000;0.000000;0.000000;0.000000;0.000000;0.000000;0.000000
0.000000;0.000000;0.000000;0.000000;0.000000;0.000000;0.000000;0.000000
0.000000;0.000000;0.000000;0.000000;0.000000;0.000000;0.000000;0.000000
0.000000;0.000000;0.000000;0.000000;0.000000;0.000000;0.000000;0.000000
0.000000;0.000000;0.000000;0.000000;0.000000;0.000000;0.000000;0.000000
0.000000;0.000000;0.000000;0.000000;0.000000;0.000000;0.000000;0.000000
0.000000;0.000000;0.000000;0.000000;0.000000;0.000000;0.000000;0.000000
0.000000;0.000000;0.000000;0.000000;0.000000;0.000000;0.000000;0.000000
0.000000;0.000000;0.000000;0.000000;0.000000;0.000000;0.000000;0.000000
0.000000;0.000000;0.000000;0.000000;0.000000;0.000000;0.000000;0.000000
0.000000;0.000000;0.000000;0.000000;0.000000;0.000000;0.000000;0.000000
0.000000;0.000000;0.000000;0.000000;0.000000;0.000000;0.000000;0.000000
0.000000;0.000000;0.000000;0.000000;0.000000;0.000000;0.000000;0.000000
0.000000;0.000000;0.000000;0.000000;0.000000;0.000000;0.000000;0.000000
0.000000;0.000000;0.000000;0.000000;0.000000;0.000000;0.000000;0.000000
0.000000;0.000000;0.000000;0.000000;0.000000;0.000000;0.000000;0.000000
0.000000;0.000000;0.000000;0.000000;0.000000;0.000000;0.000000;0.000000
0.000000;0.000000;0.000000;0.000000;0.000000;0.000000;0.000000;0.000000
0.000000;0.000000;0.000000;0.000000;0.000000;0.000000;0.000000;0.000000
0.000000;0.000000;0.000000;0.000000;0.000000;0.000000;0.000000;0.000000
0.000000;0.000000;0.000000;0.000000;0.000000;0.000000;0.000000;0.000000
0.000000;0.000000;0.000000;0.000000;0.000000;0.000000;0.000000;0.000000
0.000000;0.000000;0.000000;0.000000;0.000000;0.000000;0.000000;0.000000
0.000000;0.000000;0.000000;0.000000;0.000000;0.000000;0.000000;0.000000
0.000000;0.000000;0.000000;0.000000;0.000000;0.000000;0.000000;0.000000
0.000000;0.000000;0.000000;0.000000;0.000000;0.000000;0.000000;0.000000
0.000000;0.000000;0.000000;0.000000;0.000000;0.000000;0.000000;0.000000
0.000000;0.000000;0.000000;0.000000;0.000000;0.000000;0.000000;0.000000
0.000000;0.000000;0.000000;0.000000;0.000000;0.000000;0.000000;0.000000
0.000000;0.000000;0.000000;0.000000;0.000000;0.000000;0.000000;0.000000
0.000000;0.000000;0.000000;0.000000;0.000000;0.000000;0.000000;0.000000
0.000000;0.000000;0.000000;0.000000;0.000000;0.000000;0.000000;0.000000
0.000000;0.000000;0.000000;0.000000;0.000000;0.000000;0.000000;0.000000
0.000000;0.000000;0.000000;0.000000;0.000000;0.000000;0.000000;0.000000
0.000000;0.000000;0.000000;0.000000;0.000000;0.000000;0.000000;0.000000
0.000000;0.000000;0.000000;0.000000;0.000000;0.000000;0.000000;0.000000
0.000000;0.000000;0.000000;0.000000;0.000000;0.000000;0.000000;0.000000
0.000000;0.000000;0.000000;0.000000;0.000000;0.000000;0.000000;0.000000
0.000000;0.000000;0.000000;0.000000;0.000000;0.000000;0.000000;0.000000
0.000000;0.000000;0.000000;0.000000;0.000000;0.000000;0.000000;0.000000
0.000000;0.000000;0.000000;0.000000;0.000000;0.000000;0.000000;0.000000
0.000000;0.000000;0.000000;0.000000;0.000000;0.000000;0.000000;0.000000
0.000000;0.000000;0.000000;0.000000;0.000000;0.000000;0.000000;0.000000
0.000000;0.000000;0.000000;0.000000;0.000000;0.000000;0.000000;0.000000
0.000000;0.000000;0.000000;0.000000;0.000000;0.000000;0.000000;0.000000
0.000000;0.000000;0.000000;0.000000;0.000000;0.000000;0.000000;0.000000
0.000000;0.000000;0.000000;0.000000;0.000000;0.000000;0.000000;0.000000
0.000000;0.000000;0.000000;0.000000;0.000000;0.000000;0.000000;0.000000
0.000000;0.000000;0.000000;0.000000;0.000000;0.000000;0.000000;0.000000
0.000000;0.000000;0.000000;0.000000;0.000000;0.000000;0.000000;0.000000
0.000000;0.000000;0.000000;0.000000;0.000000;0.000000;0.000000;0.000000
0.000000;0.000000;0.000000;0.000000;0.000000;0.000000;0.000000;0.000000
0.000000;0.000000;0.000000;0.000000;0.000000;0.000000;0.000000;0.000000
0.000000;0.000000;0.000000;0.000000;0.000000;0.000000;0.000000;0.000000
0.000000;0.000000;0.000000;0.000000;0.000000;0.000000;0.000000;0.000000
0.000000;0.000000;0.000000;0.000000;0.000000;0.000000;0.000000;0.000000
0.000000;0.000000;0.000000;0.000000;0.000000;0.000000;0.000000;0.000000
0.000000;0.000000;0.000000;0.000000;0.000000;0.000000;0.000000;0.000000
0.000000;0.000000;0.000000;0.000000;0.000000;0.000000;0.000000;0.000000
0.000000;0.000000;0.000000;0.000000;0.000000;0.000000;0.000000;0.000000
0.000000;0.000000;0.000000;0.000000;0.000000;0.000000;0.000000;0.000000
0.000000;0.000000;0.000000;0.000000;0.000000;0.000000;0.000000;0.000000
0.000000;0.000000;0.000000;0.000000;0.000000;0.000000;0.000000;0.000000
0.000000;0.000000;0.000000;0.000000;0.000000;0.000000;0.000000;0.000000
0.000000;0.000000;0.000000;0.000000;0.000000;0.000000;0.000000;0.000000
0.000000;0.000000;0.000000;0.000000;0.000000;0.000000;0.000000;0.000000
0.000000;0.000000;0.000000;0.000000;0.000000;0.000000;0.000000;0.000000
0.000000;0.000000;0.000000;0.000000;0.000000;0.000000;0.000000;0.000000
0.000000;0.000000;0.000000;0.000000;0.000000;0.000000;0.000000;0.000000
0.000000;0.000000;0.000000;0.000000;0.000000;0.000000;0.000000;0.000000
0.000000;0.000000;0.000000;0.000000;0.000000;0.000000;0.000000;0.000000
0.000000;0.000000;0.000000;0.000000;0.000000;0.000000;0.000000;0.000000
0.000000;0.000000;0.000000;0.000000;0.000000;0.000000;0.000000;0.000000
0.000000;0.000000;0.000000;0.000000;0.000000;0.000000;0.000000;0.000000
0.000000;0.000000;0.000000;0.000000;0.000000;0.000000;0.000000;0.000000
0.000000;0.000000;0.000000;0.000000;0.000000;0.000000;0.000000;0.000000
0.000000;0.000000;0.000000;0.000000;0.000000;0.000000;0.000000;0.000000
0.000000;0.000000;0.000000;0.000000;0.000000;0.000000;0.000000;0.000000
0.000000;0.000000;0.000000;0.000000;0.000000;0.000000;0.000000;0.000000
0.000000;0.000000;0.000000;0.000000;0.000000;0.000000;0.000000;0.000000
0.000000;0.000000;0.000000;0.000000;0.000000;0.000000;0.000000;0.000000
0.000000;0.000000;0.000000;0.000000;0.000000;0.000000;0.000000;0.000000
0.000000;0.000000;0.000000;0.000000;0.000000;0.000000;0.000000;0.000000
0.000000;0.000000;0.000000;0.000000;0.000000;0.000000;0.000000;0.000000
0.000000;0.000000;0.000000;0.000000;0.000000;0.000000;0.000000;0.000000
0.000000;0.000000;0.000000;0.000000;0.000000;0.000000;0.000000;0.000000
0.000000;0.000000;0.000000;0.000000;0.000000;0.000000;0.000000;0.000000
0.000000;0.000000;0.000000;0.000000;0.000000;0.000000;0.000000;0.000000
0.000000;0.000000;0.000000;0.000000;0.000000;0.000000;0.000000;0.000000
0.000000;0.000000;0.000000;0.000000;0.000000;0.000000;0.000000;0.000000
0.000000;0.000000;0.000000;0.000000;0.000000;0.000000;0.000000;0.000000
0.000000;0.000000;0.000000;0.000000;0.000000;0.000000;0.000000;0.000000
0.000000;0.000000;0.000000;0.000000;0.000000;0.000000;0.000000;0.000000
0.000000;0.000000;0.000000;0.000000;0.000000;0.000000;0.000000;0.000000
0.000000;0.000000;0.000000;0.000000;0.000000;0.000000;0.000000;0.000000
0.000000;0.000000;0.000000;0.000000;0.000000;0.000000;0.000000;0.000000
0.000000;0.000000;0.000000;0.000000;0.000000;0.000000;0.000000;0.000000
0.000000;0.000000;0.000000;0.000000;0.000000;0.000000;0.000000;0.000000
0.000000;0.000000;0.000000;0.000000;0.000000;0.000000;0.000000;0.000000
0.000000;0.000000;0.000000;0.000000;0.000000;0.000000;0.000000;0.000000
0.000000;0.000000;0.000000;0.000000;0.000000;0.000000;0.000000;0.000000
0.000000;0.000000;0.000000;0.000000;0.000000;0.000000;0.000000;0.000000
0.000000;0.000000;0.000000;0.000000;0.000000;0.000000;0.000000;0.000000
0.000000;0.000000;0.000000;0.000000;0.000000;0.000000;0.000000;0.000000
0.000000;0.000000;0.000000;0.000000;0.000000;0.000000;0.000000;0.000000
0.000000;0.000000;0.000000;0.000000;0.000000;0.000000;0.000000;0.000000
0.000000;0.000000;0.000000;0.000000;0.000000;0.000000;0.000000;0.000000
0.000000;0.000000;0.000000;0.000000;0.000000;0.000000;0.000000;0.000000
0.000000;0.000000;0.000000;0.000000;0.000000;0.000000;0.000000;0.000000
0.000000;0.000000;0.000000;0.000000;0.000000;0.000000;0.000000;0.000000
0.000000;0.000000;0.000000;0.000000;0.000000;0.000000;0.000000;0.000000
0.000000;0.000000;0.000000;0.000000;0.000000;0.000000;0.000000;0.000000
0.000000;0.000000;0.000000;0.000000;0.000000;0.000000;0.000000;0.000000
0.000000;0.000000;0.000000;0.000000;0.000000;0.000000;0.000000;0.000000
0.000000;0.000000;0.000000;0.000000;0.000000;0.000000;0.000000;0.000000
0.000000;0.000000;0.000000;0.000000;0.000000;0.000000;0.000000;0.000000
0.000000;0.000000;0.000000;0.000000;0.000000;0.000000;0.000000;0.000000
0.000000;0.000000;0.000000;0.000000;0.000000;0.000000;0.000000;0.000000
0.000000;0.000000;0.000000;0.000000;0.000000;0.000000;0.000000;0.000000
0.000000;0.000000;0.000000;0.000000;0.000000;0.000000;0.000000;0.000000
0.000000;0.000000;0.000000;0.000000;0.000000;0.000000;0.000000;0.000000
0.000000;0.000000;0.000000;0.000000;0.000000;0.000000;0.000000;0.000000
0.000000;0.000000;0.000000;0.000000;0.000000;0.000000;0.000000;0.000000
0.000000;0.000000;0.000000;0.000000;0.000000;0.000000;0.000000;0.000000
0.000000;0.000000;0.000000;0.000000;0.000000;0.000000;0.000000;0.000000
0.000000;0.000000;0.000000;0.000000;0.000000;0.000000;0.000000;0.000000
0.000000;0.000000;0.000000;0.000000;0.000000;0.000000;0.000000;0.000000
0.000000;0.000000;0.000000;0.000000;0.000000;0.000000;0.000000;0.000000
0.000000;0.000000;0.000000;0.000000;0.000000;0.000000;0.000000;0.000000
0.000000;0.000000;0.000000;0.000000;0.000000;0.000000;0.000000;0.000000
0.000000;0.000000;0.000000;0.000000;0.000000;0.000000;0.000000;0.000000
0.000000;0.000000;0.000000;0.000000;0.000000;0.000000;0.000000;0.000000
0.000000;0.000000;0.000000;0.000000;0.000000;0.000000;0.000000;0.000000
0.000000;0.000000;0.000000;0.000000;0.000000;0.000000;0.000000;0.000000
0.000000;0.000000;0.000000;0.000000;0.000000;0.000000;0.000000;0.000000
0.000000;0.000000;0.000000;0.000000;0.000000;0.000000;0.000000;0.000000
0.000000;0.000000;0.000000;0.000000;0.000000;0.000000;0.000000;0.000000
0.000000;0.000000;0.000000;0.000000;0.000000;0.000000;0.000000;0.000000
0.000000;0.000000;0.000000;0.000000;0.000000;0.000000;0.000000;0.000000
0.000000;0.000000;0.000000;0.000000;0.000000;0.000000;0.000000;0.000000
0.000000;0.000000;0.000000;0.000000;0.000000;0.000000;0.000000;0.000000
0.000000;0.000000;0.000000;0.000000;0.000000;0.000000;0.000000;0.000000
0.000000;0.000000;0.000000;0.000000;0.000000;0.000000;0.000000;0.000000
0.000000;0.000000;0.000000;0.000000;0.000000;0.000000;0.000000;0.000000
0.000000;0.000000;0.000000;0.000000;0.000000;0.000000;0.000000;0.000000
0.000000;0.000000;0.000000;0.000000;0.000000;0.000000;0.000000;0.000000
0.000000;0.000000;0.000000;0.000000;0.000000;0.000000;0.000000;0.000000
0.000000;0.000000;0.000000;0.000000;0.000000;0.000000;0.000000;0.000000
0.000000;0.000000;0.000000;0.000000;0.000000;0.000000;0.000000;0.000000
0.000000;0.000000;0.000000;0.000000;0.000000;0.000000;0.000000;0.000000
0.000000;0.000000;0.000000;0.000000;0.000000;0.000000;0.000000;0.000000
0.000000;0.000000;0.000000;0.000000;0.000000;0.000000;0.000000;0.000000
0.000000;0.000000;0.000000;0.000000;0.000000;0.000000;0.000000;0.000000
0.000000;0.000000;0.000000;0.000000;0.000000;0.000000;0.000000;0.000000
0.000000;0.000000;0.000000;0.000000;0.000000;0.000000;0.000000;0.000000
0.000000;0.000000;0.000000;0.000000;0.000000;0.000000;0.000000;0.000000
0.000000;0.000000;0.000000;0.000000;0.000000;0.000000;0.000000;0.000000
0.000000;0.000000;0.000000;0.000000;0.000000;0.000000;0.000000;0.000000
0.000000;0.000000;0.000000;0.000000;0.000000;0.000000;0.000000;0.000000
0.000000;0.000000;0.000000;0.000000;0.000000;0.000000;0.000000;0.000000
0.000000;0.000000;0.000000;0.000000;0.000000;0.000000;0.000000;0.000000
0.000000;0.000000;0.000000;0.000000;0.000000;0.000000;0.000000;0.000000
0.000000;0.000000;0.000000;0.000000;0.000000;0.000000;0.000000;0.000000
0.000000;0.000000;0.000000;0.000000;0.000000;0.000000;0.000000;0.000000
0.000000;0.000000;0.000000;0.000000;0.000000;0.000000;0.000000;0.000000
0.000000;0.000000;0.000000;0.000000;0.000000;0.000000;0.000000;0.000000
0.000000;0.000000;0.000000;0.000000;0.000000;0.000000;0.000000;0.000000
0.000000;0.000000;0.000000;0.000000;0.000000;0.000000;0.000000;0.000000
0.000000;0.000000;0.000000;0.000000;0.000000;0.000000;0.000000;0.000000
0.000000;0.000000;0.000000;0.000000;0.000000;0.000000;0.000000;0.000000
0.000000;0.000000;0.000000;0.000000;0.000000;0.000000;0.000000;0.000000
0.000000;0.000000;0.000000;0.000000;0.000000;0.000000;0.000000;0.000000
0.000000;0.000000;0.000000;0.000000;0.000000;0.000000;0.000000;0.000000
0.000000;0.000000;0.000000;0.000000;0.000000;0.000000;0.000000;0.000000
0.000000;0.000000;0.000000;0.000000;0.000000;0.000000;0.000000;0.000000
0.000000;0.000000;0.000000;0.000000;0.000000;0.000000;0.000000;0.000000
0.000000;0.000000;0.000000;0.000000;0.000000;0.000000;0.000000;0.000000
0.000000;0.000000;0.000000;0.000000;0.000000;0.000000;0.000000;0.000000
0.000000;0.000000;0.000000;0.000000;0.000000;0.000000;0.000000;0.000000
0.000000;0.000000;0.000000;0.000000;0.000000;0.000000;0.000000;0.000000
0.000000;0.000000;0.000000;0.000000;0.000000;0.000000;0.000000;0.000000
0.000000;0.000000;0.000000;0.000000;0.000000;0.000000;0.000000;0.000000
0.000000;0.000000;0.000000;0.000000;0.000000;0.000000;0.000000;0.000000
0.000000;0.000000;0.000000;0.000000;0.000000;0.000000;0.000000;0.000000
0.000000;0.000000;0.000000;0.000000;0.000000;0.000000;0.000000;0.000000
0.000000;0.000000;0.000000;0.000000;0.000000;0.000000;0.000000;0.000000
0.000000;0.000000;0.000000;0.000000;0.000000;0.000000;0.000000;0.000000
0.000000;0.000000;0.000000;0.000000;0.000000;0.000000;0.000000;0.000000
0.000000;0.000000;0.000000;0.000000;0.000000;0.000000;0.000000;0.000000
0.000000;0.000000;0.000000;0.000000;0.000000;0.000000;0.000000;0.000000
0.000000;0.000000;0.000000;0.000000;0.000000;0.000000;0.000000;0.000000
0.000000;0.000000;0.000000;0.000000;0.000000;0.000000;0.000000;0.000000
0.000000;0.000000;0.000000;0.000000;0.000000;0.000000;0.000000;0.000000
0.000000;0.000000;0.000000;0.000000;0.000000;0.000000;0.000000;0.000000
0.000000;0.000000;0.000000;0.000000;0.000000;0.000000;0.000000;0.000000
0.000000;0.000000;0.000000;0.000000;0.000000;0.000000;0.000000;0.000000
0.000000;0.000000;0.000000;0.000000;0.000000;0.000000;0.000000;0.000000
0.000000;0.000000;0.000000;0.000000;0.000000;0.000000;0.000000;0.000000
0.000000;0.000000;0.000000;0.000000;0.000000;0.000000;0.000000;0.000000
0.000000;0.000000;0.000000;0.000000;0.000000;0.000000;0.000000;0.000000
0.000000;0.000000;0.000000;0.000000;0.000000;0.000000;0.000000;0.000000
0.000000;0.000000;0.000000;0.000000;0.000000;0.000000;0.000000;0.000000
0.000000;0.000000;0.000000;0.000000;0.000000;0.000000;0.000000;0.000000
0.000000;0.000000;0.000000;0.000000;0.000000;0.000000;0.000000;0.000000
0.000000;0.000000;0.000000;0.000000;0.000000;0.000000;0.000000;0.000000
0.000000;0.000000;0.000000;0.000000;0.000000;0.000000;0.000000;0.000000
0.000000;0.000000;0.000000;0.000000;0.000000;0.000000;0.000000;0.000000
0.000000;0.000000;0.000000;0.000000;0.000000;0.000000;0.000000;0.000000
0.000000;0.000000;0.000000;0.000000;0.000000;0.000000;0.000000;0.000000
0.000000;0.000000;0.000000;0.000000;0.000000;0.000000;0.000000;0.000000
0.000000;0.000000;0.000000;0.000000;0.000000;0.000000;0.000000;0.000000
0.000000;0.000000;0.000000;0.000000;0.000000;0.000000;0.000000;0.000000
0.000000;0.000000;0.000000;0.000000;0.000000;0.000000;0.000000;0.000000
0.000000;0.000000;0.000000;0.000000;0.000000;0.000000;0.000000;0.000000
0.000000;0.000000;0.000000;0.000000;0.000000;0.000000;0.000000;0.000000
0.000000;0.000000;0.000000;0.000000;0.000000;0.000000;0.000000;0.000000
0.000000;0.000000;0.000000;0.000000;0.000000;0.000000;0.000000;0.000000
0.000000;0.000000;0.000000;0.000000;0.000000;0.000000;0.000000;0.000000
0.000000;0.000000;0.000000;0.000000;0.000000;0.000000;0.000000;0.000000
0.000000;0.000000;0.000000;0.000000;0.000000;0.000000;0.000000;0.000000
0.000000;0.000000;0.000000;0.000000;0.000000;0.000000;0.000000;0.000000
0.000000;0.000000;0.000000;0.000000;0.000000;0.000000;0.000000;0.000000
0.000000;0.000000;0.000000;0.000000;0.000000;0.000000;0.000000;0.000000
0.000000;0.000000;0.000000;0.000000;0.000000;0.000000;0.000000;0.000000
0.000000;0.000000;0.000000;0.000000;0.000000;0.000000;0.000000;0.000000
0.000000;0.000000;0.000000;0.000000;0.000000;0.000000;0.000000;0.000000
0.000000;0.000000;0.000000;0.000000;0.000000;0.000000;0.000000;0.000000
0.000000;0.000000;0.000000;0.000000;0.000000;0.000000;0.000000;0.000000
0.000000;0.000000;0.000000;0.000000;0.000000;0.000000;0.000000;0.000000
0.000000;0.000000;0.000000;0.000000;0.000000;0.000000;0.000000;0.000000
0.000000;0.000000;0.000000;0.000000;0.000000;0.000000;0.000000;0.000000
0.000000;0.000000;0.000000;0.000000;0.000000;0.000000;0.000000;0.000000
0.000000;0.000000;0.000000;0.000000;0.000000;0.000000;0.000000;0.000000
0.000000;0.000000;0.000000;0.000000;0.000000;0.000000;0.000000;0.000000
0.000000;0.000000;0.000000;0.000000;0.000000;0.000000;0.000000;0.000000
0.000000;0.000000;0.000000;0.000000;0.000000;0.000000;0.000000;0.000000
0.000000;0.000000;0.000000;0.000000;0.000000;0.000000;0.000000;0.000000
0.000000;0.000000;0.000000;0.000000;0.000000;0.000000;0.000000;0.000000
0.000000;0.000000;0.000000;0.000000;0.000000;0.000000;0.000000;0.000000
0.000000;0.000000;0.000000;0.000000;0.000000;0.000000;0.000000;0.000000
0.000000;0.000000;0.000000;0.000000;0.000000;0.000000;0.000000;0.000000
0.000000;0.000000;0.000000;0.000000;0.000000;0.000000;0.000000;0.000000
0.000000;0.000000;0.000000;0.000000;0.000000;0.000000;0.000000;0.000000
0.000000;0.000000;0.000000;0.000000;0.000000;0.000000;0.000000;0.000000
0.000000;0.000000;0.000000;0.000000;0.000000;0.000000;0.000000;0.000000
0.000000;0.000000;0.000000;0.000000;0.000000;0.000000;0.000000;0.000000
0.000000;0.000000;0.000000;0.000000;0.000000;0.000000;0.000000;0.000000
0.000000;0.000000;0.000000;0.000000;0.000000;0.000000;0.000000;0.000000
0.000000;0.000000;0.000000;0.000000;0.000000;0.000000;0.000000;0.000000
0.000000;0.000000;0.000000;0.000000;0.000000;0.000000;0.000000;0.000000
0.000000;0.000000;0.000000;0.000000;0.000000;0.000000;0.000000;0.000000
0.000000;0.000000;0.000000;0.000000;0.000000;0.000000;0.000000;0.000000
0.000000;0.000000;0.000000;0.000000;0.000000;0.000000;0.000000;0.000000
0.000000;0.000000;0.000000;0.000000;0.000000;0.000000;0.000000;0.000000
0.000000;0.000000;0.000000;0.000000;0.000000;0.000000;0.000000;0.000000
0.000000;0.000000;0.000000;0.000000;0.000000;0.000000;0.000000;0.000000
0.000000;0.000000;0.000000;0.000000;0.000000;0.000000;0.000000;0.000000
0.000000;0.000000;0.000000;0.000000;0.000000;0.000000;0.000000;0.000000
0.000000;0.000000;0.000000;0.000000;0.000000;0.000000;0.000000;0.000000
0.000000;0.000000;0.000000;0.000000;0.000000;0.000000;0.000000;0.000000
0.000000;0.000000;0.000000;0.000000;0.000000;0.000000;0.000000;0.000000
0.000000;0.000000;0.000000;0.000000;0.000000;0.000000;0.000000;0.000000
0.000000;0.000000;0.000000;0.000000;0.000000;0.000000;0.000000;0.000000
0.000000;0.000000;0.000000;0.000000;0.000000;0.000000;0.000000;0.000000
0.000000;0.000000;0.000000;0.000000;0.000000;0.000000;0.000000;0.000000
0.000000;0.000000;0.000000;0.000000;0.000000;0.000000;0.000000;0.000000
0.000000;0.000000;0.000000;0.000000;0.000000;0.000000;0.000000;0.000000
0.000000;0.000000;0.000000;0.000000;0.000000;0.000000;0.000000;0.000000
0.000000;0.000000;0.000000;0.000000;0.000000;0.000000;0.000000;0.000000
0.000000;0.000000;0.000000;0.000000;0.000000;0.000000;0.000000;0.000000
0.000000;0.000000;0.000000;0.000000;0.000000;0.000000;0.000000;0.000000
0.000000;0.000000;0.000000;0.000000;0.000000;0.000000;0.000000;0.000000
0.000000;0.000000;0.000000;0.000000;0.000000;0.000000;0.000000;0.000000
0.000000;0.000000;0.000000;0.000000;0.000000;0.000000;0.000000;0.000000
0.000000;0.000000;0.000000;0.000000;0.000000;0.000000;0.000000;0.000000
0.000000;0.000000;0.000000;0.000000;0.000000;0.000000;0.000000;0.000000
0.000000;0.000000;0.000000;0.000000;0.000000;0.000000;0.000000;0.000000
0.000000;0.000000;0.000000;0.000000;0.000000;0.000000;0.000000;0.000000
0.000000;0.000000;0.000000;0.000000;0.000000;0.000000;0.000000;0.000000
0.000000;0.000000;0.000000;0.000000;0.000000;0.000000;0.000000;0.000000
0.000000;0.000000;0.000000;0.000000;0.000000;0.000000;0.000000;0.000000
0.000000;0.000000;0.000000;0.000000;0.000000;0.000000;0.000000;0.000000
0.000000;0.000000;0.000000;0.000000;0.000000;0.000000;0.000000;0.000000
0.000000;0.000000;0.000000;0.000000;0.000000;0.000000;0.000000;0.000000
0.000000;0.000000;0.000000;0.000000;0.000000;0.000000;0.000000;0.000000
0.000000;0.000000;0.000000;0.000000;0.000000;0.000000;0.000000;0.000000
0.000000;0.000000;0.000000;0.000000;0.000000;0.000000;0.000000;0.000000
0.000000;0.000000;0.000000;0.000000;0.000000;0.000000;0.000000;0.000000
0.000000;0.000000;0.000000;0.000000;0.000000;0.000000;0.000000;0.000000
0.000000;0.000000;0.000000;0.000000;0.000000;0.000000;0.000000;0.000000
0.000000;0.000000;0.000000;0.000000;0.000000;0.000000;0.000000;0.000000
0.000000;0.000000;0.000000;0.000000;0.000000;0.000000;0.000000;0.000000
0.000000;0.000000;0.000000;0.000000;0.000000;0.000000;0.000000;0.000000
0.000000;0.000000;0.000000;0.000000;0.000000;0.000000;0.000000;0.000000
0.000000;0.000000;0.000000;0.000000;0.000000;0.000000;0.000000;0.000000
0.000000;0.000000;0.000000;0.000000;0.000000;0.000000;0.000000;0.000000
0.000000;0.000000;0.000000;0.000000;0.000000;0.000000;0.000000;0.000000
0.000000;0.000000;0.000000;0.000000;0.000000;0.000000;0.000000;0.000000
0.000000;0.000000;0.000000;0.000000;0.000000;0.000000;0.000000;0.000000
0.000000;0.000000;0.000000;0.000000;0.000000;0.000000;0.000000;0.000000
0.000000;0.000000;0.000000;0.000000;0.000000;0.000000;0.000000;0.000000
0.000000;0.000000;0.000000;0.000000;0.000000;0.000000;0.000000;0.000000
0.000000;0.000000;0.000000;0.000000;0.000000;0.000000;0.000000;0.000000
0.000000;0.000000;0.000000;0.000000;0.000000;0.000000;0.000000;0.000000
0.000000;0.000000;0.000000;0.000000;0.000000;0.000000;0.000000;0.000000
0.000000;0.000000;0.000000;0.000000;0.000000;0.000000;0.000000;0.000000
0.000000;0.000000;0.000000;0.000000;0.000000;0.000000;0.000000;0.000000
0.000000;0.000000;0.000000;0.000000;0.000000;0.000000;0.000000;0.000000
0.000000;0.000000;0.000000;0.000000;0.000000;0.000000;0.000000;0.000000
0.000000;0.000000;0.000000;0.000000;0.000000;0.000000;0.000000;0.000000
0.000000;0.000000;0.000000;0.000000;0.000000;0.000000;0.000000;0.000000
0.000000;0.000000;0.000000;0.000000;0.000000;0.000000;0.000000;0.000000
0.000000;0.000000;0.000000;0.000000;0.000000;0.000000;0.000000;0.000000
0.000000;0.000000;0.000000;0.000000;0.000000;0.000000;0.000000;0.000000
0.000000;0.000000;0.000000;0.000000;0.000000;0.000000;0.000000;0.000000
0.000000;0.000000;0.000000;0.000000;0.000000;0.000000;0.000000;0.000000
0.000000;0.000000;0.000000;0.000000;0.000000;0.000000;0.000000;0.000000
0.000000;0.000000;0.000000;0.000000;0.000000;0.000000;0.000000;0.000000
0.000000;0.000000;0.000000;0.000000;0.000000;0.000000;0.000000;0.000000
0.000000;0.000000;0.000000;0.000000;0.000000;0.000000;0.000000;0.000000
0.000000;0.000000;0.000000;0.000000;0.000000;0.000000;0.000000;0.000000
0.000000;0.000000;0.000000;0.000000;0.000000;0.000000;0.000000;0.000000
0.000000;0.000000;0.000000;0.000000;0.000000;0.000000;0.000000;0.000000
0.000000;0.000000;0.000000;0.000000;0.000000;0.000000;0.000000;0.000000
0.000000;0.000000;0.000000;0.000000;0.000000;0.000000;0.000000;0.000000
0.000000;0.000000;0.000000;0.000000;0.000000;0.000000;0.000000;0.000000
0.000000;0.000000;0.000000;0.000000;0.000000;0.000000;0.000000;0.000000
0.000000;0.000000;0.000000;0.000000;0.000000;0.000000;0.000000;0.000000
0.000000;0.000000;0.000000;0.000000;0.000000;0.000000;0.000000;0.000000
0.000000;0.000000;0.000000;0.000000;0.000000;0.000000;0.000000;0.000000
0.000000;0.000000;0.000000;0.000000;0.000000;0.000000;0.000000;0.000000
0.000000;0.000000;0.000000;0.000000;0.000000;0.000000;0.000000;0.000000
0.000000;0.000000;0.000000;0.000000;0.000000;0.000000;0.000000;0.000000
0.000000;0.000000;0.000000;0.000000;0.000000;0.000000;0.000000;0.000000
0.000000;0.000000;0.000000;0.000000;0.000000;0.000000;0.000000;0.000000
0.000000;0.000000;0.000000;0.000000;0.000000;0.000000;0.000000;0.000000
0.000000;0.000000;0.000000;0.000000;0.000000;0.000000;0.000000;0.000000
0.000000;0.000000;0.000000;0.000000;0.000000;0.000000;0.000000;0.000000
0.000000;0.000000;0.000000;0.000000;0.000000;0.000000;0.000000;0.000000
0.000000;0.000000;0.000000;0.000000;0.000000;0.000000;0.000000;0.000000
0.000000;0.000000;0.000000;0.000000;0.000000;0.000000;0.000000;0.000000
0.000000;0.000000;0.000000;0.000000;0.000000;0.000000;0.000000;0.000000
0.000000;0.000000;0.000000;0.000000;0.000000;0.000000;0.000000;0.000000
0.000000;0.000000;0.000000;0.000000;0.000000;0.000000;0.000000;0.000000
0.000000;0.000000;0.000000;0.000000;0.000000;0.000000;0.000000;0.000000
0.000000;0.000000;0.000000;0.000000;0.000000;0.000000;0.000000;0.000000
0.000000;0.000000;0.000000;0.000000;0.000000;0.000000;0.000000;0.000000
0.000000;0.000000;0.000000;0.000000;0.000000;0.000000;0.000000;0.000000
0.000000;0.000000;0.000000;0.000000;0.000000;0.000000;0.000000;0.000000
0.000000;0.000000;0.000000;0.000000;0.000000;0.000000;0.000000;0.000000
0.000000;0.000000;0.000000;0.000000;0.000000;0.000000;0.000000;0.000000
0.000000;0.000000;0.000000;0.000000;0.000000;0.000000;0.000000;0.000000
0.000000;0.000000;0.000000;0.000000;0.000000;0.000000;0.000000;0.000000
0.000000;0.000000;0.000000;0.000000;0.000000;0.000000;0.000000;0.000000
0.000000;0.000000;0.000000;0.000000;0.000000;0.000000;0.000000;0.000000
0.000000;0.000000;0.000000;0.000000;0.000000;0.000000;0.000000;0.000000
0.000000;0.000000;0.000000;0.000000;0.000000;0.000000;0.000000;0.000000
0.000000;0.000000;0.000000;0.000000;0.000000;0.000000;0.000000;0.000000
0.000000;0.000000;0.000000;0.000000;0.000000;0.000000;0.000000;0.000000
0.000000;0.000000;0.000000;0.000000;0.000000;0.000000;0.000000;0.000000
0.000000;0.000000;0.000000;0.000000;0.000000;0.000000;0.000000;0.000000
0.000000;0.000000;0.000000;0.000000;0.000000;0.000000;0.000000;0.000000
0.000000;0.000000;0.000000;0.000000;0.000000;0.000000;0.000000;0.000000
0.000000;0.000000;0.000000;0.000000;0.000000;0.000000;0.000000;0.000000
0.000000;0.000000;0.000000;0.000000;0.000000;0.000000;0.000000;0.000000
0.000000;0.000000;0.000000;0.000000;0.000000;0.000000;0.000000;0.000000
0.000000;0.000000;0.000000;0.000000;0.000000;0.000000;0.000000;0.000000
0.000000;0.000000;0.000000;0.000000;0.000000;0.000000;0.000000;0.000000
0.000000;0.000000;0.000000;0.000000;0.000000;0.000000;0.000000;0.000000
0.000000;0.000000;0.000000;0.000000;0.000000;0.000000;0.000000;0.000000
0.000000;0.000000;0.000000;0.000000;0.000000;0.000000;0.000000;0.000000
0.000000;0.000000;0.000000;0.000000;0.000000;0.000000;0.000000;0.000000
0.000000;0.000000;0.000000;0.000000;0.000000;0.000000;0.000000;0.000000
0.000000;0.000000;0.000000;0.000000;0.000000;0.000000;0.000000;0.000000
0.000000;0.000000;0.000000;0.000000;0.000000;0.000000;0.000000;0.000000
0.000000;0.000000;0.000000;0.000000;0.000000;0.000000;0.000000;0.000000
0.000000;0.000000;0.000000;0.000000;0.000000;0.000000;0.000000;0.000000
0.000000;0.000000;0.000000;0.000000;0.000000;0.000000;0.000000;0.000000
0.000000;0.000000;0.000000;0.000000;0.000000;0.000000;0.000000;0.000000
0.000000;0.000000;0.000000;0.000000;0.000000;0.000000;0.000000;0.000000
0.000000;0.000000;0.000000;0.000000;0.000000;0.000000;0.000000;0.000000
0.000000;0.000000;0.000000;0.000000;0.000000;0.000000;0.000000;0.000000
0.000000;0.000000;0.000000;0.000000;0.000000;0.000000;0.000000;0.000000
0.000000;0.000000;0.000000;0.000000;0.000000;0.000000;0.000000;0.000000
0.000000;0.000000;0.000000;0.000000;0.000000;0.000000;0.000000;0.000000
0.000000;0.000000;0.000000;0.000000;0.000000;0.000000;0.000000;0.000000
0.000000;0.000000;0.000000;0.000000;0.000000;0.000000;0.000000;0.000000
0.000000;0.000000;0.000000;0.000000;0.000000;0.000000;0.000000;0.000000
0.000000;0.000000;0.000000;0.000000;0.000000;0.000000;0.000000;0.000000
0.000000;0.000000;0.000000;0.000000;0.000000;0.000000;0.000000;0.000000
0.000000;0.000000;0.000000;0.000000;0.000000;0.000000;0.000000;0.000000
0.000000;0.000000;0.000000;0.000000;0.000000;0.000000;0.000000;0.000000
0.000000;0.000000;0.000000;0.000000;0.000000;0.000000;0.000000;0.000000
0.000000;0.000000;0.000000;0.000000;0.000000;0.000000;0.000000;0.000000
0.000000;0.000000;0.000000;0.000000;0.000000;0.000000;0.000000;0.000000
0.000000;0.000000;0.000000;0.000000;0.000000;0.000000;0.000000;0.000000
0.000000;0.000000;0.000000;0.000000;0.000000;0.000000;0.000000;0.000000
0.000000;0.000000;0.000000;0.000000;0.000000;0.000000;0.000000;0.000000
0.000000;0.000000;0.000000;0.000000;0.000000;0.000000;0.000000;0.000000
0.000000;0.000000;0.000000;0.000000;0.000000;0.000000;0.000000;0.000000
0.000000;0.000000;0.000000;0.000000;0.000000;0.000000;0.000000;0.000000
0.000000;0.000000;0.000000;0.000000;0.000000;0.000000;0.000000;0.000000
0.000000;0.000000;0.000000;0.000000;0.000000;0.000000;0.000000;0.000000
0.000000;0.000000;0.000000;0.000000;0.000000;0.000000;0.000000;0.000000
0.000000;0.000000;0.000000;0.000000;0.000000;0.000000;0.000000;0.000000
0.000000;0.000000;0.000000;0.000000;0.000000;0.000000;0.000000;0.000000
0.000000;0.000000;0.000000;0.000000;0.000000;0.000000;0.000000;0.000000
0.000000;0.000000;0.000000;0.000000;0.000000;0.000000;0.000000;0.000000
0.000000;0.000000;0.000000;0.000000;0.000000;0.000000;0.000000;0.000000
0.000000;0.000000;0.000000;0.000000;0.000000;0.000000;0.000000;0.000000
0.000000;0.000000;0.000000;0.000000;0.000000;0.000000;0.000000;0.000000
0.000000;0.000000;0.000000;0.000000;0.000000;0.000000;0.000000;0.000000
0.000000;0.000000;0.000000;0.000000;0.000000;0.000000;0.000000;0.000000
0.000000;0.000000;0.000000;0.000000;0.000000;0.000000;0.000000;0.000000
0.000000;0.000000;0.000000;0.000000;0.000000;0.000000;0.000000;0.000000
0.000000;0.000000;0.000000;0.000000;0.000000;0.000000;0.000000;0.000000
0.000000;0.000000;0.000000;0.000000;0.000000;0.000000;0.000000;0.000000
0.000000;0.000000;0.000000;0.000000;0.000000;0.000000;0.000000;0.000000
0.000000;0.000000;0.000000;0.000000;0.000000;0.000000;0.000000;0.000000
0.000000;0.000000;0.000000;0.000000;0.000000;0.000000;0.000000;0.000000
0.000000;0.000000;0.000000;0.000000;0.000000;0.000000;0.000000;0.000000
0.000000;0.000000;0.000000;0.000000;0.000000;0.000000;0.000000;0.000000
0.000000;0.000000;0.000000;0.000000;0.000000;0.000000;0.000000;0.000000
0.000000;0.000000;0.000000;0.000000;0.000000;0.000000;0.000000;0.000000
0.000000;0.000000;0.000000;0.000000;0.000000;0.000000;0.000000;0.000000
0.000000;0.000000;0.000000;0.000000;0.000000;0.000000;0.000000;0.000000
0.000000;0.000000;0.000000;0.000000;0.000000;0.000000;0.000000;0.000000
0.000000;0.000000;0.000000;0.000000;0.000000;0.000000;0.000000;0.000000
0.000000;0.000000;0.000000;0.000000;0.000000;0.000000;0.000000;0.000000
0.000000;0.000000;0.000000;0.000000;0.000000;0.000000;0.000000;0.000000
0.000000;0.000000;0.000000;0.000000;0.000000;0.000000;0.000000;0.000000
0.000000;0.000000;0.000000;0.000000;0.000000;0.000000;0.000000;0.000000
0.000000;0.000000;0.000000;0.000000;0.000000;0.000000;0.000000;0.000000
0.000000;0.000000;0.000000;0.000000;0.000000;0.000000;0.000000;0.000000
0.000000;0.000000;0.000000;0.000000;0.000000;0.000000;0.000000;0.000000
0.000000;0.000000;0.000000;0.000000;0.000000;0.000000;0.000000;0.000000
0.000000;0.000000;0.000000;0.000000;0.000000;0.000000;0.000000;0.000000
0.000000;0.000000;0.000000;0.000000;0.000000;0.000000;0.000000;0.000000
0.000000;0.000000;0.000000;0.000000;0.000000;0.000000;0.000000;0.000000
0.000000;0.000000;0.000000;0.000000;0.000000;0.000000;0.000000;0.000000
0.000000;0.000000;0.000000;0.000000;0.000000;0.000000;0.000000;0.000000
0.000000;0.000000;0.000000;0.000000;0.000000;0.000000;0.000000;0.000000
0.000000;0.000000;0.000000;0.000000;0.000000;0.000000;0.000000;0.000000
0.000000;0.000000;0.000000;0.000000;0.000000;0.000000;0.000000;0.000000
0.000000;0.000000;0.000000;0.000000;0.000000;0.000000;0.000000;0.000000
0.000000;0.000000;0.000000;0.000000;0.000000;0.000000;0.000000;0.000000
0.000000;0.000000;0.000000;0.000000;0.000000;0.000000;0.000000;0.000000
0.000000;0.000000;0.000000;0.000000;0.000000;0.000000;0.000000;0.000000
0.000000;0.000000;0.000000;0.000000;0.000000;0.000000;0.000000;0.000000
0.000000;0.000000;0.000000;0.000000;0.000000;0.000000;0.000000;0.000000
0.000000;0.000000;0.000000;0.000000;0.000000;0.000000;0.000000;0.000000
0.000000;0.000000;0.000000;0.000000;0.000000;0.000000;0.000000;0.000000
0.000000;0.000000;0.000000;0.000000;0.000000;0.000000;0.000000;0.000000
0.000000;0.000000;0.000000;0.000000;0.000000;0.000000;0.000000;0.000000
0.000000;0.000000;0.000000;0.000000;0.000000;0.000000;0.000000;0.000000
0.000000;0.000000;0.000000;0.000000;0.000000;0.000000;0.000000;0.000000
0.000000;0.000000;0.000000;0.000000;0.000000;0.000000;0.000000;0.000000
0.000000;0.000000;0.000000;0.000000;0.000000;0.000000;0.000000;0.000000
0.000000;0.000000;0.000000;0.000000;0.000000;0.000000;0.000000;0.000000
0.000000;0.000000;0.000000;0.000000;0.000000;0.000000;0.000000;0.000000
0.000000;0.000000;0.000000;0.000000;0.000000;0.000000;0.000000;0.000000
0.000000;0.000000;0.000000;0.000000;0.000000;0.000000;0.000000;0.000000
0.000000;0.000000;0.000000;0.000000;0.000000;0.000000;0.000000;0.000000
0.000000;0.000000;0.000000;0.000000;0.000000;0.000000;0.000000;0.000000
0.000000;0.000000;0.000000;0.000000;0.000000;0.000000;0.000000;0.000000
0.000000;0.000000;0.000000;0.000000;0.000000;0.000000;0.000000;0.000000
0.000000;0.000000;0.000000;0.000000;0.000000;0.000000;0.000000;0.000000
0.000000;0.000000;0.000000;0.000000;0.000000;0.000000;0.000000;0.000000
0.000000;0.000000;0.000000;0.000000;0.000000;0.000000;0.000000;0.000000
0.000000;0.000000;0.000000;0.000000;0.000000;0.000000;0.000000;0.000000
0.000000;0.000000;0.000000;0.000000;0.000000;0.000000;0.000000;0.000000
0.000000;0.000000;0.000000;0.000000;0.000000;0.000000;0.000000;0.000000
0.000000;0.000000;0.000000;0.000000;0.000000;0.000000;0.000000;0.000000
0.000000;0.000000;0.000000;0.000000;0.000000;0.000000;0.000000;0.000000
0.000000;0.000000;0.000000;0.000000;0.000000;0.000000;0.000000;0.000000
0.000000;0.000000;0.000000;0.000000;0.000000;0.000000;0.000000;0.000000
0.000000;0.000000;0.000000;0.000000;0.000000;0.000000;0.000000;0.000000
0.000000;0.000000;0.000000;0.000000;0.000000;0.000000;0.000000;0.000000
0.000000;0.000000;0.000000;0.000000;0.000000;0.000000;0.000000;0.000000
0.000000;0.000000;0.000000;0.000000;0.000000;0.000000;0.000000;0.000000
0.000000;0.000000;0.000000;0.000000;0.000000;0.000000;0.000000;0.000000
0.000000;0.000000;0.000000;0.000000;0.000000;0.000000;0.000000;0.000000
0.000000;0.000000;0.000000;0.000000;0.000000;0.000000;0.000000;0.000000
0.000000;0.000000;0.000000;0.000000;0.000000;0.000000;0.000000;0.000000
0.000000;0.000000;0.000000;0.000000;0.000000;0.000000;0.000000;0.000000
0.000000;0.000000;0.000000;0.000000;0.000000;0.000000;0.000000;0.000000
0.000000;0.000000;0.000000;0.000000;0.000000;0.000000;0.000000;0.000000
0.000000;0.000000;0.000000;0.000000;0.000000;0.000000;0.000000;0.000000
0.000000;0.000000;0.000000;0.000000;0.000000;0.000000;0.000000;0.000000
0.000000;0.000000;0.000000;0.000000;0.000000;0.000000;0.000000;0.000000
0.000000;0.000000;0.000000;0.000000;0.000000;0.000000;0.000000;0.000000
0.000000;0.000000;0.000000;0.000000;0.000000;0.000000;0.000000;0.000000
0.000000;0.000000;0.000000;0.000000;0.000000;0.000000;0.000000;0.000000
0.000000;0.000000;0.000000;0.000000;0.000000;0.000000;0.000000;0.000000
0.000000;0.000000;0.000000;0.000000;0.000000;0.000000;0.000000;0.000000
0.000000;0.000000;0.000000;0.000000;0.000000;0.000000;0.000000;0.000000
0.000000;0.000000;0.000000;0.000000;0.000000;0.000000;0.000000;0.000000
0.000000;0.000000;0.000000;0.000000;0.000000;0.000000;0.000000;0.000000
0.000000;0.000000;0.000000;0.000000;0.000000;0.000000;0.000000;0.000000
0.000000;0.000000;0.000000;0.000000;0.000000;0.000000;0.000000;0.000000
0.000000;0.000000;0.000000;0.000000;0.000000;0.000000;0.000000;0.000000
0.000000;0.000000;0.000000;0.000000;0.000000;0.000000;0.000000;0.000000
0.000000;0.000000;0.000000;0.000000;0.000000;0.000000;0.000000;0.000000
0.000000;0.000000;0.000000;0.000000;0.000000;0.000000;0.000000;0.000000
0.000000;0.000000;0.000000;0.000000;0.000000;0.000000;0.000000;0.000000
0.000000;0.000000;0.000000;0.000000;0.000000;0.000000;0.000000;0.000000
0.000000;0.000000;0.000000;0.000000;0.000000;0.000000;0.000000;0.000000
0.000000;0.000000;0.000000;0.000000;0.000000;0.000000;0.000000;0.000000
0.000000;0.000000;0.000000;0.000000;0.000000;0.000000;0.000000;0.000000
0.000000;0.000000;0.000000;0.000000;0.000000;0.000000;0.000000;0.000000
0.000000;0.000000;0.000000;0.000000;0.000000;0.000000;0.000000;0.000000
0.000000;0.000000;0.000000;0.000000;0.000000;0.000000;0.000000;0.000000
0.000000;0.000000;0.000000;0.000000;0.000000;0.000000;0.000000;0.000000
0.000000;0.000000;0.000000;0.000000;0.000000;0.000000;0.000000;0.000000
0.000000;0.000000;0.000000;0.000000;0.000000;0.000000;0.000000;0.000000
0.000000;0.000000;0.000000;0.000000;0.000000;0.000000;0.000000;0.000000
0.000000;0.000000;0.000000;0.000000;0.000000;0.000000;0.000000;0.000000
0.000000;0.000000;0.000000;0.000000;0.000000;0.000000;0.000000;0.000000
0.000000;0.000000;0.000000;0.000000;0.000000;0.000000;0.000000;0.000000
0.000000;0.000000;0.000000;0.000000;0.000000;0.000000;0.000000;0.000000
0.000000;0.000000;0.000000;0.000000;0.000000;0.000000;0.000000;0.000000
0.000000;0.000000;0.000000;0.000000;0.000000;0.000000;0.000000;0.000000
0.000000;0.000000;0.000000;0.000000;0.000000;0.000000;0.000000;0.000000
0.000000;0.000000;0.000000;0.000000;0.000000;0.000000;0.000000;0.000000
0.000000;0.000000;0.000000;0.000000;0.000000;0.000000;0.000000;0.000000
0.000000;0.000000;0.000000;0.000000;0.000000;0.000000;0.000000;0.000000
0.000000;0.000000;0.000000;0.000000;0.000000;0.000000;0.000000;0.000000
0.000000;0.000000;0.000000;0.000000;0.000000;0.000000;0.000000;0.000000
0.000000;0.000000;0.000000;0.000000;0.000000;0.000000;0.000000;0.000000
0.000000;0.000000;0.000000;0.000000;0.000000;0.000000;0.000000;0.000000
0.000000;0.000000;0.000000;0.000000;0.000000;0.000000;0.000000;0.000000
0.000000;0.000000;0.000000;0.000000;0.000000;0.000000;0.000000;0.000000
0.000000;0.000000;0.000000;0.000000;0.000000;0.000000;0.000000;0.000000
0.000000;0.000000;0.000000;0.000000;0.000000;0.000000;0.000000;0.000000
0.000000;0.000000;0.000000;0.000000;0.000000;0.000000;0.000000;0.000000
0.000000;0.000000;0.000000;0.000000;0.000000;0.000000;0.000000;0.000000
0.000000;0.000000;0.000000;0.000000;0.000000;0.000000;0.000000;0.000000
0.000000;0.000000;0.000000;0.000000;0.000000;0.000000;0.000000;0.000000
0.000000;0.000000;0.000000;0.000000;0.000000;0.000000;0.000000;0.000000
0.000000;0.000000;0.000000;0.000000;0.000000;0.000000;0.000000;0.000000
0.000000;0.000000;0.000000;0.000000;0.000000;0.000000;0.000000;0.000000
0.000000;0.000000;0.000000;0.000000;0.000000;0.000000;0.000000;0.000000
0.000000;0.000000;0.000000;0.000000;0.000000;0.000000;0.000000;0.000000
0.000000;0.000000;0.000000;0.000000;0.000000;0.000000;0.000000;0.000000
0.000000;0.000000;0.000000;0.000000;0.000000;0.000000;0.000000;0.000000
0.000000;0.000000;0.000000;0.000000;0.000000;0.000000;0.000000;0.000000
0.000000;0.000000;0.000000;0.000000;0.000000;0.000000;0.000000;0.000000
0.000000;0.000000;0.000000;0.000000;0.000000;0.000000;0.000000;0.000000
0.000000;0.000000;0.000000;0.000000;0.000000;0.000000;0.000000;0.000000
0.000000;0.000000;0.000000;0.000000;0.000000;0.000000;0.000000;0.000000
0.000000;0.000000;0.000000;0.000000;0.000000;0.000000;0.000000;0.000000
0.000000;0.000000;0.000000;0.000000;0.000000;0.000000;0.000000;0.000000
0.000000;0.000000;0.000000;0.000000;0.000000;0.000000;0.000000;0.000000
0.000000;0.000000;0.000000;0.000000;0.000000;0.000000;0.000000;0.000000
0.000000;0.000000;0.000000;0.000000;0.000000;0.000000;0.000000;0.000000
0.000000;0.000000;0.000000;0.000000;0.000000;0.000000;0.000000;0.000000
0.000000;0.000000;0.000000;0.000000;0.000000;0.000000;0.000000;0.000000
0.000000;0.000000;0.000000;0.000000;0.000000;0.000000;0.000000;0.000000
0.000000;0.000000;0.000000;0.000000;0.000000;0.000000;0.000000;0.000000
0.000000;0.000000;0.000000;0.000000;0.000000;0.000000;0.000000;0.000000
0.000000;0.000000;0.000000;0.000000;0.000000;0.000000;0.000000;0.000000
0.000000;0.000000;0.000000;0.000000;0.000000;0.000000;0.000000;0.000000
0.000000;0.000000;0.000000;0.000000;0.000000;0.000000;0.000000;0.000000
0.000000;0.000000;0.000000;0.000000;0.000000;0.000000;0.000000;0.000000
0.000000;0.000000;0.000000;0.000000;0.000000;0.000000;0.000000;0.000000
0.000000;0.000000;0.000000;0.000000;0.000000;0.000000;0.000000;0.000000
0.000000;0.000000;0.000000;0.000000;0.000000;0.000000;0.000000;0.000000
0.000000;0.000000;0.000000;0.000000;0.000000;0.000000;0.000000;0.000000
0.000000;0.000000;0.000000;0.000000;0.000000;0.000000;0.000000;0.000000
0.000000;0.000000;0.000000;0.000000;0.000000;0.000000;0.000000;0.000000
0.000000;0.000000;0.000000;0.000000;0.000000;0.000000;0.000000;0.000000
0.000000;0.000000;0.000000;0.000000;0.000000;0.000000;0.000000;0.000000
0.000000;0.000000;0.000000;0.000000;0.000000;0.000000;0.000000;0.000000
0.000000;0.000000;0.000000;0.000000;0.000000;0.000000;0.000000;0.000000
0.000000;0.000000;0.000000;0.000000;0.000000;0.000000;0.000000;0.000000
0.000000;0.000000;0.000000;0.000000;0.000000;0.000000;0.000000;0.000000
0.000000;0.000000;0.000000;0.000000;0.000000;0.000000;0.000000;0.000000
0.000000;0.000000;0.000000;0.000000;0.000000;0.000000;0.000000;0.000000
0.000000;0.000000;0.000000;0.000000;0.000000;0.000000;0.000000;0.000000
0.000000;0.000000;0.000000;0.000000;0.000000;0.000000;0.000000;0.000000
0.000000;0.000000;0.000000;0.000000;0.000000;0.000000;0.000000;0.000000
0.000000;0.000000;0.000000;0.000000;0.000000;0.000000;0.000000;0.000000
0.000000;0.000000;0.000000;0.000000;0.000000;0.000000;0.000000;0.000000
0.000000;0.000000;0.000000;0.000000;0.000000;0.000000;0.000000;0.000000
0.000000;0.000000;0.000000;0.000000;0.000000;0.000000;0.000000;0.000000
0.000000;0.000000;0.000000;0.000000;0.000000;0.000000;0.000000;0.000000
0.000000;0.000000;0.000000;0.000000;0.000000;0.000000;0.000000;0.000000
0.000000;0.000000;0.000000;0.000000;0.000000;0.000000;0.000000;0.000000
0.000000;0.000000;0.000000;0.000000;0.000000;0.000000;0.000000;0.000000
0.000000;0.000000;0.000000;0.000000;0.000000;0.000000;0.000000;0.000000
0.000000;0.000000;0.000000;0.000000;0.000000;0.000000;0.000000;0.000000
0.000000;0.000000;0.000000;0.000000;0.000000;0.000000;0.000000;0.000000
0.000000;0.000000;0.000000;0.000000;0.000000;0.000000;0.000000;0.000000
0.000000;0.000000;0.000000;0.000000;0.000000;0.000000;0.000000;0.000000
0.000000;0.000000;0.000000;0.000000;0.000000;0.000000;0.000000;0.000000
0.000000;0.000000;0.000000;0.000000;0.000000;0.000000;0.000000;0.000000
0.000000;0.000000;0.000000;0.000000;0.000000;0.000000;0.000000;0.000000
0.000000;0.000000;0.000000;0.000000;0.000000;0.000000;0.000000;0.000000
0.000000;0.000000;0.000000;0.000000;0.000000;0.000000;0.000000;0.000000
0.000000;0.000000;0.000000;0.000000;0.000000;0.000000;0.000000;0.000000
0.000000;0.000000;0.000000;0.000000;0.000000;0.000000;0.000000;0.000000
0.000000;0.000000;0.000000;0.000000;0.000000;0.000000;0.000000;0.000000
0.000000;0.000000;0.000000;0.000000;0.000000;0.000000;0.000000;0.000000
0.000000;0.000000;0.000000;0.000000;0.000000;0.000000;0.000000;0.000000
0.000000;0.000000;0.000000;0.000000;0.000000;0.000000;0.000000;0.000000
0.000000;0.000000;0.000000;0.000000;0.000000;0.000000;0.000000;0.000000
0.000000;0.000000;0.000000;0.000000;0.000000;0.000000;0.000000;0.000000
0.000000;0.000000;0.000000;0.000000;0.000000;0.000000;0.000000;0.000000
0.000000;0.000000;0.000000;0.000000;0.000000;0.000000;0.000000;0.000000
0.000000;0.000000;0.000000;0.000000;0.000000;0.000000;0.000000;0.000000
0.000000;0.000000;0.000000;0.000000;0.000000;0.000000;0.000000;0.000000
0.000000;0.000000;0.000000;0.000000;0.000000;0.000000;0.000000;0.000000
0.000000;0.000000;0.000000;0.000000;0.000000;0.000000;0.000000;0.000000
0.000000;0.000000;0.000000;0.000000;0.000000;0.000000;0.000000;0.000000
0.000000;0.000000;0.000000;0.000000;0.000000;0.000000;0.000000;0.000000
0.000000;0.000000;0.000000;0.000000;0.000000;0.000000;0.000000;0.000000
0.000000;0.000000;0.000000;0.000000;0.000000;0.000000;0.000000;0.000000
0.000000;0.000000;0.000000;0.000000;0.000000;0.000000;0.000000;0.000000
0.000000;0.000000;0.000000;0.000000;0.000000;0.000000;0.000000;0.000000
0.000000;0.000000;0.000000;0.000000;0.000000;0.000000;0.000000;0.000000
0.000000;0.000000;0.000000;0.000000;0.000000;0.000000;0.000000;0.000000
0.000000;0.000000;0.000000;0.000000;0.000000;0.000000;0.000000;0.000000
0.000000;0.000000;0.000000;0.000000;0.000000;0.000000;0.000000;0.000000
0.000000;0.000000;0.000000;0.000000;0.000000;0.000000;0.000000;0.000000
0.000000;0.000000;0.000000;0.000000;0.000000;0.000000;0.000000;0.000000
0.000000;0.000000;0.000000;0.000000;0.000000;0.000000;0.000000;0.000000
0.000000;0.000000;0.000000;0.000000;0.000000;0.000000;0.000000;0.000000
0.000000;0.000000;0.000000;0.000000;0.000000;0.000000;0.000000;0.000000
0.000000;0.000000;0.000000;0.000000;0.000000;0.000000;0.000000;0.000000
0.000000;0.000000;0.000000;0.000000;0.000000;0.000000;0.000000;0.000000
0.000000;0.000000;0.000000;0.000000;0.000000;0.000000;0.000000;0.000000
0.000000;0.000000;0.000000;0.000000;0.000000;0.000000;0.000000;0.000000
0.000000;0.000000;0.000000;0.000000;0.000000;0.000000;0.000000;0.000000
0.000000;0.000000;0.000000;0.000000;0.000000;0.000000;0.000000;0.000000
0.000000;0.000000;0.000000;0.000000;0.000000;0.000000;0.000000;0.000000
0.000000;0.000000;0.000000;0.000000;0.000000;0.000000;0.000000;0.000000
0.000000;0.000000;0.000000;0.000000;0.000000;0.000000;0.000000;0.000000
0.000000;0.000000;0.000000;0.000000;0.000000;0.000000;0.000000;0.000000
0.000000;0.000000;0.000000;0.000000;0.000000;0.000000;0.000000;0.000000
0.000000;0.000000;0.000000;0.000000;0.000000;0.000000;0.000000;0.000000
0.000000;0.000000;0.000000;0.000000;0.000000;0.000000;0.000000;0.000000
0.000000;0.000000;0.000000;0.000000;0.000000;0.000000;0.000000;0.000000
0.000000;0.000000;0.000000;0.000000;0.000000;0.000000;0.000000;0.000000
0.000000;0.000000;0.000000;0.000000;0.000000;0.000000;0.000000;0.000000
0.000000;0.000000;0.000000;0.000000;0.000000;0.000000;0.000000;0.000000
0.000000;0.000000;0.000000;0.000000;0.000000;0.000000;0.000000;0.000000
0.000000;0.000000;0.000000;0.000000;0.000000;0.000000;0.000000;0.000000
0.000000;0.000000;0.000000;0.000000;0.000000;0.000000;0.000000;0.000000
0.000000;0.000000;0.000000;0.000000;0.000000;0.000000;0.000000;0.000000
0.000000;0.000000;0.000000;0.000000;0.000000;0.000000;0.000000;0.000000
0.000000;0.000000;0.000000;0.000000;0.000000;0.000000;0.000000;0.000000
0.000000;0.000000;0.000000;0.000000;0.000000;0.000000;0.000000;0.000000
0.000000;0.000000;0.000000;0.000000;0.000000;0.000000;0.000000;0.000000
0.000000;0.000000;0.000000;0.000000;0.000000;0.000000;0.000000;0.000000
0.000000;0.000000;0.000000;0.000000;0.000000;0.000000;0.000000;0.000000
0.000000;0.000000;0.000000;0.000000;0.000000;0.000000;0.000000;0.000000
0.000000;0.000000;0.000000;0.000000;0.000000;0.000000;0.000000;0.000000
0.000000;0.000000;0.000000;0.000000;0.000000;0.000000;0.000000;0.000000
0.000000;0.000000;0.000000;0.000000;0.000000;0.000000;0.000000;0.000000
0.000000;0.000000;0.000000;0.000000;0.000000;0.000000;0.000000;0.000000
0.000000;0.000000;0.000000;0.000000;0.000000;0.000000;0.000000;0.000000
0.000000;0.000000;0.000000;0.000000;0.000000;0.000000;0.000000;0.000000
0.000000;0.000000;0.000000;0.000000;0.000000;0.000000;0.000000;0.000000
0.000000;0.000000;0.000000;0.000000;0.000000;0.000000;0.000000;0.000000
0.000000;0.000000;0.000000;0.000000;0.000000;0.000000;0.000000;0.000000
0.000000;0.000000;0.000000;0.000000;0.000000;0.000000;0.000000;0.000000
0.000000;0.000000;0.000000;0.000000;0.000000;0.000000;0.000000;0.000000
0.000000;0.000000;0.000000;0.000000;0.000000;0.000000;0.000000;0.000000
0.000000;0.000000;0.000000;0.000000;0.000000;0.000000;0.000000;0.000000
0.000000;0.000000;0.000000;0.000000;0.000000;0.000000;0.000000;0.000000
0.000000;0.000000;0.000000;0.000000;0.000000;0.000000;0.000000;0.000000
0.000000;0.000000;0.000000;0.000000;0.000000;0.000000;0.000000;0.000000
0.000000;0.000000;0.000000;0.000000;0.000000;0.000000;0.000000;0.000000
0.000000;0.000000;0.000000;0.000000;0.000000;0.000000;0.000000;0.000000
0.000000;0.000000;0.000000;0.000000;0.000000;0.000000;0.000000;0.000000
0.000000;0.000000;0.000000;0.000000;0.000000;0.000000;0.000000;0.000000
0.000000;0.000000;0.000000;0.000000;0.000000;0.000000;0.000000;0.000000
0.000000;0.000000;0.000000;0.000000;0.000000;0.000000;0.000000;0.000000
0.000000;0.000000;0.000000;0.000000;0.000000;0.000000;0.000000;0.000000
0.000000;0.000000;0.000000;0.000000;0.000000;0.000000;0.000000;0.000000
0.000000;0.000000;0.000000;0.000000;0.000000;0.000000;0.000000;0.000000
0.000000;0.000000;0.000000;0.000000;0.000000;0.000000;0.000000;0.000000
0.000000;0.000000;0.000000;0.000000;0.000000;0.000000;0.000000;0.000000
0.000000;0.000000;0.000000;0.000000;0.000000;0.000000;0.000000;0.000000
0.000000;0.000000;0.000000;0.000000;0.000000;0.000000;0.000000;0.000000
0.000000;0.000000;0.000000;0.000000;0.000000;0.000000;0.000000;0.000000
0.000000;0.000000;0.000000;0.000000;0.000000;0.000000;0.000000;0.000000
0.000000;0.000000;0.000000;0.000000;0.000000;0.000000;0.000000;0.000000
0.000000;0.000000;0.000000;0.000000;0.000000;0.000000;0.000000;0.000000
0.000000;0.000000;0.000000;0.000000;0.000000;0.000000;0.000000;0.000000
0.000000;0.000000;0.000000;0.000000;0.000000;0.000000;0.000000;0.000000
0.000000;0.000000;0.000000;0.000000;0.000000;0.000000;0.000000;0.000000
0.000000;0.000000;0.000000;0.000000;0.000000;0.000000;0.000000;0.000000
0.000000;0.000000;0.000000;0.000000;0.000000;0.000000;0.000000;0.000000
0.000000;0.000000;0.000000;0.000000;0.000000;0.000000;0.000000;0.000000
0.000000;0.000000;0.000000;0.000000;0.000000;0.000000;0.000000;0.000000
0.000000;0.000000;0.000000;0.000000;0.000000;0.000000;0.000000;0.000000
0.000000;0.000000;0.000000;0.000000;0.000000;0.000000;0.000000;0.000000
0.000000;0.000000;0.000000;0.000000;0.000000;0.000000;0.000000;0.000000
0.000000;0.000000;0.000000;0.000000;0.000000;0.000000;0.000000;0.000000
0.000000;0.000000;0.000000;0.000000;0.000000;0.000000;0.000000;0.000000
0.000000;0.000000;0.000000;0.000000;0.000000;0.000000;0.000000;0.000000
0.000000;0.000000;0.000000;0.000000;0.000000;0.000000;0.000000;0.000000
0.000000;0.000000;0.000000;0.000000;0.000000;0.000000;0.000000;0.000000
0.000000;0.000000;0.000000;0.000000;0.000000;0.000000;0.000000;0.000000
0.000000;0.000000;0.000000;0.000000;0.000000;0.000000;0.000000;0.000000
0.000000;0.000000;0.000000;0.000000;0.000000;0.000000;0.000000;0.000000
0.000000;0.000000;0.000000;0.000000;0.000000;0.000000;0.000000;0.000000
0.000000;0.000000;0.000000;0.000000;0.000000;0.000000;0.000000;0.000000
