0.000000;-1.000000;6889.000000;0.000000;552535.000000;0.000000;0.000000;0.546966
1.000000;-1.000000;9729.000000;0.000000;304388.000000;8798.000000;0.000000;1.282053
2.000000;-1.000000;11108.000000;0.000000;412292.000000;0.000000;0.000000;1.937876
3.000000;-1.000000;8933.000000;0.000000;440553.000000;0.000000;0.000000;2.552537
4.000000;-1.000000;9721.000000;0.000000;346485.000000;8588.000000;0.000000;3.146173
5.000000;-1.000000;9357.000000;0.000000;417057.000000;0.000000;0.000000;3.725364
6.000000;-1.000000;9301.000000;0.000000;480017.000000;0.000000;0.000000;4.319002
7.000000;-1.000000;10232.000000;0.000000;386686.000000;0.000000;0.000000;4.910041
8.000000;-1.000000;10933.000000;0.000000;345008.000000;0.000000;0.000000;5.499125
9.000000;-1.000000;9280.000000;0.000000;434577.000000;0.000000;0.000000;6.086184
10.000000;-1.000000;9057.000000;0.000000;323725.000000;0.000000;0.000000;6.666893
11.000000;-1.000000;10463.000000;0.000000;393663.000000;0.000000;0.000000;7.245920
12.000000;-1.000000;9154.000000;0.000000;512018.000000;0.000000;0.000000;7.828306
13.000000;-1.000000;8632.000000;0.000000;393652.000000;0.000000;0.000000;8.411972
14.000000;-1.000000;9746.000000;0.000000;434990.000000;0.000000;0.000000;8.996315
15.000000;-1.000000;10180.000000;0.000000;366999.000000;8017.000000;0.000000;9.576538
16.000000;-1.000000;9235.000000;0.000000;408309.000000;8921.000000;0.000000;10.159893
17.000000;-1.000000;9888.000000;0.000000;384733.000000;0.000000;0.000000;10.745461
18.000000;-1.000000;9626.000000;0.000000;448155.000000;0.000000;0.000000;11.330747
19.000000;-1.000000;9664.000000;0.000000;419941.000000;0.000000;0.000000;11.913830
20.000000;-1.000000;9013.000000;0.000000;394370.000000;0.000000;0.000000;12.561362
21.000000;-1.000000;9792.000000;0.000000;484107.000000;0.000000;0.000000;13.271684
22.000000;-1.000000;9410.000000;0.000000;364551.000000;0.000000;0.000000;13.940048
23.000000;-1.000000;9153.000000;0.000000;328158.000000;8666.000000;0.000000;14.581881
24.000000;-1.000000;9709.000000;0.000000;310027.000000;0.000000;0.000000;15.219092
25.000000;-1.000000;9314.000000;0.000000;362638.000000;0.000000;0.000000;15.854250
26.000000;7796.000000;9314.000000;0.000000;370215.000000;7796.000000;1.000000;16.485626
27.000000;7796.000000;6614.000000;0.000000;369620.000000;0.000000;0.000000;17.123322
28.000000;7796.000000;7145.000000;0.000000;536463.000000;0.000000;0.000000;17.762436
29.000000;7796.000000;6747.000000;0.000000;467967.000000;9668.000000;0.000000;18.395493
30.000000;7796.000000;7816.000000;0.000000;423333.000000;9668.000000;0.000000;19.023161
31.000000;7796.000000;5802.000000;0.000000;360217.000000;9668.000000;0.000000;19.649828
32.000000;7796.000000;7208.000000;0.000000;561646.000000;9668.000000;0.000000;20.277910
33.000000;7796.000000;6442.000000;0.000000;452962.000000;9668.000000;0.000000;20.904799
34.000000;7796.000000;7191.000000;0.000000;421256.000000;9668.000000;0.000000;21.531519
35.000000;7796.000000;6637.000000;0.000000;430020.000000;9668.000000;0.000000;22.157774
36.000000;7796.000000;6637.000000;0.000000;487635.000000;9668.000000;0.000000;22.803484
37.000000;7796.000000;8405.000000;0.000000;441254.000000;9668.000000;0.000000;23.432333
38.000000;7796.000000;8034.000000;0.000000;449346.000000;9668.000000;0.000000;24.057037
39.000000;7796.000000;7394.000000;0.000000;336923.000000;9668.000000;0.000000;24.681047
40.000000;7796.000000;7095.000000;0.000000;370939.000000;9668.000000;0.000000;25.433779
41.000000;7796.000000;8019.000000;0.000000;590700.000000;9668.000000;0.000000;26.345402
42.000000;7796.000000;7316.000000;0.000000;464657.000000;9668.000000;0.000000;27.086599
43.000000;7796.000000;7873.000000;0.000000;440790.000000;9668.000000;0.000000;27.825274
44.000000;7796.000000;6339.000000;0.000000;415917.000000;9668.000000;0.000000;28.564045
45.000000;7796.000000;6103.000000;0.000000;540041.000000;9668.000000;0.000000;29.303558
46.000000;7796.000000;6054.000000;0.000000;442445.000000;9668.000000;0.000000;30.039776
47.000000;7796.000000;6949.000000;0.000000;410831.000000;9668.000000;0.000000;30.768616
48.000000;7796.000000;6778.000000;0.000000;447797.000000;9668.000000;0.000000;31.493513
49.000000;7796.000000;6984.000000;0.000000;559978.000000;9668.000000;0.000000;32.216774
50.000000;7796.000000;6927.000000;0.000000;417557.000000;9668.000000;0.000000;32.983257
51.000000;7796.000000;6877.000000;0.000000;473318.000000;9668.000000;0.000000;33.709385
52.000000;7796.000000;6630.000000;0.000000;426638.000000;9668.000000;0.000000;34.429356
53.000000;7796.000000;6859.000000;0.000000;481089.000000;9668.000000;0.000000;35.155659
54.000000;7796.000000;6361.000000;0.000000;470559.000000;9668.000000;0.000000;35.881557
55.000000;7796.000000;6615.000000;0.000000;408231.000000;9668.000000;0.000000;36.610695
56.000000;7796.000000;6211.000000;0.000000;355232.000000;9668.000000;0.000000;37.334728
57.000000;7796.000000;6501.000000;0.000000;486290.000000;9668.000000;0.000000;38.407875
58.000000;7796.000000;7603.000000;0.000000;522472.000000;9668.000000;0.000000;39.225395
59.000000;7796.000000;7733.000000;0.000000;425511.000000;9668.000000;0.000000;39.960949
60.000000;7796.000000;7291.000000;0.000000;517670.000000;9668.000000;0.000000;40.906666
61.000000;7796.000000;8221.000000;0.000000;358522.000000;9668.000000;0.000000;41.999084
62.000000;7796.000000;6581.000000;0.000000;567612.000000;9668.000000;0.000000;42.971706
63.000000;7796.000000;8166.000000;0.000000;378890.000000;9668.000000;0.000000;43.928387
64.000000;7796.000000;7467.000000;0.000000;367011.000000;9668.000000;0.000000;44.856819
65.000000;7796.000000;6588.000000;0.000000;496026.000000;9668.000000;0.000000;45.774761
66.000000;7796.000000;7484.000000;0.000000;398068.000000;9668.000000;0.000000;46.683693
67.000000;7796.000000;6934.000000;0.000000;372920.000000;9668.000000;0.000000;47.588791
68.000000;7796.000000;7290.000000;0.000000;354755.000000;9668.000000;0.000000;48.495197
69.000000;7796.000000;8807.000000;0.000000;355647.000000;9668.000000;0.000000;49.398548
70.000000;7796.000000;7536.000000;0.000000;448254.000000;9668.000000;0.000000;50.301979
71.000000;7796.000000;6807.000000;0.000000;379572.000000;9668.000000;0.000000;51.207050
72.000000;7796.000000;6477.000000;0.000000;433094.000000;9668.000000;0.000000;52.112488
73.000000;7796.000000;6772.000000;0.000000;483379.000000;9668.000000;0.000000;53.057903
74.000000;7796.000000;7240.000000;0.000000;341891.000000;9668.000000;0.000000;53.976204
75.000000;7796.000000;6552.000000;0.000000;540580.000000;9668.000000;0.000000;54.924179
76.000000;7796.000000;8281.000000;0.000000;470293.000000;9668.000000;0.000000;55.848587
77.000000;7796.000000;6723.000000;0.000000;439204.000000;9668.000000;0.000000;56.782860
78.000000;7796.000000;6536.000000;0.000000;371822.000000;9668.000000;0.000000;57.714809
79.000000;7796.000000;6696.000000;0.000000;468793.000000;9668.000000;0.000000;58.645119
80.000000;7796.000000;6392.000000;0.000000;427504.000000;9668.000000;0.000000;59.932419
81.000000;7796.000000;6863.000000;0.000000;464769.000000;9668.000000;0.000000;61.407501
82.000000;7796.000000;6479.000000;0.000000;338078.000000;9668.000000;0.000000;62.703087
83.000000;7796.000000;7971.000000;0.000000;379420.000000;9668.000000;0.000000;64.040588
84.000000;7796.000000;9177.000000;0.000000;439259.000000;9668.000000;0.000000;65.336121
85.000000;7796.000000;7423.000000;0.000000;402488.000000;9668.000000;0.000000;66.629974
86.000000;7796.000000;6867.000000;0.000000;517007.000000;9668.000000;0.000000;67.903862
87.000000;7796.000000;7111.000000;0.000000;374107.000000;9668.000000;0.000000;69.181725
88.000000;7796.000000;7458.000000;0.000000;304314.000000;9668.000000;0.000000;70.460846
89.000000;7796.000000;7859.000000;0.000000;411416.000000;9668.000000;0.000000;71.739136
90.000000;7796.000000;8740.000000;0.000000;441778.000000;9668.000000;0.000000;73.056221
91.000000;7796.000000;6491.000000;0.000000;419910.000000;9668.000000;0.000000;74.386543
92.000000;7796.000000;8899.000000;0.000000;391588.000000;9668.000000;0.000000;75.693596
93.000000;7796.000000;7426.000000;0.000000;457916.000000;9668.000000;0.000000;76.990501
94.000000;7796.000000;6751.000000;0.000000;451484.000000;9668.000000;0.000000;78.287979
95.000000;7796.000000;7421.000000;0.000000;463467.000000;9668.000000;0.000000;79.575897
96.000000;7796.000000;7074.000000;0.000000;509925.000000;9668.000000;0.000000;80.723763
97.000000;7796.000000;7182.000000;0.000000;517481.000000;9668.000000;0.000000;81.854553
98.000000;7796.000000;7272.000000;0.000000;440537.000000;9668.000000;0.000000;82.996498
99.000000;7796.000000;6152.000000;0.000000;446830.000000;9668.000000;0.000000;84.153740
100.000000;7796.000000;6365.000000;0.000000;468353.000000;9668.000000;0.000000;85.451492
101.000000;7796.000000;7636.000000;0.000000;424832.000000;9668.000000;0.000000;87.126854
102.000000;7796.000000;7499.000000;0.000000;294227.000000;9668.000000;0.000000;88.644737
103.000000;7796.000000;8272.000000;0.000000;438887.000000;9668.000000;0.000000;90.160393
104.000000;7796.000000;6874.000000;0.000000;342528.000000;9668.000000;0.000000;91.655312
105.000000;7796.000000;6975.000000;0.000000;451339.000000;9668.000000;0.000000;93.136238
106.000000;7796.000000;7103.000000;0.000000;340788.000000;9668.000000;0.000000;94.629372
107.000000;7796.000000;7308.000000;0.000000;557299.000000;9668.000000;0.000000;96.181061
108.000000;7796.000000;9020.000000;0.000000;370717.000000;9668.000000;0.000000;97.663368
109.000000;7796.000000;8006.000000;0.000000;419937.000000;9668.000000;0.000000;99.275421
110.000000;7796.000000;5735.000000;0.000000;517860.000000;9668.000000;0.000000;100.781448
111.000000;7796.000000;7998.000000;0.000000;373093.000000;9668.000000;0.000000;102.284950
112.000000;7796.000000;7098.000000;0.000000;468428.000000;9668.000000;0.000000;103.834503
113.000000;7796.000000;7717.000000;0.000000;483780.000000;9668.000000;0.000000;105.287422
114.000000;7796.000000;6434.000000;0.000000;530232.000000;9668.000000;0.000000;106.604446
115.000000;7796.000000;7929.000000;0.000000;342974.000000;9668.000000;0.000000;107.913055
116.000000;7796.000000;7570.000000;0.000000;485959.000000;9668.000000;0.000000;109.222420
117.000000;7796.000000;6441.000000;0.000000;573632.000000;9668.000000;0.000000;110.528656
118.000000;7796.000000;7124.000000;0.000000;565988.000000;9668.000000;0.000000;111.842102
119.000000;7796.000000;7683.000000;0.000000;401679.000000;9668.000000;0.000000;113.150871
120.000000;7796.000000;6679.000000;0.000000;450502.000000;9668.000000;0.000000;114.486427
121.000000;7796.000000;7423.000000;0.000000;485351.000000;9668.000000;0.000000;116.144203
122.000000;7796.000000;5837.000000;0.000000;491694.000000;9668.000000;0.000000;117.675606
123.000000;7796.000000;7736.000000;0.000000;474074.000000;9668.000000;0.000000;119.203690
124.000000;7796.000000;6810.000000;0.000000;423980.000000;9668.000000;0.000000;120.713219
125.000000;7796.000000;7821.000000;0.000000;300492.000000;9668.000000;0.000000;122.205353
126.000000;7796.000000;6261.000000;0.000000;457247.000000;9668.000000;0.000000;123.741646
127.000000;7796.000000;7351.000000;0.000000;367091.000000;9668.000000;0.000000;125.237320
128.000000;7796.000000;5619.000000;0.000000;432092.000000;9668.000000;0.000000;126.737953
129.000000;7796.000000;7171.000000;0.000000;461102.000000;9668.000000;0.000000;128.264694
130.000000;7796.000000;6436.000000;0.000000;466262.000000;9668.000000;0.000000;129.795593
131.000000;7796.000000;6550.000000;0.000000;535963.000000;9668.000000;0.000000;131.335907
132.000000;7796.000000;6887.000000;0.000000;414069.000000;9668.000000;0.000000;132.857254
133.000000;7796.000000;6868.000000;0.000000;505797.000000;9668.000000;0.000000;134.356110
134.000000;7796.000000;6290.000000;0.000000;461527.000000;9668.000000;0.000000;135.681473
135.000000;7796.000000;7096.000000;0.000000;385654.000000;9668.000000;0.000000;137.021790
136.000000;7796.000000;7600.000000;0.000000;362893.000000;9668.000000;0.000000;138.336319
137.000000;7796.000000;7148.000000;0.000000;285684.000000;9668.000000;0.000000;139.645721
138.000000;7796.000000;7362.000000;0.000000;411034.000000;9668.000000;0.000000;140.964966
139.000000;7796.000000;6638.000000;0.000000;454025.000000;9668.000000;0.000000;142.294098
140.000000;7796.000000;6117.000000;0.000000;525710.000000;9668.000000;0.000000;143.638931
141.000000;7796.000000;7938.000000;0.000000;451933.000000;9668.000000;0.000000;145.313904
142.000000;7796.000000;6210.000000;0.000000;508755.000000;9668.000000;0.000000;146.874405
143.000000;7796.000000;6696.000000;0.000000;592729.000000;9668.000000;0.000000;148.424530
144.000000;7796.000000;7577.000000;0.000000;297364.000000;9668.000000;0.000000;149.949829
145.000000;7796.000000;6715.000000;0.000000;461502.000000;9668.000000;0.000000;151.481979
146.000000;7796.000000;7094.000000;0.000000;328918.000000;9668.000000;0.000000;152.992035
147.000000;7796.000000;7321.000000;0.000000;355666.000000;9668.000000;0.000000;154.553207
148.000000;7796.000000;6993.000000;0.000000;434730.000000;9668.000000;0.000000;156.073700
149.000000;7796.000000;6065.000000;0.000000;417857.000000;9668.000000;0.000000;157.639221
150.000000;7796.000000;7267.000000;0.000000;460459.000000;9668.000000;0.000000;159.190781
151.000000;7796.000000;6718.000000;0.000000;517797.000000;9668.000000;0.000000;160.731598
152.000000;7796.000000;7042.000000;0.000000;490570.000000;9668.000000;0.000000;162.268723
153.000000;7796.000000;6859.000000;0.000000;356552.000000;9668.000000;0.000000;163.801102
154.000000;7796.000000;6529.000000;0.000000;468882.000000;9668.000000;0.000000;165.150772
155.000000;7796.000000;7333.000000;0.000000;530914.000000;9668.000000;0.000000;166.493835
156.000000;7796.000000;7600.000000;0.000000;486575.000000;9668.000000;0.000000;167.895691
157.000000;7796.000000;7165.000000;0.000000;417567.000000;9668.000000;0.000000;169.262253
158.000000;7796.000000;7581.000000;0.000000;542100.000000;9668.000000;0.000000;170.608398
159.000000;7796.000000;6890.000000;0.000000;496072.000000;9668.000000;0.000000;171.956894
160.000000;7796.000000;6940.000000;0.000000;526401.000000;9668.000000;0.000000;173.305435
161.000000;7796.000000;7485.000000;0.000000;392082.000000;9668.000000;0.000000;175.062851
162.000000;7796.000000;6646.000000;0.000000;478192.000000;9668.000000;0.000000;176.640427
163.000000;7796.000000;8500.000000;0.000000;389586.000000;9668.000000;0.000000;178.220978
164.000000;7796.000000;5617.000000;0.000000;490498.000000;9668.000000;0.000000;179.767136
165.000000;7796.000000;7522.000000;0.000000;370579.000000;9668.000000;0.000000;181.302429
166.000000;7796.000000;6331.000000;0.000000;406655.000000;9668.000000;0.000000;182.834991
167.000000;7796.000000;7695.000000;0.000000;308068.000000;9668.000000;0.000000;184.425537
168.000000;7796.000000;6812.000000;0.000000;466217.000000;9668.000000;0.000000;185.963531
169.000000;7796.000000;7910.000000;0.000000;331895.000000;9668.000000;0.000000;187.554016
170.000000;7796.000000;6984.000000;0.000000;496700.000000;9668.000000;0.000000;189.121567
171.000000;7796.000000;7513.000000;0.000000;471234.000000;9668.000000;0.000000;190.687668
172.000000;7796.000000;6383.000000;0.000000;523611.000000;9668.000000;0.000000;192.256592
173.000000;7796.000000;6722.000000;0.000000;552449.000000;9668.000000;0.000000;193.698502
174.000000;7796.000000;7148.000000;0.000000;461872.000000;9668.000000;0.000000;195.098679
175.000000;7796.000000;7476.000000;0.000000;438595.000000;9668.000000;0.000000;196.459488
176.000000;7796.000000;6449.000000;0.000000;484876.000000;9668.000000;0.000000;197.821976
177.000000;7796.000000;5947.000000;0.000000;536665.000000;9668.000000;0.000000;199.182938
178.000000;7796.000000;7655.000000;0.000000;502315.000000;9668.000000;0.000000;200.545853
179.000000;7796.000000;7100.000000;0.000000;421476.000000;9668.000000;0.000000;201.900772
180.000000;7796.000000;6652.000000;0.000000;369541.000000;9668.000000;0.000000;203.250900
181.000000;7796.000000;7564.000000;0.000000;410860.000000;9668.000000;0.000000;205.041870
182.000000;7796.000000;6826.000000;0.000000;480428.000000;9668.000000;0.000000;206.651138
183.000000;7796.000000;6429.000000;0.000000;363317.000000;9668.000000;0.000000;208.253387
184.000000;7796.000000;6756.000000;0.000000;433534.000000;9668.000000;0.000000;209.817871
185.000000;7796.000000;8568.000000;0.000000;351181.000000;9668.000000;0.000000;211.374664
186.000000;7796.000000;5605.000000;0.000000;420916.000000;9668.000000;0.000000;212.924637
187.000000;7796.000000;6279.000000;0.000000;400008.000000;9668.000000;0.000000;214.528305
188.000000;7796.000000;6160.000000;0.000000;382956.000000;9668.000000;0.000000;216.087112
189.000000;7796.000000;7189.000000;0.000000;467726.000000;9668.000000;0.000000;217.706665
190.000000;7796.000000;6983.000000;0.000000;391500.000000;9668.000000;0.000000;219.297180
191.000000;7796.000000;6839.000000;0.000000;381906.000000;9668.000000;0.000000;220.881790
192.000000;7796.000000;7260.000000;0.000000;383432.000000;9668.000000;0.000000;222.460632
193.000000;7796.000000;7022.000000;0.000000;442141.000000;9668.000000;0.000000;224.015701
194.000000;7796.000000;6987.000000;0.000000;463553.000000;9668.000000;0.000000;225.403244
195.000000;7796.000000;6733.000000;0.000000;452886.000000;9668.000000;0.000000;226.768860
196.000000;7796.000000;6444.000000;0.000000;605134.000000;9668.000000;0.000000;228.135529
197.000000;7796.000000;7629.000000;0.000000;417375.000000;9668.000000;0.000000;229.502655
198.000000;7796.000000;8243.000000;0.000000;414531.000000;9668.000000;0.000000;230.869293
199.000000;7796.000000;6279.000000;0.000000;495319.000000;9668.000000;0.000000;232.238815
200.000000;7796.000000;6658.000000;0.000000;426328.000000;9668.000000;0.000000;233.617691
201.000000;7796.000000;7265.000000;0.000000;468697.000000;9668.000000;0.000000;235.445145
202.000000;7796.000000;5741.000000;0.000000;410784.000000;9668.000000;0.000000;237.016510
203.000000;7796.000000;6899.000000;0.000000;421710.000000;9668.000000;0.000000;238.565155
204.000000;7796.000000;5970.000000;0.000000;445351.000000;9668.000000;0.000000;240.082809
205.000000;7796.000000;6362.000000;0.000000;516968.000000;9668.000000;0.000000;241.592545
206.000000;7796.000000;5684.000000;0.000000;486080.000000;9668.000000;0.000000;243.092834
207.000000;7796.000000;7607.000000;0.000000;364233.000000;9668.000000;0.000000;244.628372
208.000000;7796.000000;7259.000000;0.000000;334698.000000;9668.000000;0.000000;246.148376
209.000000;7796.000000;7232.000000;0.000000;489270.000000;9668.000000;0.000000;247.706009
210.000000;7796.000000;6835.000000;0.000000;514936.000000;9668.000000;0.000000;249.249222
211.000000;7796.000000;6522.000000;0.000000;387080.000000;9668.000000;0.000000;250.786423
212.000000;7796.000000;7080.000000;0.000000;395801.000000;9668.000000;0.000000;252.331985
213.000000;7796.000000;7568.000000;0.000000;309040.000000;9668.000000;0.000000;253.780807
214.000000;7796.000000;5736.000000;0.000000;407845.000000;9668.000000;0.000000;255.158798
215.000000;7796.000000;6646.000000;0.000000;469935.000000;9668.000000;0.000000;256.511688
216.000000;7796.000000;6786.000000;0.000000;443056.000000;9668.000000;0.000000;257.858154
217.000000;7796.000000;7003.000000;0.000000;382986.000000;9668.000000;0.000000;259.201508
218.000000;7796.000000;6898.000000;0.000000;464521.000000;9668.000000;0.000000;260.548065
219.000000;7796.000000;5686.000000;0.000000;428289.000000;9668.000000;0.000000;261.888794
220.000000;7796.000000;7835.000000;0.000000;331332.000000;9668.000000;0.000000;263.226562
221.000000;7796.000000;7565.000000;0.000000;473791.000000;9668.000000;0.000000;264.982513
222.000000;7796.000000;8294.000000;0.000000;386999.000000;9668.000000;0.000000;266.511230
223.000000;7796.000000;5641.000000;0.000000;426054.000000;9668.000000;0.000000;268.018463
224.000000;7796.000000;6758.000000;0.000000;380630.000000;9668.000000;0.000000;269.496063
225.000000;7796.000000;5892.000000;0.000000;482871.000000;9668.000000;0.000000;270.969147
226.000000;7796.000000;5868.000000;0.000000;303462.000000;9668.000000;0.000000;272.436066
227.000000;7796.000000;7625.000000;0.000000;438192.000000;9668.000000;0.000000;273.905273
228.000000;7796.000000;6327.000000;0.000000;460926.000000;9668.000000;0.000000;275.406525
229.000000;7796.000000;7070.000000;0.000000;383440.000000;9668.000000;0.000000;276.901428
230.000000;7796.000000;6612.000000;0.000000;528247.000000;9668.000000;0.000000;278.409729
231.000000;7796.000000;6411.000000;0.000000;457208.000000;9668.000000;0.000000;279.903107
232.000000;7796.000000;7668.000000;0.000000;433192.000000;9668.000000;0.000000;281.400635
233.000000;7796.000000;7770.000000;0.000000;421270.000000;9668.000000;0.000000;282.879456
234.000000;7796.000000;6794.000000;0.000000;450384.000000;9668.000000;0.000000;284.219086
235.000000;7796.000000;6594.000000;0.000000;467298.000000;9668.000000;0.000000;285.566711
236.000000;7796.000000;8189.000000;0.000000;514676.000000;9668.000000;0.000000;286.866058
237.000000;7796.000000;8101.000000;0.000000;317728.000000;9668.000000;0.000000;288.168304
238.000000;7796.000000;7513.000000;0.000000;425458.000000;9668.000000;0.000000;289.466278
239.000000;7796.000000;7256.000000;0.000000;402303.000000;9668.000000;0.000000;290.761963
240.000000;7796.000000;6920.000000;0.000000;480854.000000;9668.000000;0.000000;292.066040
241.000000;7796.000000;6948.000000;0.000000;266294.000000;9668.000000;0.000000;293.731049
242.000000;7796.000000;6590.000000;0.000000;413510.000000;9668.000000;0.000000;295.340851
243.000000;7796.000000;6298.000000;0.000000;475990.000000;9668.000000;0.000000;296.974487
244.000000;7796.000000;7158.000000;0.000000;436794.000000;9668.000000;0.000000;298.466644
245.000000;7796.000000;6344.000000;0.000000;445168.000000;9668.000000;0.000000;300.083893
246.000000;7796.000000;7534.000000;0.000000;349053.000000;9668.000000;0.000000;301.589783
247.000000;7796.000000;6096.000000;0.000000;545758.000000;9668.000000;0.000000;303.027252
248.000000;7796.000000;8395.000000;0.000000;491034.000000;9668.000000;0.000000;304.461945
249.000000;7796.000000;6462.000000;0.000000;434067.000000;9668.000000;0.000000;305.963379
250.000000;7796.000000;7223.000000;0.000000;508524.000000;9668.000000;0.000000;307.430054
251.000000;7796.000000;6541.000000;0.000000;456356.000000;9668.000000;0.000000;308.883057
252.000000;7796.000000;6375.000000;0.000000;497098.000000;9668.000000;0.000000;310.338837
253.000000;7796.000000;6941.000000;0.000000;455394.000000;9668.000000;0.000000;311.771057
254.000000;7796.000000;6448.000000;0.000000;388328.000000;9668.000000;0.000000;313.055878
255.000000;7796.000000;6073.000000;0.000000;442355.000000;9668.000000;0.000000;314.335114
256.000000;7796.000000;7077.000000;0.000000;518887.000000;9668.000000;0.000000;315.634125
257.000000;7796.000000;7842.000000;0.000000;323306.000000;9668.000000;0.000000;316.900391
258.000000;7796.000000;8111.000000;0.000000;416319.000000;9668.000000;0.000000;318.173553
259.000000;7796.000000;6728.000000;0.000000;482862.000000;9668.000000;0.000000;319.444153
260.000000;7796.000000;6099.000000;0.000000;342419.000000;9668.000000;0.000000;320.709564
261.000000;7796.000000;6852.000000;0.000000;499288.000000;9668.000000;0.000000;322.227173
262.000000;7796.000000;8903.000000;0.000000;460569.000000;9668.000000;0.000000;323.723236
263.000000;7796.000000;6082.000000;0.000000;483405.000000;9668.000000;0.000000;325.228119
264.000000;7796.000000;6323.000000;0.000000;484424.000000;9668.000000;0.000000;326.660492
265.000000;7796.000000;7559.000000;0.000000;504736.000000;9668.000000;0.000000;328.078003
266.000000;7796.000000;5556.000000;0.000000;550712.000000;9668.000000;0.000000;329.488220
267.000000;7796.000000;7679.000000;0.000000;425170.000000;9668.000000;0.000000;330.903503
268.000000;7796.000000;6944.000000;0.000000;436340.000000;9668.000000;0.000000;332.324097
269.000000;7796.000000;7133.000000;0.000000;385568.000000;9668.000000;0.000000;333.731995
270.000000;7796.000000;7847.000000;0.000000;524771.000000;9668.000000;0.000000;335.225861
271.000000;7796.000000;6428.000000;0.000000;455264.000000;9668.000000;0.000000;336.659729
272.000000;7796.000000;7626.000000;0.000000;444775.000000;9668.000000;0.000000;338.092896
273.000000;7796.000000;6760.000000;0.000000;375053.000000;9668.000000;0.000000;339.529999
274.000000;7796.000000;7154.000000;0.000000;376185.000000;9668.000000;0.000000;340.898346
275.000000;7796.000000;7404.000000;0.000000;492819.000000;9668.000000;0.000000;342.223602
276.000000;7796.000000;6908.000000;0.000000;373352.000000;9668.000000;0.000000;343.508179
277.000000;7796.000000;6912.000000;0.000000;443907.000000;9668.000000;0.000000;344.770935
278.000000;7796.000000;7423.000000;0.000000;590893.000000;9668.000000;0.000000;346.054718
279.000000;7796.000000;7547.000000;0.000000;353562.000000;9668.000000;0.000000;347.311676
280.000000;7796.000000;7122.000000;0.000000;455344.000000;9668.000000;0.000000;348.572113
281.000000;7796.000000;7209.000000;0.000000;375429.000000;9668.000000;0.000000;350.157837
282.000000;7796.000000;7462.000000;0.000000;478894.000000;9668.000000;0.000000;351.602814
283.000000;7796.000000;6623.000000;0.000000;317191.000000;9668.000000;0.000000;353.038940
284.000000;7796.000000;6867.000000;0.000000;403430.000000;9668.000000;0.000000;354.462616
285.000000;7796.000000;6876.000000;0.000000;584738.000000;9668.000000;0.000000;355.918945
286.000000;7796.000000;6500.000000;0.000000;472721.000000;9668.000000;0.000000;357.306793
287.000000;7796.000000;6741.000000;0.000000;393363.000000;9668.000000;0.000000;358.688019
288.000000;7796.000000;6247.000000;0.000000;367316.000000;9668.000000;0.000000;360.071930
289.000000;7796.000000;6692.000000;0.000000;462745.000000;9668.000000;0.000000;361.457306
290.000000;7796.000000;7210.000000;0.000000;429457.000000;9668.000000;0.000000;362.839417
291.000000;7796.000000;7627.000000;0.000000;427678.000000;9668.000000;0.000000;364.221893
292.000000;7796.000000;8008.000000;0.000000;368332.000000;9668.000000;0.000000;365.645569
293.000000;7796.000000;8133.000000;0.000000;492438.000000;9668.000000;0.000000;367.075317
294.000000;7796.000000;7203.000000;0.000000;293927.000000;9668.000000;0.000000;368.474457
295.000000;7796.000000;6605.000000;0.000000;574344.000000;9668.000000;0.000000;369.872742
296.000000;7796.000000;6805.000000;0.000000;581609.000000;9668.000000;0.000000;371.271454
297.000000;7796.000000;6870.000000;0.000000;520188.000000;9668.000000;0.000000;372.590027
298.000000;7796.000000;6852.000000;0.000000;305136.000000;9668.000000;0.000000;373.822510
299.000000;7796.000000;7237.000000;0.000000;427334.000000;9668.000000;0.000000;375.057098
300.000000;7796.000000;7602.000000;0.000000;444367.000000;9668.000000;0.000000;376.322845
301.000000;7796.000000;6046.000000;0.000000;473481.000000;9668.000000;0.000000;377.862976
302.000000;7796.000000;7889.000000;0.000000;426238.000000;9668.000000;0.000000;379.281097
303.000000;7796.000000;6722.000000;0.000000;412199.000000;9668.000000;0.000000;380.689972
304.000000;7796.000000;7144.000000;0.000000;567983.000000;9668.000000;0.000000;382.087463
305.000000;7796.000000;6542.000000;0.000000;305474.000000;9668.000000;0.000000;383.475250
306.000000;7796.000000;8792.000000;0.000000;424637.000000;9668.000000;0.000000;384.865417
307.000000;7796.000000;6198.000000;0.000000;443010.000000;9668.000000;0.000000;386.273193
308.000000;7796.000000;5859.000000;0.000000;458601.000000;9668.000000;0.000000;387.651520
309.000000;7796.000000;6104.000000;0.000000;452134.000000;9668.000000;0.000000;389.026337
310.000000;7796.000000;5800.000000;0.000000;572667.000000;9668.000000;0.000000;390.514648
311.000000;7796.000000;6651.000000;0.000000;344935.000000;9668.000000;0.000000;391.903564
312.000000;7796.000000;7398.000000;0.000000;372549.000000;9668.000000;0.000000;393.282776
313.000000;7796.000000;6916.000000;0.000000;445566.000000;9668.000000;0.000000;394.662170
314.000000;7796.000000;6938.000000;0.000000;426163.000000;9668.000000;0.000000;396.096741
315.000000;7796.000000;6232.000000;0.000000;471210.000000;9668.000000;0.000000;397.308441
316.000000;7796.000000;6655.000000;0.000000;345695.000000;9668.000000;0.000000;398.544922
317.000000;7796.000000;6427.000000;0.000000;556616.000000;9668.000000;0.000000;399.803345
318.000000;7796.000000;5991.000000;0.000000;487965.000000;9668.000000;0.000000;401.014618
319.000000;7796.000000;6435.000000;0.000000;488501.000000;9668.000000;0.000000;402.223358
320.000000;7796.000000;6004.000000;0.000000;410961.000000;9668.000000;0.000000;403.528381
321.000000;7796.000000;5987.000000;0.000000;441477.000000;9668.000000;0.000000;405.046051
322.000000;7796.000000;5922.000000;0.000000;550612.000000;9668.000000;0.000000;406.459198
323.000000;7796.000000;7257.000000;0.000000;472648.000000;9668.000000;0.000000;407.845856
324.000000;7796.000000;7535.000000;0.000000;373836.000000;9668.000000;0.000000;409.218719
325.000000;7796.000000;7039.000000;0.000000;539236.000000;9668.000000;0.000000;410.579529
326.000000;7796.000000;7367.000000;0.000000;415004.000000;9668.000000;0.000000;411.942230
327.000000;7796.000000;6936.000000;0.000000;356520.000000;9668.000000;0.000000;413.305786
328.000000;7796.000000;7907.000000;0.000000;392387.000000;9668.000000;0.000000;414.662109
329.000000;7796.000000;7743.000000;0.000000;389319.000000;9668.000000;0.000000;416.065643
330.000000;7796.000000;6802.000000;0.000000;506666.000000;9668.000000;0.000000;417.470093
331.000000;7796.000000;7651.000000;0.000000;421970.000000;9668.000000;0.000000;418.862061
332.000000;7796.000000;6539.000000;0.000000;423753.000000;9668.000000;0.000000;420.251831
333.000000;7796.000000;6426.000000;0.000000;423241.000000;9668.000000;0.000000;421.644928
334.000000;7796.000000;6726.000000;0.000000;460859.000000;9668.000000;0.000000;423.024750
335.000000;7796.000000;7454.000000;0.000000;336733.000000;9668.000000;0.000000;424.246277
336.000000;7796.000000;7859.000000;0.000000;337126.000000;9668.000000;0.000000;425.479431
337.000000;7796.000000;5987.000000;0.000000;470109.000000;9668.000000;0.000000;426.771393
338.000000;7796.000000;8917.000000;0.000000;407459.000000;9668.000000;0.000000;427.993256
339.000000;7796.000000;6652.000000;0.000000;407059.000000;9668.000000;0.000000;429.210480
340.000000;7796.000000;7330.000000;0.000000;422569.000000;9668.000000;0.000000;430.426819
341.000000;7796.000000;6931.000000;0.000000;375382.000000;9668.000000;0.000000;431.969757
342.000000;7796.000000;6655.000000;0.000000;445010.000000;9668.000000;0.000000;433.375549
343.000000;7796.000000;6727.000000;0.000000;531419.000000;9668.000000;0.000000;434.793091
344.000000;7796.000000;6529.000000;0.000000;473248.000000;9668.000000;0.000000;436.209290
345.000000;7796.000000;7681.000000;0.000000;457544.000000;9668.000000;0.000000;438.279755
346.000000;7796.000000;6439.000000;0.000000;372665.000000;9668.000000;0.000000;439.660095
347.000000;7796.000000;7033.000000;0.000000;488732.000000;9668.000000;0.000000;441.034637
348.000000;7796.000000;7476.000000;0.000000;466100.000000;9668.000000;0.000000;442.406616
349.000000;7796.000000;8161.000000;0.000000;365346.000000;9668.000000;0.000000;443.781860
350.000000;7796.000000;7022.000000;0.000000;443209.000000;9668.000000;0.000000;445.197723
351.000000;7796.000000;7271.000000;0.000000;428799.000000;9668.000000;0.000000;446.627014
352.000000;7796.000000;6483.000000;0.000000;369007.000000;9668.000000;0.000000;448.036407
353.000000;7796.000000;6378.000000;0.000000;476702.000000;9668.000000;0.000000;449.440369
354.000000;7796.000000;5873.000000;0.000000;532282.000000;9668.000000;0.000000;450.741394
355.000000;7796.000000;6212.000000;0.000000;484189.000000;9668.000000;0.000000;451.978607
356.000000;7796.000000;7018.000000;0.000000;437530.000000;9668.000000;0.000000;453.205780
357.000000;7796.000000;6982.000000;0.000000;391261.000000;9668.000000;0.000000;454.437805
358.000000;7796.000000;7979.000000;0.000000;506405.000000;9668.000000;0.000000;455.689972
359.000000;7796.000000;7582.000000;0.000000;413016.000000;9668.000000;0.000000;456.929047
360.000000;7796.000000;7291.000000;0.000000;440801.000000;9668.000000;0.000000;458.150635
361.000000;7796.000000;7342.000000;0.000000;348411.000000;9668.000000;0.000000;459.688812
362.000000;7796.000000;7093.000000;0.000000;401789.000000;9668.000000;0.000000;461.108582
363.000000;7796.000000;6400.000000;0.000000;373640.000000;9668.000000;0.000000;462.522247
364.000000;7796.000000;6698.000000;0.000000;526785.000000;9668.000000;0.000000;464.028778
365.000000;7796.000000;6511.000000;0.000000;451445.000000;9668.000000;0.000000;465.421600
366.000000;7796.000000;6668.000000;0.000000;532019.000000;9668.000000;0.000000;466.833832
367.000000;7796.000000;6849.000000;0.000000;516015.000000;9668.000000;0.000000;468.222992
368.000000;7796.000000;6260.000000;0.000000;408903.000000;9668.000000;0.000000;469.607178
369.000000;7796.000000;7377.000000;0.000000;503596.000000;9668.000000;0.000000;470.991974
370.000000;7796.000000;7102.000000;0.000000;475492.000000;9668.000000;0.000000;472.423035
371.000000;7796.000000;6466.000000;0.000000;526910.000000;9668.000000;0.000000;473.827057
372.000000;7796.000000;7842.000000;0.000000;445847.000000;9668.000000;0.000000;475.229675
373.000000;7796.000000;6639.000000;0.000000;440929.000000;9668.000000;0.000000;476.694427
374.000000;7796.000000;7842.000000;0.000000;443703.000000;9668.000000;0.000000;478.044983
375.000000;7796.000000;7404.000000;0.000000;491125.000000;9668.000000;0.000000;479.279877
376.000000;7796.000000;8085.000000;0.000000;435343.000000;9668.000000;0.000000;480.513824
377.000000;7796.000000;6905.000000;0.000000;478354.000000;9668.000000;0.000000;481.747620
378.000000;7796.000000;7049.000000;0.000000;497990.000000;9668.000000;0.000000;482.981293
379.000000;7796.000000;8185.000000;0.000000;532290.000000;9668.000000;0.000000;484.217468
380.000000;7796.000000;7471.000000;0.000000;560460.000000;9668.000000;0.000000;485.453918
381.000000;7796.000000;7115.000000;0.000000;406747.000000;9668.000000;0.000000;487.025238
382.000000;7796.000000;6072.000000;0.000000;509678.000000;9668.000000;0.000000;488.451202
383.000000;7796.000000;6893.000000;0.000000;532849.000000;9668.000000;0.000000;489.870789
384.000000;7796.000000;6572.000000;0.000000;361825.000000;9668.000000;0.000000;491.275696
385.000000;7796.000000;6989.000000;0.000000;475734.000000;9668.000000;0.000000;492.676544
386.000000;7796.000000;6879.000000;0.000000;459181.000000;9668.000000;0.000000;494.082733
387.000000;7796.000000;6662.000000;0.000000;531001.000000;9668.000000;0.000000;495.487305
388.000000;7796.000000;6721.000000;0.000000;388427.000000;9668.000000;0.000000;496.922791
389.000000;7796.000000;7304.000000;0.000000;360790.000000;9668.000000;0.000000;498.323547
390.000000;7796.000000;7528.000000;0.000000;406567.000000;9668.000000;0.000000;499.760681
391.000000;7796.000000;7275.000000;0.000000;381086.000000;9668.000000;0.000000;501.181305
392.000000;7796.000000;7420.000000;0.000000;475330.000000;9668.000000;0.000000;502.599609
393.000000;7796.000000;7608.000000;0.000000;372330.000000;9668.000000;0.000000;504.016174
394.000000;7796.000000;6400.000000;0.000000;454887.000000;9668.000000;0.000000;505.386505
395.000000;7796.000000;6946.000000;0.000000;405593.000000;9668.000000;0.000000;506.675568
396.000000;7796.000000;5870.000000;0.000000;325613.000000;9668.000000;0.000000;507.934601
397.000000;7796.000000;8233.000000;0.000000;387253.000000;9668.000000;0.000000;509.193756
398.000000;7796.000000;6695.000000;0.000000;315321.000000;9668.000000;0.000000;510.459686
399.000000;7796.000000;7663.000000;0.000000;461248.000000;9668.000000;0.000000;511.733765
400.000000;7796.000000;7636.000000;0.000000;274170.000000;9668.000000;0.000000;512.993225
401.000000;7796.000000;8465.000000;0.000000;436685.000000;9668.000000;0.000000;514.572083
402.000000;7796.000000;7273.000000;0.000000;439879.000000;9668.000000;0.000000;516.073303
403.000000;7796.000000;6576.000000;0.000000;376724.000000;9668.000000;0.000000;517.539978
404.000000;7796.000000;7343.000000;0.000000;473263.000000;9668.000000;0.000000;518.969727
405.000000;7796.000000;6843.000000;0.000000;343708.000000;9668.000000;0.000000;520.387451
406.000000;7796.000000;8301.000000;0.000000;425859.000000;9668.000000;0.000000;521.806030
407.000000;7796.000000;6805.000000;0.000000;434974.000000;9668.000000;0.000000;523.234009
408.000000;7796.000000;7257.000000;0.000000;503320.000000;9668.000000;0.000000;524.676086
409.000000;7796.000000;7815.000000;0.000000;336366.000000;9668.000000;0.000000;526.097229
410.000000;7796.000000;6880.000000;0.000000;403845.000000;9668.000000;0.000000;527.586426
411.000000;7796.000000;7232.000000;0.000000;476891.000000;9668.000000;0.000000;529.017761
412.000000;7796.000000;7208.000000;0.000000;500314.000000;9668.000000;0.000000;530.448181
413.000000;7796.000000;7350.000000;0.000000;488474.000000;9668.000000;0.000000;531.873718
414.000000;7796.000000;6767.000000;0.000000;586762.000000;9668.000000;0.000000;533.227905
415.000000;7796.000000;7022.000000;0.000000;467976.000000;9668.000000;0.000000;534.480591
416.000000;7796.000000;7292.000000;0.000000;508990.000000;9668.000000;0.000000;535.733459
417.000000;7796.000000;6623.000000;0.000000;435980.000000;9668.000000;0.000000;537.042542
418.000000;7796.000000;6900.000000;0.000000;530267.000000;9668.000000;0.000000;538.322205
419.000000;7796.000000;7017.000000;0.000000;464761.000000;9668.000000;0.000000;539.596069
420.000000;7796.000000;6837.000000;0.000000;481799.000000;9668.000000;0.000000;540.864075
421.000000;7796.000000;8274.000000;0.000000;380072.000000;9668.000000;0.000000;542.464783
422.000000;7796.000000;6988.000000;0.000000;525559.000000;9668.000000;0.000000;543.932678
423.000000;7796.000000;7156.000000;0.000000;517588.000000;9668.000000;0.000000;545.395203
424.000000;7796.000000;8743.000000;0.000000;502395.000000;9668.000000;0.000000;546.877563
425.000000;7796.000000;8072.000000;0.000000;423706.000000;9668.000000;0.000000;548.312927
426.000000;7796.000000;8016.000000;0.000000;481389.000000;9668.000000;0.000000;549.745728
427.000000;7796.000000;7761.000000;0.000000;419489.000000;9668.000000;0.000000;551.171936
428.000000;7796.000000;9794.000000;0.000000;367660.000000;9668.000000;0.000000;552.632996
429.000000;7796.000000;6647.000000;0.000000;374357.000000;9668.000000;0.000000;554.074951
430.000000;7796.000000;7414.000000;0.000000;440835.000000;9668.000000;0.000000;555.510803
431.000000;7796.000000;7902.000000;0.000000;374733.000000;9668.000000;0.000000;557.032104
432.000000;7796.000000;8477.000000;0.000000;279416.000000;9668.000000;0.000000;558.513000
433.000000;7796.000000;7943.000000;0.000000;424542.000000;9668.000000;0.000000;559.964844
434.000000;7796.000000;7869.000000;0.000000;436156.000000;9668.000000;0.000000;561.419922
435.000000;7796.000000;7321.000000;0.000000;502673.000000;9668.000000;0.000000;562.876465
436.000000;7796.000000;7490.000000;0.000000;423625.000000;9668.000000;0.000000;564.171387
437.000000;7796.000000;6916.000000;0.000000;450273.000000;9668.000000;0.000000;565.432861
438.000000;7796.000000;7726.000000;0.000000;426967.000000;9668.000000;0.000000;566.735718
439.000000;7796.000000;7646.000000;0.000000;578592.000000;9668.000000;0.000000;568.018616
440.000000;7796.000000;7574.000000;0.000000;477874.000000;9668.000000;0.000000;569.303650
441.000000;7796.000000;6314.000000;0.000000;458922.000000;9668.000000;0.000000;570.925049
442.000000;7796.000000;8365.000000;0.000000;347028.000000;9668.000000;0.000000;572.414062
443.000000;7796.000000;8110.000000;0.000000;523651.000000;9668.000000;0.000000;573.892883
444.000000;7796.000000;6807.000000;0.000000;313304.000000;9668.000000;0.000000;575.348389
445.000000;7796.000000;6704.000000;0.000000;456721.000000;9668.000000;0.000000;576.829102
446.000000;7796.000000;6632.000000;0.000000;482693.000000;9668.000000;0.000000;578.276184
447.000000;7796.000000;8906.000000;0.000000;459420.000000;9668.000000;0.000000;579.722534
448.000000;7796.000000;6217.000000;0.000000;594495.000000;9668.000000;0.000000;581.171509
449.000000;7796.000000;5979.000000;0.000000;531517.000000;9668.000000;0.000000;582.622070
450.000000;7796.000000;6884.000000;0.000000;374945.000000;9668.000000;0.000000;584.241638
451.000000;7796.000000;7196.000000;0.000000;491481.000000;9668.000000;0.000000;585.718323
452.000000;7796.000000;7340.000000;0.000000;404129.000000;9668.000000;0.000000;587.231262
453.000000;7796.000000;6560.000000;0.000000;343240.000000;9668.000000;0.000000;588.699707
454.000000;7796.000000;7383.000000;0.000000;371524.000000;9668.000000;0.000000;590.012329
455.000000;7796.000000;6602.000000;0.000000;570276.000000;9668.000000;0.000000;591.295837
456.000000;7796.000000;6757.000000;0.000000;585623.000000;9668.000000;0.000000;592.594604
457.000000;7796.000000;7294.000000;0.000000;445128.000000;9668.000000;0.000000;593.885803
458.000000;7796.000000;7299.000000;0.000000;374216.000000;9668.000000;0.000000;595.174133
459.000000;7796.000000;7502.000000;0.000000;541466.000000;9668.000000;0.000000;596.476685
460.000000;7796.000000;6873.000000;0.000000;433856.000000;9668.000000;0.000000;597.809265
461.000000;7796.000000;7180.000000;0.000000;378582.000000;9668.000000;0.000000;599.442383
462.000000;7796.000000;5778.000000;0.000000;596699.000000;9668.000000;0.000000;600.942139
463.000000;7796.000000;7285.000000;0.000000;467023.000000;9668.000000;0.000000;602.441895
464.000000;7796.000000;7501.000000;0.000000;464258.000000;9668.000000;0.000000;603.913696
465.000000;7796.000000;8196.000000;0.000000;364367.000000;9668.000000;0.000000;605.372559
466.000000;7796.000000;7347.000000;0.000000;448092.000000;9668.000000;0.000000;606.871826
467.000000;7796.000000;6317.000000;0.000000;410223.000000;9668.000000;0.000000;608.345154
468.000000;7796.000000;6682.000000;0.000000;525157.000000;9668.000000;0.000000;609.812134
469.000000;7796.000000;6691.000000;0.000000;536048.000000;9668.000000;0.000000;611.283081
470.000000;7796.000000;6560.000000;0.000000;469976.000000;9668.000000;0.000000;613.431335
471.000000;7796.000000;7304.000000;0.000000;534600.000000;9668.000000;0.000000;615.038147
472.000000;7796.000000;6768.000000;0.000000;553847.000000;9668.000000;0.000000;616.552307
473.000000;7796.000000;6905.000000;0.000000;485687.000000;9668.000000;0.000000;617.964294
474.000000;7796.000000;7799.000000;0.000000;370951.000000;9668.000000;0.000000;619.259521
475.000000;7796.000000;6690.000000;0.000000;390626.000000;9668.000000;0.000000;620.550964
476.000000;7796.000000;7040.000000;0.000000;396265.000000;9668.000000;0.000000;621.846741
477.000000;7796.000000;7454.000000;0.000000;475078.000000;9668.000000;0.000000;623.161011
478.000000;7796.000000;6410.000000;0.000000;481845.000000;9668.000000;0.000000;624.468079
479.000000;7796.000000;6937.000000;0.000000;496516.000000;9668.000000;0.000000;625.767151
480.000000;7796.000000;6426.000000;0.000000;559870.000000;9668.000000;0.000000;627.108887
481.000000;7796.000000;6719.000000;0.000000;449615.000000;9668.000000;0.000000;628.786926
482.000000;7796.000000;6828.000000;0.000000;601854.000000;9668.000000;0.000000;630.301575
483.000000;7796.000000;7110.000000;0.000000;378064.000000;9668.000000;0.000000;631.811401
484.000000;7796.000000;6981.000000;0.000000;397544.000000;9668.000000;0.000000;633.296204
485.000000;7796.000000;6862.000000;0.000000;468035.000000;9668.000000;0.000000;634.779663
486.000000;7796.000000;7118.000000;0.000000;399705.000000;9668.000000;0.000000;636.312439
487.000000;7796.000000;6284.000000;0.000000;501885.000000;9668.000000;0.000000;637.829834
488.000000;7796.000000;7614.000000;0.000000;293580.000000;9668.000000;0.000000;639.319885
489.000000;7796.000000;6832.000000;0.000000;548573.000000;9668.000000;0.000000;640.799072
490.000000;7796.000000;7946.000000;0.000000;474784.000000;9668.000000;0.000000;642.373291
491.000000;7796.000000;6204.000000;0.000000;463831.000000;9668.000000;0.000000;643.881409
492.000000;7796.000000;6930.000000;0.000000;444472.000000;9668.000000;0.000000;645.346130
493.000000;7796.000000;7076.000000;0.000000;473267.000000;9668.000000;0.000000;646.839722
494.000000;7796.000000;8451.000000;0.000000;376526.000000;9668.000000;0.000000;648.692993
495.000000;7796.000000;8060.000000;0.000000;550284.000000;9668.000000;0.000000;650.661316
496.000000;7796.000000;7092.000000;0.000000;440693.000000;9668.000000;0.000000;652.723389
497.000000;7796.000000;6980.000000;0.000000;319381.000000;9668.000000;0.000000;654.236267
498.000000;7796.000000;7073.000000;0.000000;433873.000000;9668.000000;0.000000;655.753662
499.000000;7796.000000;8779.000000;0.000000;398498.000000;9668.000000;0.000000;657.132690
500.000000;7796.000000;7219.000000;0.000000;412917.000000;9668.000000;0.000000;658.479858
501.000000;7796.000000;6453.000000;0.000000;343664.000000;9668.000000;0.000000;660.158020
502.000000;7796.000000;6768.000000;0.000000;408030.000000;9668.000000;0.000000;661.692078
503.000000;7796.000000;8189.000000;0.000000;449641.000000;9668.000000;0.000000;663.225586
504.000000;7796.000000;7630.000000;0.000000;349045.000000;9668.000000;0.000000;664.728088
505.000000;7796.000000;8159.000000;0.000000;417762.000000;9668.000000;0.000000;666.561584
506.000000;7796.000000;6216.000000;0.000000;449284.000000;9668.000000;0.000000;668.536072
507.000000;7796.000000;6615.000000;0.000000;422006.000000;9668.000000;0.000000;670.585144
508.000000;7796.000000;6121.000000;0.000000;441576.000000;9668.000000;0.000000;672.798340
509.000000;7796.000000;7123.000000;0.000000;471163.000000;9668.000000;0.000000;675.649353
510.000000;7796.000000;6308.000000;0.000000;491606.000000;9668.000000;0.000000;678.679077
511.000000;7796.000000;6358.000000;0.000000;382990.000000;9668.000000;0.000000;681.568115
512.000000;7796.000000;7454.000000;0.000000;420887.000000;9668.000000;0.000000;684.534058
513.000000;7796.000000;6244.000000;0.000000;513243.000000;9668.000000;0.000000;687.616821
514.000000;7796.000000;6147.000000;0.000000;474127.000000;9668.000000;0.000000;690.832153
515.000000;7796.000000;8774.000000;0.000000;466620.000000;9668.000000;0.000000;693.571411
516.000000;7796.000000;7394.000000;0.000000;458319.000000;9668.000000;0.000000;696.004822
517.000000;7796.000000;6017.000000;0.000000;481307.000000;9668.000000;0.000000;698.210449
518.000000;7796.000000;7006.000000;0.000000;404838.000000;9668.000000;0.000000;700.760681
519.000000;7796.000000;7065.000000;0.000000;437632.000000;9668.000000;0.000000;703.093506
520.000000;7796.000000;7232.000000;0.000000;507740.000000;9668.000000;0.000000;705.549683
521.000000;7796.000000;7801.000000;0.000000;364445.000000;9668.000000;0.000000;708.152100
522.000000;7796.000000;6572.000000;0.000000;398982.000000;9668.000000;0.000000;710.792969
523.000000;7796.000000;6963.000000;0.000000;429087.000000;9668.000000;0.000000;713.420593
524.000000;7796.000000;6797.000000;0.000000;407796.000000;9668.000000;0.000000;715.913208
525.000000;7796.000000;7853.000000;0.000000;391118.000000;9668.000000;0.000000;717.934631
526.000000;7796.000000;6308.000000;0.000000;449825.000000;9668.000000;0.000000;720.211121
527.000000;7796.000000;7122.000000;0.000000;528940.000000;9668.000000;0.000000;722.261230
528.000000;7796.000000;9556.000000;0.000000;427998.000000;9668.000000;0.000000;724.331726
529.000000;7796.000000;6094.000000;0.000000;536661.000000;9668.000000;0.000000;726.169312
530.000000;7796.000000;7276.000000;0.000000;495424.000000;9668.000000;0.000000;727.628967
531.000000;7796.000000;8029.000000;0.000000;396845.000000;9668.000000;0.000000;729.177673
532.000000;7796.000000;5984.000000;0.000000;562623.000000;9668.000000;0.000000;730.638062
533.000000;7796.000000;6982.000000;0.000000;279037.000000;9668.000000;0.000000;732.422119
534.000000;7796.000000;6442.000000;0.000000;455113.000000;9668.000000;0.000000;734.694458
535.000000;7796.000000;6978.000000;0.000000;464863.000000;9668.000000;0.000000;736.824951
536.000000;7796.000000;7519.000000;0.000000;369663.000000;9668.000000;0.000000;739.039124
537.000000;7796.000000;6639.000000;0.000000;411272.000000;9668.000000;0.000000;741.178101
538.000000;7796.000000;6529.000000;0.000000;535554.000000;9668.000000;0.000000;743.623474
539.000000;7796.000000;7193.000000;0.000000;484219.000000;9668.000000;0.000000;745.543884
540.000000;7796.000000;7225.000000;0.000000;348225.000000;9668.000000;0.000000;747.202759
541.000000;7796.000000;7133.000000;0.000000;539570.000000;9668.000000;0.000000;749.046936
542.000000;7796.000000;7830.000000;0.000000;453187.000000;9668.000000;0.000000;750.926880
543.000000;7796.000000;6578.000000;0.000000;318172.000000;9668.000000;0.000000;752.774719
544.000000;7796.000000;9009.000000;0.000000;391514.000000;9668.000000;0.000000;754.829163
545.000000;7796.000000;6855.000000;0.000000;500665.000000;9668.000000;0.000000;756.827087
546.000000;7796.000000;7544.000000;0.000000;475168.000000;9668.000000;0.000000;759.129822
547.000000;7796.000000;6810.000000;0.000000;462135.000000;9668.000000;0.000000;760.986511
548.000000;7796.000000;8131.000000;0.000000;347230.000000;9668.000000;0.000000;763.137329
549.000000;7796.000000;7222.000000;0.000000;386904.000000;9668.000000;0.000000;765.149109
550.000000;7796.000000;6293.000000;0.000000;502761.000000;9668.000000;0.000000;767.135437
551.000000;7796.000000;7506.000000;0.000000;440429.000000;9668.000000;0.000000;768.894226
552.000000;7796.000000;6939.000000;0.000000;445311.000000;9668.000000;0.000000;770.786987
553.000000;7796.000000;7321.000000;0.000000;511753.000000;9668.000000;0.000000;772.521851
554.000000;7796.000000;6286.000000;0.000000;427099.000000;9668.000000;0.000000;774.257935
555.000000;7796.000000;6782.000000;0.000000;513589.000000;9668.000000;0.000000;775.966797
556.000000;7796.000000;6807.000000;0.000000;530267.000000;9668.000000;0.000000;777.302979
557.000000;7796.000000;6185.000000;0.000000;446116.000000;9668.000000;0.000000;778.628296
558.000000;7796.000000;7008.000000;0.000000;361644.000000;9668.000000;0.000000;779.925781
559.000000;7796.000000;6832.000000;0.000000;450687.000000;9668.000000;0.000000;781.228516
560.000000;7796.000000;6494.000000;0.000000;370617.000000;9668.000000;0.000000;782.521423
561.000000;7796.000000;7506.000000;0.000000;455829.000000;9668.000000;0.000000;784.152039
562.000000;7796.000000;6383.000000;0.000000;395258.000000;9668.000000;0.000000;785.656738
563.000000;7796.000000;7371.000000;0.000000;459392.000000;9668.000000;0.000000;787.164612
564.000000;7796.000000;6705.000000;0.000000;511794.000000;9668.000000;0.000000;788.667358
565.000000;7796.000000;6660.000000;0.000000;453552.000000;9668.000000;0.000000;790.125244
566.000000;7796.000000;6899.000000;0.000000;443526.000000;9668.000000;0.000000;791.588013
567.000000;7796.000000;7332.000000;0.000000;527296.000000;9668.000000;0.000000;793.071899
568.000000;7796.000000;6800.000000;0.000000;497840.000000;9668.000000;0.000000;794.534424
569.000000;7796.000000;7712.000000;0.000000;395568.000000;9668.000000;0.000000;796.005005
570.000000;7796.000000;7673.000000;0.000000;506958.000000;9668.000000;0.000000;797.531799
571.000000;7796.000000;6391.000000;0.000000;475518.000000;9668.000000;0.000000;799.065491
572.000000;7796.000000;6448.000000;0.000000;401260.000000;9668.000000;0.000000;800.545715
573.000000;7796.000000;6235.000000;0.000000;608191.000000;9668.000000;0.000000;802.030640
574.000000;7796.000000;5723.000000;0.000000;498771.000000;9668.000000;0.000000;803.358398
575.000000;7796.000000;6993.000000;0.000000;424226.000000;9668.000000;0.000000;804.644592
576.000000;7796.000000;6112.000000;0.000000;391724.000000;9668.000000;0.000000;805.939697
577.000000;7796.000000;6913.000000;0.000000;415158.000000;9668.000000;0.000000;807.213379
578.000000;7796.000000;6648.000000;0.000000;430707.000000;9668.000000;0.000000;808.562988
579.000000;7796.000000;6441.000000;0.000000;524883.000000;9668.000000;0.000000;809.842224
580.000000;7796.000000;6320.000000;0.000000;541976.000000;9668.000000;0.000000;811.121277
581.000000;7796.000000;6544.000000;0.000000;509765.000000;9668.000000;0.000000;812.721130
582.000000;7796.000000;6614.000000;0.000000;425270.000000;9668.000000;0.000000;814.185486
583.000000;7796.000000;6157.000000;0.000000;473810.000000;9668.000000;0.000000;815.649109
584.000000;7796.000000;7026.000000;0.000000;472328.000000;9668.000000;0.000000;817.095398
585.000000;7796.000000;6914.000000;0.000000;357447.000000;9668.000000;0.000000;818.630066
586.000000;7796.000000;6972.000000;0.000000;517778.000000;9668.000000;0.000000;820.041931
587.000000;7796.000000;6585.000000;0.000000;264844.000000;9668.000000;0.000000;821.503540
588.000000;7796.000000;7202.000000;0.000000;448161.000000;9668.000000;0.000000;822.936707
589.000000;7796.000000;6354.000000;0.000000;419338.000000;9668.000000;0.000000;824.482239
590.000000;7796.000000;7048.000000;0.000000;337765.000000;9668.000000;0.000000;825.919983
591.000000;7796.000000;6036.000000;0.000000;491588.000000;9668.000000;0.000000;827.359802
592.000000;7796.000000;7425.000000;0.000000;391366.000000;9668.000000;0.000000;828.823425
593.000000;7796.000000;6169.000000;0.000000;460764.000000;9668.000000;0.000000;830.256470
594.000000;7796.000000;7360.000000;0.000000;366761.000000;9668.000000;0.000000;831.723938
595.000000;7796.000000;6138.000000;0.000000;498862.000000;9668.000000;0.000000;833.175354
596.000000;7796.000000;7445.000000;0.000000;454788.000000;9668.000000;0.000000;834.624023
597.000000;7796.000000;6863.000000;0.000000;456176.000000;9668.000000;0.000000;836.073181
598.000000;7796.000000;7533.000000;0.000000;360633.000000;9668.000000;0.000000;837.477783
599.000000;7796.000000;7056.000000;0.000000;351580.000000;9668.000000;0.000000;838.750305
600.000000;7796.000000;6638.000000;0.000000;588765.000000;9668.000000;0.000000;840.007751
601.000000;7796.000000;9014.000000;0.000000;361098.000000;9668.000000;0.000000;841.584106
602.000000;7796.000000;6781.000000;0.000000;397256.000000;9668.000000;0.000000;843.011108
603.000000;7796.000000;6744.000000;0.000000;410656.000000;9668.000000;0.000000;844.441345
604.000000;7796.000000;6847.000000;0.000000;352437.000000;9668.000000;0.000000;845.866882
605.000000;7796.000000;6035.000000;0.000000;552328.000000;9668.000000;0.000000;847.272339
606.000000;7796.000000;6751.000000;0.000000;447179.000000;9668.000000;0.000000;848.705505
607.000000;7796.000000;6438.000000;0.000000;465039.000000;9668.000000;0.000000;850.103699
608.000000;7796.000000;7139.000000;0.000000;489905.000000;9668.000000;0.000000;851.506714
609.000000;7796.000000;6628.000000;0.000000;463243.000000;9668.000000;0.000000;852.909180
610.000000;7796.000000;7016.000000;0.000000;355390.000000;9668.000000;0.000000;854.355957
611.000000;7796.000000;5922.000000;0.000000;489919.000000;9668.000000;0.000000;855.780151
612.000000;7796.000000;6989.000000;0.000000;514821.000000;9668.000000;0.000000;857.196533
613.000000;7796.000000;6867.000000;0.000000;392719.000000;9668.000000;0.000000;858.637146
614.000000;7796.000000;6585.000000;0.000000;485923.000000;9668.000000;0.000000;859.987671
615.000000;7796.000000;7576.000000;0.000000;478145.000000;9668.000000;0.000000;861.231628
616.000000;7796.000000;7305.000000;0.000000;463256.000000;9668.000000;0.000000;862.472778
617.000000;7796.000000;7345.000000;0.000000;370057.000000;9668.000000;0.000000;863.716919
618.000000;7796.000000;7225.000000;0.000000;407583.000000;9668.000000;0.000000;864.958740
619.000000;7796.000000;6649.000000;0.000000;493786.000000;9668.000000;0.000000;866.202148
620.000000;7796.000000;6771.000000;0.000000;446408.000000;9668.000000;0.000000;867.449524
621.000000;7796.000000;5775.000000;0.000000;504112.000000;9668.000000;0.000000;869.071777
622.000000;7796.000000;7177.000000;0.000000;318697.000000;9668.000000;0.000000;870.531738
623.000000;7796.000000;6590.000000;0.000000;454993.000000;9668.000000;0.000000;871.983459
624.000000;7796.000000;7695.000000;0.000000;518530.000000;9668.000000;0.000000;873.415100
625.000000;7796.000000;7479.000000;0.000000;496307.000000;9668.000000;0.000000;874.829529
626.000000;7796.000000;7796.000000;0.000000;565610.000000;9668.000000;0.000000;876.252991
627.000000;7796.000000;7171.000000;0.000000;445349.000000;9668.000000;0.000000;877.667542
628.000000;7796.000000;7077.000000;0.000000;406757.000000;9668.000000;0.000000;879.101074
629.000000;7796.000000;6710.000000;0.000000;491993.000000;9668.000000;0.000000;880.510071
630.000000;7796.000000;7964.000000;0.000000;361518.000000;9668.000000;0.000000;881.960754
631.000000;7796.000000;8201.000000;0.000000;421795.000000;9668.000000;0.000000;883.389465
632.000000;7796.000000;8143.000000;0.000000;352391.000000;9668.000000;0.000000;884.848633
633.000000;7796.000000;6865.000000;0.000000;402611.000000;9668.000000;0.000000;886.309204
634.000000;7796.000000;6359.000000;0.000000;440277.000000;9668.000000;0.000000;887.644409
635.000000;7796.000000;8558.000000;0.000000;316134.000000;9668.000000;0.000000;888.918213
636.000000;7796.000000;7681.000000;0.000000;547283.000000;9668.000000;0.000000;890.177673
637.000000;7796.000000;6548.000000;0.000000;496206.000000;9668.000000;0.000000;891.426392
638.000000;7796.000000;7665.000000;0.000000;481469.000000;9668.000000;0.000000;892.688660
639.000000;7796.000000;6963.000000;0.000000;473642.000000;9668.000000;0.000000;893.963440
640.000000;7796.000000;6355.000000;0.000000;461024.000000;9668.000000;0.000000;895.224304
641.000000;7796.000000;6832.000000;0.000000;505496.000000;9668.000000;0.000000;896.828186
642.000000;7796.000000;6485.000000;0.000000;441493.000000;9668.000000;0.000000;898.290649
643.000000;7796.000000;6755.000000;0.000000;612607.000000;9668.000000;0.000000;899.777222
644.000000;7796.000000;6938.000000;0.000000;388474.000000;9668.000000;0.000000;901.215698
645.000000;7796.000000;7517.000000;0.000000;463031.000000;9668.000000;0.000000;902.657532
646.000000;7796.000000;6580.000000;0.000000;438794.000000;9668.000000;0.000000;904.103882
647.000000;7796.000000;6360.000000;0.000000;446232.000000;9668.000000;0.000000;905.521851
648.000000;7796.000000;7949.000000;0.000000;414342.000000;9668.000000;0.000000;906.945801
649.000000;7796.000000;6516.000000;0.000000;612313.000000;9668.000000;0.000000;908.372009
650.000000;7796.000000;6807.000000;0.000000;450466.000000;9668.000000;0.000000;909.879089
651.000000;7796.000000;7298.000000;0.000000;418498.000000;9668.000000;0.000000;911.328064
652.000000;7796.000000;7334.000000;0.000000;288320.000000;9668.000000;0.000000;912.773865
653.000000;7796.000000;6951.000000;0.000000;433340.000000;9668.000000;0.000000;914.222229
654.000000;7796.000000;6353.000000;0.000000;398607.000000;9668.000000;0.000000;915.564636
655.000000;7796.000000;7462.000000;0.000000;365588.000000;9668.000000;0.000000;916.834656
656.000000;7796.000000;6218.000000;0.000000;465524.000000;9668.000000;0.000000;918.141541
657.000000;7796.000000;7008.000000;0.000000;428359.000000;9668.000000;0.000000;919.453186
658.000000;7796.000000;6162.000000;0.000000;360136.000000;9668.000000;0.000000;920.726257
659.000000;7796.000000;8456.000000;0.000000;426976.000000;9668.000000;0.000000;922.005371
660.000000;7796.000000;7364.000000;0.000000;451608.000000;9668.000000;0.000000;923.274597
661.000000;7796.000000;8278.000000;0.000000;378473.000000;9668.000000;0.000000;924.875122
662.000000;7796.000000;6162.000000;0.000000;541368.000000;9668.000000;0.000000;926.338562
663.000000;7796.000000;8006.000000;0.000000;373904.000000;9668.000000;0.000000;927.802612
664.000000;7796.000000;6947.000000;0.000000;419215.000000;9668.000000;0.000000;929.290588
665.000000;7796.000000;8200.000000;0.000000;427208.000000;9668.000000;0.000000;930.749817
666.000000;7796.000000;7175.000000;0.000000;442477.000000;9668.000000;0.000000;932.193481
667.000000;7796.000000;7149.000000;0.000000;451370.000000;9668.000000;0.000000;933.665222
668.000000;7796.000000;7109.000000;0.000000;525244.000000;9668.000000;0.000000;935.116882
669.000000;7796.000000;7646.000000;0.000000;464655.000000;9668.000000;0.000000;936.566040
670.000000;7796.000000;6541.000000;0.000000;414256.000000;9668.000000;0.000000;938.118835
671.000000;7796.000000;8600.000000;0.000000;367728.000000;9668.000000;0.000000;939.611938
672.000000;7796.000000;6750.000000;0.000000;429096.000000;9668.000000;0.000000;941.217285
673.000000;7796.000000;7531.000000;0.000000;375131.000000;9668.000000;0.000000;942.701111
674.000000;7796.000000;7134.000000;0.000000;395004.000000;9668.000000;0.000000;944.149292
675.000000;7796.000000;6566.000000;0.000000;399971.000000;9668.000000;0.000000;945.444885
676.000000;7796.000000;6461.000000;0.000000;465038.000000;9668.000000;0.000000;946.724609
677.000000;7796.000000;6738.000000;0.000000;355351.000000;9668.000000;0.000000;948.006836
678.000000;7796.000000;6352.000000;0.000000;410689.000000;9668.000000;0.000000;949.327332
679.000000;7796.000000;7464.000000;0.000000;432207.000000;9668.000000;0.000000;950.623108
680.000000;7796.000000;7448.000000;0.000000;439111.000000;9668.000000;0.000000;951.900269
681.000000;7796.000000;5583.000000;0.000000;477854.000000;9668.000000;0.000000;953.546326
682.000000;7796.000000;7488.000000;0.000000;435073.000000;9668.000000;0.000000;955.035828
683.000000;7796.000000;7426.000000;0.000000;496193.000000;9668.000000;0.000000;956.524475
684.000000;7796.000000;7252.000000;0.000000;373021.000000;9668.000000;0.000000;958.000183
685.000000;7796.000000;8530.000000;0.000000;388575.000000;9668.000000;0.000000;959.491272
686.000000;7796.000000;6069.000000;0.000000;522367.000000;9668.000000;0.000000;960.955200
687.000000;7796.000000;6592.000000;0.000000;445686.000000;9668.000000;0.000000;962.416870
688.000000;7796.000000;6581.000000;0.000000;496128.000000;9668.000000;0.000000;963.883118
689.000000;7796.000000;7893.000000;0.000000;346510.000000;9668.000000;0.000000;965.347839
690.000000;7796.000000;6966.000000;0.000000;499647.000000;9668.000000;0.000000;966.861023
691.000000;7796.000000;8035.000000;0.000000;417514.000000;9668.000000;0.000000;968.357666
692.000000;7796.000000;6675.000000;0.000000;426105.000000;9668.000000;0.000000;969.895752
693.000000;7796.000000;6967.000000;0.000000;430625.000000;9668.000000;0.000000;971.368164
694.000000;7796.000000;8984.000000;0.000000;311350.000000;9668.000000;0.000000;972.667419
695.000000;7796.000000;7638.000000;0.000000;457462.000000;9668.000000;0.000000;973.944519
696.000000;7796.000000;6816.000000;0.000000;492839.000000;9668.000000;0.000000;975.230347
697.000000;7796.000000;7217.000000;0.000000;463101.000000;9668.000000;0.000000;976.527649
698.000000;7796.000000;6683.000000;0.000000;486957.000000;9668.000000;0.000000;977.822693
699.000000;7796.000000;7193.000000;0.000000;361346.000000;9668.000000;0.000000;979.125732
700.000000;7796.000000;6526.000000;0.000000;532108.000000;9668.000000;0.000000;980.453552
701.000000;7796.000000;7238.000000;0.000000;462677.000000;9668.000000;0.000000;982.107117
702.000000;7796.000000;5889.000000;0.000000;463287.000000;9668.000000;0.000000;983.603210
703.000000;7796.000000;7295.000000;0.000000;516831.000000;9668.000000;0.000000;985.100464
704.000000;7796.000000;6522.000000;0.000000;454459.000000;9668.000000;0.000000;986.590759
705.000000;7796.000000;7909.000000;0.000000;420824.000000;9668.000000;0.000000;988.165955
706.000000;7796.000000;6742.000000;0.000000;593123.000000;9668.000000;0.000000;989.700439
707.000000;7796.000000;8065.000000;0.000000;288014.000000;9668.000000;0.000000;991.185059
708.000000;7796.000000;6497.000000;0.000000;411099.000000;9668.000000;0.000000;992.660034
709.000000;7796.000000;6738.000000;0.000000;430159.000000;9668.000000;0.000000;994.169006
710.000000;7796.000000;6736.000000;0.000000;443755.000000;9668.000000;0.000000;995.703369
711.000000;7796.000000;7302.000000;0.000000;362322.000000;9668.000000;0.000000;997.302307
712.000000;7796.000000;6909.000000;0.000000;502134.000000;9668.000000;0.000000;998.808472
713.000000;7796.000000;6647.000000;0.000000;528758.000000;9668.000000;0.000000;1000.351318
714.000000;7796.000000;6703.000000;0.000000;523639.000000;9668.000000;0.000000;1001.668762
715.000000;7796.000000;6385.000000;0.000000;510483.000000;9668.000000;0.000000;1002.979492
716.000000;7796.000000;7117.000000;0.000000;407774.000000;9668.000000;0.000000;1004.361816
717.000000;7796.000000;6792.000000;0.000000;468439.000000;9668.000000;0.000000;1005.675964
718.000000;7796.000000;7776.000000;0.000000;458483.000000;9668.000000;0.000000;1006.987366
719.000000;7796.000000;6656.000000;0.000000;477397.000000;9668.000000;0.000000;1008.285156
720.000000;7796.000000;8178.000000;0.000000;389295.000000;9668.000000;0.000000;1009.612183
721.000000;7796.000000;7376.000000;0.000000;445758.000000;9668.000000;0.000000;1011.350403
722.000000;7796.000000;6536.000000;0.000000;544718.000000;9668.000000;0.000000;1012.860046
723.000000;7796.000000;6469.000000;0.000000;364236.000000;9668.000000;0.000000;1014.367981
724.000000;7796.000000;8556.000000;0.000000;360333.000000;9668.000000;0.000000;1015.859863
725.000000;7796.000000;6349.000000;0.000000;470626.000000;9668.000000;0.000000;1017.360291
726.000000;7796.000000;6990.000000;0.000000;403339.000000;9668.000000;0.000000;1018.859558
727.000000;7796.000000;7533.000000;0.000000;469102.000000;9668.000000;0.000000;1020.413391
728.000000;7796.000000;7365.000000;0.000000;472755.000000;9668.000000;0.000000;1021.910461
729.000000;7796.000000;6857.000000;0.000000;460395.000000;9668.000000;0.000000;1023.408203
730.000000;7796.000000;7334.000000;0.000000;471281.000000;9668.000000;0.000000;1024.962280
731.000000;7796.000000;6807.000000;0.000000;441470.000000;9668.000000;0.000000;1026.479492
732.000000;7796.000000;6141.000000;0.000000;455794.000000;9668.000000;0.000000;1027.995850
733.000000;7796.000000;6309.000000;0.000000;420473.000000;9668.000000;0.000000;1029.488892
734.000000;7796.000000;6298.000000;0.000000;487785.000000;9668.000000;0.000000;1030.929932
735.000000;7796.000000;7557.000000;0.000000;456931.000000;9668.000000;0.000000;1032.243164
736.000000;7796.000000;7514.000000;0.000000;335028.000000;9668.000000;0.000000;1033.557251
737.000000;7796.000000;7093.000000;0.000000;382159.000000;9668.000000;0.000000;1034.872681
738.000000;7796.000000;7755.000000;0.000000;365720.000000;9668.000000;0.000000;1036.194092
739.000000;7796.000000;7479.000000;0.000000;416612.000000;9668.000000;0.000000;1037.513428
740.000000;7796.000000;7082.000000;0.000000;479361.000000;9668.000000;0.000000;1038.847900
741.000000;7796.000000;6130.000000;0.000000;426523.000000;9668.000000;0.000000;1040.579590
742.000000;7796.000000;7651.000000;0.000000;374998.000000;9668.000000;0.000000;1042.116455
743.000000;7796.000000;8380.000000;0.000000;506247.000000;9668.000000;0.000000;1043.644287
744.000000;7796.000000;7200.000000;0.000000;409541.000000;9668.000000;0.000000;1045.140137
745.000000;7796.000000;7383.000000;0.000000;403633.000000;9668.000000;0.000000;1046.614746
746.000000;7796.000000;7298.000000;0.000000;474296.000000;9668.000000;0.000000;1048.080811
747.000000;7796.000000;6419.000000;0.000000;374435.000000;9668.000000;0.000000;1049.559326
748.000000;7796.000000;6547.000000;0.000000;491087.000000;9668.000000;0.000000;1051.070312
749.000000;7796.000000;6478.000000;0.000000;438714.000000;9668.000000;0.000000;1052.549438
750.000000;7796.000000;7245.000000;0.000000;509872.000000;9668.000000;0.000000;1054.042358
751.000000;7796.000000;7041.000000;0.000000;358410.000000;9668.000000;0.000000;1055.525635
752.000000;7796.000000;6793.000000;0.000000;526466.000000;9668.000000;0.000000;1057.043579
753.000000;7796.000000;7167.000000;0.000000;408279.000000;9668.000000;0.000000;1058.517334
754.000000;7796.000000;6853.000000;0.000000;467519.000000;9668.000000;0.000000;1059.832031
755.000000;7796.000000;8227.000000;0.000000;423388.000000;9668.000000;0.000000;1061.153320
756.000000;7796.000000;6355.000000;0.000000;448436.000000;9668.000000;0.000000;1062.450317
757.000000;7796.000000;7434.000000;0.000000;488022.000000;9668.000000;0.000000;1063.897705
758.000000;7796.000000;6304.000000;0.000000;392434.000000;9668.000000;0.000000;1065.196167
759.000000;7796.000000;7631.000000;0.000000;331088.000000;9668.000000;0.000000;1066.495972
760.000000;7796.000000;6257.000000;0.000000;473359.000000;9668.000000;0.000000;1067.844238
761.000000;7796.000000;7805.000000;0.000000;536732.000000;9668.000000;0.000000;1069.509155
762.000000;7796.000000;8092.000000;0.000000;498483.000000;9668.000000;0.000000;1071.022949
763.000000;7796.000000;8018.000000;0.000000;393081.000000;9668.000000;0.000000;1072.504883
764.000000;7796.000000;5830.000000;0.000000;438085.000000;9668.000000;0.000000;1073.965454
765.000000;7796.000000;7326.000000;0.000000;457314.000000;9668.000000;0.000000;1075.422729
766.000000;7796.000000;6012.000000;0.000000;410616.000000;9668.000000;0.000000;1076.861694
767.000000;7796.000000;7354.000000;0.000000;373179.000000;9668.000000;0.000000;1078.289673
768.000000;7796.000000;6760.000000;0.000000;517215.000000;9668.000000;0.000000;1079.724121
769.000000;7796.000000;6595.000000;0.000000;387890.000000;9668.000000;0.000000;1081.190796
770.000000;7796.000000;7223.000000;0.000000;350349.000000;9668.000000;0.000000;1082.669189
771.000000;7796.000000;7051.000000;0.000000;478837.000000;9668.000000;0.000000;1084.119263
772.000000;7796.000000;6541.000000;0.000000;456055.000000;9668.000000;0.000000;1085.560425
773.000000;7796.000000;7018.000000;0.000000;434806.000000;9668.000000;0.000000;1087.006958
774.000000;7796.000000;8392.000000;0.000000;434804.000000;9668.000000;0.000000;1088.330322
775.000000;7796.000000;7691.000000;0.000000;510508.000000;9668.000000;0.000000;1089.610596
776.000000;7796.000000;6272.000000;0.000000;432398.000000;9668.000000;0.000000;1090.917236
777.000000;7796.000000;8123.000000;0.000000;490060.000000;9668.000000;0.000000;1092.181274
778.000000;7796.000000;6624.000000;0.000000;519405.000000;9668.000000;0.000000;1093.447754
779.000000;7796.000000;7075.000000;0.000000;477175.000000;9668.000000;0.000000;1094.714111
780.000000;7796.000000;7289.000000;0.000000;327778.000000;9668.000000;0.000000;1095.989014
781.000000;7796.000000;5994.000000;0.000000;495199.000000;9668.000000;0.000000;1097.570679
782.000000;7796.000000;6903.000000;0.000000;399869.000000;9668.000000;0.000000;1099.028442
783.000000;7796.000000;6092.000000;0.000000;518041.000000;9668.000000;0.000000;1100.521484
784.000000;7796.000000;6100.000000;0.000000;370981.000000;9668.000000;0.000000;1101.958130
785.000000;7796.000000;7506.000000;0.000000;408031.000000;9668.000000;0.000000;1103.384277
786.000000;7796.000000;7852.000000;0.000000;386494.000000;9668.000000;0.000000;1104.806641
787.000000;7796.000000;6021.000000;0.000000;522959.000000;9668.000000;0.000000;1106.220459
788.000000;7796.000000;6820.000000;0.000000;421009.000000;9668.000000;0.000000;1107.616699
789.000000;7796.000000;6277.000000;0.000000;460142.000000;9668.000000;0.000000;1109.012085
790.000000;7796.000000;8602.000000;0.000000;344277.000000;9668.000000;0.000000;1110.439575
791.000000;7796.000000;6108.000000;0.000000;387321.000000;9668.000000;0.000000;1111.842285
792.000000;7796.000000;7516.000000;0.000000;457841.000000;9668.000000;0.000000;1113.238647
793.000000;7796.000000;7925.000000;0.000000;482455.000000;9668.000000;0.000000;1114.684448
794.000000;7796.000000;6662.000000;0.000000;451503.000000;9668.000000;0.000000;1116.101440
795.000000;7796.000000;6391.000000;0.000000;390793.000000;9668.000000;0.000000;1117.519897
796.000000;7796.000000;7056.000000;0.000000;543872.000000;9668.000000;0.000000;1118.937256
797.000000;7796.000000;8703.000000;0.000000;397157.000000;9668.000000;0.000000;1120.261719
798.000000;7796.000000;6966.000000;0.000000;515509.000000;9668.000000;0.000000;1121.527100
799.000000;7796.000000;6244.000000;0.000000;442571.000000;9668.000000;0.000000;1122.768921
800.000000;7796.000000;6630.000000;0.000000;461843.000000;9668.000000;0.000000;1124.112915
801.000000;7796.000000;7456.000000;0.000000;393357.000000;9668.000000;0.000000;1125.662720
802.000000;7796.000000;7929.000000;0.000000;461571.000000;9668.000000;0.000000;1127.083740
803.000000;7796.000000;6801.000000;0.000000;482534.000000;9668.000000;0.000000;1128.502563
804.000000;7796.000000;7651.000000;0.000000;462318.000000;9668.000000;0.000000;1129.907227
805.000000;7796.000000;6677.000000;0.000000;454813.000000;9668.000000;0.000000;1131.335449
806.000000;7796.000000;6801.000000;0.000000;456135.000000;9668.000000;0.000000;1132.741577
807.000000;7796.000000;6414.000000;0.000000;523166.000000;9668.000000;0.000000;1134.145386
808.000000;7796.000000;7337.000000;0.000000;464574.000000;9668.000000;0.000000;1135.541870
809.000000;7796.000000;7945.000000;0.000000;426664.000000;9668.000000;0.000000;1136.952637
810.000000;7796.000000;6981.000000;0.000000;497390.000000;9668.000000;0.000000;1138.414673
811.000000;7796.000000;6449.000000;0.000000;524366.000000;9668.000000;0.000000;1139.847290
812.000000;7796.000000;7177.000000;0.000000;423977.000000;9668.000000;0.000000;1141.310425
813.000000;7796.000000;6522.000000;0.000000;517730.000000;9668.000000;0.000000;1142.736328
814.000000;7796.000000;7375.000000;0.000000;463967.000000;9668.000000;0.000000;1144.105835
815.000000;7796.000000;7353.000000;0.000000;398987.000000;9668.000000;0.000000;1145.360962
816.000000;7796.000000;7316.000000;0.000000;468779.000000;9668.000000;0.000000;1146.609253
817.000000;7796.000000;7031.000000;0.000000;383957.000000;9668.000000;0.000000;1147.853271
818.000000;7796.000000;6133.000000;0.000000;446644.000000;9668.000000;0.000000;1149.106445
819.000000;7796.000000;6776.000000;0.000000;516847.000000;9668.000000;0.000000;1150.353516
820.000000;7796.000000;7181.000000;0.000000;332628.000000;9668.000000;0.000000;1151.625244
821.000000;7796.000000;7097.000000;0.000000;413531.000000;9668.000000;0.000000;1153.202026
822.000000;7796.000000;7581.000000;0.000000;383277.000000;9668.000000;0.000000;1154.644531
823.000000;7796.000000;8181.000000;0.000000;321035.000000;9668.000000;0.000000;1156.087646
824.000000;7796.000000;6293.000000;0.000000;466505.000000;9668.000000;0.000000;1157.507935
825.000000;7796.000000;6478.000000;0.000000;433397.000000;9668.000000;0.000000;1158.926880
826.000000;7796.000000;7233.000000;0.000000;446032.000000;9668.000000;0.000000;1160.337402
827.000000;7796.000000;7162.000000;0.000000;266535.000000;9668.000000;0.000000;1161.827148
828.000000;7796.000000;6361.000000;0.000000;386620.000000;9668.000000;0.000000;1163.241211
829.000000;7796.000000;7065.000000;0.000000;471144.000000;9668.000000;0.000000;1164.652710
830.000000;7796.000000;6809.000000;0.000000;458903.000000;9668.000000;0.000000;1166.118042
831.000000;7796.000000;7196.000000;0.000000;462569.000000;9668.000000;0.000000;1167.565308
832.000000;7796.000000;6491.000000;0.000000;567555.000000;9668.000000;0.000000;1169.039551
833.000000;7796.000000;5565.000000;0.000000;565788.000000;9668.000000;0.000000;1170.486694
834.000000;7796.000000;6902.000000;0.000000;379370.000000;9668.000000;0.000000;1171.858521
835.000000;7796.000000;8431.000000;0.000000;348430.000000;9668.000000;0.000000;1173.125977
836.000000;7796.000000;6097.000000;0.000000;493766.000000;9668.000000;0.000000;1174.394897
837.000000;7796.000000;5883.000000;0.000000;424397.000000;9668.000000;0.000000;1175.665161
838.000000;7796.000000;7497.000000;0.000000;406164.000000;9668.000000;0.000000;1176.936157
839.000000;7796.000000;6903.000000;0.000000;321354.000000;9668.000000;0.000000;1178.208374
840.000000;7796.000000;6755.000000;0.000000;427408.000000;9668.000000;0.000000;1179.489746
841.000000;7796.000000;6905.000000;0.000000;343454.000000;9668.000000;0.000000;1181.106445
842.000000;7796.000000;7463.000000;0.000000;476387.000000;9668.000000;0.000000;1182.581421
843.000000;7796.000000;6848.000000;0.000000;492885.000000;9668.000000;0.000000;1184.133179
844.000000;7796.000000;6794.000000;0.000000;480960.000000;9668.000000;0.000000;1185.567627
845.000000;7796.000000;7669.000000;0.000000;382295.000000;9668.000000;0.000000;1186.997192
846.000000;7796.000000;7559.000000;0.000000;397186.000000;9668.000000;0.000000;1188.425415
847.000000;7796.000000;7184.000000;0.000000;391449.000000;9668.000000;0.000000;1189.844971
848.000000;7796.000000;7524.000000;0.000000;398497.000000;9668.000000;0.000000;1191.307861
849.000000;7796.000000;6974.000000;0.000000;372256.000000;9668.000000;0.000000;1192.772705
850.000000;7796.000000;6584.000000;0.000000;444429.000000;9668.000000;0.000000;1194.215454
851.000000;7796.000000;7924.000000;0.000000;455434.000000;9668.000000;0.000000;1195.661133
852.000000;7796.000000;6673.000000;0.000000;535429.000000;9668.000000;0.000000;1197.121216
853.000000;7796.000000;6837.000000;0.000000;493626.000000;9668.000000;0.000000;1198.598877
854.000000;7796.000000;7507.000000;0.000000;519435.000000;9668.000000;0.000000;1199.884399
855.000000;7796.000000;7239.000000;0.000000;469450.000000;9668.000000;0.000000;1201.281494
856.000000;7796.000000;6747.000000;0.000000;497298.000000;9668.000000;0.000000;1202.595825
857.000000;7796.000000;7041.000000;0.000000;389892.000000;9668.000000;0.000000;1203.879150
858.000000;7796.000000;7641.000000;0.000000;420820.000000;9668.000000;0.000000;1205.161499
859.000000;7796.000000;6673.000000;0.000000;409827.000000;9668.000000;0.000000;1206.447632
860.000000;7796.000000;7203.000000;0.000000;538826.000000;9668.000000;0.000000;1207.731567
861.000000;7796.000000;7456.000000;0.000000;410682.000000;9668.000000;0.000000;1209.349976
862.000000;7796.000000;7978.000000;0.000000;351001.000000;9668.000000;0.000000;1210.831421
863.000000;7796.000000;7189.000000;0.000000;402184.000000;9668.000000;0.000000;1212.336304
864.000000;7796.000000;6807.000000;0.000000;414889.000000;9668.000000;0.000000;1213.793579
865.000000;7796.000000;7268.000000;0.000000;382047.000000;9668.000000;0.000000;1215.238525
866.000000;7796.000000;7348.000000;0.000000;443498.000000;9668.000000;0.000000;1216.684448
867.000000;7796.000000;7529.000000;0.000000;496848.000000;9668.000000;0.000000;1218.139404
868.000000;7796.000000;7394.000000;0.000000;349863.000000;9668.000000;0.000000;1219.584106
869.000000;7796.000000;6627.000000;0.000000;438678.000000;9668.000000;0.000000;1221.058472
870.000000;7796.000000;7090.000000;0.000000;405750.000000;9668.000000;0.000000;1222.561401
871.000000;7796.000000;6296.000000;0.000000;427362.000000;9668.000000;0.000000;1224.027100
872.000000;7796.000000;6815.000000;0.000000;249037.000000;9668.000000;0.000000;1225.490967
873.000000;7796.000000;6709.000000;0.000000;496350.000000;9668.000000;0.000000;1226.966431
874.000000;7796.000000;6629.000000;0.000000;340100.000000;9668.000000;0.000000;1228.302124
875.000000;7796.000000;6008.000000;0.000000;568214.000000;9668.000000;0.000000;1229.585815
876.000000;7796.000000;6721.000000;0.000000;499536.000000;9668.000000;0.000000;1230.867065
877.000000;7796.000000;7810.000000;0.000000;370796.000000;9668.000000;0.000000;1232.193115
878.000000;7796.000000;7419.000000;0.000000;508302.000000;9668.000000;0.000000;1233.490234
879.000000;7796.000000;7541.000000;0.000000;448330.000000;9668.000000;0.000000;1234.782715
880.000000;7796.000000;7123.000000;0.000000;345084.000000;9668.000000;0.000000;1236.078003
881.000000;7796.000000;6628.000000;0.000000;407964.000000;9668.000000;0.000000;1237.862183
882.000000;7796.000000;7010.000000;0.000000;389384.000000;9668.000000;0.000000;1239.360352
883.000000;7796.000000;6254.000000;0.000000;428263.000000;9668.000000;0.000000;1240.872192
884.000000;7796.000000;6675.000000;0.000000;385986.000000;9668.000000;0.000000;1242.433838
885.000000;7796.000000;6849.000000;0.000000;504340.000000;9668.000000;0.000000;1243.932617
886.000000;7796.000000;6798.000000;0.000000;447918.000000;9668.000000;0.000000;1245.397339
887.000000;7796.000000;6063.000000;0.000000;507161.000000;9668.000000;0.000000;1246.854004
888.000000;7796.000000;7837.000000;0.000000;411799.000000;9668.000000;0.000000;1248.309692
889.000000;7796.000000;6530.000000;0.000000;406828.000000;9668.000000;0.000000;1249.800293
890.000000;7796.000000;7055.000000;0.000000;347031.000000;9668.000000;0.000000;1251.304443
891.000000;7796.000000;7849.000000;0.000000;426587.000000;9668.000000;0.000000;1252.794067
892.000000;7796.000000;7651.000000;0.000000;635201.000000;9668.000000;0.000000;1254.273804
893.000000;7796.000000;7865.000000;0.000000;467832.000000;9668.000000;0.000000;1255.728271
894.000000;7796.000000;7199.000000;0.000000;421429.000000;9668.000000;0.000000;1257.004272
895.000000;7796.000000;6634.000000;0.000000;409653.000000;9668.000000;0.000000;1258.270386
896.000000;7796.000000;6574.000000;0.000000;529436.000000;9668.000000;0.000000;1259.536865
897.000000;7796.000000;7241.000000;0.000000;484305.000000;9668.000000;0.000000;1260.803223
898.000000;7796.000000;5430.000000;0.000000;395607.000000;9668.000000;0.000000;1262.110352
899.000000;7796.000000;7167.000000;0.000000;492449.000000;9668.000000;0.000000;1263.379272
900.000000;7796.000000;8305.000000;0.000000;456690.000000;9668.000000;0.000000;1264.649170
901.000000;7796.000000;7163.000000;0.000000;319398.000000;9668.000000;0.000000;1266.242188
902.000000;7796.000000;6870.000000;0.000000;466125.000000;9668.000000;0.000000;1267.707153
903.000000;7796.000000;7023.000000;0.000000;399702.000000;9668.000000;0.000000;1269.169189
904.000000;7796.000000;7103.000000;0.000000;424684.000000;9668.000000;0.000000;1270.608154
905.000000;7796.000000;5865.000000;0.000000;501552.000000;9668.000000;0.000000;1272.062988
906.000000;7796.000000;6637.000000;0.000000;517325.000000;9668.000000;0.000000;1273.491821
907.000000;7796.000000;6186.000000;0.000000;404819.000000;9668.000000;0.000000;1274.918457
908.000000;7796.000000;6652.000000;0.000000;349919.000000;9668.000000;0.000000;1276.347656
909.000000;7796.000000;7252.000000;0.000000;510995.000000;9668.000000;0.000000;1277.770142
910.000000;7796.000000;6631.000000;0.000000;487659.000000;9668.000000;0.000000;1279.252563
911.000000;7796.000000;6824.000000;0.000000;447432.000000;9668.000000;0.000000;1280.697754
912.000000;7796.000000;7142.000000;0.000000;414566.000000;9668.000000;0.000000;1282.170044
913.000000;7796.000000;6067.000000;0.000000;437413.000000;9668.000000;0.000000;1283.617188
914.000000;7796.000000;7735.000000;0.000000;506260.000000;9668.000000;0.000000;1284.950439
915.000000;7796.000000;5892.000000;0.000000;538084.000000;9668.000000;0.000000;1286.220337
916.000000;7796.000000;6572.000000;0.000000;535807.000000;9668.000000;0.000000;1287.508057
917.000000;7796.000000;6934.000000;0.000000;362674.000000;9668.000000;0.000000;1288.807129
918.000000;7796.000000;7230.000000;0.000000;380007.000000;9668.000000;0.000000;1290.142578
919.000000;7796.000000;7026.000000;0.000000;453606.000000;9668.000000;0.000000;1291.433960
920.000000;7796.000000;8360.000000;0.000000;473363.000000;9668.000000;0.000000;1292.774048
921.000000;7796.000000;7194.000000;0.000000;323029.000000;9668.000000;0.000000;1294.395752
922.000000;7796.000000;7140.000000;0.000000;466701.000000;9668.000000;0.000000;1295.884033
923.000000;7796.000000;7054.000000;0.000000;491733.000000;9668.000000;0.000000;1297.477173
924.000000;7796.000000;7009.000000;0.000000;475212.000000;9668.000000;0.000000;1298.946899
925.000000;7796.000000;7496.000000;0.000000;510485.000000;9668.000000;0.000000;1300.443604
926.000000;7796.000000;6862.000000;0.000000;474645.000000;9668.000000;0.000000;1301.945679
927.000000;7796.000000;6104.000000;0.000000;517153.000000;9668.000000;0.000000;1303.708862
928.000000;7796.000000;5700.000000;0.000000;553980.000000;9668.000000;0.000000;1305.187988
929.000000;7796.000000;6917.000000;0.000000;443504.000000;9668.000000;0.000000;1306.632080
930.000000;7796.000000;6859.000000;0.000000;511398.000000;9668.000000;0.000000;1308.116577
931.000000;7796.000000;7477.000000;0.000000;502598.000000;9668.000000;0.000000;1309.582275
932.000000;7796.000000;7355.000000;0.000000;443302.000000;9668.000000;0.000000;1311.050903
933.000000;7796.000000;8159.000000;0.000000;356212.000000;9668.000000;0.000000;1312.545410
934.000000;7796.000000;6720.000000;0.000000;413497.000000;9668.000000;0.000000;1313.961060
935.000000;7796.000000;6936.000000;0.000000;378025.000000;9668.000000;0.000000;1315.243042
936.000000;7796.000000;7496.000000;0.000000;465401.000000;9668.000000;0.000000;1316.527100
937.000000;7796.000000;6805.000000;0.000000;366597.000000;9668.000000;0.000000;1317.812622
938.000000;7796.000000;7598.000000;0.000000;404463.000000;9668.000000;0.000000;1319.109131
939.000000;7796.000000;8141.000000;0.000000;479850.000000;9668.000000;0.000000;1320.406250
940.000000;7796.000000;6182.000000;0.000000;459173.000000;9668.000000;0.000000;1321.715210
941.000000;7796.000000;7670.000000;0.000000;332800.000000;9668.000000;0.000000;1323.379395
942.000000;7796.000000;6430.000000;0.000000;429354.000000;9668.000000;0.000000;1324.879150
943.000000;7796.000000;6545.000000;0.000000;463832.000000;9668.000000;0.000000;1326.375244
944.000000;7796.000000;7431.000000;0.000000;517834.000000;9668.000000;0.000000;1327.890747
945.000000;7796.000000;6233.000000;0.000000;452825.000000;9668.000000;0.000000;1329.375977
946.000000;7796.000000;6971.000000;0.000000;398699.000000;9668.000000;0.000000;1330.838867
947.000000;7796.000000;7408.000000;0.000000;467608.000000;9668.000000;0.000000;1332.345947
948.000000;7796.000000;6856.000000;0.000000;376584.000000;9668.000000;0.000000;1333.812622
949.000000;7796.000000;7017.000000;0.000000;497805.000000;9668.000000;0.000000;1335.295166
950.000000;7796.000000;5892.000000;0.000000;420203.000000;9668.000000;0.000000;1336.816284
951.000000;7796.000000;6617.000000;0.000000;341055.000000;9668.000000;0.000000;1338.858521
952.000000;7796.000000;8356.000000;0.000000;380184.000000;9668.000000;0.000000;1340.346680
953.000000;7796.000000;7005.000000;0.000000;451108.000000;9668.000000;0.000000;1341.756836
954.000000;7796.000000;7081.000000;0.000000;411478.000000;9668.000000;0.000000;1343.065063
955.000000;7796.000000;6995.000000;0.000000;596969.000000;9668.000000;0.000000;1344.347168
956.000000;7796.000000;8545.000000;0.000000;374798.000000;9668.000000;0.000000;1345.628296
957.000000;7796.000000;7649.000000;0.000000;384099.000000;9668.000000;0.000000;1346.925903
958.000000;7796.000000;7015.000000;0.000000;392572.000000;9668.000000;0.000000;1348.227539
959.000000;7796.000000;6942.000000;0.000000;543203.000000;9668.000000;0.000000;1349.539551
960.000000;7796.000000;5971.000000;0.000000;440875.000000;9668.000000;0.000000;1350.852295
961.000000;7796.000000;5943.000000;0.000000;512968.000000;9668.000000;0.000000;1352.576416
962.000000;7796.000000;7033.000000;0.000000;404178.000000;9668.000000;0.000000;1354.095581
963.000000;7796.000000;6508.000000;0.000000;588092.000000;9668.000000;0.000000;1355.604370
964.000000;7796.000000;6976.000000;0.000000;528652.000000;9668.000000;0.000000;1357.093994
965.000000;7796.000000;6987.000000;0.000000;395773.000000;9668.000000;0.000000;1358.564209
966.000000;7796.000000;7578.000000;0.000000;390800.000000;9668.000000;0.000000;1360.027466
967.000000;7796.000000;7864.000000;0.000000;438815.000000;9668.000000;0.000000;1361.490112
968.000000;7796.000000;6359.000000;0.000000;465956.000000;9668.000000;0.000000;1362.992798
969.000000;7796.000000;7547.000000;0.000000;485885.000000;9668.000000;0.000000;1364.530884
970.000000;7796.000000;6272.000000;0.000000;527277.000000;9668.000000;0.000000;1366.064209
971.000000;7796.000000;7059.000000;0.000000;312014.000000;9668.000000;0.000000;1367.561279
972.000000;7796.000000;7072.000000;0.000000;405483.000000;9668.000000;0.000000;1369.067139
973.000000;7796.000000;7016.000000;0.000000;328140.000000;9668.000000;0.000000;1370.547607
974.000000;7796.000000;7124.000000;0.000000;367890.000000;9668.000000;0.000000;1371.858521
975.000000;7796.000000;7922.000000;0.000000;462693.000000;9668.000000;0.000000;1373.184204
976.000000;7796.000000;6494.000000;0.000000;365082.000000;9668.000000;0.000000;1374.496338
977.000000;7796.000000;7240.000000;0.000000;393287.000000;9668.000000;0.000000;1375.813232
978.000000;7796.000000;6242.000000;0.000000;458219.000000;9668.000000;0.000000;1377.141357
979.000000;7796.000000;6285.000000;0.000000;514772.000000;9668.000000;0.000000;1378.473633
980.000000;7796.000000;7453.000000;0.000000;328184.000000;9668.000000;0.000000;1379.793579
981.000000;7796.000000;6953.000000;0.000000;456981.000000;9668.000000;0.000000;1381.474731
982.000000;7796.000000;6847.000000;0.000000;435082.000000;9668.000000;0.000000;1383.041504
983.000000;7796.000000;6736.000000;0.000000;412293.000000;9668.000000;0.000000;1384.609009
984.000000;7796.000000;7672.000000;0.000000;399911.000000;9668.000000;0.000000;1386.120972
985.000000;7796.000000;6571.000000;0.000000;358170.000000;9668.000000;0.000000;1387.615356
986.000000;7796.000000;7474.000000;0.000000;391427.000000;9668.000000;0.000000;1389.112061
987.000000;7796.000000;7060.000000;0.000000;276390.000000;9668.000000;0.000000;1390.612061
988.000000;7796.000000;7518.000000;0.000000;393648.000000;9668.000000;0.000000;1392.125610
989.000000;7796.000000;7099.000000;0.000000;445738.000000;9668.000000;0.000000;1393.656982
990.000000;7796.000000;6067.000000;0.000000;432788.000000;9668.000000;0.000000;1395.150879
991.000000;7796.000000;6187.000000;0.000000;399046.000000;9668.000000;0.000000;1396.648682
992.000000;7796.000000;7860.000000;0.000000;403150.000000;9668.000000;0.000000;1398.194946
993.000000;7796.000000;6947.000000;0.000000;446472.000000;9668.000000;0.000000;1399.714844
994.000000;7796.000000;7287.000000;0.000000;485684.000000;9668.000000;0.000000;1401.233276
995.000000;7796.000000;7945.000000;0.000000;470154.000000;9668.000000;0.000000;1402.798706
996.000000;7796.000000;8119.000000;0.000000;462224.000000;9668.000000;0.000000;1404.218628
997.000000;7796.000000;7428.000000;0.000000;409302.000000;9668.000000;0.000000;1405.552246
998.000000;7796.000000;7451.000000;0.000000;496603.000000;9668.000000;0.000000;1406.847900
999.000000;7796.000000;6687.000000;0.000000;515867.000000;9668.000000;0.000000;1408.131348
1000.000000;7796.000000;7299.000000;0.000000;446235.000000;9668.000000;0.000000;1409.423584
1001.000000;7796.000000;7376.000000;0.000000;371835.000000;9668.000000;0.000000;1411.064453
1002.000000;7796.000000;7585.000000;0.000000;450702.000000;9668.000000;0.000000;1412.598511
1003.000000;7796.000000;6707.000000;0.000000;479500.000000;9668.000000;0.000000;1414.085327
1004.000000;7796.000000;6550.000000;0.000000;487714.000000;9668.000000;0.000000;1415.551514
1005.000000;7796.000000;6970.000000;0.000000;430969.000000;9668.000000;0.000000;1417.053589
1006.000000;7796.000000;8459.000000;0.000000;435660.000000;9668.000000;0.000000;1418.523071
1007.000000;7796.000000;7554.000000;0.000000;390169.000000;9668.000000;0.000000;1419.983765
1008.000000;7796.000000;7079.000000;0.000000;427465.000000;9668.000000;0.000000;1421.442627
1009.000000;7796.000000;6951.000000;0.000000;485627.000000;9668.000000;0.000000;1422.964844
1010.000000;7796.000000;5802.000000;0.000000;444936.000000;9668.000000;0.000000;1424.516235
1011.000000;7796.000000;6731.000000;0.000000;397174.000000;9668.000000;0.000000;1425.999512
1012.000000;7796.000000;8148.000000;0.000000;392593.000000;9668.000000;0.000000;1427.481201
1013.000000;7796.000000;6819.000000;0.000000;477805.000000;9668.000000;0.000000;1428.950195
1014.000000;7796.000000;7436.000000;0.000000;372861.000000;9668.000000;0.000000;1430.259644
1015.000000;7796.000000;7851.000000;0.000000;440024.000000;9668.000000;0.000000;1431.555420
1016.000000;7796.000000;6183.000000;0.000000;453697.000000;9668.000000;0.000000;1432.878784
1017.000000;7796.000000;7053.000000;0.000000;520346.000000;9668.000000;0.000000;1434.176270
1018.000000;7796.000000;6450.000000;0.000000;434889.000000;9668.000000;0.000000;1435.471680
1019.000000;7796.000000;6074.000000;0.000000;500601.000000;9668.000000;0.000000;1436.777588
1020.000000;7796.000000;6740.000000;0.000000;478674.000000;9668.000000;0.000000;1438.090698
1021.000000;7796.000000;6828.000000;0.000000;403191.000000;9668.000000;0.000000;1439.768433
1022.000000;7796.000000;6011.000000;0.000000;489969.000000;9668.000000;0.000000;1441.289917
1023.000000;7796.000000;7547.000000;0.000000;423655.000000;9668.000000;0.000000;1442.840576
1024.000000;7796.000000;6195.000000;0.000000;462007.000000;9668.000000;0.000000;1444.338989
1025.000000;7796.000000;6566.000000;0.000000;510775.000000;9668.000000;0.000000;1445.817261
1026.000000;7796.000000;6499.000000;0.000000;492333.000000;9668.000000;0.000000;1447.298462
1027.000000;7796.000000;6366.000000;0.000000;397390.000000;9668.000000;0.000000;1448.779663
1028.000000;7796.000000;7994.000000;0.000000;456836.000000;9668.000000;0.000000;1450.256714
1029.000000;7796.000000;6399.000000;0.000000;428885.000000;9668.000000;0.000000;1451.753052
1030.000000;7796.000000;6498.000000;0.000000;393987.000000;9668.000000;0.000000;1453.313232
1031.000000;7796.000000;7434.000000;0.000000;338865.000000;9668.000000;0.000000;1454.816895
1032.000000;7796.000000;6827.000000;0.000000;365746.000000;9668.000000;0.000000;1456.323486
1033.000000;7796.000000;6748.000000;0.000000;552982.000000;9668.000000;0.000000;1457.847900
1034.000000;7796.000000;6604.000000;0.000000;431297.000000;9668.000000;0.000000;1459.209595
1035.000000;7796.000000;6995.000000;0.000000;445499.000000;9668.000000;0.000000;1460.507935
1036.000000;7796.000000;7536.000000;0.000000;395424.000000;9668.000000;0.000000;1461.812134
1037.000000;7796.000000;7634.000000;0.000000;394426.000000;9668.000000;0.000000;1463.165894
1038.000000;7796.000000;6886.000000;0.000000;455039.000000;9668.000000;0.000000;1464.482422
1039.000000;7796.000000;6608.000000;0.000000;465324.000000;9668.000000;0.000000;1465.798706
1040.000000;7796.000000;7165.000000;0.000000;582290.000000;9668.000000;0.000000;1467.126099
1041.000000;7796.000000;7045.000000;0.000000;413390.000000;9668.000000;0.000000;1468.834106
1042.000000;7796.000000;7215.000000;0.000000;364558.000000;9668.000000;0.000000;1470.365356
1043.000000;7796.000000;6507.000000;0.000000;372047.000000;9668.000000;0.000000;1471.899048
1044.000000;7796.000000;7011.000000;0.000000;492933.000000;9668.000000;0.000000;1473.440918
1045.000000;7796.000000;8874.000000;0.000000;417365.000000;9668.000000;0.000000;1474.932495
1046.000000;7796.000000;7290.000000;0.000000;388657.000000;9668.000000;0.000000;1476.433350
1047.000000;7796.000000;7328.000000;0.000000;382948.000000;9668.000000;0.000000;1477.929077
1048.000000;7796.000000;6703.000000;0.000000;416371.000000;9668.000000;0.000000;1479.423218
1049.000000;7796.000000;7874.000000;0.000000;463742.000000;9668.000000;0.000000;1480.951538
1050.000000;7796.000000;5536.000000;0.000000;610318.000000;9668.000000;0.000000;1482.484009
1051.000000;7796.000000;7351.000000;0.000000;494212.000000;9668.000000;0.000000;1484.067871
1052.000000;7796.000000;7376.000000;0.000000;409588.000000;9668.000000;0.000000;1485.588623
1053.000000;7796.000000;7185.000000;0.000000;378806.000000;9668.000000;0.000000;1487.063477
1054.000000;7796.000000;7394.000000;0.000000;357626.000000;9668.000000;0.000000;1488.396606
1055.000000;7796.000000;6935.000000;0.000000;475825.000000;9668.000000;0.000000;1489.718994
1056.000000;7796.000000;7564.000000;0.000000;518488.000000;9668.000000;0.000000;1491.042603
1057.000000;7796.000000;7368.000000;0.000000;478318.000000;9668.000000;0.000000;1492.369507
1058.000000;7796.000000;6505.000000;0.000000;576091.000000;9668.000000;0.000000;1493.738037
1059.000000;7796.000000;6635.000000;0.000000;404441.000000;9668.000000;0.000000;1495.067017
1060.000000;7796.000000;6662.000000;0.000000;513564.000000;9668.000000;0.000000;1496.401489
1061.000000;7796.000000;6501.000000;0.000000;506583.000000;9668.000000;0.000000;1498.131836
1062.000000;7796.000000;6983.000000;0.000000;334129.000000;9668.000000;0.000000;1499.682983
1063.000000;7796.000000;6247.000000;0.000000;554703.000000;9668.000000;0.000000;1501.236694
1064.000000;7796.000000;7599.000000;0.000000;363029.000000;9668.000000;0.000000;1502.757446
1065.000000;7796.000000;6648.000000;0.000000;468167.000000;9668.000000;0.000000;1504.309570
1066.000000;7796.000000;7406.000000;0.000000;557178.000000;9668.000000;0.000000;1505.826660
1067.000000;7796.000000;6206.000000;0.000000;494381.000000;9668.000000;0.000000;1507.348145
1068.000000;7796.000000;8086.000000;0.000000;447332.000000;9668.000000;0.000000;1508.861694
1069.000000;7796.000000;6878.000000;0.000000;522457.000000;9668.000000;0.000000;1510.421509
1070.000000;7796.000000;7563.000000;0.000000;466427.000000;9668.000000;0.000000;1511.965820
1071.000000;7796.000000;5812.000000;0.000000;440058.000000;9668.000000;0.000000;1513.549072
1072.000000;7796.000000;7784.000000;0.000000;344770.000000;9668.000000;0.000000;1515.094604
1073.000000;7796.000000;6605.000000;0.000000;404794.000000;9668.000000;0.000000;1516.715942
1074.000000;7796.000000;7059.000000;0.000000;391489.000000;9668.000000;0.000000;1518.349609
1075.000000;7796.000000;6815.000000;0.000000;425217.000000;9668.000000;0.000000;1519.859253
1076.000000;7796.000000;6221.000000;0.000000;459119.000000;9668.000000;0.000000;1521.171753
1077.000000;7796.000000;6352.000000;0.000000;603280.000000;9668.000000;0.000000;1522.514404
1078.000000;7796.000000;6621.000000;0.000000;437305.000000;9668.000000;0.000000;1523.895996
1079.000000;7796.000000;5985.000000;0.000000;440131.000000;9668.000000;0.000000;1525.233032
1080.000000;7796.000000;6834.000000;0.000000;531022.000000;9668.000000;0.000000;1526.562012
1081.000000;7796.000000;7437.000000;0.000000;320049.000000;9668.000000;0.000000;1528.226807
1082.000000;7796.000000;7072.000000;0.000000;489540.000000;9668.000000;0.000000;1529.744507
1083.000000;7796.000000;7124.000000;0.000000;530007.000000;9668.000000;0.000000;1531.252441
1084.000000;7796.000000;7605.000000;0.000000;487688.000000;9668.000000;0.000000;1532.739380
1085.000000;7796.000000;7300.000000;0.000000;394726.000000;9668.000000;0.000000;1534.404785
1086.000000;7796.000000;7051.000000;0.000000;513163.000000;9668.000000;0.000000;1535.949341
1087.000000;7796.000000;7435.000000;0.000000;399298.000000;9668.000000;0.000000;1537.427734
1088.000000;7796.000000;7011.000000;0.000000;587439.000000;9668.000000;0.000000;1538.896240
1089.000000;7796.000000;6713.000000;0.000000;509691.000000;9668.000000;0.000000;1540.398926
1090.000000;7796.000000;8089.000000;0.000000;620677.000000;9668.000000;0.000000;1542.038208
1091.000000;7796.000000;7407.000000;0.000000;391212.000000;9668.000000;0.000000;1543.619995
1092.000000;7796.000000;6452.000000;0.000000;492516.000000;9668.000000;0.000000;1545.135742
1093.000000;7796.000000;7808.000000;0.000000;466426.000000;9668.000000;0.000000;1546.575806
1094.000000;7796.000000;6468.000000;0.000000;449522.000000;9668.000000;0.000000;1547.877686
1095.000000;7796.000000;6998.000000;0.000000;537716.000000;9668.000000;0.000000;1549.178711
1096.000000;7796.000000;5564.000000;0.000000;531216.000000;9668.000000;0.000000;1550.493774
1097.000000;7796.000000;6205.000000;0.000000;499608.000000;9668.000000;0.000000;1551.800171
1098.000000;7796.000000;6328.000000;0.000000;496521.000000;9668.000000;0.000000;1553.109985
1099.000000;7796.000000;7154.000000;0.000000;497727.000000;9668.000000;0.000000;1554.456055
1100.000000;7796.000000;6942.000000;0.000000;595241.000000;9668.000000;0.000000;1555.763794
1101.000000;7796.000000;6730.000000;0.000000;579949.000000;9668.000000;0.000000;1557.392456
1102.000000;7796.000000;7725.000000;0.000000;248913.000000;9668.000000;0.000000;1558.860229
1103.000000;7796.000000;8034.000000;0.000000;487866.000000;9668.000000;0.000000;1560.320312
1104.000000;7796.000000;7347.000000;0.000000;464391.000000;9668.000000;0.000000;1561.758911
1105.000000;7796.000000;5807.000000;0.000000;382175.000000;9668.000000;0.000000;1563.198853
1106.000000;7796.000000;7865.000000;0.000000;375751.000000;9668.000000;0.000000;1564.692261
1107.000000;7796.000000;7316.000000;0.000000;369823.000000;9668.000000;0.000000;1566.135986
1108.000000;7796.000000;6297.000000;0.000000;379301.000000;9668.000000;0.000000;1567.573853
1109.000000;7796.000000;8157.000000;0.000000;448432.000000;9668.000000;0.000000;1569.006470
1110.000000;7796.000000;6970.000000;0.000000;467691.000000;9668.000000;0.000000;1570.444702
1111.000000;7796.000000;6682.000000;0.000000;309615.000000;9668.000000;0.000000;1571.886230
1112.000000;7796.000000;6917.000000;0.000000;517930.000000;9668.000000;0.000000;1573.331909
1113.000000;7796.000000;7134.000000;0.000000;411854.000000;9668.000000;0.000000;1574.788330
1114.000000;7796.000000;6868.000000;0.000000;504124.000000;9668.000000;0.000000;1576.231934
1115.000000;7796.000000;9276.000000;0.000000;333413.000000;9668.000000;0.000000;1577.680664
1116.000000;7796.000000;6212.000000;0.000000;451893.000000;9668.000000;0.000000;1579.164673
1117.000000;7796.000000;7023.000000;0.000000;455796.000000;9668.000000;0.000000;1580.623657
1118.000000;7796.000000;6222.000000;0.000000;375565.000000;9668.000000;0.000000;1582.081543
1119.000000;7796.000000;7058.000000;0.000000;422734.000000;9668.000000;0.000000;1583.579956
1120.000000;7796.000000;6647.000000;0.000000;397313.000000;9668.000000;0.000000;1584.890259
1121.000000;7796.000000;6694.000000;0.000000;378198.000000;9668.000000;0.000000;1586.507080
1122.000000;7796.000000;7189.000000;0.000000;489708.000000;9668.000000;0.000000;1587.996460
1123.000000;7796.000000;6724.000000;0.000000;373618.000000;9668.000000;0.000000;1589.445312
1124.000000;7796.000000;6258.000000;0.000000;454895.000000;9668.000000;0.000000;1590.865967
1125.000000;7796.000000;8909.000000;0.000000;485635.000000;9668.000000;0.000000;1592.284058
1126.000000;7796.000000;7772.000000;0.000000;315213.000000;9668.000000;0.000000;1593.726929
1127.000000;7796.000000;7567.000000;0.000000;478614.000000;9668.000000;0.000000;1595.143555
1128.000000;7796.000000;6915.000000;0.000000;303258.000000;9668.000000;0.000000;1596.562744
1129.000000;7796.000000;6890.000000;0.000000;453318.000000;9668.000000;0.000000;1598.041748
1130.000000;7796.000000;6188.000000;0.000000;533224.000000;9668.000000;0.000000;1599.507324
1131.000000;7796.000000;7426.000000;0.000000;531348.000000;9668.000000;0.000000;1601.006836
1132.000000;7796.000000;8947.000000;0.000000;357074.000000;9668.000000;0.000000;1602.436523
1133.000000;7796.000000;7575.000000;0.000000;452854.000000;9668.000000;0.000000;1603.932861
1134.000000;7796.000000;9098.000000;0.000000;309362.000000;9668.000000;0.000000;1605.249634
1135.000000;7796.000000;6759.000000;0.000000;405983.000000;9668.000000;0.000000;1606.501587
1136.000000;7796.000000;7240.000000;0.000000;509344.000000;9668.000000;0.000000;1607.752075
1137.000000;7796.000000;7150.000000;0.000000;549583.000000;9668.000000;0.000000;1609.007202
1138.000000;7796.000000;7286.000000;0.000000;445762.000000;9668.000000;0.000000;1610.263916
1139.000000;7796.000000;7433.000000;0.000000;471368.000000;9668.000000;0.000000;1611.515381
1140.000000;7796.000000;7131.000000;0.000000;435341.000000;9668.000000;0.000000;1612.767578
1141.000000;7796.000000;6758.000000;0.000000;443994.000000;9668.000000;0.000000;1614.367432
1142.000000;7796.000000;7306.000000;0.000000;410536.000000;9668.000000;0.000000;1615.804199
1143.000000;7796.000000;7751.000000;0.000000;426455.000000;9668.000000;0.000000;1617.218628
1144.000000;7796.000000;6281.000000;0.000000;529980.000000;9668.000000;0.000000;1618.613647
1145.000000;7796.000000;7702.000000;0.000000;463811.000000;9668.000000;0.000000;1620.002441
1146.000000;7796.000000;7040.000000;0.000000;569490.000000;9668.000000;0.000000;1621.384033
1147.000000;7796.000000;7939.000000;0.000000;358109.000000;9668.000000;0.000000;1622.765137
1148.000000;7796.000000;6613.000000;0.000000;587125.000000;9668.000000;0.000000;1624.177734
1149.000000;7796.000000;6339.000000;0.000000;603915.000000;9668.000000;0.000000;1625.556519
1150.000000;7796.000000;6026.000000;0.000000;574793.000000;9668.000000;0.000000;1626.970459
1151.000000;7796.000000;7487.000000;0.000000;386809.000000;9668.000000;0.000000;1628.367188
1152.000000;7796.000000;7034.000000;0.000000;412826.000000;9668.000000;0.000000;1629.765991
1153.000000;7796.000000;7582.000000;0.000000;390731.000000;9668.000000;0.000000;1631.169800
1154.000000;7796.000000;6492.000000;0.000000;575024.000000;9668.000000;0.000000;1632.555298
1155.000000;7796.000000;7095.000000;0.000000;454817.000000;9668.000000;0.000000;1633.814941
1156.000000;7796.000000;7681.000000;0.000000;514254.000000;9668.000000;0.000000;1635.043701
1157.000000;7796.000000;7637.000000;0.000000;461006.000000;9668.000000;0.000000;1636.268799
1158.000000;7796.000000;7528.000000;0.000000;372359.000000;9668.000000;0.000000;1637.486328
1159.000000;7796.000000;7362.000000;0.000000;447884.000000;9668.000000;0.000000;1638.707275
1160.000000;7796.000000;9036.000000;0.000000;209376.000000;9668.000000;0.000000;1639.924805
1161.000000;7796.000000;8089.000000;0.000000;428371.000000;9668.000000;0.000000;1641.464478
1162.000000;7796.000000;7046.000000;0.000000;527088.000000;9668.000000;0.000000;1642.877441
1163.000000;7796.000000;7119.000000;0.000000;368799.000000;9668.000000;0.000000;1644.315918
1164.000000;7796.000000;6302.000000;0.000000;537805.000000;9668.000000;0.000000;1645.708862
1165.000000;7796.000000;7004.000000;0.000000;426878.000000;9668.000000;0.000000;1647.075562
1166.000000;7796.000000;6412.000000;0.000000;567557.000000;9668.000000;0.000000;1648.432861
1167.000000;7796.000000;7493.000000;0.000000;386637.000000;9668.000000;0.000000;1649.791382
1168.000000;7796.000000;6642.000000;0.000000;420241.000000;9668.000000;0.000000;1651.151489
1169.000000;7796.000000;7660.000000;0.000000;423851.000000;9668.000000;0.000000;1652.514771
1170.000000;7796.000000;6416.000000;0.000000;436197.000000;9668.000000;0.000000;1653.940308
1171.000000;7796.000000;6019.000000;0.000000;528820.000000;9668.000000;0.000000;1655.327026
1172.000000;7796.000000;6047.000000;0.000000;522684.000000;9668.000000;0.000000;1656.706909
1173.000000;7796.000000;6767.000000;0.000000;485561.000000;9668.000000;0.000000;1658.082031
1174.000000;7796.000000;7037.000000;0.000000;532463.000000;9668.000000;0.000000;1659.448242
1175.000000;7796.000000;7558.000000;0.000000;581578.000000;9668.000000;0.000000;1660.656860
1176.000000;7796.000000;7712.000000;0.000000;267453.000000;9668.000000;0.000000;1661.853149
1177.000000;7796.000000;7004.000000;0.000000;480901.000000;9668.000000;0.000000;1663.050781
1178.000000;7796.000000;6672.000000;0.000000;469413.000000;9668.000000;0.000000;1664.367065
1179.000000;7796.000000;6638.000000;0.000000;365399.000000;9668.000000;0.000000;1665.576416
1180.000000;7796.000000;7359.000000;0.000000;356744.000000;9668.000000;0.000000;1666.783447
1181.000000;7796.000000;7196.000000;0.000000;408661.000000;9668.000000;0.000000;1668.296021
1182.000000;7796.000000;7978.000000;0.000000;385438.000000;9668.000000;0.000000;1669.733521
1183.000000;7796.000000;8149.000000;0.000000;539859.000000;9668.000000;0.000000;1671.117676
1184.000000;7796.000000;6527.000000;0.000000;525668.000000;9668.000000;0.000000;1672.487305
1185.000000;7796.000000;7140.000000;0.000000;471089.000000;9668.000000;0.000000;1673.849854
1186.000000;7796.000000;7264.000000;0.000000;484307.000000;9668.000000;0.000000;1675.252075
1187.000000;7796.000000;7066.000000;0.000000;291613.000000;9668.000000;0.000000;1676.623291
1188.000000;7796.000000;6584.000000;0.000000;413041.000000;9668.000000;0.000000;1677.997681
1189.000000;7796.000000;6645.000000;0.000000;423588.000000;9668.000000;0.000000;1679.372803
1190.000000;7796.000000;6642.000000;0.000000;542566.000000;9668.000000;0.000000;1680.786011
1191.000000;7796.000000;6606.000000;0.000000;394011.000000;9668.000000;0.000000;1682.178955
1192.000000;7796.000000;7437.000000;0.000000;536997.000000;9668.000000;0.000000;1683.570190
1193.000000;7796.000000;7389.000000;0.000000;415339.000000;9668.000000;0.000000;1685.001343
1194.000000;7796.000000;8342.000000;0.000000;424872.000000;9668.000000;0.000000;1686.376221
1195.000000;7796.000000;7102.000000;0.000000;422972.000000;9668.000000;0.000000;1687.604614
1196.000000;7796.000000;7106.000000;0.000000;441772.000000;9668.000000;0.000000;1688.824097
1197.000000;7796.000000;7092.000000;0.000000;491512.000000;9668.000000;0.000000;1690.032837
1198.000000;7796.000000;6839.000000;0.000000;518787.000000;9668.000000;0.000000;1691.242920
1199.000000;7796.000000;7968.000000;0.000000;372150.000000;9668.000000;0.000000;1692.453125
1200.000000;7796.000000;6302.000000;0.000000;432297.000000;9668.000000;0.000000;1693.675537
1201.000000;7796.000000;7244.000000;0.000000;487411.000000;9668.000000;0.000000;1695.237793
1202.000000;7796.000000;6481.000000;0.000000;475874.000000;9668.000000;0.000000;1696.633911
1203.000000;7796.000000;7295.000000;0.000000;486402.000000;9668.000000;0.000000;1698.019165
1204.000000;7796.000000;6247.000000;0.000000;411769.000000;9668.000000;0.000000;1699.398682
1205.000000;7796.000000;7743.000000;0.000000;568607.000000;9668.000000;0.000000;1700.773071
1206.000000;7796.000000;7631.000000;0.000000;439315.000000;9668.000000;0.000000;1702.144409
1207.000000;7796.000000;8518.000000;0.000000;413445.000000;9668.000000;0.000000;1703.513794
1208.000000;7796.000000;7589.000000;0.000000;465809.000000;9668.000000;0.000000;1704.920532
1209.000000;7796.000000;9314.000000;0.000000;318289.000000;9668.000000;0.000000;1706.298706
1210.000000;7796.000000;6683.000000;0.000000;559485.000000;9668.000000;0.000000;1707.773193
1211.000000;7796.000000;7162.000000;0.000000;435240.000000;9668.000000;0.000000;1709.190674
1212.000000;7796.000000;6967.000000;0.000000;332227.000000;9668.000000;0.000000;1710.586670
1213.000000;7796.000000;7044.000000;0.000000;476615.000000;9668.000000;0.000000;1712.004761
1214.000000;7796.000000;6812.000000;0.000000;408846.000000;9668.000000;0.000000;1713.389771
1215.000000;7796.000000;6909.000000;0.000000;325017.000000;9668.000000;0.000000;1714.651367
1216.000000;7796.000000;6434.000000;0.000000;407218.000000;9668.000000;0.000000;1715.883789
1217.000000;7796.000000;8484.000000;0.000000;398855.000000;9668.000000;0.000000;1717.117798
1218.000000;7796.000000;6548.000000;0.000000;429374.000000;9668.000000;0.000000;1718.347046
1219.000000;7796.000000;7477.000000;0.000000;484728.000000;9668.000000;0.000000;1719.579956
1220.000000;7796.000000;6793.000000;0.000000;542467.000000;9668.000000;0.000000;1720.809692
1221.000000;7796.000000;6763.000000;0.000000;538846.000000;9668.000000;0.000000;1722.379517
1222.000000;7796.000000;7322.000000;0.000000;347860.000000;9668.000000;0.000000;1723.816040
1223.000000;7796.000000;7076.000000;0.000000;327779.000000;9668.000000;0.000000;1725.262085
1224.000000;7796.000000;7424.000000;0.000000;529441.000000;9668.000000;0.000000;1726.650391
1225.000000;7796.000000;7463.000000;0.000000;442612.000000;9668.000000;0.000000;1728.039673
1226.000000;7796.000000;8128.000000;0.000000;471268.000000;9668.000000;0.000000;1729.427124
1227.000000;7796.000000;6015.000000;0.000000;402610.000000;9668.000000;0.000000;1730.810303
1228.000000;7796.000000;7340.000000;0.000000;475658.000000;9668.000000;0.000000;1732.195801
1229.000000;7796.000000;6582.000000;0.000000;413211.000000;9668.000000;0.000000;1733.581055
1230.000000;7796.000000;7736.000000;0.000000;414356.000000;9668.000000;0.000000;1735.046631
1231.000000;7796.000000;7107.000000;0.000000;429377.000000;9668.000000;0.000000;1736.460815
1232.000000;7796.000000;7243.000000;0.000000;555688.000000;9668.000000;0.000000;1737.881714
1233.000000;7796.000000;7856.000000;0.000000;382926.000000;9668.000000;0.000000;1739.305786
1234.000000;7796.000000;6457.000000;0.000000;580782.000000;9668.000000;0.000000;1740.668701
1235.000000;7796.000000;7158.000000;0.000000;452979.000000;9668.000000;0.000000;1741.908813
1236.000000;7796.000000;6990.000000;0.000000;465365.000000;9668.000000;0.000000;1743.151367
1237.000000;7796.000000;6939.000000;0.000000;442707.000000;9668.000000;0.000000;1744.394531
1238.000000;7796.000000;5970.000000;0.000000;472852.000000;9668.000000;0.000000;1745.651001
1239.000000;7796.000000;6537.000000;0.000000;546697.000000;9668.000000;0.000000;1746.900513
1240.000000;7796.000000;7092.000000;0.000000;426656.000000;9668.000000;0.000000;1748.141357
1241.000000;7796.000000;7500.000000;0.000000;375816.000000;9668.000000;0.000000;1749.709351
1242.000000;7796.000000;6860.000000;0.000000;465387.000000;9668.000000;0.000000;1751.143311
1243.000000;7796.000000;7762.000000;0.000000;492210.000000;9668.000000;0.000000;1752.571533
1244.000000;7796.000000;5765.000000;0.000000;292540.000000;9668.000000;0.000000;1753.982056
1245.000000;7796.000000;7407.000000;0.000000;524978.000000;9668.000000;0.000000;1755.432739
1246.000000;7796.000000;6689.000000;0.000000;539384.000000;9668.000000;0.000000;1756.833252
1247.000000;7796.000000;8164.000000;0.000000;552294.000000;9668.000000;0.000000;1758.234009
1248.000000;7796.000000;7054.000000;0.000000;473556.000000;9668.000000;0.000000;1759.632690
1249.000000;7796.000000;9102.000000;0.000000;420433.000000;9668.000000;0.000000;1761.032104
1250.000000;7796.000000;6765.000000;0.000000;493995.000000;9668.000000;0.000000;1762.435059
1251.000000;7796.000000;6092.000000;0.000000;444060.000000;9668.000000;0.000000;1763.834473
1252.000000;7796.000000;6942.000000;0.000000;385575.000000;9668.000000;0.000000;1765.283936
1253.000000;7796.000000;6933.000000;0.000000;411116.000000;9668.000000;0.000000;1766.737061
1254.000000;7796.000000;6829.000000;0.000000;394386.000000;9668.000000;0.000000;1768.174194
1255.000000;7796.000000;7104.000000;0.000000;436887.000000;9668.000000;0.000000;1769.611206
1256.000000;7796.000000;7098.000000;0.000000;353889.000000;9668.000000;0.000000;1771.039185
1257.000000;7796.000000;6926.000000;0.000000;323918.000000;9668.000000;0.000000;1772.326660
1258.000000;7796.000000;6832.000000;0.000000;373598.000000;9668.000000;0.000000;1773.586548
1259.000000;7796.000000;6537.000000;0.000000;558465.000000;9668.000000;0.000000;1774.863403
1260.000000;7796.000000;6012.000000;0.000000;441836.000000;9668.000000;0.000000;1776.119873
1261.000000;7796.000000;6899.000000;0.000000;451710.000000;9668.000000;0.000000;1777.717041
1262.000000;7796.000000;8228.000000;0.000000;440863.000000;9668.000000;0.000000;1779.163208
1263.000000;7796.000000;7413.000000;0.000000;405452.000000;9668.000000;0.000000;1780.602539
1264.000000;7796.000000;7538.000000;0.000000;416961.000000;9668.000000;0.000000;1782.025513
1265.000000;7796.000000;7165.000000;0.000000;350065.000000;9668.000000;0.000000;1783.458618
1266.000000;7796.000000;7501.000000;0.000000;554541.000000;9668.000000;0.000000;1784.992310
1267.000000;7796.000000;7647.000000;0.000000;408778.000000;9668.000000;0.000000;1786.409912
1268.000000;7796.000000;8506.000000;0.000000;371076.000000;9668.000000;0.000000;1787.826172
1269.000000;7796.000000;7153.000000;0.000000;433718.000000;9668.000000;0.000000;1789.243530
1270.000000;7796.000000;7744.000000;0.000000;390428.000000;9668.000000;0.000000;1790.700928
1271.000000;7796.000000;7134.000000;0.000000;356439.000000;9668.000000;0.000000;1792.131348
1272.000000;7796.000000;7714.000000;0.000000;354782.000000;9668.000000;0.000000;1793.564697
1273.000000;7796.000000;7971.000000;0.000000;275308.000000;9668.000000;0.000000;1795.026001
1274.000000;7796.000000;6872.000000;0.000000;475086.000000;9668.000000;0.000000;1796.375366
1275.000000;7796.000000;7490.000000;0.000000;400972.000000;9668.000000;0.000000;1797.651978
1276.000000;7796.000000;7692.000000;0.000000;484097.000000;9668.000000;0.000000;1798.920166
1277.000000;7796.000000;6896.000000;0.000000;408881.000000;9668.000000;0.000000;1800.191772
1278.000000;7796.000000;7461.000000;0.000000;471204.000000;9668.000000;0.000000;1801.462524
1279.000000;7796.000000;8055.000000;0.000000;434971.000000;9668.000000;0.000000;1802.734131
1280.000000;7796.000000;6576.000000;0.000000;492649.000000;9668.000000;0.000000;1804.004150
1281.000000;7796.000000;7023.000000;0.000000;341245.000000;9668.000000;0.000000;1805.633789
1282.000000;7796.000000;6167.000000;0.000000;426083.000000;9668.000000;0.000000;1807.088135
1283.000000;7796.000000;6355.000000;0.000000;512850.000000;9668.000000;0.000000;1808.537354
1284.000000;7796.000000;7745.000000;0.000000;257079.000000;9668.000000;0.000000;1809.977051
1285.000000;7796.000000;6958.000000;0.000000;423742.000000;9668.000000;0.000000;1811.414062
1286.000000;7796.000000;7815.000000;0.000000;334381.000000;9668.000000;0.000000;1812.841064
1287.000000;7796.000000;6188.000000;0.000000;603355.000000;9668.000000;0.000000;1814.270996
1288.000000;7796.000000;7905.000000;0.000000;424907.000000;9668.000000;0.000000;1815.742188
1289.000000;7796.000000;6036.000000;0.000000;555508.000000;9668.000000;0.000000;1817.173218
1290.000000;7796.000000;6676.000000;0.000000;407096.000000;9668.000000;0.000000;1818.665649
1291.000000;7796.000000;6592.000000;0.000000;462917.000000;9668.000000;0.000000;1820.112305
1292.000000;7796.000000;7676.000000;0.000000;420633.000000;9668.000000;0.000000;1821.559082
1293.000000;7796.000000;6926.000000;0.000000;459697.000000;9668.000000;0.000000;1823.005493
1294.000000;7796.000000;7185.000000;0.000000;495375.000000;9668.000000;0.000000;1824.343628
1295.000000;7796.000000;7851.000000;0.000000;464617.000000;9668.000000;0.000000;1825.649536
1296.000000;7796.000000;6618.000000;0.000000;389178.000000;9668.000000;0.000000;1826.932617
1297.000000;7796.000000;7204.000000;0.000000;459634.000000;9668.000000;0.000000;1828.207397
1298.000000;7796.000000;6656.000000;0.000000;362191.000000;9668.000000;0.000000;1829.476807
1299.000000;7796.000000;7465.000000;0.000000;507952.000000;9668.000000;0.000000;1830.759277
1300.000000;7796.000000;6740.000000;0.000000;489024.000000;9668.000000;0.000000;1832.040039
1301.000000;7796.000000;7358.000000;0.000000;615544.000000;9668.000000;0.000000;1833.661865
1302.000000;7796.000000;7080.000000;0.000000;449140.000000;9668.000000;0.000000;1835.169189
1303.000000;7796.000000;8028.000000;0.000000;475754.000000;9668.000000;0.000000;1836.641968
1304.000000;7796.000000;7297.000000;0.000000;457735.000000;9668.000000;0.000000;1838.148438
1305.000000;7796.000000;7305.000000;0.000000;505357.000000;9668.000000;0.000000;1839.594604
1306.000000;7796.000000;6115.000000;0.000000;436446.000000;9668.000000;0.000000;1841.158081
1307.000000;7796.000000;6582.000000;0.000000;478448.000000;9668.000000;0.000000;1842.615845
1308.000000;7796.000000;5381.000000;0.000000;416821.000000;9668.000000;0.000000;1844.093506
1309.000000;7796.000000;7109.000000;0.000000;435585.000000;9668.000000;0.000000;1845.589600
1310.000000;7796.000000;6810.000000;0.000000;368432.000000;9668.000000;0.000000;1847.037842
1311.000000;7796.000000;6574.000000;0.000000;489153.000000;9668.000000;0.000000;1848.484497
1312.000000;7796.000000;6946.000000;0.000000;277009.000000;9668.000000;0.000000;1849.930542
1313.000000;7796.000000;7864.000000;0.000000;450924.000000;9668.000000;0.000000;1851.378906
1314.000000;7796.000000;6149.000000;0.000000;395876.000000;9668.000000;0.000000;1852.825073
1315.000000;7796.000000;6945.000000;0.000000;597964.000000;9668.000000;0.000000;1854.271851
1316.000000;7796.000000;7664.000000;0.000000;371722.000000;9668.000000;0.000000;1855.788086
1317.000000;7796.000000;5765.000000;0.000000;651841.000000;9668.000000;0.000000;1857.280640
1318.000000;7796.000000;6592.000000;0.000000;503022.000000;9668.000000;0.000000;1858.766235
1319.000000;7796.000000;6636.000000;0.000000;543656.000000;9668.000000;0.000000;1860.256958
1320.000000;7796.000000;6690.000000;0.000000;373912.000000;9668.000000;0.000000;1861.684814
1321.000000;7796.000000;6580.000000;0.000000;453072.000000;9668.000000;0.000000;1863.328857
1322.000000;7796.000000;8788.000000;0.000000;507060.000000;9668.000000;0.000000;1864.828735
1323.000000;7796.000000;6482.000000;0.000000;474324.000000;9668.000000;0.000000;1866.360840
1324.000000;7796.000000;7737.000000;0.000000;406081.000000;9668.000000;0.000000;1867.827759
1325.000000;7796.000000;7019.000000;0.000000;491770.000000;9668.000000;0.000000;1869.290283
1326.000000;7796.000000;7309.000000;0.000000;497155.000000;9668.000000;0.000000;1870.750488
1327.000000;7796.000000;6880.000000;0.000000;497136.000000;9668.000000;0.000000;1872.212769
1328.000000;7796.000000;6069.000000;0.000000;467311.000000;9668.000000;0.000000;1873.672607
1329.000000;7796.000000;6972.000000;0.000000;536986.000000;9668.000000;0.000000;1875.139771
1330.000000;7796.000000;7824.000000;0.000000;387788.000000;9668.000000;0.000000;1876.687622
1331.000000;7796.000000;6889.000000;0.000000;459299.000000;9668.000000;0.000000;1878.174683
1332.000000;7796.000000;6641.000000;0.000000;458560.000000;9668.000000;0.000000;1879.659546
1333.000000;7796.000000;7837.000000;0.000000;462714.000000;9668.000000;0.000000;1881.131714
1334.000000;7796.000000;6016.000000;0.000000;363567.000000;9668.000000;0.000000;1882.450684
1335.000000;7796.000000;8126.000000;0.000000;456056.000000;9668.000000;0.000000;1883.743408
1336.000000;7796.000000;8940.000000;0.000000;360516.000000;9668.000000;0.000000;1885.035889
1337.000000;7796.000000;7884.000000;0.000000;470740.000000;9668.000000;0.000000;1886.370972
1338.000000;7796.000000;7524.000000;0.000000;433363.000000;9668.000000;0.000000;1887.682861
1339.000000;7796.000000;6752.000000;0.000000;506380.000000;9668.000000;0.000000;1888.991577
1340.000000;7796.000000;6548.000000;0.000000;363349.000000;9668.000000;0.000000;1890.303223
1341.000000;7796.000000;6936.000000;0.000000;466100.000000;9668.000000;0.000000;1891.953125
1342.000000;7796.000000;6155.000000;0.000000;381806.000000;9668.000000;0.000000;1893.468750
1343.000000;7796.000000;7249.000000;0.000000;418647.000000;9668.000000;0.000000;1894.977905
1344.000000;7796.000000;6994.000000;0.000000;470836.000000;9668.000000;0.000000;1896.500122
1345.000000;7796.000000;8337.000000;0.000000;483667.000000;9668.000000;0.000000;1898.063354
1346.000000;7796.000000;8980.000000;0.000000;392341.000000;9668.000000;0.000000;1899.540405
1347.000000;7796.000000;6780.000000;0.000000;460428.000000;9668.000000;0.000000;1901.074341
1348.000000;7796.000000;6308.000000;0.000000;474945.000000;9668.000000;0.000000;1902.546265
1349.000000;7796.000000;7835.000000;0.000000;473802.000000;9668.000000;0.000000;1904.082642
1350.000000;7796.000000;6921.000000;0.000000;469718.000000;9668.000000;0.000000;1905.619507
1351.000000;7796.000000;8066.000000;0.000000;407387.000000;9668.000000;0.000000;1907.129639
1352.000000;7796.000000;7112.000000;0.000000;418279.000000;9668.000000;0.000000;1908.625854
1353.000000;7796.000000;8396.000000;0.000000;473068.000000;9668.000000;0.000000;1910.090698
1354.000000;7796.000000;6547.000000;0.000000;361127.000000;9668.000000;0.000000;1911.406738
1355.000000;7796.000000;7538.000000;0.000000;403990.000000;9668.000000;0.000000;1912.715454
1356.000000;7796.000000;8965.000000;0.000000;395326.000000;9668.000000;0.000000;1914.027710
1357.000000;7796.000000;6157.000000;0.000000;494861.000000;9668.000000;0.000000;1915.338013
1358.000000;7796.000000;6540.000000;0.000000;434731.000000;9668.000000;0.000000;1916.688110
1359.000000;7796.000000;6518.000000;0.000000;590151.000000;9668.000000;0.000000;1918.015137
1360.000000;7796.000000;7712.000000;0.000000;361568.000000;9668.000000;0.000000;1919.342407
1361.000000;7796.000000;7307.000000;0.000000;566063.000000;9668.000000;0.000000;1921.035400
1362.000000;7796.000000;5870.000000;0.000000;572533.000000;9668.000000;0.000000;1922.563354
1363.000000;7796.000000;6586.000000;0.000000;314831.000000;9668.000000;0.000000;1924.091431
1364.000000;7796.000000;6538.000000;0.000000;479393.000000;9668.000000;0.000000;1925.592163
1365.000000;7796.000000;7290.000000;0.000000;436061.000000;9668.000000;0.000000;1927.117920
1366.000000;7796.000000;7718.000000;0.000000;411930.000000;9668.000000;0.000000;1928.611084
1367.000000;7796.000000;7644.000000;0.000000;547723.000000;9668.000000;0.000000;1930.106079
1368.000000;7796.000000;8791.000000;0.000000;391160.000000;9668.000000;0.000000;1931.602295
1369.000000;7796.000000;6855.000000;0.000000;389472.000000;9668.000000;0.000000;1933.126465
1370.000000;7796.000000;7611.000000;0.000000;420129.000000;9668.000000;0.000000;1934.657837
1371.000000;7796.000000;7457.000000;0.000000;299245.000000;9668.000000;0.000000;1936.212769
1372.000000;7796.000000;7310.000000;0.000000;366035.000000;9668.000000;0.000000;1937.734131
1373.000000;7796.000000;7684.000000;0.000000;564591.000000;9668.000000;0.000000;1939.211304
1374.000000;7796.000000;7894.000000;0.000000;539730.000000;9668.000000;0.000000;1940.542358
1375.000000;7796.000000;7869.000000;0.000000;330340.000000;9668.000000;0.000000;1941.870605
1376.000000;7796.000000;6669.000000;0.000000;447708.000000;9668.000000;0.000000;1943.197021
1377.000000;7796.000000;6690.000000;0.000000;332245.000000;9668.000000;0.000000;1944.518433
1378.000000;7796.000000;6121.000000;0.000000;499659.000000;9668.000000;0.000000;1945.865112
1379.000000;7796.000000;7863.000000;0.000000;445578.000000;9668.000000;0.000000;1947.211670
1380.000000;7796.000000;7668.000000;0.000000;264744.000000;9668.000000;0.000000;1948.544312
1381.000000;7796.000000;8655.000000;0.000000;370460.000000;9668.000000;0.000000;1950.258667
1382.000000;7796.000000;6862.000000;0.000000;234866.000000;9668.000000;0.000000;1951.821167
1383.000000;7796.000000;7592.000000;0.000000;374400.000000;9668.000000;0.000000;1953.378540
1384.000000;7796.000000;6671.000000;0.000000;493068.000000;9668.000000;0.000000;1954.901001
1385.000000;7796.000000;7298.000000;0.000000;517148.000000;9668.000000;0.000000;1956.467163
1386.000000;7796.000000;6265.000000;0.000000;482628.000000;9668.000000;0.000000;1957.985107
1387.000000;7796.000000;7192.000000;0.000000;449795.000000;9668.000000;0.000000;1959.496948
1388.000000;7796.000000;6067.000000;0.000000;469323.000000;9668.000000;0.000000;1961.013672
1389.000000;7796.000000;6996.000000;0.000000;424164.000000;9668.000000;0.000000;1962.571777
1390.000000;7796.000000;7746.000000;0.000000;364916.000000;9668.000000;0.000000;1964.236450
1391.000000;7796.000000;7419.000000;0.000000;386333.000000;9668.000000;0.000000;1965.779175
1392.000000;7796.000000;6921.000000;0.000000;315833.000000;9668.000000;0.000000;1967.355103
1393.000000;7796.000000;6716.000000;0.000000;465598.000000;9668.000000;0.000000;1969.074707
1394.000000;7796.000000;7067.000000;0.000000;451629.000000;9668.000000;0.000000;1970.415894
1395.000000;7796.000000;5945.000000;0.000000;497097.000000;9668.000000;0.000000;1971.756836
1396.000000;7796.000000;6611.000000;0.000000;430068.000000;9668.000000;0.000000;1973.096191
1397.000000;7796.000000;6103.000000;0.000000;419437.000000;9668.000000;0.000000;1974.437866
1398.000000;7796.000000;9174.000000;0.000000;448601.000000;9668.000000;0.000000;1975.780762
1399.000000;7796.000000;6613.000000;0.000000;488369.000000;9668.000000;0.000000;1977.134155
1400.000000;7796.000000;7287.000000;0.000000;339361.000000;9668.000000;0.000000;1978.447266
1401.000000;7796.000000;6543.000000;0.000000;402996.000000;9668.000000;0.000000;1980.115234
1402.000000;7796.000000;6603.000000;0.000000;404115.000000;9668.000000;0.000000;1981.632324
1403.000000;7796.000000;6869.000000;0.000000;398912.000000;9668.000000;0.000000;1983.141846
1404.000000;7796.000000;6614.000000;0.000000;547201.000000;9668.000000;0.000000;1984.627441
1405.000000;7796.000000;6769.000000;0.000000;398224.000000;9668.000000;0.000000;1986.124146
1406.000000;7796.000000;6990.000000;0.000000;366397.000000;9668.000000;0.000000;1987.613892
1407.000000;7796.000000;6559.000000;0.000000;489443.000000;9668.000000;0.000000;1989.095825
1408.000000;7796.000000;7757.000000;0.000000;311876.000000;9668.000000;0.000000;1990.568970
1409.000000;7796.000000;6690.000000;0.000000;392805.000000;9668.000000;0.000000;1992.057983
1410.000000;7796.000000;6937.000000;0.000000;571255.000000;9668.000000;0.000000;1993.565918
1411.000000;7796.000000;6904.000000;0.000000;407602.000000;9668.000000;0.000000;1995.052124
1412.000000;7796.000000;7011.000000;0.000000;433709.000000;9668.000000;0.000000;1996.582153
1413.000000;7796.000000;7012.000000;0.000000;347795.000000;9668.000000;0.000000;1998.057495
1414.000000;7796.000000;7596.000000;0.000000;428662.000000;9668.000000;0.000000;1999.375244
1415.000000;7796.000000;6987.000000;0.000000;434176.000000;9668.000000;0.000000;2000.682983
1416.000000;7796.000000;5944.000000;0.000000;476745.000000;9668.000000;0.000000;2001.995605
1417.000000;7796.000000;6562.000000;0.000000;407694.000000;9668.000000;0.000000;2003.303833
1418.000000;7796.000000;7034.000000;0.000000;417034.000000;9668.000000;0.000000;2004.608765
1419.000000;7796.000000;9136.000000;0.000000;382816.000000;9668.000000;0.000000;2005.922119
1420.000000;7796.000000;7802.000000;0.000000;491657.000000;9668.000000;0.000000;2007.240845
1421.000000;7796.000000;6324.000000;0.000000;303439.000000;9668.000000;0.000000;2008.850952
1422.000000;7796.000000;8772.000000;0.000000;403227.000000;9668.000000;0.000000;2010.331177
1423.000000;7796.000000;7613.000000;0.000000;383267.000000;9668.000000;0.000000;2011.797729
1424.000000;7796.000000;8373.000000;0.000000;319920.000000;9668.000000;0.000000;2013.248535
1425.000000;7796.000000;7129.000000;0.000000;548562.000000;9668.000000;0.000000;2014.694946
1426.000000;7796.000000;6643.000000;0.000000;524760.000000;9668.000000;0.000000;2016.132324
1427.000000;7796.000000;6784.000000;0.000000;445163.000000;9668.000000;0.000000;2017.592529
1428.000000;7796.000000;7762.000000;0.000000;361928.000000;9668.000000;0.000000;2019.023804
1429.000000;7796.000000;8108.000000;0.000000;419604.000000;9668.000000;0.000000;2020.455200
1430.000000;7796.000000;7778.000000;0.000000;448009.000000;9668.000000;0.000000;2021.939819
1431.000000;7796.000000;7622.000000;0.000000;504275.000000;9668.000000;0.000000;2023.393311
1432.000000;7796.000000;6970.000000;0.000000;560366.000000;9668.000000;0.000000;2024.870239
1433.000000;7796.000000;6890.000000;0.000000;511607.000000;9668.000000;0.000000;2026.345581
1434.000000;7796.000000;7285.000000;0.000000;541233.000000;9668.000000;0.000000;2027.696289
1435.000000;7796.000000;7661.000000;0.000000;478513.000000;9668.000000;0.000000;2028.987427
1436.000000;7796.000000;7347.000000;0.000000;378286.000000;9668.000000;0.000000;2030.293335
1437.000000;7796.000000;7058.000000;0.000000;537557.000000;9668.000000;0.000000;2031.575073
1438.000000;7796.000000;6785.000000;0.000000;376762.000000;9668.000000;0.000000;2032.858032
1439.000000;7796.000000;7935.000000;0.000000;405761.000000;9668.000000;0.000000;2034.142334
1440.000000;7796.000000;7315.000000;0.000000;422008.000000;9668.000000;0.000000;2035.418579
1441.000000;7796.000000;7806.000000;0.000000;507632.000000;9668.000000;0.000000;2037.043091
1442.000000;7796.000000;6869.000000;0.000000;495906.000000;9668.000000;0.000000;2038.485718
1443.000000;7796.000000;6785.000000;0.000000;519529.000000;9668.000000;0.000000;2039.922241
1444.000000;7796.000000;7109.000000;0.000000;373616.000000;9668.000000;0.000000;2041.341919
1445.000000;7796.000000;6685.000000;0.000000;393649.000000;9668.000000;0.000000;2042.754761
1446.000000;7796.000000;7911.000000;0.000000;466689.000000;9668.000000;0.000000;2044.169800
1447.000000;7796.000000;6903.000000;0.000000;508398.000000;9668.000000;0.000000;2045.578979
1448.000000;7796.000000;6506.000000;0.000000;391476.000000;9668.000000;0.000000;2047.025513
1449.000000;7796.000000;6504.000000;0.000000;407902.000000;9668.000000;0.000000;2048.442139
1450.000000;7796.000000;5802.000000;0.000000;433504.000000;9668.000000;0.000000;2049.859375
1451.000000;7796.000000;7048.000000;0.000000;447038.000000;9668.000000;0.000000;2051.320312
1452.000000;7796.000000;7305.000000;0.000000;545542.000000;9668.000000;0.000000;2052.752197
1453.000000;7796.000000;6466.000000;0.000000;424926.000000;9668.000000;0.000000;2054.183105
1454.000000;7796.000000;6986.000000;0.000000;389559.000000;9668.000000;0.000000;2055.620117
1455.000000;7796.000000;6352.000000;0.000000;510809.000000;9668.000000;0.000000;2056.945068
1456.000000;7796.000000;6252.000000;0.000000;400647.000000;9668.000000;0.000000;2058.206787
1457.000000;7796.000000;7697.000000;0.000000;402404.000000;9668.000000;0.000000;2059.462891
1458.000000;7796.000000;6678.000000;0.000000;492030.000000;9668.000000;0.000000;2060.720947
1459.000000;7796.000000;7583.000000;0.000000;568199.000000;9668.000000;0.000000;2061.979004
1460.000000;7796.000000;7995.000000;0.000000;345260.000000;9668.000000;0.000000;2063.234619
1461.000000;7796.000000;7604.000000;0.000000;469827.000000;9668.000000;0.000000;2064.810303
1462.000000;7796.000000;7222.000000;0.000000;338229.000000;9668.000000;0.000000;2066.245361
1463.000000;7796.000000;6387.000000;0.000000;433560.000000;9668.000000;0.000000;2067.680176
1464.000000;7796.000000;7841.000000;0.000000;449258.000000;9668.000000;0.000000;2069.067383
1465.000000;7796.000000;6405.000000;0.000000;369190.000000;9668.000000;0.000000;2070.449463
1466.000000;7796.000000;8311.000000;0.000000;365760.000000;9668.000000;0.000000;2071.832031
1467.000000;7796.000000;6907.000000;0.000000;327812.000000;9668.000000;0.000000;2073.214111
1468.000000;7796.000000;6625.000000;0.000000;424088.000000;9668.000000;0.000000;2074.593262
1469.000000;7796.000000;7547.000000;0.000000;542048.000000;9668.000000;0.000000;2075.973633
1470.000000;7796.000000;6916.000000;0.000000;453177.000000;9668.000000;0.000000;2077.438965
1471.000000;7796.000000;7041.000000;0.000000;480199.000000;9668.000000;0.000000;2078.835938
1472.000000;7796.000000;7473.000000;0.000000;427169.000000;9668.000000;0.000000;2080.227295
1473.000000;7796.000000;6496.000000;0.000000;530234.000000;9668.000000;0.000000;2081.623291
1474.000000;7796.000000;6874.000000;0.000000;438891.000000;9668.000000;0.000000;2082.988281
1475.000000;7796.000000;6871.000000;0.000000;418456.000000;9668.000000;0.000000;2084.253662
1476.000000;7796.000000;7423.000000;0.000000;564181.000000;9668.000000;0.000000;2085.492188
1477.000000;7796.000000;6405.000000;0.000000;401599.000000;9668.000000;0.000000;2086.732422
1478.000000;7796.000000;6532.000000;0.000000;544773.000000;9668.000000;0.000000;2087.996826
1479.000000;7796.000000;7400.000000;0.000000;388218.000000;9668.000000;0.000000;2089.225586
1480.000000;7796.000000;5911.000000;0.000000;546770.000000;9668.000000;0.000000;2090.456055
1481.000000;7796.000000;7350.000000;0.000000;408129.000000;9668.000000;0.000000;2092.004639
1482.000000;7796.000000;7350.000000;0.000000;409709.000000;9668.000000;0.000000;2093.425049
1483.000000;7796.000000;6684.000000;0.000000;425526.000000;9668.000000;0.000000;2094.838867
1484.000000;7796.000000;7224.000000;0.000000;404013.000000;9668.000000;0.000000;2096.232910
1485.000000;7796.000000;8051.000000;0.000000;368320.000000;9668.000000;0.000000;2097.656494
1486.000000;7796.000000;7859.000000;0.000000;374289.000000;9668.000000;0.000000;2099.060059
1487.000000;7796.000000;6777.000000;0.000000;392881.000000;9668.000000;0.000000;2100.419678
1488.000000;7796.000000;6546.000000;0.000000;450608.000000;9668.000000;0.000000;2101.781006
1489.000000;7796.000000;7679.000000;0.000000;375724.000000;9668.000000;0.000000;2103.141846
1490.000000;7796.000000;7128.000000;0.000000;424133.000000;9668.000000;0.000000;2104.538330
1491.000000;7796.000000;5951.000000;0.000000;515146.000000;9668.000000;0.000000;2105.916016
1492.000000;7796.000000;6731.000000;0.000000;466566.000000;9668.000000;0.000000;2107.374268
1493.000000;7796.000000;6653.000000;0.000000;512439.000000;9668.000000;0.000000;2108.753174
1494.000000;7796.000000;7235.000000;0.000000;431028.000000;9668.000000;0.000000;2110.109863
1495.000000;7796.000000;7532.000000;0.000000;383644.000000;9668.000000;0.000000;2111.324951
1496.000000;7796.000000;7382.000000;0.000000;523201.000000;9668.000000;0.000000;2112.533691
1497.000000;7796.000000;7971.000000;0.000000;485072.000000;9668.000000;0.000000;2113.743652
1498.000000;7796.000000;5947.000000;0.000000;454960.000000;9668.000000;0.000000;2114.953125
1499.000000;7796.000000;7887.000000;0.000000;437390.000000;9668.000000;0.000000;2116.167969
1500.000000;7796.000000;6030.000000;0.000000;381855.000000;9668.000000;0.000000;2117.404297
1501.000000;7796.000000;6732.000000;0.000000;373985.000000;9668.000000;0.000000;2118.923584
1502.000000;7796.000000;6541.000000;0.000000;535266.000000;9668.000000;0.000000;2120.307617
1503.000000;7796.000000;7426.000000;0.000000;386500.000000;9668.000000;0.000000;2121.687744
1504.000000;7796.000000;6403.000000;0.000000;587222.000000;9668.000000;0.000000;2123.060059
1505.000000;7796.000000;6367.000000;0.000000;464009.000000;9668.000000;0.000000;2124.423828
1506.000000;7796.000000;6500.000000;0.000000;349049.000000;9668.000000;0.000000;2125.791992
1507.000000;7796.000000;6905.000000;0.000000;521391.000000;9668.000000;0.000000;2127.219727
1508.000000;7796.000000;7192.000000;0.000000;395686.000000;9668.000000;0.000000;2128.593018
1509.000000;7796.000000;5925.000000;0.000000;472830.000000;9668.000000;0.000000;2129.978516
1510.000000;7796.000000;7141.000000;0.000000;455402.000000;9668.000000;0.000000;2131.437744
1511.000000;7796.000000;6520.000000;0.000000;339600.000000;9668.000000;0.000000;2132.850342
1512.000000;7796.000000;6677.000000;0.000000;411998.000000;9668.000000;0.000000;2134.244141
1513.000000;7796.000000;7591.000000;0.000000;470765.000000;9668.000000;0.000000;2135.631836
1514.000000;7796.000000;8519.000000;0.000000;469373.000000;9668.000000;0.000000;2136.906250
1515.000000;7796.000000;8632.000000;0.000000;480966.000000;9668.000000;0.000000;2138.165039
1516.000000;7796.000000;6416.000000;0.000000;492492.000000;9668.000000;0.000000;2139.394043
1517.000000;7796.000000;6572.000000;0.000000;527318.000000;9668.000000;0.000000;2140.621338
1518.000000;7796.000000;6696.000000;0.000000;552082.000000;9668.000000;0.000000;2141.941162
1519.000000;7796.000000;6333.000000;0.000000;562690.000000;9668.000000;0.000000;2143.157959
1520.000000;7796.000000;6847.000000;0.000000;459641.000000;9668.000000;0.000000;2144.409912
1521.000000;7796.000000;6695.000000;0.000000;458881.000000;9668.000000;0.000000;2145.933105
1522.000000;7796.000000;7026.000000;0.000000;338645.000000;9668.000000;0.000000;2147.377441
1523.000000;7796.000000;6998.000000;0.000000;585085.000000;9668.000000;0.000000;2148.779541
1524.000000;7796.000000;7775.000000;0.000000;464171.000000;9668.000000;0.000000;2150.167725
1525.000000;7796.000000;6848.000000;0.000000;422056.000000;9668.000000;0.000000;2151.542480
1526.000000;7796.000000;6854.000000;0.000000;376318.000000;9668.000000;0.000000;2152.918213
1527.000000;7796.000000;6568.000000;0.000000;321066.000000;9668.000000;0.000000;2154.293945
1528.000000;7796.000000;7573.000000;0.000000;466322.000000;9668.000000;0.000000;2155.662842
1529.000000;7796.000000;5371.000000;0.000000;437670.000000;9668.000000;0.000000;2157.104248
1530.000000;7796.000000;7753.000000;0.000000;499611.000000;9668.000000;0.000000;2158.549805
1531.000000;7796.000000;8234.000000;0.000000;514615.000000;9668.000000;0.000000;2159.951904
1532.000000;7796.000000;7547.000000;0.000000;449660.000000;9668.000000;0.000000;2161.354736
1533.000000;7796.000000;7517.000000;0.000000;541254.000000;9668.000000;0.000000;2162.762451
1534.000000;7796.000000;6384.000000;0.000000;440151.000000;9668.000000;0.000000;2164.143555
1535.000000;7796.000000;6736.000000;0.000000;482688.000000;9668.000000;0.000000;2165.368896
1536.000000;7796.000000;7474.000000;0.000000;390916.000000;9668.000000;0.000000;2166.592529
1537.000000;7796.000000;7310.000000;0.000000;406291.000000;9668.000000;0.000000;2167.843262
1538.000000;7796.000000;8277.000000;0.000000;415997.000000;9668.000000;0.000000;2169.070557
1539.000000;7796.000000;6654.000000;0.000000;494609.000000;9668.000000;0.000000;2170.301025
1540.000000;7796.000000;7374.000000;0.000000;412451.000000;9668.000000;0.000000;2171.531738
1541.000000;7796.000000;7152.000000;0.000000;424920.000000;9668.000000;0.000000;2173.084229
1542.000000;7796.000000;7269.000000;0.000000;375419.000000;9668.000000;0.000000;2174.502930
1543.000000;7796.000000;8231.000000;0.000000;484740.000000;9668.000000;0.000000;2175.928467
1544.000000;7796.000000;7531.000000;0.000000;541980.000000;9668.000000;0.000000;2177.338623
1545.000000;7796.000000;6875.000000;0.000000;360762.000000;9668.000000;0.000000;2178.764893
1546.000000;7796.000000;6939.000000;0.000000;441457.000000;9668.000000;0.000000;2180.154541
1547.000000;7796.000000;7158.000000;0.000000;382177.000000;9668.000000;0.000000;2181.540771
1548.000000;7796.000000;6802.000000;0.000000;456973.000000;9668.000000;0.000000;2182.926270
1549.000000;7796.000000;6251.000000;0.000000;488524.000000;9668.000000;0.000000;2184.315918
1550.000000;7796.000000;7206.000000;0.000000;440457.000000;9668.000000;0.000000;2185.746582
1551.000000;7796.000000;8910.000000;0.000000;366724.000000;9668.000000;0.000000;2187.167725
1552.000000;7796.000000;7120.000000;0.000000;439474.000000;9668.000000;0.000000;2188.625732
1553.000000;7796.000000;7765.000000;0.000000;406460.000000;9668.000000;0.000000;2190.111816
1554.000000;7796.000000;6325.000000;0.000000;459507.000000;9668.000000;0.000000;2191.470459
1555.000000;7796.000000;6439.000000;0.000000;391324.000000;9668.000000;0.000000;2192.720459
1556.000000;7796.000000;6816.000000;0.000000;313630.000000;9668.000000;0.000000;2193.970703
1557.000000;7796.000000;6613.000000;0.000000;374797.000000;9668.000000;0.000000;2195.218262
1558.000000;7796.000000;7813.000000;0.000000;440709.000000;9668.000000;0.000000;2196.473633
1559.000000;7796.000000;6740.000000;0.000000;544891.000000;9668.000000;0.000000;2197.804932
1560.000000;7796.000000;6498.000000;0.000000;440036.000000;9668.000000;0.000000;2199.086670
1561.000000;7796.000000;7427.000000;0.000000;393371.000000;9668.000000;0.000000;2200.649414
1562.000000;7796.000000;6297.000000;0.000000;376560.000000;9668.000000;0.000000;2202.130615
1563.000000;7796.000000;6820.000000;0.000000;511467.000000;9668.000000;0.000000;2203.581543
1564.000000;7796.000000;7446.000000;0.000000;335107.000000;9668.000000;0.000000;2205.020996
1565.000000;7796.000000;6682.000000;0.000000;345993.000000;9668.000000;0.000000;2206.428955
1566.000000;7796.000000;6593.000000;0.000000;371087.000000;9668.000000;0.000000;2207.851562
1567.000000;7796.000000;6300.000000;0.000000;403269.000000;9668.000000;0.000000;2209.313232
1568.000000;7796.000000;7512.000000;0.000000;475053.000000;9668.000000;0.000000;2210.712891
1569.000000;7796.000000;6755.000000;0.000000;484073.000000;9668.000000;0.000000;2212.113037
1570.000000;7796.000000;7304.000000;0.000000;369819.000000;9668.000000;0.000000;2213.556885
1571.000000;7796.000000;6537.000000;0.000000;463075.000000;9668.000000;0.000000;2214.978516
1572.000000;7796.000000;7341.000000;0.000000;621596.000000;9668.000000;0.000000;2216.403320
1573.000000;7796.000000;6971.000000;0.000000;515086.000000;9668.000000;0.000000;2217.874756
1574.000000;7796.000000;7109.000000;0.000000;334954.000000;9668.000000;0.000000;2219.233643
1575.000000;7796.000000;5749.000000;0.000000;390504.000000;9668.000000;0.000000;2220.495361
1576.000000;7796.000000;8099.000000;0.000000;370216.000000;9668.000000;0.000000;2221.756592
1577.000000;7796.000000;6754.000000;0.000000;483280.000000;9668.000000;0.000000;2223.018066
1578.000000;7796.000000;6315.000000;0.000000;471518.000000;9668.000000;0.000000;2224.273926
1579.000000;7796.000000;7284.000000;0.000000;432311.000000;9668.000000;0.000000;2225.532959
1580.000000;7796.000000;6227.000000;0.000000;444205.000000;9668.000000;0.000000;2226.796631
1581.000000;7796.000000;7724.000000;0.000000;442009.000000;9668.000000;0.000000;2228.469971
1582.000000;7796.000000;7609.000000;0.000000;530956.000000;9668.000000;0.000000;2229.922852
1583.000000;7796.000000;6435.000000;0.000000;390676.000000;9668.000000;0.000000;2231.369873
1584.000000;7796.000000;7917.000000;0.000000;356445.000000;9668.000000;0.000000;2232.800293
1585.000000;7796.000000;7621.000000;0.000000;443781.000000;9668.000000;0.000000;2234.221436
1586.000000;7796.000000;6894.000000;0.000000;495567.000000;9668.000000;0.000000;2235.648438
1587.000000;7796.000000;7000.000000;0.000000;417179.000000;9668.000000;0.000000;2237.126709
1588.000000;7796.000000;7704.000000;0.000000;511779.000000;9668.000000;0.000000;2238.972900
1589.000000;7796.000000;7090.000000;0.000000;391365.000000;9668.000000;0.000000;2240.390869
1590.000000;7796.000000;8308.000000;0.000000;387597.000000;9668.000000;0.000000;2241.806152
1591.000000;7796.000000;7278.000000;0.000000;460372.000000;9668.000000;0.000000;2243.247803
1592.000000;7796.000000;6801.000000;0.000000;380226.000000;9668.000000;0.000000;2244.696045
1593.000000;7796.000000;6853.000000;0.000000;412409.000000;9668.000000;0.000000;2246.135254
1594.000000;7796.000000;6941.000000;0.000000;385664.000000;9668.000000;0.000000;2247.589355
1595.000000;7796.000000;7052.000000;0.000000;425538.000000;9668.000000;0.000000;2249.060059
1596.000000;7796.000000;6729.000000;0.000000;407855.000000;9668.000000;0.000000;2250.344727
1597.000000;7796.000000;6799.000000;0.000000;437522.000000;9668.000000;0.000000;2251.616211
1598.000000;7796.000000;6415.000000;0.000000;443555.000000;9668.000000;0.000000;2252.887939
1599.000000;7796.000000;8116.000000;0.000000;456869.000000;9668.000000;0.000000;2254.159668
1600.000000;7796.000000;6728.000000;0.000000;392219.000000;9668.000000;0.000000;2255.432373
1601.000000;7796.000000;7406.000000;0.000000;473631.000000;9668.000000;0.000000;2257.031494
1602.000000;7796.000000;7380.000000;0.000000;491469.000000;9668.000000;0.000000;2258.537109
1603.000000;7796.000000;7676.000000;0.000000;381670.000000;9668.000000;0.000000;2260.000244
1604.000000;7796.000000;6971.000000;0.000000;434487.000000;9668.000000;0.000000;2261.439209
1605.000000;7796.000000;7388.000000;0.000000;496158.000000;9668.000000;0.000000;2262.870117
1606.000000;7796.000000;6916.000000;0.000000;341536.000000;9668.000000;0.000000;2264.334961
1607.000000;7796.000000;7161.000000;0.000000;423045.000000;9668.000000;0.000000;2265.762451
1608.000000;7796.000000;6983.000000;0.000000;425850.000000;9668.000000;0.000000;2267.191162
1609.000000;7796.000000;6317.000000;0.000000;421077.000000;9668.000000;0.000000;2268.650635
1610.000000;7796.000000;7514.000000;0.000000;364671.000000;9668.000000;0.000000;2270.138428
1611.000000;7796.000000;6384.000000;0.000000;446920.000000;9668.000000;0.000000;2271.593262
1612.000000;7796.000000;6741.000000;0.000000;577436.000000;9668.000000;0.000000;2273.045898
1613.000000;7796.000000;6635.000000;0.000000;413878.000000;9668.000000;0.000000;2274.498535
1614.000000;7796.000000;8558.000000;0.000000;377539.000000;9668.000000;0.000000;2275.818115
1615.000000;7796.000000;6808.000000;0.000000;478251.000000;9668.000000;0.000000;2277.099365
1616.000000;7796.000000;6976.000000;0.000000;483685.000000;9668.000000;0.000000;2278.411133
1617.000000;7796.000000;7188.000000;0.000000;511972.000000;9668.000000;0.000000;2279.701660
1618.000000;7796.000000;7324.000000;0.000000;467777.000000;9668.000000;0.000000;2280.988037
1619.000000;7796.000000;7161.000000;0.000000;390483.000000;9668.000000;0.000000;2282.272949
1620.000000;7796.000000;7435.000000;0.000000;373032.000000;9668.000000;0.000000;2283.561035
1621.000000;7796.000000;7036.000000;0.000000;500642.000000;9668.000000;0.000000;2285.190918
1622.000000;7796.000000;6988.000000;0.000000;453452.000000;9668.000000;0.000000;2286.681152
1623.000000;7796.000000;6958.000000;0.000000;389848.000000;9668.000000;0.000000;2288.173584
1624.000000;7796.000000;5579.000000;0.000000;473630.000000;9668.000000;0.000000;2289.649902
1625.000000;7796.000000;7149.000000;0.000000;447890.000000;9668.000000;0.000000;2291.101318
1626.000000;7796.000000;6278.000000;0.000000;541460.000000;9668.000000;0.000000;2292.553223
1627.000000;7796.000000;7405.000000;0.000000;411015.000000;9668.000000;0.000000;2294.004395
1628.000000;7796.000000;8690.000000;0.000000;515775.000000;9668.000000;0.000000;2295.466064
1629.000000;7796.000000;7056.000000;0.000000;423885.000000;9668.000000;0.000000;2296.915283
1630.000000;7796.000000;8575.000000;0.000000;383825.000000;9668.000000;0.000000;2298.440430
1631.000000;7796.000000;6976.000000;0.000000;503903.000000;9668.000000;0.000000;2299.919189
1632.000000;7796.000000;6387.000000;0.000000;409280.000000;9668.000000;0.000000;2301.381104
1633.000000;7796.000000;6484.000000;0.000000;469994.000000;9668.000000;0.000000;2302.847900
1634.000000;7796.000000;6797.000000;0.000000;564783.000000;9668.000000;0.000000;2304.166260
1635.000000;7796.000000;7053.000000;0.000000;443572.000000;9668.000000;0.000000;2305.449463
1636.000000;7796.000000;6419.000000;0.000000;429438.000000;9668.000000;0.000000;2306.741699
1637.000000;7796.000000;8548.000000;0.000000;352745.000000;9668.000000;0.000000;2308.042236
1638.000000;7796.000000;6080.000000;0.000000;452835.000000;9668.000000;0.000000;2309.361328
1639.000000;7796.000000;6236.000000;0.000000;442610.000000;9668.000000;0.000000;2310.649170
1640.000000;7796.000000;6873.000000;0.000000;417266.000000;9668.000000;0.000000;2311.947021
1641.000000;7796.000000;7875.000000;0.000000;478913.000000;9668.000000;0.000000;2313.605957
1642.000000;7796.000000;6401.000000;0.000000;418174.000000;9668.000000;0.000000;2315.109375
1643.000000;7796.000000;6880.000000;0.000000;408340.000000;9668.000000;0.000000;2316.658203
1644.000000;7796.000000;8691.000000;0.000000;436698.000000;9668.000000;0.000000;2318.133057
1645.000000;7796.000000;7810.000000;0.000000;364006.000000;9668.000000;0.000000;2319.620361
1646.000000;7796.000000;7430.000000;0.000000;499341.000000;9668.000000;0.000000;2321.081299
1647.000000;7796.000000;8150.000000;0.000000;506193.000000;9668.000000;0.000000;2322.542236
1648.000000;7796.000000;7078.000000;0.000000;567162.000000;9668.000000;0.000000;2324.029785
1649.000000;7796.000000;6668.000000;0.000000;520067.000000;9668.000000;0.000000;2325.502197
1650.000000;7796.000000;6594.000000;0.000000;486567.000000;9668.000000;0.000000;2326.959961
1651.000000;7796.000000;6773.000000;0.000000;391345.000000;9668.000000;0.000000;2328.438965
1652.000000;7796.000000;7355.000000;0.000000;416934.000000;9668.000000;0.000000;2329.911621
1653.000000;7796.000000;6521.000000;0.000000;552728.000000;9668.000000;0.000000;2331.371338
1654.000000;7796.000000;8803.000000;0.000000;440385.000000;9668.000000;0.000000;2332.832275
1655.000000;7796.000000;6725.000000;0.000000;440221.000000;9668.000000;0.000000;2334.350342
1656.000000;7796.000000;6736.000000;0.000000;396328.000000;9668.000000;0.000000;2335.841553
1657.000000;7796.000000;5953.000000;0.000000;496867.000000;9668.000000;0.000000;2337.303711
1658.000000;7796.000000;9038.000000;0.000000;342126.000000;9668.000000;0.000000;2338.776855
1659.000000;7796.000000;7172.000000;0.000000;338339.000000;9668.000000;0.000000;2340.076416
1660.000000;7796.000000;7082.000000;0.000000;509243.000000;9668.000000;0.000000;2341.344238
1661.000000;7796.000000;6949.000000;0.000000;534223.000000;9668.000000;0.000000;2342.932129
1662.000000;7796.000000;6392.000000;0.000000;484158.000000;9668.000000;0.000000;2344.400635
1663.000000;7796.000000;8657.000000;0.000000;372900.000000;9668.000000;0.000000;2345.864502
1664.000000;7796.000000;7971.000000;0.000000;434077.000000;9668.000000;0.000000;2347.312500
1665.000000;7796.000000;6328.000000;0.000000;421066.000000;9668.000000;0.000000;2348.772217
1666.000000;7796.000000;7268.000000;0.000000;427365.000000;9668.000000;0.000000;2350.204590
1667.000000;7796.000000;6739.000000;0.000000;454725.000000;9668.000000;0.000000;2351.643311
1668.000000;7796.000000;6883.000000;0.000000;346288.000000;9668.000000;0.000000;2353.121338
1669.000000;7796.000000;6257.000000;0.000000;638199.000000;9668.000000;0.000000;2354.557617
1670.000000;7796.000000;7709.000000;0.000000;469665.000000;9668.000000;0.000000;2356.063721
1671.000000;7796.000000;6447.000000;0.000000;480863.000000;9668.000000;0.000000;2357.521240
1672.000000;7796.000000;6270.000000;0.000000;424776.000000;9668.000000;0.000000;2359.067383
1673.000000;7796.000000;6763.000000;0.000000;362582.000000;9668.000000;0.000000;2360.520264
1674.000000;7796.000000;6839.000000;0.000000;488200.000000;9668.000000;0.000000;2361.853516
1675.000000;7796.000000;6375.000000;0.000000;539054.000000;9668.000000;0.000000;2363.115723
1676.000000;7796.000000;7587.000000;0.000000;473320.000000;9668.000000;0.000000;2364.378662
1677.000000;7796.000000;6833.000000;0.000000;410120.000000;9668.000000;0.000000;2365.639160
1678.000000;7796.000000;6722.000000;0.000000;555572.000000;9668.000000;0.000000;2366.916992
1679.000000;7796.000000;6093.000000;0.000000;457293.000000;9668.000000;0.000000;2368.206055
1680.000000;7796.000000;7300.000000;0.000000;373804.000000;9668.000000;0.000000;2369.525391
1681.000000;7796.000000;6789.000000;0.000000;521522.000000;9668.000000;0.000000;2371.148438
1682.000000;7796.000000;6411.000000;0.000000;452709.000000;9668.000000;0.000000;2372.636719
1683.000000;7796.000000;7771.000000;0.000000;429581.000000;9668.000000;0.000000;2374.111816
1684.000000;7796.000000;7282.000000;0.000000;426656.000000;9668.000000;0.000000;2375.561523
1685.000000;7796.000000;7435.000000;0.000000;517293.000000;9668.000000;0.000000;2377.012207
1686.000000;7796.000000;7736.000000;0.000000;447262.000000;9668.000000;0.000000;2378.460449
1687.000000;7796.000000;7142.000000;0.000000;526248.000000;9668.000000;0.000000;2379.939453
1688.000000;7796.000000;7156.000000;0.000000;421999.000000;9668.000000;0.000000;2381.390625
1689.000000;7796.000000;7567.000000;0.000000;337162.000000;9668.000000;0.000000;2382.832031
1690.000000;7796.000000;6842.000000;0.000000;429232.000000;9668.000000;0.000000;2384.357910
1691.000000;7796.000000;6707.000000;0.000000;460693.000000;9668.000000;0.000000;2385.818848
1692.000000;7796.000000;7105.000000;0.000000;491365.000000;9668.000000;0.000000;2387.276611
1693.000000;7796.000000;6634.000000;0.000000;509124.000000;9668.000000;0.000000;2388.746582
1694.000000;7796.000000;7333.000000;0.000000;374184.000000;9668.000000;0.000000;2390.097168
1695.000000;7796.000000;7792.000000;0.000000;528727.000000;9668.000000;0.000000;2391.377441
1696.000000;7796.000000;7887.000000;0.000000;381847.000000;9668.000000;0.000000;2392.661377
1697.000000;7796.000000;8190.000000;0.000000;371427.000000;9668.000000;0.000000;2393.946533
1698.000000;7796.000000;7276.000000;0.000000;440457.000000;9668.000000;0.000000;2395.228760
1699.000000;7796.000000;8495.000000;0.000000;433369.000000;9668.000000;0.000000;2396.519531
1700.000000;7796.000000;7881.000000;0.000000;424552.000000;9668.000000;0.000000;2397.836670
1701.000000;7796.000000;7343.000000;0.000000;473151.000000;9668.000000;0.000000;2399.517578
1702.000000;7796.000000;7163.000000;0.000000;471672.000000;9668.000000;0.000000;2401.021484
1703.000000;7796.000000;7061.000000;0.000000;446269.000000;9668.000000;0.000000;2402.516846
1704.000000;7796.000000;6735.000000;0.000000;534188.000000;9668.000000;0.000000;2403.996582
1705.000000;7796.000000;6844.000000;0.000000;427383.000000;9668.000000;0.000000;2405.465576
1706.000000;7796.000000;6625.000000;0.000000;496396.000000;9668.000000;0.000000;2406.939453
1707.000000;7796.000000;6019.000000;0.000000;541360.000000;9668.000000;0.000000;2408.409912
1708.000000;7796.000000;7091.000000;0.000000;329168.000000;9668.000000;0.000000;2409.904541
1709.000000;7796.000000;7677.000000;0.000000;461613.000000;9668.000000;0.000000;2411.384521
1710.000000;7796.000000;7028.000000;0.000000;513919.000000;9668.000000;0.000000;2412.901611
1711.000000;7796.000000;6504.000000;0.000000;528954.000000;9668.000000;0.000000;2414.383057
1712.000000;7796.000000;8315.000000;0.000000;535228.000000;9668.000000;0.000000;2415.876953
1713.000000;7796.000000;7066.000000;0.000000;423695.000000;9668.000000;0.000000;2417.354736
1714.000000;7796.000000;7500.000000;0.000000;314042.000000;9668.000000;0.000000;2418.684570
1715.000000;7796.000000;7761.000000;0.000000;430928.000000;9668.000000;0.000000;2420.012207
1716.000000;7796.000000;6737.000000;0.000000;441585.000000;9668.000000;0.000000;2421.736816
1717.000000;7796.000000;7341.000000;0.000000;362921.000000;9668.000000;0.000000;2423.635010
1718.000000;7796.000000;7871.000000;0.000000;360989.000000;9668.000000;0.000000;2425.025879
1719.000000;7796.000000;8155.000000;0.000000;395606.000000;9668.000000;0.000000;2426.291748
1720.000000;7796.000000;6282.000000;0.000000;428069.000000;9668.000000;0.000000;2427.605469
1721.000000;7796.000000;7377.000000;0.000000;392459.000000;9668.000000;0.000000;2429.313965
1722.000000;7796.000000;7232.000000;0.000000;319710.000000;9668.000000;0.000000;2430.830811
1723.000000;7796.000000;6621.000000;0.000000;320718.000000;9668.000000;0.000000;2432.333252
1724.000000;7796.000000;8242.000000;0.000000;404060.000000;9668.000000;0.000000;2433.822266
1725.000000;7796.000000;5645.000000;0.000000;573796.000000;9668.000000;0.000000;2435.300537
1726.000000;7796.000000;6451.000000;0.000000;447510.000000;9668.000000;0.000000;2436.795166
1727.000000;7796.000000;6744.000000;0.000000;483591.000000;9668.000000;0.000000;2438.276123
1728.000000;7796.000000;6921.000000;0.000000;437205.000000;9668.000000;0.000000;2439.782715
1729.000000;7796.000000;8039.000000;0.000000;334209.000000;9668.000000;0.000000;2441.453125
1730.000000;7796.000000;6732.000000;0.000000;430756.000000;9668.000000;0.000000;2442.964355
1731.000000;7796.000000;6984.000000;0.000000;492826.000000;9668.000000;0.000000;2444.505859
1732.000000;7796.000000;8176.000000;0.000000;434669.000000;9668.000000;0.000000;2446.011719
1733.000000;7796.000000;6505.000000;0.000000;514673.000000;9668.000000;0.000000;2447.461182
1734.000000;7796.000000;7062.000000;0.000000;387173.000000;9668.000000;0.000000;2448.777344
1735.000000;7796.000000;7549.000000;0.000000;442212.000000;9668.000000;0.000000;2450.116699
1736.000000;7796.000000;7495.000000;0.000000;540902.000000;9668.000000;0.000000;2451.430908
1737.000000;7796.000000;6810.000000;0.000000;403467.000000;9668.000000;0.000000;2452.745850
1738.000000;7796.000000;7170.000000;0.000000;571078.000000;9668.000000;0.000000;2454.060791
1739.000000;7796.000000;8628.000000;0.000000;429849.000000;9668.000000;0.000000;2455.376953
1740.000000;7796.000000;7709.000000;0.000000;281683.000000;9668.000000;0.000000;2456.696533
1741.000000;7796.000000;8524.000000;0.000000;442050.000000;9668.000000;0.000000;2458.408203
1742.000000;7796.000000;7697.000000;0.000000;573106.000000;9668.000000;0.000000;2459.995117
1743.000000;7796.000000;7165.000000;0.000000;424005.000000;9668.000000;0.000000;2461.530762
1744.000000;7796.000000;6014.000000;0.000000;429435.000000;9668.000000;0.000000;2463.035400
1745.000000;7796.000000;6958.000000;0.000000;312447.000000;9668.000000;0.000000;2464.535400
1746.000000;7796.000000;6690.000000;0.000000;429956.000000;9668.000000;0.000000;2466.033936
1747.000000;7796.000000;7386.000000;0.000000;540608.000000;9668.000000;0.000000;2467.541748
1748.000000;7796.000000;6916.000000;0.000000;494476.000000;9668.000000;0.000000;2469.042236
1749.000000;7796.000000;6335.000000;0.000000;534709.000000;9668.000000;0.000000;2470.610107
1750.000000;7796.000000;7190.000000;0.000000;559309.000000;9668.000000;0.000000;2472.139893
1751.000000;7796.000000;6409.000000;0.000000;558183.000000;9668.000000;0.000000;2473.664551
1752.000000;7796.000000;8601.000000;0.000000;396086.000000;9668.000000;0.000000;2475.189453
1753.000000;7796.000000;7654.000000;0.000000;398972.000000;9668.000000;0.000000;2476.670166
1754.000000;7796.000000;8253.000000;0.000000;493427.000000;9668.000000;0.000000;2478.006592
1755.000000;7796.000000;7422.000000;0.000000;354540.000000;9668.000000;0.000000;2479.347656
1756.000000;7796.000000;6532.000000;0.000000;452684.000000;9668.000000;0.000000;2480.712891
1757.000000;7796.000000;8313.000000;0.000000;429431.000000;9668.000000;0.000000;2482.047607
1758.000000;7796.000000;8065.000000;0.000000;535773.000000;9668.000000;0.000000;2483.378662
1759.000000;7796.000000;7747.000000;0.000000;350988.000000;9668.000000;0.000000;2484.708252
1760.000000;7796.000000;5970.000000;0.000000;527689.000000;9668.000000;0.000000;2486.038818
1761.000000;7796.000000;6351.000000;0.000000;304048.000000;9668.000000;0.000000;2487.852539
1762.000000;7796.000000;6584.000000;0.000000;457181.000000;9668.000000;0.000000;2489.486328
1763.000000;7796.000000;6344.000000;0.000000;510843.000000;9668.000000;0.000000;2491.043945
1764.000000;7796.000000;8392.000000;0.000000;337742.000000;9668.000000;0.000000;2492.560547
1765.000000;7796.000000;6821.000000;0.000000;441523.000000;9668.000000;0.000000;2494.086426
1766.000000;7796.000000;6966.000000;0.000000;383014.000000;9668.000000;0.000000;2495.597168
1767.000000;7796.000000;6263.000000;0.000000;451886.000000;9668.000000;0.000000;2497.118408
1768.000000;7796.000000;6409.000000;0.000000;457721.000000;9668.000000;0.000000;2498.720947
1769.000000;7796.000000;6862.000000;0.000000;556817.000000;9668.000000;0.000000;2500.326904
1770.000000;7796.000000;5844.000000;0.000000;568415.000000;9668.000000;0.000000;2501.945801
1771.000000;7796.000000;7033.000000;0.000000;430089.000000;9668.000000;0.000000;2503.488770
1772.000000;7796.000000;6924.000000;0.000000;524388.000000;9668.000000;0.000000;2505.116943
1773.000000;7796.000000;6666.000000;0.000000;435719.000000;9668.000000;0.000000;2506.525879
1774.000000;7796.000000;7063.000000;0.000000;523178.000000;9668.000000;0.000000;2507.873047
1775.000000;7796.000000;6223.000000;0.000000;425317.000000;9668.000000;0.000000;2509.217529
1776.000000;7796.000000;6850.000000;0.000000;363618.000000;9668.000000;0.000000;2510.598389
1777.000000;7796.000000;6615.000000;0.000000;441170.000000;9668.000000;0.000000;2511.942627
1778.000000;7796.000000;6827.000000;0.000000;502315.000000;9668.000000;0.000000;2513.285400
1779.000000;7796.000000;6101.000000;0.000000;504114.000000;9668.000000;0.000000;2514.628662
1780.000000;7796.000000;9494.000000;0.000000;448544.000000;9668.000000;0.000000;2515.970703
1781.000000;7796.000000;5961.000000;0.000000;501686.000000;9668.000000;0.000000;2517.644287
1782.000000;7796.000000;7014.000000;0.000000;380204.000000;9668.000000;0.000000;2519.161865
1783.000000;7796.000000;7578.000000;0.000000;451822.000000;9668.000000;0.000000;2520.701660
1784.000000;7796.000000;7580.000000;0.000000;428337.000000;9668.000000;0.000000;2522.185791
1785.000000;7796.000000;6824.000000;0.000000;532156.000000;9668.000000;0.000000;2523.771729
1786.000000;7796.000000;7499.000000;0.000000;352789.000000;9668.000000;0.000000;2525.371094
1787.000000;7796.000000;6059.000000;0.000000;487297.000000;9668.000000;0.000000;2526.858154
1788.000000;7796.000000;6650.000000;0.000000;470561.000000;9668.000000;0.000000;2528.337646
1789.000000;7796.000000;6041.000000;0.000000;461072.000000;9668.000000;0.000000;2529.890137
1790.000000;7796.000000;6833.000000;0.000000;546027.000000;9668.000000;0.000000;2531.409424
1791.000000;7796.000000;9401.000000;0.000000;252282.000000;9668.000000;0.000000;2532.908447
1792.000000;7796.000000;7081.000000;0.000000;503242.000000;9668.000000;0.000000;2534.411133
1793.000000;7796.000000;8461.000000;0.000000;266177.000000;9668.000000;0.000000;2535.870361
1794.000000;7796.000000;6152.000000;0.000000;455990.000000;9668.000000;0.000000;2537.185791
1795.000000;7796.000000;7537.000000;0.000000;414704.000000;9668.000000;0.000000;2538.499512
1796.000000;7796.000000;6755.000000;0.000000;405194.000000;9668.000000;0.000000;2539.813232
1797.000000;7796.000000;6781.000000;0.000000;429237.000000;9668.000000;0.000000;2541.130859
1798.000000;7796.000000;6987.000000;0.000000;535023.000000;9668.000000;0.000000;2542.437012
1799.000000;7796.000000;6485.000000;0.000000;516816.000000;9668.000000;0.000000;2543.751465
1800.000000;7796.000000;7277.000000;0.000000;438428.000000;9668.000000;0.000000;2545.064453
1801.000000;7796.000000;6636.000000;0.000000;458042.000000;9668.000000;0.000000;2546.718506
1802.000000;7796.000000;6857.000000;0.000000;457369.000000;9668.000000;0.000000;2548.194336
1803.000000;7796.000000;7235.000000;0.000000;453478.000000;9668.000000;0.000000;2549.657715
1804.000000;7796.000000;7014.000000;0.000000;467835.000000;9668.000000;0.000000;2551.134766
1805.000000;7796.000000;6756.000000;0.000000;472182.000000;9668.000000;0.000000;2552.573242
1806.000000;7796.000000;7482.000000;0.000000;584905.000000;9668.000000;0.000000;2554.011230
1807.000000;7796.000000;7552.000000;0.000000;363663.000000;9668.000000;0.000000;2555.442139
1808.000000;7796.000000;7560.000000;0.000000;507740.000000;9668.000000;0.000000;2556.876465
1809.000000;7796.000000;7054.000000;0.000000;390986.000000;9668.000000;0.000000;2558.301758
1810.000000;7796.000000;6951.000000;0.000000;313738.000000;9668.000000;0.000000;2559.786133
1811.000000;7796.000000;6993.000000;0.000000;467698.000000;9668.000000;0.000000;2561.272705
1812.000000;7796.000000;7537.000000;0.000000;451294.000000;9668.000000;0.000000;2562.732666
1813.000000;7796.000000;6954.000000;0.000000;374831.000000;9668.000000;0.000000;2564.230957
1814.000000;7796.000000;6567.000000;0.000000;317173.000000;9668.000000;0.000000;2566.241211
1815.000000;7796.000000;7138.000000;0.000000;394724.000000;9668.000000;0.000000;2568.132812
1816.000000;7796.000000;7666.000000;0.000000;435888.000000;9668.000000;0.000000;2569.683105
1817.000000;7796.000000;6985.000000;0.000000;442756.000000;9668.000000;0.000000;2571.151855
1818.000000;7796.000000;8442.000000;0.000000;439832.000000;9668.000000;0.000000;2572.600586
1819.000000;7796.000000;6976.000000;0.000000;449534.000000;9668.000000;0.000000;2574.100830
1820.000000;7796.000000;7091.000000;0.000000;378354.000000;9668.000000;0.000000;2575.540527
1821.000000;7796.000000;6894.000000;0.000000;485642.000000;9668.000000;0.000000;2576.987549
1822.000000;7796.000000;7372.000000;0.000000;512537.000000;9668.000000;0.000000;2578.431885
1823.000000;7796.000000;7278.000000;0.000000;480181.000000;9668.000000;0.000000;2579.864502
1824.000000;7796.000000;6479.000000;0.000000;548198.000000;9668.000000;0.000000;2581.305176
1825.000000;7796.000000;7436.000000;0.000000;455954.000000;9668.000000;0.000000;2582.722656
1826.000000;7796.000000;6982.000000;0.000000;432713.000000;9668.000000;0.000000;2584.136963
1827.000000;7796.000000;6963.000000;0.000000;391013.000000;9668.000000;0.000000;2585.554443
1828.000000;7796.000000;7567.000000;0.000000;366231.000000;9668.000000;0.000000;2586.972656
1829.000000;7796.000000;6958.000000;0.000000;378921.000000;9668.000000;0.000000;2588.416992
1830.000000;7796.000000;7253.000000;0.000000;611157.000000;9668.000000;0.000000;2589.849854
1831.000000;7796.000000;7366.000000;0.000000;364398.000000;9668.000000;0.000000;2591.302734
1832.000000;7796.000000;7436.000000;0.000000;481738.000000;9668.000000;0.000000;2592.749512
1833.000000;7796.000000;7408.000000;0.000000;422885.000000;9668.000000;0.000000;2594.164307
1834.000000;7796.000000;6602.000000;0.000000;447421.000000;9668.000000;0.000000;2595.417725
1835.000000;7796.000000;7303.000000;0.000000;451491.000000;9668.000000;0.000000;2596.663818
1836.000000;7796.000000;6161.000000;0.000000;357770.000000;9668.000000;0.000000;2597.908936
1837.000000;7796.000000;7105.000000;0.000000;442937.000000;9668.000000;0.000000;2599.156250
1838.000000;7796.000000;6623.000000;0.000000;542201.000000;9668.000000;0.000000;2600.425049
1839.000000;7796.000000;6859.000000;0.000000;417860.000000;9668.000000;0.000000;2601.683350
1840.000000;7796.000000;6863.000000;0.000000;361195.000000;9668.000000;0.000000;2602.937256
1841.000000;7796.000000;8003.000000;0.000000;414586.000000;9668.000000;0.000000;2604.516846
1842.000000;7796.000000;6864.000000;0.000000;502022.000000;9668.000000;0.000000;2605.963867
1843.000000;7796.000000;8418.000000;0.000000;433741.000000;9668.000000;0.000000;2607.380127
1844.000000;7796.000000;6176.000000;0.000000;496772.000000;9668.000000;0.000000;2608.857910
1845.000000;7796.000000;7139.000000;0.000000;477491.000000;9668.000000;0.000000;2610.244385
1846.000000;7796.000000;6806.000000;0.000000;425521.000000;9668.000000;0.000000;2611.655518
1847.000000;7796.000000;6412.000000;0.000000;490578.000000;9668.000000;0.000000;2613.040527
1848.000000;7796.000000;7380.000000;0.000000;335304.000000;9668.000000;0.000000;2614.420898
1849.000000;7796.000000;6989.000000;0.000000;390413.000000;9668.000000;0.000000;2615.805664
1850.000000;7796.000000;7282.000000;0.000000;434948.000000;9668.000000;0.000000;2617.238037
1851.000000;7796.000000;7330.000000;0.000000;415067.000000;9668.000000;0.000000;2618.640137
1852.000000;7796.000000;7149.000000;0.000000;439128.000000;9668.000000;0.000000;2620.041992
1853.000000;7796.000000;6251.000000;0.000000;484238.000000;9668.000000;0.000000;2621.467529
1854.000000;7796.000000;7052.000000;0.000000;434662.000000;9668.000000;0.000000;2622.805664
1855.000000;7796.000000;5844.000000;0.000000;401262.000000;9668.000000;0.000000;2624.067139
1856.000000;7796.000000;6376.000000;0.000000;438024.000000;9668.000000;0.000000;2625.302979
1857.000000;7796.000000;8395.000000;0.000000;412436.000000;9668.000000;0.000000;2626.533447
1858.000000;7796.000000;6697.000000;0.000000;456178.000000;9668.000000;0.000000;2627.766846
1859.000000;7796.000000;7025.000000;0.000000;348772.000000;9668.000000;0.000000;2628.998291
1860.000000;7796.000000;6548.000000;0.000000;443919.000000;9668.000000;0.000000;2630.227051
1861.000000;7796.000000;5963.000000;0.000000;445680.000000;9668.000000;0.000000;2631.793457
1862.000000;7796.000000;7735.000000;0.000000;518075.000000;9668.000000;0.000000;2633.212158
1863.000000;7796.000000;6797.000000;0.000000;379533.000000;9668.000000;0.000000;2634.632324
1864.000000;7796.000000;7048.000000;0.000000;284245.000000;9668.000000;0.000000;2636.039062
1865.000000;7796.000000;6651.000000;0.000000;490193.000000;9668.000000;0.000000;2637.410889
1866.000000;7796.000000;7431.000000;0.000000;355369.000000;9668.000000;0.000000;2638.772217
1867.000000;7796.000000;7985.000000;0.000000;346762.000000;9668.000000;0.000000;2640.132812
1868.000000;7796.000000;7046.000000;0.000000;355866.000000;9668.000000;0.000000;2641.508301
1869.000000;7796.000000;7150.000000;0.000000;452721.000000;9668.000000;0.000000;2642.866455
1870.000000;7796.000000;5422.000000;0.000000;420117.000000;9668.000000;0.000000;2644.287109
1871.000000;7796.000000;7032.000000;0.000000;586412.000000;9668.000000;0.000000;2645.667969
1872.000000;7796.000000;6338.000000;0.000000;412102.000000;9668.000000;0.000000;2647.049805
1873.000000;7796.000000;7024.000000;0.000000;410469.000000;9668.000000;0.000000;2648.427002
1874.000000;7796.000000;7044.000000;0.000000;497030.000000;9668.000000;0.000000;2649.794189
1875.000000;7796.000000;5653.000000;0.000000;463391.000000;9668.000000;0.000000;2651.047363
1876.000000;7796.000000;6608.000000;0.000000;465557.000000;9668.000000;0.000000;2652.252441
1877.000000;7796.000000;6597.000000;0.000000;524730.000000;9668.000000;0.000000;2653.452881
1878.000000;7796.000000;8036.000000;0.000000;426644.000000;9668.000000;0.000000;2654.655029
1879.000000;7796.000000;6757.000000;0.000000;554835.000000;9668.000000;0.000000;2655.861816
1880.000000;7796.000000;6050.000000;0.000000;511753.000000;9668.000000;0.000000;2657.060547
1881.000000;7796.000000;6303.000000;0.000000;511607.000000;9668.000000;0.000000;2658.551025
1882.000000;7796.000000;6519.000000;0.000000;425727.000000;9668.000000;0.000000;2660.093994
1883.000000;7796.000000;6209.000000;0.000000;511207.000000;9668.000000;0.000000;2661.504883
1884.000000;7796.000000;6125.000000;0.000000;428513.000000;9668.000000;0.000000;2662.915771
1885.000000;7796.000000;6684.000000;0.000000;410174.000000;9668.000000;0.000000;2664.280762
1886.000000;7796.000000;6997.000000;0.000000;402564.000000;9668.000000;0.000000;2665.638184
1887.000000;7796.000000;6437.000000;0.000000;384609.000000;9668.000000;0.000000;2667.006592
1888.000000;7796.000000;7297.000000;0.000000;432649.000000;9668.000000;0.000000;2668.377930
1889.000000;7796.000000;8040.000000;0.000000;343478.000000;9668.000000;0.000000;2669.757080
1890.000000;7796.000000;7397.000000;0.000000;507532.000000;9668.000000;0.000000;2671.195068
1891.000000;7796.000000;8079.000000;0.000000;412066.000000;9668.000000;0.000000;2672.660645
1892.000000;7796.000000;5853.000000;0.000000;489378.000000;9668.000000;0.000000;2674.051758
1893.000000;7796.000000;7458.000000;0.000000;415205.000000;9668.000000;0.000000;2675.431396
1894.000000;7796.000000;6774.000000;0.000000;452167.000000;9668.000000;0.000000;2676.796631
1895.000000;7796.000000;7356.000000;0.000000;481569.000000;9668.000000;0.000000;2678.209473
1896.000000;7796.000000;7506.000000;0.000000;476486.000000;9668.000000;0.000000;2679.437500
1897.000000;7796.000000;8012.000000;0.000000;495679.000000;9668.000000;0.000000;2680.655518
1898.000000;7796.000000;7286.000000;0.000000;313730.000000;9668.000000;0.000000;2681.899658
1899.000000;7796.000000;7585.000000;0.000000;408569.000000;9668.000000;0.000000;2683.117432
1900.000000;7796.000000;6736.000000;0.000000;430560.000000;9668.000000;0.000000;2684.368896
1901.000000;7796.000000;7881.000000;0.000000;355065.000000;9668.000000;0.000000;2685.880371
1902.000000;7796.000000;7701.000000;0.000000;383242.000000;9668.000000;0.000000;2687.275635
1903.000000;7796.000000;6881.000000;0.000000;526381.000000;9668.000000;0.000000;2688.673584
1904.000000;7796.000000;5915.000000;0.000000;449390.000000;9668.000000;0.000000;2690.060303
1905.000000;7796.000000;7969.000000;0.000000;420680.000000;9668.000000;0.000000;2691.468506
1906.000000;7796.000000;6609.000000;0.000000;469096.000000;9668.000000;0.000000;2692.982178
1907.000000;7796.000000;7313.000000;0.000000;396615.000000;9668.000000;0.000000;2694.405273
1908.000000;7796.000000;7003.000000;0.000000;416698.000000;9668.000000;0.000000;2695.785889
1909.000000;7796.000000;6914.000000;0.000000;327660.000000;9668.000000;0.000000;2697.170654
1910.000000;7796.000000;7083.000000;0.000000;465016.000000;9668.000000;0.000000;2698.651855
1911.000000;7796.000000;5691.000000;0.000000;421258.000000;9668.000000;0.000000;2700.064941
1912.000000;7796.000000;7241.000000;0.000000;412640.000000;9668.000000;0.000000;2701.501953
1913.000000;7796.000000;7742.000000;0.000000;417671.000000;9668.000000;0.000000;2702.908203
1914.000000;7796.000000;7317.000000;0.000000;495152.000000;9668.000000;0.000000;2704.276855
1915.000000;7796.000000;7153.000000;0.000000;364740.000000;9668.000000;0.000000;2705.498047
1916.000000;7796.000000;5803.000000;0.000000;707174.000000;9668.000000;0.000000;2706.727783
1917.000000;7796.000000;7809.000000;0.000000;394749.000000;9668.000000;0.000000;2708.343506
1918.000000;7796.000000;7841.000000;0.000000;358173.000000;9668.000000;0.000000;2709.935059
1919.000000;7796.000000;7129.000000;0.000000;457353.000000;9668.000000;0.000000;2711.330811
1920.000000;7796.000000;7327.000000;0.000000;524786.000000;9668.000000;0.000000;2712.716797
1921.000000;7796.000000;6761.000000;0.000000;502615.000000;9668.000000;0.000000;2714.178955
1922.000000;7796.000000;7047.000000;0.000000;385567.000000;9668.000000;0.000000;2715.595703
1923.000000;7796.000000;7360.000000;0.000000;454202.000000;9668.000000;0.000000;2717.006592
1924.000000;7796.000000;6917.000000;0.000000;379222.000000;9668.000000;0.000000;2718.412109
1925.000000;7796.000000;6487.000000;0.000000;455756.000000;9668.000000;0.000000;2719.888916
1926.000000;7796.000000;7367.000000;0.000000;365780.000000;9668.000000;0.000000;2721.310059
1927.000000;7796.000000;6915.000000;0.000000;529560.000000;9668.000000;0.000000;2722.693359
1928.000000;7796.000000;6644.000000;0.000000;406265.000000;9668.000000;0.000000;2724.089111
1929.000000;7796.000000;6539.000000;0.000000;431686.000000;9668.000000;0.000000;2725.496826
1930.000000;7796.000000;7017.000000;0.000000;442129.000000;9668.000000;0.000000;2726.919434
1931.000000;7796.000000;6365.000000;0.000000;418373.000000;9668.000000;0.000000;2728.334961
1932.000000;7796.000000;6927.000000;0.000000;420534.000000;9668.000000;0.000000;2729.760010
1933.000000;7796.000000;6118.000000;0.000000;407352.000000;9668.000000;0.000000;2731.196045
1934.000000;7796.000000;7670.000000;0.000000;512036.000000;9668.000000;0.000000;2732.478027
1935.000000;7796.000000;6656.000000;0.000000;488753.000000;9668.000000;0.000000;2733.722412
1936.000000;7796.000000;6184.000000;0.000000;403113.000000;9668.000000;0.000000;2734.964844
1937.000000;7796.000000;7677.000000;0.000000;395809.000000;9668.000000;0.000000;2736.206787
1938.000000;7796.000000;5483.000000;0.000000;531457.000000;9668.000000;0.000000;2737.469971
1939.000000;7796.000000;7049.000000;0.000000;362199.000000;9668.000000;0.000000;2738.801025
1940.000000;7796.000000;6817.000000;0.000000;423124.000000;9668.000000;0.000000;2740.061279
1941.000000;7796.000000;7465.000000;0.000000;497011.000000;9668.000000;0.000000;2741.674072
1942.000000;7796.000000;6566.000000;0.000000;484166.000000;9668.000000;0.000000;2743.118408
1943.000000;7796.000000;6616.000000;0.000000;411563.000000;9668.000000;0.000000;2744.702148
1944.000000;7796.000000;7568.000000;0.000000;513859.000000;9668.000000;0.000000;2746.112793
1945.000000;7796.000000;7806.000000;0.000000;507577.000000;9668.000000;0.000000;2747.507812
1946.000000;7796.000000;6782.000000;0.000000;484645.000000;9668.000000;0.000000;2748.910400
1947.000000;7796.000000;6339.000000;0.000000;605431.000000;9668.000000;0.000000;2750.323730
1948.000000;7796.000000;6430.000000;0.000000;388669.000000;9668.000000;0.000000;2751.799805
1949.000000;7796.000000;7495.000000;0.000000;390306.000000;9668.000000;0.000000;2753.193604
1950.000000;7796.000000;8261.000000;0.000000;440539.000000;9668.000000;0.000000;2754.634033
1951.000000;7796.000000;6413.000000;0.000000;491948.000000;9668.000000;0.000000;2756.047852
1952.000000;7796.000000;6839.000000;0.000000;513006.000000;9668.000000;0.000000;2757.463623
1953.000000;7796.000000;6652.000000;0.000000;520986.000000;9668.000000;0.000000;2758.904541
1954.000000;7796.000000;7256.000000;0.000000;560133.000000;9668.000000;0.000000;2760.259277
1955.000000;7796.000000;6879.000000;0.000000;465091.000000;9668.000000;0.000000;2761.539551
1956.000000;7796.000000;8527.000000;0.000000;517389.000000;9668.000000;0.000000;2762.797852
1957.000000;7796.000000;6212.000000;0.000000;524232.000000;9668.000000;0.000000;2764.055420
1958.000000;7796.000000;7468.000000;0.000000;329022.000000;9668.000000;0.000000;2765.314209
1959.000000;7796.000000;6270.000000;0.000000;511601.000000;9668.000000;0.000000;2766.574463
1960.000000;7796.000000;7185.000000;0.000000;316393.000000;9668.000000;0.000000;2767.833008
1961.000000;7796.000000;7548.000000;0.000000;438651.000000;9668.000000;0.000000;2769.382568
1962.000000;7796.000000;6914.000000;0.000000;430056.000000;9668.000000;0.000000;2770.817627
1963.000000;7796.000000;9463.000000;0.000000;307014.000000;9668.000000;0.000000;2772.283203
1964.000000;7796.000000;7641.000000;0.000000;512383.000000;9668.000000;0.000000;2773.701416
1965.000000;7796.000000;7718.000000;0.000000;451063.000000;9668.000000;0.000000;2775.109375
1966.000000;7796.000000;6812.000000;0.000000;459245.000000;9668.000000;0.000000;2776.520020
1967.000000;7796.000000;6649.000000;0.000000;528314.000000;9668.000000;0.000000;2777.924561
1968.000000;7796.000000;6714.000000;0.000000;464710.000000;9668.000000;0.000000;2779.327148
1969.000000;7796.000000;7493.000000;0.000000;485135.000000;9668.000000;0.000000;2780.733398
1970.000000;7796.000000;7274.000000;0.000000;382164.000000;9668.000000;0.000000;2782.209717
1971.000000;7796.000000;7646.000000;0.000000;594361.000000;9668.000000;0.000000;2783.635986
1972.000000;7796.000000;6867.000000;0.000000;437208.000000;9668.000000;0.000000;2785.061279
1973.000000;7796.000000;6915.000000;0.000000;453988.000000;9668.000000;0.000000;2786.491699
1974.000000;7796.000000;6939.000000;0.000000;434742.000000;9668.000000;0.000000;2787.884521
1975.000000;7796.000000;6589.000000;0.000000;554536.000000;9668.000000;0.000000;2789.156250
1976.000000;7796.000000;7448.000000;0.000000;502147.000000;9668.000000;0.000000;2790.429199
1977.000000;7796.000000;8200.000000;0.000000;373453.000000;9668.000000;0.000000;2791.725342
1978.000000;7796.000000;6690.000000;0.000000;446104.000000;9668.000000;0.000000;2793.007812
1979.000000;7796.000000;6765.000000;0.000000;507128.000000;9668.000000;0.000000;2794.283447
1980.000000;7796.000000;7453.000000;0.000000;412411.000000;9668.000000;0.000000;2795.559814
1981.000000;7796.000000;6933.000000;0.000000;416789.000000;9668.000000;0.000000;2797.138428
1982.000000;7796.000000;6282.000000;0.000000;464729.000000;9668.000000;0.000000;2798.663574
1983.000000;7796.000000;6446.000000;0.000000;541193.000000;9668.000000;0.000000;2800.135742
1984.000000;7796.000000;6304.000000;0.000000;385319.000000;9668.000000;0.000000;2801.639648
1985.000000;7796.000000;6787.000000;0.000000;499134.000000;9668.000000;0.000000;2803.095703
1986.000000;7796.000000;6622.000000;0.000000;355674.000000;9668.000000;0.000000;2804.554932
1987.000000;7796.000000;7861.000000;0.000000;529150.000000;9668.000000;0.000000;2805.991211
1988.000000;7796.000000;7263.000000;0.000000;444203.000000;9668.000000;0.000000;2807.418213
1989.000000;7796.000000;6389.000000;0.000000;541070.000000;9668.000000;0.000000;2808.838867
1990.000000;7796.000000;7961.000000;0.000000;464824.000000;9668.000000;0.000000;2810.313232
1991.000000;7796.000000;6558.000000;0.000000;582865.000000;9668.000000;0.000000;2811.770264
1992.000000;7796.000000;7492.000000;0.000000;378972.000000;9668.000000;0.000000;2813.219482
1993.000000;7796.000000;7518.000000;0.000000;429742.000000;9668.000000;0.000000;2814.657471
1994.000000;7796.000000;6891.000000;0.000000;448523.000000;9668.000000;0.000000;2815.980469
1995.000000;7796.000000;7005.000000;0.000000;474456.000000;9668.000000;0.000000;2817.254395
1996.000000;7796.000000;7289.000000;0.000000;362074.000000;9668.000000;0.000000;2818.536377
1997.000000;7796.000000;6721.000000;0.000000;476746.000000;9668.000000;0.000000;2819.824707
1998.000000;7796.000000;6419.000000;0.000000;409315.000000;9668.000000;0.000000;2821.112061
1999.000000;7796.000000;7778.000000;0.000000;431393.000000;9668.000000;0.000000;2822.429443
2000.000000;7796.000000;6881.000000;0.000000;456871.000000;9668.000000;0.000000;2823.705078
2001.000000;7796.000000;7224.000000;0.000000;505766.000000;9668.000000;0.000000;2825.297119
2002.000000;7796.000000;7125.000000;0.000000;362454.000000;9668.000000;0.000000;2826.822266
2003.000000;7796.000000;6564.000000;0.000000;452004.000000;9668.000000;0.000000;2828.296387
2004.000000;7796.000000;7382.000000;0.000000;520324.000000;9668.000000;0.000000;2829.751709
2005.000000;7796.000000;6934.000000;0.000000;393482.000000;9668.000000;0.000000;2831.244141
2006.000000;7796.000000;7442.000000;0.000000;423739.000000;9668.000000;0.000000;2832.727783
2007.000000;7796.000000;7285.000000;0.000000;405836.000000;9668.000000;0.000000;2834.167480
2008.000000;7796.000000;7105.000000;0.000000;342787.000000;9668.000000;0.000000;2835.617432
2009.000000;7796.000000;7000.000000;0.000000;517581.000000;9668.000000;0.000000;2837.094971
2010.000000;7796.000000;7091.000000;0.000000;397461.000000;9668.000000;0.000000;2838.527588
2011.000000;7796.000000;7238.000000;0.000000;433051.000000;9668.000000;0.000000;2839.960205
2012.000000;7796.000000;6750.000000;0.000000;407943.000000;9668.000000;0.000000;2841.394531
2013.000000;7796.000000;7407.000000;0.000000;486193.000000;9668.000000;0.000000;2842.946289
2014.000000;7796.000000;6832.000000;0.000000;367590.000000;9668.000000;0.000000;2844.422852
2015.000000;7796.000000;6430.000000;0.000000;524405.000000;9668.000000;0.000000;2845.896729
2016.000000;7796.000000;7444.000000;0.000000;346809.000000;9668.000000;0.000000;2847.386963
2017.000000;7796.000000;5753.000000;0.000000;524765.000000;9668.000000;0.000000;2848.758301
2018.000000;7796.000000;6432.000000;0.000000;435263.000000;9668.000000;0.000000;2850.057617
2019.000000;7796.000000;6501.000000;0.000000;336612.000000;9668.000000;0.000000;2851.355713
2020.000000;7796.000000;6054.000000;0.000000;497068.000000;9668.000000;0.000000;2852.685303
2021.000000;7796.000000;7794.000000;0.000000;542715.000000;9668.000000;0.000000;2854.310547
2022.000000;7796.000000;6808.000000;0.000000;444235.000000;9668.000000;0.000000;2855.800049
2023.000000;7796.000000;6737.000000;0.000000;518007.000000;9668.000000;0.000000;2857.320068
2024.000000;7796.000000;6059.000000;0.000000;392730.000000;9668.000000;0.000000;2858.789551
2025.000000;7796.000000;8177.000000;0.000000;405198.000000;9668.000000;0.000000;2860.249268
2026.000000;7796.000000;8283.000000;0.000000;353417.000000;9668.000000;0.000000;2861.703613
2027.000000;7796.000000;7165.000000;0.000000;458058.000000;9668.000000;0.000000;2863.181396
2028.000000;7796.000000;7640.000000;0.000000;424663.000000;9668.000000;0.000000;2864.665039
2029.000000;7796.000000;6985.000000;0.000000;364928.000000;9668.000000;0.000000;2866.119873
2030.000000;7796.000000;7198.000000;0.000000;349012.000000;9668.000000;0.000000;2867.673096
2031.000000;7796.000000;7248.000000;0.000000;523962.000000;9668.000000;0.000000;2869.181641
2032.000000;7796.000000;7071.000000;0.000000;441507.000000;9668.000000;0.000000;2870.655518
2033.000000;7796.000000;6578.000000;0.000000;494835.000000;9668.000000;0.000000;2872.137695
2034.000000;7796.000000;7729.000000;0.000000;416775.000000;9668.000000;0.000000;2873.490234
2035.000000;7796.000000;8255.000000;0.000000;413080.000000;9668.000000;0.000000;2874.782227
2036.000000;7796.000000;8160.000000;0.000000;464151.000000;9668.000000;0.000000;2876.075439
2037.000000;7796.000000;7013.000000;0.000000;433015.000000;9668.000000;0.000000;2877.382324
2038.000000;7796.000000;8103.000000;0.000000;357139.000000;9668.000000;0.000000;2878.691650
2039.000000;7796.000000;8026.000000;0.000000;485653.000000;9668.000000;0.000000;2880.000488
2040.000000;7796.000000;6336.000000;0.000000;376359.000000;9668.000000;0.000000;2881.405518
2041.000000;7796.000000;7177.000000;0.000000;392319.000000;9668.000000;0.000000;2883.234863
2042.000000;7796.000000;7952.000000;0.000000;446251.000000;9668.000000;0.000000;2884.782227
2043.000000;7796.000000;7941.000000;0.000000;345259.000000;9668.000000;0.000000;2886.332031
2044.000000;7796.000000;7154.000000;0.000000;397643.000000;9668.000000;0.000000;2888.088623
2045.000000;7796.000000;6992.000000;0.000000;531051.000000;9668.000000;0.000000;2890.000488
2046.000000;7796.000000;7457.000000;0.000000;447411.000000;9668.000000;0.000000;2891.768311
2047.000000;7796.000000;5996.000000;0.000000;449178.000000;9668.000000;0.000000;2893.720215
2048.000000;7796.000000;6262.000000;0.000000;448988.000000;9668.000000;0.000000;2895.548584
2049.000000;7796.000000;6610.000000;0.000000;448842.000000;9668.000000;0.000000;2897.843994
2050.000000;7796.000000;6864.000000;0.000000;404686.000000;9668.000000;0.000000;2900.141846
2051.000000;7796.000000;6431.000000;0.000000;423219.000000;9668.000000;0.000000;2902.044678
2052.000000;7796.000000;6318.000000;0.000000;538772.000000;9668.000000;0.000000;2904.234375
2053.000000;7796.000000;7125.000000;0.000000;479226.000000;9668.000000;0.000000;2906.564941
2054.000000;7796.000000;6901.000000;0.000000;393143.000000;9668.000000;0.000000;2908.720947
2055.000000;7796.000000;6755.000000;0.000000;466927.000000;9668.000000;0.000000;2910.728516
2056.000000;7796.000000;7434.000000;0.000000;456888.000000;9668.000000;0.000000;2912.677734
2057.000000;7796.000000;7859.000000;0.000000;463021.000000;9668.000000;0.000000;2914.326660
2058.000000;7796.000000;7062.000000;0.000000;399090.000000;9668.000000;0.000000;2916.118652
2059.000000;7796.000000;7314.000000;0.000000;568946.000000;9668.000000;0.000000;2917.605713
2060.000000;7796.000000;8414.000000;0.000000;378717.000000;9668.000000;0.000000;2919.092773
2061.000000;7796.000000;7495.000000;0.000000;546479.000000;9668.000000;0.000000;2921.204102
2062.000000;7796.000000;8097.000000;0.000000;439048.000000;9668.000000;0.000000;2923.008301
2063.000000;7796.000000;6832.000000;0.000000;557990.000000;9668.000000;0.000000;2924.904053
2064.000000;7796.000000;7860.000000;0.000000;417988.000000;9668.000000;0.000000;2926.658203
2065.000000;7796.000000;6961.000000;0.000000;443469.000000;9668.000000;0.000000;2928.517334
2066.000000;7796.000000;8256.000000;0.000000;267413.000000;9668.000000;0.000000;2930.758545
2067.000000;7796.000000;6330.000000;0.000000;539391.000000;9668.000000;0.000000;2932.806885
2068.000000;7796.000000;6912.000000;0.000000;408570.000000;9668.000000;0.000000;2934.631104
2069.000000;7796.000000;7402.000000;0.000000;462193.000000;9668.000000;0.000000;2936.233154
2070.000000;7796.000000;8264.000000;0.000000;430639.000000;9668.000000;0.000000;2937.666016
2071.000000;7796.000000;8030.000000;0.000000;426704.000000;9668.000000;0.000000;2939.212402
2072.000000;7796.000000;7530.000000;0.000000;353800.000000;9668.000000;0.000000;2940.631836
2073.000000;7796.000000;8101.000000;0.000000;454222.000000;9668.000000;0.000000;2942.034912
2074.000000;7796.000000;7617.000000;0.000000;374978.000000;9668.000000;0.000000;2943.511963
2075.000000;7796.000000;6726.000000;0.000000;476175.000000;9668.000000;0.000000;2944.958496
2076.000000;7796.000000;6394.000000;0.000000;456813.000000;9668.000000;0.000000;2946.427979
2077.000000;7796.000000;7385.000000;0.000000;519941.000000;9668.000000;0.000000;2948.021484
2078.000000;7796.000000;6651.000000;0.000000;549205.000000;9668.000000;0.000000;2949.435059
2079.000000;7796.000000;7048.000000;0.000000;520052.000000;9668.000000;0.000000;2950.706299
2080.000000;7796.000000;6611.000000;0.000000;538145.000000;9668.000000;0.000000;2951.959961
2081.000000;7796.000000;5840.000000;0.000000;551862.000000;9668.000000;0.000000;2953.462891
2082.000000;7796.000000;7252.000000;0.000000;520262.000000;9668.000000;0.000000;2954.900391
2083.000000;7796.000000;6577.000000;0.000000;491812.000000;9668.000000;0.000000;2956.346680
2084.000000;7796.000000;6506.000000;0.000000;457313.000000;9668.000000;0.000000;2957.772705
2085.000000;7796.000000;7347.000000;0.000000;412342.000000;9668.000000;0.000000;2959.187744
2086.000000;7796.000000;6249.000000;0.000000;487946.000000;9668.000000;0.000000;2960.596680
2087.000000;7796.000000;6415.000000;0.000000;439217.000000;9668.000000;0.000000;2962.019043
2088.000000;7796.000000;7246.000000;0.000000;547260.000000;9668.000000;0.000000;2963.458984
2089.000000;7796.000000;6249.000000;0.000000;539263.000000;9668.000000;0.000000;2964.878662
2090.000000;7796.000000;7457.000000;0.000000;493582.000000;9668.000000;0.000000;2966.325439
2091.000000;7796.000000;7856.000000;0.000000;476704.000000;9668.000000;0.000000;2967.781250
2092.000000;7796.000000;6314.000000;0.000000;520492.000000;9668.000000;0.000000;2969.244141
2093.000000;7796.000000;7712.000000;0.000000;436157.000000;9668.000000;0.000000;2970.639160
2094.000000;7796.000000;6898.000000;0.000000;492127.000000;9668.000000;0.000000;2971.980469
2095.000000;7796.000000;7435.000000;0.000000;433260.000000;9668.000000;0.000000;2973.250000
2096.000000;7796.000000;7376.000000;0.000000;411749.000000;9668.000000;0.000000;2974.484619
2097.000000;7796.000000;7468.000000;0.000000;477454.000000;9668.000000;0.000000;2975.712646
2098.000000;7796.000000;6396.000000;0.000000;350121.000000;9668.000000;0.000000;2976.942383
2099.000000;7796.000000;7263.000000;0.000000;361707.000000;9668.000000;0.000000;2978.168213
2100.000000;7796.000000;7717.000000;0.000000;318723.000000;9668.000000;0.000000;2979.397705
2101.000000;7796.000000;7168.000000;0.000000;430330.000000;9668.000000;0.000000;2980.918945
2102.000000;7796.000000;6208.000000;0.000000;400261.000000;9668.000000;0.000000;2982.315430
2103.000000;7796.000000;6381.000000;0.000000;538696.000000;9668.000000;0.000000;2983.754639
2104.000000;7796.000000;6772.000000;0.000000;447153.000000;9668.000000;0.000000;2985.217285
2105.000000;7796.000000;6075.000000;0.000000;528691.000000;9668.000000;0.000000;2986.680664
2106.000000;7796.000000;6969.000000;0.000000;474252.000000;9668.000000;0.000000;2988.062012
2107.000000;7796.000000;6843.000000;0.000000;404372.000000;9668.000000;0.000000;2989.436768
2108.000000;7796.000000;7072.000000;0.000000;438255.000000;9668.000000;0.000000;2990.808105
2109.000000;7796.000000;7037.000000;0.000000;539758.000000;9668.000000;0.000000;2992.182617
2110.000000;7796.000000;7252.000000;0.000000;466346.000000;9668.000000;0.000000;2993.626221
2111.000000;7796.000000;6978.000000;0.000000;544242.000000;9668.000000;0.000000;2995.015869
2112.000000;7796.000000;7529.000000;0.000000;439461.000000;9668.000000;0.000000;2996.410889
2113.000000;7796.000000;6934.000000;0.000000;464307.000000;9668.000000;0.000000;2997.866943
2114.000000;7796.000000;6555.000000;0.000000;470227.000000;9668.000000;0.000000;2999.252197
2115.000000;7796.000000;7286.000000;0.000000;599378.000000;9668.000000;0.000000;3000.491943
2116.000000;7796.000000;7068.000000;0.000000;496698.000000;9668.000000;0.000000;3001.739502
2117.000000;7796.000000;6831.000000;0.000000;506122.000000;9668.000000;0.000000;3002.992188
2118.000000;7796.000000;6990.000000;0.000000;460696.000000;9668.000000;0.000000;3004.273926
2119.000000;7796.000000;7116.000000;0.000000;381542.000000;9668.000000;0.000000;3005.535156
2120.000000;7796.000000;6444.000000;0.000000;508259.000000;9668.000000;0.000000;3006.782227
2121.000000;7796.000000;6329.000000;0.000000;481442.000000;9668.000000;0.000000;3008.316895
2122.000000;7796.000000;7833.000000;0.000000;388447.000000;9668.000000;0.000000;3009.729248
2123.000000;7796.000000;7498.000000;0.000000;425186.000000;9668.000000;0.000000;3011.148193
2124.000000;7796.000000;7692.000000;0.000000;420550.000000;9668.000000;0.000000;3012.642334
2125.000000;7796.000000;7858.000000;0.000000;586791.000000;9668.000000;0.000000;3014.175781
2126.000000;7796.000000;8245.000000;0.000000;317897.000000;9668.000000;0.000000;3015.571289
2127.000000;7796.000000;7641.000000;0.000000;383445.000000;9668.000000;0.000000;3016.967285
2128.000000;7796.000000;6929.000000;0.000000;376255.000000;9668.000000;0.000000;3018.372803
2129.000000;7796.000000;7520.000000;0.000000;459321.000000;9668.000000;0.000000;3019.773193
2130.000000;7796.000000;6945.000000;0.000000;457298.000000;9668.000000;0.000000;3021.211182
2131.000000;7796.000000;6952.000000;0.000000;470425.000000;9668.000000;0.000000;3022.638184
2132.000000;7796.000000;7245.000000;0.000000;364974.000000;9668.000000;0.000000;3024.115234
2133.000000;7796.000000;6848.000000;0.000000;529990.000000;9668.000000;0.000000;3025.535889
2134.000000;7796.000000;7397.000000;0.000000;416063.000000;9668.000000;0.000000;3026.882324
2135.000000;7796.000000;6934.000000;0.000000;550566.000000;9668.000000;0.000000;3028.153320
2136.000000;7796.000000;7107.000000;0.000000;472085.000000;9668.000000;0.000000;3029.419189
2137.000000;7796.000000;5895.000000;0.000000;630497.000000;9668.000000;0.000000;3030.679199
2138.000000;7796.000000;8655.000000;0.000000;371735.000000;9668.000000;0.000000;3031.954346
2139.000000;7796.000000;7592.000000;0.000000;416185.000000;9668.000000;0.000000;3033.227539
2140.000000;7796.000000;6837.000000;0.000000;626435.000000;9668.000000;0.000000;3034.517334
2141.000000;7796.000000;6902.000000;0.000000;469371.000000;9668.000000;0.000000;3036.079590
2142.000000;7796.000000;7599.000000;0.000000;469639.000000;9668.000000;0.000000;3037.516357
2143.000000;7796.000000;6847.000000;0.000000;436868.000000;9668.000000;0.000000;3038.949219
2144.000000;7796.000000;8198.000000;0.000000;395279.000000;9668.000000;0.000000;3040.370361
2145.000000;7796.000000;6016.000000;0.000000;448122.000000;9668.000000;0.000000;3041.912842
2146.000000;7796.000000;7411.000000;0.000000;311931.000000;9668.000000;0.000000;3043.320801
2147.000000;7796.000000;7164.000000;0.000000;437634.000000;9668.000000;0.000000;3044.862061
2148.000000;7796.000000;6686.000000;0.000000;446353.000000;9668.000000;0.000000;3046.264648
2149.000000;7796.000000;7983.000000;0.000000;465549.000000;9668.000000;0.000000;3047.669922
2150.000000;7796.000000;7417.000000;0.000000;571848.000000;9668.000000;0.000000;3049.116699
2151.000000;7796.000000;7416.000000;0.000000;509434.000000;9668.000000;0.000000;3050.536865
2152.000000;7796.000000;7234.000000;0.000000;408161.000000;9668.000000;0.000000;3051.954102
2153.000000;7796.000000;7005.000000;0.000000;359445.000000;9668.000000;0.000000;3053.384277
2154.000000;7796.000000;6387.000000;0.000000;390190.000000;9668.000000;0.000000;3054.756836
2155.000000;7796.000000;6501.000000;0.000000;455569.000000;9668.000000;0.000000;3056.009277
2156.000000;7796.000000;6200.000000;0.000000;455232.000000;9668.000000;0.000000;3057.269287
2157.000000;7796.000000;7803.000000;0.000000;515486.000000;9668.000000;0.000000;3058.531250
2158.000000;7796.000000;7223.000000;0.000000;433320.000000;9668.000000;0.000000;3059.797363
2159.000000;7796.000000;8145.000000;0.000000;367105.000000;9668.000000;0.000000;3061.075439
2160.000000;7796.000000;6890.000000;0.000000;456803.000000;9668.000000;0.000000;3062.349609
2161.000000;7796.000000;7030.000000;0.000000;498632.000000;9668.000000;0.000000;3063.963379
2162.000000;7796.000000;7665.000000;0.000000;352704.000000;9668.000000;0.000000;3065.413818
2163.000000;7796.000000;7205.000000;0.000000;672891.000000;9668.000000;0.000000;3066.865967
2164.000000;7796.000000;6341.000000;0.000000;610147.000000;9668.000000;0.000000;3068.298340
2165.000000;7796.000000;6684.000000;0.000000;607406.000000;9668.000000;0.000000;3069.716309
2166.000000;7796.000000;7612.000000;0.000000;360352.000000;9668.000000;0.000000;3071.140625
2167.000000;7796.000000;6767.000000;0.000000;564934.000000;9668.000000;0.000000;3072.558105
2168.000000;7796.000000;6976.000000;0.000000;464436.000000;9668.000000;0.000000;3074.018555
2169.000000;7796.000000;6854.000000;0.000000;695092.000000;9668.000000;0.000000;3075.440430
2170.000000;7796.000000;7885.000000;0.000000;429648.000000;9668.000000;0.000000;3076.858643
2171.000000;7796.000000;7484.000000;0.000000;521750.000000;9668.000000;0.000000;3078.274902
2172.000000;7796.000000;7505.000000;0.000000;488964.000000;9668.000000;0.000000;3079.692139
2173.000000;7796.000000;7644.000000;0.000000;473179.000000;9668.000000;0.000000;3081.110107
2174.000000;7796.000000;6132.000000;0.000000;493475.000000;9668.000000;0.000000;3082.577881
2175.000000;7796.000000;7173.000000;0.000000;371404.000000;9668.000000;0.000000;3084.054443
2176.000000;7796.000000;7109.000000;0.000000;533261.000000;9668.000000;0.000000;3085.510498
2177.000000;7796.000000;8376.000000;0.000000;269562.000000;9668.000000;0.000000;3086.965820
2178.000000;7796.000000;5971.000000;0.000000;430932.000000;9668.000000;0.000000;3088.356934
2179.000000;7796.000000;5970.000000;0.000000;569393.000000;9668.000000;0.000000;3089.756592
2180.000000;7796.000000;7616.000000;0.000000;388811.000000;9668.000000;0.000000;3091.043701
2181.000000;7796.000000;6730.000000;0.000000;354478.000000;9668.000000;0.000000;3092.628906
2182.000000;7796.000000;6747.000000;0.000000;420050.000000;9668.000000;0.000000;3094.124756
2183.000000;7796.000000;7193.000000;0.000000;372068.000000;9668.000000;0.000000;3095.592285
2184.000000;7796.000000;6798.000000;0.000000;433109.000000;9668.000000;0.000000;3097.049316
2185.000000;7796.000000;7964.000000;0.000000;480905.000000;9668.000000;0.000000;3098.510986
2186.000000;7796.000000;7372.000000;0.000000;542781.000000;9668.000000;0.000000;3100.014893
2187.000000;7796.000000;7405.000000;0.000000;402262.000000;9668.000000;0.000000;3101.465088
2188.000000;7796.000000;7709.000000;0.000000;446517.000000;9668.000000;0.000000;3102.978271
2189.000000;7796.000000;8481.000000;0.000000;471918.000000;9668.000000;0.000000;3104.490479
2190.000000;7796.000000;6352.000000;0.000000;485241.000000;9668.000000;0.000000;3105.974854
2191.000000;7796.000000;6772.000000;0.000000;430407.000000;9668.000000;0.000000;3107.430420
2192.000000;7796.000000;7390.000000;0.000000;531355.000000;9668.000000;0.000000;3108.883545
2193.000000;7796.000000;6361.000000;0.000000;435354.000000;9668.000000;0.000000;3110.335449
2194.000000;7796.000000;7778.000000;0.000000;405910.000000;9668.000000;0.000000;3111.670166
2195.000000;7796.000000;6189.000000;0.000000;421551.000000;9668.000000;0.000000;3112.942383
2196.000000;7796.000000;8271.000000;0.000000;412452.000000;9668.000000;0.000000;3114.243652
2197.000000;7796.000000;6681.000000;0.000000;488244.000000;9668.000000;0.000000;3115.524658
2198.000000;7796.000000;7143.000000;0.000000;451514.000000;9668.000000;0.000000;3116.826904
2199.000000;7796.000000;7663.000000;0.000000;420409.000000;9668.000000;0.000000;3118.112061
2200.000000;7796.000000;7063.000000;0.000000;431115.000000;9668.000000;0.000000;3119.397461
2201.000000;7796.000000;7360.000000;0.000000;368986.000000;9668.000000;0.000000;3121.006104
2202.000000;7796.000000;6590.000000;0.000000;488062.000000;9668.000000;0.000000;3122.497070
2203.000000;7796.000000;7936.000000;0.000000;479019.000000;9668.000000;0.000000;3123.994873
2204.000000;7796.000000;6312.000000;0.000000;453884.000000;9668.000000;0.000000;3125.493896
2205.000000;7796.000000;6832.000000;0.000000;537350.000000;9668.000000;0.000000;3126.963135
2206.000000;7796.000000;6923.000000;0.000000;478441.000000;9668.000000;0.000000;3128.517334
2207.000000;7796.000000;7587.000000;0.000000;493243.000000;9668.000000;0.000000;3129.976562
2208.000000;7796.000000;6116.000000;0.000000;569309.000000;9668.000000;0.000000;3131.428223
2209.000000;7796.000000;7993.000000;0.000000;422069.000000;9668.000000;0.000000;3132.895020
2210.000000;7796.000000;7807.000000;0.000000;487246.000000;9668.000000;0.000000;3134.438477
2211.000000;7796.000000;8604.000000;0.000000;417580.000000;9668.000000;0.000000;3135.936279
2212.000000;7796.000000;6337.000000;0.000000;580936.000000;9668.000000;0.000000;3137.636475
2213.000000;7796.000000;7726.000000;0.000000;473861.000000;9668.000000;0.000000;3139.491455
2214.000000;7796.000000;6584.000000;0.000000;475086.000000;9668.000000;0.000000;3140.794189
2215.000000;7796.000000;7720.000000;0.000000;423532.000000;9668.000000;0.000000;3142.091553
2216.000000;7796.000000;6652.000000;0.000000;486642.000000;9668.000000;0.000000;3143.385010
2217.000000;7796.000000;7520.000000;0.000000;486457.000000;9668.000000;0.000000;3144.697998
2218.000000;7796.000000;7237.000000;0.000000;500119.000000;9668.000000;0.000000;3145.981934
2219.000000;7796.000000;6983.000000;0.000000;418539.000000;9668.000000;0.000000;3147.277344
2220.000000;7796.000000;7110.000000;0.000000;382004.000000;9668.000000;0.000000;3148.585205
2221.000000;7796.000000;7707.000000;0.000000;497673.000000;9668.000000;0.000000;3150.216797
2222.000000;7796.000000;6840.000000;0.000000;444510.000000;9668.000000;0.000000;3151.723633
2223.000000;7796.000000;7204.000000;0.000000;424839.000000;9668.000000;0.000000;3153.232422
2224.000000;7796.000000;6596.000000;0.000000;465345.000000;9668.000000;0.000000;3154.782471
2225.000000;7796.000000;7196.000000;0.000000;436217.000000;9668.000000;0.000000;3156.259521
2226.000000;7796.000000;7505.000000;0.000000;366657.000000;9668.000000;0.000000;3157.740479
2227.000000;7796.000000;7448.000000;0.000000;411521.000000;9668.000000;0.000000;3159.211670
2228.000000;7796.000000;8519.000000;0.000000;499825.000000;9668.000000;0.000000;3160.689209
2229.000000;7796.000000;7983.000000;0.000000;353545.000000;9668.000000;0.000000;3162.172363
2230.000000;7796.000000;6462.000000;0.000000;550831.000000;9668.000000;0.000000;3163.720459
2231.000000;7796.000000;7267.000000;0.000000;579315.000000;9668.000000;0.000000;3165.452881
2232.000000;7796.000000;6480.000000;0.000000;555210.000000;9668.000000;0.000000;3167.092041
2233.000000;7796.000000;6630.000000;0.000000;275673.000000;9668.000000;0.000000;3168.551758
2234.000000;7796.000000;6733.000000;0.000000;365983.000000;9668.000000;0.000000;3169.867920
2235.000000;7796.000000;6483.000000;0.000000;468145.000000;9668.000000;0.000000;3171.163574
2236.000000;7796.000000;5949.000000;0.000000;528072.000000;9668.000000;0.000000;3172.461182
2237.000000;7796.000000;7695.000000;0.000000;267734.000000;9668.000000;0.000000;3173.758789
2238.000000;7796.000000;6762.000000;0.000000;546133.000000;9668.000000;0.000000;3175.089111
2239.000000;7796.000000;6917.000000;0.000000;514769.000000;9668.000000;0.000000;3176.391846
2240.000000;7796.000000;7223.000000;0.000000;444239.000000;9668.000000;0.000000;3177.715576
2241.000000;7796.000000;7543.000000;0.000000;479244.000000;9668.000000;0.000000;3179.369141
2242.000000;7796.000000;5833.000000;0.000000;479548.000000;9668.000000;0.000000;3180.895020
2243.000000;7796.000000;7010.000000;0.000000;331211.000000;9668.000000;0.000000;3182.415283
2244.000000;7796.000000;6683.000000;0.000000;437934.000000;9668.000000;0.000000;3183.920166
2245.000000;7796.000000;6982.000000;0.000000;414799.000000;9668.000000;0.000000;3185.488281
2246.000000;7796.000000;6412.000000;0.000000;491524.000000;9668.000000;0.000000;3186.988037
2247.000000;7796.000000;6846.000000;0.000000;423836.000000;9668.000000;0.000000;3188.478760
2248.000000;7796.000000;6287.000000;0.000000;403981.000000;9668.000000;0.000000;3189.967285
2249.000000;7796.000000;8201.000000;0.000000;481321.000000;9668.000000;0.000000;3191.485352
2250.000000;7796.000000;7011.000000;0.000000;448348.000000;9668.000000;0.000000;3193.013428
2251.000000;7796.000000;7244.000000;0.000000;334609.000000;9668.000000;0.000000;3194.549561
2252.000000;7796.000000;6387.000000;0.000000;415918.000000;9668.000000;0.000000;3196.090088
2253.000000;7796.000000;6892.000000;0.000000;487677.000000;9668.000000;0.000000;3197.592285
2254.000000;7796.000000;7757.000000;0.000000;344681.000000;9668.000000;0.000000;3198.925537
2255.000000;7796.000000;7213.000000;0.000000;503594.000000;9668.000000;0.000000;3200.251953
2256.000000;7796.000000;6918.000000;0.000000;504040.000000;9668.000000;0.000000;3201.581299
2257.000000;7796.000000;6830.000000;0.000000;462336.000000;9668.000000;0.000000;3202.912842
2258.000000;7796.000000;8092.000000;0.000000;376779.000000;9668.000000;0.000000;3204.237793
2259.000000;7796.000000;7481.000000;0.000000;520575.000000;9668.000000;0.000000;3205.597656
2260.000000;7796.000000;8015.000000;0.000000;514225.000000;9668.000000;0.000000;3206.924072
2261.000000;7796.000000;7522.000000;0.000000;494839.000000;9668.000000;0.000000;3208.607178
2262.000000;7796.000000;8298.000000;0.000000;495581.000000;9668.000000;0.000000;3210.152588
2263.000000;7796.000000;6557.000000;0.000000;424075.000000;9668.000000;0.000000;3211.703125
2264.000000;7796.000000;7182.000000;0.000000;436489.000000;9668.000000;0.000000;3213.235596
2265.000000;7796.000000;7065.000000;0.000000;319395.000000;9668.000000;0.000000;3214.793213
2266.000000;7796.000000;6832.000000;0.000000;393378.000000;9668.000000;0.000000;3216.342041
2267.000000;7796.000000;7810.000000;0.000000;546973.000000;9668.000000;0.000000;3217.914062
2268.000000;7796.000000;6866.000000;0.000000;495819.000000;9668.000000;0.000000;3219.427979
2269.000000;7796.000000;7454.000000;0.000000;530230.000000;9668.000000;0.000000;3220.989014
2270.000000;7796.000000;8205.000000;0.000000;446389.000000;9668.000000;0.000000;3222.531738
2271.000000;7796.000000;6587.000000;0.000000;466133.000000;9668.000000;0.000000;3224.193115
2272.000000;7796.000000;7057.000000;0.000000;419971.000000;9668.000000;0.000000;3225.775146
2273.000000;7796.000000;6244.000000;0.000000;411157.000000;9668.000000;0.000000;3227.222900
2274.000000;7796.000000;7164.000000;0.000000;378861.000000;9668.000000;0.000000;3228.565430
2275.000000;7796.000000;6333.000000;0.000000;458956.000000;9668.000000;0.000000;3229.903809
2276.000000;7796.000000;6569.000000;0.000000;421266.000000;9668.000000;0.000000;3231.258545
2277.000000;7796.000000;6841.000000;0.000000;454241.000000;9668.000000;0.000000;3232.757080
2278.000000;7796.000000;6980.000000;0.000000;453268.000000;9668.000000;0.000000;3234.116455
2279.000000;7796.000000;7240.000000;0.000000;435221.000000;9668.000000;0.000000;3235.485840
2280.000000;7796.000000;6912.000000;0.000000;537409.000000;9668.000000;0.000000;3236.839355
2281.000000;7796.000000;7710.000000;0.000000;466589.000000;9668.000000;0.000000;3238.469238
2282.000000;7796.000000;7020.000000;0.000000;419747.000000;9668.000000;0.000000;3239.964844
2283.000000;7796.000000;6524.000000;0.000000;529236.000000;9668.000000;0.000000;3241.459229
2284.000000;7796.000000;6801.000000;0.000000;453075.000000;9668.000000;0.000000;3242.936523
2285.000000;7796.000000;5598.000000;0.000000;557729.000000;9668.000000;0.000000;3244.411377
2286.000000;7796.000000;7206.000000;0.000000;315790.000000;9668.000000;0.000000;3245.915039
2287.000000;7796.000000;6820.000000;0.000000;496851.000000;9668.000000;0.000000;3247.397705
2288.000000;7796.000000;6799.000000;0.000000;524544.000000;9668.000000;0.000000;3248.876465
2289.000000;7796.000000;7541.000000;0.000000;351274.000000;9668.000000;0.000000;3250.354004
2290.000000;7796.000000;7819.000000;0.000000;593461.000000;9668.000000;0.000000;3251.890381
2291.000000;7796.000000;7044.000000;0.000000;376166.000000;9668.000000;0.000000;3253.376465
2292.000000;7796.000000;6457.000000;0.000000;446440.000000;9668.000000;0.000000;3254.864014
2293.000000;7796.000000;7260.000000;0.000000;358573.000000;9668.000000;0.000000;3256.375977
2294.000000;7796.000000;7903.000000;0.000000;411186.000000;9668.000000;0.000000;3257.719971
2295.000000;7796.000000;7352.000000;0.000000;488035.000000;9668.000000;0.000000;3259.076904
2296.000000;7796.000000;7282.000000;0.000000;431685.000000;9668.000000;0.000000;3260.379395
2297.000000;7796.000000;6383.000000;0.000000;499606.000000;9668.000000;0.000000;3261.681152
2298.000000;7796.000000;6407.000000;0.000000;530555.000000;9668.000000;0.000000;3262.982666
2299.000000;7796.000000;7510.000000;0.000000;490506.000000;9668.000000;0.000000;3264.291992
2300.000000;7796.000000;9196.000000;0.000000;300254.000000;9668.000000;0.000000;3265.626465
2301.000000;7796.000000;6065.000000;0.000000;541995.000000;9668.000000;0.000000;3267.237305
2302.000000;7796.000000;6831.000000;0.000000;455561.000000;9668.000000;0.000000;3268.707031
2303.000000;7796.000000;6886.000000;0.000000;457502.000000;9668.000000;0.000000;3270.184082
2304.000000;7796.000000;6704.000000;0.000000;413630.000000;9668.000000;0.000000;3271.641357
2305.000000;7796.000000;7052.000000;0.000000;334737.000000;9668.000000;0.000000;3273.071777
2306.000000;7796.000000;7123.000000;0.000000;447493.000000;9668.000000;0.000000;3274.524414
2307.000000;7796.000000;7517.000000;0.000000;581004.000000;9668.000000;0.000000;3275.995850
2308.000000;7796.000000;8041.000000;0.000000;450423.000000;9668.000000;0.000000;3277.439209
2309.000000;7796.000000;7905.000000;0.000000;416210.000000;9668.000000;0.000000;3278.878662
2310.000000;7796.000000;6473.000000;0.000000;526500.000000;9668.000000;0.000000;3280.368896
2311.000000;7796.000000;7387.000000;0.000000;665671.000000;9668.000000;0.000000;3281.833252
2312.000000;7796.000000;8515.000000;0.000000;458838.000000;9668.000000;0.000000;3283.292480
2313.000000;7796.000000;6498.000000;0.000000;633677.000000;9668.000000;0.000000;3284.871338
2314.000000;7796.000000;6589.000000;0.000000;590237.000000;9668.000000;0.000000;3286.219482
2315.000000;7796.000000;7347.000000;0.000000;375123.000000;9668.000000;0.000000;3287.505615
2316.000000;7796.000000;7108.000000;0.000000;419108.000000;9668.000000;0.000000;3288.790527
2317.000000;7796.000000;7571.000000;0.000000;465378.000000;9668.000000;0.000000;3290.073730
2318.000000;7796.000000;6594.000000;0.000000;404038.000000;9668.000000;0.000000;3291.358398
2319.000000;7796.000000;6885.000000;0.000000;290286.000000;9668.000000;0.000000;3292.639404
2320.000000;7796.000000;7328.000000;0.000000;436568.000000;9668.000000;0.000000;3293.919189
2321.000000;7796.000000;7699.000000;0.000000;346728.000000;9668.000000;0.000000;3295.526367
2322.000000;7796.000000;7082.000000;0.000000;439554.000000;9668.000000;0.000000;3296.983887
2323.000000;7796.000000;8741.000000;0.000000;339639.000000;9668.000000;0.000000;3298.425293
2324.000000;7796.000000;6618.000000;0.000000;417198.000000;9668.000000;0.000000;3299.836426
2325.000000;7796.000000;7302.000000;0.000000;339627.000000;9668.000000;0.000000;3301.240967
2326.000000;7796.000000;7238.000000;0.000000;513807.000000;9668.000000;0.000000;3302.641357
2327.000000;7796.000000;6847.000000;0.000000;435483.000000;9668.000000;0.000000;3304.042480
2328.000000;7796.000000;7682.000000;0.000000;408148.000000;9668.000000;0.000000;3305.466309
2329.000000;7796.000000;6986.000000;0.000000;430735.000000;9668.000000;0.000000;3306.872070
2330.000000;7796.000000;6956.000000;0.000000;374462.000000;9668.000000;0.000000;3308.316406
2331.000000;7796.000000;7117.000000;0.000000;295263.000000;9668.000000;0.000000;3309.735352
2332.000000;7796.000000;6537.000000;0.000000;367895.000000;9668.000000;0.000000;3311.173096
2333.000000;7796.000000;7174.000000;0.000000;534569.000000;9668.000000;0.000000;3312.609131
2334.000000;7796.000000;7091.000000;0.000000;381789.000000;9668.000000;0.000000;3313.986816
2335.000000;7796.000000;7035.000000;0.000000;462918.000000;9668.000000;0.000000;3315.248047
2336.000000;7796.000000;5583.000000;0.000000;500627.000000;9668.000000;0.000000;3316.529785
2337.000000;7796.000000;6641.000000;0.000000;548125.000000;9668.000000;0.000000;3317.782471
2338.000000;7796.000000;7258.000000;0.000000;474295.000000;9668.000000;0.000000;3319.069824
2339.000000;7796.000000;6632.000000;0.000000;386097.000000;9668.000000;0.000000;3320.325195
2340.000000;7796.000000;6859.000000;0.000000;532744.000000;9668.000000;0.000000;3321.582031
2341.000000;7796.000000;6281.000000;0.000000;544895.000000;9668.000000;0.000000;3323.138672
2342.000000;7796.000000;6834.000000;0.000000;366454.000000;9668.000000;0.000000;3324.567871
2343.000000;7796.000000;6980.000000;0.000000;441247.000000;9668.000000;0.000000;3326.108154
2344.000000;7796.000000;6634.000000;0.000000;471915.000000;9668.000000;0.000000;3328.027100
2345.000000;7796.000000;7084.000000;0.000000;519459.000000;9668.000000;0.000000;3330.037598
2346.000000;7796.000000;6410.000000;0.000000;413006.000000;9668.000000;0.000000;3331.415771
2347.000000;7796.000000;7587.000000;0.000000;386797.000000;9668.000000;0.000000;3332.765869
2348.000000;7796.000000;7087.000000;0.000000;495622.000000;9668.000000;0.000000;3334.147461
2349.000000;7796.000000;6091.000000;0.000000;403748.000000;9668.000000;0.000000;3335.604980
2350.000000;7796.000000;6514.000000;0.000000;331622.000000;9668.000000;0.000000;3337.033447
2351.000000;7796.000000;6753.000000;0.000000;529788.000000;9668.000000;0.000000;3338.429932
2352.000000;7796.000000;6772.000000;0.000000;411315.000000;9668.000000;0.000000;3339.819336
2353.000000;7796.000000;6794.000000;0.000000;482006.000000;9668.000000;0.000000;3341.333496
2354.000000;7796.000000;7465.000000;0.000000;420574.000000;9668.000000;0.000000;3342.575439
2355.000000;7796.000000;7227.000000;0.000000;341543.000000;9668.000000;0.000000;3343.816650
2356.000000;7796.000000;6607.000000;0.000000;491885.000000;9668.000000;0.000000;3345.098145
2357.000000;7796.000000;7597.000000;0.000000;437990.000000;9668.000000;0.000000;3346.371338
2358.000000;7796.000000;7280.000000;0.000000;579841.000000;9668.000000;0.000000;3347.607666
2359.000000;7796.000000;7413.000000;0.000000;455593.000000;9668.000000;0.000000;3348.841309
2360.000000;7796.000000;7648.000000;0.000000;366955.000000;9668.000000;0.000000;3350.072510
2361.000000;7796.000000;6539.000000;0.000000;500415.000000;9668.000000;0.000000;3351.591553
2362.000000;7796.000000;7059.000000;0.000000;370440.000000;9668.000000;0.000000;3352.987793
2363.000000;7796.000000;7640.000000;0.000000;472059.000000;9668.000000;0.000000;3354.386475
2364.000000;7796.000000;7438.000000;0.000000;520081.000000;9668.000000;0.000000;3355.797607
2365.000000;7796.000000;7733.000000;0.000000;454467.000000;9668.000000;0.000000;3357.190186
2366.000000;7796.000000;8128.000000;0.000000;309682.000000;9668.000000;0.000000;3358.538818
2367.000000;7796.000000;7360.000000;0.000000;526773.000000;9668.000000;0.000000;3359.888916
2368.000000;7796.000000;7861.000000;0.000000;385248.000000;9668.000000;0.000000;3361.240967
2369.000000;7796.000000;7278.000000;0.000000;524574.000000;9668.000000;0.000000;3362.594971
2370.000000;7796.000000;6781.000000;0.000000;409242.000000;9668.000000;0.000000;3363.942383
2371.000000;7796.000000;7260.000000;0.000000;504704.000000;9668.000000;0.000000;3365.290771
2372.000000;7796.000000;6443.000000;0.000000;405480.000000;9668.000000;0.000000;3366.667969
2373.000000;7796.000000;6701.000000;0.000000;425497.000000;9668.000000;0.000000;3368.039551
2374.000000;7796.000000;6875.000000;0.000000;405587.000000;9668.000000;0.000000;3369.440430
2375.000000;7796.000000;6568.000000;0.000000;575472.000000;9668.000000;0.000000;3370.815918
2376.000000;7796.000000;7789.000000;0.000000;401554.000000;9668.000000;0.000000;3372.190674
2377.000000;7796.000000;6132.000000;0.000000;528268.000000;9668.000000;0.000000;3373.570557
2378.000000;7796.000000;7436.000000;0.000000;326363.000000;9668.000000;0.000000;3374.909180
2379.000000;7796.000000;7532.000000;0.000000;461810.000000;9668.000000;0.000000;3376.155762
2380.000000;7796.000000;7879.000000;0.000000;514278.000000;9668.000000;0.000000;3377.361328
2381.000000;7796.000000;6424.000000;0.000000;464066.000000;9668.000000;0.000000;3378.829102
2382.000000;7796.000000;6557.000000;0.000000;385817.000000;9668.000000;0.000000;3380.197998
2383.000000;7796.000000;7618.000000;0.000000;565671.000000;9668.000000;0.000000;3381.572021
2384.000000;7796.000000;6346.000000;0.000000;453556.000000;9668.000000;0.000000;3382.934326
2385.000000;7796.000000;7011.000000;0.000000;449229.000000;9668.000000;0.000000;3384.291992
2386.000000;7796.000000;8355.000000;0.000000;521223.000000;9668.000000;0.000000;3385.641357
2387.000000;7796.000000;6126.000000;0.000000;486903.000000;9668.000000;0.000000;3387.024658
2388.000000;7796.000000;6799.000000;0.000000;480465.000000;9668.000000;0.000000;3388.440186
2389.000000;7796.000000;7549.000000;0.000000;411923.000000;9668.000000;0.000000;3389.812500
2390.000000;7796.000000;7224.000000;0.000000;362346.000000;9668.000000;0.000000;3391.206055
2391.000000;7796.000000;6294.000000;0.000000;368974.000000;9668.000000;0.000000;3392.597168
2392.000000;7796.000000;7266.000000;0.000000;436164.000000;9668.000000;0.000000;3393.996826
2393.000000;7796.000000;7011.000000;0.000000;444929.000000;9668.000000;0.000000;3395.376221
2394.000000;7796.000000;6422.000000;0.000000;464479.000000;9668.000000;0.000000;3396.795410
2395.000000;7796.000000;6459.000000;0.000000;448841.000000;9668.000000;0.000000;3398.043701
2396.000000;7796.000000;5931.000000;0.000000;397060.000000;9668.000000;0.000000;3399.341309
2397.000000;7796.000000;7645.000000;0.000000;382021.000000;9668.000000;0.000000;3400.564697
2398.000000;7796.000000;8406.000000;0.000000;448435.000000;9668.000000;0.000000;3401.784668
2399.000000;7796.000000;6943.000000;0.000000;430042.000000;9668.000000;0.000000;3403.052734
2400.000000;7796.000000;9215.000000;0.000000;410506.000000;9668.000000;0.000000;3404.321777
2401.000000;7796.000000;6674.000000;0.000000;406000.000000;9668.000000;0.000000;3405.827148
2402.000000;7796.000000;8606.000000;0.000000;503853.000000;9668.000000;0.000000;3407.240967
2403.000000;7796.000000;6585.000000;0.000000;481182.000000;9668.000000;0.000000;3408.629395
2404.000000;7796.000000;7542.000000;0.000000;403135.000000;9668.000000;0.000000;3410.011475
2405.000000;7796.000000;7672.000000;0.000000;495570.000000;9668.000000;0.000000;3411.377441
2406.000000;7796.000000;7751.000000;0.000000;372717.000000;9668.000000;0.000000;3412.767822
2407.000000;7796.000000;6343.000000;0.000000;464865.000000;9668.000000;0.000000;3414.134277
2408.000000;7796.000000;7693.000000;0.000000;366014.000000;9668.000000;0.000000;3415.495850
2409.000000;7796.000000;7385.000000;0.000000;425901.000000;9668.000000;0.000000;3416.897217
2410.000000;7796.000000;5705.000000;0.000000;478683.000000;9668.000000;0.000000;3418.327148
2411.000000;7796.000000;6970.000000;0.000000;411993.000000;9668.000000;0.000000;3419.737549
2412.000000;7796.000000;6312.000000;0.000000;391626.000000;9668.000000;0.000000;3421.144043
2413.000000;7796.000000;6530.000000;0.000000;381424.000000;9668.000000;0.000000;3422.534180
2414.000000;7796.000000;7452.000000;0.000000;504376.000000;9668.000000;0.000000;3423.916016
2415.000000;7796.000000;6314.000000;0.000000;482060.000000;9668.000000;0.000000;3425.160156
2416.000000;7796.000000;7396.000000;0.000000;415920.000000;9668.000000;0.000000;3426.421631
2417.000000;7796.000000;7920.000000;0.000000;405066.000000;9668.000000;0.000000;3427.650879
2418.000000;7796.000000;7921.000000;0.000000;397574.000000;9668.000000;0.000000;3428.877441
2419.000000;7796.000000;7139.000000;0.000000;526596.000000;9668.000000;0.000000;3430.114258
2420.000000;7796.000000;6293.000000;0.000000;371329.000000;9668.000000;0.000000;3431.354492
2421.000000;7796.000000;7953.000000;0.000000;411447.000000;9668.000000;0.000000;3432.870605
2422.000000;7796.000000;6549.000000;0.000000;474584.000000;9668.000000;0.000000;3434.265381
2423.000000;7796.000000;6415.000000;0.000000;442654.000000;9668.000000;0.000000;3435.668701
2424.000000;7796.000000;7317.000000;0.000000;586292.000000;9668.000000;0.000000;3437.090088
2425.000000;7796.000000;6757.000000;0.000000;378402.000000;9668.000000;0.000000;3438.465820
2426.000000;7796.000000;7073.000000;0.000000;533818.000000;9668.000000;0.000000;3439.838867
2427.000000;7796.000000;6791.000000;0.000000;379741.000000;9668.000000;0.000000;3441.215088
2428.000000;7796.000000;7258.000000;0.000000;327338.000000;9668.000000;0.000000;3442.590820
2429.000000;7796.000000;7673.000000;0.000000;489244.000000;9668.000000;0.000000;3443.965088
2430.000000;7796.000000;7033.000000;0.000000;455405.000000;9668.000000;0.000000;3445.399658
2431.000000;7796.000000;7045.000000;0.000000;533671.000000;9668.000000;0.000000;3446.839355
2432.000000;7796.000000;6898.000000;0.000000;427102.000000;9668.000000;0.000000;3448.248535
2433.000000;7796.000000;5532.000000;0.000000;450891.000000;9668.000000;0.000000;3449.656250
2434.000000;7796.000000;6430.000000;0.000000;432962.000000;9668.000000;0.000000;3451.040283
2435.000000;7796.000000;7089.000000;0.000000;367890.000000;9668.000000;0.000000;3452.284180
2436.000000;7796.000000;6632.000000;0.000000;356458.000000;9668.000000;0.000000;3453.547363
2437.000000;7796.000000;6675.000000;0.000000;340077.000000;9668.000000;0.000000;3454.788086
2438.000000;7796.000000;7602.000000;0.000000;344731.000000;9668.000000;0.000000;3456.027344
2439.000000;7796.000000;7352.000000;0.000000;324883.000000;9668.000000;0.000000;3457.302002
2440.000000;7796.000000;7026.000000;0.000000;419635.000000;9668.000000;0.000000;3458.546387
2441.000000;7796.000000;6179.000000;0.000000;284156.000000;9668.000000;0.000000;3460.081543
2442.000000;7796.000000;8596.000000;0.000000;389998.000000;9668.000000;0.000000;3461.501953
2443.000000;7796.000000;6653.000000;0.000000;430999.000000;9668.000000;0.000000;3462.918457
2444.000000;7796.000000;5824.000000;0.000000;605927.000000;9668.000000;0.000000;3464.440918
2445.000000;7796.000000;7563.000000;0.000000;501486.000000;9668.000000;0.000000;3465.835205
2446.000000;7796.000000;6391.000000;0.000000;496130.000000;9668.000000;0.000000;3467.261230
2447.000000;7796.000000;6561.000000;0.000000;438434.000000;9668.000000;0.000000;3468.650635
2448.000000;7796.000000;7666.000000;0.000000;285990.000000;9668.000000;0.000000;3470.044434
2449.000000;7796.000000;6274.000000;0.000000;368387.000000;9668.000000;0.000000;3471.433350
2450.000000;7796.000000;8193.000000;0.000000;439585.000000;9668.000000;0.000000;3472.864502
2451.000000;7796.000000;7621.000000;0.000000;353058.000000;9668.000000;0.000000;3474.273193
2452.000000;7796.000000;7803.000000;0.000000;553782.000000;9668.000000;0.000000;3475.682373
2453.000000;7796.000000;6557.000000;0.000000;390316.000000;9668.000000;0.000000;3477.123535
2454.000000;7796.000000;7038.000000;0.000000;439532.000000;9668.000000;0.000000;3478.500732
2455.000000;7796.000000;6340.000000;0.000000;512590.000000;9668.000000;0.000000;3479.760254
2456.000000;7796.000000;7014.000000;0.000000;438054.000000;9668.000000;0.000000;3481.018799
2457.000000;7796.000000;7870.000000;0.000000;310522.000000;9668.000000;0.000000;3482.275879
2458.000000;7796.000000;7117.000000;0.000000;421790.000000;9668.000000;0.000000;3483.526611
2459.000000;7796.000000;7814.000000;0.000000;407862.000000;9668.000000;0.000000;3484.776611
2460.000000;7796.000000;6811.000000;0.000000;595708.000000;9668.000000;0.000000;3486.027344
2461.000000;7796.000000;6039.000000;0.000000;446969.000000;9668.000000;0.000000;3487.608887
2462.000000;7796.000000;5977.000000;0.000000;312914.000000;9668.000000;0.000000;3489.040771
2463.000000;7796.000000;7051.000000;0.000000;475093.000000;9668.000000;0.000000;3490.470215
2464.000000;7796.000000;7311.000000;0.000000;469289.000000;9668.000000;0.000000;3491.885498
2465.000000;7796.000000;8262.000000;0.000000;460437.000000;9668.000000;0.000000;3493.291992
2466.000000;7796.000000;6897.000000;0.000000;428223.000000;9668.000000;0.000000;3494.690918
2467.000000;7796.000000;7298.000000;0.000000;313838.000000;9668.000000;0.000000;3496.298584
2468.000000;7796.000000;6814.000000;0.000000;452953.000000;9668.000000;0.000000;3497.728271
2469.000000;7796.000000;6699.000000;0.000000;345494.000000;9668.000000;0.000000;3499.126953
2470.000000;7796.000000;8203.000000;0.000000;374373.000000;9668.000000;0.000000;3500.570557
2471.000000;7796.000000;7632.000000;0.000000;431171.000000;9668.000000;0.000000;3501.989502
2472.000000;7796.000000;7443.000000;0.000000;549210.000000;9668.000000;0.000000;3503.416504
2473.000000;7796.000000;8736.000000;0.000000;319213.000000;9668.000000;0.000000;3504.844238
2474.000000;7796.000000;7271.000000;0.000000;386394.000000;9668.000000;0.000000;3506.202393
2475.000000;7796.000000;7128.000000;0.000000;493067.000000;9668.000000;0.000000;3507.536621
2476.000000;7796.000000;8018.000000;0.000000;497077.000000;9668.000000;0.000000;3508.846191
2477.000000;7796.000000;6831.000000;0.000000;363074.000000;9668.000000;0.000000;3510.118164
2478.000000;7796.000000;6706.000000;0.000000;391285.000000;9668.000000;0.000000;3511.383789
2479.000000;7796.000000;7549.000000;0.000000;368209.000000;9668.000000;0.000000;3512.645020
2480.000000;7796.000000;7960.000000;0.000000;346149.000000;9668.000000;0.000000;3513.913574
2481.000000;7796.000000;6398.000000;0.000000;464466.000000;9668.000000;0.000000;3515.481445
2482.000000;7796.000000;5473.000000;0.000000;469153.000000;9668.000000;0.000000;3516.961914
2483.000000;7796.000000;6429.000000;0.000000;497384.000000;9668.000000;0.000000;3518.414307
2484.000000;7796.000000;6314.000000;0.000000;580738.000000;9668.000000;0.000000;3519.848389
2485.000000;7796.000000;7391.000000;0.000000;339239.000000;9668.000000;0.000000;3521.275391
2486.000000;7796.000000;6693.000000;0.000000;430978.000000;9668.000000;0.000000;3522.695312
2487.000000;7796.000000;6343.000000;0.000000;458870.000000;9668.000000;0.000000;3524.183594
2488.000000;7796.000000;7295.000000;0.000000;507500.000000;9668.000000;0.000000;3525.611084
2489.000000;7796.000000;7905.000000;0.000000;449294.000000;9668.000000;0.000000;3527.060303
2490.000000;7796.000000;7165.000000;0.000000;519134.000000;9668.000000;0.000000;3528.529541
2491.000000;7796.000000;6537.000000;0.000000;432420.000000;9668.000000;0.000000;3529.973633
2492.000000;7796.000000;7020.000000;0.000000;503570.000000;9668.000000;0.000000;3531.414795
2493.000000;7796.000000;5487.000000;0.000000;404379.000000;9668.000000;0.000000;3532.856201
2494.000000;7796.000000;6997.000000;0.000000;515073.000000;9668.000000;0.000000;3534.233398
2495.000000;7796.000000;6862.000000;0.000000;583447.000000;9668.000000;0.000000;3535.500244
2496.000000;7796.000000;7651.000000;0.000000;444128.000000;9668.000000;0.000000;3536.771240
2497.000000;7796.000000;7446.000000;0.000000;392189.000000;9668.000000;0.000000;3538.114014
2498.000000;7796.000000;7686.000000;0.000000;457160.000000;9668.000000;0.000000;3539.407715
2499.000000;7796.000000;7323.000000;0.000000;261087.000000;9668.000000;0.000000;3540.687500
2500.000000;7796.000000;7676.000000;0.000000;447573.000000;9668.000000;0.000000;3541.964355
2501.000000;7796.000000;7480.000000;0.000000;388403.000000;9668.000000;0.000000;3543.552979
2502.000000;7796.000000;7035.000000;0.000000;390964.000000;9668.000000;0.000000;3545.022461
2503.000000;7796.000000;6037.000000;0.000000;535136.000000;9668.000000;0.000000;3546.499756
2504.000000;7796.000000;8894.000000;0.000000;503455.000000;9668.000000;0.000000;3547.975098
2505.000000;7796.000000;7588.000000;0.000000;439949.000000;9668.000000;0.000000;3549.411133
2506.000000;7796.000000;8385.000000;0.000000;485277.000000;9668.000000;0.000000;3550.846680
2507.000000;7796.000000;7595.000000;0.000000;521765.000000;9668.000000;0.000000;3552.281738
2508.000000;7796.000000;6664.000000;0.000000;451732.000000;9668.000000;0.000000;3553.716797
2509.000000;7796.000000;9454.000000;0.000000;450294.000000;9668.000000;0.000000;3555.147705
2510.000000;7796.000000;6474.000000;0.000000;479202.000000;9668.000000;0.000000;3556.588135
2511.000000;7796.000000;6979.000000;0.000000;479080.000000;9668.000000;0.000000;3558.073730
2512.000000;7796.000000;6855.000000;0.000000;468592.000000;9668.000000;0.000000;3559.537842
2513.000000;7796.000000;6572.000000;0.000000;473791.000000;9668.000000;0.000000;3560.990967
2514.000000;7796.000000;6174.000000;0.000000;371577.000000;9668.000000;0.000000;3562.452393
2515.000000;7796.000000;7635.000000;0.000000;363459.000000;9668.000000;0.000000;3563.898682
2516.000000;7796.000000;7185.000000;0.000000;433294.000000;9668.000000;0.000000;3565.186768
2517.000000;7796.000000;7305.000000;0.000000;370077.000000;9668.000000;0.000000;3566.478271
2518.000000;7796.000000;7051.000000;0.000000;437647.000000;9668.000000;0.000000;3567.812988
2519.000000;7796.000000;6242.000000;0.000000;483989.000000;9668.000000;0.000000;3569.110107
2520.000000;7796.000000;6944.000000;0.000000;555339.000000;9668.000000;0.000000;3570.405762
2521.000000;7796.000000;7055.000000;0.000000;536401.000000;9668.000000;0.000000;3572.104736
2522.000000;7796.000000;5825.000000;0.000000;435846.000000;9668.000000;0.000000;3573.613525
2523.000000;7796.000000;7864.000000;0.000000;417188.000000;9668.000000;0.000000;3575.115234
2524.000000;7796.000000;7265.000000;0.000000;502107.000000;9668.000000;0.000000;3576.593018
2525.000000;7796.000000;7029.000000;0.000000;553324.000000;9668.000000;0.000000;3578.079590
2526.000000;7796.000000;6331.000000;0.000000;460077.000000;9668.000000;0.000000;3579.534912
2527.000000;7796.000000;7231.000000;0.000000;499186.000000;9668.000000;0.000000;3580.982910
2528.000000;7796.000000;7925.000000;0.000000;431177.000000;9668.000000;0.000000;3582.432129
2529.000000;7796.000000;7979.000000;0.000000;346747.000000;9668.000000;0.000000;3583.946045
2530.000000;7796.000000;7876.000000;0.000000;334023.000000;9668.000000;0.000000;3585.435547
2531.000000;7796.000000;7351.000000;0.000000;435496.000000;9668.000000;0.000000;3586.908447
2532.000000;7796.000000;6208.000000;0.000000;501260.000000;9668.000000;0.000000;3588.409912
2533.000000;7796.000000;7947.000000;0.000000;518716.000000;9668.000000;0.000000;3589.778320
2534.000000;7796.000000;7160.000000;0.000000;356526.000000;9668.000000;0.000000;3591.064941
2535.000000;7796.000000;8740.000000;0.000000;395213.000000;9668.000000;0.000000;3592.358398
2536.000000;7796.000000;6758.000000;0.000000;533053.000000;9668.000000;0.000000;3593.654541
2537.000000;7796.000000;6743.000000;0.000000;380352.000000;9668.000000;0.000000;3594.945557
2538.000000;7796.000000;6886.000000;0.000000;387001.000000;9668.000000;0.000000;3596.255859
2539.000000;7796.000000;6927.000000;0.000000;547992.000000;9668.000000;0.000000;3597.597900
2540.000000;7796.000000;6907.000000;0.000000;352728.000000;9668.000000;0.000000;3598.920410
2541.000000;7796.000000;6337.000000;0.000000;420512.000000;9668.000000;0.000000;3600.565674
0.000000;0.000000;0.000000;0.000000;0.000000;0.000000;0.000000;0.000000
0.000000;0.000000;0.000000;0.000000;0.000000;0.000000;0.000000;0.000000
0.000000;0.000000;0.000000;0.000000;0.000000;0.000000;0.000000;0.000000
0.000000;0.000000;0.000000;0.000000;0.000000;0.000000;0.000000;0.000000
0.000000;0.000000;0.000000;0.000000;0.000000;0.000000;0.000000;0.000000
0.000000;0.000000;0.000000;0.000000;0.000000;0.000000;0.000000;0.000000
0.000000;0.000000;0.000000;0.000000;0.000000;0.000000;0.000000;0.000000
0.000000;0.000000;0.000000;0.000000;0.000000;0.000000;0.000000;0.000000
0.000000;0.000000;0.000000;0.000000;0.000000;0.000000;0.000000;0.000000
0.000000;0.000000;0.000000;0.000000;0.000000;0.000000;0.000000;0.000000
0.000000;0.000000;0.000000;0.000000;0.000000;0.000000;0.000000;0.000000
0.000000;0.000000;0.000000;0.000000;0.000000;0.000000;0.000000;0.000000
0.000000;0.000000;0.000000;0.000000;0.000000;0.000000;0.000000;0.000000
0.000000;0.000000;0.000000;0.000000;0.000000;0.000000;0.000000;0.000000
0.000000;0.000000;0.000000;0.000000;0.000000;0.000000;0.000000;0.000000
0.000000;0.000000;0.000000;0.000000;0.000000;0.000000;0.000000;0.000000
0.000000;0.000000;0.000000;0.000000;0.000000;0.000000;0.000000;0.000000
0.000000;0.000000;0.000000;0.000000;0.000000;0.000000;0.000000;0.000000
0.000000;0.000000;0.000000;0.000000;0.000000;0.000000;0.000000;0.000000
0.000000;0.000000;0.000000;0.000000;0.000000;0.000000;0.000000;0.000000
0.000000;0.000000;0.000000;0.000000;0.000000;0.000000;0.000000;0.000000
0.000000;0.000000;0.000000;0.000000;0.000000;0.000000;0.000000;0.000000
0.000000;0.000000;0.000000;0.000000;0.000000;0.000000;0.000000;0.000000
0.000000;0.000000;0.000000;0.000000;0.000000;0.000000;0.000000;0.000000
0.000000;0.000000;0.000000;0.000000;0.000000;0.000000;0.000000;0.000000
0.000000;0.000000;0.000000;0.000000;0.000000;0.000000;0.000000;0.000000
0.000000;0.000000;0.000000;0.000000;0.000000;0.000000;0.000000;0.000000
0.000000;0.000000;0.000000;0.000000;0.000000;0.000000;0.000000;0.000000
0.000000;0.000000;0.000000;0.000000;0.000000;0.000000;0.000000;0.000000
0.000000;0.000000;0.000000;0.000000;0.000000;0.000000;0.000000;0.000000
0.000000;0.000000;0.000000;0.000000;0.000000;0.000000;0.000000;0.000000
0.000000;0.000000;0.000000;0.000000;0.000000;0.000000;0.000000;0.000000
0.000000;0.000000;0.000000;0.000000;0.000000;0.000000;0.000000;0.000000
0.000000;0.000000;0.000000;0.000000;0.000000;0.000000;0.000000;0.000000
0.000000;0.000000;0.000000;0.000000;0.000000;0.000000;0.000000;0.000000
0.000000;0.000000;0.000000;0.000000;0.000000;0.000000;0.000000;0.000000
0.000000;0.000000;0.000000;0.000000;0.000000;0.000000;0.000000;0.000000
0.000000;0.000000;0.000000;0.000000;0.000000;0.000000;0.000000;0.000000
0.000000;0.000000;0.000000;0.000000;0.000000;0.000000;0.000000;0.000000
0.000000;0.000000;0.000000;0.000000;0.000000;0.000000;0.000000;0.000000
0.000000;0.000000;0.000000;0.000000;0.000000;0.000000;0.000000;0.000000
0.000000;0.000000;0.000000;0.000000;0.000000;0.000000;0.000000;0.000000
0.000000;0.000000;0.000000;0.000000;0.000000;0.000000;0.000000;0.000000
0.000000;0.000000;0.000000;0.000000;0.000000;0.000000;0.000000;0.000000
0.000000;0.000000;0.000000;0.000000;0.000000;0.000000;0.000000;0.000000
0.000000;0.000000;0.000000;0.000000;0.000000;0.000000;0.000000;0.000000
0.000000;0.000000;0.000000;0.000000;0.000000;0.000000;0.000000;0.000000
0.000000;0.000000;0.000000;0.000000;0.000000;0.000000;0.000000;0.000000
0.000000;0.000000;0.000000;0.000000;0.000000;0.000000;0.000000;0.000000
0.000000;0.000000;0.000000;0.000000;0.000000;0.000000;0.000000;0.000000
0.000000;0.000000;0.000000;0.000000;0.000000;0.000000;0.000000;0.000000
0.000000;0.000000;0.000000;0.000000;0.000000;0.000000;0.000000;0.000000
0.000000;0.000000;0.000000;0.000000;0.000000;0.000000;0.000000;0.000000
0.000000;0.000000;0.000000;0.000000;0.000000;0.000000;0.000000;0.000000
0.000000;0.000000;0.000000;0.000000;0.000000;0.000000;0.000000;0.000000
0.000000;0.000000;0.000000;0.000000;0.000000;0.000000;0.000000;0.000000
0.000000;0.000000;0.000000;0.000000;0.000000;0.000000;0.000000;0.000000
0.000000;0.000000;0.000000;0.000000;0.000000;0.000000;0.000000;0.000000
0.000000;0.000000;0.000000;0.000000;0.000000;0.000000;0.000000;0.000000
0.000000;0.000000;0.000000;0.000000;0.000000;0.000000;0.000000;0.000000
0.000000;0.000000;0.000000;0.000000;0.000000;0.000000;0.000000;0.000000
0.000000;0.000000;0.000000;0.000000;0.000000;0.000000;0.000000;0.000000
0.000000;0.000000;0.000000;0.000000;0.000000;0.000000;0.000000;0.000000
0.000000;0.000000;0.000000;0.000000;0.000000;0.000000;0.000000;0.000000
0.000000;0.000000;0.000000;0.000000;0.000000;0.000000;0.000000;0.000000
0.000000;0.000000;0.000000;0.000000;0.000000;0.000000;0.000000;0.000000
0.000000;0.000000;0.000000;0.000000;0.000000;0.000000;0.000000;0.000000
0.000000;0.000000;0.000000;0.000000;0.000000;0.000000;0.000000;0.000000
0.000000;0.000000;0.000000;0.000000;0.000000;0.000000;0.000000;0.000000
0.000000;0.000000;0.000000;0.000000;0.000000;0.000000;0.000000;0.000000
0.000000;0.000000;0.000000;0.000000;0.000000;0.000000;0.000000;0.000000
0.000000;0.000000;0.000000;0.000000;0.000000;0.000000;0.000000;0.000000
0.000000;0.000000;0.000000;0.000000;0.000000;0.000000;0.000000;0.000000
0.000000;0.000000;0.000000;0.000000;0.000000;0.000000;0.000000;0.000000
0.000000;0.000000;0.000000;0.000000;0.000000;0.000000;0.000000;0.000000
0.000000;0.000000;0.000000;0.000000;0.000000;0.000000;0.000000;0.000000
0.000000;0.000000;0.000000;0.000000;0.000000;0.000000;0.000000;0.000000
0.000000;0.000000;0.000000;0.000000;0.000000;0.000000;0.000000;0.000000
0.000000;0.000000;0.000000;0.000000;0.000000;0.000000;0.000000;0.000000
0.000000;0.000000;0.000000;0.000000;0.000000;0.000000;0.000000;0.000000
0.000000;0.000000;0.000000;0.000000;0.000000;0.000000;0.000000;0.000000
0.000000;0.000000;0.000000;0.000000;0.000000;0.000000;0.000000;0.000000
0.000000;0.000000;0.000000;0.000000;0.000000;0.000000;0.000000;0.000000
0.000000;0.000000;0.000000;0.000000;0.000000;0.000000;0.000000;0.000000
0.000000;0.000000;0.000000;0.000000;0.000000;0.000000;0.000000;0.000000
0.000000;0.000000;0.000000;0.000000;0.000000;0.000000;0.000000;0.000000
0.000000;0.000000;0.000000;0.000000;0.000000;0.000000;0.000000;0.000000
0.000000;0.000000;0.000000;0.000000;0.000000;0.000000;0.000000;0.000000
0.000000;0.000000;0.000000;0.000000;0.000000;0.000000;0.000000;0.000000
0.000000;0.000000;0.000000;0.000000;0.000000;0.000000;0.000000;0.000000
0.000000;0.000000;0.000000;0.000000;0.000000;0.000000;0.000000;0.000000
0.000000;0.000000;0.000000;0.000000;0.000000;0.000000;0.000000;0.000000
0.000000;0.000000;0.000000;0.000000;0.000000;0.000000;0.000000;0.000000
0.000000;0.000000;0.000000;0.000000;0.000000;0.000000;0.000000;0.000000
0.000000;0.000000;0.000000;0.000000;0.000000;0.000000;0.000000;0.000000
0.000000;0.000000;0.000000;0.000000;0.000000;0.000000;0.000000;0.000000
0.000000;0.000000;0.000000;0.000000;0.000000;0.000000;0.000000;0.000000
0.000000;0.000000;0.000000;0.000000;0.000000;0.000000;0.000000;0.000000
0.000000;0.000000;0.000000;0.000000;0.000000;0.000000;0.000000;0.000000
0.000000;0.000000;0.000000;0.000000;0.000000;0.000000;0.000000;0.000000
0.000000;0.000000;0.000000;0.000000;0.000000;0.000000;0.000000;0.000000
0.000000;0.000000;0.000000;0.000000;0.000000;0.000000;0.000000;0.000000
0.000000;0.000000;0.000000;0.000000;0.000000;0.000000;0.000000;0.000000
0.000000;0.000000;0.000000;0.000000;0.000000;0.000000;0.000000;0.000000
0.000000;0.000000;0.000000;0.000000;0.000000;0.000000;0.000000;0.000000
0.000000;0.000000;0.000000;0.000000;0.000000;0.000000;0.000000;0.000000
0.000000;0.000000;0.000000;0.000000;0.000000;0.000000;0.000000;0.000000
0.000000;0.000000;0.000000;0.000000;0.000000;0.000000;0.000000;0.000000
0.000000;0.000000;0.000000;0.000000;0.000000;0.000000;0.000000;0.000000
0.000000;0.000000;0.000000;0.000000;0.000000;0.000000;0.000000;0.000000
0.000000;0.000000;0.000000;0.000000;0.000000;0.000000;0.000000;0.000000
0.000000;0.000000;0.000000;0.000000;0.000000;0.000000;0.000000;0.000000
0.000000;0.000000;0.000000;0.000000;0.000000;0.000000;0.000000;0.000000
0.000000;0.000000;0.000000;0.000000;0.000000;0.000000;0.000000;0.000000
0.000000;0.000000;0.000000;0.000000;0.000000;0.000000;0.000000;0.000000
0.000000;0.000000;0.000000;0.000000;0.000000;0.000000;0.000000;0.000000
0.000000;0.000000;0.000000;0.000000;0.000000;0.000000;0.000000;0.000000
0.000000;0.000000;0.000000;0.000000;0.000000;0.000000;0.000000;0.000000
0.000000;0.000000;0.000000;0.000000;0.000000;0.000000;0.000000;0.000000
0.000000;0.000000;0.000000;0.000000;0.000000;0.000000;0.000000;0.000000
0.000000;0.000000;0.000000;0.000000;0.000000;0.000000;0.000000;0.000000
0.000000;0.000000;0.000000;0.000000;0.000000;0.000000;0.000000;0.000000
0.000000;0.000000;0.000000;0.000000;0.000000;0.000000;0.000000;0.000000
0.000000;0.000000;0.000000;0.000000;0.000000;0.000000;0.000000;0.000000
0.000000;0.000000;0.000000;0.000000;0.000000;0.000000;0.000000;0.000000
0.000000;0.000000;0.000000;0.000000;0.000000;0.000000;0.000000;0.000000
0.000000;0.000000;0.000000;0.000000;0.000000;0.000000;0.000000;0.000000
0.000000;0.000000;0.000000;0.000000;0.000000;0.000000;0.000000;0.000000
0.000000;0.000000;0.000000;0.000000;0.000000;0.000000;0.000000;0.000000
0.000000;0.000000;0.000000;0.000000;0.000000;0.000000;0.000000;0.000000
0.000000;0.000000;0.000000;0.000000;0.000000;0.000000;0.000000;0.000000
0.000000;0.000000;0.000000;0.000000;0.000000;0.000000;0.000000;0.000000
0.000000;0.000000;0.000000;0.000000;0.000000;0.000000;0.000000;0.000000
0.000000;0.000000;0.000000;0.000000;0.000000;0.000000;0.000000;0.000000
0.000000;0.000000;0.000000;0.000000;0.000000;0.000000;0.000000;0.000000
0.000000;0.000000;0.000000;0.000000;0.000000;0.000000;0.000000;0.000000
0.000000;0.000000;0.000000;0.000000;0.000000;0.000000;0.000000;0.000000
0.000000;0.000000;0.000000;0.000000;0.000000;0.000000;0.000000;0.000000
0.000000;0.000000;0.000000;0.000000;0.000000;0.000000;0.000000;0.000000
0.000000;0.000000;0.000000;0.000000;0.000000;0.000000;0.000000;0.000000
0.000000;0.000000;0.000000;0.000000;0.000000;0.000000;0.000000;0.000000
0.000000;0.000000;0.000000;0.000000;0.000000;0.000000;0.000000;0.000000
0.000000;0.000000;0.000000;0.000000;0.000000;0.000000;0.000000;0.000000
0.000000;0.000000;0.000000;0.000000;0.000000;0.000000;0.000000;0.000000
0.000000;0.000000;0.000000;0.000000;0.000000;0.000000;0.000000;0.000000
0.000000;0.000000;0.000000;0.000000;0.000000;0.000000;0.000000;0.000000
0.000000;0.000000;0.000000;0.000000;0.000000;0.000000;0.000000;0.000000
0.000000;0.000000;0.000000;0.000000;0.000000;0.000000;0.000000;0.000000
0.000000;0.000000;0.000000;0.000000;0.000000;0.000000;0.000000;0.000000
0.000000;0.000000;0.000000;0.000000;0.000000;0.000000;0.000000;0.000000
0.000000;0.000000;0.000000;0.000000;0.000000;0.000000;0.000000;0.000000
0.000000;0.000000;0.000000;0.000000;0.000000;0.000000;0.000000;0.000000
0.000000;0.000000;0.000000;0.000000;0.000000;0.000000;0.000000;0.000000
0.000000;0.000000;0.000000;0.000000;0.000000;0.000000;0.000000;0.000000
0.000000;0.000000;0.000000;0.000000;0.000000;0.000000;0.000000;0.000000
0.000000;0.000000;0.000000;0.000000;0.000000;0.000000;0.000000;0.000000
0.000000;0.000000;0.000000;0.000000;0.000000;0.000000;0.000000;0.000000
0.000000;0.000000;0.000000;0.000000;0.000000;0.000000;0.000000;0.000000
0.000000;0.000000;0.000000;0.000000;0.000000;0.000000;0.000000;0.000000
0.000000;0.000000;0.000000;0.000000;0.000000;0.000000;0.000000;0.000000
0.000000;0.000000;0.000000;0.000000;0.000000;0.000000;0.000000;0.000000
0.000000;0.000000;0.000000;0.000000;0.000000;0.000000;0.000000;0.000000
0.000000;0.000000;0.000000;0.000000;0.000000;0.000000;0.000000;0.000000
0.000000;0.000000;0.000000;0.000000;0.000000;0.000000;0.000000;0.000000
0.000000;0.000000;0.000000;0.000000;0.000000;0.000000;0.000000;0.000000
0.000000;0.000000;0.000000;0.000000;0.000000;0.000000;0.000000;0.000000
0.000000;0.000000;0.000000;0.000000;0.000000;0.000000;0.000000;0.000000
0.000000;0.000000;0.000000;0.000000;0.000000;0.000000;0.000000;0.000000
0.000000;0.000000;0.000000;0.000000;0.000000;0.000000;0.000000;0.000000
0.000000;0.000000;0.000000;0.000000;0.000000;0.000000;0.000000;0.000000
0.000000;0.000000;0.000000;0.000000;0.000000;0.000000;0.000000;0.000000
0.000000;0.000000;0.000000;0.000000;0.000000;0.000000;0.000000;0.000000
0.000000;0.000000;0.000000;0.000000;0.000000;0.000000;0.000000;0.000000
0.000000;0.000000;0.000000;0.000000;0.000000;0.000000;0.000000;0.000000
0.000000;0.000000;0.000000;0.000000;0.000000;0.000000;0.000000;0.000000
0.000000;0.000000;0.000000;0.000000;0.000000;0.000000;0.000000;0.000000
0.000000;0.000000;0.000000;0.000000;0.000000;0.000000;0.000000;0.000000
0.000000;0.000000;0.000000;0.000000;0.000000;0.000000;0.000000;0.000000
0.000000;0.000000;0.000000;0.000000;0.000000;0.000000;0.000000;0.000000
0.000000;0.000000;0.000000;0.000000;0.000000;0.000000;0.000000;0.000000
0.000000;0.000000;0.000000;0.000000;0.000000;0.000000;0.000000;0.000000
0.000000;0.000000;0.000000;0.000000;0.000000;0.000000;0.000000;0.000000
0.000000;0.000000;0.000000;0.000000;0.000000;0.000000;0.000000;0.000000
0.000000;0.000000;0.000000;0.000000;0.000000;0.000000;0.000000;0.000000
0.000000;0.000000;0.000000;0.000000;0.000000;0.000000;0.000000;0.000000
0.000000;0.000000;0.000000;0.000000;0.000000;0.000000;0.000000;0.000000
0.000000;0.000000;0.000000;0.000000;0.000000;0.000000;0.000000;0.000000
0.000000;0.000000;0.000000;0.000000;0.000000;0.000000;0.000000;0.000000
0.000000;0.000000;0.000000;0.000000;0.000000;0.000000;0.000000;0.000000
0.000000;0.000000;0.000000;0.000000;0.000000;0.000000;0.000000;0.000000
0.000000;0.000000;0.000000;0.000000;0.000000;0.000000;0.000000;0.000000
0.000000;0.000000;0.000000;0.000000;0.000000;0.000000;0.000000;0.000000
0.000000;0.000000;0.000000;0.000000;0.000000;0.000000;0.000000;0.000000
0.000000;0.000000;0.000000;0.000000;0.000000;0.000000;0.000000;0.000000
0.000000;0.000000;0.000000;0.000000;0.000000;0.000000;0.000000;0.000000
0.000000;0.000000;0.000000;0.000000;0.000000;0.000000;0.000000;0.000000
0.000000;0.000000;0.000000;0.000000;0.000000;0.000000;0.000000;0.000000
0.000000;0.000000;0.000000;0.000000;0.000000;0.000000;0.000000;0.000000
0.000000;0.000000;0.000000;0.000000;0.000000;0.000000;0.000000;0.000000
0.000000;0.000000;0.000000;0.000000;0.000000;0.000000;0.000000;0.000000
0.000000;0.000000;0.000000;0.000000;0.000000;0.000000;0.000000;0.000000
0.000000;0.000000;0.000000;0.000000;0.000000;0.000000;0.000000;0.000000
0.000000;0.000000;0.000000;0.000000;0.000000;0.000000;0.000000;0.000000
0.000000;0.000000;0.000000;0.000000;0.000000;0.000000;0.000000;0.000000
0.000000;0.000000;0.000000;0.000000;0.000000;0.000000;0.000000;0.000000
0.000000;0.000000;0.000000;0.000000;0.000000;0.000000;0.000000;0.000000
0.000000;0.000000;0.000000;0.000000;0.000000;0.000000;0.000000;0.000000
0.000000;0.000000;0.000000;0.000000;0.000000;0.000000;0.000000;0.000000
0.000000;0.000000;0.000000;0.000000;0.000000;0.000000;0.000000;0.000000
0.000000;0.000000;0.000000;0.000000;0.000000;0.000000;0.000000;0.000000
0.000000;0.000000;0.000000;0.000000;0.000000;0.000000;0.000000;0.000000
0.000000;0.000000;0.000000;0.000000;0.000000;0.000000;0.000000;0.000000
0.000000;0.000000;0.000000;0.000000;0.000000;0.000000;0.000000;0.000000
0.000000;0.000000;0.000000;0.000000;0.000000;0.000000;0.000000;0.000000
0.000000;0.000000;0.000000;0.000000;0.000000;0.000000;0.000000;0.000000
0.000000;0.000000;0.000000;0.000000;0.000000;0.000000;0.000000;0.000000
0.000000;0.000000;0.000000;0.000000;0.000000;0.000000;0.000000;0.000000
0.000000;0.000000;0.000000;0.000000;0.000000;0.000000;0.000000;0.000000
0.000000;0.000000;0.000000;0.000000;0.000000;0.000000;0.000000;0.000000
0.000000;0.000000;0.000000;0.000000;0.000000;0.000000;0.000000;0.000000
0.000000;0.000000;0.000000;0.000000;0.000000;0.000000;0.000000;0.000000
0.000000;0.000000;0.000000;0.000000;0.000000;0.000000;0.000000;0.000000
0.000000;0.000000;0.000000;0.000000;0.000000;0.000000;0.000000;0.000000
0.000000;0.000000;0.000000;0.000000;0.000000;0.000000;0.000000;0.000000
0.000000;0.000000;0.000000;0.000000;0.000000;0.000000;0.000000;0.000000
0.000000;0.000000;0.000000;0.000000;0.000000;0.000000;0.000000;0.000000
0.000000;0.000000;0.000000;0.000000;0.000000;0.000000;0.000000;0.000000
0.000000;0.000000;0.000000;0.000000;0.000000;0.000000;0.000000;0.000000
0.000000;0.000000;0.000000;0.000000;0.000000;0.000000;0.000000;0.000000
0.000000;0.000000;0.000000;0.000000;0.000000;0.000000;0.000000;0.000000
0.000000;0.000000;0.000000;0.000000;0.000000;0.000000;0.000000;0.000000
0.000000;0.000000;0.000000;0.000000;0.000000;0.000000;0.000000;0.000000
0.000000;0.000000;0.000000;0.000000;0.000000;0.000000;0.000000;0.000000
0.000000;0.000000;0.000000;0.000000;0.000000;0.000000;0.000000;0.000000
0.000000;0.000000;0.000000;0.000000;0.000000;0.000000;0.000000;0.000000
0.000000;0.000000;0.000000;0.000000;0.000000;0.000000;0.000000;0.000000
0.000000;0.000000;0.000000;0.000000;0.000000;0.000000;0.000000;0.000000
0.000000;0.000000;0.000000;0.000000;0.000000;0.000000;0.000000;0.000000
0.000000;0.000000;0.000000;0.000000;0.000000;0.000000;0.000000;0.000000
0.000000;0.000000;0.000000;0.000000;0.000000;0.000000;0.000000;0.000000
0.000000;0.000000;0.000000;0.000000;0.000000;0.000000;0.000000;0.000000
0.000000;0.000000;0.000000;0.000000;0.000000;0.000000;0.000000;0.000000
0.000000;0.000000;0.000000;0.000000;0.000000;0.000000;0.000000;0.000000
0.000000;0.000000;0.000000;0.000000;0.000000;0.000000;0.000000;0.000000
0.000000;0.000000;0.000000;0.000000;0.000000;0.000000;0.000000;0.000000
0.000000;0.000000;0.000000;0.000000;0.000000;0.000000;0.000000;0.000000
0.000000;0.000000;0.000000;0.000000;0.000000;0.000000;0.000000;0.000000
0.000000;0.000000;0.000000;0.000000;0.000000;0.000000;0.000000;0.000000
0.000000;0.000000;0.000000;0.000000;0.000000;0.000000;0.000000;0.000000
0.000000;0.000000;0.000000;0.000000;0.000000;0.000000;0.000000;0.000000
0.000000;0.000000;0.000000;0.000000;0.000000;0.000000;0.000000;0.000000
0.000000;0.000000;0.000000;0.000000;0.000000;0.000000;0.000000;0.000000
0.000000;0.000000;0.000000;0.000000;0.000000;0.000000;0.000000;0.000000
0.000000;0.000000;0.000000;0.000000;0.000000;0.000000;0.000000;0.000000
0.000000;0.000000;0.000000;0.000000;0.000000;0.000000;0.000000;0.000000
0.000000;0.000000;0.000000;0.000000;0.000000;0.000000;0.000000;0.000000
0.000000;0.000000;0.000000;0.000000;0.000000;0.000000;0.000000;0.000000
0.000000;0.000000;0.000000;0.000000;0.000000;0.000000;0.000000;0.000000
0.000000;0.000000;0.000000;0.000000;0.000000;0.000000;0.000000;0.000000
0.000000;0.000000;0.000000;0.000000;0.000000;0.000000;0.000000;0.000000
0.000000;0.000000;0.000000;0.000000;0.000000;0.000000;0.000000;0.000000
0.000000;0.000000;0.000000;0.000000;0.000000;0.000000;0.000000;0.000000
0.000000;0.000000;0.000000;0.000000;0.000000;0.000000;0.000000;0.000000
0.000000;0.000000;0.000000;0.000000;0.000000;0.000000;0.000000;0.000000
0.000000;0.000000;0.000000;0.000000;0.000000;0.000000;0.000000;0.000000
0.000000;0.000000;0.000000;0.000000;0.000000;0.000000;0.000000;0.000000
0.000000;0.000000;0.000000;0.000000;0.000000;0.000000;0.000000;0.000000
0.000000;0.000000;0.000000;0.000000;0.000000;0.000000;0.000000;0.000000
0.000000;0.000000;0.000000;0.000000;0.000000;0.000000;0.000000;0.000000
0.000000;0.000000;0.000000;0.000000;0.000000;0.000000;0.000000;0.000000
0.000000;0.000000;0.000000;0.000000;0.000000;0.000000;0.000000;0.000000
0.000000;0.000000;0.000000;0.000000;0.000000;0.000000;0.000000;0.000000
0.000000;0.000000;0.000000;0.000000;0.000000;0.000000;0.000000;0.000000
0.000000;0.000000;0.000000;0.000000;0.000000;0.000000;0.000000;0.000000
0.000000;0.000000;0.000000;0.000000;0.000000;0.000000;0.000000;0.000000
0.000000;0.000000;0.000000;0.000000;0.000000;0.000000;0.000000;0.000000
0.000000;0.000000;0.000000;0.000000;0.000000;0.000000;0.000000;0.000000
0.000000;0.000000;0.000000;0.000000;0.000000;0.000000;0.000000;0.000000
0.000000;0.000000;0.000000;0.000000;0.000000;0.000000;0.000000;0.000000
0.000000;0.000000;0.000000;0.000000;0.000000;0.000000;0.000000;0.000000
0.000000;0.000000;0.000000;0.000000;0.000000;0.000000;0.000000;0.000000
0.000000;0.000000;0.000000;0.000000;0.000000;0.000000;0.000000;0.000000
0.000000;0.000000;0.000000;0.000000;0.000000;0.000000;0.000000;0.000000
0.000000;0.000000;0.000000;0.000000;0.000000;0.000000;0.000000;0.000000
0.000000;0.000000;0.000000;0.000000;0.000000;0.000000;0.000000;0.000000
0.000000;0.000000;0.000000;0.000000;0.000000;0.000000;0.000000;0.000000
0.000000;0.000000;0.000000;0.000000;0.000000;0.000000;0.000000;0.000000
0.000000;0.000000;0.000000;0.000000;0.000000;0.000000;0.000000;0.000000
0.000000;0.000000;0.000000;0.000000;0.000000;0.000000;0.000000;0.000000
0.000000;0.000000;0.000000;0.000000;0.000000;0.000000;0.000000;0.000000
0.000000;0.000000;0.000000;0.000000;0.000000;0.000000;0.000000;0.000000
0.000000;0.000000;0.000000;0.000000;0.000000;0.000000;0.000000;0.000000
0.000000;0.000000;0.000000;0.000000;0.000000;0.000000;0.000000;0.000000
0.000000;0.000000;0.000000;0.000000;0.000000;0.000000;0.000000;0.000000
0.000000;0.000000;0.000000;0.000000;0.000000;0.000000;0.000000;0.000000
0.000000;0.000000;0.000000;0.000000;0.000000;0.000000;0.000000;0.000000
0.000000;0.000000;0.000000;0.000000;0.000000;0.000000;0.000000;0.000000
0.000000;0.000000;0.000000;0.000000;0.000000;0.000000;0.000000;0.000000
0.000000;0.000000;0.000000;0.000000;0.000000;0.000000;0.000000;0.000000
0.000000;0.000000;0.000000;0.000000;0.000000;0.000000;0.000000;0.000000
0.000000;0.000000;0.000000;0.000000;0.000000;0.000000;0.000000;0.000000
0.000000;0.000000;0.000000;0.000000;0.000000;0.000000;0.000000;0.000000
0.000000;0.000000;0.000000;0.000000;0.000000;0.000000;0.000000;0.000000
0.000000;0.000000;0.000000;0.000000;0.000000;0.000000;0.000000;0.000000
0.000000;0.000000;0.000000;0.000000;0.000000;0.000000;0.000000;0.000000
0.000000;0.000000;0.000000;0.000000;0.000000;0.000000;0.000000;0.000000
0.000000;0.000000;0.000000;0.000000;0.000000;0.000000;0.000000;0.000000
0.000000;0.000000;0.000000;0.000000;0.000000;0.000000;0.000000;0.000000
0.000000;0.000000;0.000000;0.000000;0.000000;0.000000;0.000000;0.000000
0.000000;0.000000;0.000000;0.000000;0.000000;0.000000;0.000000;0.000000
0.000000;0.000000;0.000000;0.000000;0.000000;0.000000;0.000000;0.000000
0.000000;0.000000;0.000000;0.000000;0.000000;0.000000;0.000000;0.000000
0.000000;0.000000;0.000000;0.000000;0.000000;0.000000;0.000000;0.000000
0.000000;0.000000;0.000000;0.000000;0.000000;0.000000;0.000000;0.000000
0.000000;0.000000;0.000000;0.000000;0.000000;0.000000;0.000000;0.000000
0.000000;0.000000;0.000000;0.000000;0.000000;0.000000;0.000000;0.000000
0.000000;0.000000;0.000000;0.000000;0.000000;0.000000;0.000000;0.000000
0.000000;0.000000;0.000000;0.000000;0.000000;0.000000;0.000000;0.000000
0.000000;0.000000;0.000000;0.000000;0.000000;0.000000;0.000000;0.000000
0.000000;0.000000;0.000000;0.000000;0.000000;0.000000;0.000000;0.000000
0.000000;0.000000;0.000000;0.000000;0.000000;0.000000;0.000000;0.000000
0.000000;0.000000;0.000000;0.000000;0.000000;0.000000;0.000000;0.000000
0.000000;0.000000;0.000000;0.000000;0.000000;0.000000;0.000000;0.000000
0.000000;0.000000;0.000000;0.000000;0.000000;0.000000;0.000000;0.000000
0.000000;0.000000;0.000000;0.000000;0.000000;0.000000;0.000000;0.000000
0.000000;0.000000;0.000000;0.000000;0.000000;0.000000;0.000000;0.000000
0.000000;0.000000;0.000000;0.000000;0.000000;0.000000;0.000000;0.000000
0.000000;0.000000;0.000000;0.000000;0.000000;0.000000;0.000000;0.000000
0.000000;0.000000;0.000000;0.000000;0.000000;0.000000;0.000000;0.000000
0.000000;0.000000;0.000000;0.000000;0.000000;0.000000;0.000000;0.000000
0.000000;0.000000;0.000000;0.000000;0.000000;0.000000;0.000000;0.000000
0.000000;0.000000;0.000000;0.000000;0.000000;0.000000;0.000000;0.000000
0.000000;0.000000;0.000000;0.000000;0.000000;0.000000;0.000000;0.000000
0.000000;0.000000;0.000000;0.000000;0.000000;0.000000;0.000000;0.000000
0.000000;0.000000;0.000000;0.000000;0.000000;0.000000;0.000000;0.000000
0.000000;0.000000;0.000000;0.000000;0.000000;0.000000;0.000000;0.000000
0.000000;0.000000;0.000000;0.000000;0.000000;0.000000;0.000000;0.000000
0.000000;0.000000;0.000000;0.000000;0.000000;0.000000;0.000000;0.000000
0.000000;0.000000;0.000000;0.000000;0.000000;0.000000;0.000000;0.000000
0.000000;0.000000;0.000000;0.000000;0.000000;0.000000;0.000000;0.000000
0.000000;0.000000;0.000000;0.000000;0.000000;0.000000;0.000000;0.000000
0.000000;0.000000;0.000000;0.000000;0.000000;0.000000;0.000000;0.000000
0.000000;0.000000;0.000000;0.000000;0.000000;0.000000;0.000000;0.000000
0.000000;0.000000;0.000000;0.000000;0.000000;0.000000;0.000000;0.000000
0.000000;0.000000;0.000000;0.000000;0.000000;0.000000;0.000000;0.000000
0.000000;0.000000;0.000000;0.000000;0.000000;0.000000;0.000000;0.000000
0.000000;0.000000;0.000000;0.000000;0.000000;0.000000;0.000000;0.000000
0.000000;0.000000;0.000000;0.000000;0.000000;0.000000;0.000000;0.000000
0.000000;0.000000;0.000000;0.000000;0.000000;0.000000;0.000000;0.000000
0.000000;0.000000;0.000000;0.000000;0.000000;0.000000;0.000000;0.000000
0.000000;0.000000;0.000000;0.000000;0.000000;0.000000;0.000000;0.000000
0.000000;0.000000;0.000000;0.000000;0.000000;0.000000;0.000000;0.000000
0.000000;0.000000;0.000000;0.000000;0.000000;0.000000;0.000000;0.000000
0.000000;0.000000;0.000000;0.000000;0.000000;0.000000;0.000000;0.000000
0.000000;0.000000;0.000000;0.000000;0.000000;0.000000;0.000000;0.000000
0.000000;0.000000;0.000000;0.000000;0.000000;0.000000;0.000000;0.000000
0.000000;0.000000;0.000000;0.000000;0.000000;0.000000;0.000000;0.000000
0.000000;0.000000;0.000000;0.000000;0.000000;0.000000;0.000000;0.000000
0.000000;0.000000;0.000000;0.000000;0.000000;0.000000;0.000000;0.000000
0.000000;0.000000;0.000000;0.000000;0.000000;0.000000;0.000000;0.000000
0.000000;0.000000;0.000000;0.000000;0.000000;0.000000;0.000000;0.000000
0.000000;0.000000;0.000000;0.000000;0.000000;0.000000;0.000000;0.000000
0.000000;0.000000;0.000000;0.000000;0.000000;0.000000;0.000000;0.000000
0.000000;0.000000;0.000000;0.000000;0.000000;0.000000;0.000000;0.000000
0.000000;0.000000;0.000000;0.000000;0.000000;0.000000;0.000000;0.000000
0.000000;0.000000;0.000000;0.000000;0.000000;0.000000;0.000000;0.000000
0.000000;0.000000;0.000000;0.000000;0.000000;0.000000;0.000000;0.000000
0.000000;0.000000;0.000000;0.000000;0.000000;0.000000;0.000000;0.000000
0.000000;0.000000;0.000000;0.000000;0.000000;0.000000;0.000000;0.000000
0.000000;0.000000;0.000000;0.000000;0.000000;0.000000;0.000000;0.000000
0.000000;0.000000;0.000000;0.000000;0.000000;0.000000;0.000000;0.000000
0.000000;0.000000;0.000000;0.000000;0.000000;0.000000;0.000000;0.000000
0.000000;0.000000;0.000000;0.000000;0.000000;0.000000;0.000000;0.000000
0.000000;0.000000;0.000000;0.000000;0.000000;0.000000;0.000000;0.000000
0.000000;0.000000;0.000000;0.000000;0.000000;0.000000;0.000000;0.000000
0.000000;0.000000;0.000000;0.000000;0.000000;0.000000;0.000000;0.000000
0.000000;0.000000;0.000000;0.000000;0.000000;0.000000;0.000000;0.000000
0.000000;0.000000;0.000000;0.000000;0.000000;0.000000;0.000000;0.000000
0.000000;0.000000;0.000000;0.000000;0.000000;0.000000;0.000000;0.000000
0.000000;0.000000;0.000000;0.000000;0.000000;0.000000;0.000000;0.000000
0.000000;0.000000;0.000000;0.000000;0.000000;0.000000;0.000000;0.000000
0.000000;0.000000;0.000000;0.000000;0.000000;0.000000;0.000000;0.000000
0.000000;0.000000;0.000000;0.000000;0.000000;0.000000;0.000000;0.000000
0.000000;0.000000;0.000000;0.000000;0.000000;0.000000;0.000000;0.000000
0.000000;0.000000;0.000000;0.000000;0.000000;0.000000;0.000000;0.000000
0.000000;0.000000;0.000000;0.000000;0.000000;0.000000;0.000000;0.000000
0.000000;0.000000;0.000000;0.000000;0.000000;0.000000;0.000000;0.000000
0.000000;0.000000;0.000000;0.000000;0.000000;0.000000;0.000000;0.000000
0.000000;0.000000;0.000000;0.000000;0.000000;0.000000;0.000000;0.000000
0.000000;0.000000;0.000000;0.000000;0.000000;0.000000;0.000000;0.000000
0.000000;0.000000;0.000000;0.000000;0.000000;0.000000;0.000000;0.000000
0.000000;0.000000;0.000000;0.000000;0.000000;0.000000;0.000000;0.000000
0.000000;0.000000;0.000000;0.000000;0.000000;0.000000;0.000000;0.000000
0.000000;0.000000;0.000000;0.000000;0.000000;0.000000;0.000000;0.000000
0.000000;0.000000;0.000000;0.000000;0.000000;0.000000;0.000000;0.000000
0.000000;0.000000;0.000000;0.000000;0.000000;0.000000;0.000000;0.000000
0.000000;0.000000;0.000000;0.000000;0.000000;0.000000;0.000000;0.000000
0.000000;0.000000;0.000000;0.000000;0.000000;0.000000;0.000000;0.000000
0.000000;0.000000;0.000000;0.000000;0.000000;0.000000;0.000000;0.000000
0.000000;0.000000;0.000000;0.000000;0.000000;0.000000;0.000000;0.000000
0.000000;0.000000;0.000000;0.000000;0.000000;0.000000;0.000000;0.000000
0.000000;0.000000;0.000000;0.000000;0.000000;0.000000;0.000000;0.000000
0.000000;0.000000;0.000000;0.000000;0.000000;0.000000;0.000000;0.000000
0.000000;0.000000;0.000000;0.000000;0.000000;0.000000;0.000000;0.000000
0.000000;0.000000;0.000000;0.000000;0.000000;0.000000;0.000000;0.000000
0.000000;0.000000;0.000000;0.000000;0.000000;0.000000;0.000000;0.000000
0.000000;0.000000;0.000000;0.000000;0.000000;0.000000;0.000000;0.000000
0.000000;0.000000;0.000000;0.000000;0.000000;0.000000;0.000000;0.000000
0.000000;0.000000;0.000000;0.000000;0.000000;0.000000;0.000000;0.000000
0.000000;0.000000;0.000000;0.000000;0.000000;0.000000;0.000000;0.000000
0.000000;0.000000;0.000000;0.000000;0.000000;0.000000;0.000000;0.000000
0.000000;0.000000;0.000000;0.000000;0.000000;0.000000;0.000000;0.000000
0.000000;0.000000;0.000000;0.000000;0.000000;0.000000;0.000000;0.000000
0.000000;0.000000;0.000000;0.000000;0.000000;0.000000;0.000000;0.000000
0.000000;0.000000;0.000000;0.000000;0.000000;0.000000;0.000000;0.000000
0.000000;0.000000;0.000000;0.000000;0.000000;0.000000;0.000000;0.000000
0.000000;0.000000;0.000000;0.000000;0.000000;0.000000;0.000000;0.000000
0.000000;0.000000;0.000000;0.000000;0.000000;0.000000;0.000000;0.000000
0.000000;0.000000;0.000000;0.000000;0.000000;0.000000;0.000000;0.000000
0.000000;0.000000;0.000000;0.000000;0.000000;0.000000;0.000000;0.000000
0.000000;0.000000;0.000000;0.000000;0.000000;0.000000;0.000000;0.000000
0.000000;0.000000;0.000000;0.000000;0.000000;0.000000;0.000000;0.000000
0.000000;0.000000;0.000000;0.000000;0.000000;0.000000;0.000000;0.000000
0.000000;0.000000;0.000000;0.000000;0.000000;0.000000;0.000000;0.000000
0.000000;0.000000;0.000000;0.000000;0.000000;0.000000;0.000000;0.000000
0.000000;0.000000;0.000000;0.000000;0.000000;0.000000;0.000000;0.000000
0.000000;0.000000;0.000000;0.000000;0.000000;0.000000;0.000000;0.000000
0.000000;0.000000;0.000000;0.000000;0.000000;0.000000;0.000000;0.000000
0.000000;0.000000;0.000000;0.000000;0.000000;0.000000;0.000000;0.000000
0.000000;0.000000;0.000000;0.000000;0.000000;0.000000;0.000000;0.000000
0.000000;0.000000;0.000000;0.000000;0.000000;0.000000;0.000000;0.000000
0.000000;0.000000;0.000000;0.000000;0.000000;0.000000;0.000000;0.000000
0.000000;0.000000;0.000000;0.000000;0.000000;0.000000;0.000000;0.000000
0.000000;0.000000;0.000000;0.000000;0.000000;0.000000;0.000000;0.000000
0.000000;0.000000;0.000000;0.000000;0.000000;0.000000;0.000000;0.000000
0.000000;0.000000;0.000000;0.000000;0.000000;0.000000;0.000000;0.000000
0.000000;0.000000;0.000000;0.000000;0.000000;0.000000;0.000000;0.000000
0.000000;0.000000;0.000000;0.000000;0.000000;0.000000;0.000000;0.000000
0.000000;0.000000;0.000000;0.000000;0.000000;0.000000;0.000000;0.000000
0.000000;0.000000;0.000000;0.000000;0.000000;0.000000;0.000000;0.000000
0.000000;0.000000;0.000000;0.000000;0.000000;0.000000;0.000000;0.000000
0.000000;0.000000;0.000000;0.000000;0.000000;0.000000;0.000000;0.000000
0.000000;0.000000;0.000000;0.000000;0.000000;0.000000;0.000000;0.000000
0.000000;0.000000;0.000000;0.000000;0.000000;0.000000;0.000000;0.000000
0.000000;0.000000;0.000000;0.000000;0.000000;0.000000;0.000000;0.000000
0.000000;0.000000;0.000000;0.000000;0.000000;0.000000;0.000000;0.000000
0.000000;0.000000;0.000000;0.000000;0.000000;0.000000;0.000000;0.000000
0.000000;0.000000;0.000000;0.000000;0.000000;0.000000;0.000000;0.000000
0.000000;0.000000;0.000000;0.000000;0.000000;0.000000;0.000000;0.000000
0.000000;0.000000;0.000000;0.000000;0.000000;0.000000;0.000000;0.000000
0.000000;0.000000;0.000000;0.000000;0.000000;0.000000;0.000000;0.000000
0.000000;0.000000;0.000000;0.000000;0.000000;0.000000;0.000000;0.000000
0.000000;0.000000;0.000000;0.000000;0.000000;0.000000;0.000000;0.000000
0.000000;0.000000;0.000000;0.000000;0.000000;0.000000;0.000000;0.000000
0.000000;0.000000;0.000000;0.000000;0.000000;0.000000;0.000000;0.000000
0.000000;0.000000;0.000000;0.000000;0.000000;0.000000;0.000000;0.000000
0.000000;0.000000;0.000000;0.000000;0.000000;0.000000;0.000000;0.000000
0.000000;0.000000;0.000000;0.000000;0.000000;0.000000;0.000000;0.000000
0.000000;0.000000;0.000000;0.000000;0.000000;0.000000;0.000000;0.000000
0.000000;0.000000;0.000000;0.000000;0.000000;0.000000;0.000000;0.000000
0.000000;0.000000;0.000000;0.000000;0.000000;0.000000;0.000000;0.000000
0.000000;0.000000;0.000000;0.000000;0.000000;0.000000;0.000000;0.000000
0.000000;0.000000;0.000000;0.000000;0.000000;0.000000;0.000000;0.000000
0.000000;0.000000;0.000000;0.000000;0.000000;0.000000;0.000000;0.000000
0.000000;0.000000;0.000000;0.000000;0.000000;0.000000;0.000000;0.000000
0.000000;0.000000;0.000000;0.000000;0.000000;0.000000;0.000000;0.000000
0.000000;0.000000;0.000000;0.000000;0.000000;0.000000;0.000000;0.000000
0.000000;0.000000;0.000000;0.000000;0.000000;0.000000;0.000000;0.000000
0.000000;0.000000;0.000000;0.000000;0.000000;0.000000;0.000000;0.000000
0.000000;0.000000;0.000000;0.000000;0.000000;0.000000;0.000000;0.000000
0.000000;0.000000;0.000000;0.000000;0.000000;0.000000;0.000000;0.000000
0.000000;0.000000;0.000000;0.000000;0.000000;0.000000;0.000000;0.000000
0.000000;0.000000;0.000000;0.000000;0.000000;0.000000;0.000000;0.000000
0.000000;0.000000;0.000000;0.000000;0.000000;0.000000;0.000000;0.000000
0.000000;0.000000;0.000000;0.000000;0.000000;0.000000;0.000000;0.000000
0.000000;0.000000;0.000000;0.000000;0.000000;0.000000;0.000000;0.000000
0.000000;0.000000;0.000000;0.000000;0.000000;0.000000;0.000000;0.000000
0.000000;0.000000;0.000000;0.000000;0.000000;0.000000;0.000000;0.000000
0.000000;0.000000;0.000000;0.000000;0.000000;0.000000;0.000000;0.000000
0.000000;0.000000;0.000000;0.000000;0.000000;0.000000;0.000000;0.000000
0.000000;0.000000;0.000000;0.000000;0.000000;0.000000;0.000000;0.000000
0.000000;0.000000;0.000000;0.000000;0.000000;0.000000;0.000000;0.000000
0.000000;0.000000;0.000000;0.000000;0.000000;0.000000;0.000000;0.000000
0.000000;0.000000;0.000000;0.000000;0.000000;0.000000;0.000000;0.000000
0.000000;0.000000;0.000000;0.000000;0.000000;0.000000;0.000000;0.000000
0.000000;0.000000;0.000000;0.000000;0.000000;0.000000;0.000000;0.000000
0.000000;0.000000;0.000000;0.000000;0.000000;0.000000;0.000000;0.000000
0.000000;0.000000;0.000000;0.000000;0.000000;0.000000;0.000000;0.000000
0.000000;0.000000;0.000000;0.000000;0.000000;0.000000;0.000000;0.000000
0.000000;0.000000;0.000000;0.000000;0.000000;0.000000;0.000000;0.000000
0.000000;0.000000;0.000000;0.000000;0.000000;0.000000;0.000000;0.000000
0.000000;0.000000;0.000000;0.000000;0.000000;0.000000;0.000000;0.000000
0.000000;0.000000;0.000000;0.000000;0.000000;0.000000;0.000000;0.000000
0.000000;0.000000;0.000000;0.000000;0.000000;0.000000;0.000000;0.000000
0.000000;0.000000;0.000000;0.000000;0.000000;0.000000;0.000000;0.000000
0.000000;0.000000;0.000000;0.000000;0.000000;0.000000;0.000000;0.000000
0.000000;0.000000;0.000000;0.000000;0.000000;0.000000;0.000000;0.000000
0.000000;0.000000;0.000000;0.000000;0.000000;0.000000;0.000000;0.000000
0.000000;0.000000;0.000000;0.000000;0.000000;0.000000;0.000000;0.000000
0.000000;0.000000;0.000000;0.000000;0.000000;0.000000;0.000000;0.000000
0.000000;0.000000;0.000000;0.000000;0.000000;0.000000;0.000000;0.000000
0.000000;0.000000;0.000000;0.000000;0.000000;0.000000;0.000000;0.000000
0.000000;0.000000;0.000000;0.000000;0.000000;0.000000;0.000000;0.000000
0.000000;0.000000;0.000000;0.000000;0.000000;0.000000;0.000000;0.000000
0.000000;0.000000;0.000000;0.000000;0.000000;0.000000;0.000000;0.000000
0.000000;0.000000;0.000000;0.000000;0.000000;0.000000;0.000000;0.000000
0.000000;0.000000;0.000000;0.000000;0.000000;0.000000;0.000000;0.000000
0.000000;0.000000;0.000000;0.000000;0.000000;0.000000;0.000000;0.000000
0.000000;0.000000;0.000000;0.000000;0.000000;0.000000;0.000000;0.000000
0.000000;0.000000;0.000000;0.000000;0.000000;0.000000;0.000000;0.000000
0.000000;0.000000;0.000000;0.000000;0.000000;0.000000;0.000000;0.000000
0.000000;0.000000;0.000000;0.000000;0.000000;0.000000;0.000000;0.000000
0.000000;0.000000;0.000000;0.000000;0.000000;0.000000;0.000000;0.000000
0.000000;0.000000;0.000000;0.000000;0.000000;0.000000;0.000000;0.000000
0.000000;0.000000;0.000000;0.000000;0.000000;0.000000;0.000000;0.000000
0.000000;0.000000;0.000000;0.000000;0.000000;0.000000;0.000000;0.000000
0.000000;0.000000;0.000000;0.000000;0.000000;0.000000;0.000000;0.000000
0.000000;0.000000;0.000000;0.000000;0.000000;0.000000;0.000000;0.000000
0.000000;0.000000;0.000000;0.000000;0.000000;0.000000;0.000000;0.000000
0.000000;0.000000;0.000000;0.000000;0.000000;0.000000;0.000000;0.000000
0.000000;0.000000;0.000000;0.000000;0.000000;0.000000;0.000000;0.000000
0.000000;0.000000;0.000000;0.000000;0.000000;0.000000;0.000000;0.000000
0.000000;0.000000;0.000000;0.000000;0.000000;0.000000;0.000000;0.000000
0.000000;0.000000;0.000000;0.000000;0.000000;0.000000;0.000000;0.000000
0.000000;0.000000;0.000000;0.000000;0.000000;0.000000;0.000000;0.000000
0.000000;0.000000;0.000000;0.000000;0.000000;0.000000;0.000000;0.000000
0.000000;0.000000;0.000000;0.000000;0.000000;0.000000;0.000000;0.000000
0.000000;0.000000;0.000000;0.000000;0.000000;0.000000;0.000000;0.000000
0.000000;0.000000;0.000000;0.000000;0.000000;0.000000;0.000000;0.000000
0.000000;0.000000;0.000000;0.000000;0.000000;0.000000;0.000000;0.000000
0.000000;0.000000;0.000000;0.000000;0.000000;0.000000;0.000000;0.000000
0.000000;0.000000;0.000000;0.000000;0.000000;0.000000;0.000000;0.000000
0.000000;0.000000;0.000000;0.000000;0.000000;0.000000;0.000000;0.000000
0.000000;0.000000;0.000000;0.000000;0.000000;0.000000;0.000000;0.000000
0.000000;0.000000;0.000000;0.000000;0.000000;0.000000;0.000000;0.000000
0.000000;0.000000;0.000000;0.000000;0.000000;0.000000;0.000000;0.000000
0.000000;0.000000;0.000000;0.000000;0.000000;0.000000;0.000000;0.000000
0.000000;0.000000;0.000000;0.000000;0.000000;0.000000;0.000000;0.000000
0.000000;0.000000;0.000000;0.000000;0.000000;0.000000;0.000000;0.000000
0.000000;0.000000;0.000000;0.000000;0.000000;0.000000;0.000000;0.000000
0.000000;0.000000;0.000000;0.000000;0.000000;0.000000;0.000000;0.000000
0.000000;0.000000;0.000000;0.000000;0.000000;0.000000;0.000000;0.000000
0.000000;0.000000;0.000000;0.000000;0.000000;0.000000;0.000000;0.000000
0.000000;0.000000;0.000000;0.000000;0.000000;0.000000;0.000000;0.000000
0.000000;0.000000;0.000000;0.000000;0.000000;0.000000;0.000000;0.000000
0.000000;0.000000;0.000000;0.000000;0.000000;0.000000;0.000000;0.000000
0.000000;0.000000;0.000000;0.000000;0.000000;0.000000;0.000000;0.000000
0.000000;0.000000;0.000000;0.000000;0.000000;0.000000;0.000000;0.000000
0.000000;0.000000;0.000000;0.000000;0.000000;0.000000;0.000000;0.000000
0.000000;0.000000;0.000000;0.000000;0.000000;0.000000;0.000000;0.000000
0.000000;0.000000;0.000000;0.000000;0.000000;0.000000;0.000000;0.000000
0.000000;0.000000;0.000000;0.000000;0.000000;0.000000;0.000000;0.000000
0.000000;0.000000;0.000000;0.000000;0.000000;0.000000;0.000000;0.000000
0.000000;0.000000;0.000000;0.000000;0.000000;0.000000;0.000000;0.000000
0.000000;0.000000;0.000000;0.000000;0.000000;0.000000;0.000000;0.000000
0.000000;0.000000;0.000000;0.000000;0.000000;0.000000;0.000000;0.000000
0.000000;0.000000;0.000000;0.000000;0.000000;0.000000;0.000000;0.000000
0.000000;0.000000;0.000000;0.000000;0.000000;0.000000;0.000000;0.000000
0.000000;0.000000;0.000000;0.000000;0.000000;0.000000;0.000000;0.000000
0.000000;0.000000;0.000000;0.000000;0.000000;0.000000;0.000000;0.000000
0.000000;0.000000;0.000000;0.000000;0.000000;0.000000;0.000000;0.000000
0.000000;0.000000;0.000000;0.000000;0.000000;0.000000;0.000000;0.000000
0.000000;0.000000;0.000000;0.000000;0.000000;0.000000;0.000000;0.000000
0.000000;0.000000;0.000000;0.000000;0.000000;0.000000;0.000000;0.000000
0.000000;0.000000;0.000000;0.000000;0.000000;0.000000;0.000000;0.000000
0.000000;0.000000;0.000000;0.000000;0.000000;0.000000;0.000000;0.000000
0.000000;0.000000;0.000000;0.000000;0.000000;0.000000;0.000000;0.000000
0.000000;0.000000;0.000000;0.000000;0.000000;0.000000;0.000000;0.000000
0.000000;0.000000;0.000000;0.000000;0.000000;0.000000;0.000000;0.000000
0.000000;0.000000;0.000000;0.000000;0.000000;0.000000;0.000000;0.000000
0.000000;0.000000;0.000000;0.000000;0.000000;0.000000;0.000000;0.000000
0.000000;0.000000;0.000000;0.000000;0.000000;0.000000;0.000000;0.000000
0.000000;0.000000;0.000000;0.000000;0.000000;0.000000;0.000000;0.000000
0.000000;0.000000;0.000000;0.000000;0.000000;0.000000;0.000000;0.000000
0.000000;0.000000;0.000000;0.000000;0.000000;0.000000;0.000000;0.000000
0.000000;0.000000;0.000000;0.000000;0.000000;0.000000;0.000000;0.000000
0.000000;0.000000;0.000000;0.000000;0.000000;0.000000;0.000000;0.000000
0.000000;0.000000;0.000000;0.000000;0.000000;0.000000;0.000000;0.000000
0.000000;0.000000;0.000000;0.000000;0.000000;0.000000;0.000000;0.000000
0.000000;0.000000;0.000000;0.000000;0.000000;0.000000;0.000000;0.000000
0.000000;0.000000;0.000000;0.000000;0.000000;0.000000;0.000000;0.000000
0.000000;0.000000;0.000000;0.000000;0.000000;0.000000;0.000000;0.000000
0.000000;0.000000;0.000000;0.000000;0.000000;0.000000;0.000000;0.000000
0.000000;0.000000;0.000000;0.000000;0.000000;0.000000;0.000000;0.000000
0.000000;0.000000;0.000000;0.000000;0.000000;0.000000;0.000000;0.000000
0.000000;0.000000;0.000000;0.000000;0.000000;0.000000;0.000000;0.000000
0.000000;0.000000;0.000000;0.000000;0.000000;0.000000;0.000000;0.000000
0.000000;0.000000;0.000000;0.000000;0.000000;0.000000;0.000000;0.000000
0.000000;0.000000;0.000000;0.000000;0.000000;0.000000;0.000000;0.000000
0.000000;0.000000;0.000000;0.000000;0.000000;0.000000;0.000000;0.000000
0.000000;0.000000;0.000000;0.000000;0.000000;0.000000;0.000000;0.000000
0.000000;0.000000;0.000000;0.000000;0.000000;0.000000;0.000000;0.000000
0.000000;0.000000;0.000000;0.000000;0.000000;0.000000;0.000000;0.000000
0.000000;0.000000;0.000000;0.000000;0.000000;0.000000;0.000000;0.000000
0.000000;0.000000;0.000000;0.000000;0.000000;0.000000;0.000000;0.000000
0.000000;0.000000;0.000000;0.000000;0.000000;0.000000;0.000000;0.000000
0.000000;0.000000;0.000000;0.000000;0.000000;0.000000;0.000000;0.000000
0.000000;0.000000;0.000000;0.000000;0.000000;0.000000;0.000000;0.000000
0.000000;0.000000;0.000000;0.000000;0.000000;0.000000;0.000000;0.000000
0.000000;0.000000;0.000000;0.000000;0.000000;0.000000;0.000000;0.000000
0.000000;0.000000;0.000000;0.000000;0.000000;0.000000;0.000000;0.000000
0.000000;0.000000;0.000000;0.000000;0.000000;0.000000;0.000000;0.000000
0.000000;0.000000;0.000000;0.000000;0.000000;0.000000;0.000000;0.000000
0.000000;0.000000;0.000000;0.000000;0.000000;0.000000;0.000000;0.000000
0.000000;0.000000;0.000000;0.000000;0.000000;0.000000;0.000000;0.000000
0.000000;0.000000;0.000000;0.000000;0.000000;0.000000;0.000000;0.000000
0.000000;0.000000;0.000000;0.000000;0.000000;0.000000;0.000000;0.000000
0.000000;0.000000;0.000000;0.000000;0.000000;0.000000;0.000000;0.000000
0.000000;0.000000;0.000000;0.000000;0.000000;0.000000;0.000000;0.000000
0.000000;0.000000;0.000000;0.000000;0.000000;0.000000;0.000000;0.000000
0.000000;0.000000;0.000000;0.000000;0.000000;0.000000;0.000000;0.000000
0.000000;0.000000;0.000000;0.000000;0.000000;0.000000;0.000000;0.000000
0.000000;0.000000;0.000000;0.000000;0.000000;0.000000;0.000000;0.000000
0.000000;0.000000;0.000000;0.000000;0.000000;0.000000;0.000000;0.000000
0.000000;0.000000;0.000000;0.000000;0.000000;0.000000;0.000000;0.000000
0.000000;0.000000;0.000000;0.000000;0.000000;0.000000;0.000000;0.000000
0.000000;0.000000;0.000000;0.000000;0.000000;0.000000;0.000000;0.000000
0.000000;0.000000;0.000000;0.000000;0.000000;0.000000;0.000000;0.000000
0.000000;0.000000;0.000000;0.000000;0.000000;0.000000;0.000000;0.000000
0.000000;0.000000;0.000000;0.000000;0.000000;0.000000;0.000000;0.000000
0.000000;0.000000;0.000000;0.000000;0.000000;0.000000;0.000000;0.000000
0.000000;0.000000;0.000000;0.000000;0.000000;0.000000;0.000000;0.000000
0.000000;0.000000;0.000000;0.000000;0.000000;0.000000;0.000000;0.000000
0.000000;0.000000;0.000000;0.000000;0.000000;0.000000;0.000000;0.000000
0.000000;0.000000;0.000000;0.000000;0.000000;0.000000;0.000000;0.000000
0.000000;0.000000;0.000000;0.000000;0.000000;0.000000;0.000000;0.000000
0.000000;0.000000;0.000000;0.000000;0.000000;0.000000;0.000000;0.000000
0.000000;0.000000;0.000000;0.000000;0.000000;0.000000;0.000000;0.000000
0.000000;0.000000;0.000000;0.000000;0.000000;0.000000;0.000000;0.000000
0.000000;0.000000;0.000000;0.000000;0.000000;0.000000;0.000000;0.000000
0.000000;0.000000;0.000000;0.000000;0.000000;0.000000;0.000000;0.000000
0.000000;0.000000;0.000000;0.000000;0.000000;0.000000;0.000000;0.000000
0.000000;0.000000;0.000000;0.000000;0.000000;0.000000;0.000000;0.000000
0.000000;0.000000;0.000000;0.000000;0.000000;0.000000;0.000000;0.000000
0.000000;0.000000;0.000000;0.000000;0.000000;0.000000;0.000000;0.000000
0.000000;0.000000;0.000000;0.000000;0.000000;0.000000;0.000000;0.000000
0.000000;0.000000;0.000000;0.000000;0.000000;0.000000;0.000000;0.000000
0.000000;0.000000;0.000000;0.000000;0.000000;0.000000;0.000000;0.000000
0.000000;0.000000;0.000000;0.000000;0.000000;0.000000;0.000000;0.000000
0.000000;0.000000;0.000000;0.000000;0.000000;0.000000;0.000000;0.000000
0.000000;0.000000;0.000000;0.000000;0.000000;0.000000;0.000000;0.000000
0.000000;0.000000;0.000000;0.000000;0.000000;0.000000;0.000000;0.000000
0.000000;0.000000;0.000000;0.000000;0.000000;0.000000;0.000000;0.000000
0.000000;0.000000;0.000000;0.000000;0.000000;0.000000;0.000000;0.000000
0.000000;0.000000;0.000000;0.000000;0.000000;0.000000;0.000000;0.000000
0.000000;0.000000;0.000000;0.000000;0.000000;0.000000;0.000000;0.000000
0.000000;0.000000;0.000000;0.000000;0.000000;0.000000;0.000000;0.000000
0.000000;0.000000;0.000000;0.000000;0.000000;0.000000;0.000000;0.000000
0.000000;0.000000;0.000000;0.000000;0.000000;0.000000;0.000000;0.000000
0.000000;0.000000;0.000000;0.000000;0.000000;0.000000;0.000000;0.000000
0.000000;0.000000;0.000000;0.000000;0.000000;0.000000;0.000000;0.000000
0.000000;0.000000;0.000000;0.000000;0.000000;0.000000;0.000000;0.000000
0.000000;0.000000;0.000000;0.000000;0.000000;0.000000;0.000000;0.000000
0.000000;0.000000;0.000000;0.000000;0.000000;0.000000;0.000000;0.000000
0.000000;0.000000;0.000000;0.000000;0.000000;0.000000;0.000000;0.000000
0.000000;0.000000;0.000000;0.000000;0.000000;0.000000;0.000000;0.000000
0.000000;0.000000;0.000000;0.000000;0.000000;0.000000;0.000000;0.000000
0.000000;0.000000;0.000000;0.000000;0.000000;0.000000;0.000000;0.000000
0.000000;0.000000;0.000000;0.000000;0.000000;0.000000;0.000000;0.000000
0.000000;0.000000;0.000000;0.000000;0.000000;0.000000;0.000000;0.000000
0.000000;0.000000;0.000000;0.000000;0.000000;0.000000;0.000000;0.000000
0.000000;0.000000;0.000000;0.000000;0.000000;0.000000;0.000000;0.000000
0.000000;0.000000;0.000000;0.000000;0.000000;0.000000;0.000000;0.000000
0.000000;0.000000;0.000000;0.000000;0.000000;0.000000;0.000000;0.000000
0.000000;0.000000;0.000000;0.000000;0.000000;0.000000;0.000000;0.000000
0.000000;0.000000;0.000000;0.000000;0.000000;0.000000;0.000000;0.000000
0.000000;0.000000;0.000000;0.000000;0.000000;0.000000;0.000000;0.000000
0.000000;0.000000;0.000000;0.000000;0.000000;0.000000;0.000000;0.000000
0.000000;0.000000;0.000000;0.000000;0.000000;0.000000;0.000000;0.000000
0.000000;0.000000;0.000000;0.000000;0.000000;0.000000;0.000000;0.000000
0.000000;0.000000;0.000000;0.000000;0.000000;0.000000;0.000000;0.000000
0.000000;0.000000;0.000000;0.000000;0.000000;0.000000;0.000000;0.000000
0.000000;0.000000;0.000000;0.000000;0.000000;0.000000;0.000000;0.000000
0.000000;0.000000;0.000000;0.000000;0.000000;0.000000;0.000000;0.000000
0.000000;0.000000;0.000000;0.000000;0.000000;0.000000;0.000000;0.000000
0.000000;0.000000;0.000000;0.000000;0.000000;0.000000;0.000000;0.000000
0.000000;0.000000;0.000000;0.000000;0.000000;0.000000;0.000000;0.000000
0.000000;0.000000;0.000000;0.000000;0.000000;0.000000;0.000000;0.000000
0.000000;0.000000;0.000000;0.000000;0.000000;0.000000;0.000000;0.000000
0.000000;0.000000;0.000000;0.000000;0.000000;0.000000;0.000000;0.000000
0.000000;0.000000;0.000000;0.000000;0.000000;0.000000;0.000000;0.000000
0.000000;0.000000;0.000000;0.000000;0.000000;0.000000;0.000000;0.000000
0.000000;0.000000;0.000000;0.000000;0.000000;0.000000;0.000000;0.000000
0.000000;0.000000;0.000000;0.000000;0.000000;0.000000;0.000000;0.000000
0.000000;0.000000;0.000000;0.000000;0.000000;0.000000;0.000000;0.000000
0.000000;0.000000;0.000000;0.000000;0.000000;0.000000;0.000000;0.000000
0.000000;0.000000;0.000000;0.000000;0.000000;0.000000;0.000000;0.000000
0.000000;0.000000;0.000000;0.000000;0.000000;0.000000;0.000000;0.000000
0.000000;0.000000;0.000000;0.000000;0.000000;0.000000;0.000000;0.000000
0.000000;0.000000;0.000000;0.000000;0.000000;0.000000;0.000000;0.000000
0.000000;0.000000;0.000000;0.000000;0.000000;0.000000;0.000000;0.000000
0.000000;0.000000;0.000000;0.000000;0.000000;0.000000;0.000000;0.000000
0.000000;0.000000;0.000000;0.000000;0.000000;0.000000;0.000000;0.000000
0.000000;0.000000;0.000000;0.000000;0.000000;0.000000;0.000000;0.000000
0.000000;0.000000;0.000000;0.000000;0.000000;0.000000;0.000000;0.000000
0.000000;0.000000;0.000000;0.000000;0.000000;0.000000;0.000000;0.000000
0.000000;0.000000;0.000000;0.000000;0.000000;0.000000;0.000000;0.000000
0.000000;0.000000;0.000000;0.000000;0.000000;0.000000;0.000000;0.000000
0.000000;0.000000;0.000000;0.000000;0.000000;0.000000;0.000000;0.000000
0.000000;0.000000;0.000000;0.000000;0.000000;0.000000;0.000000;0.000000
0.000000;0.000000;0.000000;0.000000;0.000000;0.000000;0.000000;0.000000
0.000000;0.000000;0.000000;0.000000;0.000000;0.000000;0.000000;0.000000
0.000000;0.000000;0.000000;0.000000;0.000000;0.000000;0.000000;0.000000
0.000000;0.000000;0.000000;0.000000;0.000000;0.000000;0.000000;0.000000
0.000000;0.000000;0.000000;0.000000;0.000000;0.000000;0.000000;0.000000
0.000000;0.000000;0.000000;0.000000;0.000000;0.000000;0.000000;0.000000
0.000000;0.000000;0.000000;0.000000;0.000000;0.000000;0.000000;0.000000
0.000000;0.000000;0.000000;0.000000;0.000000;0.000000;0.000000;0.000000
0.000000;0.000000;0.000000;0.000000;0.000000;0.000000;0.000000;0.000000
0.000000;0.000000;0.000000;0.000000;0.000000;0.000000;0.000000;0.000000
0.000000;0.000000;0.000000;0.000000;0.000000;0.000000;0.000000;0.000000
0.000000;0.000000;0.000000;0.000000;0.000000;0.000000;0.000000;0.000000
0.000000;0.000000;0.000000;0.000000;0.000000;0.000000;0.000000;0.000000
0.000000;0.000000;0.000000;0.000000;0.000000;0.000000;0.000000;0.000000
0.000000;0.000000;0.000000;0.000000;0.000000;0.000000;0.000000;0.000000
0.000000;0.000000;0.000000;0.000000;0.000000;0.000000;0.000000;0.000000
0.000000;0.000000;0.000000;0.000000;0.000000;0.000000;0.000000;0.000000
0.000000;0.000000;0.000000;0.000000;0.000000;0.000000;0.000000;0.000000
0.000000;0.000000;0.000000;0.000000;0.000000;0.000000;0.000000;0.000000
0.000000;0.000000;0.000000;0.000000;0.000000;0.000000;0.000000;0.000000
0.000000;0.000000;0.000000;0.000000;0.000000;0.000000;0.000000;0.000000
0.000000;0.000000;0.000000;0.000000;0.000000;0.000000;0.000000;0.000000
0.000000;0.000000;0.000000;0.000000;0.000000;0.000000;0.000000;0.000000
0.000000;0.000000;0.000000;0.000000;0.000000;0.000000;0.000000;0.000000
0.000000;0.000000;0.000000;0.000000;0.000000;0.000000;0.000000;0.000000
0.000000;0.000000;0.000000;0.000000;0.000000;0.000000;0.000000;0.000000
0.000000;0.000000;0.000000;0.000000;0.000000;0.000000;0.000000;0.000000
0.000000;0.000000;0.000000;0.000000;0.000000;0.000000;0.000000;0.000000
0.000000;0.000000;0.000000;0.000000;0.000000;0.000000;0.000000;0.000000
0.000000;0.000000;0.000000;0.000000;0.000000;0.000000;0.000000;0.000000
0.000000;0.000000;0.000000;0.000000;0.000000;0.000000;0.000000;0.000000
0.000000;0.000000;0.000000;0.000000;0.000000;0.000000;0.000000;0.000000
0.000000;0.000000;0.000000;0.000000;0.000000;0.000000;0.000000;0.000000
0.000000;0.000000;0.000000;0.000000;0.000000;0.000000;0.000000;0.000000
0.000000;0.000000;0.000000;0.000000;0.000000;0.000000;0.000000;0.000000
0.000000;0.000000;0.000000;0.000000;0.000000;0.000000;0.000000;0.000000
0.000000;0.000000;0.000000;0.000000;0.000000;0.000000;0.000000;0.000000
0.000000;0.000000;0.000000;0.000000;0.000000;0.000000;0.000000;0.000000
0.000000;0.000000;0.000000;0.000000;0.000000;0.000000;0.000000;0.000000
0.000000;0.000000;0.000000;0.000000;0.000000;0.000000;0.000000;0.000000
0.000000;0.000000;0.000000;0.000000;0.000000;0.000000;0.000000;0.000000
0.000000;0.000000;0.000000;0.000000;0.000000;0.000000;0.000000;0.000000
0.000000;0.000000;0.000000;0.000000;0.000000;0.000000;0.000000;0.000000
0.000000;0.000000;0.000000;0.000000;0.000000;0.000000;0.000000;0.000000
0.000000;0.000000;0.000000;0.000000;0.000000;0.000000;0.000000;0.000000
0.000000;0.000000;0.000000;0.000000;0.000000;0.000000;0.000000;0.000000
0.000000;0.000000;0.000000;0.000000;0.000000;0.000000;0.000000;0.000000
0.000000;0.000000;0.000000;0.000000;0.000000;0.000000;0.000000;0.000000
0.000000;0.000000;0.000000;0.000000;0.000000;0.000000;0.000000;0.000000
0.000000;0.000000;0.000000;0.000000;0.000000;0.000000;0.000000;0.000000
0.000000;0.000000;0.000000;0.000000;0.000000;0.000000;0.000000;0.000000
0.000000;0.000000;0.000000;0.000000;0.000000;0.000000;0.000000;0.000000
0.000000;0.000000;0.000000;0.000000;0.000000;0.000000;0.000000;0.000000
0.000000;0.000000;0.000000;0.000000;0.000000;0.000000;0.000000;0.000000
0.000000;0.000000;0.000000;0.000000;0.000000;0.000000;0.000000;0.000000
0.000000;0.000000;0.000000;0.000000;0.000000;0.000000;0.000000;0.000000
0.000000;0.000000;0.000000;0.000000;0.000000;0.000000;0.000000;0.000000
0.000000;0.000000;0.000000;0.000000;0.000000;0.000000;0.000000;0.000000
0.000000;0.000000;0.000000;0.000000;0.000000;0.000000;0.000000;0.000000
0.000000;0.000000;0.000000;0.000000;0.000000;0.000000;0.000000;0.000000
0.000000;0.000000;0.000000;0.000000;0.000000;0.000000;0.000000;0.000000
0.000000;0.000000;0.000000;0.000000;0.000000;0.000000;0.000000;0.000000
0.000000;0.000000;0.000000;0.000000;0.000000;0.000000;0.000000;0.000000
0.000000;0.000000;0.000000;0.000000;0.000000;0.000000;0.000000;0.000000
0.000000;0.000000;0.000000;0.000000;0.000000;0.000000;0.000000;0.000000
0.000000;0.000000;0.000000;0.000000;0.000000;0.000000;0.000000;0.000000
0.000000;0.000000;0.000000;0.000000;0.000000;0.000000;0.000000;0.000000
0.000000;0.000000;0.000000;0.000000;0.000000;0.000000;0.000000;0.000000
0.000000;0.000000;0.000000;0.000000;0.000000;0.000000;0.000000;0.000000
0.000000;0.000000;0.000000;0.000000;0.000000;0.000000;0.000000;0.000000
0.000000;0.000000;0.000000;0.000000;0.000000;0.000000;0.000000;0.000000
0.000000;0.000000;0.000000;0.000000;0.000000;0.000000;0.000000;0.000000
0.000000;0.000000;0.000000;0.000000;0.000000;0.000000;0.000000;0.000000
0.000000;0.000000;0.000000;0.000000;0.000000;0.000000;0.000000;0.000000
0.000000;0.000000;0.000000;0.000000;0.000000;0.000000;0.000000;0.000000
0.000000;0.000000;0.000000;0.000000;0.000000;0.000000;0.000000;0.000000
0.000000;0.000000;0.000000;0.000000;0.000000;0.000000;0.000000;0.000000
0.000000;0.000000;0.000000;0.000000;0.000000;0.000000;0.000000;0.000000
0.000000;0.000000;0.000000;0.000000;0.000000;0.000000;0.000000;0.000000
0.000000;0.000000;0.000000;0.000000;0.000000;0.000000;0.000000;0.000000
0.000000;0.000000;0.000000;0.000000;0.000000;0.000000;0.000000;0.000000
0.000000;0.000000;0.000000;0.000000;0.000000;0.000000;0.000000;0.000000
0.000000;0.000000;0.000000;0.000000;0.000000;0.000000;0.000000;0.000000
0.000000;0.000000;0.000000;0.000000;0.000000;0.000000;0.000000;0.000000
0.000000;0.000000;0.000000;0.000000;0.000000;0.000000;0.000000;0.000000
0.000000;0.000000;0.000000;0.000000;0.000000;0.000000;0.000000;0.000000
0.000000;0.000000;0.000000;0.000000;0.000000;0.000000;0.000000;0.000000
0.000000;0.000000;0.000000;0.000000;0.000000;0.000000;0.000000;0.000000
0.000000;0.000000;0.000000;0.000000;0.000000;0.000000;0.000000;0.000000
0.000000;0.000000;0.000000;0.000000;0.000000;0.000000;0.000000;0.000000
0.000000;0.000000;0.000000;0.000000;0.000000;0.000000;0.000000;0.000000
0.000000;0.000000;0.000000;0.000000;0.000000;0.000000;0.000000;0.000000
0.000000;0.000000;0.000000;0.000000;0.000000;0.000000;0.000000;0.000000
0.000000;0.000000;0.000000;0.000000;0.000000;0.000000;0.000000;0.000000
0.000000;0.000000;0.000000;0.000000;0.000000;0.000000;0.000000;0.000000
0.000000;0.000000;0.000000;0.000000;0.000000;0.000000;0.000000;0.000000
0.000000;0.000000;0.000000;0.000000;0.000000;0.000000;0.000000;0.000000
0.000000;0.000000;0.000000;0.000000;0.000000;0.000000;0.000000;0.000000
0.000000;0.000000;0.000000;0.000000;0.000000;0.000000;0.000000;0.000000
0.000000;0.000000;0.000000;0.000000;0.000000;0.000000;0.000000;0.000000
0.000000;0.000000;0.000000;0.000000;0.000000;0.000000;0.000000;0.000000
0.000000;0.000000;0.000000;0.000000;0.000000;0.000000;0.000000;0.000000
0.000000;0.000000;0.000000;0.000000;0.000000;0.000000;0.000000;0.000000
0.000000;0.000000;0.000000;0.000000;0.000000;0.000000;0.000000;0.000000
0.000000;0.000000;0.000000;0.000000;0.000000;0.000000;0.000000;0.000000
0.000000;0.000000;0.000000;0.000000;0.000000;0.000000;0.000000;0.000000
0.000000;0.000000;0.000000;0.000000;0.000000;0.000000;0.000000;0.000000
0.000000;0.000000;0.000000;0.000000;0.000000;0.000000;0.000000;0.000000
0.000000;0.000000;0.000000;0.000000;0.000000;0.000000;0.000000;0.000000
0.000000;0.000000;0.000000;0.000000;0.000000;0.000000;0.000000;0.000000
0.000000;0.000000;0.000000;0.000000;0.000000;0.000000;0.000000;0.000000
0.000000;0.000000;0.000000;0.000000;0.000000;0.000000;0.000000;0.000000
0.000000;0.000000;0.000000;0.000000;0.000000;0.000000;0.000000;0.000000
0.000000;0.000000;0.000000;0.000000;0.000000;0.000000;0.000000;0.000000
0.000000;0.000000;0.000000;0.000000;0.000000;0.000000;0.000000;0.000000
0.000000;0.000000;0.000000;0.000000;0.000000;0.000000;0.000000;0.000000
0.000000;0.000000;0.000000;0.000000;0.000000;0.000000;0.000000;0.000000
0.000000;0.000000;0.000000;0.000000;0.000000;0.000000;0.000000;0.000000
0.000000;0.000000;0.000000;0.000000;0.000000;0.000000;0.000000;0.000000
0.000000;0.000000;0.000000;0.000000;0.000000;0.000000;0.000000;0.000000
0.000000;0.000000;0.000000;0.000000;0.000000;0.000000;0.000000;0.000000
0.000000;0.000000;0.000000;0.000000;0.000000;0.000000;0.000000;0.000000
0.000000;0.000000;0.000000;0.000000;0.000000;0.000000;0.000000;0.000000
0.000000;0.000000;0.000000;0.000000;0.000000;0.000000;0.000000;0.000000
0.000000;0.000000;0.000000;0.000000;0.000000;0.000000;0.000000;0.000000
0.000000;0.000000;0.000000;0.000000;0.000000;0.000000;0.000000;0.000000
0.000000;0.000000;0.000000;0.000000;0.000000;0.000000;0.000000;0.000000
0.000000;0.000000;0.000000;0.000000;0.000000;0.000000;0.000000;0.000000
0.000000;0.000000;0.000000;0.000000;0.000000;0.000000;0.000000;0.000000
0.000000;0.000000;0.000000;0.000000;0.000000;0.000000;0.000000;0.000000
0.000000;0.000000;0.000000;0.000000;0.000000;0.000000;0.000000;0.000000
0.000000;0.000000;0.000000;0.000000;0.000000;0.000000;0.000000;0.000000
0.000000;0.000000;0.000000;0.000000;0.000000;0.000000;0.000000;0.000000
0.000000;0.000000;0.000000;0.000000;0.000000;0.000000;0.000000;0.000000
0.000000;0.000000;0.000000;0.000000;0.000000;0.000000;0.000000;0.000000
0.000000;0.000000;0.000000;0.000000;0.000000;0.000000;0.000000;0.000000
0.000000;0.000000;0.000000;0.000000;0.000000;0.000000;0.000000;0.000000
0.000000;0.000000;0.000000;0.000000;0.000000;0.000000;0.000000;0.000000
0.000000;0.000000;0.000000;0.000000;0.000000;0.000000;0.000000;0.000000
0.000000;0.000000;0.000000;0.000000;0.000000;0.000000;0.000000;0.000000
0.000000;0.000000;0.000000;0.000000;0.000000;0.000000;0.000000;0.000000
0.000000;0.000000;0.000000;0.000000;0.000000;0.000000;0.000000;0.000000
0.000000;0.000000;0.000000;0.000000;0.000000;0.000000;0.000000;0.000000
0.000000;0.000000;0.000000;0.000000;0.000000;0.000000;0.000000;0.000000
0.000000;0.000000;0.000000;0.000000;0.000000;0.000000;0.000000;0.000000
0.000000;0.000000;0.000000;0.000000;0.000000;0.000000;0.000000;0.000000
0.000000;0.000000;0.000000;0.000000;0.000000;0.000000;0.000000;0.000000
0.000000;0.000000;0.000000;0.000000;0.000000;0.000000;0.000000;0.000000
0.000000;0.000000;0.000000;0.000000;0.000000;0.000000;0.000000;0.000000
0.000000;0.000000;0.000000;0.000000;0.000000;0.000000;0.000000;0.000000
0.000000;0.000000;0.000000;0.000000;0.000000;0.000000;0.000000;0.000000
0.000000;0.000000;0.000000;0.000000;0.000000;0.000000;0.000000;0.000000
0.000000;0.000000;0.000000;0.000000;0.000000;0.000000;0.000000;0.000000
0.000000;0.000000;0.000000;0.000000;0.000000;0.000000;0.000000;0.000000
0.000000;0.000000;0.000000;0.000000;0.000000;0.000000;0.000000;0.000000
0.000000;0.000000;0.000000;0.000000;0.000000;0.000000;0.000000;0.000000
0.000000;0.000000;0.000000;0.000000;0.000000;0.000000;0.000000;0.000000
0.000000;0.000000;0.000000;0.000000;0.000000;0.000000;0.000000;0.000000
0.000000;0.000000;0.000000;0.000000;0.000000;0.000000;0.000000;0.000000
0.000000;0.000000;0.000000;0.000000;0.000000;0.000000;0.000000;0.000000
0.000000;0.000000;0.000000;0.000000;0.000000;0.000000;0.000000;0.000000
0.000000;0.000000;0.000000;0.000000;0.000000;0.000000;0.000000;0.000000
0.000000;0.000000;0.000000;0.000000;0.000000;0.000000;0.000000;0.000000
0.000000;0.000000;0.000000;0.000000;0.000000;0.000000;0.000000;0.000000
0.000000;0.000000;0.000000;0.000000;0.000000;0.000000;0.000000;0.000000
0.000000;0.000000;0.000000;0.000000;0.000000;0.000000;0.000000;0.000000
0.000000;0.000000;0.000000;0.000000;0.000000;0.000000;0.000000;0.000000
0.000000;0.000000;0.000000;0.000000;0.000000;0.000000;0.000000;0.000000
0.000000;0.000000;0.000000;0.000000;0.000000;0.000000;0.000000;0.000000
0.000000;0.000000;0.000000;0.000000;0.000000;0.000000;0.000000;0.000000
0.000000;0.000000;0.000000;0.000000;0.000000;0.000000;0.000000;0.000000
0.000000;0.000000;0.000000;0.000000;0.000000;0.000000;0.000000;0.000000
0.000000;0.000000;0.000000;0.000000;0.000000;0.000000;0.000000;0.000000
0.000000;0.000000;0.000000;0.000000;0.000000;0.000000;0.000000;0.000000
0.000000;0.000000;0.000000;0.000000;0.000000;0.000000;0.000000;0.000000
0.000000;0.000000;0.000000;0.000000;0.000000;0.000000;0.000000;0.000000
0.000000;0.000000;0.000000;0.000000;0.000000;0.000000;0.000000;0.000000
0.000000;0.000000;0.000000;0.000000;0.000000;0.000000;0.000000;0.000000
0.000000;0.000000;0.000000;0.000000;0.000000;0.000000;0.000000;0.000000
0.000000;0.000000;0.000000;0.000000;0.000000;0.000000;0.000000;0.000000
0.000000;0.000000;0.000000;0.000000;0.000000;0.000000;0.000000;0.000000
0.000000;0.000000;0.000000;0.000000;0.000000;0.000000;0.000000;0.000000
0.000000;0.000000;0.000000;0.000000;0.000000;0.000000;0.000000;0.000000
0.000000;0.000000;0.000000;0.000000;0.000000;0.000000;0.000000;0.000000
0.000000;0.000000;0.000000;0.000000;0.000000;0.000000;0.000000;0.000000
0.000000;0.000000;0.000000;0.000000;0.000000;0.000000;0.000000;0.000000
0.000000;0.000000;0.000000;0.000000;0.000000;0.000000;0.000000;0.000000
0.000000;0.000000;0.000000;0.000000;0.000000;0.000000;0.000000;0.000000
0.000000;0.000000;0.000000;0.000000;0.000000;0.000000;0.000000;0.000000
0.000000;0.000000;0.000000;0.000000;0.000000;0.000000;0.000000;0.000000
0.000000;0.000000;0.000000;0.000000;0.000000;0.000000;0.000000;0.000000
0.000000;0.000000;0.000000;0.000000;0.000000;0.000000;0.000000;0.000000
0.000000;0.000000;0.000000;0.000000;0.000000;0.000000;0.000000;0.000000
0.000000;0.000000;0.000000;0.000000;0.000000;0.000000;0.000000;0.000000
0.000000;0.000000;0.000000;0.000000;0.000000;0.000000;0.000000;0.000000
0.000000;0.000000;0.000000;0.000000;0.000000;0.000000;0.000000;0.000000
0.000000;0.000000;0.000000;0.000000;0.000000;0.000000;0.000000;0.000000
0.000000;0.000000;0.000000;0.000000;0.000000;0.000000;0.000000;0.000000
0.000000;0.000000;0.000000;0.000000;0.000000;0.000000;0.000000;0.000000
0.000000;0.000000;0.000000;0.000000;0.000000;0.000000;0.000000;0.000000
0.000000;0.000000;0.000000;0.000000;0.000000;0.000000;0.000000;0.000000
0.000000;0.000000;0.000000;0.000000;0.000000;0.000000;0.000000;0.000000
0.000000;0.000000;0.000000;0.000000;0.000000;0.000000;0.000000;0.000000
0.000000;0.000000;0.000000;0.000000;0.000000;0.000000;0.000000;0.000000
0.000000;0.000000;0.000000;0.000000;0.000000;0.000000;0.000000;0.000000
0.000000;0.000000;0.000000;0.000000;0.000000;0.000000;0.000000;0.000000
0.000000;0.000000;0.000000;0.000000;0.000000;0.000000;0.000000;0.000000
0.000000;0.000000;0.000000;0.000000;0.000000;0.000000;0.000000;0.000000
0.000000;0.000000;0.000000;0.000000;0.000000;0.000000;0.000000;0.000000
0.000000;0.000000;0.000000;0.000000;0.000000;0.000000;0.000000;0.000000
0.000000;0.000000;0.000000;0.000000;0.000000;0.000000;0.000000;0.000000
0.000000;0.000000;0.000000;0.000000;0.000000;0.000000;0.000000;0.000000
0.000000;0.000000;0.000000;0.000000;0.000000;0.000000;0.000000;0.000000
0.000000;0.000000;0.000000;0.000000;0.000000;0.000000;0.000000;0.000000
0.000000;0.000000;0.000000;0.000000;0.000000;0.000000;0.000000;0.000000
0.000000;0.000000;0.000000;0.000000;0.000000;0.000000;0.000000;0.000000
0.000000;0.000000;0.000000;0.000000;0.000000;0.000000;0.000000;0.000000
0.000000;0.000000;0.000000;0.000000;0.000000;0.000000;0.000000;0.000000
0.000000;0.000000;0.000000;0.000000;0.000000;0.000000;0.000000;0.000000
0.000000;0.000000;0.000000;0.000000;0.000000;0.000000;0.000000;0.000000
0.000000;0.000000;0.000000;0.000000;0.000000;0.000000;0.000000;0.000000
0.000000;0.000000;0.000000;0.000000;0.000000;0.000000;0.000000;0.000000
0.000000;0.000000;0.000000;0.000000;0.000000;0.000000;0.000000;0.000000
0.000000;0.000000;0.000000;0.000000;0.000000;0.000000;0.000000;0.000000
0.000000;0.000000;0.000000;0.000000;0.000000;0.000000;0.000000;0.000000
0.000000;0.000000;0.000000;0.000000;0.000000;0.000000;0.000000;0.000000
0.000000;0.000000;0.000000;0.000000;0.000000;0.000000;0.000000;0.000000
0.000000;0.000000;0.000000;0.000000;0.000000;0.000000;0.000000;0.000000
0.000000;0.000000;0.000000;0.000000;0.000000;0.000000;0.000000;0.000000
0.000000;0.000000;0.000000;0.000000;0.000000;0.000000;0.000000;0.000000
0.000000;0.000000;0.000000;0.000000;0.000000;0.000000;0.000000;0.000000
0.000000;0.000000;0.000000;0.000000;0.000000;0.000000;0.000000;0.000000
0.000000;0.000000;0.000000;0.000000;0.000000;0.000000;0.000000;0.000000
0.000000;0.000000;0.000000;0.000000;0.000000;0.000000;0.000000;0.000000
0.000000;0.000000;0.000000;0.000000;0.000000;0.000000;0.000000;0.000000
0.000000;0.000000;0.000000;0.000000;0.000000;0.000000;0.000000;0.000000
0.000000;0.000000;0.000000;0.000000;0.000000;0.000000;0.000000;0.000000
0.000000;0.000000;0.000000;0.000000;0.000000;0.000000;0.000000;0.000000
0.000000;0.000000;0.000000;0.000000;0.000000;0.000000;0.000000;0.000000
0.000000;0.000000;0.000000;0.000000;0.000000;0.000000;0.000000;0.000000
0.000000;0.000000;0.000000;0.000000;0.000000;0.000000;0.000000;0.000000
0.000000;0.000000;0.000000;0.000000;0.000000;0.000000;0.000000;0.000000
0.000000;0.000000;0.000000;0.000000;0.000000;0.000000;0.000000;0.000000
0.000000;0.000000;0.000000;0.000000;0.000000;0.000000;0.000000;0.000000
0.000000;0.000000;0.000000;0.000000;0.000000;0.000000;0.000000;0.000000
0.000000;0.000000;0.000000;0.000000;0.000000;0.000000;0.000000;0.000000
0.000000;0.000000;0.000000;0.000000;0.000000;0.000000;0.000000;0.000000
0.000000;0.000000;0.000000;0.000000;0.000000;0.000000;0.000000;0.000000
0.000000;0.000000;0.000000;0.000000;0.000000;0.000000;0.000000;0.000000
0.000000;0.000000;0.000000;0.000000;0.000000;0.000000;0.000000;0.000000
0.000000;0.000000;0.000000;0.000000;0.000000;0.000000;0.000000;0.000000
0.000000;0.000000;0.000000;0.000000;0.000000;0.000000;0.000000;0.000000
0.000000;0.000000;0.000000;0.000000;0.000000;0.000000;0.000000;0.000000
0.000000;0.000000;0.000000;0.000000;0.000000;0.000000;0.000000;0.000000
0.000000;0.000000;0.000000;0.000000;0.000000;0.000000;0.000000;0.000000
0.000000;0.000000;0.000000;0.000000;0.000000;0.000000;0.000000;0.000000
0.000000;0.000000;0.000000;0.000000;0.000000;0.000000;0.000000;0.000000
0.000000;0.000000;0.000000;0.000000;0.000000;0.000000;0.000000;0.000000
0.000000;0.000000;0.000000;0.000000;0.000000;0.000000;0.000000;0.000000
0.000000;0.000000;0.000000;0.000000;0.000000;0.000000;0.000000;0.000000
0.000000;0.000000;0.000000;0.000000;0.000000;0.000000;0.000000;0.000000
0.000000;0.000000;0.000000;0.000000;0.000000;0.000000;0.000000;0.000000
0.000000;0.000000;0.000000;0.000000;0.000000;0.000000;0.000000;0.000000
0.000000;0.000000;0.000000;0.000000;0.000000;0.000000;0.000000;0.000000
0.000000;0.000000;0.000000;0.000000;0.000000;0.000000;0.000000;0.000000
0.000000;0.000000;0.000000;0.000000;0.000000;0.000000;0.000000;0.000000
0.000000;0.000000;0.000000;0.000000;0.000000;0.000000;0.000000;0.000000
0.000000;0.000000;0.000000;0.000000;0.000000;0.000000;0.000000;0.000000
0.000000;0.000000;0.000000;0.000000;0.000000;0.000000;0.000000;0.000000
0.000000;0.000000;0.000000;0.000000;0.000000;0.000000;0.000000;0.000000
0.000000;0.000000;0.000000;0.000000;0.000000;0.000000;0.000000;0.000000
0.000000;0.000000;0.000000;0.000000;0.000000;0.000000;0.000000;0.000000
0.000000;0.000000;0.000000;0.000000;0.000000;0.000000;0.000000;0.000000
0.000000;0.000000;0.000000;0.000000;0.000000;0.000000;0.000000;0.000000
0.000000;0.000000;0.000000;0.000000;0.000000;0.000000;0.000000;0.000000
0.000000;0.000000;0.000000;0.000000;0.000000;0.000000;0.000000;0.000000
0.000000;0.000000;0.000000;0.000000;0.000000;0.000000;0.000000;0.000000
0.000000;0.000000;0.000000;0.000000;0.000000;0.000000;0.000000;0.000000
0.000000;0.000000;0.000000;0.000000;0.000000;0.000000;0.000000;0.000000
0.000000;0.000000;0.000000;0.000000;0.000000;0.000000;0.000000;0.000000
0.000000;0.000000;0.000000;0.000000;0.000000;0.000000;0.000000;0.000000
0.000000;0.000000;0.000000;0.000000;0.000000;0.000000;0.000000;0.000000
0.000000;0.000000;0.000000;0.000000;0.000000;0.000000;0.000000;0.000000
0.000000;0.000000;0.000000;0.000000;0.000000;0.000000;0.000000;0.000000
0.000000;0.000000;0.000000;0.000000;0.000000;0.000000;0.000000;0.000000
0.000000;0.000000;0.000000;0.000000;0.000000;0.000000;0.000000;0.000000
0.000000;0.000000;0.000000;0.000000;0.000000;0.000000;0.000000;0.000000
0.000000;0.000000;0.000000;0.000000;0.000000;0.000000;0.000000;0.000000
0.000000;0.000000;0.000000;0.000000;0.000000;0.000000;0.000000;0.000000
0.000000;0.000000;0.000000;0.000000;0.000000;0.000000;0.000000;0.000000
0.000000;0.000000;0.000000;0.000000;0.000000;0.000000;0.000000;0.000000
0.000000;0.000000;0.000000;0.000000;0.000000;0.000000;0.000000;0.000000
0.000000;0.000000;0.000000;0.000000;0.000000;0.000000;0.000000;0.000000
0.000000;0.000000;0.000000;0.000000;0.000000;0.000000;0.000000;0.000000
0.000000;0.000000;0.000000;0.000000;0.000000;0.000000;0.000000;0.000000
0.000000;0.000000;0.000000;0.000000;0.000000;0.000000;0.000000;0.000000
0.000000;0.000000;0.000000;0.000000;0.000000;0.000000;0.000000;0.000000
0.000000;0.000000;0.000000;0.000000;0.000000;0.000000;0.000000;0.000000
0.000000;0.000000;0.000000;0.000000;0.000000;0.000000;0.000000;0.000000
0.000000;0.000000;0.000000;0.000000;0.000000;0.000000;0.000000;0.000000
0.000000;0.000000;0.000000;0.000000;0.000000;0.000000;0.000000;0.000000
0.000000;0.000000;0.000000;0.000000;0.000000;0.000000;0.000000;0.000000
0.000000;0.000000;0.000000;0.000000;0.000000;0.000000;0.000000;0.000000
0.000000;0.000000;0.000000;0.000000;0.000000;0.000000;0.000000;0.000000
0.000000;0.000000;0.000000;0.000000;0.000000;0.000000;0.000000;0.000000
0.000000;0.000000;0.000000;0.000000;0.000000;0.000000;0.000000;0.000000
0.000000;0.000000;0.000000;0.000000;0.000000;0.000000;0.000000;0.000000
0.000000;0.000000;0.000000;0.000000;0.000000;0.000000;0.000000;0.000000
0.000000;0.000000;0.000000;0.000000;0.000000;0.000000;0.000000;0.000000
0.000000;0.000000;0.000000;0.000000;0.000000;0.000000;0.000000;0.000000
0.000000;0.000000;0.000000;0.000000;0.000000;0.000000;0.000000;0.000000
0.000000;0.000000;0.000000;0.000000;0.000000;0.000000;0.000000;0.000000
0.000000;0.000000;0.000000;0.000000;0.000000;0.000000;0.000000;0.000000
0.000000;0.000000;0.000000;0.000000;0.000000;0.000000;0.000000;0.000000
0.000000;0.000000;0.000000;0.000000;0.000000;0.000000;0.000000;0.000000
0.000000;0.000000;0.000000;0.000000;0.000000;0.000000;0.000000;0.000000
0.000000;0.000000;0.000000;0.000000;0.000000;0.000000;0.000000;0.000000
0.000000;0.000000;0.000000;0.000000;0.000000;0.000000;0.000000;0.000000
0.000000;0.000000;0.000000;0.000000;0.000000;0.000000;0.000000;0.000000
0.000000;0.000000;0.000000;0.000000;0.000000;0.000000;0.000000;0.000000
0.000000;0.000000;0.000000;0.000000;0.000000;0.000000;0.000000;0.000000
0.000000;0.000000;0.000000;0.000000;0.000000;0.000000;0.000000;0.000000
0.000000;0.000000;0.000000;0.000000;0.000000;0.000000;0.000000;0.000000
0.000000;0.000000;0.000000;0.000000;0.000000;0.000000;0.000000;0.000000
0.000000;0.000000;0.000000;0.000000;0.000000;0.000000;0.000000;0.000000
0.000000;0.000000;0.000000;0.000000;0.000000;0.000000;0.000000;0.000000
0.000000;0.000000;0.000000;0.000000;0.000000;0.000000;0.000000;0.000000
0.000000;0.000000;0.000000;0.000000;0.000000;0.000000;0.000000;0.000000
0.000000;0.000000;0.000000;0.000000;0.000000;0.000000;0.000000;0.000000
0.000000;0.000000;0.000000;0.000000;0.000000;0.000000;0.000000;0.000000
0.000000;0.000000;0.000000;0.000000;0.000000;0.000000;0.000000;0.000000
0.000000;0.000000;0.000000;0.000000;0.000000;0.000000;0.000000;0.000000
0.000000;0.000000;0.000000;0.000000;0.000000;0.000000;0.000000;0.000000
0.000000;0.000000;0.000000;0.000000;0.000000;0.000000;0.000000;0.000000
0.000000;0.000000;0.000000;0.000000;0.000000;0.000000;0.000000;0.000000
0.000000;0.000000;0.000000;0.000000;0.000000;0.000000;0.000000;0.000000
0.000000;0.000000;0.000000;0.000000;0.000000;0.000000;0.000000;0.000000
0.000000;0.000000;0.000000;0.000000;0.000000;0.000000;0.000000;0.000000
0.000000;0.000000;0.000000;0.000000;0.000000;0.000000;0.000000;0.000000
0.000000;0.000000;0.000000;0.000000;0.000000;0.000000;0.000000;0.000000
0.000000;0.000000;0.000000;0.000000;0.000000;0.000000;0.000000;0.000000
0.000000;0.000000;0.000000;0.000000;0.000000;0.000000;0.000000;0.000000
0.000000;0.000000;0.000000;0.000000;0.000000;0.000000;0.000000;0.000000
0.000000;0.000000;0.000000;0.000000;0.000000;0.000000;0.000000;0.000000
0.000000;0.000000;0.000000;0.000000;0.000000;0.000000;0.000000;0.000000
0.000000;0.000000;0.000000;0.000000;0.000000;0.000000;0.000000;0.000000
0.000000;0.000000;0.000000;0.000000;0.000000;0.000000;0.000000;0.000000
0.000000;0.000000;0.000000;0.000000;0.000000;0.000000;0.000000;0.000000
0.000000;0.000000;0.000000;0.000000;0.000000;0.000000;0.000000;0.000000
0.000000;0.000000;0.000000;0.000000;0.000000;0.000000;0.000000;0.000000
0.000000;0.000000;0.000000;0.000000;0.000000;0.000000;0.000000;0.000000
0.000000;0.000000;0.000000;0.000000;0.000000;0.000000;0.000000;0.000000
0.000000;0.000000;0.000000;0.000000;0.000000;0.000000;0.000000;0.000000
0.000000;0.000000;0.000000;0.000000;0.000000;0.000000;0.000000;0.000000
0.000000;0.000000;0.000000;0.000000;0.000000;0.000000;0.000000;0.000000
0.000000;0.000000;0.000000;0.000000;0.000000;0.000000;0.000000;0.000000
0.000000;0.000000;0.000000;0.000000;0.000000;0.000000;0.000000;0.000000
0.000000;0.000000;0.000000;0.000000;0.000000;0.000000;0.000000;0.000000
