0.000000;-1.000000;13996.000000;0.000000;122362.000000;0.000000;0.000000;0.500536
1.000000;-1.000000;17843.000000;0.000000;226813.000000;0.000000;0.000000;1.076927
2.000000;-1.000000;14127.000000;0.000000;119128.000000;0.000000;0.000000;1.712956
3.000000;-1.000000;13832.000000;0.000000;91110.000000;9420.000000;0.000000;2.270883
4.000000;-1.000000;13805.000000;0.000000;109434.000000;0.000000;0.000000;2.823516
5.000000;-1.000000;13864.000000;0.000000;85271.000000;9362.000000;0.000000;3.404375
6.000000;-1.000000;14262.000000;0.000000;114723.000000;0.000000;0.000000;3.966943
7.000000;-1.000000;13834.000000;0.000000;91841.000000;9785.000000;0.000000;4.521918
8.000000;-1.000000;13368.000000;0.000000;87721.000000;9397.000000;0.000000;5.074356
9.000000;-1.000000;13666.000000;0.000000;139271.000000;0.000000;0.000000;5.629540
10.000000;-1.000000;13849.000000;0.000000;93032.000000;0.000000;0.000000;6.186911
11.000000;-1.000000;13248.000000;0.000000;74462.000000;8866.000000;0.000000;6.742367
12.000000;-1.000000;15371.000000;0.000000;169185.000000;8866.000000;0.000000;7.293100
13.000000;-1.000000;12568.000000;0.000000;64006.000000;0.000000;0.000000;7.850450
14.000000;-1.000000;14992.000000;0.000000;178114.000000;9482.000000;0.000000;8.405752
15.000000;-1.000000;12969.000000;0.000000;103214.000000;0.000000;0.000000;8.961185
16.000000;-1.000000;13425.000000;0.000000;93822.000000;0.000000;0.000000;9.516950
17.000000;-1.000000;12163.000000;0.000000;88346.000000;8955.000000;0.000000;10.068951
18.000000;-1.000000;14460.000000;0.000000;164701.000000;0.000000;0.000000;10.625966
19.000000;-1.000000;12871.000000;0.000000;79774.000000;0.000000;0.000000;11.179997
20.000000;-1.000000;16302.000000;0.000000;141033.000000;9420.000000;0.000000;11.777269
21.000000;-1.000000;13811.000000;0.000000;88362.000000;9214.000000;0.000000;12.453157
22.000000;-1.000000;13576.000000;0.000000;133264.000000;9482.000000;0.000000;13.061254
23.000000;-1.000000;12873.000000;0.000000;81369.000000;9214.000000;0.000000;13.669649
24.000000;-1.000000;13745.000000;0.000000;115318.000000;9482.000000;0.000000;14.257247
25.000000;-1.000000;13656.000000;0.000000;99445.000000;9214.000000;0.000000;14.847594
26.000000;-1.000000;13656.000000;0.000000;115438.000000;0.000000;0.000000;15.446078
27.000000;-1.000000;12663.000000;0.000000;51617.000000;0.000000;0.000000;16.043760
28.000000;-1.000000;13508.000000;0.000000;74285.000000;0.000000;0.000000;16.642841
29.000000;-1.000000;12055.000000;0.000000;60342.000000;9366.000000;0.000000;17.238678
30.000000;-1.000000;16185.000000;0.000000;189712.000000;8866.000000;0.000000;17.834017
31.000000;-1.000000;14247.000000;0.000000;89653.000000;9785.000000;0.000000;18.432096
32.000000;-1.000000;15103.000000;0.000000;132323.000000;9494.000000;0.000000;19.030645
33.000000;-1.000000;14124.000000;0.000000;111424.000000;0.000000;0.000000;19.628897
34.000000;-1.000000;13255.000000;0.000000;79671.000000;0.000000;0.000000;20.225101
35.000000;-1.000000;15174.000000;0.000000;153567.000000;0.000000;0.000000;20.823442
36.000000;-1.000000;12612.000000;0.000000;73430.000000;9420.000000;0.000000;21.418915
37.000000;-1.000000;13168.000000;0.000000;72236.000000;9366.000000;0.000000;22.012932
38.000000;-1.000000;14298.000000;0.000000;125043.000000;9482.000000;0.000000;22.609552
39.000000;-1.000000;14659.000000;0.000000;132629.000000;0.000000;0.000000;23.211037
40.000000;-1.000000;12223.000000;0.000000;93994.000000;0.000000;0.000000;23.941996
41.000000;-1.000000;14078.000000;0.000000;88410.000000;9397.000000;0.000000;24.705462
42.000000;-1.000000;12893.000000;0.000000;53784.000000;9523.000000;0.000000;25.402275
43.000000;-1.000000;12970.000000;0.000000;81736.000000;9397.000000;0.000000;26.078861
44.000000;-1.000000;12032.000000;0.000000;48946.000000;0.000000;0.000000;26.766964
45.000000;-1.000000;14052.000000;0.000000;129827.000000;9494.000000;0.000000;27.446976
46.000000;-1.000000;12197.000000;0.000000;41177.000000;9366.000000;0.000000;28.122999
47.000000;-1.000000;15123.000000;0.000000;143554.000000;0.000000;0.000000;28.817642
48.000000;-1.000000;12243.000000;0.000000;64330.000000;0.000000;0.000000;29.512861
49.000000;-1.000000;15053.000000;0.000000;184765.000000;9397.000000;0.000000;30.194426
50.000000;-1.000000;12478.000000;0.000000;83215.000000;0.000000;0.000000;30.885086
51.000000;-1.000000;14665.000000;0.000000;122205.000000;9366.000000;0.000000;31.569939
52.000000;-1.000000;14086.000000;0.000000;92952.000000;9366.000000;0.000000;32.253952
53.000000;-1.000000;14966.000000;0.000000;148150.000000;9366.000000;0.000000;32.936604
54.000000;-1.000000;12819.000000;0.000000;132736.000000;9366.000000;0.000000;33.642159
55.000000;-1.000000;12973.000000;0.000000;75393.000000;9785.000000;0.000000;34.324764
56.000000;-1.000000;13831.000000;0.000000;112864.000000;9785.000000;0.000000;35.008160
57.000000;-1.000000;14214.000000;0.000000;88763.000000;8866.000000;0.000000;35.698250
58.000000;-1.000000;13229.000000;0.000000;124123.000000;9494.000000;0.000000;36.501804
59.000000;-1.000000;13450.000000;0.000000;119456.000000;0.000000;0.000000;37.233215
60.000000;-1.000000;13324.000000;0.000000;95590.000000;9420.000000;0.000000;38.106609
61.000000;-1.000000;13544.000000;0.000000;108912.000000;9785.000000;0.000000;39.058750
62.000000;-1.000000;12070.000000;0.000000;33840.000000;9494.000000;0.000000;39.913933
63.000000;-1.000000;14585.000000;0.000000;145649.000000;9420.000000;0.000000;40.766907
64.000000;-1.000000;13681.000000;0.000000;88540.000000;9420.000000;0.000000;41.623219
65.000000;-1.000000;12999.000000;0.000000;49546.000000;9420.000000;0.000000;42.482552
66.000000;-1.000000;15988.000000;0.000000;184890.000000;9420.000000;0.000000;43.337559
67.000000;-1.000000;14561.000000;0.000000;121911.000000;9420.000000;0.000000;44.257774
68.000000;-1.000000;15373.000000;0.000000;147781.000000;9494.000000;0.000000;45.115055
69.000000;-1.000000;11615.000000;0.000000;40736.000000;9420.000000;0.000000;45.978863
70.000000;-1.000000;14230.000000;0.000000;107116.000000;9494.000000;0.000000;46.848488
71.000000;-1.000000;12428.000000;0.000000;53153.000000;9494.000000;0.000000;47.717297
72.000000;-1.000000;15106.000000;0.000000;153620.000000;9612.000000;0.000000;48.577049
73.000000;-1.000000;12434.000000;0.000000;67155.000000;9785.000000;0.000000;49.438763
74.000000;-1.000000;12380.000000;0.000000;66646.000000;9523.000000;0.000000;50.299232
75.000000;-1.000000;13070.000000;0.000000;97723.000000;9420.000000;0.000000;51.161850
76.000000;-1.000000;16601.000000;0.000000;190384.000000;9366.000000;0.000000;52.064129
77.000000;-1.000000;13284.000000;0.000000;73686.000000;9616.000000;0.000000;52.930939
78.000000;-1.000000;15788.000000;0.000000;163256.000000;9785.000000;0.000000;53.827827
79.000000;-1.000000;13894.000000;0.000000;124892.000000;9420.000000;0.000000;54.695862
80.000000;-1.000000;14339.000000;0.000000;124830.000000;9494.000000;0.000000;55.916611
81.000000;-1.000000;12993.000000;0.000000;130595.000000;9785.000000;0.000000;57.272537
82.000000;-1.000000;12555.000000;0.000000;58591.000000;9785.000000;0.000000;58.466415
83.000000;-1.000000;13446.000000;0.000000;89836.000000;9785.000000;0.000000;59.647846
84.000000;-1.000000;13306.000000;0.000000;92547.000000;9785.000000;0.000000;60.838993
85.000000;-1.000000;12867.000000;0.000000;81406.000000;9785.000000;0.000000;62.020855
86.000000;-1.000000;13771.000000;0.000000;86164.000000;9420.000000;0.000000;63.228275
87.000000;-1.000000;12620.000000;0.000000;56284.000000;9785.000000;0.000000;64.436050
88.000000;-1.000000;13850.000000;0.000000;106169.000000;9905.000000;0.000000;65.632812
89.000000;-1.000000;13001.000000;0.000000;91975.000000;9785.000000;0.000000;66.825424
90.000000;-1.000000;14495.000000;0.000000;120501.000000;9785.000000;0.000000;68.005470
91.000000;-1.000000;14653.000000;0.000000;128096.000000;9785.000000;0.000000;69.200424
92.000000;-1.000000;13605.000000;0.000000;75747.000000;9785.000000;0.000000;70.407761
93.000000;-1.000000;13155.000000;0.000000;68560.000000;9785.000000;0.000000;71.612160
94.000000;-1.000000;14229.000000;0.000000;128014.000000;9785.000000;0.000000;73.029686
95.000000;-1.000000;12239.000000;0.000000;63367.000000;9785.000000;0.000000;74.316368
96.000000;-1.000000;14038.000000;0.000000;89572.000000;9785.000000;0.000000;75.474098
97.000000;-1.000000;12199.000000;0.000000;71273.000000;9785.000000;0.000000;76.526131
98.000000;-1.000000;13073.000000;0.000000;84691.000000;9785.000000;0.000000;77.574409
99.000000;-1.000000;14811.000000;0.000000;168073.000000;9785.000000;0.000000;78.621094
100.000000;-1.000000;13913.000000;0.000000;134055.000000;9785.000000;0.000000;79.823624
101.000000;-1.000000;13035.000000;0.000000;75829.000000;9785.000000;0.000000;81.214195
102.000000;-1.000000;12135.000000;0.000000;49832.000000;9785.000000;0.000000;82.556129
103.000000;-1.000000;14261.000000;0.000000;103818.000000;9785.000000;0.000000;83.927711
104.000000;-1.000000;13360.000000;0.000000;121116.000000;9420.000000;0.000000;85.289574
105.000000;-1.000000;13117.000000;0.000000;115869.000000;9785.000000;0.000000;86.665825
106.000000;-1.000000;13363.000000;0.000000;87429.000000;9785.000000;0.000000;88.012749
107.000000;-1.000000;13631.000000;0.000000;118198.000000;9785.000000;0.000000;89.368866
108.000000;-1.000000;12852.000000;0.000000;67680.000000;9785.000000;0.000000;90.727089
109.000000;-1.000000;14023.000000;0.000000;107221.000000;9785.000000;0.000000;92.089668
110.000000;-1.000000;13760.000000;0.000000;120662.000000;9785.000000;0.000000;93.469391
111.000000;-1.000000;14215.000000;0.000000;102125.000000;9494.000000;0.000000;94.894943
112.000000;-1.000000;13524.000000;0.000000;120333.000000;9785.000000;0.000000;96.291885
113.000000;-1.000000;13642.000000;0.000000;104809.000000;9785.000000;0.000000;97.676399
114.000000;-1.000000;14324.000000;0.000000;120664.000000;9785.000000;0.000000;99.059753
115.000000;-1.000000;12990.000000;0.000000;91206.000000;9785.000000;0.000000;100.313995
116.000000;-1.000000;12651.000000;0.000000;118612.000000;9785.000000;0.000000;101.532722
117.000000;-1.000000;14591.000000;0.000000;136800.000000;9785.000000;0.000000;102.747925
118.000000;-1.000000;13175.000000;0.000000;105505.000000;9420.000000;0.000000;104.046555
119.000000;-1.000000;13103.000000;0.000000;63025.000000;9785.000000;0.000000;105.267761
120.000000;-1.000000;13666.000000;0.000000;93554.000000;9785.000000;0.000000;106.479530
121.000000;-1.000000;12366.000000;0.000000;82637.000000;9420.000000;0.000000;107.952499
122.000000;-1.000000;11700.000000;0.000000;45487.000000;9785.000000;0.000000;109.295509
123.000000;-1.000000;14477.000000;0.000000;93780.000000;9785.000000;0.000000;110.658661
124.000000;-1.000000;14022.000000;0.000000;112700.000000;9785.000000;0.000000;112.023361
125.000000;-1.000000;13430.000000;0.000000;107267.000000;9785.000000;0.000000;113.387215
126.000000;-1.000000;13008.000000;0.000000;67826.000000;9785.000000;0.000000;114.779297
127.000000;-1.000000;12571.000000;0.000000;78295.000000;9785.000000;0.000000;116.138550
128.000000;-1.000000;13716.000000;0.000000;121059.000000;9785.000000;0.000000;117.496727
129.000000;-1.000000;13527.000000;0.000000;96213.000000;9785.000000;0.000000;118.936501
130.000000;-1.000000;13964.000000;0.000000;147834.000000;9785.000000;0.000000;120.343109
131.000000;-1.000000;14450.000000;0.000000;124173.000000;9785.000000;0.000000;121.816216
132.000000;-1.000000;14917.000000;0.000000;142617.000000;9785.000000;0.000000;123.226685
133.000000;-1.000000;14074.000000;0.000000;92481.000000;9785.000000;0.000000;124.648674
134.000000;-1.000000;13241.000000;0.000000;59186.000000;9463.000000;0.000000;126.041451
135.000000;-1.000000;13575.000000;0.000000;77143.000000;9785.000000;0.000000;127.299629
136.000000;-1.000000;14425.000000;0.000000;147513.000000;9785.000000;0.000000;128.525696
137.000000;-1.000000;14292.000000;0.000000;156901.000000;9785.000000;0.000000;129.752335
138.000000;-1.000000;15683.000000;0.000000;200358.000000;9785.000000;0.000000;130.982208
139.000000;-1.000000;13205.000000;0.000000;78058.000000;9785.000000;0.000000;132.213333
140.000000;-1.000000;14367.000000;0.000000;110832.000000;9785.000000;0.000000;133.444534
141.000000;-1.000000;13753.000000;0.000000;114869.000000;9785.000000;0.000000;134.964600
142.000000;-1.000000;16635.000000;0.000000;204897.000000;9420.000000;0.000000;136.327332
143.000000;-1.000000;13274.000000;0.000000;113163.000000;9785.000000;0.000000;137.701950
144.000000;-1.000000;13609.000000;0.000000;116637.000000;9785.000000;0.000000;139.070572
145.000000;-1.000000;14112.000000;0.000000;103002.000000;9785.000000;0.000000;140.433914
146.000000;-1.000000;12989.000000;0.000000;67371.000000;9785.000000;0.000000;141.812119
147.000000;-1.000000;16143.000000;0.000000;156501.000000;9785.000000;0.000000;143.189331
148.000000;-1.000000;13551.000000;0.000000;80896.000000;9785.000000;0.000000;144.607193
149.000000;-1.000000;13191.000000;0.000000;77518.000000;9785.000000;0.000000;145.967514
150.000000;-1.000000;13686.000000;0.000000;77622.000000;9785.000000;0.000000;147.364700
151.000000;-1.000000;12598.000000;0.000000;91407.000000;9785.000000;0.000000;148.766129
152.000000;-1.000000;13041.000000;0.000000;78478.000000;9785.000000;0.000000;150.169281
153.000000;-1.000000;14527.000000;0.000000;121191.000000;9785.000000;0.000000;151.573700
154.000000;-1.000000;13427.000000;0.000000;68249.000000;9785.000000;0.000000;152.968140
155.000000;-1.000000;11782.000000;0.000000;36689.000000;9785.000000;0.000000;154.254181
156.000000;-1.000000;12878.000000;0.000000;105305.000000;9785.000000;0.000000;155.489838
157.000000;-1.000000;12152.000000;0.000000;51156.000000;9785.000000;0.000000;156.731033
158.000000;-1.000000;14425.000000;0.000000;126719.000000;9785.000000;0.000000;158.018799
159.000000;-1.000000;13075.000000;0.000000;66355.000000;9785.000000;0.000000;159.261505
160.000000;-1.000000;13170.000000;0.000000;85765.000000;9785.000000;0.000000;160.492523
161.000000;-1.000000;13594.000000;0.000000;98267.000000;9785.000000;0.000000;162.010727
162.000000;-1.000000;17459.000000;0.000000;212380.000000;9785.000000;0.000000;163.401291
163.000000;-1.000000;12795.000000;0.000000;55335.000000;9785.000000;0.000000;164.840912
164.000000;-1.000000;13571.000000;0.000000;108220.000000;9785.000000;0.000000;166.234802
165.000000;-1.000000;13331.000000;0.000000;82058.000000;9785.000000;0.000000;167.627640
166.000000;-1.000000;13132.000000;0.000000;71889.000000;9785.000000;0.000000;169.009583
167.000000;-1.000000;11818.000000;0.000000;41491.000000;9785.000000;0.000000;170.415176
168.000000;-1.000000;13382.000000;0.000000;76572.000000;9785.000000;0.000000;171.817657
169.000000;-1.000000;14334.000000;0.000000;108934.000000;9785.000000;0.000000;173.220505
170.000000;-1.000000;15779.000000;0.000000;170915.000000;9785.000000;0.000000;174.642197
171.000000;-1.000000;12295.000000;0.000000;89051.000000;9785.000000;0.000000;176.043472
172.000000;-1.000000;13532.000000;0.000000;121596.000000;9785.000000;0.000000;177.432968
173.000000;-1.000000;12920.000000;0.000000;86104.000000;9785.000000;0.000000;178.866241
174.000000;-1.000000;12516.000000;0.000000;67087.000000;9785.000000;0.000000;180.295868
175.000000;-1.000000;14794.000000;0.000000;144010.000000;9785.000000;0.000000;181.724640
176.000000;-1.000000;12902.000000;0.000000;114363.000000;9785.000000;0.000000;183.141693
177.000000;-1.000000;12898.000000;0.000000;97885.000000;9785.000000;0.000000;184.536102
178.000000;-1.000000;13379.000000;0.000000;145556.000000;9785.000000;0.000000;185.800293
179.000000;-1.000000;11986.000000;0.000000;74278.000000;9785.000000;0.000000;187.054016
180.000000;-1.000000;13365.000000;0.000000;89099.000000;9785.000000;0.000000;188.323746
181.000000;-1.000000;13135.000000;0.000000;71330.000000;9785.000000;0.000000;189.842392
182.000000;-1.000000;14444.000000;0.000000;130666.000000;9785.000000;0.000000;191.387131
183.000000;-1.000000;12556.000000;0.000000;73654.000000;9785.000000;0.000000;192.801239
184.000000;-1.000000;14843.000000;0.000000;135033.000000;9785.000000;0.000000;194.214645
185.000000;-1.000000;12023.000000;0.000000;95525.000000;9785.000000;0.000000;195.649124
186.000000;-1.000000;15727.000000;0.000000;165849.000000;9785.000000;0.000000;197.050690
187.000000;-1.000000;11150.000000;0.000000;35626.000000;9785.000000;0.000000;198.445923
188.000000;-1.000000;14191.000000;0.000000;137731.000000;9785.000000;0.000000;199.844467
189.000000;-1.000000;15089.000000;0.000000;168984.000000;9420.000000;0.000000;201.243347
190.000000;-1.000000;13852.000000;0.000000;108200.000000;9785.000000;0.000000;202.777069
191.000000;-1.000000;13648.000000;0.000000;117332.000000;9463.000000;0.000000;204.203262
192.000000;-1.000000;11953.000000;0.000000;65004.000000;9785.000000;0.000000;205.640366
193.000000;-1.000000;13371.000000;0.000000;88885.000000;9785.000000;0.000000;207.055267
194.000000;-1.000000;12871.000000;0.000000;92125.000000;9785.000000;0.000000;208.408005
195.000000;-1.000000;13703.000000;0.000000;89030.000000;9785.000000;0.000000;209.633621
196.000000;-1.000000;14096.000000;0.000000;108982.000000;9785.000000;0.000000;210.855667
197.000000;-1.000000;14483.000000;0.000000;96207.000000;9785.000000;0.000000;212.083710
198.000000;-1.000000;15216.000000;0.000000;114369.000000;9785.000000;0.000000;213.306534
199.000000;-1.000000;12140.000000;0.000000;67663.000000;9785.000000;0.000000;214.560654
200.000000;-1.000000;14142.000000;0.000000;145949.000000;9785.000000;0.000000;215.896088
201.000000;-1.000000;13079.000000;0.000000;98994.000000;9785.000000;0.000000;217.481812
202.000000;-1.000000;14689.000000;0.000000;166606.000000;9785.000000;0.000000;218.841217
203.000000;-1.000000;13634.000000;0.000000;117403.000000;9785.000000;0.000000;220.192780
204.000000;-1.000000;12135.000000;0.000000;75717.000000;9785.000000;0.000000;221.555588
205.000000;-1.000000;12730.000000;0.000000;65896.000000;9785.000000;0.000000;222.926437
206.000000;-1.000000;13964.000000;0.000000;81154.000000;9785.000000;0.000000;224.385269
207.000000;-1.000000;14011.000000;0.000000;137461.000000;9785.000000;0.000000;225.783676
208.000000;-1.000000;12990.000000;0.000000;84207.000000;9785.000000;0.000000;227.165497
209.000000;-1.000000;13102.000000;0.000000;87717.000000;9785.000000;0.000000;228.551682
210.000000;-1.000000;13654.000000;0.000000;104312.000000;9785.000000;0.000000;229.968521
211.000000;-1.000000;13262.000000;0.000000;85508.000000;9785.000000;0.000000;231.374802
212.000000;-1.000000;14704.000000;0.000000;103134.000000;9785.000000;0.000000;232.780548
213.000000;-1.000000;14932.000000;0.000000;161159.000000;9785.000000;0.000000;234.164459
214.000000;-1.000000;13418.000000;0.000000;80656.000000;9785.000000;0.000000;235.562897
215.000000;-1.000000;15740.000000;0.000000;193727.000000;9785.000000;0.000000;236.794601
216.000000;-1.000000;14770.000000;0.000000;165996.000000;9785.000000;0.000000;238.014801
217.000000;-1.000000;12407.000000;0.000000;52392.000000;9785.000000;0.000000;239.249069
218.000000;-1.000000;14680.000000;0.000000;112644.000000;9785.000000;0.000000;240.490372
219.000000;-1.000000;12945.000000;0.000000;78209.000000;9494.000000;0.000000;241.732025
220.000000;-1.000000;13679.000000;0.000000;113538.000000;9785.000000;0.000000;242.965576
221.000000;-1.000000;12612.000000;0.000000;60198.000000;9785.000000;0.000000;244.479080
222.000000;-1.000000;13987.000000;0.000000;127128.000000;9785.000000;0.000000;245.890213
223.000000;9785.000000;12666.000000;0.000000;71002.000000;9785.000000;1.000000;247.273514
224.000000;9785.000000;12293.000000;0.000000;89134.000000;9785.000000;0.000000;248.666733
225.000000;9785.000000;10079.000000;0.000000;19250.000000;9785.000000;0.000000;250.068314
226.000000;9785.000000;10655.000000;0.000000;56093.000000;9785.000000;0.000000;251.469925
227.000000;9785.000000;10747.000000;0.000000;22693.000000;9785.000000;0.000000;252.867630
228.000000;9785.000000;11506.000000;0.000000;49732.000000;9785.000000;0.000000;254.263489
229.000000;9785.000000;10558.000000;0.000000;21804.000000;9785.000000;0.000000;255.691788
230.000000;9785.000000;10484.000000;0.000000;21969.000000;9785.000000;0.000000;257.143860
231.000000;9785.000000;10516.000000;0.000000;63325.000000;9785.000000;0.000000;258.553802
232.000000;9785.000000;9516.000000;0.000000;23267.000000;9785.000000;0.000000;259.965729
233.000000;9785.000000;10821.000000;0.000000;33710.000000;9785.000000;0.000000;261.375732
234.000000;9785.000000;10263.000000;0.000000;25718.000000;9785.000000;0.000000;262.756226
235.000000;9785.000000;10940.000000;0.000000;15425.000000;9785.000000;0.000000;264.002655
236.000000;9785.000000;9487.000000;0.000000;24579.000000;9785.000000;0.000000;265.279510
237.000000;9785.000000;9621.000000;0.000000;23417.000000;9785.000000;0.000000;266.520538
238.000000;9785.000000;10178.000000;0.000000;16213.000000;9785.000000;0.000000;267.759521
239.000000;9785.000000;10592.000000;0.000000;34622.000000;9785.000000;0.000000;268.986237
240.000000;9785.000000;10520.000000;0.000000;36657.000000;9785.000000;0.000000;270.206421
241.000000;9785.000000;9780.000000;0.000000;29547.000000;9785.000000;0.000000;271.679352
242.000000;9785.000000;10219.000000;0.000000;28170.000000;9785.000000;0.000000;273.037323
243.000000;9785.000000;9345.000000;0.000000;12976.000000;9785.000000;0.000000;274.393646
244.000000;9785.000000;9681.000000;0.000000;26382.000000;9785.000000;0.000000;275.792816
245.000000;9785.000000;12780.000000;0.000000;60628.000000;9785.000000;0.000000;277.165771
246.000000;9785.000000;9984.000000;0.000000;24214.000000;9785.000000;0.000000;278.538605
247.000000;9785.000000;10973.000000;0.000000;38799.000000;9785.000000;0.000000;279.908722
248.000000;9785.000000;9610.000000;0.000000;28999.000000;9785.000000;0.000000;281.274750
249.000000;9785.000000;10380.000000;0.000000;41164.000000;9785.000000;0.000000;282.638824
250.000000;9785.000000;10732.000000;0.000000;38811.000000;9785.000000;0.000000;284.138123
251.000000;9785.000000;11932.000000;0.000000;51186.000000;9785.000000;0.000000;285.552429
252.000000;9785.000000;9498.000000;0.000000;26305.000000;9785.000000;0.000000;286.932404
253.000000;9785.000000;11920.000000;0.000000;58506.000000;9785.000000;0.000000;288.310944
254.000000;9785.000000;10055.000000;0.000000;34814.000000;9785.000000;0.000000;289.692780
255.000000;9785.000000;11789.000000;0.000000;68477.000000;9785.000000;0.000000;290.927063
256.000000;9785.000000;11185.000000;0.000000;23865.000000;9785.000000;0.000000;292.268402
257.000000;9785.000000;12172.000000;0.000000;58014.000000;9785.000000;0.000000;293.873901
258.000000;9785.000000;13634.000000;0.000000;126837.000000;9785.000000;0.000000;295.352234
259.000000;9785.000000;11682.000000;0.000000;45465.000000;9785.000000;0.000000;296.729614
260.000000;9785.000000;8963.000000;0.000000;14299.000000;9785.000000;0.000000;298.093048
261.000000;9785.000000;10099.000000;0.000000;53170.000000;9785.000000;0.000000;299.463074
262.000000;9785.000000;9866.000000;0.000000;13128.000000;9785.000000;0.000000;300.819061
263.000000;9785.000000;10869.000000;0.000000;13198.000000;9785.000000;0.000000;302.200531
264.000000;9785.000000;11804.000000;0.000000;54931.000000;9785.000000;0.000000;303.577728
265.000000;9785.000000;10617.000000;0.000000;38645.000000;9785.000000;0.000000;304.960693
266.000000;9785.000000;11030.000000;0.000000;43364.000000;9785.000000;0.000000;306.352753
267.000000;9785.000000;10794.000000;0.000000;24685.000000;9785.000000;0.000000;307.721832
268.000000;9785.000000;12314.000000;0.000000;92741.000000;9785.000000;0.000000;309.092316
269.000000;9785.000000;9738.000000;0.000000;16249.000000;9785.000000;0.000000;310.474609
270.000000;9785.000000;10667.000000;0.000000;38814.000000;9785.000000;0.000000;311.909424
271.000000;9785.000000;12045.000000;0.000000;54054.000000;9785.000000;0.000000;313.305450
272.000000;9785.000000;10798.000000;0.000000;47733.000000;9785.000000;0.000000;314.700867
273.000000;9785.000000;10319.000000;0.000000;20812.000000;9785.000000;0.000000;316.121521
274.000000;9785.000000;12165.000000;0.000000;68310.000000;9785.000000;0.000000;317.392517
275.000000;9785.000000;9661.000000;0.000000;17678.000000;9785.000000;0.000000;318.618011
276.000000;9785.000000;10332.000000;0.000000;19000.000000;9785.000000;0.000000;319.838074
277.000000;9785.000000;10461.000000;0.000000;26748.000000;9785.000000;0.000000;321.061249
278.000000;9785.000000;9810.000000;0.000000;24249.000000;9785.000000;0.000000;322.287201
279.000000;9785.000000;9584.000000;0.000000;35409.000000;9785.000000;0.000000;323.511993
280.000000;9785.000000;11322.000000;0.000000;29530.000000;9785.000000;0.000000;324.736511
281.000000;9785.000000;9920.000000;0.000000;22927.000000;9785.000000;0.000000;326.239166
282.000000;9785.000000;9861.000000;0.000000;16096.000000;9785.000000;0.000000;327.618042
283.000000;9785.000000;9972.000000;0.000000;32443.000000;9785.000000;0.000000;328.997833
284.000000;9785.000000;12206.000000;0.000000;62968.000000;9785.000000;0.000000;330.393311
285.000000;9785.000000;10746.000000;0.000000;36807.000000;9785.000000;0.000000;331.785187
286.000000;9785.000000;11591.000000;0.000000;48652.000000;9785.000000;0.000000;333.276947
287.000000;9785.000000;9656.000000;0.000000;15432.000000;9785.000000;0.000000;334.669891
288.000000;9785.000000;9176.000000;0.000000;24884.000000;9785.000000;0.000000;336.119080
289.000000;9785.000000;10264.000000;0.000000;16514.000000;9785.000000;0.000000;337.570740
290.000000;9785.000000;9843.000000;0.000000;41963.000000;9785.000000;0.000000;339.003052
291.000000;9785.000000;9767.000000;0.000000;18193.000000;9785.000000;0.000000;340.412720
292.000000;9785.000000;10739.000000;0.000000;30069.000000;9785.000000;0.000000;341.823853
293.000000;9785.000000;10175.000000;0.000000;14822.000000;9785.000000;0.000000;343.232788
294.000000;9785.000000;10101.000000;0.000000;18205.000000;9785.000000;0.000000;344.640167
295.000000;9785.000000;10638.000000;0.000000;30857.000000;9785.000000;0.000000;345.911072
296.000000;9785.000000;11857.000000;0.000000;44128.000000;9785.000000;0.000000;347.149872
297.000000;9785.000000;10329.000000;0.000000;26234.000000;9785.000000;0.000000;348.389252
298.000000;9785.000000;10383.000000;0.000000;17769.000000;9785.000000;0.000000;349.626465
299.000000;9785.000000;9454.000000;0.000000;17643.000000;9785.000000;0.000000;350.866394
300.000000;9785.000000;10607.000000;0.000000;28156.000000;9785.000000;0.000000;352.096222
301.000000;9785.000000;9350.000000;0.000000;14793.000000;9785.000000;0.000000;353.600128
302.000000;9785.000000;9646.000000;0.000000;26798.000000;9785.000000;0.000000;354.980347
303.000000;9785.000000;9984.000000;0.000000;17484.000000;9785.000000;0.000000;356.385925
304.000000;9785.000000;10518.000000;0.000000;41379.000000;9785.000000;0.000000;357.775085
305.000000;9785.000000;11425.000000;0.000000;36762.000000;9785.000000;0.000000;359.146576
306.000000;9785.000000;10800.000000;0.000000;34947.000000;9785.000000;0.000000;360.515411
307.000000;9785.000000;8890.000000;0.000000;34531.000000;9785.000000;0.000000;361.882965
308.000000;9785.000000;10532.000000;0.000000;31142.000000;9785.000000;0.000000;363.241516
309.000000;9785.000000;10275.000000;0.000000;22222.000000;9785.000000;0.000000;364.597931
310.000000;9785.000000;11321.000000;0.000000;58957.000000;9785.000000;0.000000;366.014252
311.000000;9785.000000;11879.000000;0.000000;50060.000000;9785.000000;0.000000;367.402832
312.000000;9785.000000;9184.000000;0.000000;17764.000000;9785.000000;0.000000;368.791290
313.000000;9785.000000;9878.000000;0.000000;16342.000000;9785.000000;0.000000;370.172424
314.000000;9785.000000;9021.000000;0.000000;16111.000000;9785.000000;0.000000;371.557861
315.000000;9785.000000;11549.000000;0.000000;26894.000000;9785.000000;0.000000;372.789093
316.000000;9785.000000;9617.000000;0.000000;14623.000000;9785.000000;0.000000;374.000458
317.000000;9785.000000;10781.000000;0.000000;29516.000000;9785.000000;0.000000;375.214996
318.000000;9785.000000;9839.000000;0.000000;22904.000000;9785.000000;0.000000;376.462036
319.000000;9785.000000;11403.000000;0.000000;45690.000000;9785.000000;0.000000;377.678162
320.000000;9785.000000;10755.000000;0.000000;18018.000000;9785.000000;0.000000;378.896515
321.000000;9785.000000;10850.000000;0.000000;38472.000000;9785.000000;0.000000;380.370667
322.000000;9785.000000;10746.000000;0.000000;23522.000000;9785.000000;0.000000;381.727905
323.000000;9785.000000;10312.000000;0.000000;34090.000000;9785.000000;0.000000;383.085388
324.000000;9785.000000;11276.000000;0.000000;62954.000000;9785.000000;0.000000;384.472015
325.000000;9785.000000;10599.000000;0.000000;41791.000000;9785.000000;0.000000;385.914246
326.000000;9785.000000;10830.000000;0.000000;46798.000000;9785.000000;0.000000;387.288605
327.000000;9785.000000;8683.000000;0.000000;42880.000000;9785.000000;0.000000;388.662170
328.000000;9785.000000;11257.000000;0.000000;44667.000000;9785.000000;0.000000;390.042999
329.000000;9785.000000;11926.000000;0.000000;115996.000000;9785.000000;0.000000;391.422577
330.000000;9785.000000;10261.000000;0.000000;20636.000000;9785.000000;0.000000;392.832855
331.000000;9785.000000;11079.000000;0.000000;53555.000000;9785.000000;0.000000;394.247864
332.000000;9785.000000;11931.000000;0.000000;54663.000000;9785.000000;0.000000;395.658630
333.000000;9785.000000;9726.000000;0.000000;22928.000000;9785.000000;0.000000;397.063385
334.000000;9785.000000;11137.000000;0.000000;66697.000000;9785.000000;0.000000;398.470184
335.000000;9785.000000;10391.000000;0.000000;32450.000000;9785.000000;0.000000;399.726898
336.000000;9785.000000;10878.000000;0.000000;21939.000000;9785.000000;0.000000;400.954315
337.000000;9785.000000;10522.000000;0.000000;32054.000000;9785.000000;0.000000;402.172668
338.000000;9785.000000;12694.000000;0.000000;104650.000000;9785.000000;0.000000;403.398376
339.000000;9785.000000;9494.000000;0.000000;16223.000000;9785.000000;0.000000;404.656769
340.000000;9785.000000;9562.000000;0.000000;15324.000000;9785.000000;0.000000;405.908905
341.000000;9785.000000;10728.000000;0.000000;21204.000000;9785.000000;0.000000;407.402374
342.000000;9785.000000;10171.000000;0.000000;22876.000000;9785.000000;0.000000;408.762054
343.000000;9785.000000;10223.000000;0.000000;42483.000000;9785.000000;0.000000;410.126282
344.000000;9785.000000;9912.000000;0.000000;18715.000000;9785.000000;0.000000;411.499573
345.000000;9785.000000;9854.000000;0.000000;17475.000000;9785.000000;0.000000;412.878296
346.000000;9785.000000;9655.000000;0.000000;22306.000000;9785.000000;0.000000;414.255859
347.000000;9785.000000;9867.000000;0.000000;28996.000000;9785.000000;0.000000;415.636597
348.000000;9785.000000;9698.000000;0.000000;28996.000000;9785.000000;0.000000;417.040070
349.000000;9785.000000;9682.000000;0.000000;48168.000000;9785.000000;0.000000;418.418823
350.000000;9785.000000;10407.000000;0.000000;22543.000000;9785.000000;0.000000;419.914856
351.000000;9785.000000;9163.000000;0.000000;22661.000000;9785.000000;0.000000;421.388245
352.000000;9785.000000;9495.000000;0.000000;21285.000000;9785.000000;0.000000;422.855988
353.000000;9785.000000;10962.000000;0.000000;44256.000000;9785.000000;0.000000;424.263153
354.000000;9785.000000;10565.000000;0.000000;20980.000000;9785.000000;0.000000;425.656097
355.000000;9785.000000;10318.000000;0.000000;25825.000000;9785.000000;0.000000;426.924408
356.000000;9785.000000;11147.000000;0.000000;32333.000000;9785.000000;0.000000;428.167053
357.000000;9785.000000;9844.000000;0.000000;27469.000000;9785.000000;0.000000;429.408661
358.000000;9785.000000;11227.000000;0.000000;22670.000000;9785.000000;0.000000;430.649506
359.000000;9785.000000;11090.000000;0.000000;28751.000000;9785.000000;0.000000;431.975098
360.000000;9785.000000;9115.000000;0.000000;40128.000000;9785.000000;0.000000;433.227356
361.000000;9785.000000;10579.000000;0.000000;30281.000000;9785.000000;0.000000;434.734741
362.000000;9785.000000;10686.000000;0.000000;26610.000000;9785.000000;0.000000;436.145233
363.000000;9785.000000;11111.000000;0.000000;30697.000000;9785.000000;0.000000;437.834686
364.000000;9785.000000;11506.000000;0.000000;81387.000000;9785.000000;0.000000;439.340240
365.000000;9785.000000;9842.000000;0.000000;21195.000000;9785.000000;0.000000;440.737335
366.000000;9785.000000;9678.000000;0.000000;22149.000000;9785.000000;0.000000;442.134705
367.000000;9785.000000;10629.000000;0.000000;12644.000000;9785.000000;0.000000;443.530029
368.000000;9785.000000;9750.000000;0.000000;48486.000000;9785.000000;0.000000;444.926086
369.000000;9785.000000;11375.000000;0.000000;46862.000000;9785.000000;0.000000;446.340393
370.000000;9785.000000;9438.000000;0.000000;30861.000000;9785.000000;0.000000;447.733917
371.000000;9785.000000;10075.000000;0.000000;13915.000000;9785.000000;0.000000;449.110443
372.000000;9785.000000;12165.000000;0.000000;76795.000000;9785.000000;0.000000;450.474457
373.000000;9785.000000;9990.000000;0.000000;16275.000000;9785.000000;0.000000;451.838379
374.000000;9785.000000;12923.000000;0.000000;95835.000000;9785.000000;0.000000;453.207581
375.000000;9785.000000;9893.000000;0.000000;25242.000000;9785.000000;0.000000;454.610474
376.000000;9785.000000;10128.000000;0.000000;31084.000000;9785.000000;0.000000;456.000031
377.000000;9785.000000;10579.000000;0.000000;28830.000000;9785.000000;0.000000;457.420441
378.000000;9785.000000;10719.000000;0.000000;28025.000000;9785.000000;0.000000;458.810272
379.000000;9785.000000;10668.000000;0.000000;25484.000000;9785.000000;0.000000;460.173615
380.000000;9785.000000;12095.000000;0.000000;84118.000000;9785.000000;0.000000;461.397430
381.000000;9785.000000;9648.000000;0.000000;26271.000000;9785.000000;0.000000;462.957001
382.000000;9785.000000;10947.000000;0.000000;30877.000000;9785.000000;0.000000;464.334747
383.000000;9785.000000;10240.000000;0.000000;47439.000000;9785.000000;0.000000;465.688416
384.000000;9785.000000;12050.000000;0.000000;61088.000000;9785.000000;0.000000;467.083862
385.000000;9785.000000;11626.000000;0.000000;42309.000000;9785.000000;0.000000;468.450165
386.000000;9785.000000;10916.000000;0.000000;27528.000000;9785.000000;0.000000;469.816223
387.000000;9785.000000;9001.000000;0.000000;43166.000000;9785.000000;0.000000;471.175659
388.000000;9785.000000;9998.000000;0.000000;32553.000000;9785.000000;0.000000;472.534973
389.000000;9785.000000;9744.000000;0.000000;23524.000000;9785.000000;0.000000;473.891815
390.000000;9785.000000;11934.000000;0.000000;73875.000000;9785.000000;0.000000;475.287781
391.000000;9785.000000;10011.000000;0.000000;32068.000000;9785.000000;0.000000;476.715912
392.000000;9785.000000;11117.000000;0.000000;44533.000000;9785.000000;0.000000;478.097046
393.000000;9785.000000;9709.000000;0.000000;17695.000000;9785.000000;0.000000;479.462097
394.000000;9785.000000;10770.000000;0.000000;38312.000000;9785.000000;0.000000;480.819366
395.000000;9785.000000;11117.000000;0.000000;41554.000000;9785.000000;0.000000;482.035431
396.000000;9785.000000;11187.000000;0.000000;63626.000000;9785.000000;0.000000;483.229187
397.000000;9785.000000;10048.000000;0.000000;49132.000000;9785.000000;0.000000;484.419403
398.000000;9785.000000;10514.000000;0.000000;25655.000000;9785.000000;0.000000;485.621735
399.000000;9785.000000;9255.000000;0.000000;19528.000000;9785.000000;0.000000;486.849915
400.000000;9785.000000;10584.000000;0.000000;24118.000000;9785.000000;0.000000;488.042328
401.000000;9785.000000;10223.000000;0.000000;34095.000000;9785.000000;0.000000;489.487274
402.000000;9785.000000;10496.000000;0.000000;38435.000000;9785.000000;0.000000;490.845398
403.000000;9785.000000;12865.000000;0.000000;95405.000000;9785.000000;0.000000;492.189850
404.000000;9785.000000;11738.000000;0.000000;49347.000000;9785.000000;0.000000;493.533234
405.000000;9785.000000;10222.000000;0.000000;29790.000000;9785.000000;0.000000;494.874817
406.000000;9785.000000;11845.000000;0.000000;69560.000000;9785.000000;0.000000;496.221405
407.000000;9785.000000;10085.000000;0.000000;23673.000000;9785.000000;0.000000;497.591461
408.000000;9785.000000;10554.000000;0.000000;17241.000000;9785.000000;0.000000;498.937958
409.000000;9785.000000;10417.000000;0.000000;17101.000000;9785.000000;0.000000;500.284363
410.000000;9785.000000;9488.000000;0.000000;28645.000000;9785.000000;0.000000;501.633270
411.000000;9785.000000;10327.000000;0.000000;31322.000000;9785.000000;0.000000;503.021149
412.000000;9785.000000;9854.000000;0.000000;20362.000000;9785.000000;0.000000;504.548462
413.000000;9785.000000;12337.000000;0.000000;63184.000000;9785.000000;0.000000;505.942780
414.000000;9785.000000;9884.000000;0.000000;31408.000000;9785.000000;0.000000;507.339447
415.000000;9785.000000;10517.000000;0.000000;27602.000000;9785.000000;0.000000;508.599060
416.000000;9785.000000;11305.000000;0.000000;33510.000000;9785.000000;0.000000;509.813477
417.000000;9785.000000;10317.000000;0.000000;37508.000000;9785.000000;0.000000;511.021057
418.000000;9785.000000;10435.000000;0.000000;17830.000000;9785.000000;0.000000;512.230957
419.000000;9785.000000;9212.000000;0.000000;18000.000000;9785.000000;0.000000;513.440247
420.000000;9785.000000;9786.000000;0.000000;16223.000000;9785.000000;0.000000;514.651550
421.000000;9785.000000;10597.000000;0.000000;24918.000000;9785.000000;0.000000;516.111389
422.000000;9785.000000;9989.000000;0.000000;34690.000000;9785.000000;0.000000;517.481995
423.000000;9785.000000;12008.000000;0.000000;39674.000000;9785.000000;0.000000;518.879944
424.000000;9785.000000;10411.000000;0.000000;31058.000000;9785.000000;0.000000;520.249451
425.000000;9785.000000;8896.000000;0.000000;22741.000000;9785.000000;0.000000;521.609802
426.000000;9785.000000;11821.000000;0.000000;48919.000000;9785.000000;0.000000;522.959839
427.000000;9785.000000;11992.000000;0.000000;35956.000000;9785.000000;0.000000;524.424194
428.000000;9785.000000;10362.000000;0.000000;36973.000000;9785.000000;0.000000;525.793579
429.000000;9785.000000;10469.000000;0.000000;24355.000000;9785.000000;0.000000;527.180908
430.000000;9785.000000;10812.000000;0.000000;31127.000000;9785.000000;0.000000;528.734436
431.000000;9785.000000;8926.000000;0.000000;25815.000000;9785.000000;0.000000;530.112976
432.000000;9785.000000;10256.000000;0.000000;20036.000000;9785.000000;0.000000;531.484741
433.000000;9785.000000;10121.000000;0.000000;22218.000000;9785.000000;0.000000;532.859619
434.000000;9785.000000;10866.000000;0.000000;56573.000000;9785.000000;0.000000;534.226196
435.000000;9785.000000;9471.000000;0.000000;16767.000000;9785.000000;0.000000;535.458862
436.000000;9785.000000;9984.000000;0.000000;28511.000000;9785.000000;0.000000;536.679077
437.000000;9785.000000;10758.000000;0.000000;34765.000000;9785.000000;0.000000;537.890503
438.000000;9785.000000;9930.000000;0.000000;31634.000000;9785.000000;0.000000;539.105164
439.000000;9785.000000;10400.000000;0.000000;14773.000000;9785.000000;0.000000;540.315979
440.000000;9785.000000;13060.000000;0.000000;79875.000000;9785.000000;0.000000;541.532471
441.000000;9785.000000;10559.000000;0.000000;31212.000000;9785.000000;0.000000;543.021729
442.000000;9785.000000;9953.000000;0.000000;22655.000000;9785.000000;0.000000;544.377747
443.000000;9785.000000;10037.000000;0.000000;17879.000000;9785.000000;0.000000;545.735229
444.000000;9785.000000;9781.000000;0.000000;15163.000000;9785.000000;0.000000;547.130859
445.000000;9785.000000;11818.000000;0.000000;75786.000000;9785.000000;0.000000;548.541565
446.000000;9785.000000;10896.000000;0.000000;37579.000000;9785.000000;0.000000;549.909851
447.000000;9785.000000;11286.000000;0.000000;34332.000000;9785.000000;0.000000;551.285706
448.000000;9785.000000;10425.000000;0.000000;14666.000000;9785.000000;0.000000;552.656067
449.000000;9785.000000;10247.000000;0.000000;23513.000000;9785.000000;0.000000;554.018677
450.000000;9785.000000;9243.000000;0.000000;44757.000000;9785.000000;0.000000;555.411865
451.000000;9785.000000;9469.000000;0.000000;22066.000000;9785.000000;0.000000;556.817017
452.000000;9785.000000;9162.000000;0.000000;7763.000000;9785.000000;0.000000;558.202576
453.000000;9785.000000;10764.000000;0.000000;26097.000000;9785.000000;0.000000;559.584656
454.000000;9785.000000;10624.000000;0.000000;29121.000000;9785.000000;0.000000;560.966187
455.000000;9785.000000;10655.000000;0.000000;36436.000000;9785.000000;0.000000;562.210144
456.000000;9785.000000;10208.000000;0.000000;19692.000000;9785.000000;0.000000;563.430603
457.000000;9785.000000;10871.000000;0.000000;26559.000000;9785.000000;0.000000;564.654480
458.000000;9785.000000;11052.000000;0.000000;36075.000000;9785.000000;0.000000;565.900024
459.000000;9785.000000;11070.000000;0.000000;16386.000000;9785.000000;0.000000;567.144836
460.000000;9785.000000;10195.000000;0.000000;24273.000000;9785.000000;0.000000;568.365662
461.000000;9785.000000;12165.000000;0.000000;63770.000000;9785.000000;0.000000;569.874573
462.000000;9785.000000;10208.000000;0.000000;48263.000000;9785.000000;0.000000;571.250854
463.000000;9785.000000;11145.000000;0.000000;55928.000000;9785.000000;0.000000;572.617126
464.000000;9785.000000;10763.000000;0.000000;33249.000000;9785.000000;0.000000;573.992493
465.000000;9785.000000;10314.000000;0.000000;26175.000000;9785.000000;0.000000;575.371399
466.000000;9785.000000;11923.000000;0.000000;62747.000000;9785.000000;0.000000;576.752136
467.000000;9785.000000;10451.000000;0.000000;22340.000000;9785.000000;0.000000;578.161377
468.000000;9785.000000;12208.000000;0.000000;63972.000000;9785.000000;0.000000;579.541077
469.000000;9785.000000;10229.000000;0.000000;19939.000000;9785.000000;0.000000;580.929260
470.000000;9785.000000;10556.000000;0.000000;25127.000000;9785.000000;0.000000;582.345520
471.000000;9785.000000;9740.000000;0.000000;17764.000000;9785.000000;0.000000;583.848694
472.000000;9785.000000;10149.000000;0.000000;24374.000000;9785.000000;0.000000;585.252869
473.000000;9785.000000;12443.000000;0.000000;94694.000000;9785.000000;0.000000;586.663635
474.000000;9785.000000;10876.000000;0.000000;44418.000000;9785.000000;0.000000;588.064087
475.000000;9785.000000;10426.000000;0.000000;58893.000000;9785.000000;0.000000;589.294434
476.000000;9785.000000;12386.000000;0.000000;88410.000000;9785.000000;0.000000;590.533325
477.000000;9785.000000;9691.000000;0.000000;13558.000000;9785.000000;0.000000;591.769653
478.000000;9785.000000;12215.000000;0.000000;71022.000000;9785.000000;0.000000;593.105957
479.000000;9785.000000;11282.000000;0.000000;53947.000000;9785.000000;0.000000;594.331055
480.000000;9785.000000;10446.000000;0.000000;28051.000000;9785.000000;0.000000;595.553040
481.000000;9785.000000;10798.000000;0.000000;17680.000000;9785.000000;0.000000;597.042847
482.000000;9785.000000;9797.000000;0.000000;21811.000000;9785.000000;0.000000;598.420898
483.000000;9785.000000;11294.000000;0.000000;56718.000000;9785.000000;0.000000;599.801270
484.000000;9785.000000;9299.000000;0.000000;34070.000000;9785.000000;0.000000;601.193481
485.000000;9785.000000;10965.000000;0.000000;26361.000000;9785.000000;0.000000;602.585938
486.000000;9785.000000;10362.000000;0.000000;28982.000000;9785.000000;0.000000;603.985596
487.000000;9785.000000;10811.000000;0.000000;43989.000000;9785.000000;0.000000;605.380615
488.000000;9785.000000;9219.000000;0.000000;11320.000000;9785.000000;0.000000;606.776611
489.000000;9785.000000;8978.000000;0.000000;21999.000000;9785.000000;0.000000;608.202148
490.000000;9785.000000;8611.000000;0.000000;31125.000000;9785.000000;0.000000;609.621277
491.000000;9785.000000;10222.000000;0.000000;12418.000000;9785.000000;0.000000;611.032166
492.000000;9785.000000;10748.000000;0.000000;39185.000000;9785.000000;0.000000;612.476440
493.000000;9785.000000;10357.000000;0.000000;24384.000000;9785.000000;0.000000;613.893677
494.000000;9785.000000;9967.000000;0.000000;18482.000000;9785.000000;0.000000;615.285034
495.000000;9785.000000;9783.000000;0.000000;15473.000000;9785.000000;0.000000;616.526917
496.000000;9785.000000;10384.000000;0.000000;18409.000000;9785.000000;0.000000;617.792908
497.000000;9785.000000;10912.000000;0.000000;30253.000000;9785.000000;0.000000;619.030762
498.000000;9785.000000;9580.000000;0.000000;27755.000000;9785.000000;0.000000;620.260193
499.000000;9785.000000;10637.000000;0.000000;19356.000000;9785.000000;0.000000;621.485352
500.000000;9785.000000;9238.000000;0.000000;26191.000000;9785.000000;0.000000;622.719666
501.000000;9785.000000;10316.000000;0.000000;26021.000000;9785.000000;0.000000;624.217773
502.000000;9785.000000;9219.000000;0.000000;35429.000000;9785.000000;0.000000;625.596069
503.000000;9785.000000;10998.000000;0.000000;37634.000000;9785.000000;0.000000;626.978638
504.000000;9785.000000;9767.000000;0.000000;15660.000000;9785.000000;0.000000;628.408447
505.000000;9785.000000;12363.000000;0.000000;76962.000000;9785.000000;0.000000;629.822205
506.000000;9785.000000;9889.000000;0.000000;24865.000000;9785.000000;0.000000;631.225830
507.000000;9785.000000;10683.000000;0.000000;26474.000000;9785.000000;0.000000;632.628601
508.000000;9785.000000;11534.000000;0.000000;37185.000000;9785.000000;0.000000;634.028259
509.000000;9785.000000;10098.000000;0.000000;32051.000000;9785.000000;0.000000;635.426758
510.000000;9785.000000;9060.000000;0.000000;14625.000000;9785.000000;0.000000;636.960571
511.000000;9785.000000;10805.000000;0.000000;20575.000000;9785.000000;0.000000;638.383728
512.000000;9785.000000;9878.000000;0.000000;18493.000000;9785.000000;0.000000;639.777283
513.000000;9785.000000;9778.000000;0.000000;16334.000000;9785.000000;0.000000;641.224854
514.000000;9785.000000;9589.000000;0.000000;41335.000000;9785.000000;0.000000;642.766968
515.000000;9785.000000;9629.000000;0.000000;16811.000000;9785.000000;0.000000;644.315369
516.000000;9785.000000;10338.000000;0.000000;44468.000000;9785.000000;0.000000;645.739380
517.000000;9785.000000;11274.000000;0.000000;22058.000000;9785.000000;0.000000;647.033569
518.000000;9785.000000;9196.000000;0.000000;23593.000000;9785.000000;0.000000;648.307739
519.000000;9785.000000;11153.000000;0.000000;48183.000000;9785.000000;0.000000;649.557983
520.000000;9785.000000;9877.000000;0.000000;29804.000000;9785.000000;0.000000;650.818481
521.000000;9785.000000;9277.000000;0.000000;32457.000000;9785.000000;0.000000;652.353455
522.000000;9785.000000;10576.000000;0.000000;34597.000000;9785.000000;0.000000;653.752869
523.000000;9785.000000;10393.000000;0.000000;22612.000000;9785.000000;0.000000;655.146057
524.000000;9785.000000;11578.000000;0.000000;18085.000000;9785.000000;0.000000;656.552979
525.000000;9785.000000;10034.000000;0.000000;15766.000000;9785.000000;0.000000;657.983704
526.000000;9785.000000;10944.000000;0.000000;40028.000000;9785.000000;0.000000;659.379028
527.000000;9785.000000;9093.000000;0.000000;18595.000000;9785.000000;0.000000;660.758240
528.000000;9785.000000;10187.000000;0.000000;17548.000000;9785.000000;0.000000;662.134644
529.000000;9785.000000;8680.000000;0.000000;28408.000000;9785.000000;0.000000;663.510071
530.000000;9785.000000;12728.000000;0.000000;75735.000000;9785.000000;0.000000;664.971130
531.000000;9785.000000;11164.000000;0.000000;36138.000000;9785.000000;0.000000;666.483582
532.000000;9785.000000;11606.000000;0.000000;35540.000000;9785.000000;0.000000;667.948120
533.000000;9785.000000;11005.000000;0.000000;31441.000000;9785.000000;0.000000;669.737976
534.000000;9785.000000;10930.000000;0.000000;27735.000000;9785.000000;0.000000;671.614258
535.000000;9785.000000;10993.000000;0.000000;24821.000000;9785.000000;0.000000;673.570374
536.000000;9785.000000;9728.000000;0.000000;14411.000000;9785.000000;0.000000;675.505432
537.000000;9785.000000;10970.000000;0.000000;24497.000000;9785.000000;0.000000;677.646362
538.000000;9785.000000;10911.000000;0.000000;32317.000000;9785.000000;0.000000;679.416260
539.000000;9785.000000;9485.000000;0.000000;12413.000000;9785.000000;0.000000;681.327515
540.000000;9785.000000;9293.000000;0.000000;19813.000000;9785.000000;0.000000;683.437012
541.000000;9785.000000;10381.000000;0.000000;21091.000000;9785.000000;0.000000;685.560303
542.000000;9785.000000;10564.000000;0.000000;24151.000000;9785.000000;0.000000;687.542358
543.000000;9785.000000;10155.000000;0.000000;24807.000000;9785.000000;0.000000;689.419189
544.000000;9785.000000;9498.000000;0.000000;25544.000000;9785.000000;0.000000;691.527649
545.000000;9785.000000;10355.000000;0.000000;15497.000000;9785.000000;0.000000;693.649414
546.000000;9785.000000;10497.000000;0.000000;19965.000000;9785.000000;0.000000;695.779297
547.000000;9785.000000;11274.000000;0.000000;50264.000000;9785.000000;0.000000;697.880249
548.000000;9785.000000;10543.000000;0.000000;39601.000000;9785.000000;0.000000;700.031067
549.000000;9785.000000;11859.000000;0.000000;92823.000000;9785.000000;0.000000;702.069092
550.000000;9785.000000;9993.000000;0.000000;12475.000000;9785.000000;0.000000;704.001404
551.000000;9785.000000;10053.000000;0.000000;23344.000000;9785.000000;0.000000;705.871704
552.000000;9785.000000;10702.000000;0.000000;24462.000000;9785.000000;0.000000;707.724304
553.000000;9785.000000;10568.000000;0.000000;46435.000000;9785.000000;0.000000;709.582642
554.000000;9785.000000;11840.000000;0.000000;69727.000000;9785.000000;0.000000;711.399719
555.000000;9785.000000;10102.000000;0.000000;21343.000000;9785.000000;0.000000;713.244507
556.000000;9785.000000;10238.000000;0.000000;35579.000000;9785.000000;0.000000;715.123474
557.000000;9785.000000;10796.000000;0.000000;21546.000000;9785.000000;0.000000;716.978027
558.000000;9785.000000;11037.000000;0.000000;33200.000000;9785.000000;0.000000;718.801208
559.000000;9785.000000;10443.000000;0.000000;26486.000000;9785.000000;0.000000;720.506348
560.000000;9785.000000;9737.000000;0.000000;12044.000000;9785.000000;0.000000;722.448547
561.000000;9785.000000;10868.000000;0.000000;35916.000000;9785.000000;0.000000;724.563599
562.000000;9785.000000;10183.000000;0.000000;25183.000000;9785.000000;0.000000;726.319763
563.000000;9785.000000;10311.000000;0.000000;34837.000000;9785.000000;0.000000;728.157837
564.000000;9785.000000;10367.000000;0.000000;12285.000000;9785.000000;0.000000;730.053467
565.000000;9785.000000;10111.000000;0.000000;20524.000000;9785.000000;0.000000;732.112854
566.000000;9785.000000;11051.000000;0.000000;60007.000000;9785.000000;0.000000;734.189697
567.000000;9785.000000;10585.000000;0.000000;36565.000000;9785.000000;0.000000;736.276001
568.000000;9785.000000;10575.000000;0.000000;24817.000000;9785.000000;0.000000;738.386047
569.000000;9785.000000;10913.000000;0.000000;37747.000000;9785.000000;0.000000;740.538513
570.000000;9785.000000;10784.000000;0.000000;15501.000000;9785.000000;0.000000;742.527466
571.000000;9785.000000;10026.000000;0.000000;21328.000000;9785.000000;0.000000;744.282288
572.000000;9785.000000;9953.000000;0.000000;14864.000000;9785.000000;0.000000;745.988708
573.000000;9785.000000;9481.000000;0.000000;15172.000000;9785.000000;0.000000;747.935852
574.000000;9785.000000;9871.000000;0.000000;21443.000000;9785.000000;0.000000;749.618774
575.000000;9785.000000;11199.000000;0.000000;26155.000000;9785.000000;0.000000;751.009644
576.000000;9785.000000;11072.000000;0.000000;32258.000000;9785.000000;0.000000;752.265442
577.000000;9785.000000;9990.000000;0.000000;15310.000000;9785.000000;0.000000;753.523499
578.000000;9785.000000;10146.000000;0.000000;22353.000000;9785.000000;0.000000;754.797729
579.000000;9785.000000;12604.000000;0.000000;76199.000000;9785.000000;0.000000;756.067993
580.000000;9785.000000;10493.000000;0.000000;41707.000000;9785.000000;0.000000;757.328308
581.000000;9785.000000;9959.000000;0.000000;25142.000000;9785.000000;0.000000;758.916809
582.000000;9785.000000;10608.000000;0.000000;33312.000000;9785.000000;0.000000;760.328308
583.000000;9785.000000;10191.000000;0.000000;13544.000000;9785.000000;0.000000;761.741577
584.000000;9785.000000;10476.000000;0.000000;24807.000000;9785.000000;0.000000;763.166138
585.000000;9785.000000;11247.000000;0.000000;50913.000000;9785.000000;0.000000;764.679382
586.000000;9785.000000;9730.000000;0.000000;66789.000000;9785.000000;0.000000;766.123108
587.000000;9785.000000;10159.000000;0.000000;16503.000000;9785.000000;0.000000;767.539246
588.000000;9785.000000;12010.000000;0.000000;41086.000000;9785.000000;0.000000;768.982910
589.000000;9785.000000;10807.000000;0.000000;18174.000000;9785.000000;0.000000;770.401855
590.000000;9785.000000;10013.000000;0.000000;18087.000000;9785.000000;0.000000;771.863770
591.000000;9785.000000;11107.000000;0.000000;69552.000000;9785.000000;0.000000;773.296204
592.000000;9785.000000;11094.000000;0.000000;36081.000000;9785.000000;0.000000;774.735291
593.000000;9785.000000;10417.000000;0.000000;17726.000000;9785.000000;0.000000;776.172241
594.000000;9785.000000;10401.000000;0.000000;39707.000000;9785.000000;0.000000;777.533752
595.000000;9785.000000;10607.000000;0.000000;21298.000000;9785.000000;0.000000;778.815918
596.000000;9785.000000;10085.000000;0.000000;17199.000000;9785.000000;0.000000;780.055847
597.000000;9785.000000;10678.000000;0.000000;42921.000000;9785.000000;0.000000;781.285950
598.000000;9785.000000;9841.000000;0.000000;26456.000000;9785.000000;0.000000;782.522217
599.000000;9785.000000;10373.000000;0.000000;21306.000000;9785.000000;0.000000;783.756470
600.000000;9785.000000;10683.000000;0.000000;27482.000000;9785.000000;0.000000;784.994690
601.000000;9785.000000;10115.000000;0.000000;42547.000000;9785.000000;0.000000;786.497253
602.000000;9785.000000;11744.000000;0.000000;78668.000000;9785.000000;0.000000;787.887512
603.000000;9785.000000;9873.000000;0.000000;15220.000000;9785.000000;0.000000;789.297363
604.000000;9785.000000;9849.000000;0.000000;15958.000000;9785.000000;0.000000;790.700134
605.000000;9785.000000;12029.000000;0.000000;59158.000000;9785.000000;0.000000;792.104492
606.000000;9785.000000;9402.000000;0.000000;13773.000000;9785.000000;0.000000;793.604065
607.000000;9785.000000;9476.000000;0.000000;19060.000000;9785.000000;0.000000;794.996338
608.000000;9785.000000;8827.000000;0.000000;15591.000000;9785.000000;0.000000;796.387878
609.000000;9785.000000;10254.000000;0.000000;24066.000000;9785.000000;0.000000;797.786987
610.000000;9785.000000;10482.000000;0.000000;29073.000000;9785.000000;0.000000;799.458374
611.000000;9785.000000;9985.000000;0.000000;42259.000000;9785.000000;0.000000;800.959229
612.000000;9785.000000;11809.000000;0.000000;71768.000000;9785.000000;0.000000;802.525818
613.000000;9785.000000;10474.000000;0.000000;28045.000000;9785.000000;0.000000;803.936279
614.000000;9785.000000;9204.000000;0.000000;54408.000000;9785.000000;0.000000;805.260498
615.000000;9785.000000;9397.000000;0.000000;32623.000000;9785.000000;0.000000;806.502930
616.000000;9785.000000;10531.000000;0.000000;28239.000000;9785.000000;0.000000;807.734314
617.000000;9785.000000;9922.000000;0.000000;20386.000000;9785.000000;0.000000;808.986572
618.000000;9785.000000;10275.000000;0.000000;51267.000000;9785.000000;0.000000;810.212524
619.000000;9785.000000;10897.000000;0.000000;45121.000000;9785.000000;0.000000;811.430359
620.000000;9785.000000;10085.000000;0.000000;16441.000000;9785.000000;0.000000;812.648193
621.000000;9785.000000;9905.000000;0.000000;21728.000000;9785.000000;0.000000;814.168457
622.000000;9785.000000;11654.000000;0.000000;63293.000000;9785.000000;0.000000;815.520996
623.000000;9785.000000;10464.000000;0.000000;16797.000000;9785.000000;0.000000;816.869263
624.000000;9785.000000;9777.000000;0.000000;16948.000000;9785.000000;0.000000;818.230957
625.000000;9785.000000;10774.000000;0.000000;34677.000000;9785.000000;0.000000;819.624878
626.000000;9785.000000;11644.000000;0.000000;54604.000000;9785.000000;0.000000;820.992798
627.000000;9785.000000;10465.000000;0.000000;28733.000000;9785.000000;0.000000;822.353333
628.000000;9785.000000;10690.000000;0.000000;25740.000000;9785.000000;0.000000;823.815430
629.000000;9785.000000;9862.000000;0.000000;8400.000000;9785.000000;0.000000;825.179565
630.000000;9785.000000;11304.000000;0.000000;37649.000000;9785.000000;0.000000;826.544250
631.000000;9785.000000;11523.000000;0.000000;75554.000000;9785.000000;0.000000;827.908447
632.000000;9785.000000;11030.000000;0.000000;53917.000000;9785.000000;0.000000;829.338745
633.000000;9785.000000;11804.000000;0.000000;38342.000000;9785.000000;0.000000;830.742981
634.000000;9785.000000;9158.000000;0.000000;32301.000000;9785.000000;0.000000;832.145874
635.000000;9785.000000;12243.000000;0.000000;82033.000000;9785.000000;0.000000;833.524170
636.000000;9785.000000;10371.000000;0.000000;15589.000000;9785.000000;0.000000;834.899536
637.000000;9785.000000;12198.000000;0.000000;36967.000000;9785.000000;0.000000;836.130859
638.000000;9785.000000;10446.000000;0.000000;20269.000000;9785.000000;0.000000;837.341492
639.000000;9785.000000;10333.000000;0.000000;31282.000000;9785.000000;0.000000;838.556641
640.000000;9785.000000;10130.000000;0.000000;17006.000000;9785.000000;0.000000;839.778870
641.000000;9785.000000;9356.000000;0.000000;29962.000000;9785.000000;0.000000;841.209656
642.000000;9785.000000;10877.000000;0.000000;31742.000000;9785.000000;0.000000;842.553833
643.000000;9785.000000;11403.000000;0.000000;18913.000000;9785.000000;0.000000;843.892334
644.000000;9785.000000;10484.000000;0.000000;27821.000000;9785.000000;0.000000;845.242920
645.000000;9785.000000;10086.000000;0.000000;35677.000000;9785.000000;0.000000;846.595825
646.000000;9785.000000;10511.000000;0.000000;39889.000000;9785.000000;0.000000;847.942871
647.000000;9785.000000;9508.000000;0.000000;18659.000000;9785.000000;0.000000;849.312561
648.000000;9785.000000;9966.000000;0.000000;20706.000000;9785.000000;0.000000;850.665466
649.000000;9785.000000;9010.000000;0.000000;28656.000000;9785.000000;0.000000;852.008606
650.000000;9785.000000;10338.000000;0.000000;21089.000000;9785.000000;0.000000;853.426025
651.000000;9785.000000;10870.000000;0.000000;39485.000000;9785.000000;0.000000;854.803955
652.000000;9785.000000;8899.000000;0.000000;48490.000000;9785.000000;0.000000;856.159973
653.000000;9785.000000;11918.000000;0.000000;66729.000000;9785.000000;0.000000;857.524231
654.000000;9785.000000;11487.000000;0.000000;54867.000000;9785.000000;0.000000;858.909912
655.000000;9785.000000;10932.000000;0.000000;40881.000000;9785.000000;0.000000;860.174500
656.000000;9785.000000;9713.000000;0.000000;11384.000000;9785.000000;0.000000;861.365845
657.000000;9785.000000;11144.000000;0.000000;41929.000000;9785.000000;0.000000;862.557739
658.000000;9785.000000;11189.000000;0.000000;40310.000000;9785.000000;0.000000;863.754272
659.000000;9785.000000;10745.000000;0.000000;24462.000000;9785.000000;0.000000;864.951477
660.000000;9785.000000;9081.000000;0.000000;16891.000000;9785.000000;0.000000;866.154785
661.000000;9785.000000;9645.000000;0.000000;13185.000000;9785.000000;0.000000;867.606934
662.000000;9785.000000;10310.000000;0.000000;21114.000000;9785.000000;0.000000;868.956238
663.000000;9785.000000;12434.000000;0.000000;75951.000000;9785.000000;0.000000;870.280090
664.000000;9785.000000;9572.000000;0.000000;30316.000000;9785.000000;0.000000;871.611450
665.000000;9785.000000;10140.000000;0.000000;19393.000000;9785.000000;0.000000;872.950378
666.000000;9785.000000;9483.000000;0.000000;17287.000000;9785.000000;0.000000;874.289062
667.000000;9785.000000;9314.000000;0.000000;19298.000000;9785.000000;0.000000;875.608521
668.000000;9785.000000;10567.000000;0.000000;25313.000000;9785.000000;0.000000;876.930054
669.000000;9785.000000;9844.000000;0.000000;29224.000000;9785.000000;0.000000;878.251770
670.000000;9785.000000;10220.000000;0.000000;27597.000000;9785.000000;0.000000;879.601440
671.000000;9785.000000;10202.000000;0.000000;21593.000000;9785.000000;0.000000;880.961121
672.000000;9785.000000;9378.000000;0.000000;55005.000000;9785.000000;0.000000;882.293945
673.000000;9785.000000;11591.000000;0.000000;54084.000000;9785.000000;0.000000;883.642090
674.000000;9785.000000;9978.000000;0.000000;17231.000000;9785.000000;0.000000;884.986389
675.000000;9785.000000;10803.000000;0.000000;21204.000000;9785.000000;0.000000;886.261353
676.000000;9785.000000;9031.000000;0.000000;24068.000000;9785.000000;0.000000;887.436523
677.000000;9785.000000;9543.000000;0.000000;24587.000000;9785.000000;0.000000;888.614136
678.000000;9785.000000;9762.000000;0.000000;16663.000000;9785.000000;0.000000;889.822205
679.000000;9785.000000;9671.000000;0.000000;21028.000000;9785.000000;0.000000;891.016724
680.000000;9785.000000;10138.000000;0.000000;16948.000000;9785.000000;0.000000;892.205872
681.000000;9785.000000;9462.000000;0.000000;8891.000000;9785.000000;0.000000;893.627258
682.000000;9785.000000;10238.000000;0.000000;30937.000000;9785.000000;0.000000;894.954773
683.000000;9785.000000;10116.000000;0.000000;21836.000000;9785.000000;0.000000;896.272339
684.000000;9785.000000;9980.000000;0.000000;16596.000000;9785.000000;0.000000;897.604309
685.000000;9785.000000;10732.000000;0.000000;17971.000000;9785.000000;0.000000;898.955017
686.000000;9785.000000;11146.000000;0.000000;32142.000000;9785.000000;0.000000;900.314819
687.000000;9785.000000;9193.000000;0.000000;26173.000000;9785.000000;0.000000;901.655334
688.000000;9785.000000;12610.000000;0.000000;71454.000000;9785.000000;0.000000;902.995789
689.000000;9785.000000;9136.000000;0.000000;26150.000000;9785.000000;0.000000;904.339905
690.000000;9785.000000;11104.000000;0.000000;28521.000000;9785.000000;0.000000;905.678833
691.000000;9785.000000;10031.000000;0.000000;16489.000000;9785.000000;0.000000;907.055725
692.000000;9785.000000;10631.000000;0.000000;25515.000000;9785.000000;0.000000;908.406616
693.000000;9785.000000;10418.000000;0.000000;39703.000000;9785.000000;0.000000;909.781921
694.000000;9785.000000;10041.000000;0.000000;20269.000000;9785.000000;0.000000;911.145264
695.000000;9785.000000;9796.000000;0.000000;10649.000000;9785.000000;0.000000;912.410217
696.000000;9785.000000;11612.000000;0.000000;33973.000000;9785.000000;0.000000;913.611572
697.000000;9785.000000;10294.000000;0.000000;19448.000000;9785.000000;0.000000;914.812012
698.000000;9785.000000;9972.000000;0.000000;24015.000000;9785.000000;0.000000;916.005127
699.000000;9785.000000;9206.000000;0.000000;13173.000000;9785.000000;0.000000;917.185181
700.000000;9785.000000;9116.000000;0.000000;26263.000000;9785.000000;0.000000;918.369751
701.000000;9785.000000;9782.000000;0.000000;17821.000000;9785.000000;0.000000;919.847473
702.000000;9785.000000;11488.000000;0.000000;50043.000000;9785.000000;0.000000;921.173584
703.000000;9785.000000;8614.000000;0.000000;44585.000000;9785.000000;0.000000;922.499451
704.000000;9785.000000;10296.000000;0.000000;17906.000000;9785.000000;0.000000;923.838135
705.000000;9785.000000;11490.000000;0.000000;64401.000000;9785.000000;0.000000;925.174316
706.000000;9785.000000;13805.000000;0.000000;135409.000000;9785.000000;0.000000;926.515442
707.000000;9785.000000;9413.000000;0.000000;30794.000000;9785.000000;0.000000;927.862183
708.000000;9785.000000;12496.000000;0.000000;49649.000000;9785.000000;0.000000;929.231689
709.000000;9785.000000;11142.000000;0.000000;42193.000000;9785.000000;0.000000;930.585510
710.000000;9785.000000;11911.000000;0.000000;75264.000000;9785.000000;0.000000;931.939087
711.000000;9785.000000;9503.000000;0.000000;18494.000000;9785.000000;0.000000;933.324158
712.000000;9785.000000;11658.000000;0.000000;55189.000000;9785.000000;0.000000;934.686279
713.000000;9785.000000;9560.000000;0.000000;20329.000000;9785.000000;0.000000;936.078491
714.000000;9785.000000;10573.000000;0.000000;31074.000000;9785.000000;0.000000;937.516602
715.000000;9785.000000;10838.000000;0.000000;34216.000000;9785.000000;0.000000;938.782654
716.000000;9785.000000;11988.000000;0.000000;87254.000000;9785.000000;0.000000;940.016235
717.000000;9785.000000;10795.000000;0.000000;39667.000000;9785.000000;0.000000;941.217468
718.000000;9785.000000;11339.000000;0.000000;77356.000000;9785.000000;0.000000;942.411133
719.000000;9785.000000;11317.000000;0.000000;19922.000000;9785.000000;0.000000;943.678772
720.000000;9785.000000;11060.000000;0.000000;26678.000000;9785.000000;0.000000;944.913452
721.000000;9785.000000;10341.000000;0.000000;29571.000000;9785.000000;0.000000;946.380127
722.000000;9785.000000;11360.000000;0.000000;38618.000000;9785.000000;0.000000;947.718140
723.000000;9785.000000;10004.000000;0.000000;24778.000000;9785.000000;0.000000;949.053284
724.000000;9785.000000;11615.000000;0.000000;51730.000000;9785.000000;0.000000;950.438538
725.000000;9785.000000;10940.000000;0.000000;58587.000000;9785.000000;0.000000;951.785645
726.000000;9785.000000;9078.000000;0.000000;14149.000000;9785.000000;0.000000;953.136780
727.000000;9785.000000;9845.000000;0.000000;28949.000000;9785.000000;0.000000;954.491028
728.000000;9785.000000;10016.000000;0.000000;17036.000000;9785.000000;0.000000;955.836914
729.000000;9785.000000;11089.000000;0.000000;39936.000000;9785.000000;0.000000;957.184387
730.000000;9785.000000;10545.000000;0.000000;27454.000000;9785.000000;0.000000;958.569519
731.000000;9785.000000;10590.000000;0.000000;39104.000000;9785.000000;0.000000;959.974243
732.000000;9785.000000;10464.000000;0.000000;18318.000000;9785.000000;0.000000;961.346863
733.000000;9785.000000;9583.000000;0.000000;29254.000000;9785.000000;0.000000;962.718750
734.000000;9785.000000;9135.000000;0.000000;44897.000000;9785.000000;0.000000;964.034607
735.000000;9785.000000;9609.000000;0.000000;25651.000000;9785.000000;0.000000;965.249268
736.000000;9785.000000;10832.000000;0.000000;46310.000000;9785.000000;0.000000;966.464539
737.000000;9785.000000;10499.000000;0.000000;23868.000000;9785.000000;0.000000;967.672363
738.000000;9785.000000;10759.000000;0.000000;24445.000000;9785.000000;0.000000;968.885010
739.000000;9785.000000;9793.000000;0.000000;18537.000000;9785.000000;0.000000;970.127808
740.000000;9785.000000;11185.000000;0.000000;46307.000000;9785.000000;0.000000;971.343506
741.000000;9785.000000;10032.000000;0.000000;23908.000000;9785.000000;0.000000;972.878540
742.000000;9785.000000;12080.000000;0.000000;35915.000000;9785.000000;0.000000;974.222473
743.000000;9785.000000;10659.000000;0.000000;16150.000000;9785.000000;0.000000;975.562378
744.000000;9785.000000;9273.000000;0.000000;20138.000000;9785.000000;0.000000;976.920349
745.000000;9785.000000;9519.000000;0.000000;23909.000000;9785.000000;0.000000;978.286743
746.000000;9785.000000;11466.000000;0.000000;68403.000000;9785.000000;0.000000;979.675171
747.000000;9785.000000;9645.000000;0.000000;22775.000000;9785.000000;0.000000;981.061096
748.000000;9785.000000;11072.000000;0.000000;27081.000000;9785.000000;0.000000;982.421265
749.000000;9785.000000;9700.000000;0.000000;27056.000000;9785.000000;0.000000;983.776062
750.000000;9785.000000;11579.000000;0.000000;34964.000000;9785.000000;0.000000;985.154297
751.000000;9785.000000;11464.000000;0.000000;51428.000000;9785.000000;0.000000;986.535095
752.000000;9785.000000;9817.000000;0.000000;23275.000000;9785.000000;0.000000;987.904846
753.000000;9785.000000;8535.000000;0.000000;25590.000000;9785.000000;0.000000;989.279968
754.000000;9785.000000;9689.000000;0.000000;20493.000000;9785.000000;0.000000;990.680298
755.000000;9785.000000;10405.000000;0.000000;20657.000000;9785.000000;0.000000;991.934753
756.000000;9785.000000;11335.000000;0.000000;31092.000000;9785.000000;0.000000;993.160583
757.000000;9785.000000;9290.000000;0.000000;20228.000000;9785.000000;0.000000;994.383667
758.000000;9785.000000;9489.000000;0.000000;16261.000000;9785.000000;0.000000;995.601807
759.000000;9785.000000;10184.000000;0.000000;25075.000000;9785.000000;0.000000;996.819641
760.000000;9785.000000;10929.000000;0.000000;25796.000000;9785.000000;0.000000;998.032410
761.000000;9785.000000;12063.000000;0.000000;36088.000000;9785.000000;0.000000;999.518860
762.000000;9785.000000;9358.000000;0.000000;17176.000000;9785.000000;0.000000;1000.899902
763.000000;9785.000000;10692.000000;0.000000;27655.000000;9785.000000;0.000000;1002.250610
764.000000;9785.000000;9689.000000;0.000000;22187.000000;9785.000000;0.000000;1003.631592
765.000000;9785.000000;12318.000000;0.000000;75986.000000;9785.000000;0.000000;1005.013123
766.000000;9785.000000;11055.000000;0.000000;65693.000000;9785.000000;0.000000;1006.387817
767.000000;9785.000000;10888.000000;0.000000;22282.000000;9785.000000;0.000000;1007.765442
768.000000;9785.000000;10053.000000;0.000000;23825.000000;9785.000000;0.000000;1009.138794
769.000000;9785.000000;9429.000000;0.000000;21726.000000;9785.000000;0.000000;1010.552612
770.000000;9785.000000;11575.000000;0.000000;48848.000000;9785.000000;0.000000;1011.912598
771.000000;9785.000000;9742.000000;0.000000;37596.000000;9785.000000;0.000000;1013.270264
772.000000;9785.000000;10787.000000;0.000000;22429.000000;9785.000000;0.000000;1014.638550
773.000000;9785.000000;10059.000000;0.000000;17850.000000;9785.000000;0.000000;1016.002014
774.000000;9785.000000;11324.000000;0.000000;53860.000000;9785.000000;0.000000;1017.404175
775.000000;9785.000000;10464.000000;0.000000;19514.000000;9785.000000;0.000000;1018.787598
776.000000;9785.000000;11515.000000;0.000000;72807.000000;9785.000000;0.000000;1020.285278
777.000000;9785.000000;9924.000000;0.000000;18257.000000;9785.000000;0.000000;1021.679749
778.000000;9785.000000;10412.000000;0.000000;16850.000000;9785.000000;0.000000;1023.068665
779.000000;9785.000000;10751.000000;0.000000;16517.000000;9785.000000;0.000000;1024.297119
780.000000;9785.000000;10537.000000;0.000000;27498.000000;9785.000000;0.000000;1025.528076
781.000000;9785.000000;11467.000000;0.000000;37180.000000;9785.000000;0.000000;1027.024414
782.000000;9785.000000;10026.000000;0.000000;19691.000000;9785.000000;0.000000;1028.393188
783.000000;9785.000000;9148.000000;0.000000;17007.000000;9785.000000;0.000000;1029.757935
784.000000;9785.000000;9147.000000;0.000000;46520.000000;9785.000000;0.000000;1031.160034
785.000000;9785.000000;10608.000000;0.000000;39089.000000;9785.000000;0.000000;1032.536499
786.000000;9785.000000;11903.000000;0.000000;81581.000000;9785.000000;0.000000;1033.925659
787.000000;9785.000000;11517.000000;0.000000;45349.000000;9785.000000;0.000000;1035.308716
788.000000;9785.000000;12027.000000;0.000000;72478.000000;9785.000000;0.000000;1036.689697
789.000000;9785.000000;10039.000000;0.000000;24264.000000;9785.000000;0.000000;1038.070190
790.000000;9785.000000;9831.000000;0.000000;14066.000000;9785.000000;0.000000;1039.493042
791.000000;9785.000000;9396.000000;0.000000;25908.000000;9785.000000;0.000000;1040.929443
792.000000;9785.000000;9641.000000;0.000000;10579.000000;9785.000000;0.000000;1042.381714
793.000000;9785.000000;10207.000000;0.000000;14546.000000;9785.000000;0.000000;1043.785889
794.000000;9785.000000;11094.000000;0.000000;59700.000000;9785.000000;0.000000;1045.177490
795.000000;9785.000000;11488.000000;0.000000;44620.000000;9785.000000;0.000000;1046.406494
796.000000;9785.000000;11293.000000;0.000000;62668.000000;9785.000000;0.000000;1047.641602
797.000000;9785.000000;10665.000000;0.000000;23235.000000;9785.000000;0.000000;1048.879883
798.000000;9785.000000;10651.000000;0.000000;24138.000000;9785.000000;0.000000;1050.131836
799.000000;9785.000000;11886.000000;0.000000;64687.000000;9785.000000;0.000000;1051.371704
800.000000;9785.000000;10830.000000;0.000000;29011.000000;9785.000000;0.000000;1052.619995
801.000000;9785.000000;10298.000000;0.000000;24837.000000;9785.000000;0.000000;1054.135132
802.000000;9785.000000;9941.000000;0.000000;24461.000000;9785.000000;0.000000;1055.520142
803.000000;9785.000000;11486.000000;0.000000;34832.000000;9785.000000;0.000000;1056.901245
804.000000;9785.000000;10992.000000;0.000000;22734.000000;9785.000000;0.000000;1058.298584
805.000000;9785.000000;12427.000000;0.000000;63983.000000;9785.000000;0.000000;1059.689331
806.000000;9785.000000;10835.000000;0.000000;39613.000000;9785.000000;0.000000;1061.107910
807.000000;9785.000000;11651.000000;0.000000;50254.000000;9785.000000;0.000000;1062.497925
808.000000;9785.000000;10290.000000;0.000000;29470.000000;9785.000000;0.000000;1063.917603
809.000000;9785.000000;9666.000000;0.000000;27333.000000;9785.000000;0.000000;1065.313843
810.000000;9785.000000;12609.000000;0.000000;62679.000000;9785.000000;0.000000;1066.743164
811.000000;9785.000000;10739.000000;0.000000;24148.000000;9785.000000;0.000000;1068.152710
812.000000;9785.000000;10047.000000;0.000000;18916.000000;9785.000000;0.000000;1069.560913
813.000000;9785.000000;9910.000000;0.000000;18927.000000;9785.000000;0.000000;1071.005737
814.000000;9785.000000;11892.000000;0.000000;68243.000000;9785.000000;0.000000;1072.393066
815.000000;9785.000000;11274.000000;0.000000;71335.000000;9785.000000;0.000000;1073.645020
816.000000;9785.000000;9279.000000;0.000000;18968.000000;9785.000000;0.000000;1074.887329
817.000000;9785.000000;10033.000000;0.000000;22561.000000;9785.000000;0.000000;1076.122070
818.000000;9785.000000;10129.000000;0.000000;13410.000000;9785.000000;0.000000;1077.363281
819.000000;9785.000000;10285.000000;0.000000;24989.000000;9785.000000;0.000000;1078.606689
820.000000;9785.000000;12712.000000;0.000000;58683.000000;9785.000000;0.000000;1079.857300
821.000000;9785.000000;11458.000000;0.000000;48819.000000;9785.000000;0.000000;1081.406738
822.000000;9785.000000;11646.000000;0.000000;39836.000000;9785.000000;0.000000;1082.798462
823.000000;9785.000000;12091.000000;0.000000;42560.000000;9785.000000;0.000000;1084.197144
824.000000;9785.000000;10068.000000;0.000000;14646.000000;9785.000000;0.000000;1085.600464
825.000000;9785.000000;9962.000000;0.000000;33099.000000;9785.000000;0.000000;1087.007202
826.000000;9785.000000;10449.000000;0.000000;23542.000000;9785.000000;0.000000;1088.416748
827.000000;9785.000000;9586.000000;0.000000;22034.000000;9785.000000;0.000000;1089.820557
828.000000;9785.000000;10484.000000;0.000000;59149.000000;9785.000000;0.000000;1091.277222
829.000000;9785.000000;9886.000000;0.000000;30407.000000;9785.000000;0.000000;1092.677124
830.000000;9785.000000;9771.000000;0.000000;18240.000000;9785.000000;0.000000;1094.114380
831.000000;9785.000000;9926.000000;0.000000;26919.000000;9785.000000;0.000000;1095.534058
832.000000;9785.000000;12434.000000;0.000000;62981.000000;9785.000000;0.000000;1096.952515
833.000000;9785.000000;10145.000000;0.000000;23753.000000;9785.000000;0.000000;1098.372192
834.000000;9785.000000;11242.000000;0.000000;26106.000000;9785.000000;0.000000;1099.743530
835.000000;9785.000000;10460.000000;0.000000;31353.000000;9785.000000;0.000000;1101.029907
836.000000;9785.000000;10038.000000;0.000000;28208.000000;9785.000000;0.000000;1102.312622
837.000000;9785.000000;10224.000000;0.000000;20631.000000;9785.000000;0.000000;1103.595947
838.000000;9785.000000;11009.000000;0.000000;39298.000000;9785.000000;0.000000;1104.845459
839.000000;9785.000000;11575.000000;0.000000;59035.000000;9785.000000;0.000000;1106.096924
840.000000;9785.000000;10547.000000;0.000000;22016.000000;9785.000000;0.000000;1107.355225
841.000000;9785.000000;10499.000000;0.000000;20712.000000;9785.000000;0.000000;1108.870728
842.000000;9785.000000;9291.000000;0.000000;28368.000000;9785.000000;0.000000;1110.242554
843.000000;9785.000000;12526.000000;0.000000;95462.000000;9785.000000;0.000000;1111.631836
844.000000;9785.000000;10586.000000;0.000000;42627.000000;9785.000000;0.000000;1113.019531
845.000000;9785.000000;9191.000000;0.000000;37598.000000;9785.000000;0.000000;1114.410645
846.000000;9785.000000;10111.000000;0.000000;30917.000000;9785.000000;0.000000;1115.791138
847.000000;9785.000000;9662.000000;0.000000;23383.000000;9785.000000;0.000000;1117.169800
848.000000;9785.000000;9425.000000;0.000000;23816.000000;9785.000000;0.000000;1118.550293
849.000000;9785.000000;9673.000000;0.000000;23487.000000;9785.000000;0.000000;1119.931641
850.000000;9785.000000;10805.000000;0.000000;28020.000000;9785.000000;0.000000;1121.371216
851.000000;9785.000000;10881.000000;0.000000;34556.000000;9785.000000;0.000000;1122.768066
852.000000;9785.000000;11213.000000;0.000000;28561.000000;9785.000000;0.000000;1124.186035
853.000000;9785.000000;9821.000000;0.000000;37817.000000;9785.000000;0.000000;1125.582275
854.000000;9785.000000;10165.000000;0.000000;22061.000000;9785.000000;0.000000;1126.977783
855.000000;9785.000000;9981.000000;0.000000;19849.000000;9785.000000;0.000000;1128.223022
856.000000;9785.000000;9869.000000;0.000000;30608.000000;9785.000000;0.000000;1129.454590
857.000000;9785.000000;10882.000000;0.000000;41054.000000;9785.000000;0.000000;1130.723511
858.000000;9785.000000;8980.000000;0.000000;9914.000000;9785.000000;0.000000;1131.946777
859.000000;9785.000000;10273.000000;0.000000;23482.000000;9785.000000;0.000000;1133.170044
860.000000;9785.000000;12340.000000;0.000000;47755.000000;9785.000000;0.000000;1134.394165
861.000000;9785.000000;9481.000000;0.000000;31522.000000;9785.000000;0.000000;1135.885742
862.000000;9785.000000;12047.000000;0.000000;52977.000000;9785.000000;0.000000;1137.252686
863.000000;9785.000000;9937.000000;0.000000;24082.000000;9785.000000;0.000000;1138.615479
864.000000;9785.000000;10088.000000;0.000000;28870.000000;9785.000000;0.000000;1139.970337
865.000000;9785.000000;10448.000000;0.000000;26446.000000;9785.000000;0.000000;1141.374146
866.000000;9785.000000;12552.000000;0.000000;65556.000000;9785.000000;0.000000;1142.721436
867.000000;9785.000000;10605.000000;0.000000;35261.000000;9785.000000;0.000000;1144.066162
868.000000;9785.000000;9777.000000;0.000000;21322.000000;9785.000000;0.000000;1145.412964
869.000000;9785.000000;10113.000000;0.000000;27090.000000;9785.000000;0.000000;1146.764526
870.000000;9785.000000;11704.000000;0.000000;54931.000000;9785.000000;0.000000;1148.142090
871.000000;9785.000000;9583.000000;0.000000;22563.000000;9785.000000;0.000000;1149.537354
872.000000;9785.000000;10441.000000;0.000000;26443.000000;9785.000000;0.000000;1150.933960
873.000000;9785.000000;9504.000000;0.000000;18166.000000;9785.000000;0.000000;1152.302856
874.000000;9785.000000;11694.000000;0.000000;71012.000000;9785.000000;0.000000;1153.669556
875.000000;9785.000000;10162.000000;0.000000;12045.000000;9785.000000;0.000000;1154.909546
876.000000;9785.000000;11639.000000;0.000000;41222.000000;9785.000000;0.000000;1156.109375
877.000000;9785.000000;10787.000000;0.000000;26336.000000;9785.000000;0.000000;1157.360840
878.000000;9785.000000;11484.000000;0.000000;16898.000000;9785.000000;0.000000;1158.562866
879.000000;9785.000000;9675.000000;0.000000;22356.000000;9785.000000;0.000000;1159.769897
880.000000;9785.000000;10092.000000;0.000000;30131.000000;9785.000000;0.000000;1161.001831
881.000000;9785.000000;10109.000000;0.000000;25437.000000;9785.000000;0.000000;1162.452515
882.000000;9785.000000;10137.000000;0.000000;20263.000000;9785.000000;0.000000;1163.789673
883.000000;9785.000000;11044.000000;0.000000;50864.000000;9785.000000;0.000000;1165.126465
884.000000;9785.000000;10782.000000;0.000000;42102.000000;9785.000000;0.000000;1166.472900
885.000000;9785.000000;11431.000000;0.000000;35280.000000;9785.000000;0.000000;1167.820435
886.000000;9785.000000;9680.000000;0.000000;27420.000000;9785.000000;0.000000;1169.171753
887.000000;9785.000000;11036.000000;0.000000;55739.000000;9785.000000;0.000000;1170.532349
888.000000;9785.000000;8692.000000;0.000000;27998.000000;9785.000000;0.000000;1171.915039
889.000000;9785.000000;10638.000000;0.000000;26927.000000;9785.000000;0.000000;1173.270996
890.000000;9785.000000;10381.000000;0.000000;15822.000000;9785.000000;0.000000;1174.638306
891.000000;9785.000000;13004.000000;0.000000;110239.000000;9785.000000;0.000000;1176.028198
892.000000;9785.000000;10862.000000;0.000000;30964.000000;9785.000000;0.000000;1177.458008
893.000000;9785.000000;10847.000000;0.000000;40938.000000;9785.000000;0.000000;1178.839478
894.000000;9785.000000;9623.000000;0.000000;22756.000000;9785.000000;0.000000;1180.226318
895.000000;9785.000000;10942.000000;0.000000;43704.000000;9785.000000;0.000000;1181.520996
896.000000;9785.000000;11010.000000;0.000000;28954.000000;9785.000000;0.000000;1182.733887
897.000000;9785.000000;10295.000000;0.000000;17023.000000;9785.000000;0.000000;1184.039673
898.000000;9785.000000;11262.000000;0.000000;33730.000000;9785.000000;0.000000;1185.252441
899.000000;9785.000000;10080.000000;0.000000;22930.000000;9785.000000;0.000000;1186.463745
900.000000;9785.000000;10318.000000;0.000000;17164.000000;9785.000000;0.000000;1187.675415
901.000000;9785.000000;10122.000000;0.000000;19867.000000;9785.000000;0.000000;1189.135010
902.000000;9785.000000;10235.000000;0.000000;30153.000000;9785.000000;0.000000;1190.499756
903.000000;9785.000000;9580.000000;0.000000;26446.000000;9785.000000;0.000000;1191.870483
904.000000;9785.000000;9491.000000;0.000000;17700.000000;9785.000000;0.000000;1193.231567
905.000000;9785.000000;10979.000000;0.000000;24033.000000;9785.000000;0.000000;1194.590454
906.000000;9785.000000;10721.000000;0.000000;20008.000000;9785.000000;0.000000;1195.949585
907.000000;9785.000000;10527.000000;0.000000;31622.000000;9785.000000;0.000000;1197.306641
908.000000;9785.000000;10087.000000;0.000000;26380.000000;9785.000000;0.000000;1198.821045
909.000000;9785.000000;10867.000000;0.000000;23224.000000;9785.000000;0.000000;1200.201416
910.000000;9785.000000;11272.000000;0.000000;31110.000000;9785.000000;0.000000;1201.600464
911.000000;9785.000000;10692.000000;0.000000;47440.000000;9785.000000;0.000000;1202.974854
912.000000;9785.000000;10181.000000;0.000000;14393.000000;9785.000000;0.000000;1204.354248
913.000000;9785.000000;10612.000000;0.000000;35907.000000;9785.000000;0.000000;1205.729492
914.000000;9785.000000;9960.000000;0.000000;18278.000000;9785.000000;0.000000;1207.144897
915.000000;9785.000000;10806.000000;0.000000;31382.000000;9785.000000;0.000000;1208.542114
916.000000;9785.000000;11442.000000;0.000000;34120.000000;9785.000000;0.000000;1209.929688
917.000000;9785.000000;11788.000000;0.000000;59426.000000;9785.000000;0.000000;1211.365845
918.000000;9785.000000;11620.000000;0.000000;31853.000000;9785.000000;0.000000;1212.670166
919.000000;9785.000000;9733.000000;0.000000;18692.000000;9785.000000;0.000000;1213.892090
920.000000;9785.000000;10692.000000;0.000000;44091.000000;9785.000000;0.000000;1215.113525
921.000000;9785.000000;10042.000000;0.000000;15518.000000;9785.000000;0.000000;1216.594360
922.000000;9785.000000;10223.000000;0.000000;18300.000000;9785.000000;0.000000;1217.957031
923.000000;9785.000000;10889.000000;0.000000;36894.000000;9785.000000;0.000000;1219.332520
924.000000;9785.000000;9644.000000;0.000000;22958.000000;9785.000000;0.000000;1220.714600
925.000000;9785.000000;8879.000000;0.000000;32110.000000;9785.000000;0.000000;1222.129028
926.000000;9785.000000;9084.000000;0.000000;16035.000000;9785.000000;0.000000;1223.499756
927.000000;9785.000000;9579.000000;0.000000;19034.000000;9785.000000;0.000000;1224.870850
928.000000;9785.000000;9783.000000;0.000000;20703.000000;9785.000000;0.000000;1226.241333
929.000000;9785.000000;9929.000000;0.000000;17052.000000;9785.000000;0.000000;1227.623169
930.000000;9785.000000;9916.000000;0.000000;15416.000000;9785.000000;0.000000;1229.022949
931.000000;9785.000000;10010.000000;0.000000;24155.000000;9785.000000;0.000000;1230.432495
932.000000;9785.000000;10050.000000;0.000000;20598.000000;9785.000000;0.000000;1231.865601
933.000000;9785.000000;9559.000000;0.000000;19242.000000;9785.000000;0.000000;1233.358276
934.000000;9785.000000;11192.000000;0.000000;35137.000000;9785.000000;0.000000;1234.766235
935.000000;9785.000000;10594.000000;0.000000;27107.000000;9785.000000;0.000000;1236.027710
936.000000;9785.000000;9884.000000;0.000000;19118.000000;9785.000000;0.000000;1237.352539
937.000000;9785.000000;9854.000000;0.000000;23756.000000;9785.000000;0.000000;1238.596436
938.000000;9785.000000;9737.000000;0.000000;34657.000000;9785.000000;0.000000;1239.826538
939.000000;9785.000000;10416.000000;0.000000;16901.000000;9785.000000;0.000000;1241.066528
940.000000;9785.000000;10314.000000;0.000000;30283.000000;9785.000000;0.000000;1242.344482
941.000000;9785.000000;11185.000000;0.000000;76156.000000;9785.000000;0.000000;1243.949097
942.000000;9785.000000;11009.000000;0.000000;38202.000000;9785.000000;0.000000;1245.315186
943.000000;9785.000000;10755.000000;0.000000;25345.000000;9785.000000;0.000000;1246.684448
944.000000;9785.000000;12020.000000;0.000000;51663.000000;9785.000000;0.000000;1248.063721
945.000000;9785.000000;10365.000000;0.000000;33747.000000;9785.000000;0.000000;1249.445312
946.000000;9785.000000;10166.000000;0.000000;12543.000000;9785.000000;0.000000;1250.828369
947.000000;9785.000000;9703.000000;0.000000;25543.000000;9785.000000;0.000000;1252.231934
948.000000;9785.000000;10618.000000;0.000000;43074.000000;9785.000000;0.000000;1253.610352
949.000000;9785.000000;10715.000000;0.000000;56863.000000;9785.000000;0.000000;1254.998047
950.000000;9785.000000;9964.000000;0.000000;25284.000000;9785.000000;0.000000;1256.407471
951.000000;9785.000000;12361.000000;0.000000;53563.000000;9785.000000;0.000000;1257.807617
952.000000;9785.000000;9871.000000;0.000000;32815.000000;9785.000000;0.000000;1259.208984
953.000000;9785.000000;10814.000000;0.000000;22757.000000;9785.000000;0.000000;1260.618530
954.000000;9785.000000;10409.000000;0.000000;42093.000000;9785.000000;0.000000;1262.058228
955.000000;9785.000000;11567.000000;0.000000;46304.000000;9785.000000;0.000000;1263.312378
956.000000;9785.000000;9449.000000;0.000000;25372.000000;9785.000000;0.000000;1264.558838
957.000000;9785.000000;11099.000000;0.000000;20386.000000;9785.000000;0.000000;1265.806519
958.000000;9785.000000;10528.000000;0.000000;21470.000000;9785.000000;0.000000;1267.058838
959.000000;9785.000000;10863.000000;0.000000;26024.000000;9785.000000;0.000000;1268.314697
960.000000;9785.000000;10692.000000;0.000000;25731.000000;9785.000000;0.000000;1269.566406
961.000000;9785.000000;11837.000000;0.000000;61265.000000;9785.000000;0.000000;1271.107422
962.000000;9785.000000;10791.000000;0.000000;52488.000000;9785.000000;0.000000;1272.512085
963.000000;9785.000000;11809.000000;0.000000;46988.000000;9785.000000;0.000000;1273.896240
964.000000;9785.000000;10209.000000;0.000000;24691.000000;9785.000000;0.000000;1275.295410
965.000000;9785.000000;9756.000000;0.000000;20640.000000;9785.000000;0.000000;1276.692749
966.000000;9785.000000;11707.000000;0.000000;50574.000000;9785.000000;0.000000;1278.087158
967.000000;9785.000000;10902.000000;0.000000;41769.000000;9785.000000;0.000000;1279.479492
968.000000;9785.000000;11479.000000;0.000000;61079.000000;9785.000000;0.000000;1280.874634
969.000000;9785.000000;10376.000000;0.000000;23886.000000;9785.000000;0.000000;1282.298462
970.000000;9785.000000;9877.000000;0.000000;11873.000000;9785.000000;0.000000;1283.741455
971.000000;9785.000000;12169.000000;0.000000;76951.000000;9785.000000;0.000000;1285.216553
972.000000;9785.000000;10132.000000;0.000000;25552.000000;9785.000000;0.000000;1286.636719
973.000000;9785.000000;10702.000000;0.000000;49479.000000;9785.000000;0.000000;1288.052490
974.000000;9785.000000;12776.000000;0.000000;104308.000000;9785.000000;0.000000;1289.424438
975.000000;9785.000000;11259.000000;0.000000;35309.000000;9785.000000;0.000000;1290.655273
976.000000;9785.000000;13026.000000;0.000000;100104.000000;9785.000000;0.000000;1291.914307
977.000000;9785.000000;10314.000000;0.000000;30433.000000;9785.000000;0.000000;1293.182495
978.000000;9785.000000;12145.000000;0.000000;36924.000000;9785.000000;0.000000;1294.419189
979.000000;9785.000000;9975.000000;0.000000;16983.000000;9785.000000;0.000000;1295.653320
980.000000;9785.000000;11007.000000;0.000000;49476.000000;9785.000000;0.000000;1296.890381
981.000000;9785.000000;9966.000000;0.000000;22770.000000;9785.000000;0.000000;1298.390381
982.000000;9785.000000;10099.000000;0.000000;24742.000000;9785.000000;0.000000;1299.771240
983.000000;9785.000000;10626.000000;0.000000;24119.000000;9785.000000;0.000000;1301.297729
984.000000;9785.000000;10600.000000;0.000000;26299.000000;9785.000000;0.000000;1302.694946
985.000000;9785.000000;11167.000000;0.000000;51099.000000;9785.000000;0.000000;1304.102417
986.000000;9785.000000;10487.000000;0.000000;28432.000000;9785.000000;0.000000;1305.479492
987.000000;9785.000000;12120.000000;0.000000;69519.000000;9785.000000;0.000000;1306.847900
988.000000;9785.000000;9939.000000;0.000000;12687.000000;9785.000000;0.000000;1308.217651
989.000000;9785.000000;11816.000000;0.000000;55308.000000;9785.000000;0.000000;1309.586182
990.000000;9785.000000;9886.000000;0.000000;26306.000000;9785.000000;0.000000;1310.998779
991.000000;9785.000000;10663.000000;0.000000;31132.000000;9785.000000;0.000000;1312.416138
992.000000;9785.000000;10527.000000;0.000000;18144.000000;9785.000000;0.000000;1313.802612
993.000000;9785.000000;11693.000000;0.000000;69343.000000;9785.000000;0.000000;1315.187134
994.000000;9785.000000;10158.000000;0.000000;20554.000000;9785.000000;0.000000;1316.556274
995.000000;9785.000000;9803.000000;0.000000;25311.000000;9785.000000;0.000000;1317.781860
996.000000;9785.000000;10340.000000;0.000000;15711.000000;9785.000000;0.000000;1318.996338
997.000000;9785.000000;11960.000000;0.000000;48283.000000;9785.000000;0.000000;1320.302368
998.000000;9785.000000;10106.000000;0.000000;25079.000000;9785.000000;0.000000;1321.538696
999.000000;9785.000000;10480.000000;0.000000;21572.000000;9785.000000;0.000000;1322.770996
1000.000000;9785.000000;10970.000000;0.000000;63718.000000;9785.000000;0.000000;1324.018311
1001.000000;9785.000000;12596.000000;0.000000;64381.000000;9785.000000;0.000000;1325.477539
1002.000000;9785.000000;11400.000000;0.000000;52112.000000;9785.000000;0.000000;1326.819458
1003.000000;9785.000000;10266.000000;0.000000;24568.000000;9785.000000;0.000000;1328.155273
1004.000000;9785.000000;9636.000000;0.000000;20386.000000;9785.000000;0.000000;1329.507935
1005.000000;9785.000000;10108.000000;0.000000;16595.000000;9785.000000;0.000000;1330.860718
1006.000000;9785.000000;10571.000000;0.000000;23451.000000;9785.000000;0.000000;1332.328125
1007.000000;9785.000000;11705.000000;0.000000;48624.000000;9785.000000;0.000000;1333.684692
1008.000000;9785.000000;10493.000000;0.000000;16619.000000;9785.000000;0.000000;1335.036987
1009.000000;9785.000000;9931.000000;0.000000;26766.000000;9785.000000;0.000000;1336.387695
1010.000000;9785.000000;10773.000000;0.000000;43756.000000;9785.000000;0.000000;1338.192383
1011.000000;9785.000000;11405.000000;0.000000;67388.000000;9785.000000;0.000000;1339.706177
1012.000000;9785.000000;10503.000000;0.000000;23319.000000;9785.000000;0.000000;1341.069946
1013.000000;9785.000000;11818.000000;0.000000;59802.000000;9785.000000;0.000000;1342.475220
1014.000000;9785.000000;9276.000000;0.000000;30486.000000;9785.000000;0.000000;1343.817383
1015.000000;9785.000000;10989.000000;0.000000;19037.000000;9785.000000;0.000000;1345.033203
1016.000000;9785.000000;10643.000000;0.000000;32076.000000;9785.000000;0.000000;1346.246216
1017.000000;9785.000000;11523.000000;0.000000;33612.000000;9785.000000;0.000000;1347.459839
1018.000000;9785.000000;12143.000000;0.000000;64357.000000;9785.000000;0.000000;1348.671631
1019.000000;9785.000000;10010.000000;0.000000;23176.000000;9785.000000;0.000000;1349.883545
1020.000000;9785.000000;9905.000000;0.000000;16028.000000;9785.000000;0.000000;1351.097656
1021.000000;9785.000000;10761.000000;0.000000;43373.000000;9785.000000;0.000000;1352.613770
1022.000000;9785.000000;10148.000000;0.000000;18812.000000;9785.000000;0.000000;1353.960449
1023.000000;9785.000000;9602.000000;0.000000;26084.000000;9785.000000;0.000000;1355.307617
1024.000000;9785.000000;9638.000000;0.000000;27195.000000;9785.000000;0.000000;1356.666748
1025.000000;9785.000000;10379.000000;0.000000;22033.000000;9785.000000;0.000000;1358.025513
1026.000000;9785.000000;10563.000000;0.000000;25612.000000;9785.000000;0.000000;1359.391113
1027.000000;9785.000000;11017.000000;0.000000;45066.000000;9785.000000;0.000000;1360.751343
1028.000000;9785.000000;10828.000000;0.000000;44631.000000;9785.000000;0.000000;1362.150635
1029.000000;9785.000000;10419.000000;0.000000;19500.000000;9785.000000;0.000000;1363.623901
1030.000000;9785.000000;11561.000000;0.000000;43541.000000;9785.000000;0.000000;1365.041260
1031.000000;9785.000000;10574.000000;0.000000;20723.000000;9785.000000;0.000000;1366.418213
1032.000000;9785.000000;10185.000000;0.000000;27571.000000;9785.000000;0.000000;1367.792725
1033.000000;9785.000000;11653.000000;0.000000;47336.000000;9785.000000;0.000000;1369.162720
1034.000000;9785.000000;11952.000000;0.000000;59824.000000;9785.000000;0.000000;1370.537231
1035.000000;9785.000000;10560.000000;0.000000;48139.000000;9785.000000;0.000000;1371.770752
1036.000000;9785.000000;11302.000000;0.000000;38057.000000;9785.000000;0.000000;1373.008789
1037.000000;9785.000000;8880.000000;0.000000;19265.000000;9785.000000;0.000000;1374.221069
1038.000000;9785.000000;10971.000000;0.000000;24061.000000;9785.000000;0.000000;1375.435669
1039.000000;9785.000000;9946.000000;0.000000;31347.000000;9785.000000;0.000000;1376.647827
1040.000000;9785.000000;9343.000000;0.000000;28569.000000;9785.000000;0.000000;1377.858643
1041.000000;9785.000000;9665.000000;0.000000;16268.000000;9785.000000;0.000000;1379.336060
1042.000000;9785.000000;11840.000000;0.000000;57858.000000;9785.000000;0.000000;1380.695801
1043.000000;9785.000000;10115.000000;0.000000;15104.000000;9785.000000;0.000000;1382.056519
1044.000000;9785.000000;9895.000000;0.000000;19024.000000;9785.000000;0.000000;1383.450806
1045.000000;9785.000000;10270.000000;0.000000;29276.000000;9785.000000;0.000000;1384.823486
1046.000000;9785.000000;9672.000000;0.000000;24452.000000;9785.000000;0.000000;1386.198975
1047.000000;9785.000000;9570.000000;0.000000;14523.000000;9785.000000;0.000000;1387.568726
1048.000000;9785.000000;10455.000000;0.000000;38149.000000;9785.000000;0.000000;1388.942505
1049.000000;9785.000000;9811.000000;0.000000;17911.000000;9785.000000;0.000000;1390.311646
1050.000000;9785.000000;10522.000000;0.000000;18695.000000;9785.000000;0.000000;1391.694092
1051.000000;9785.000000;10063.000000;0.000000;15025.000000;9785.000000;0.000000;1393.093140
1052.000000;9785.000000;10347.000000;0.000000;20154.000000;9785.000000;0.000000;1394.461914
1053.000000;9785.000000;9108.000000;0.000000;20172.000000;9785.000000;0.000000;1395.853271
1054.000000;9785.000000;11743.000000;0.000000;59886.000000;9785.000000;0.000000;1397.250854
1055.000000;9785.000000;10151.000000;0.000000;19749.000000;9785.000000;0.000000;1398.635864
1056.000000;9785.000000;10405.000000;0.000000;32379.000000;9785.000000;0.000000;1400.021851
1057.000000;9785.000000;11594.000000;0.000000;43257.000000;9785.000000;0.000000;1401.429321
1058.000000;9785.000000;9458.000000;0.000000;20416.000000;9785.000000;0.000000;1402.723267
1059.000000;9785.000000;10610.000000;0.000000;34647.000000;9785.000000;0.000000;1403.952026
1060.000000;9785.000000;12818.000000;0.000000;80567.000000;9785.000000;0.000000;1405.181274
1061.000000;9785.000000;10888.000000;0.000000;65181.000000;9785.000000;0.000000;1406.674316
1062.000000;9785.000000;10206.000000;0.000000;20961.000000;9785.000000;0.000000;1408.038208
1063.000000;9785.000000;9869.000000;0.000000;38529.000000;9785.000000;0.000000;1409.382935
1064.000000;9785.000000;10586.000000;0.000000;22543.000000;9785.000000;0.000000;1410.732788
1065.000000;9785.000000;10427.000000;0.000000;33477.000000;9785.000000;0.000000;1412.084839
1066.000000;9785.000000;10496.000000;0.000000;19146.000000;9785.000000;0.000000;1413.453979
1067.000000;9785.000000;10618.000000;0.000000;24142.000000;9785.000000;0.000000;1414.801392
1068.000000;9785.000000;11051.000000;0.000000;41828.000000;9785.000000;0.000000;1416.154541
1069.000000;9785.000000;10070.000000;0.000000;21597.000000;9785.000000;0.000000;1417.513794
1070.000000;9785.000000;10356.000000;0.000000;16623.000000;9785.000000;0.000000;1418.875122
1071.000000;9785.000000;11779.000000;0.000000;87752.000000;9785.000000;0.000000;1420.252441
1072.000000;9785.000000;9243.000000;0.000000;30740.000000;9785.000000;0.000000;1421.614746
1073.000000;9785.000000;10613.000000;0.000000;22417.000000;9785.000000;0.000000;1423.010498
1074.000000;9785.000000;10369.000000;0.000000;15566.000000;9785.000000;0.000000;1424.404785
1075.000000;9785.000000;11168.000000;0.000000;23822.000000;9785.000000;0.000000;1425.883423
1076.000000;9785.000000;10254.000000;0.000000;29877.000000;9785.000000;0.000000;1427.240967
1077.000000;9785.000000;10372.000000;0.000000;19737.000000;9785.000000;0.000000;1428.587524
1078.000000;9785.000000;9288.000000;0.000000;21214.000000;9785.000000;0.000000;1429.937012
1079.000000;9785.000000;9900.000000;0.000000;14072.000000;9785.000000;0.000000;1431.287842
1080.000000;9785.000000;10428.000000;0.000000;35737.000000;9785.000000;0.000000;1432.655029
1081.000000;9785.000000;11165.000000;0.000000;47943.000000;9785.000000;0.000000;1434.053955
1082.000000;9785.000000;10219.000000;0.000000;17726.000000;9785.000000;0.000000;1435.395386
1083.000000;9785.000000;10488.000000;0.000000;26156.000000;9785.000000;0.000000;1436.752808
1084.000000;9785.000000;12193.000000;0.000000;89082.000000;9785.000000;0.000000;1438.107300
1085.000000;9785.000000;9525.000000;0.000000;26542.000000;9785.000000;0.000000;1439.467529
1086.000000;9785.000000;10829.000000;0.000000;29571.000000;9785.000000;0.000000;1440.835083
1087.000000;9785.000000;9810.000000;0.000000;21462.000000;9785.000000;0.000000;1442.201416
1088.000000;9785.000000;11145.000000;0.000000;49148.000000;9785.000000;0.000000;1443.588623
1089.000000;9785.000000;11381.000000;0.000000;35325.000000;9785.000000;0.000000;1444.954712
1090.000000;9785.000000;10559.000000;0.000000;21414.000000;9785.000000;0.000000;1446.353271
1091.000000;9785.000000;11668.000000;0.000000;56078.000000;9785.000000;0.000000;1447.734985
1092.000000;9785.000000;12249.000000;0.000000;79892.000000;9785.000000;0.000000;1449.112427
1093.000000;9785.000000;10717.000000;0.000000;26744.000000;9785.000000;0.000000;1450.488403
1094.000000;9785.000000;9194.000000;0.000000;12483.000000;9785.000000;0.000000;1451.782959
1095.000000;9785.000000;9908.000000;0.000000;22432.000000;9785.000000;0.000000;1453.034302
1096.000000;9785.000000;10558.000000;0.000000;29499.000000;9785.000000;0.000000;1454.250977
1097.000000;9785.000000;9887.000000;0.000000;32382.000000;9785.000000;0.000000;1455.473633
1098.000000;9785.000000;10521.000000;0.000000;22722.000000;9785.000000;0.000000;1456.697510
1099.000000;9785.000000;11834.000000;0.000000;61690.000000;9785.000000;0.000000;1457.922119
1100.000000;9785.000000;8855.000000;0.000000;55486.000000;9785.000000;0.000000;1459.145996
1101.000000;9785.000000;10287.000000;0.000000;16839.000000;9785.000000;0.000000;1460.622559
1102.000000;9785.000000;9877.000000;0.000000;23760.000000;9785.000000;0.000000;1461.972534
1103.000000;9785.000000;9306.000000;0.000000;42981.000000;9785.000000;0.000000;1463.356934
1104.000000;9785.000000;10349.000000;0.000000;32607.000000;9785.000000;0.000000;1464.717651
1105.000000;9785.000000;9930.000000;0.000000;24729.000000;9785.000000;0.000000;1466.083618
1106.000000;9785.000000;9918.000000;0.000000;22921.000000;9785.000000;0.000000;1467.446533
1107.000000;9785.000000;9207.000000;0.000000;17860.000000;9785.000000;0.000000;1468.805908
1108.000000;9785.000000;11511.000000;0.000000;32672.000000;9785.000000;0.000000;1470.175903
1109.000000;9785.000000;10322.000000;0.000000;21736.000000;9785.000000;0.000000;1471.546753
1110.000000;9785.000000;9713.000000;0.000000;18993.000000;9785.000000;0.000000;1472.980103
1111.000000;9785.000000;10513.000000;0.000000;23923.000000;9785.000000;0.000000;1474.370728
1112.000000;9785.000000;12118.000000;0.000000;55971.000000;9785.000000;0.000000;1475.756836
1113.000000;9785.000000;9702.000000;0.000000;20291.000000;9785.000000;0.000000;1477.145630
1114.000000;9785.000000;9930.000000;0.000000;29876.000000;9785.000000;0.000000;1478.535278
1115.000000;9785.000000;10582.000000;0.000000;37926.000000;9785.000000;0.000000;1479.773071
1116.000000;9785.000000;8738.000000;0.000000;54480.000000;9785.000000;0.000000;1480.999146
1117.000000;9785.000000;10271.000000;0.000000;11283.000000;9785.000000;0.000000;1482.231079
1118.000000;9785.000000;10614.000000;0.000000;23088.000000;9785.000000;0.000000;1483.487671
1119.000000;9785.000000;9956.000000;0.000000;46254.000000;9785.000000;0.000000;1484.739746
1120.000000;9785.000000;10251.000000;0.000000;26867.000000;9785.000000;0.000000;1485.961426
1121.000000;9785.000000;10090.000000;0.000000;21267.000000;9785.000000;0.000000;1487.448853
1122.000000;9785.000000;11880.000000;0.000000;48846.000000;9785.000000;0.000000;1488.811157
1123.000000;9785.000000;11313.000000;0.000000;42176.000000;9785.000000;0.000000;1490.171143
1124.000000;9785.000000;10518.000000;0.000000;22339.000000;9785.000000;0.000000;1491.550171
1125.000000;9785.000000;10684.000000;0.000000;16803.000000;9785.000000;0.000000;1492.942993
1126.000000;9785.000000;9137.000000;0.000000;36710.000000;9785.000000;0.000000;1494.319336
1127.000000;9785.000000;11524.000000;0.000000;57983.000000;9785.000000;0.000000;1495.734619
1128.000000;9785.000000;11529.000000;0.000000;69771.000000;9785.000000;0.000000;1497.113892
1129.000000;9785.000000;10046.000000;0.000000;13746.000000;9785.000000;0.000000;1498.484131
1130.000000;9785.000000;10222.000000;0.000000;21261.000000;9785.000000;0.000000;1499.916382
1131.000000;9785.000000;11519.000000;0.000000;59344.000000;9785.000000;0.000000;1501.322144
1132.000000;9785.000000;10684.000000;0.000000;49246.000000;9785.000000;0.000000;1502.721558
1133.000000;9785.000000;9737.000000;0.000000;25866.000000;9785.000000;0.000000;1504.143188
1134.000000;9785.000000;11769.000000;0.000000;82268.000000;9785.000000;0.000000;1505.541870
1135.000000;9785.000000;10357.000000;0.000000;14380.000000;9785.000000;0.000000;1506.787720
1136.000000;9785.000000;10252.000000;0.000000;18827.000000;9785.000000;0.000000;1508.023560
1137.000000;9785.000000;11328.000000;0.000000;23326.000000;9785.000000;0.000000;1509.260376
1138.000000;9785.000000;12952.000000;0.000000;86212.000000;9785.000000;0.000000;1510.494873
1139.000000;9785.000000;10402.000000;0.000000;21327.000000;9785.000000;0.000000;1511.733398
1140.000000;9785.000000;9795.000000;0.000000;17660.000000;9785.000000;0.000000;1512.986816
1141.000000;9785.000000;11192.000000;0.000000;24933.000000;9785.000000;0.000000;1514.496948
1142.000000;9785.000000;10149.000000;0.000000;29937.000000;9785.000000;0.000000;1515.868530
1143.000000;9785.000000;10841.000000;0.000000;32310.000000;9785.000000;0.000000;1517.235474
1144.000000;9785.000000;10903.000000;0.000000;16370.000000;9785.000000;0.000000;1518.622437
1145.000000;9785.000000;10564.000000;0.000000;35637.000000;9785.000000;0.000000;1520.021240
1146.000000;9785.000000;11001.000000;0.000000;35148.000000;9785.000000;0.000000;1521.403564
1147.000000;9785.000000;10093.000000;0.000000;18296.000000;9785.000000;0.000000;1522.788940
1148.000000;9785.000000;10071.000000;0.000000;16790.000000;9785.000000;0.000000;1524.197998
1149.000000;9785.000000;9203.000000;0.000000;21388.000000;9785.000000;0.000000;1525.577026
1150.000000;9785.000000;10383.000000;0.000000;41630.000000;9785.000000;0.000000;1526.992188
1151.000000;9785.000000;11106.000000;0.000000;44923.000000;9785.000000;0.000000;1528.396240
1152.000000;9785.000000;11168.000000;0.000000;29107.000000;9785.000000;0.000000;1529.783447
1153.000000;9785.000000;11245.000000;0.000000;49481.000000;9785.000000;0.000000;1531.163574
1154.000000;9785.000000;9875.000000;0.000000;27766.000000;9785.000000;0.000000;1532.543213
1155.000000;9785.000000;10029.000000;0.000000;23974.000000;9785.000000;0.000000;1533.798706
1156.000000;9785.000000;10020.000000;0.000000;18908.000000;9785.000000;0.000000;1535.011475
1157.000000;9785.000000;10053.000000;0.000000;32629.000000;9785.000000;0.000000;1536.329956
1158.000000;9785.000000;12121.000000;0.000000;70841.000000;9785.000000;0.000000;1537.549438
1159.000000;9785.000000;11060.000000;0.000000;43640.000000;9785.000000;0.000000;1538.767456
1160.000000;9785.000000;12170.000000;0.000000;48521.000000;9785.000000;0.000000;1539.975952
1161.000000;9785.000000;10672.000000;0.000000;29306.000000;9785.000000;0.000000;1541.435669
1162.000000;9785.000000;11080.000000;0.000000;39385.000000;9785.000000;0.000000;1542.781860
1163.000000;9785.000000;9935.000000;0.000000;20100.000000;9785.000000;0.000000;1544.231934
1164.000000;9785.000000;10462.000000;0.000000;29906.000000;9785.000000;0.000000;1545.591919
1165.000000;9785.000000;9613.000000;0.000000;19965.000000;9785.000000;0.000000;1546.953247
1166.000000;9785.000000;11463.000000;0.000000;21760.000000;9785.000000;0.000000;1548.313354
1167.000000;9785.000000;10673.000000;0.000000;22984.000000;9785.000000;0.000000;1549.674316
1168.000000;9785.000000;9634.000000;0.000000;19727.000000;9785.000000;0.000000;1551.041626
1169.000000;9785.000000;11172.000000;0.000000;38750.000000;9785.000000;0.000000;1552.409180
1170.000000;9785.000000;8476.000000;0.000000;45012.000000;9785.000000;0.000000;1553.829834
1171.000000;9785.000000;8811.000000;0.000000;36505.000000;9785.000000;0.000000;1555.235474
1172.000000;9785.000000;12018.000000;0.000000;61196.000000;9785.000000;0.000000;1556.617065
1173.000000;9785.000000;9954.000000;0.000000;35550.000000;9785.000000;0.000000;1557.994019
1174.000000;9785.000000;12312.000000;0.000000;41166.000000;9785.000000;0.000000;1559.375122
1175.000000;9785.000000;9752.000000;0.000000;13196.000000;9785.000000;0.000000;1560.629028
1176.000000;9785.000000;10060.000000;0.000000;25703.000000;9785.000000;0.000000;1561.861694
1177.000000;9785.000000;9912.000000;0.000000;19659.000000;9785.000000;0.000000;1563.094238
1178.000000;9785.000000;10301.000000;0.000000;16594.000000;9785.000000;0.000000;1564.352417
1179.000000;9785.000000;9976.000000;0.000000;22193.000000;9785.000000;0.000000;1565.581177
1180.000000;9785.000000;10921.000000;0.000000;15418.000000;9785.000000;0.000000;1566.806763
1181.000000;9785.000000;10006.000000;0.000000;16798.000000;9785.000000;0.000000;1568.294189
1182.000000;9785.000000;11546.000000;0.000000;33325.000000;9785.000000;0.000000;1569.656494
1183.000000;9785.000000;10669.000000;0.000000;16112.000000;9785.000000;0.000000;1571.025024
1184.000000;9785.000000;8965.000000;0.000000;18031.000000;9785.000000;0.000000;1572.397827
1185.000000;9785.000000;10442.000000;0.000000;19430.000000;9785.000000;0.000000;1573.807495
1186.000000;9785.000000;10420.000000;0.000000;22559.000000;9785.000000;0.000000;1575.175415
1187.000000;9785.000000;11656.000000;0.000000;71290.000000;9785.000000;0.000000;1576.544678
1188.000000;9785.000000;9714.000000;0.000000;17813.000000;9785.000000;0.000000;1577.915283
1189.000000;9785.000000;10051.000000;0.000000;23366.000000;9785.000000;0.000000;1579.288452
1190.000000;9785.000000;9496.000000;0.000000;35559.000000;9785.000000;0.000000;1580.656738
1191.000000;9785.000000;9297.000000;0.000000;21792.000000;9785.000000;0.000000;1582.025269
1192.000000;9785.000000;11088.000000;0.000000;25404.000000;9785.000000;0.000000;1583.419434
1193.000000;9785.000000;11218.000000;0.000000;38128.000000;9785.000000;0.000000;1584.810181
1194.000000;9785.000000;10434.000000;0.000000;19052.000000;9785.000000;0.000000;1586.208496
1195.000000;9785.000000;10480.000000;0.000000;27836.000000;9785.000000;0.000000;1587.596802
1196.000000;9785.000000;10581.000000;0.000000;31875.000000;9785.000000;0.000000;1588.984497
1197.000000;9785.000000;9759.000000;0.000000;27631.000000;9785.000000;0.000000;1590.380249
1198.000000;9785.000000;10703.000000;0.000000;39505.000000;9785.000000;0.000000;1591.651855
1199.000000;9785.000000;9256.000000;0.000000;19522.000000;9785.000000;0.000000;1592.894409
1200.000000;9785.000000;10322.000000;0.000000;23982.000000;9785.000000;0.000000;1594.172607
1201.000000;9785.000000;12369.000000;0.000000;88485.000000;9785.000000;0.000000;1595.678467
1202.000000;9785.000000;10617.000000;0.000000;23968.000000;9785.000000;0.000000;1597.054810
1203.000000;9785.000000;10604.000000;0.000000;30337.000000;9785.000000;0.000000;1598.430786
1204.000000;9785.000000;10434.000000;0.000000;19986.000000;9785.000000;0.000000;1599.812500
1205.000000;9785.000000;10212.000000;0.000000;15229.000000;9785.000000;0.000000;1601.201050
1206.000000;9785.000000;9410.000000;0.000000;41075.000000;9785.000000;0.000000;1602.584351
1207.000000;9785.000000;9579.000000;0.000000;22083.000000;9785.000000;0.000000;1604.074341
1208.000000;9785.000000;11753.000000;0.000000;81110.000000;9785.000000;0.000000;1605.469238
1209.000000;9785.000000;9295.000000;0.000000;23541.000000;9785.000000;0.000000;1606.863525
1210.000000;9785.000000;10194.000000;0.000000;25206.000000;9785.000000;0.000000;1608.289062
1211.000000;9785.000000;10053.000000;0.000000;22194.000000;9785.000000;0.000000;1609.705078
1212.000000;9785.000000;10465.000000;0.000000;20139.000000;9785.000000;0.000000;1611.116699
1213.000000;9785.000000;9353.000000;0.000000;32231.000000;9785.000000;0.000000;1612.516846
1214.000000;9785.000000;10697.000000;0.000000;27966.000000;9785.000000;0.000000;1613.948242
1215.000000;9785.000000;10998.000000;0.000000;35103.000000;9785.000000;0.000000;1615.186523
1216.000000;9785.000000;11282.000000;0.000000;31423.000000;9785.000000;0.000000;1616.421875
1217.000000;9785.000000;9534.000000;0.000000;21029.000000;9785.000000;0.000000;1617.662109
1218.000000;9785.000000;9497.000000;0.000000;22432.000000;9785.000000;0.000000;1618.902832
1219.000000;9785.000000;9651.000000;0.000000;25720.000000;9785.000000;0.000000;1620.172607
1220.000000;9785.000000;10641.000000;0.000000;41818.000000;9785.000000;0.000000;1621.478516
1221.000000;9785.000000;9357.000000;0.000000;32467.000000;9785.000000;0.000000;1623.008057
1222.000000;9785.000000;10906.000000;0.000000;21637.000000;9785.000000;0.000000;1624.479126
1223.000000;9785.000000;10752.000000;0.000000;47668.000000;9785.000000;0.000000;1625.925537
1224.000000;9785.000000;9023.000000;0.000000;13144.000000;9785.000000;0.000000;1627.330688
1225.000000;9785.000000;9370.000000;0.000000;48270.000000;9785.000000;0.000000;1628.731689
1226.000000;9785.000000;11406.000000;0.000000;39151.000000;9785.000000;0.000000;1630.126953
1227.000000;9785.000000;9968.000000;0.000000;26327.000000;9785.000000;0.000000;1631.529053
1228.000000;9785.000000;10021.000000;0.000000;25196.000000;9785.000000;0.000000;1632.926758
1229.000000;9785.000000;11745.000000;0.000000;32292.000000;9785.000000;0.000000;1634.357544
1230.000000;9785.000000;10417.000000;0.000000;43222.000000;9785.000000;0.000000;1635.794556
1231.000000;9785.000000;9503.000000;0.000000;26983.000000;9785.000000;0.000000;1637.208618
1232.000000;9785.000000;9743.000000;0.000000;35690.000000;9785.000000;0.000000;1638.623291
1233.000000;9785.000000;10482.000000;0.000000;36155.000000;9785.000000;0.000000;1640.032837
1234.000000;9785.000000;10952.000000;0.000000;61996.000000;9785.000000;0.000000;1641.403198
1235.000000;9785.000000;10191.000000;0.000000;25305.000000;9785.000000;0.000000;1642.650635
1236.000000;9785.000000;9942.000000;0.000000;21990.000000;9785.000000;0.000000;1643.911987
1237.000000;9785.000000;9236.000000;0.000000;32699.000000;9785.000000;0.000000;1645.161743
1238.000000;9785.000000;11255.000000;0.000000;25651.000000;9785.000000;0.000000;1646.411621
1239.000000;9785.000000;9551.000000;0.000000;26706.000000;9785.000000;0.000000;1647.661011
1240.000000;9785.000000;10851.000000;0.000000;36306.000000;9785.000000;0.000000;1648.899658
1241.000000;9785.000000;10554.000000;0.000000;30976.000000;9785.000000;0.000000;1650.383789
1242.000000;9785.000000;9917.000000;0.000000;44687.000000;9785.000000;0.000000;1651.837036
1243.000000;9785.000000;11481.000000;0.000000;52902.000000;9785.000000;0.000000;1653.346436
1244.000000;9785.000000;10586.000000;0.000000;33972.000000;9785.000000;0.000000;1654.822144
1245.000000;9785.000000;11055.000000;0.000000;34483.000000;9785.000000;0.000000;1656.133179
1246.000000;9785.000000;9227.000000;0.000000;14788.000000;9785.000000;0.000000;1657.503662
1247.000000;9785.000000;9631.000000;0.000000;25970.000000;9785.000000;0.000000;1658.884521
1248.000000;9785.000000;9694.000000;0.000000;30754.000000;9785.000000;0.000000;1660.264404
1249.000000;9785.000000;11046.000000;0.000000;36164.000000;9785.000000;0.000000;1661.648682
1250.000000;9785.000000;10051.000000;0.000000;22685.000000;9785.000000;0.000000;1663.062744
1251.000000;9785.000000;10384.000000;0.000000;54832.000000;9785.000000;0.000000;1664.505981
1252.000000;9785.000000;10974.000000;0.000000;39390.000000;9785.000000;0.000000;1665.893188
1253.000000;9785.000000;11155.000000;0.000000;41830.000000;9785.000000;0.000000;1667.277100
1254.000000;9785.000000;10546.000000;0.000000;36927.000000;9785.000000;0.000000;1668.637329
1255.000000;9785.000000;13182.000000;0.000000;74093.000000;9785.000000;0.000000;1669.872681
1256.000000;9785.000000;10882.000000;0.000000;18958.000000;9785.000000;0.000000;1671.112061
1257.000000;9785.000000;9671.000000;0.000000;23116.000000;9785.000000;0.000000;1672.347046
1258.000000;9785.000000;9368.000000;0.000000;36160.000000;9785.000000;0.000000;1673.580933
1259.000000;9785.000000;10703.000000;0.000000;24963.000000;9785.000000;0.000000;1674.834473
1260.000000;9785.000000;10375.000000;0.000000;20036.000000;9785.000000;0.000000;1676.059570
1261.000000;9785.000000;11228.000000;0.000000;43518.000000;9785.000000;0.000000;1677.551025
1262.000000;9785.000000;10802.000000;0.000000;23325.000000;9785.000000;0.000000;1678.909424
1263.000000;9785.000000;10475.000000;0.000000;58772.000000;9785.000000;0.000000;1680.246582
1264.000000;9785.000000;11779.000000;0.000000;67937.000000;9785.000000;0.000000;1681.597290
1265.000000;9785.000000;10632.000000;0.000000;24966.000000;9785.000000;0.000000;1682.947144
1266.000000;9785.000000;12578.000000;0.000000;63012.000000;9785.000000;0.000000;1684.338379
1267.000000;9785.000000;9758.000000;0.000000;21817.000000;9785.000000;0.000000;1685.703613
1268.000000;9785.000000;10037.000000;0.000000;29762.000000;9785.000000;0.000000;1687.067261
1269.000000;9785.000000;10955.000000;0.000000;43365.000000;9785.000000;0.000000;1688.430908
1270.000000;9785.000000;10125.000000;0.000000;20126.000000;9785.000000;0.000000;1689.807373
1271.000000;9785.000000;9917.000000;0.000000;8904.000000;9785.000000;0.000000;1691.183960
1272.000000;9785.000000;11041.000000;0.000000;39705.000000;9785.000000;0.000000;1692.614746
1273.000000;9785.000000;11259.000000;0.000000;82281.000000;9785.000000;0.000000;1694.020508
1274.000000;9785.000000;10140.000000;0.000000;10245.000000;9785.000000;0.000000;1695.418457
1275.000000;9785.000000;11327.000000;0.000000;44333.000000;9785.000000;0.000000;1696.647095
1276.000000;9785.000000;10892.000000;0.000000;40277.000000;9785.000000;0.000000;1697.853027
1277.000000;9785.000000;10330.000000;0.000000;24365.000000;9785.000000;0.000000;1699.062012
1278.000000;9785.000000;9448.000000;0.000000;15519.000000;9785.000000;0.000000;1700.267334
1279.000000;9785.000000;9364.000000;0.000000;16377.000000;9785.000000;0.000000;1701.472290
1280.000000;9785.000000;9866.000000;0.000000;17230.000000;9785.000000;0.000000;1702.678345
1281.000000;9785.000000;11604.000000;0.000000;45987.000000;9785.000000;0.000000;1704.146484
1282.000000;9785.000000;11349.000000;0.000000;33100.000000;9785.000000;0.000000;1705.502808
1283.000000;9785.000000;8972.000000;0.000000;21301.000000;9785.000000;0.000000;1706.845703
1284.000000;9785.000000;11971.000000;0.000000;34423.000000;9785.000000;0.000000;1708.198242
1285.000000;9785.000000;11115.000000;0.000000;45942.000000;9785.000000;0.000000;1709.536987
1286.000000;9785.000000;10403.000000;0.000000;37415.000000;9785.000000;0.000000;1710.869507
1287.000000;9785.000000;9860.000000;0.000000;15187.000000;9785.000000;0.000000;1712.201904
1288.000000;9785.000000;9558.000000;0.000000;15402.000000;9785.000000;0.000000;1713.532593
1289.000000;9785.000000;11265.000000;0.000000;39953.000000;9785.000000;0.000000;1714.897705
1290.000000;9785.000000;10531.000000;0.000000;38931.000000;9785.000000;0.000000;1716.234985
1291.000000;9785.000000;10535.000000;0.000000;19115.000000;9785.000000;0.000000;1717.598145
1292.000000;9785.000000;9952.000000;0.000000;22417.000000;9785.000000;0.000000;1718.941895
1293.000000;9785.000000;11249.000000;0.000000;94713.000000;9785.000000;0.000000;1720.299561
1294.000000;9785.000000;11299.000000;0.000000;41414.000000;9785.000000;0.000000;1721.922241
1295.000000;9785.000000;10494.000000;0.000000;20031.000000;9785.000000;0.000000;1723.147217
1296.000000;9785.000000;8985.000000;0.000000;48009.000000;9785.000000;0.000000;1724.426392
1297.000000;9785.000000;9398.000000;0.000000;15547.000000;9785.000000;0.000000;1725.619995
1298.000000;9785.000000;11939.000000;0.000000;66256.000000;9785.000000;0.000000;1726.806641
1299.000000;9785.000000;10788.000000;0.000000;23000.000000;9785.000000;0.000000;1727.994385
1300.000000;9785.000000;10996.000000;0.000000;21246.000000;9785.000000;0.000000;1729.179932
1301.000000;9785.000000;11308.000000;0.000000;31571.000000;9785.000000;0.000000;1730.607910
1302.000000;9785.000000;9832.000000;0.000000;24489.000000;9785.000000;0.000000;1731.931641
1303.000000;9785.000000;10082.000000;0.000000;24966.000000;9785.000000;0.000000;1733.248657
1304.000000;9785.000000;9774.000000;0.000000;16201.000000;9785.000000;0.000000;1734.598877
1305.000000;9785.000000;9838.000000;0.000000;12401.000000;9785.000000;0.000000;1735.934448
1306.000000;9785.000000;10606.000000;0.000000;21678.000000;9785.000000;0.000000;1737.274170
1307.000000;9785.000000;10518.000000;0.000000;27036.000000;9785.000000;0.000000;1738.608398
1308.000000;9785.000000;11080.000000;0.000000;52914.000000;9785.000000;0.000000;1739.996826
1309.000000;9785.000000;11006.000000;0.000000;17414.000000;9785.000000;0.000000;1741.336670
1310.000000;9785.000000;10563.000000;0.000000;34361.000000;9785.000000;0.000000;1742.675537
1311.000000;9785.000000;9852.000000;0.000000;25716.000000;9785.000000;0.000000;1744.052856
1312.000000;9785.000000;11752.000000;0.000000;85927.000000;9785.000000;0.000000;1745.433105
1313.000000;9785.000000;10159.000000;0.000000;22992.000000;9785.000000;0.000000;1746.786499
1314.000000;9785.000000;10385.000000;0.000000;32015.000000;9785.000000;0.000000;1748.139038
1315.000000;9785.000000;9141.000000;0.000000;18235.000000;9785.000000;0.000000;1749.467529
1316.000000;9785.000000;10264.000000;0.000000;17394.000000;9785.000000;0.000000;1750.674072
1317.000000;9785.000000;9594.000000;0.000000;52039.000000;9785.000000;0.000000;1751.870605
1318.000000;9785.000000;10487.000000;0.000000;40017.000000;9785.000000;0.000000;1753.080322
1319.000000;9785.000000;10684.000000;0.000000;65359.000000;9785.000000;0.000000;1754.278076
1320.000000;9785.000000;10121.000000;0.000000;28209.000000;9785.000000;0.000000;1755.560547
1321.000000;9785.000000;10576.000000;0.000000;63414.000000;9785.000000;0.000000;1757.012451
1322.000000;9785.000000;10959.000000;0.000000;28747.000000;9785.000000;0.000000;1758.343140
1323.000000;9785.000000;9233.000000;0.000000;28277.000000;9785.000000;0.000000;1759.668701
1324.000000;9785.000000;9189.000000;0.000000;22466.000000;9785.000000;0.000000;1761.011230
1325.000000;9785.000000;10473.000000;0.000000;50813.000000;9785.000000;0.000000;1762.348633
1326.000000;9785.000000;10100.000000;0.000000;17493.000000;9785.000000;0.000000;1763.686157
1327.000000;9785.000000;10919.000000;0.000000;37586.000000;9785.000000;0.000000;1765.060547
1328.000000;9785.000000;11148.000000;0.000000;42132.000000;9785.000000;0.000000;1766.400269
1329.000000;9785.000000;10333.000000;0.000000;43384.000000;9785.000000;0.000000;1767.738403
1330.000000;9785.000000;10880.000000;0.000000;62871.000000;9785.000000;0.000000;1769.078369
1331.000000;9785.000000;9590.000000;0.000000;20844.000000;9785.000000;0.000000;1770.430420
1332.000000;9785.000000;11050.000000;0.000000;26964.000000;9785.000000;0.000000;1771.776611
1333.000000;9785.000000;10706.000000;0.000000;33718.000000;9785.000000;0.000000;1773.122437
1334.000000;9785.000000;10709.000000;0.000000;26542.000000;9785.000000;0.000000;1774.490967
1335.000000;9785.000000;9912.000000;0.000000;28075.000000;9785.000000;0.000000;1775.886353
1336.000000;9785.000000;10145.000000;0.000000;17889.000000;9785.000000;0.000000;1777.248779
1337.000000;9785.000000;10768.000000;0.000000;25578.000000;9785.000000;0.000000;1778.614990
1338.000000;9785.000000;10377.000000;0.000000;26190.000000;9785.000000;0.000000;1779.976196
1339.000000;9785.000000;10141.000000;0.000000;17511.000000;9785.000000;0.000000;1781.218994
1340.000000;9785.000000;10389.000000;0.000000;34188.000000;9785.000000;0.000000;1782.429199
1341.000000;9785.000000;10417.000000;0.000000;30099.000000;9785.000000;0.000000;1783.898682
1342.000000;9785.000000;11873.000000;0.000000;91611.000000;9785.000000;0.000000;1785.265625
1343.000000;9785.000000;9589.000000;0.000000;19868.000000;9785.000000;0.000000;1786.599731
1344.000000;9785.000000;10073.000000;0.000000;21312.000000;9785.000000;0.000000;1787.949707
1345.000000;9785.000000;10445.000000;0.000000;26083.000000;9785.000000;0.000000;1789.299438
1346.000000;9785.000000;11356.000000;0.000000;48193.000000;9785.000000;0.000000;1790.650146
1347.000000;9785.000000;9769.000000;0.000000;27108.000000;9785.000000;0.000000;1792.009277
1348.000000;9785.000000;9665.000000;0.000000;12619.000000;9785.000000;0.000000;1793.368896
1349.000000;9785.000000;10277.000000;0.000000;27298.000000;9785.000000;0.000000;1794.719971
1350.000000;9785.000000;11860.000000;0.000000;28312.000000;9785.000000;0.000000;1796.114136
1351.000000;9785.000000;10914.000000;0.000000;46417.000000;9785.000000;0.000000;1797.490967
1352.000000;9785.000000;10372.000000;0.000000;22231.000000;9785.000000;0.000000;1798.854004
1353.000000;9785.000000;12511.000000;0.000000;81383.000000;9785.000000;0.000000;1800.224976
1354.000000;9785.000000;9747.000000;0.000000;25290.000000;9785.000000;0.000000;1801.597656
1355.000000;9785.000000;10545.000000;0.000000;23521.000000;9785.000000;0.000000;1802.859253
1356.000000;9785.000000;8996.000000;0.000000;53107.000000;9785.000000;0.000000;1804.068970
1357.000000;9785.000000;11616.000000;0.000000;40721.000000;9785.000000;0.000000;1805.321411
1358.000000;9785.000000;10043.000000;0.000000;26710.000000;9785.000000;0.000000;1806.534668
1359.000000;9785.000000;9455.000000;0.000000;23051.000000;9785.000000;0.000000;1807.747803
1360.000000;9785.000000;11565.000000;0.000000;51344.000000;9785.000000;0.000000;1808.963623
1361.000000;9785.000000;11196.000000;0.000000;31698.000000;9785.000000;0.000000;1810.433960
1362.000000;9785.000000;10887.000000;0.000000;31423.000000;9785.000000;0.000000;1811.789185
1363.000000;9785.000000;10756.000000;0.000000;24976.000000;9785.000000;0.000000;1813.136230
1364.000000;9785.000000;10941.000000;0.000000;29728.000000;9785.000000;0.000000;1814.495728
1365.000000;9785.000000;9693.000000;0.000000;28171.000000;9785.000000;0.000000;1815.884033
1366.000000;9785.000000;11836.000000;0.000000;34774.000000;9785.000000;0.000000;1817.245361
1367.000000;9785.000000;10245.000000;0.000000;25955.000000;9785.000000;0.000000;1818.604370
1368.000000;9785.000000;11001.000000;0.000000;38791.000000;9785.000000;0.000000;1819.969849
1369.000000;9785.000000;9723.000000;0.000000;20045.000000;9785.000000;0.000000;1821.330078
1370.000000;9785.000000;10020.000000;0.000000;17041.000000;9785.000000;0.000000;1822.703857
1371.000000;9785.000000;9873.000000;0.000000;19252.000000;9785.000000;0.000000;1824.091187
1372.000000;9785.000000;10064.000000;0.000000;15663.000000;9785.000000;0.000000;1825.493652
1373.000000;9785.000000;10428.000000;0.000000;24550.000000;9785.000000;0.000000;1826.865112
1374.000000;9785.000000;9971.000000;0.000000;17005.000000;9785.000000;0.000000;1828.240234
1375.000000;9785.000000;9678.000000;0.000000;18464.000000;9785.000000;0.000000;1829.506592
1376.000000;9785.000000;12246.000000;0.000000;85792.000000;9785.000000;0.000000;1830.728516
1377.000000;9785.000000;10497.000000;0.000000;16878.000000;9785.000000;0.000000;1831.953613
1378.000000;9785.000000;10330.000000;0.000000;20580.000000;9785.000000;0.000000;1833.178955
1379.000000;9785.000000;10504.000000;0.000000;19628.000000;9785.000000;0.000000;1834.405029
1380.000000;9785.000000;11203.000000;0.000000;88931.000000;9785.000000;0.000000;1835.661133
1381.000000;9785.000000;11088.000000;0.000000;18681.000000;9785.000000;0.000000;1837.266479
1382.000000;9785.000000;12726.000000;0.000000;68727.000000;9785.000000;0.000000;1838.626587
1383.000000;9785.000000;11113.000000;0.000000;34370.000000;9785.000000;0.000000;1839.988403
1384.000000;9785.000000;10589.000000;0.000000;14989.000000;9785.000000;0.000000;1841.361328
1385.000000;9785.000000;9815.000000;0.000000;25711.000000;9785.000000;0.000000;1842.732666
1386.000000;9785.000000;9106.000000;0.000000;27681.000000;9785.000000;0.000000;1844.206787
1387.000000;9785.000000;9403.000000;0.000000;45676.000000;9785.000000;0.000000;1845.602173
1388.000000;9785.000000;11061.000000;0.000000;36449.000000;9785.000000;0.000000;1846.973999
1389.000000;9785.000000;10130.000000;0.000000;21322.000000;9785.000000;0.000000;1848.344727
1390.000000;9785.000000;9410.000000;0.000000;26838.000000;9785.000000;0.000000;1849.748901
1391.000000;9785.000000;11032.000000;0.000000;77686.000000;9785.000000;0.000000;1851.147339
1392.000000;9785.000000;11351.000000;0.000000;26874.000000;9785.000000;0.000000;1852.549194
1393.000000;9785.000000;9175.000000;0.000000;37086.000000;9785.000000;0.000000;1853.950195
1394.000000;9785.000000;10752.000000;0.000000;18016.000000;9785.000000;0.000000;1855.349365
1395.000000;9785.000000;10089.000000;0.000000;24718.000000;9785.000000;0.000000;1856.587158
1396.000000;9785.000000;9837.000000;0.000000;13436.000000;9785.000000;0.000000;1857.816528
1397.000000;9785.000000;10628.000000;0.000000;40262.000000;9785.000000;0.000000;1859.050049
1398.000000;9785.000000;10949.000000;0.000000;23500.000000;9785.000000;0.000000;1860.290283
1399.000000;9785.000000;9225.000000;0.000000;20315.000000;9785.000000;0.000000;1861.531738
1400.000000;9785.000000;10716.000000;0.000000;17392.000000;9785.000000;0.000000;1862.769043
1401.000000;9785.000000;10145.000000;0.000000;6396.000000;9785.000000;0.000000;1864.274536
1402.000000;9785.000000;10460.000000;0.000000;17967.000000;9785.000000;0.000000;1865.688477
1403.000000;9785.000000;10584.000000;0.000000;28031.000000;9785.000000;0.000000;1867.081177
1404.000000;9785.000000;10575.000000;0.000000;49688.000000;9785.000000;0.000000;1868.487427
1405.000000;9785.000000;9391.000000;0.000000;15616.000000;9785.000000;0.000000;1869.884521
1406.000000;9785.000000;9172.000000;0.000000;41567.000000;9785.000000;0.000000;1871.277954
1407.000000;9785.000000;10835.000000;0.000000;29344.000000;9785.000000;0.000000;1872.663208
1408.000000;9785.000000;9960.000000;0.000000;16137.000000;9785.000000;0.000000;1874.045166
1409.000000;9785.000000;10130.000000;0.000000;15057.000000;9785.000000;0.000000;1875.443115
1410.000000;9785.000000;11963.000000;0.000000;39152.000000;9785.000000;0.000000;1876.864258
1411.000000;9785.000000;10913.000000;0.000000;38511.000000;9785.000000;0.000000;1878.269165
1412.000000;9785.000000;11256.000000;0.000000;21491.000000;9785.000000;0.000000;1879.669434
1413.000000;9785.000000;10352.000000;0.000000;30265.000000;9785.000000;0.000000;1881.070557
1414.000000;9785.000000;10122.000000;0.000000;19765.000000;9785.000000;0.000000;1882.468262
1415.000000;9785.000000;11025.000000;0.000000;38420.000000;9785.000000;0.000000;1883.724121
1416.000000;9785.000000;9516.000000;0.000000;18117.000000;9785.000000;0.000000;1884.966919
1417.000000;9785.000000;9339.000000;0.000000;24945.000000;9785.000000;0.000000;1886.296143
1418.000000;9785.000000;10380.000000;0.000000;37753.000000;9785.000000;0.000000;1887.534790
1419.000000;9785.000000;9877.000000;0.000000;25651.000000;9785.000000;0.000000;1888.771118
1420.000000;9785.000000;10136.000000;0.000000;27092.000000;9785.000000;0.000000;1890.014160
1421.000000;9785.000000;11325.000000;0.000000;51293.000000;9785.000000;0.000000;1891.524536
1422.000000;9785.000000;11300.000000;0.000000;31928.000000;9785.000000;0.000000;1892.912231
1423.000000;9785.000000;10580.000000;0.000000;34862.000000;9785.000000;0.000000;1894.295532
1424.000000;9785.000000;9550.000000;0.000000;24809.000000;9785.000000;0.000000;1895.723389
1425.000000;9785.000000;11079.000000;0.000000;32259.000000;9785.000000;0.000000;1897.125366
1426.000000;9785.000000;9620.000000;0.000000;17231.000000;9785.000000;0.000000;1898.528687
1427.000000;9785.000000;10420.000000;0.000000;25120.000000;9785.000000;0.000000;1899.926147
1428.000000;9785.000000;9026.000000;0.000000;19133.000000;9785.000000;0.000000;1901.322510
1429.000000;9785.000000;9758.000000;0.000000;30730.000000;9785.000000;0.000000;1902.718506
1430.000000;9785.000000;10445.000000;0.000000;19634.000000;9785.000000;0.000000;1904.178223
1431.000000;9785.000000;9711.000000;0.000000;28327.000000;9785.000000;0.000000;1905.603271
1432.000000;9785.000000;10761.000000;0.000000;27618.000000;9785.000000;0.000000;1907.025635
1433.000000;9785.000000;9383.000000;0.000000;14911.000000;9785.000000;0.000000;1908.434570
1434.000000;9785.000000;10651.000000;0.000000;28896.000000;9785.000000;0.000000;1909.824463
1435.000000;9785.000000;11834.000000;0.000000;41327.000000;9785.000000;0.000000;1911.086182
1436.000000;9785.000000;10405.000000;0.000000;33407.000000;9785.000000;0.000000;1912.337769
1437.000000;9785.000000;9683.000000;0.000000;30429.000000;9785.000000;0.000000;1913.586426
1438.000000;9785.000000;11006.000000;0.000000;41580.000000;9785.000000;0.000000;1914.836670
1439.000000;9785.000000;9196.000000;0.000000;20569.000000;9785.000000;0.000000;1916.114258
1440.000000;9785.000000;9641.000000;0.000000;17169.000000;9785.000000;0.000000;1917.428101
1441.000000;9785.000000;10523.000000;0.000000;27617.000000;9785.000000;0.000000;1919.359497
1442.000000;9785.000000;10475.000000;0.000000;26896.000000;9785.000000;0.000000;1920.821533
1443.000000;9785.000000;10045.000000;0.000000;41230.000000;9785.000000;0.000000;1922.205322
1444.000000;9785.000000;10736.000000;0.000000;56860.000000;9785.000000;0.000000;1923.636841
1445.000000;9785.000000;10893.000000;0.000000;41337.000000;9785.000000;0.000000;1925.029053
1446.000000;9785.000000;9561.000000;0.000000;26645.000000;9785.000000;0.000000;1926.432495
1447.000000;9785.000000;9572.000000;0.000000;18526.000000;9785.000000;0.000000;1927.811768
1448.000000;9785.000000;9982.000000;0.000000;28433.000000;9785.000000;0.000000;1929.190918
1449.000000;9785.000000;10242.000000;0.000000;29196.000000;9785.000000;0.000000;1930.565308
1450.000000;9785.000000;9561.000000;0.000000;21526.000000;9785.000000;0.000000;1931.976318
1451.000000;9785.000000;9795.000000;0.000000;13967.000000;9785.000000;0.000000;1933.360718
1452.000000;9785.000000;10666.000000;0.000000;27879.000000;9785.000000;0.000000;1934.747559
1453.000000;9785.000000;10298.000000;0.000000;22453.000000;9785.000000;0.000000;1936.149902
1454.000000;9785.000000;10560.000000;0.000000;43799.000000;9785.000000;0.000000;1937.481812
1455.000000;9785.000000;10159.000000;0.000000;32032.000000;9785.000000;0.000000;1938.704468
1456.000000;9785.000000;12126.000000;0.000000;73324.000000;9785.000000;0.000000;1939.926758
1457.000000;9785.000000;10640.000000;0.000000;24873.000000;9785.000000;0.000000;1941.156616
1458.000000;9785.000000;10414.000000;0.000000;17952.000000;9785.000000;0.000000;1942.388916
1459.000000;9785.000000;11556.000000;0.000000;71165.000000;9785.000000;0.000000;1943.617554
1460.000000;9785.000000;11034.000000;0.000000;48217.000000;9785.000000;0.000000;1944.854614
1461.000000;9785.000000;10891.000000;0.000000;27110.000000;9785.000000;0.000000;1946.358887
1462.000000;9785.000000;10388.000000;0.000000;22789.000000;9785.000000;0.000000;1947.722046
1463.000000;9785.000000;10310.000000;0.000000;24865.000000;9785.000000;0.000000;1949.086548
1464.000000;9785.000000;9124.000000;0.000000;31303.000000;9785.000000;0.000000;1950.471436
1465.000000;9785.000000;10117.000000;0.000000;20964.000000;9785.000000;0.000000;1951.864380
1466.000000;9785.000000;10393.000000;0.000000;29808.000000;9785.000000;0.000000;1953.251465
1467.000000;9785.000000;9206.000000;0.000000;35217.000000;9785.000000;0.000000;1954.637451
1468.000000;9785.000000;10631.000000;0.000000;21741.000000;9785.000000;0.000000;1956.039673
1469.000000;9785.000000;11597.000000;0.000000;58647.000000;9785.000000;0.000000;1957.436523
1470.000000;9785.000000;10416.000000;0.000000;29285.000000;9785.000000;0.000000;1958.828125
1471.000000;9785.000000;11324.000000;0.000000;48554.000000;9785.000000;0.000000;1960.211182
1472.000000;9785.000000;9401.000000;0.000000;18704.000000;9785.000000;0.000000;1961.600342
1473.000000;9785.000000;11635.000000;0.000000;62328.000000;9785.000000;0.000000;1963.024170
1474.000000;9785.000000;9519.000000;0.000000;26752.000000;9785.000000;0.000000;1964.454468
1475.000000;9785.000000;9969.000000;0.000000;15150.000000;9785.000000;0.000000;1965.859497
1476.000000;9785.000000;10626.000000;0.000000;15864.000000;9785.000000;0.000000;1967.293823
1477.000000;9785.000000;11804.000000;0.000000;66171.000000;9785.000000;0.000000;1968.670044
1478.000000;9785.000000;9768.000000;0.000000;18196.000000;9785.000000;0.000000;1969.993164
1479.000000;9785.000000;11541.000000;0.000000;38662.000000;9785.000000;0.000000;1971.232910
1480.000000;9785.000000;10074.000000;0.000000;20561.000000;9785.000000;0.000000;1972.479492
1481.000000;9785.000000;10438.000000;0.000000;27714.000000;9785.000000;0.000000;1973.973389
1482.000000;9785.000000;11600.000000;0.000000;43678.000000;9785.000000;0.000000;1975.343872
1483.000000;9785.000000;9604.000000;0.000000;11153.000000;9785.000000;0.000000;1976.743896
1484.000000;9785.000000;10321.000000;0.000000;38164.000000;9785.000000;0.000000;1978.132080
1485.000000;9785.000000;10400.000000;0.000000;41111.000000;9785.000000;0.000000;1979.507324
1486.000000;9785.000000;10548.000000;0.000000;45412.000000;9785.000000;0.000000;1980.882690
1487.000000;9785.000000;9833.000000;0.000000;44921.000000;9785.000000;0.000000;1982.258301
1488.000000;9785.000000;10263.000000;0.000000;50571.000000;9785.000000;0.000000;1983.633301
1489.000000;9785.000000;9450.000000;0.000000;19967.000000;9785.000000;0.000000;1985.007446
1490.000000;9785.000000;8928.000000;0.000000;23709.000000;9785.000000;0.000000;1986.431274
1491.000000;9785.000000;10125.000000;0.000000;26786.000000;9785.000000;0.000000;1987.817871
1492.000000;9785.000000;10127.000000;0.000000;15823.000000;9785.000000;0.000000;1989.200439
1493.000000;9785.000000;10027.000000;0.000000;29821.000000;9785.000000;0.000000;1990.578735
1494.000000;9785.000000;9610.000000;0.000000;20149.000000;9785.000000;0.000000;1991.953735
1495.000000;9785.000000;11333.000000;0.000000;51666.000000;9785.000000;0.000000;1993.193237
1496.000000;9785.000000;11035.000000;0.000000;24016.000000;9785.000000;0.000000;1994.415161
1497.000000;9785.000000;8811.000000;0.000000;19951.000000;9785.000000;0.000000;1995.640625
1498.000000;9785.000000;10350.000000;0.000000;23486.000000;9785.000000;0.000000;1996.894409
1499.000000;9785.000000;9126.000000;0.000000;9557.000000;9785.000000;0.000000;1998.120239
1500.000000;9785.000000;10617.000000;0.000000;26992.000000;9785.000000;0.000000;1999.343018
1501.000000;9785.000000;9695.000000;0.000000;23050.000000;9785.000000;0.000000;2000.819458
1502.000000;9785.000000;9636.000000;0.000000;15480.000000;9785.000000;0.000000;2002.167847
1503.000000;9785.000000;10308.000000;0.000000;21392.000000;9785.000000;0.000000;2003.515991
1504.000000;9785.000000;10579.000000;0.000000;16668.000000;9785.000000;0.000000;2004.875366
1505.000000;9785.000000;11215.000000;0.000000;21635.000000;9785.000000;0.000000;2006.244751
1506.000000;9785.000000;9598.000000;0.000000;19685.000000;9785.000000;0.000000;2007.615234
1507.000000;9785.000000;10919.000000;0.000000;24870.000000;9785.000000;0.000000;2008.971191
1508.000000;9785.000000;10012.000000;0.000000;9881.000000;9785.000000;0.000000;2010.309448
1509.000000;9785.000000;11542.000000;0.000000;29841.000000;9785.000000;0.000000;2011.645508
1510.000000;9785.000000;9946.000000;0.000000;22808.000000;9785.000000;0.000000;2013.001343
1511.000000;9785.000000;9972.000000;0.000000;24635.000000;9785.000000;0.000000;2014.363647
1512.000000;9785.000000;9813.000000;0.000000;33213.000000;9785.000000;0.000000;2015.764038
1513.000000;9785.000000;10571.000000;0.000000;30566.000000;9785.000000;0.000000;2017.142578
1514.000000;9785.000000;10295.000000;0.000000;32773.000000;9785.000000;0.000000;2018.502686
1515.000000;9785.000000;9364.000000;0.000000;18630.000000;9785.000000;0.000000;2019.740601
1516.000000;9785.000000;9642.000000;0.000000;27794.000000;9785.000000;0.000000;2020.934448
1517.000000;9785.000000;11000.000000;0.000000;45510.000000;9785.000000;0.000000;2022.138550
1518.000000;9785.000000;10503.000000;0.000000;26685.000000;9785.000000;0.000000;2023.344727
1519.000000;9785.000000;9575.000000;0.000000;37077.000000;9785.000000;0.000000;2024.581909
1520.000000;9785.000000;10581.000000;0.000000;17090.000000;9785.000000;0.000000;2025.788330
1521.000000;9785.000000;9532.000000;0.000000;24462.000000;9785.000000;0.000000;2027.262817
1522.000000;9785.000000;10317.000000;0.000000;65978.000000;9785.000000;0.000000;2028.594238
1523.000000;9785.000000;10266.000000;0.000000;23961.000000;9785.000000;0.000000;2029.921265
1524.000000;9785.000000;9090.000000;0.000000;14741.000000;9785.000000;0.000000;2031.280640
1525.000000;9785.000000;10936.000000;0.000000;16246.000000;9785.000000;0.000000;2032.624878
1526.000000;9785.000000;10054.000000;0.000000;39196.000000;9785.000000;0.000000;2033.963501
1527.000000;9785.000000;11045.000000;0.000000;19141.000000;9785.000000;0.000000;2035.302856
1528.000000;9785.000000;9993.000000;0.000000;27435.000000;9785.000000;0.000000;2036.671753
1529.000000;9785.000000;10639.000000;0.000000;25431.000000;9785.000000;0.000000;2038.017944
1530.000000;9785.000000;9514.000000;0.000000;28149.000000;9785.000000;0.000000;2039.364990
1531.000000;9785.000000;9765.000000;0.000000;19222.000000;9785.000000;0.000000;2040.751831
1532.000000;9785.000000;9967.000000;0.000000;17257.000000;9785.000000;0.000000;2042.116089
1533.000000;9785.000000;10988.000000;0.000000;43271.000000;9785.000000;0.000000;2043.479736
1534.000000;9785.000000;10086.000000;0.000000;16857.000000;9785.000000;0.000000;2044.844238
1535.000000;9785.000000;9656.000000;0.000000;25574.000000;9785.000000;0.000000;2046.126587
1536.000000;9785.000000;9810.000000;0.000000;14873.000000;9785.000000;0.000000;2047.369385
1537.000000;9785.000000;10847.000000;0.000000;25977.000000;9785.000000;0.000000;2048.580566
1538.000000;9785.000000;11309.000000;0.000000;21455.000000;9785.000000;0.000000;2049.786133
1539.000000;9785.000000;12369.000000;0.000000;70483.000000;9785.000000;0.000000;2051.000000
1540.000000;9785.000000;11950.000000;0.000000;67007.000000;9785.000000;0.000000;2052.206787
1541.000000;9785.000000;11002.000000;0.000000;34642.000000;9785.000000;0.000000;2053.684326
1542.000000;9785.000000;10381.000000;0.000000;48485.000000;9785.000000;0.000000;2055.017578
1543.000000;9785.000000;10683.000000;0.000000;22324.000000;9785.000000;0.000000;2056.355713
1544.000000;9785.000000;9581.000000;0.000000;18397.000000;9785.000000;0.000000;2057.727295
1545.000000;9785.000000;9616.000000;0.000000;16450.000000;9785.000000;0.000000;2059.082031
1546.000000;9785.000000;10196.000000;0.000000;26650.000000;9785.000000;0.000000;2060.440430
1547.000000;9785.000000;9732.000000;0.000000;27147.000000;9785.000000;0.000000;2061.798096
1548.000000;9785.000000;11673.000000;0.000000;39833.000000;9785.000000;0.000000;2063.153564
1549.000000;9785.000000;9923.000000;0.000000;26979.000000;9785.000000;0.000000;2064.507080
1550.000000;9785.000000;9873.000000;0.000000;45422.000000;9785.000000;0.000000;2065.882568
1551.000000;9785.000000;9986.000000;0.000000;13593.000000;9785.000000;0.000000;2067.287354
1552.000000;9785.000000;9769.000000;0.000000;19624.000000;9785.000000;0.000000;2068.657471
1553.000000;9785.000000;9844.000000;0.000000;23859.000000;9785.000000;0.000000;2070.038330
1554.000000;9785.000000;11220.000000;0.000000;41236.000000;9785.000000;0.000000;2071.424561
1555.000000;9785.000000;10381.000000;0.000000;18824.000000;9785.000000;0.000000;2072.665283
1556.000000;9785.000000;9489.000000;0.000000;25976.000000;9785.000000;0.000000;2073.875977
1557.000000;9785.000000;9848.000000;0.000000;18910.000000;9785.000000;0.000000;2075.088379
1558.000000;9785.000000;10169.000000;0.000000;21115.000000;9785.000000;0.000000;2076.302002
1559.000000;9785.000000;9962.000000;0.000000;19287.000000;9785.000000;0.000000;2077.543213
1560.000000;9785.000000;9708.000000;0.000000;22033.000000;9785.000000;0.000000;2078.760742
1561.000000;9785.000000;9145.000000;0.000000;23298.000000;9785.000000;0.000000;2080.222900
1562.000000;9785.000000;10608.000000;0.000000;42703.000000;9785.000000;0.000000;2081.574219
1563.000000;9785.000000;10627.000000;0.000000;46186.000000;9785.000000;0.000000;2082.922852
1564.000000;9785.000000;9221.000000;0.000000;19918.000000;9785.000000;0.000000;2084.384277
1565.000000;9785.000000;9803.000000;0.000000;9129.000000;9785.000000;0.000000;2085.748535
1566.000000;9785.000000;11596.000000;0.000000;73222.000000;9785.000000;0.000000;2087.142578
1567.000000;9785.000000;10260.000000;0.000000;21717.000000;9785.000000;0.000000;2088.504150
1568.000000;9785.000000;9584.000000;0.000000;25991.000000;9785.000000;0.000000;2089.867920
1569.000000;9785.000000;10552.000000;0.000000;27125.000000;9785.000000;0.000000;2091.235596
1570.000000;9785.000000;10343.000000;0.000000;21446.000000;9785.000000;0.000000;2092.630127
1571.000000;9785.000000;10702.000000;0.000000;26577.000000;9785.000000;0.000000;2094.020508
1572.000000;9785.000000;10808.000000;0.000000;56766.000000;9785.000000;0.000000;2095.402100
1573.000000;9785.000000;10918.000000;0.000000;36942.000000;9785.000000;0.000000;2096.783691
1574.000000;9785.000000;11193.000000;0.000000;65125.000000;9785.000000;0.000000;2098.186279
1575.000000;9785.000000;10349.000000;0.000000;40561.000000;9785.000000;0.000000;2099.438477
1576.000000;9785.000000;10931.000000;0.000000;25021.000000;9785.000000;0.000000;2100.661377
1577.000000;9785.000000;11975.000000;0.000000;57989.000000;9785.000000;0.000000;2101.884766
1578.000000;9785.000000;11334.000000;0.000000;30929.000000;9785.000000;0.000000;2103.111084
1579.000000;9785.000000;9872.000000;0.000000;14442.000000;9785.000000;0.000000;2104.334473
1580.000000;9785.000000;10236.000000;0.000000;25287.000000;9785.000000;0.000000;2105.564697
1581.000000;9785.000000;10284.000000;0.000000;24671.000000;9785.000000;0.000000;2107.082764
1582.000000;9785.000000;9302.000000;0.000000;15154.000000;9785.000000;0.000000;2108.446045
1583.000000;9785.000000;11535.000000;0.000000;57433.000000;9785.000000;0.000000;2109.807373
1584.000000;9785.000000;9332.000000;0.000000;21072.000000;9785.000000;0.000000;2111.185547
1585.000000;9785.000000;10319.000000;0.000000;25707.000000;9785.000000;0.000000;2112.557129
1586.000000;9785.000000;9428.000000;0.000000;21855.000000;9785.000000;0.000000;2113.932861
1587.000000;9785.000000;9849.000000;0.000000;20675.000000;9785.000000;0.000000;2115.301514
1588.000000;9785.000000;9594.000000;0.000000;29211.000000;9785.000000;0.000000;2116.670410
1589.000000;9785.000000;10533.000000;0.000000;11617.000000;9785.000000;0.000000;2118.063477
1590.000000;9785.000000;10605.000000;0.000000;20389.000000;9785.000000;0.000000;2119.471680
1591.000000;9785.000000;11103.000000;0.000000;48327.000000;9785.000000;0.000000;2120.859375
1592.000000;9785.000000;10446.000000;0.000000;24802.000000;9785.000000;0.000000;2122.246338
1593.000000;9785.000000;10657.000000;0.000000;20190.000000;9785.000000;0.000000;2123.629150
1594.000000;9785.000000;9317.000000;0.000000;22216.000000;9785.000000;0.000000;2125.012207
1595.000000;9785.000000;9794.000000;0.000000;17644.000000;9785.000000;0.000000;2126.250732
1596.000000;9785.000000;9032.000000;0.000000;70361.000000;9785.000000;0.000000;2127.511719
1597.000000;9785.000000;10457.000000;0.000000;17236.000000;9785.000000;0.000000;2128.736572
1598.000000;9785.000000;11186.000000;0.000000;55210.000000;9785.000000;0.000000;2129.966553
1599.000000;9785.000000;10596.000000;0.000000;31047.000000;9785.000000;0.000000;2131.202148
1600.000000;9785.000000;10038.000000;0.000000;21527.000000;9785.000000;0.000000;2132.531494
1601.000000;9785.000000;11114.000000;0.000000;35487.000000;9785.000000;0.000000;2134.074707
1602.000000;9785.000000;11564.000000;0.000000;69244.000000;9785.000000;0.000000;2135.447754
1603.000000;9785.000000;9886.000000;0.000000;18086.000000;9785.000000;0.000000;2136.954102
1604.000000;9785.000000;9832.000000;0.000000;44013.000000;9785.000000;0.000000;2138.368164
1605.000000;9785.000000;9930.000000;0.000000;21438.000000;9785.000000;0.000000;2139.760010
1606.000000;9785.000000;10607.000000;0.000000;17425.000000;9785.000000;0.000000;2141.144775
1607.000000;9785.000000;9898.000000;0.000000;17342.000000;9785.000000;0.000000;2142.527344
1608.000000;9785.000000;10065.000000;0.000000;32148.000000;9785.000000;0.000000;2143.939453
1609.000000;9785.000000;10004.000000;0.000000;15714.000000;9785.000000;0.000000;2145.349365
1610.000000;9785.000000;10759.000000;0.000000;22594.000000;9785.000000;0.000000;2146.771729
1611.000000;9785.000000;9291.000000;0.000000;22083.000000;9785.000000;0.000000;2148.184814
1612.000000;9785.000000;8990.000000;0.000000;22186.000000;9785.000000;0.000000;2149.568848
1613.000000;9785.000000;10988.000000;0.000000;27974.000000;9785.000000;0.000000;2150.986572
1614.000000;9785.000000;10033.000000;0.000000;20712.000000;9785.000000;0.000000;2152.397217
1615.000000;9785.000000;9794.000000;0.000000;8878.000000;9785.000000;0.000000;2153.803711
1616.000000;9785.000000;9765.000000;0.000000;16378.000000;9785.000000;0.000000;2155.208740
1617.000000;9785.000000;11069.000000;0.000000;46914.000000;9785.000000;0.000000;2156.597656
1618.000000;9785.000000;10056.000000;0.000000;20387.000000;9785.000000;0.000000;2157.870605
1619.000000;9785.000000;10623.000000;0.000000;30064.000000;9785.000000;0.000000;2159.105713
1620.000000;9785.000000;9132.000000;0.000000;23863.000000;9785.000000;0.000000;2160.322266
1621.000000;9785.000000;11847.000000;0.000000;49419.000000;9785.000000;0.000000;2161.782959
1622.000000;9785.000000;10275.000000;0.000000;24637.000000;9785.000000;0.000000;2163.137695
1623.000000;9785.000000;10915.000000;0.000000;22939.000000;9785.000000;0.000000;2164.488525
1624.000000;9785.000000;10732.000000;0.000000;31023.000000;9785.000000;0.000000;2165.851318
1625.000000;9785.000000;10545.000000;0.000000;21463.000000;9785.000000;0.000000;2167.216797
1626.000000;9785.000000;9760.000000;0.000000;21682.000000;9785.000000;0.000000;2168.611572
1627.000000;9785.000000;9495.000000;0.000000;24234.000000;9785.000000;0.000000;2169.980713
1628.000000;9785.000000;10182.000000;0.000000;31497.000000;9785.000000;0.000000;2171.352783
1629.000000;9785.000000;11567.000000;0.000000;82675.000000;9785.000000;0.000000;2172.722412
1630.000000;9785.000000;10160.000000;0.000000;23855.000000;9785.000000;0.000000;2174.099609
1631.000000;9785.000000;11295.000000;0.000000;18962.000000;9785.000000;0.000000;2175.497803
1632.000000;9785.000000;9703.000000;0.000000;27390.000000;9785.000000;0.000000;2176.867432
1633.000000;9785.000000;9618.000000;0.000000;32790.000000;9785.000000;0.000000;2178.273926
1634.000000;9785.000000;9939.000000;0.000000;34100.000000;9785.000000;0.000000;2179.648682
1635.000000;9785.000000;10545.000000;0.000000;15339.000000;9785.000000;0.000000;2180.908203
1636.000000;9785.000000;9428.000000;0.000000;23870.000000;9785.000000;0.000000;2182.124268
1637.000000;9785.000000;11287.000000;0.000000;31116.000000;9785.000000;0.000000;2183.340088
1638.000000;9785.000000;10199.000000;0.000000;25214.000000;9785.000000;0.000000;2184.584229
1639.000000;9785.000000;9775.000000;0.000000;28734.000000;9785.000000;0.000000;2185.816650
1640.000000;9785.000000;11253.000000;0.000000;29884.000000;9785.000000;0.000000;2187.033691
1641.000000;9785.000000;11232.000000;0.000000;37416.000000;9785.000000;0.000000;2188.538086
1642.000000;9785.000000;10754.000000;0.000000;23431.000000;9785.000000;0.000000;2189.900391
1643.000000;9785.000000;10589.000000;0.000000;30708.000000;9785.000000;0.000000;2191.268555
1644.000000;9785.000000;10303.000000;0.000000;25089.000000;9785.000000;0.000000;2192.654297
1645.000000;9785.000000;9243.000000;0.000000;25858.000000;9785.000000;0.000000;2194.048096
1646.000000;9785.000000;10207.000000;0.000000;16146.000000;9785.000000;0.000000;2195.430420
1647.000000;9785.000000;10655.000000;0.000000;28988.000000;9785.000000;0.000000;2196.810303
1648.000000;9785.000000;11231.000000;0.000000;21860.000000;9785.000000;0.000000;2198.227051
1649.000000;9785.000000;11370.000000;0.000000;54288.000000;9785.000000;0.000000;2199.630371
1650.000000;9785.000000;10007.000000;0.000000;18613.000000;9785.000000;0.000000;2201.038574
1651.000000;9785.000000;11216.000000;0.000000;41411.000000;9785.000000;0.000000;2202.436523
1652.000000;9785.000000;10955.000000;0.000000;60602.000000;9785.000000;0.000000;2203.859131
1653.000000;9785.000000;12080.000000;0.000000;61245.000000;9785.000000;0.000000;2205.294922
1654.000000;9785.000000;10523.000000;0.000000;24362.000000;9785.000000;0.000000;2206.680176
1655.000000;9785.000000;8797.000000;0.000000;25911.000000;9785.000000;0.000000;2207.931885
1656.000000;9785.000000;11402.000000;0.000000;38206.000000;9785.000000;0.000000;2209.151123
1657.000000;9785.000000;10984.000000;0.000000;33079.000000;9785.000000;0.000000;2210.369385
1658.000000;9785.000000;9917.000000;0.000000;33061.000000;9785.000000;0.000000;2211.591309
1659.000000;9785.000000;10367.000000;0.000000;20553.000000;9785.000000;0.000000;2212.819580
1660.000000;9785.000000;9877.000000;0.000000;17030.000000;9785.000000;0.000000;2214.046631
1661.000000;9785.000000;9771.000000;0.000000;16428.000000;9785.000000;0.000000;2215.534424
1662.000000;9785.000000;10171.000000;0.000000;18512.000000;9785.000000;0.000000;2216.902832
1663.000000;9785.000000;10216.000000;0.000000;18272.000000;9785.000000;0.000000;2218.304932
1664.000000;9785.000000;10743.000000;0.000000;21398.000000;9785.000000;0.000000;2219.691650
1665.000000;9785.000000;9859.000000;0.000000;27422.000000;9785.000000;0.000000;2221.159668
1666.000000;9785.000000;9181.000000;0.000000;45608.000000;9785.000000;0.000000;2222.561035
1667.000000;9785.000000;9966.000000;0.000000;31512.000000;9785.000000;0.000000;2224.003418
1668.000000;9785.000000;10140.000000;0.000000;26035.000000;9785.000000;0.000000;2225.406494
1669.000000;9785.000000;9896.000000;0.000000;15604.000000;9785.000000;0.000000;2226.796387
1670.000000;9785.000000;10101.000000;0.000000;27908.000000;9785.000000;0.000000;2228.247314
1671.000000;9785.000000;13227.000000;0.000000;99605.000000;9785.000000;0.000000;2229.662109
1672.000000;9785.000000;9869.000000;0.000000;21650.000000;9785.000000;0.000000;2231.069336
1673.000000;9785.000000;10174.000000;0.000000;15996.000000;9785.000000;0.000000;2232.731934
1674.000000;9785.000000;9728.000000;0.000000;24898.000000;9785.000000;0.000000;2234.089844
1675.000000;9785.000000;11156.000000;0.000000;39296.000000;9785.000000;0.000000;2235.329590
1676.000000;9785.000000;10878.000000;0.000000;41238.000000;9785.000000;0.000000;2236.565430
1677.000000;9785.000000;10173.000000;0.000000;29700.000000;9785.000000;0.000000;2238.141113
1678.000000;9785.000000;10899.000000;0.000000;21337.000000;9785.000000;0.000000;2239.479248
1679.000000;9785.000000;9899.000000;0.000000;18497.000000;9785.000000;0.000000;2240.711670
1680.000000;9785.000000;9406.000000;0.000000;24553.000000;9785.000000;0.000000;2241.943604
1681.000000;9785.000000;11030.000000;0.000000;25271.000000;9785.000000;0.000000;2243.453125
1682.000000;9785.000000;11078.000000;0.000000;35516.000000;9785.000000;0.000000;2244.831543
1683.000000;9785.000000;10543.000000;0.000000;26801.000000;9785.000000;0.000000;2246.213135
1684.000000;9785.000000;10496.000000;0.000000;17315.000000;9785.000000;0.000000;2247.607422
1685.000000;9785.000000;10429.000000;0.000000;25574.000000;9785.000000;0.000000;2249.024414
1686.000000;9785.000000;12691.000000;0.000000;81616.000000;9785.000000;0.000000;2250.393799
1687.000000;9785.000000;8974.000000;0.000000;21433.000000;9785.000000;0.000000;2251.762939
1688.000000;9785.000000;9823.000000;0.000000;22076.000000;9785.000000;0.000000;2253.133301
1689.000000;9785.000000;10095.000000;0.000000;12501.000000;9785.000000;0.000000;2254.503174
1690.000000;9785.000000;10619.000000;0.000000;24765.000000;9785.000000;0.000000;2255.902832
1691.000000;9785.000000;9860.000000;0.000000;21690.000000;9785.000000;0.000000;2257.291992
1692.000000;9785.000000;12407.000000;0.000000;88123.000000;9785.000000;0.000000;2258.721924
1693.000000;9785.000000;9816.000000;0.000000;14700.000000;9785.000000;0.000000;2260.103027
1694.000000;9785.000000;10471.000000;0.000000;25542.000000;9785.000000;0.000000;2261.475586
1695.000000;9785.000000;9984.000000;0.000000;26331.000000;9785.000000;0.000000;2262.705322
1696.000000;9785.000000;11106.000000;0.000000;33900.000000;9785.000000;0.000000;2264.015625
1697.000000;9785.000000;10234.000000;0.000000;27519.000000;9785.000000;0.000000;2265.235596
1698.000000;9785.000000;9231.000000;0.000000;39349.000000;9785.000000;0.000000;2266.456787
1699.000000;9785.000000;10048.000000;0.000000;26462.000000;9785.000000;0.000000;2267.677002
1700.000000;9785.000000;8588.000000;0.000000;19807.000000;9785.000000;0.000000;2268.922363
1701.000000;9785.000000;11193.000000;0.000000;19273.000000;9785.000000;0.000000;2270.398438
1702.000000;9785.000000;10095.000000;0.000000;18649.000000;9785.000000;0.000000;2271.781982
1703.000000;9785.000000;9091.000000;0.000000;39569.000000;9785.000000;0.000000;2273.160889
1704.000000;9785.000000;10636.000000;0.000000;26479.000000;9785.000000;0.000000;2274.530518
1705.000000;9785.000000;10460.000000;0.000000;22222.000000;9785.000000;0.000000;2275.948486
1706.000000;9785.000000;9472.000000;0.000000;17507.000000;9785.000000;0.000000;2277.318604
1707.000000;9785.000000;9508.000000;0.000000;25835.000000;9785.000000;0.000000;2278.711670
1708.000000;9785.000000;10338.000000;0.000000;18584.000000;9785.000000;0.000000;2280.087402
1709.000000;9785.000000;9760.000000;0.000000;20030.000000;9785.000000;0.000000;2281.465088
1710.000000;9785.000000;11647.000000;0.000000;61824.000000;9785.000000;0.000000;2282.867920
1711.000000;9785.000000;9666.000000;0.000000;23708.000000;9785.000000;0.000000;2284.272949
1712.000000;9785.000000;11109.000000;0.000000;63000.000000;9785.000000;0.000000;2285.671631
1713.000000;9785.000000;9196.000000;0.000000;52873.000000;9785.000000;0.000000;2287.072021
1714.000000;9785.000000;9033.000000;0.000000;22533.000000;9785.000000;0.000000;2288.501221
1715.000000;9785.000000;10575.000000;0.000000;17473.000000;9785.000000;0.000000;2289.752197
1716.000000;9785.000000;10228.000000;0.000000;29820.000000;9785.000000;0.000000;2290.984863
1717.000000;9785.000000;10596.000000;0.000000;20704.000000;9785.000000;0.000000;2292.212891
1718.000000;9785.000000;11238.000000;0.000000;41090.000000;9785.000000;0.000000;2293.439697
1719.000000;9785.000000;9633.000000;0.000000;19670.000000;9785.000000;0.000000;2294.666504
1720.000000;9785.000000;10725.000000;0.000000;40828.000000;9785.000000;0.000000;2295.890625
1721.000000;9785.000000;9090.000000;0.000000;22289.000000;9785.000000;0.000000;2297.380859
1722.000000;9785.000000;9869.000000;0.000000;10680.000000;9785.000000;0.000000;2298.777588
1723.000000;9785.000000;10875.000000;0.000000;27515.000000;9785.000000;0.000000;2300.144287
1724.000000;9785.000000;9814.000000;0.000000;28437.000000;9785.000000;0.000000;2301.531006
1725.000000;9785.000000;9945.000000;0.000000;24482.000000;9785.000000;0.000000;2302.916992
1726.000000;9785.000000;11998.000000;0.000000;66769.000000;9785.000000;0.000000;2304.298096
1727.000000;9785.000000;10833.000000;0.000000;25298.000000;9785.000000;0.000000;2305.681885
1728.000000;9785.000000;10984.000000;0.000000;26014.000000;9785.000000;0.000000;2307.067383
1729.000000;9785.000000;12273.000000;0.000000;104971.000000;9785.000000;0.000000;2308.482422
1730.000000;9785.000000;10390.000000;0.000000;30183.000000;9785.000000;0.000000;2309.896484
1731.000000;9785.000000;10136.000000;0.000000;33982.000000;9785.000000;0.000000;2311.317383
1732.000000;9785.000000;10581.000000;0.000000;35204.000000;9785.000000;0.000000;2312.726562
1733.000000;9785.000000;9793.000000;0.000000;16154.000000;9785.000000;0.000000;2314.135010
1734.000000;9785.000000;11746.000000;0.000000;65072.000000;9785.000000;0.000000;2315.538818
1735.000000;9785.000000;10907.000000;0.000000;47181.000000;9785.000000;0.000000;2316.797363
1736.000000;9785.000000;9936.000000;0.000000;18310.000000;9785.000000;0.000000;2318.039062
1737.000000;9785.000000;12202.000000;0.000000;101287.000000;9785.000000;0.000000;2319.308105
1738.000000;9785.000000;10074.000000;0.000000;20616.000000;9785.000000;0.000000;2320.547119
1739.000000;9785.000000;11133.000000;0.000000;47053.000000;9785.000000;0.000000;2321.780762
1740.000000;9785.000000;9869.000000;0.000000;16224.000000;9785.000000;0.000000;2323.014404
1741.000000;9785.000000;10576.000000;0.000000;20418.000000;9785.000000;0.000000;2324.587891
1742.000000;9785.000000;11521.000000;0.000000;27918.000000;9785.000000;0.000000;2326.012451
1743.000000;9785.000000;11956.000000;0.000000;95706.000000;9785.000000;0.000000;2327.394531
1744.000000;9785.000000;11041.000000;0.000000;15555.000000;9785.000000;0.000000;2328.826904
1745.000000;9785.000000;9715.000000;0.000000;14987.000000;9785.000000;0.000000;2330.222656
1746.000000;9785.000000;9319.000000;0.000000;33616.000000;9785.000000;0.000000;2331.630859
1747.000000;9785.000000;9664.000000;0.000000;20274.000000;9785.000000;0.000000;2333.014893
1748.000000;9785.000000;10637.000000;0.000000;18554.000000;9785.000000;0.000000;2334.396729
1749.000000;9785.000000;10032.000000;0.000000;22025.000000;9785.000000;0.000000;2335.779297
1750.000000;9785.000000;10183.000000;0.000000;25466.000000;9785.000000;0.000000;2337.193604
1751.000000;9785.000000;10416.000000;0.000000;35047.000000;9785.000000;0.000000;2338.618896
1752.000000;9785.000000;11066.000000;0.000000;45982.000000;9785.000000;0.000000;2339.999023
1753.000000;9785.000000;9287.000000;0.000000;26081.000000;9785.000000;0.000000;2341.373535
1754.000000;9785.000000;10785.000000;0.000000;36689.000000;9785.000000;0.000000;2342.736572
1755.000000;9785.000000;10494.000000;0.000000;35970.000000;9785.000000;0.000000;2343.962646
1756.000000;9785.000000;11755.000000;0.000000;44485.000000;9785.000000;0.000000;2345.171143
1757.000000;9785.000000;10998.000000;0.000000;37835.000000;9785.000000;0.000000;2346.387207
1758.000000;9785.000000;10510.000000;0.000000;44769.000000;9785.000000;0.000000;2347.603271
1759.000000;9785.000000;10990.000000;0.000000;21714.000000;9785.000000;0.000000;2348.864258
1760.000000;9785.000000;10279.000000;0.000000;21253.000000;9785.000000;0.000000;2350.080078
1761.000000;9785.000000;11719.000000;0.000000;68533.000000;9785.000000;0.000000;2351.549316
1762.000000;9785.000000;10750.000000;0.000000;37832.000000;9785.000000;0.000000;2352.905273
1763.000000;9785.000000;9804.000000;0.000000;34674.000000;9785.000000;0.000000;2354.255859
1764.000000;9785.000000;9692.000000;0.000000;22672.000000;9785.000000;0.000000;2355.619873
1765.000000;9785.000000;9626.000000;0.000000;12357.000000;9785.000000;0.000000;2356.991455
1766.000000;9785.000000;10485.000000;0.000000;17229.000000;9785.000000;0.000000;2358.353027
1767.000000;9785.000000;10803.000000;0.000000;29675.000000;9785.000000;0.000000;2359.741455
1768.000000;9785.000000;10689.000000;0.000000;14621.000000;9785.000000;0.000000;2361.100830
1769.000000;9785.000000;10272.000000;0.000000;16767.000000;9785.000000;0.000000;2362.467773
1770.000000;9785.000000;10802.000000;0.000000;47149.000000;9785.000000;0.000000;2363.851074
1771.000000;9785.000000;9526.000000;0.000000;28279.000000;9785.000000;0.000000;2365.241699
1772.000000;9785.000000;11651.000000;0.000000;83033.000000;9785.000000;0.000000;2366.625732
1773.000000;9785.000000;11383.000000;0.000000;44703.000000;9785.000000;0.000000;2368.012207
1774.000000;9785.000000;10925.000000;0.000000;51176.000000;9785.000000;0.000000;2369.431152
1775.000000;9785.000000;8970.000000;0.000000;23696.000000;9785.000000;0.000000;2370.681641
1776.000000;9785.000000;10051.000000;0.000000;12896.000000;9785.000000;0.000000;2371.905273
1777.000000;9785.000000;10250.000000;0.000000;21407.000000;9785.000000;0.000000;2373.129639
1778.000000;9785.000000;10969.000000;0.000000;44378.000000;9785.000000;0.000000;2374.351807
1779.000000;9785.000000;10364.000000;0.000000;37609.000000;9785.000000;0.000000;2375.574707
1780.000000;9785.000000;11426.000000;0.000000;48141.000000;9785.000000;0.000000;2376.799561
1781.000000;9785.000000;11111.000000;0.000000;44745.000000;9785.000000;0.000000;2378.285400
1782.000000;9785.000000;9959.000000;0.000000;14402.000000;9785.000000;0.000000;2379.684814
1783.000000;9785.000000;10251.000000;0.000000;24705.000000;9785.000000;0.000000;2381.052734
1784.000000;9785.000000;12748.000000;0.000000;83159.000000;9785.000000;0.000000;2382.434326
1785.000000;9785.000000;9492.000000;0.000000;27885.000000;9785.000000;0.000000;2383.833984
1786.000000;9785.000000;11221.000000;0.000000;30149.000000;9785.000000;0.000000;2385.227295
1787.000000;9785.000000;10141.000000;0.000000;15690.000000;9785.000000;0.000000;2386.607666
1788.000000;9785.000000;9709.000000;0.000000;14959.000000;9785.000000;0.000000;2387.984863
1789.000000;9785.000000;9623.000000;0.000000;18068.000000;9785.000000;0.000000;2389.394287
1790.000000;9785.000000;13020.000000;0.000000;55523.000000;9785.000000;0.000000;2390.799561
1791.000000;9785.000000;10943.000000;0.000000;29195.000000;9785.000000;0.000000;2392.202148
1792.000000;9785.000000;12238.000000;0.000000;86822.000000;9785.000000;0.000000;2393.601562
1793.000000;9785.000000;9885.000000;0.000000;17455.000000;9785.000000;0.000000;2394.996094
1794.000000;9785.000000;12449.000000;0.000000;76108.000000;9785.000000;0.000000;2396.382568
1795.000000;9785.000000;11446.000000;0.000000;69040.000000;9785.000000;0.000000;2397.621094
1796.000000;9785.000000;9132.000000;0.000000;23234.000000;9785.000000;0.000000;2398.850342
1797.000000;9785.000000;10540.000000;0.000000;25144.000000;9785.000000;0.000000;2400.059570
1798.000000;9785.000000;10471.000000;0.000000;7708.000000;9785.000000;0.000000;2401.255615
1799.000000;9785.000000;9586.000000;0.000000;33649.000000;9785.000000;0.000000;2402.454834
1800.000000;9785.000000;10684.000000;0.000000;19817.000000;9785.000000;0.000000;2403.652832
1801.000000;9785.000000;10196.000000;0.000000;34400.000000;9785.000000;0.000000;2405.110352
1802.000000;9785.000000;10234.000000;0.000000;38017.000000;9785.000000;0.000000;2406.502197
1803.000000;9785.000000;11496.000000;0.000000;63158.000000;9785.000000;0.000000;2407.847900
1804.000000;9785.000000;10651.000000;0.000000;31069.000000;9785.000000;0.000000;2409.234131
1805.000000;9785.000000;10306.000000;0.000000;43717.000000;9785.000000;0.000000;2410.614746
1806.000000;9785.000000;10873.000000;0.000000;21264.000000;9785.000000;0.000000;2411.978271
1807.000000;9785.000000;10581.000000;0.000000;55167.000000;9785.000000;0.000000;2413.340332
1808.000000;9785.000000;9495.000000;0.000000;20174.000000;9785.000000;0.000000;2414.698486
1809.000000;9785.000000;9926.000000;0.000000;15285.000000;9785.000000;0.000000;2416.055420
1810.000000;9785.000000;10507.000000;0.000000;31578.000000;9785.000000;0.000000;2417.433105
1811.000000;9785.000000;11021.000000;0.000000;20711.000000;9785.000000;0.000000;2418.819336
1812.000000;9785.000000;9270.000000;0.000000;30709.000000;9785.000000;0.000000;2420.219482
1813.000000;9785.000000;10558.000000;0.000000;23053.000000;9785.000000;0.000000;2421.594482
1814.000000;9785.000000;10401.000000;0.000000;57852.000000;9785.000000;0.000000;2422.965332
1815.000000;9785.000000;9713.000000;0.000000;28322.000000;9785.000000;0.000000;2424.210938
1816.000000;9785.000000;9508.000000;0.000000;23956.000000;9785.000000;0.000000;2425.422852
1817.000000;9785.000000;10492.000000;0.000000;26211.000000;9785.000000;0.000000;2426.633301
1818.000000;9785.000000;11184.000000;0.000000;58753.000000;9785.000000;0.000000;2427.841553
1819.000000;9785.000000;11142.000000;0.000000;17309.000000;9785.000000;0.000000;2429.072510
1820.000000;9785.000000;8798.000000;0.000000;21643.000000;9785.000000;0.000000;2430.305908
1821.000000;9785.000000;10382.000000;0.000000;25763.000000;9785.000000;0.000000;2431.786865
1822.000000;9785.000000;10487.000000;0.000000;28115.000000;9785.000000;0.000000;2433.150391
1823.000000;9785.000000;10438.000000;0.000000;33291.000000;9785.000000;0.000000;2434.519531
1824.000000;9785.000000;9898.000000;0.000000;20790.000000;9785.000000;0.000000;2435.891602
1825.000000;9785.000000;10758.000000;0.000000;36310.000000;9785.000000;0.000000;2437.361816
1826.000000;9785.000000;9298.000000;0.000000;14137.000000;9785.000000;0.000000;2438.735107
1827.000000;9785.000000;10548.000000;0.000000;17284.000000;9785.000000;0.000000;2440.122559
1828.000000;9785.000000;10368.000000;0.000000;21245.000000;9785.000000;0.000000;2441.513672
1829.000000;9785.000000;9655.000000;0.000000;23584.000000;9785.000000;0.000000;2442.945801
1830.000000;9785.000000;10470.000000;0.000000;22240.000000;9785.000000;0.000000;2444.588867
1831.000000;9785.000000;10688.000000;0.000000;25400.000000;9785.000000;0.000000;2445.972656
1832.000000;9785.000000;11125.000000;0.000000;42799.000000;9785.000000;0.000000;2447.349609
1833.000000;9785.000000;8779.000000;0.000000;71174.000000;9785.000000;0.000000;2448.727783
1834.000000;9785.000000;9526.000000;0.000000;14371.000000;9785.000000;0.000000;2450.092773
1835.000000;9785.000000;9750.000000;0.000000;25410.000000;9785.000000;0.000000;2451.307373
1836.000000;9785.000000;11093.000000;0.000000;27977.000000;9785.000000;0.000000;2452.535645
1837.000000;9785.000000;10656.000000;0.000000;33364.000000;9785.000000;0.000000;2453.755615
1838.000000;9785.000000;11228.000000;0.000000;45327.000000;9785.000000;0.000000;2454.969727
1839.000000;9785.000000;12649.000000;0.000000;67510.000000;9785.000000;0.000000;2456.187500
1840.000000;9785.000000;10261.000000;0.000000;15174.000000;9785.000000;0.000000;2457.414307
1841.000000;9785.000000;12205.000000;0.000000;58275.000000;9785.000000;0.000000;2458.894775
1842.000000;9785.000000;9019.000000;0.000000;38874.000000;9785.000000;0.000000;2460.295654
1843.000000;9785.000000;10747.000000;0.000000;24184.000000;9785.000000;0.000000;2461.672852
1844.000000;9785.000000;9185.000000;0.000000;21091.000000;9785.000000;0.000000;2463.057617
1845.000000;9785.000000;11615.000000;0.000000;60374.000000;9785.000000;0.000000;2464.441895
1846.000000;9785.000000;8717.000000;0.000000;63232.000000;9785.000000;0.000000;2465.828369
1847.000000;9785.000000;9502.000000;0.000000;35449.000000;9785.000000;0.000000;2467.213135
1848.000000;9785.000000;10955.000000;0.000000;35546.000000;9785.000000;0.000000;2468.598389
1849.000000;9785.000000;10311.000000;0.000000;17123.000000;9785.000000;0.000000;2470.000000
1850.000000;9785.000000;10455.000000;0.000000;44769.000000;9785.000000;0.000000;2471.415527
1851.000000;9785.000000;10965.000000;0.000000;48486.000000;9785.000000;0.000000;2472.819824
1852.000000;9785.000000;9477.000000;0.000000;21851.000000;9785.000000;0.000000;2474.219482
1853.000000;9785.000000;9765.000000;0.000000;13620.000000;9785.000000;0.000000;2475.616943
1854.000000;9785.000000;9260.000000;0.000000;23795.000000;9785.000000;0.000000;2477.010010
1855.000000;9785.000000;9812.000000;0.000000;16958.000000;9785.000000;0.000000;2478.250977
1856.000000;9785.000000;10078.000000;0.000000;24642.000000;9785.000000;0.000000;2479.501953
1857.000000;9785.000000;10270.000000;0.000000;18546.000000;9785.000000;0.000000;2480.738525
1858.000000;9785.000000;9108.000000;0.000000;35198.000000;9785.000000;0.000000;2481.968262
1859.000000;9785.000000;10346.000000;0.000000;22438.000000;9785.000000;0.000000;2483.199219
1860.000000;9785.000000;10613.000000;0.000000;46668.000000;9785.000000;0.000000;2484.436279
1861.000000;9785.000000;14247.000000;0.000000;120860.000000;9785.000000;0.000000;2485.936768
1862.000000;9785.000000;11815.000000;0.000000;66361.000000;9785.000000;0.000000;2487.305664
1863.000000;9785.000000;9671.000000;0.000000;17893.000000;9785.000000;0.000000;2488.677979
1864.000000;9785.000000;10321.000000;0.000000;25742.000000;9785.000000;0.000000;2490.092041
1865.000000;9785.000000;10883.000000;0.000000;55231.000000;9785.000000;0.000000;2491.491699
1866.000000;9785.000000;11103.000000;0.000000;54509.000000;9785.000000;0.000000;2492.891602
1867.000000;9785.000000;9460.000000;0.000000;20207.000000;9785.000000;0.000000;2494.285400
1868.000000;9785.000000;10466.000000;0.000000;17020.000000;9785.000000;0.000000;2495.681885
1869.000000;9785.000000;10705.000000;0.000000;61546.000000;9785.000000;0.000000;2497.078369
1870.000000;9785.000000;9200.000000;0.000000;19110.000000;9785.000000;0.000000;2498.503662
1871.000000;9785.000000;12348.000000;0.000000;106438.000000;9785.000000;0.000000;2499.953125
1872.000000;9785.000000;10388.000000;0.000000;21103.000000;9785.000000;0.000000;2501.360352
1873.000000;9785.000000;9856.000000;0.000000;12871.000000;9785.000000;0.000000;2502.770264
1874.000000;9785.000000;11562.000000;0.000000;47565.000000;9785.000000;0.000000;2504.201904
1875.000000;9785.000000;10314.000000;0.000000;28922.000000;9785.000000;0.000000;2505.496094
1876.000000;9785.000000;10227.000000;0.000000;26342.000000;9785.000000;0.000000;2506.736572
1877.000000;9785.000000;11422.000000;0.000000;46198.000000;9785.000000;0.000000;2507.972168
1878.000000;9785.000000;9956.000000;0.000000;33411.000000;9785.000000;0.000000;2509.204590
1879.000000;9785.000000;10220.000000;0.000000;27453.000000;9785.000000;0.000000;2510.456543
1880.000000;9785.000000;12203.000000;0.000000;81833.000000;9785.000000;0.000000;2511.692627
1881.000000;9785.000000;9253.000000;0.000000;20785.000000;9785.000000;0.000000;2513.208252
1882.000000;9785.000000;10658.000000;0.000000;16564.000000;9785.000000;0.000000;2514.587158
1883.000000;9785.000000;9919.000000;0.000000;17799.000000;9785.000000;0.000000;2515.970215
1884.000000;9785.000000;9360.000000;0.000000;23064.000000;9785.000000;0.000000;2517.358398
1885.000000;9785.000000;10010.000000;0.000000;18939.000000;9785.000000;0.000000;2518.751465
1886.000000;9785.000000;9973.000000;0.000000;27634.000000;9785.000000;0.000000;2520.144043
1887.000000;9785.000000;10774.000000;0.000000;40294.000000;9785.000000;0.000000;2521.577393
1888.000000;9785.000000;9593.000000;0.000000;9863.000000;9785.000000;0.000000;2522.942871
1889.000000;9785.000000;9580.000000;0.000000;8379.000000;9785.000000;0.000000;2524.341309
1890.000000;9785.000000;10450.000000;0.000000;19245.000000;9785.000000;0.000000;2525.723145
1891.000000;9785.000000;9528.000000;0.000000;15623.000000;9785.000000;0.000000;2527.094727
1892.000000;9785.000000;9534.000000;0.000000;22914.000000;9785.000000;0.000000;2528.464844
1893.000000;9785.000000;10891.000000;0.000000;25900.000000;9785.000000;0.000000;2529.902344
1894.000000;9785.000000;10105.000000;0.000000;27255.000000;9785.000000;0.000000;2531.297607
1895.000000;9785.000000;10604.000000;0.000000;27838.000000;9785.000000;0.000000;2532.684570
1896.000000;9785.000000;10245.000000;0.000000;16885.000000;9785.000000;0.000000;2534.070557
1897.000000;9785.000000;9874.000000;0.000000;13216.000000;9785.000000;0.000000;2535.461670
1898.000000;9785.000000;10701.000000;0.000000;27347.000000;9785.000000;0.000000;2536.683350
1899.000000;9785.000000;10384.000000;0.000000;19604.000000;9785.000000;0.000000;2537.902100
1900.000000;9785.000000;9711.000000;0.000000;29217.000000;9785.000000;0.000000;2539.120850
1901.000000;9785.000000;9606.000000;0.000000;31088.000000;9785.000000;0.000000;2540.611328
1902.000000;9785.000000;9881.000000;0.000000;19111.000000;9785.000000;0.000000;2541.976074
1903.000000;9785.000000;11669.000000;0.000000;51350.000000;9785.000000;0.000000;2543.337402
1904.000000;9785.000000;10778.000000;0.000000;18730.000000;9785.000000;0.000000;2544.708008
1905.000000;9785.000000;11280.000000;0.000000;27840.000000;9785.000000;0.000000;2546.078369
1906.000000;9785.000000;11551.000000;0.000000;56708.000000;9785.000000;0.000000;2547.448730
1907.000000;9785.000000;10637.000000;0.000000;58931.000000;9785.000000;0.000000;2548.819336
1908.000000;9785.000000;11391.000000;0.000000;55718.000000;9785.000000;0.000000;2550.225098
1909.000000;9785.000000;10215.000000;0.000000;15267.000000;9785.000000;0.000000;2551.603516
1910.000000;9785.000000;10657.000000;0.000000;22798.000000;9785.000000;0.000000;2552.999756
1911.000000;9785.000000;10189.000000;0.000000;23169.000000;9785.000000;0.000000;2554.413330
1912.000000;9785.000000;11044.000000;0.000000;30487.000000;9785.000000;0.000000;2555.824707
1913.000000;9785.000000;10304.000000;0.000000;18076.000000;9785.000000;0.000000;2557.404785
1914.000000;9785.000000;11501.000000;0.000000;63531.000000;9785.000000;0.000000;2558.883057
1915.000000;9785.000000;9260.000000;0.000000;28933.000000;9785.000000;0.000000;2560.155762
1916.000000;9785.000000;10154.000000;0.000000;14806.000000;9785.000000;0.000000;2561.974121
1917.000000;9785.000000;12416.000000;0.000000;49961.000000;9785.000000;0.000000;2563.499512
1918.000000;9785.000000;10325.000000;0.000000;13418.000000;9785.000000;0.000000;2564.978027
1919.000000;9785.000000;9588.000000;0.000000;19038.000000;9785.000000;0.000000;2566.368408
1920.000000;9785.000000;10654.000000;0.000000;16254.000000;9785.000000;0.000000;2567.743164
1921.000000;9785.000000;9104.000000;0.000000;21035.000000;9785.000000;0.000000;2569.113770
1922.000000;9785.000000;11448.000000;0.000000;22789.000000;9785.000000;0.000000;2570.494385
1923.000000;9785.000000;9105.000000;0.000000;24189.000000;9785.000000;0.000000;2571.879883
1924.000000;9785.000000;10567.000000;0.000000;27963.000000;9785.000000;0.000000;2573.262939
1925.000000;9785.000000;8816.000000;0.000000;34519.000000;9785.000000;0.000000;2574.644043
1926.000000;9785.000000;10572.000000;0.000000;31995.000000;9785.000000;0.000000;2576.024658
1927.000000;9785.000000;10985.000000;0.000000;48042.000000;9785.000000;0.000000;2577.404297
1928.000000;9785.000000;9259.000000;0.000000;53424.000000;9785.000000;0.000000;2578.787354
1929.000000;9785.000000;11874.000000;0.000000;53511.000000;9785.000000;0.000000;2580.207031
1930.000000;9785.000000;9284.000000;0.000000;18104.000000;9785.000000;0.000000;2581.645264
1931.000000;9785.000000;10782.000000;0.000000;22999.000000;9785.000000;0.000000;2583.057861
1932.000000;9785.000000;10604.000000;0.000000;43755.000000;9785.000000;0.000000;2584.469971
1933.000000;9785.000000;9762.000000;0.000000;20062.000000;9785.000000;0.000000;2585.880615
1934.000000;9785.000000;11533.000000;0.000000;48963.000000;9785.000000;0.000000;2587.183350
1935.000000;9785.000000;11384.000000;0.000000;81054.000000;9785.000000;0.000000;2588.439453
1936.000000;9785.000000;11153.000000;0.000000;47985.000000;9785.000000;0.000000;2589.682373
1937.000000;9785.000000;9417.000000;0.000000;15533.000000;9785.000000;0.000000;2590.959473
1938.000000;9785.000000;11632.000000;0.000000;46808.000000;9785.000000;0.000000;2592.202393
1939.000000;9785.000000;10384.000000;0.000000;17199.000000;9785.000000;0.000000;2593.444824
1940.000000;9785.000000;11218.000000;0.000000;56673.000000;9785.000000;0.000000;2594.685791
1941.000000;9785.000000;11604.000000;0.000000;60600.000000;9785.000000;0.000000;2596.195312
1942.000000;9785.000000;9616.000000;0.000000;24668.000000;9785.000000;0.000000;2597.575195
1943.000000;9785.000000;10754.000000;0.000000;18956.000000;9785.000000;0.000000;2598.956543
1944.000000;9785.000000;10978.000000;0.000000;28911.000000;9785.000000;0.000000;2600.373535
1945.000000;9785.000000;9453.000000;0.000000;15300.000000;9785.000000;0.000000;2601.774170
1946.000000;9785.000000;10131.000000;0.000000;28309.000000;9785.000000;0.000000;2603.166504
1947.000000;9785.000000;9224.000000;0.000000;18347.000000;9785.000000;0.000000;2604.560059
1948.000000;9785.000000;10502.000000;0.000000;21268.000000;9785.000000;0.000000;2605.952637
1949.000000;9785.000000;10284.000000;0.000000;21676.000000;9785.000000;0.000000;2607.344238
1950.000000;9785.000000;13544.000000;0.000000;103343.000000;9785.000000;0.000000;2608.770752
1951.000000;9785.000000;10053.000000;0.000000;20068.000000;9785.000000;0.000000;2610.162598
1952.000000;9785.000000;12901.000000;0.000000;62783.000000;9785.000000;0.000000;2611.561768
1953.000000;9785.000000;10650.000000;0.000000;29502.000000;9785.000000;0.000000;2612.936035
1954.000000;9785.000000;9884.000000;0.000000;22691.000000;9785.000000;0.000000;2614.304688
1955.000000;9785.000000;11068.000000;0.000000;36819.000000;9785.000000;0.000000;2615.537842
1956.000000;9785.000000;11820.000000;0.000000;63264.000000;9785.000000;0.000000;2616.759766
1957.000000;9785.000000;11844.000000;0.000000;43595.000000;9785.000000;0.000000;2617.980713
1958.000000;9785.000000;11470.000000;0.000000;41538.000000;9785.000000;0.000000;2619.205322
1959.000000;9785.000000;10350.000000;0.000000;17314.000000;9785.000000;0.000000;2620.448486
1960.000000;9785.000000;10148.000000;0.000000;27980.000000;9785.000000;0.000000;2621.670410
1961.000000;9785.000000;9695.000000;0.000000;20733.000000;9785.000000;0.000000;2623.246582
1962.000000;9785.000000;10160.000000;0.000000;21388.000000;9785.000000;0.000000;2624.685547
1963.000000;9785.000000;9880.000000;0.000000;33925.000000;9785.000000;0.000000;2626.058594
1964.000000;9785.000000;11438.000000;0.000000;25709.000000;9785.000000;0.000000;2627.428955
1965.000000;9785.000000;10213.000000;0.000000;24673.000000;9785.000000;0.000000;2628.798828
1966.000000;9785.000000;11174.000000;0.000000;79126.000000;9785.000000;0.000000;2630.169678
1967.000000;9785.000000;10625.000000;0.000000;39814.000000;9785.000000;0.000000;2631.568848
1968.000000;9785.000000;10345.000000;0.000000;42423.000000;9785.000000;0.000000;2632.941406
1969.000000;9785.000000;10020.000000;0.000000;20107.000000;9785.000000;0.000000;2634.309814
1970.000000;9785.000000;10510.000000;0.000000;17108.000000;9785.000000;0.000000;2635.707520
1971.000000;9785.000000;10163.000000;0.000000;23013.000000;9785.000000;0.000000;2637.095703
1972.000000;9785.000000;11297.000000;0.000000;63212.000000;9785.000000;0.000000;2638.479980
1973.000000;9785.000000;11408.000000;0.000000;34969.000000;9785.000000;0.000000;2639.872314
1974.000000;9785.000000;10629.000000;0.000000;21488.000000;9785.000000;0.000000;2641.291992
1975.000000;9785.000000;9653.000000;0.000000;25076.000000;9785.000000;0.000000;2642.523193
1976.000000;9785.000000;11641.000000;0.000000;40197.000000;9785.000000;0.000000;2643.747070
1977.000000;9785.000000;9783.000000;0.000000;29714.000000;9785.000000;0.000000;2644.978271
1978.000000;9785.000000;10954.000000;0.000000;44477.000000;9785.000000;0.000000;2646.212402
1979.000000;9785.000000;11802.000000;0.000000;48533.000000;9785.000000;0.000000;2647.444580
1980.000000;9785.000000;10625.000000;0.000000;22203.000000;9785.000000;0.000000;2648.677490
1981.000000;9785.000000;9190.000000;0.000000;19528.000000;9785.000000;0.000000;2650.182617
1982.000000;9785.000000;8811.000000;0.000000;24129.000000;9785.000000;0.000000;2651.577881
1983.000000;9785.000000;10815.000000;0.000000;27441.000000;9785.000000;0.000000;2652.945312
1984.000000;9785.000000;10298.000000;0.000000;31477.000000;9785.000000;0.000000;2654.345947
1985.000000;9785.000000;9601.000000;0.000000;13846.000000;9785.000000;0.000000;2655.949951
1986.000000;9785.000000;9572.000000;0.000000;20142.000000;9785.000000;0.000000;2657.340332
1987.000000;9785.000000;10348.000000;0.000000;34963.000000;9785.000000;0.000000;2658.721924
1988.000000;9785.000000;10648.000000;0.000000;20396.000000;9785.000000;0.000000;2660.123291
1989.000000;9785.000000;10309.000000;0.000000;21600.000000;9785.000000;0.000000;2661.513428
1990.000000;9785.000000;9867.000000;0.000000;39764.000000;9785.000000;0.000000;2662.921875
1991.000000;9785.000000;10640.000000;0.000000;37086.000000;9785.000000;0.000000;2664.310303
1992.000000;9785.000000;9857.000000;0.000000;19247.000000;9785.000000;0.000000;2665.790283
1993.000000;9785.000000;12108.000000;0.000000;71551.000000;9785.000000;0.000000;2667.194824
1994.000000;9785.000000;9248.000000;0.000000;18541.000000;9785.000000;0.000000;2668.551514
1995.000000;9785.000000;9905.000000;0.000000;15931.000000;9785.000000;0.000000;2669.833252
1996.000000;9785.000000;9955.000000;0.000000;13728.000000;9785.000000;0.000000;2671.075928
1997.000000;9785.000000;10841.000000;0.000000;16488.000000;9785.000000;0.000000;2672.302979
1998.000000;9785.000000;10280.000000;0.000000;18665.000000;9785.000000;0.000000;2673.509277
1999.000000;9785.000000;10847.000000;0.000000;74614.000000;9785.000000;0.000000;2674.720947
2000.000000;9785.000000;10594.000000;0.000000;33590.000000;9785.000000;0.000000;2675.935303
2001.000000;9785.000000;11602.000000;0.000000;28491.000000;9785.000000;0.000000;2677.417236
2002.000000;9785.000000;10523.000000;0.000000;46808.000000;9785.000000;0.000000;2678.767090
2003.000000;9785.000000;9340.000000;0.000000;25277.000000;9785.000000;0.000000;2680.117920
2004.000000;9785.000000;10375.000000;0.000000;13027.000000;9785.000000;0.000000;2681.505859
2005.000000;9785.000000;11192.000000;0.000000;60737.000000;9785.000000;0.000000;2682.871582
2006.000000;9785.000000;10344.000000;0.000000;39454.000000;9785.000000;0.000000;2684.341553
2007.000000;9785.000000;9330.000000;0.000000;17894.000000;9785.000000;0.000000;2685.697510
2008.000000;9785.000000;11862.000000;0.000000;54675.000000;9785.000000;0.000000;2687.046387
2009.000000;9785.000000;10258.000000;0.000000;30651.000000;9785.000000;0.000000;2688.398438
2010.000000;9785.000000;10513.000000;0.000000;20342.000000;9785.000000;0.000000;2689.776367
2011.000000;9785.000000;9626.000000;0.000000;20538.000000;9785.000000;0.000000;2691.172363
2012.000000;9785.000000;10434.000000;0.000000;23158.000000;9785.000000;0.000000;2692.549316
2013.000000;9785.000000;10233.000000;0.000000;38611.000000;9785.000000;0.000000;2693.914551
2014.000000;9785.000000;9625.000000;0.000000;24568.000000;9785.000000;0.000000;2695.288330
2015.000000;9785.000000;10553.000000;0.000000;25449.000000;9785.000000;0.000000;2696.525879
2016.000000;9785.000000;9883.000000;0.000000;19111.000000;9785.000000;0.000000;2697.738281
2017.000000;9785.000000;11107.000000;0.000000;48598.000000;9785.000000;0.000000;2698.952393
2018.000000;9785.000000;10991.000000;0.000000;51196.000000;9785.000000;0.000000;2700.175781
2019.000000;9785.000000;10971.000000;0.000000;45095.000000;9785.000000;0.000000;2701.421631
2020.000000;9785.000000;11777.000000;0.000000;42763.000000;9785.000000;0.000000;2702.638672
2021.000000;9785.000000;8703.000000;0.000000;41779.000000;9785.000000;0.000000;2704.127197
2022.000000;9785.000000;10966.000000;0.000000;38548.000000;9785.000000;0.000000;2705.491455
2023.000000;9785.000000;10905.000000;0.000000;42545.000000;9785.000000;0.000000;2706.848389
2024.000000;9785.000000;9624.000000;0.000000;22414.000000;9785.000000;0.000000;2708.214355
2025.000000;9785.000000;9190.000000;0.000000;22859.000000;9785.000000;0.000000;2709.591553
2026.000000;9785.000000;12408.000000;0.000000;71971.000000;9785.000000;0.000000;2710.977783
2027.000000;9785.000000;10847.000000;0.000000;24668.000000;9785.000000;0.000000;2712.356689
2028.000000;9785.000000;10488.000000;0.000000;20121.000000;9785.000000;0.000000;2713.723877
2029.000000;9785.000000;9282.000000;0.000000;23176.000000;9785.000000;0.000000;2715.094971
2030.000000;9785.000000;11805.000000;0.000000;26666.000000;9785.000000;0.000000;2716.472412
2031.000000;9785.000000;9628.000000;0.000000;18467.000000;9785.000000;0.000000;2717.841553
2032.000000;9785.000000;9495.000000;0.000000;25379.000000;9785.000000;0.000000;2719.278809
2033.000000;9785.000000;11725.000000;0.000000;47214.000000;9785.000000;0.000000;2720.689209
2034.000000;9785.000000;9698.000000;0.000000;22709.000000;9785.000000;0.000000;2722.079590
2035.000000;9785.000000;9922.000000;0.000000;27053.000000;9785.000000;0.000000;2723.459961
2036.000000;9785.000000;11201.000000;0.000000;32126.000000;9785.000000;0.000000;2724.842285
2037.000000;9785.000000;10691.000000;0.000000;12178.000000;9785.000000;0.000000;2726.221924
2038.000000;9785.000000;10088.000000;0.000000;22223.000000;9785.000000;0.000000;2727.449707
2039.000000;9785.000000;10748.000000;0.000000;43989.000000;9785.000000;0.000000;2728.657959
2040.000000;9785.000000;10338.000000;0.000000;19294.000000;9785.000000;0.000000;2729.875732
2041.000000;9785.000000;11536.000000;0.000000;60543.000000;9785.000000;0.000000;2731.370117
2042.000000;9785.000000;10392.000000;0.000000;26399.000000;9785.000000;0.000000;2732.738037
2043.000000;9785.000000;9676.000000;0.000000;19362.000000;9785.000000;0.000000;2734.102295
2044.000000;9785.000000;10093.000000;0.000000;43488.000000;9785.000000;0.000000;2735.481689
2045.000000;9785.000000;10705.000000;0.000000;21029.000000;9785.000000;0.000000;2736.997070
2046.000000;9785.000000;10612.000000;0.000000;31010.000000;9785.000000;0.000000;2738.378662
2047.000000;9785.000000;11424.000000;0.000000;34165.000000;9785.000000;0.000000;2739.762207
2048.000000;9785.000000;9866.000000;0.000000;41176.000000;9785.000000;0.000000;2741.141846
2049.000000;9785.000000;9939.000000;0.000000;17224.000000;9785.000000;0.000000;2742.527588
2050.000000;9785.000000;10010.000000;0.000000;19584.000000;9785.000000;0.000000;2744.041504
2051.000000;9785.000000;10375.000000;0.000000;23516.000000;9785.000000;0.000000;2745.441162
2052.000000;9785.000000;11654.000000;0.000000;54134.000000;9785.000000;0.000000;2746.836182
2053.000000;9785.000000;11718.000000;0.000000;53738.000000;9785.000000;0.000000;2748.230225
2054.000000;9785.000000;10252.000000;0.000000;27713.000000;9785.000000;0.000000;2749.606934
2055.000000;9785.000000;10684.000000;0.000000;34247.000000;9785.000000;0.000000;2750.829834
2056.000000;9785.000000;11424.000000;0.000000;24982.000000;9785.000000;0.000000;2752.079346
2057.000000;9785.000000;10889.000000;0.000000;46112.000000;9785.000000;0.000000;2753.300781
2058.000000;9785.000000;10588.000000;0.000000;15033.000000;9785.000000;0.000000;2754.520264
2059.000000;9785.000000;9974.000000;0.000000;25536.000000;9785.000000;0.000000;2755.739746
2060.000000;9785.000000;8885.000000;0.000000;25234.000000;9785.000000;0.000000;2756.961426
2061.000000;9785.000000;11212.000000;0.000000;28726.000000;9785.000000;0.000000;2758.446777
2062.000000;9785.000000;10324.000000;0.000000;24239.000000;9785.000000;0.000000;2759.822754
2063.000000;9785.000000;11183.000000;0.000000;43150.000000;9785.000000;0.000000;2761.203613
2064.000000;9785.000000;10080.000000;0.000000;22049.000000;9785.000000;0.000000;2762.621582
2065.000000;9785.000000;9867.000000;0.000000;21984.000000;9785.000000;0.000000;2764.014893
2066.000000;9785.000000;9947.000000;0.000000;14045.000000;9785.000000;0.000000;2765.406982
2067.000000;9785.000000;11642.000000;0.000000;50526.000000;9785.000000;0.000000;2766.905518
2068.000000;9785.000000;11667.000000;0.000000;39773.000000;9785.000000;0.000000;2768.438232
2069.000000;9785.000000;11189.000000;0.000000;40558.000000;9785.000000;0.000000;2769.856445
2070.000000;9785.000000;11118.000000;0.000000;52673.000000;9785.000000;0.000000;2771.298340
2071.000000;9785.000000;10862.000000;0.000000;41093.000000;9785.000000;0.000000;2772.724365
2072.000000;9785.000000;11435.000000;0.000000;34055.000000;9785.000000;0.000000;2774.124512
2073.000000;9785.000000;10259.000000;0.000000;15681.000000;9785.000000;0.000000;2775.527344
2074.000000;9785.000000;9837.000000;0.000000;24556.000000;9785.000000;0.000000;2776.960938
2075.000000;9785.000000;9292.000000;0.000000;18653.000000;9785.000000;0.000000;2778.776855
2076.000000;9785.000000;10089.000000;0.000000;22980.000000;9785.000000;0.000000;2780.194336
2077.000000;9785.000000;10123.000000;0.000000;34851.000000;9785.000000;0.000000;2781.601318
2078.000000;9785.000000;10245.000000;0.000000;17279.000000;9785.000000;0.000000;2782.999268
2079.000000;9785.000000;10290.000000;0.000000;17948.000000;9785.000000;0.000000;2784.392090
2080.000000;9785.000000;9362.000000;0.000000;13383.000000;9785.000000;0.000000;2785.782715
2081.000000;9785.000000;11911.000000;0.000000;60759.000000;9785.000000;0.000000;2787.223145
2082.000000;9785.000000;10340.000000;0.000000;30975.000000;9785.000000;0.000000;2788.603271
2083.000000;9785.000000;10531.000000;0.000000;16719.000000;9785.000000;0.000000;2790.083984
2084.000000;9785.000000;10806.000000;0.000000;20973.000000;9785.000000;0.000000;2791.491211
2085.000000;9785.000000;10639.000000;0.000000;15079.000000;9785.000000;0.000000;2792.902100
2086.000000;9785.000000;10721.000000;0.000000;43497.000000;9785.000000;0.000000;2794.300049
2087.000000;9785.000000;10067.000000;0.000000;29228.000000;9785.000000;0.000000;2795.756592
2088.000000;9785.000000;9299.000000;0.000000;31387.000000;9785.000000;0.000000;2797.163574
2089.000000;9785.000000;10326.000000;0.000000;20219.000000;9785.000000;0.000000;2798.618164
2090.000000;9785.000000;8932.000000;0.000000;30049.000000;9785.000000;0.000000;2800.054688
2091.000000;9785.000000;9961.000000;0.000000;22835.000000;9785.000000;0.000000;2801.472656
2092.000000;9785.000000;9258.000000;0.000000;19873.000000;9785.000000;0.000000;2802.919678
2093.000000;9785.000000;11558.000000;0.000000;65828.000000;9785.000000;0.000000;2804.435791
2094.000000;9785.000000;11160.000000;0.000000;45245.000000;9785.000000;0.000000;2805.702881
2095.000000;9785.000000;9602.000000;0.000000;24493.000000;9785.000000;0.000000;2806.954102
2096.000000;9785.000000;10823.000000;0.000000;16401.000000;9785.000000;0.000000;2808.206055
2097.000000;9785.000000;11110.000000;0.000000;70167.000000;9785.000000;0.000000;2809.451416
2098.000000;9785.000000;10482.000000;0.000000;31037.000000;9785.000000;0.000000;2810.699463
2099.000000;9785.000000;11106.000000;0.000000;54596.000000;9785.000000;0.000000;2811.980469
2100.000000;9785.000000;11556.000000;0.000000;37312.000000;9785.000000;0.000000;2813.235840
2101.000000;9785.000000;11606.000000;0.000000;48124.000000;9785.000000;0.000000;2814.825439
2102.000000;9785.000000;11360.000000;0.000000;48939.000000;9785.000000;0.000000;2816.271484
2103.000000;9785.000000;11850.000000;0.000000;78929.000000;9785.000000;0.000000;2817.674316
2104.000000;9785.000000;12133.000000;0.000000;76113.000000;9785.000000;0.000000;2819.147461
2105.000000;9785.000000;10205.000000;0.000000;23840.000000;9785.000000;0.000000;2820.530762
2106.000000;9785.000000;9909.000000;0.000000;19882.000000;9785.000000;0.000000;2822.013184
2107.000000;9785.000000;11423.000000;0.000000;37551.000000;9785.000000;0.000000;2823.396240
2108.000000;9785.000000;10071.000000;0.000000;21676.000000;9785.000000;0.000000;2824.825928
2109.000000;9785.000000;8575.000000;0.000000;25327.000000;9785.000000;0.000000;2826.203613
2110.000000;9785.000000;11434.000000;0.000000;56586.000000;9785.000000;0.000000;2827.615234
2111.000000;9785.000000;11174.000000;0.000000;30145.000000;9785.000000;0.000000;2829.008789
2112.000000;9785.000000;13890.000000;0.000000;127931.000000;9785.000000;0.000000;2830.394287
2113.000000;9785.000000;11012.000000;0.000000;66588.000000;9785.000000;0.000000;2831.801270
2114.000000;9785.000000;11162.000000;0.000000;24643.000000;9785.000000;0.000000;2833.148193
2115.000000;9785.000000;8523.000000;0.000000;41348.000000;9785.000000;0.000000;2834.375977
2116.000000;9785.000000;11621.000000;0.000000;61409.000000;9785.000000;0.000000;2835.602295
2117.000000;9785.000000;8959.000000;0.000000;40252.000000;9785.000000;0.000000;2836.829346
2118.000000;9785.000000;10118.000000;0.000000;31041.000000;9785.000000;0.000000;2838.105957
2119.000000;9785.000000;11727.000000;0.000000;60634.000000;9785.000000;0.000000;2839.332520
2120.000000;9785.000000;10128.000000;0.000000;23408.000000;9785.000000;0.000000;2840.558350
2121.000000;9785.000000;12106.000000;0.000000;37795.000000;9785.000000;0.000000;2842.060303
2122.000000;9785.000000;10205.000000;0.000000;24047.000000;9785.000000;0.000000;2843.497803
2123.000000;9785.000000;11854.000000;0.000000;33467.000000;9785.000000;0.000000;2844.860352
2124.000000;9785.000000;11144.000000;0.000000;18582.000000;9785.000000;0.000000;2846.229248
2125.000000;9785.000000;10286.000000;0.000000;29127.000000;9785.000000;0.000000;2847.602539
2126.000000;9785.000000;11393.000000;0.000000;26383.000000;9785.000000;0.000000;2848.987305
2127.000000;9785.000000;10518.000000;0.000000;22707.000000;9785.000000;0.000000;2850.381592
2128.000000;9785.000000;10661.000000;0.000000;20752.000000;9785.000000;0.000000;2851.775879
2129.000000;9785.000000;10149.000000;0.000000;24273.000000;9785.000000;0.000000;2853.191162
2130.000000;9785.000000;12734.000000;0.000000;85160.000000;9785.000000;0.000000;2854.607178
2131.000000;9785.000000;11123.000000;0.000000;61696.000000;9785.000000;0.000000;2856.021484
2132.000000;9785.000000;9858.000000;0.000000;27239.000000;9785.000000;0.000000;2857.427490
2133.000000;9785.000000;9594.000000;0.000000;26750.000000;9785.000000;0.000000;2858.839600
2134.000000;9785.000000;10267.000000;0.000000;29676.000000;9785.000000;0.000000;2860.239746
2135.000000;9785.000000;10986.000000;0.000000;36166.000000;9785.000000;0.000000;2861.487793
2136.000000;9785.000000;9856.000000;0.000000;16721.000000;9785.000000;0.000000;2862.747803
2137.000000;9785.000000;9187.000000;0.000000;26064.000000;9785.000000;0.000000;2864.003662
2138.000000;9785.000000;9573.000000;0.000000;21119.000000;9785.000000;0.000000;2865.246094
2139.000000;9785.000000;9965.000000;0.000000;19895.000000;9785.000000;0.000000;2866.483887
2140.000000;9785.000000;10330.000000;0.000000;19421.000000;9785.000000;0.000000;2867.724121
2141.000000;9785.000000;8750.000000;0.000000;20095.000000;9785.000000;0.000000;2869.237061
2142.000000;9785.000000;10393.000000;0.000000;21554.000000;9785.000000;0.000000;2870.613525
2143.000000;9785.000000;9529.000000;0.000000;20394.000000;9785.000000;0.000000;2871.999023
2144.000000;9785.000000;10025.000000;0.000000;18870.000000;9785.000000;0.000000;2873.412109
2145.000000;9785.000000;9702.000000;0.000000;17375.000000;9785.000000;0.000000;2874.807861
2146.000000;9785.000000;10086.000000;0.000000;18237.000000;9785.000000;0.000000;2876.197510
2147.000000;9785.000000;9937.000000;0.000000;26272.000000;9785.000000;0.000000;2877.588623
2148.000000;9785.000000;10051.000000;0.000000;28594.000000;9785.000000;0.000000;2878.979248
2149.000000;9785.000000;9330.000000;0.000000;31498.000000;9785.000000;0.000000;2880.341553
2150.000000;9785.000000;10385.000000;0.000000;47755.000000;9785.000000;0.000000;2881.726562
2151.000000;9785.000000;9971.000000;0.000000;27512.000000;9785.000000;0.000000;2883.118408
2152.000000;9785.000000;10933.000000;0.000000;29464.000000;9785.000000;0.000000;2884.490479
2153.000000;9785.000000;10153.000000;0.000000;14002.000000;9785.000000;0.000000;2885.860840
2154.000000;9785.000000;11076.000000;0.000000;41716.000000;9785.000000;0.000000;2887.232422
2155.000000;9785.000000;9900.000000;0.000000;29699.000000;9785.000000;0.000000;2888.466309
2156.000000;9785.000000;10993.000000;0.000000;24774.000000;9785.000000;0.000000;2889.685547
2157.000000;9785.000000;10075.000000;0.000000;15083.000000;9785.000000;0.000000;2890.910400
2158.000000;9785.000000;9306.000000;0.000000;31039.000000;9785.000000;0.000000;2892.135010
2159.000000;9785.000000;10808.000000;0.000000;43424.000000;9785.000000;0.000000;2893.380859
2160.000000;9785.000000;10353.000000;0.000000;27035.000000;9785.000000;0.000000;2894.597656
2161.000000;9785.000000;9741.000000;0.000000;29064.000000;9785.000000;0.000000;2896.080566
2162.000000;9785.000000;11660.000000;0.000000;67495.000000;9785.000000;0.000000;2897.440430
2163.000000;9785.000000;10473.000000;0.000000;30129.000000;9785.000000;0.000000;2898.800049
2164.000000;9785.000000;11731.000000;0.000000;73908.000000;9785.000000;0.000000;2900.165283
2165.000000;9785.000000;10662.000000;0.000000;18509.000000;9785.000000;0.000000;2901.540771
2166.000000;9785.000000;9975.000000;0.000000;14929.000000;9785.000000;0.000000;2902.940674
2167.000000;9785.000000;10963.000000;0.000000;29639.000000;9785.000000;0.000000;2904.310791
2168.000000;9785.000000;10292.000000;0.000000;27769.000000;9785.000000;0.000000;2905.670654
2169.000000;9785.000000;9410.000000;0.000000;15477.000000;9785.000000;0.000000;2907.030273
2170.000000;9785.000000;11505.000000;0.000000;112181.000000;9785.000000;0.000000;2908.390625
2171.000000;9785.000000;9869.000000;0.000000;18727.000000;9785.000000;0.000000;2909.740479
2172.000000;9785.000000;10127.000000;0.000000;42505.000000;9785.000000;0.000000;2911.078613
2173.000000;9785.000000;10751.000000;0.000000;25509.000000;9785.000000;0.000000;2912.462158
2174.000000;9785.000000;9664.000000;0.000000;19334.000000;9785.000000;0.000000;2913.846191
2175.000000;9785.000000;10727.000000;0.000000;15561.000000;9785.000000;0.000000;2915.209229
2176.000000;9785.000000;10038.000000;0.000000;10965.000000;9785.000000;0.000000;2916.574463
2177.000000;9785.000000;10616.000000;0.000000;31700.000000;9785.000000;0.000000;2917.938721
2178.000000;9785.000000;11079.000000;0.000000;68817.000000;9785.000000;0.000000;2919.191406
2179.000000;9785.000000;9075.000000;0.000000;39532.000000;9785.000000;0.000000;2920.394531
2180.000000;9785.000000;11334.000000;0.000000;56550.000000;9785.000000;0.000000;2921.597168
2181.000000;9785.000000;10911.000000;0.000000;24595.000000;9785.000000;0.000000;2923.135254
2182.000000;9785.000000;10188.000000;0.000000;25921.000000;9785.000000;0.000000;2924.507568
2183.000000;9785.000000;9900.000000;0.000000;24881.000000;9785.000000;0.000000;2925.883057
2184.000000;9785.000000;12045.000000;0.000000;38011.000000;9785.000000;0.000000;2927.229980
2185.000000;9785.000000;8384.000000;0.000000;53955.000000;9785.000000;0.000000;2928.582031
2186.000000;9785.000000;10314.000000;0.000000;26183.000000;9785.000000;0.000000;2929.930176
2187.000000;9785.000000;9451.000000;0.000000;32926.000000;9785.000000;0.000000;2931.276855
2188.000000;9785.000000;9055.000000;0.000000;13275.000000;9785.000000;0.000000;2932.647949
2189.000000;9785.000000;10193.000000;0.000000;21390.000000;9785.000000;0.000000;2933.987549
2190.000000;9785.000000;10613.000000;0.000000;22382.000000;9785.000000;0.000000;2935.324219
2191.000000;9785.000000;11179.000000;0.000000;58948.000000;9785.000000;0.000000;2936.663574
2192.000000;9785.000000;10911.000000;0.000000;33862.000000;9785.000000;0.000000;2938.002197
2193.000000;9785.000000;11341.000000;0.000000;38365.000000;9785.000000;0.000000;2939.343262
2194.000000;9785.000000;9499.000000;0.000000;22775.000000;9785.000000;0.000000;2940.690430
2195.000000;9785.000000;11648.000000;0.000000;85166.000000;9785.000000;0.000000;2942.036621
2196.000000;9785.000000;10093.000000;0.000000;18617.000000;9785.000000;0.000000;2943.450195
2197.000000;9785.000000;10393.000000;0.000000;24275.000000;9785.000000;0.000000;2944.818115
2198.000000;9785.000000;10032.000000;0.000000;18333.000000;9785.000000;0.000000;2946.184326
2199.000000;9785.000000;10712.000000;0.000000;34139.000000;9785.000000;0.000000;2947.546143
2200.000000;9785.000000;11592.000000;0.000000;38015.000000;9785.000000;0.000000;2948.839600
2201.000000;9785.000000;11105.000000;0.000000;33204.000000;9785.000000;0.000000;2950.304688
2202.000000;9785.000000;11136.000000;0.000000;64112.000000;9785.000000;0.000000;2951.657471
2203.000000;9785.000000;10309.000000;0.000000;28116.000000;9785.000000;0.000000;2953.022461
2204.000000;9785.000000;11780.000000;0.000000;60637.000000;9785.000000;0.000000;2954.384033
2205.000000;9785.000000;9716.000000;0.000000;11608.000000;9785.000000;0.000000;2955.743652
2206.000000;9785.000000;10655.000000;0.000000;30261.000000;9785.000000;0.000000;2957.102295
2207.000000;9785.000000;11330.000000;0.000000;48940.000000;9785.000000;0.000000;2958.462158
2208.000000;9785.000000;9966.000000;0.000000;15653.000000;9785.000000;0.000000;2959.817627
2209.000000;9785.000000;9835.000000;0.000000;13399.000000;9785.000000;0.000000;2961.170654
2210.000000;9785.000000;11120.000000;0.000000;29334.000000;9785.000000;0.000000;2962.545166
2211.000000;9785.000000;10811.000000;0.000000;29936.000000;9785.000000;0.000000;2963.944092
2212.000000;9785.000000;11079.000000;0.000000;37584.000000;9785.000000;0.000000;2965.318115
2213.000000;9785.000000;9342.000000;0.000000;13982.000000;9785.000000;0.000000;2966.689209
2214.000000;9785.000000;9858.000000;0.000000;25802.000000;9785.000000;0.000000;2968.058105
2215.000000;9785.000000;10736.000000;0.000000;33229.000000;9785.000000;0.000000;2969.298828
2216.000000;9785.000000;11195.000000;0.000000;30304.000000;9785.000000;0.000000;2970.515137
2217.000000;9785.000000;10248.000000;0.000000;21063.000000;9785.000000;0.000000;2971.726807
2218.000000;9785.000000;9426.000000;0.000000;24433.000000;9785.000000;0.000000;2972.959717
2219.000000;9785.000000;9141.000000;0.000000;33823.000000;9785.000000;0.000000;2974.177734
2220.000000;9785.000000;11610.000000;0.000000;74251.000000;9785.000000;0.000000;2975.390381
2221.000000;9785.000000;11217.000000;0.000000;41445.000000;9785.000000;0.000000;2976.863525
2222.000000;9785.000000;9888.000000;0.000000;21133.000000;9785.000000;0.000000;2978.219971
2223.000000;9785.000000;10916.000000;0.000000;40746.000000;9785.000000;0.000000;2979.580811
2224.000000;9785.000000;10107.000000;0.000000;22378.000000;9785.000000;0.000000;2980.950684
2225.000000;9785.000000;11077.000000;0.000000;62823.000000;9785.000000;0.000000;2982.311768
2226.000000;9785.000000;11414.000000;0.000000;33709.000000;9785.000000;0.000000;2983.708496
2227.000000;9785.000000;11232.000000;0.000000;74007.000000;9785.000000;0.000000;2985.099854
2228.000000;9785.000000;9188.000000;0.000000;60350.000000;9785.000000;0.000000;2986.471436
2229.000000;9785.000000;12569.000000;0.000000;116171.000000;9785.000000;0.000000;2987.841553
2230.000000;9785.000000;9737.000000;0.000000;18681.000000;9785.000000;0.000000;2989.235840
2231.000000;9785.000000;10802.000000;0.000000;29732.000000;9785.000000;0.000000;2990.627441
2232.000000;9785.000000;12858.000000;0.000000;64580.000000;9785.000000;0.000000;2992.014893
2233.000000;9785.000000;9471.000000;0.000000;19236.000000;9785.000000;0.000000;2993.429443
2234.000000;9785.000000;9334.000000;0.000000;35611.000000;9785.000000;0.000000;2994.805664
2235.000000;9785.000000;10964.000000;0.000000;25832.000000;9785.000000;0.000000;2996.037598
2236.000000;9785.000000;9591.000000;0.000000;45858.000000;9785.000000;0.000000;2997.254150
2237.000000;9785.000000;9754.000000;0.000000;16625.000000;9785.000000;0.000000;2998.472168
2238.000000;9785.000000;9957.000000;0.000000;25917.000000;9785.000000;0.000000;2999.693848
2239.000000;9785.000000;10012.000000;0.000000;40641.000000;9785.000000;0.000000;3000.913330
2240.000000;9785.000000;10116.000000;0.000000;18613.000000;9785.000000;0.000000;3002.132812
2241.000000;9785.000000;10177.000000;0.000000;21902.000000;9785.000000;0.000000;3003.648193
2242.000000;9785.000000;10190.000000;0.000000;20915.000000;9785.000000;0.000000;3005.017090
2243.000000;9785.000000;11659.000000;0.000000;61735.000000;9785.000000;0.000000;3006.397949
2244.000000;9785.000000;10016.000000;0.000000;18063.000000;9785.000000;0.000000;3007.782959
2245.000000;9785.000000;10721.000000;0.000000;47974.000000;9785.000000;0.000000;3009.172852
2246.000000;9785.000000;9951.000000;0.000000;23132.000000;9785.000000;0.000000;3010.557617
2247.000000;9785.000000;9869.000000;0.000000;16448.000000;9785.000000;0.000000;3011.943848
2248.000000;9785.000000;11947.000000;0.000000;40919.000000;9785.000000;0.000000;3013.357422
2249.000000;9785.000000;11045.000000;0.000000;26440.000000;9785.000000;0.000000;3014.742676
2250.000000;9785.000000;11070.000000;0.000000;33256.000000;9785.000000;0.000000;3016.157959
2251.000000;9785.000000;9269.000000;0.000000;22234.000000;9785.000000;0.000000;3017.562256
2252.000000;9785.000000;10848.000000;0.000000;63429.000000;9785.000000;0.000000;3018.967041
2253.000000;9785.000000;10504.000000;0.000000;12471.000000;9785.000000;0.000000;3020.374023
2254.000000;9785.000000;9922.000000;0.000000;18366.000000;9785.000000;0.000000;3021.762695
2255.000000;9785.000000;9402.000000;0.000000;18998.000000;9785.000000;0.000000;3022.998779
2256.000000;9785.000000;9408.000000;0.000000;20731.000000;9785.000000;0.000000;3024.249023
2257.000000;9785.000000;10363.000000;0.000000;27211.000000;9785.000000;0.000000;3025.472656
2258.000000;9785.000000;10679.000000;0.000000;39081.000000;9785.000000;0.000000;3026.695801
2259.000000;9785.000000;10509.000000;0.000000;23995.000000;9785.000000;0.000000;3027.917725
2260.000000;9785.000000;12055.000000;0.000000;70998.000000;9785.000000;0.000000;3029.141113
2261.000000;9785.000000;10694.000000;0.000000;28933.000000;9785.000000;0.000000;3030.651855
2262.000000;9785.000000;9795.000000;0.000000;19174.000000;9785.000000;0.000000;3032.034668
2263.000000;9785.000000;10192.000000;0.000000;16978.000000;9785.000000;0.000000;3033.442871
2264.000000;9785.000000;10559.000000;0.000000;37796.000000;9785.000000;0.000000;3034.839844
2265.000000;9785.000000;10038.000000;0.000000;13915.000000;9785.000000;0.000000;3036.323242
2266.000000;9785.000000;11313.000000;0.000000;46356.000000;9785.000000;0.000000;3037.728271
2267.000000;9785.000000;9563.000000;0.000000;17779.000000;9785.000000;0.000000;3039.128906
2268.000000;9785.000000;9237.000000;0.000000;19259.000000;9785.000000;0.000000;3040.521484
2269.000000;9785.000000;10892.000000;0.000000;15108.000000;9785.000000;0.000000;3041.915283
2270.000000;9785.000000;10424.000000;0.000000;31899.000000;9785.000000;0.000000;3043.360840
2271.000000;9785.000000;11219.000000;0.000000;66386.000000;9785.000000;0.000000;3044.806641
2272.000000;9785.000000;10199.000000;0.000000;11321.000000;9785.000000;0.000000;3046.218262
2273.000000;9785.000000;10164.000000;0.000000;17509.000000;9785.000000;0.000000;3047.629639
2274.000000;9785.000000;10796.000000;0.000000;35900.000000;9785.000000;0.000000;3049.045898
2275.000000;9785.000000;9674.000000;0.000000;27384.000000;9785.000000;0.000000;3050.299805
2276.000000;9785.000000;11454.000000;0.000000;30712.000000;9785.000000;0.000000;3051.545410
2277.000000;9785.000000;10530.000000;0.000000;42316.000000;9785.000000;0.000000;3052.803467
2278.000000;9785.000000;10178.000000;0.000000;22542.000000;9785.000000;0.000000;3054.072510
2279.000000;9785.000000;9235.000000;0.000000;31221.000000;9785.000000;0.000000;3055.372314
2280.000000;9785.000000;11390.000000;0.000000;20738.000000;9785.000000;0.000000;3056.606689
2281.000000;9785.000000;9740.000000;0.000000;14827.000000;9785.000000;0.000000;3058.107422
2282.000000;9785.000000;10825.000000;0.000000;57193.000000;9785.000000;0.000000;3059.496582
2283.000000;9785.000000;10307.000000;0.000000;32069.000000;9785.000000;0.000000;3060.888672
2284.000000;9785.000000;10307.000000;0.000000;28104.000000;9785.000000;0.000000;3062.297119
2285.000000;9785.000000;9351.000000;0.000000;31518.000000;9785.000000;0.000000;3063.739502
2286.000000;9785.000000;11047.000000;0.000000;30574.000000;9785.000000;0.000000;3065.145020
2287.000000;9785.000000;10802.000000;0.000000;26039.000000;9785.000000;0.000000;3066.555908
2288.000000;9785.000000;11002.000000;0.000000;45592.000000;9785.000000;0.000000;3067.966064
2289.000000;9785.000000;11224.000000;0.000000;26870.000000;9785.000000;0.000000;3069.379883
2290.000000;9785.000000;9116.000000;0.000000;32516.000000;9785.000000;0.000000;3070.828369
2291.000000;9785.000000;9216.000000;0.000000;16444.000000;9785.000000;0.000000;3072.257812
2292.000000;9785.000000;10143.000000;0.000000;22785.000000;9785.000000;0.000000;3073.706299
2293.000000;9785.000000;10014.000000;0.000000;19123.000000;9785.000000;0.000000;3075.129639
2294.000000;9785.000000;10566.000000;0.000000;34976.000000;9785.000000;0.000000;3076.527344
2295.000000;9785.000000;10405.000000;0.000000;25236.000000;9785.000000;0.000000;3077.793213
2296.000000;9785.000000;10737.000000;0.000000;42767.000000;9785.000000;0.000000;3079.052002
2297.000000;9785.000000;10222.000000;0.000000;29717.000000;9785.000000;0.000000;3080.301025
2298.000000;9785.000000;10095.000000;0.000000;24137.000000;9785.000000;0.000000;3081.546875
2299.000000;9785.000000;9941.000000;0.000000;28317.000000;9785.000000;0.000000;3082.793457
2300.000000;9785.000000;10932.000000;0.000000;31086.000000;9785.000000;0.000000;3084.075684
2301.000000;9785.000000;10146.000000;0.000000;30789.000000;9785.000000;0.000000;3085.713379
2302.000000;9785.000000;9880.000000;0.000000;18361.000000;9785.000000;0.000000;3087.112061
2303.000000;9785.000000;10276.000000;0.000000;25335.000000;9785.000000;0.000000;3088.504395
2304.000000;9785.000000;11105.000000;0.000000;38652.000000;9785.000000;0.000000;3089.891357
2305.000000;9785.000000;10218.000000;0.000000;22260.000000;9785.000000;0.000000;3091.269531
2306.000000;9785.000000;11816.000000;0.000000;66925.000000;9785.000000;0.000000;3092.654785
2307.000000;9785.000000;10487.000000;0.000000;30928.000000;9785.000000;0.000000;3094.069824
2308.000000;9785.000000;11837.000000;0.000000;62085.000000;9785.000000;0.000000;3095.449951
2309.000000;9785.000000;9763.000000;0.000000;21077.000000;9785.000000;0.000000;3096.829346
2310.000000;9785.000000;10913.000000;0.000000;37789.000000;9785.000000;0.000000;3098.212646
2311.000000;9785.000000;10192.000000;0.000000;25980.000000;9785.000000;0.000000;3099.612549
2312.000000;9785.000000;10687.000000;0.000000;26416.000000;9785.000000;0.000000;3101.014404
2313.000000;9785.000000;9112.000000;0.000000;50275.000000;9785.000000;0.000000;3102.420166
2314.000000;9785.000000;10829.000000;0.000000;37750.000000;9785.000000;0.000000;3103.853027
2315.000000;9785.000000;10338.000000;0.000000;45279.000000;9785.000000;0.000000;3105.275146
2316.000000;9785.000000;10325.000000;0.000000;21913.000000;9785.000000;0.000000;3106.667725
2317.000000;9785.000000;10802.000000;0.000000;37593.000000;9785.000000;0.000000;3107.903076
2318.000000;9785.000000;10866.000000;0.000000;23079.000000;9785.000000;0.000000;3109.125488
2319.000000;9785.000000;11720.000000;0.000000;36527.000000;9785.000000;0.000000;3110.347656
2320.000000;9785.000000;9906.000000;0.000000;25187.000000;9785.000000;0.000000;3111.569580
2321.000000;9785.000000;10743.000000;0.000000;28525.000000;9785.000000;0.000000;3113.068115
2322.000000;9785.000000;10110.000000;0.000000;15453.000000;9785.000000;0.000000;3114.466797
2323.000000;9785.000000;13813.000000;0.000000;158315.000000;9785.000000;0.000000;3115.827881
2324.000000;9785.000000;11165.000000;0.000000;39023.000000;9785.000000;0.000000;3117.206055
2325.000000;9785.000000;9467.000000;0.000000;18545.000000;9785.000000;0.000000;3118.587646
2326.000000;9785.000000;10028.000000;0.000000;31364.000000;9785.000000;0.000000;3119.960205
2327.000000;9785.000000;11423.000000;0.000000;41110.000000;9785.000000;0.000000;3121.309082
2328.000000;9785.000000;10410.000000;0.000000;22441.000000;9785.000000;0.000000;3122.707275
2329.000000;9785.000000;12398.000000;0.000000;120926.000000;9785.000000;0.000000;3124.091064
2330.000000;9785.000000;10416.000000;0.000000;39419.000000;9785.000000;0.000000;3125.535889
2331.000000;9785.000000;11086.000000;0.000000;33934.000000;9785.000000;0.000000;3126.912354
2332.000000;9785.000000;11101.000000;0.000000;76447.000000;9785.000000;0.000000;3128.283691
2333.000000;9785.000000;9636.000000;0.000000;21989.000000;9785.000000;0.000000;3129.657227
2334.000000;9785.000000;10722.000000;0.000000;36525.000000;9785.000000;0.000000;3131.032227
2335.000000;9785.000000;9461.000000;0.000000;17319.000000;9785.000000;0.000000;3132.351562
2336.000000;9785.000000;9723.000000;0.000000;19703.000000;9785.000000;0.000000;3133.552490
2337.000000;9785.000000;10967.000000;0.000000;62491.000000;9785.000000;0.000000;3134.830566
2338.000000;9785.000000;10599.000000;0.000000;22280.000000;9785.000000;0.000000;3136.031982
2339.000000;9785.000000;11005.000000;0.000000;11949.000000;9785.000000;0.000000;3137.231934
2340.000000;9785.000000;9958.000000;0.000000;18845.000000;9785.000000;0.000000;3138.850342
2341.000000;9785.000000;11228.000000;0.000000;20620.000000;9785.000000;0.000000;3140.316406
2342.000000;9785.000000;9774.000000;0.000000;34624.000000;9785.000000;0.000000;3141.657471
2343.000000;9785.000000;10423.000000;0.000000;27455.000000;9785.000000;0.000000;3142.998291
2344.000000;9785.000000;11623.000000;0.000000;55469.000000;9785.000000;0.000000;3144.374512
2345.000000;9785.000000;9879.000000;0.000000;17857.000000;9785.000000;0.000000;3145.727295
2346.000000;9785.000000;11762.000000;0.000000;80388.000000;9785.000000;0.000000;3147.078857
2347.000000;9785.000000;10933.000000;0.000000;25693.000000;9785.000000;0.000000;3148.423584
2348.000000;9785.000000;9872.000000;0.000000;26978.000000;9785.000000;0.000000;3149.778076
2349.000000;9785.000000;11330.000000;0.000000;41263.000000;9785.000000;0.000000;3151.133545
2350.000000;9785.000000;12025.000000;0.000000;35878.000000;9785.000000;0.000000;3152.507812
2351.000000;9785.000000;9952.000000;0.000000;42420.000000;9785.000000;0.000000;3153.900879
2352.000000;9785.000000;10332.000000;0.000000;30219.000000;9785.000000;0.000000;3155.287842
2353.000000;9785.000000;10952.000000;0.000000;28485.000000;9785.000000;0.000000;3156.658447
2354.000000;9785.000000;11274.000000;0.000000;40507.000000;9785.000000;0.000000;3158.029297
2355.000000;9785.000000;9803.000000;0.000000;33859.000000;9785.000000;0.000000;3159.290527
2356.000000;9785.000000;11901.000000;0.000000;56564.000000;9785.000000;0.000000;3160.508057
2357.000000;9785.000000;9423.000000;0.000000;18603.000000;9785.000000;0.000000;3161.724121
2358.000000;9785.000000;9670.000000;0.000000;20124.000000;9785.000000;0.000000;3162.939697
2359.000000;9785.000000;9362.000000;0.000000;21597.000000;9785.000000;0.000000;3164.218750
2360.000000;9785.000000;10567.000000;0.000000;24938.000000;9785.000000;0.000000;3165.441650
2361.000000;9785.000000;10540.000000;0.000000;25468.000000;9785.000000;0.000000;3166.984863
2362.000000;9785.000000;10131.000000;0.000000;20793.000000;9785.000000;0.000000;3168.346436
2363.000000;9785.000000;10876.000000;0.000000;22705.000000;9785.000000;0.000000;3169.706299
2364.000000;9785.000000;9690.000000;0.000000;37711.000000;9785.000000;0.000000;3171.076172
2365.000000;9785.000000;10617.000000;0.000000;18382.000000;9785.000000;0.000000;3172.447266
2366.000000;9785.000000;10568.000000;0.000000;13963.000000;9785.000000;0.000000;3173.815674
2367.000000;9785.000000;9880.000000;0.000000;14763.000000;9785.000000;0.000000;3175.208496
2368.000000;9785.000000;9518.000000;0.000000;20023.000000;9785.000000;0.000000;3176.575195
2369.000000;9785.000000;10593.000000;0.000000;38453.000000;9785.000000;0.000000;3177.942383
2370.000000;9785.000000;10840.000000;0.000000;26436.000000;9785.000000;0.000000;3179.332520
2371.000000;9785.000000;12106.000000;0.000000;89303.000000;9785.000000;0.000000;3180.741699
2372.000000;9785.000000;11718.000000;0.000000;56837.000000;9785.000000;0.000000;3182.140381
2373.000000;9785.000000;10489.000000;0.000000;26627.000000;9785.000000;0.000000;3183.536377
2374.000000;9785.000000;9995.000000;0.000000;26384.000000;9785.000000;0.000000;3185.016113
2375.000000;9785.000000;10297.000000;0.000000;16759.000000;9785.000000;0.000000;3186.261963
2376.000000;9785.000000;10333.000000;0.000000;18331.000000;9785.000000;0.000000;3187.480713
2377.000000;9785.000000;11314.000000;0.000000;39820.000000;9785.000000;0.000000;3188.699707
2378.000000;9785.000000;8742.000000;0.000000;32987.000000;9785.000000;0.000000;3189.923340
2379.000000;9785.000000;10276.000000;0.000000;26429.000000;9785.000000;0.000000;3191.153320
2380.000000;9785.000000;9901.000000;0.000000;21402.000000;9785.000000;0.000000;3192.372559
2381.000000;9785.000000;10499.000000;0.000000;40777.000000;9785.000000;0.000000;3193.844238
2382.000000;9785.000000;11086.000000;0.000000;34334.000000;9785.000000;0.000000;3195.224365
2383.000000;9785.000000;11892.000000;0.000000;92249.000000;9785.000000;0.000000;3196.586914
2384.000000;9785.000000;12130.000000;0.000000;32218.000000;9785.000000;0.000000;3197.964111
2385.000000;9785.000000;12834.000000;0.000000;80906.000000;9785.000000;0.000000;3199.344727
2386.000000;9785.000000;10557.000000;0.000000;21279.000000;9785.000000;0.000000;3200.723633
2387.000000;9785.000000;10796.000000;0.000000;57119.000000;9785.000000;0.000000;3202.202148
2388.000000;9785.000000;12149.000000;0.000000;86636.000000;9785.000000;0.000000;3203.588867
2389.000000;9785.000000;12108.000000;0.000000;78803.000000;9785.000000;0.000000;3204.992188
2390.000000;9785.000000;10330.000000;0.000000;23882.000000;9785.000000;0.000000;3206.402588
2391.000000;9785.000000;10744.000000;0.000000;34309.000000;9785.000000;0.000000;3207.801514
2392.000000;9785.000000;11720.000000;0.000000;53298.000000;9785.000000;0.000000;3209.196533
2393.000000;9785.000000;11332.000000;0.000000;33311.000000;9785.000000;0.000000;3210.604004
2394.000000;9785.000000;11140.000000;0.000000;56742.000000;9785.000000;0.000000;3211.998047
2395.000000;9785.000000;10883.000000;0.000000;50511.000000;9785.000000;0.000000;3213.234619
2396.000000;9785.000000;8871.000000;0.000000;15584.000000;9785.000000;0.000000;3214.489258
2397.000000;9785.000000;10083.000000;0.000000;31384.000000;9785.000000;0.000000;3215.729248
2398.000000;9785.000000;11413.000000;0.000000;45390.000000;9785.000000;0.000000;3216.967285
2399.000000;9785.000000;12690.000000;0.000000;96805.000000;9785.000000;0.000000;3218.201416
2400.000000;9785.000000;8481.000000;0.000000;51571.000000;9785.000000;0.000000;3219.444824
2401.000000;9785.000000;11263.000000;0.000000;41465.000000;9785.000000;0.000000;3220.956787
2402.000000;9785.000000;10654.000000;0.000000;15113.000000;9785.000000;0.000000;3222.334961
2403.000000;9785.000000;12230.000000;0.000000;83810.000000;9785.000000;0.000000;3223.715576
2404.000000;9785.000000;9762.000000;0.000000;18442.000000;9785.000000;0.000000;3225.191650
2405.000000;9785.000000;11201.000000;0.000000;54870.000000;9785.000000;0.000000;3226.623291
2406.000000;9785.000000;8579.000000;0.000000;30576.000000;9785.000000;0.000000;3228.016602
2407.000000;9785.000000;9863.000000;0.000000;23010.000000;9785.000000;0.000000;3229.403809
2408.000000;9785.000000;10273.000000;0.000000;34546.000000;9785.000000;0.000000;3230.789062
2409.000000;9785.000000;10714.000000;0.000000;24080.000000;9785.000000;0.000000;3232.177002
2410.000000;9785.000000;10219.000000;0.000000;19903.000000;9785.000000;0.000000;3233.607666
2411.000000;9785.000000;10209.000000;0.000000;54949.000000;9785.000000;0.000000;3235.038818
2412.000000;9785.000000;11061.000000;0.000000;22563.000000;9785.000000;0.000000;3236.445068
2413.000000;9785.000000;9113.000000;0.000000;37922.000000;9785.000000;0.000000;3237.852783
2414.000000;9785.000000;10628.000000;0.000000;47326.000000;9785.000000;0.000000;3239.227783
2415.000000;9785.000000;10159.000000;0.000000;27919.000000;9785.000000;0.000000;3240.466797
2416.000000;9785.000000;11462.000000;0.000000;41015.000000;9785.000000;0.000000;3241.705566
2417.000000;9785.000000;9472.000000;0.000000;48884.000000;9785.000000;0.000000;3242.940430
2418.000000;9785.000000;8827.000000;0.000000;23987.000000;9785.000000;0.000000;3244.178467
2419.000000;9785.000000;10642.000000;0.000000;47694.000000;9785.000000;0.000000;3245.454834
2420.000000;9785.000000;10403.000000;0.000000;29281.000000;9785.000000;0.000000;3246.707764
2421.000000;9785.000000;9084.000000;0.000000;26214.000000;9785.000000;0.000000;3248.236328
2422.000000;9785.000000;9850.000000;0.000000;11484.000000;9785.000000;0.000000;3249.638184
2423.000000;9785.000000;12404.000000;0.000000;67493.000000;9785.000000;0.000000;3251.038574
2424.000000;9785.000000;8920.000000;0.000000;16967.000000;9785.000000;0.000000;3252.445068
2425.000000;9785.000000;9821.000000;0.000000;34038.000000;9785.000000;0.000000;3253.853027
2426.000000;9785.000000;9188.000000;0.000000;27195.000000;9785.000000;0.000000;3255.284180
2427.000000;9785.000000;10187.000000;0.000000;17379.000000;9785.000000;0.000000;3256.688232
2428.000000;9785.000000;10704.000000;0.000000;42962.000000;9785.000000;0.000000;3258.092041
2429.000000;9785.000000;9597.000000;0.000000;16260.000000;9785.000000;0.000000;3259.493896
2430.000000;9785.000000;10808.000000;0.000000;23337.000000;9785.000000;0.000000;3260.931152
2431.000000;9785.000000;11499.000000;0.000000;31016.000000;9785.000000;0.000000;3262.353027
2432.000000;9785.000000;11799.000000;0.000000;42044.000000;9785.000000;0.000000;3263.773193
2433.000000;9785.000000;8856.000000;0.000000;27176.000000;9785.000000;0.000000;3265.227295
2434.000000;9785.000000;10276.000000;0.000000;26919.000000;9785.000000;0.000000;3266.616699
2435.000000;9785.000000;9872.000000;0.000000;28939.000000;9785.000000;0.000000;3267.867920
2436.000000;9785.000000;11587.000000;0.000000;26763.000000;9785.000000;0.000000;3269.117188
2437.000000;9785.000000;10252.000000;0.000000;16976.000000;9785.000000;0.000000;3270.345703
2438.000000;9785.000000;11087.000000;0.000000;30931.000000;9785.000000;0.000000;3271.570557
2439.000000;9785.000000;11369.000000;0.000000;63663.000000;9785.000000;0.000000;3272.795166
2440.000000;9785.000000;10231.000000;0.000000;17849.000000;9785.000000;0.000000;3274.020996
2441.000000;9785.000000;11037.000000;0.000000;34719.000000;9785.000000;0.000000;3275.555420
2442.000000;9785.000000;9942.000000;0.000000;21399.000000;9785.000000;0.000000;3276.921387
2443.000000;9785.000000;8938.000000;0.000000;28309.000000;9785.000000;0.000000;3278.290527
2444.000000;9785.000000;8941.000000;0.000000;15404.000000;9785.000000;0.000000;3279.670654
2445.000000;9785.000000;9973.000000;0.000000;28533.000000;9785.000000;0.000000;3281.049561
2446.000000;9785.000000;10872.000000;0.000000;24312.000000;9785.000000;0.000000;3282.428711
2447.000000;9785.000000;8963.000000;0.000000;25859.000000;9785.000000;0.000000;3283.816895
2448.000000;9785.000000;9961.000000;0.000000;17459.000000;9785.000000;0.000000;3285.243652
2449.000000;9785.000000;10136.000000;0.000000;34986.000000;9785.000000;0.000000;3286.620850
2450.000000;9785.000000;10237.000000;0.000000;15798.000000;9785.000000;0.000000;3287.999512
2451.000000;9785.000000;10829.000000;0.000000;25110.000000;9785.000000;0.000000;3289.378662
2452.000000;9785.000000;11449.000000;0.000000;41248.000000;9785.000000;0.000000;3290.759033
2453.000000;9785.000000;9736.000000;0.000000;23590.000000;9785.000000;0.000000;3292.189209
2454.000000;9785.000000;10569.000000;0.000000;62050.000000;9785.000000;0.000000;3293.581543
2455.000000;9785.000000;9743.000000;0.000000;25300.000000;9785.000000;0.000000;3294.990234
2456.000000;9785.000000;10364.000000;0.000000;14527.000000;9785.000000;0.000000;3296.376953
2457.000000;9785.000000;10135.000000;0.000000;14705.000000;9785.000000;0.000000;3297.675293
2458.000000;9785.000000;8881.000000;0.000000;55175.000000;9785.000000;0.000000;3298.901367
2459.000000;9785.000000;10441.000000;0.000000;25090.000000;9785.000000;0.000000;3300.112793
2460.000000;9785.000000;10670.000000;0.000000;32231.000000;9785.000000;0.000000;3301.319092
2461.000000;9785.000000;10965.000000;0.000000;51601.000000;9785.000000;0.000000;3302.792969
2462.000000;9785.000000;11100.000000;0.000000;29124.000000;9785.000000;0.000000;3304.131836
2463.000000;9785.000000;11501.000000;0.000000;28892.000000;9785.000000;0.000000;3305.547119
2464.000000;9785.000000;9582.000000;0.000000;15562.000000;9785.000000;0.000000;3306.932861
2465.000000;9785.000000;11662.000000;0.000000;46975.000000;9785.000000;0.000000;3308.288574
2466.000000;9785.000000;9978.000000;0.000000;21495.000000;9785.000000;0.000000;3309.643066
2467.000000;9785.000000;10460.000000;0.000000;21795.000000;9785.000000;0.000000;3310.995117
2468.000000;9785.000000;9554.000000;0.000000;32497.000000;9785.000000;0.000000;3312.340820
2469.000000;9785.000000;10657.000000;0.000000;15144.000000;9785.000000;0.000000;3313.686768
2470.000000;9785.000000;9800.000000;0.000000;28345.000000;9785.000000;0.000000;3315.079102
2471.000000;9785.000000;10704.000000;0.000000;28637.000000;9785.000000;0.000000;3316.446777
2472.000000;9785.000000;11156.000000;0.000000;33262.000000;9785.000000;0.000000;3317.807129
2473.000000;9785.000000;10117.000000;0.000000;18452.000000;9785.000000;0.000000;3319.169922
2474.000000;9785.000000;10304.000000;0.000000;16144.000000;9785.000000;0.000000;3320.531982
2475.000000;9785.000000;9347.000000;0.000000;19034.000000;9785.000000;0.000000;3321.767578
2476.000000;9785.000000;9812.000000;0.000000;23807.000000;9785.000000;0.000000;3322.972900
2477.000000;9785.000000;9628.000000;0.000000;18582.000000;9785.000000;0.000000;3324.176270
2478.000000;9785.000000;10087.000000;0.000000;16685.000000;9785.000000;0.000000;3325.395752
2479.000000;9785.000000;10826.000000;0.000000;26669.000000;9785.000000;0.000000;3326.593750
2480.000000;9785.000000;11322.000000;0.000000;53117.000000;9785.000000;0.000000;3327.789062
2481.000000;9785.000000;10973.000000;0.000000;21460.000000;9785.000000;0.000000;3329.244629
2482.000000;9785.000000;12492.000000;0.000000;79331.000000;9785.000000;0.000000;3330.603760
2483.000000;9785.000000;9993.000000;0.000000;21502.000000;9785.000000;0.000000;3331.957764
2484.000000;9785.000000;9397.000000;0.000000;22346.000000;9785.000000;0.000000;3333.331055
2485.000000;9785.000000;10579.000000;0.000000;21702.000000;9785.000000;0.000000;3334.706299
2486.000000;9785.000000;9934.000000;0.000000;25539.000000;9785.000000;0.000000;3336.128174
2487.000000;9785.000000;10996.000000;0.000000;23591.000000;9785.000000;0.000000;3337.548584
2488.000000;9785.000000;9540.000000;0.000000;15193.000000;9785.000000;0.000000;3338.920898
2489.000000;9785.000000;9766.000000;0.000000;21379.000000;9785.000000;0.000000;3340.286865
2490.000000;9785.000000;8652.000000;0.000000;54831.000000;9785.000000;0.000000;3341.666992
2491.000000;9785.000000;10590.000000;0.000000;37061.000000;9785.000000;0.000000;3343.048096
2492.000000;9785.000000;9108.000000;0.000000;19665.000000;9785.000000;0.000000;3344.451416
2493.000000;9785.000000;9607.000000;0.000000;17373.000000;9785.000000;0.000000;3345.903809
2494.000000;9785.000000;10794.000000;0.000000;22915.000000;9785.000000;0.000000;3347.283691
2495.000000;9785.000000;10483.000000;0.000000;29609.000000;9785.000000;0.000000;3348.508301
2496.000000;9785.000000;11063.000000;0.000000;31809.000000;9785.000000;0.000000;3349.716797
2497.000000;9785.000000;9797.000000;0.000000;27229.000000;9785.000000;0.000000;3350.923340
2498.000000;9785.000000;9869.000000;0.000000;17647.000000;9785.000000;0.000000;3352.133057
2499.000000;9785.000000;11581.000000;0.000000;25165.000000;9785.000000;0.000000;3353.367432
2500.000000;9785.000000;10699.000000;0.000000;42781.000000;9785.000000;0.000000;3354.584961
2501.000000;9785.000000;10711.000000;0.000000;33856.000000;9785.000000;0.000000;3356.094238
2502.000000;9785.000000;11747.000000;0.000000;28752.000000;9785.000000;0.000000;3357.448486
2503.000000;9785.000000;9871.000000;0.000000;23470.000000;9785.000000;0.000000;3358.806885
2504.000000;9785.000000;11974.000000;0.000000;67415.000000;9785.000000;0.000000;3360.182373
2505.000000;9785.000000;10288.000000;0.000000;15573.000000;9785.000000;0.000000;3361.561035
2506.000000;9785.000000;11238.000000;0.000000;36916.000000;9785.000000;0.000000;3362.938965
2507.000000;9785.000000;9225.000000;0.000000;31034.000000;9785.000000;0.000000;3364.316895
2508.000000;9785.000000;10551.000000;0.000000;30570.000000;9785.000000;0.000000;3365.722412
2509.000000;9785.000000;10791.000000;0.000000;39561.000000;9785.000000;0.000000;3367.102295
2510.000000;9785.000000;9965.000000;0.000000;29123.000000;9785.000000;0.000000;3368.505615
2511.000000;9785.000000;10129.000000;0.000000;20546.000000;9785.000000;0.000000;3369.907715
2512.000000;9785.000000;9006.000000;0.000000;22599.000000;9785.000000;0.000000;3371.307129
2513.000000;9785.000000;10801.000000;0.000000;24586.000000;9785.000000;0.000000;3372.694092
2514.000000;9785.000000;10680.000000;0.000000;22419.000000;9785.000000;0.000000;3374.080811
2515.000000;9785.000000;9707.000000;0.000000;17087.000000;9785.000000;0.000000;3375.328613
2516.000000;9785.000000;9764.000000;0.000000;29126.000000;9785.000000;0.000000;3376.567139
2517.000000;9785.000000;10417.000000;0.000000;18162.000000;9785.000000;0.000000;3377.789062
2518.000000;9785.000000;8965.000000;0.000000;14451.000000;9785.000000;0.000000;3379.011719
2519.000000;9785.000000;11012.000000;0.000000;32273.000000;9785.000000;0.000000;3380.235596
2520.000000;9785.000000;10522.000000;0.000000;40242.000000;9785.000000;0.000000;3381.459961
2521.000000;9785.000000;10510.000000;0.000000;18285.000000;9785.000000;0.000000;3382.953613
2522.000000;9785.000000;10894.000000;0.000000;56358.000000;9785.000000;0.000000;3384.318604
2523.000000;9785.000000;10206.000000;0.000000;19935.000000;9785.000000;0.000000;3385.709473
2524.000000;9785.000000;9971.000000;0.000000;19949.000000;9785.000000;0.000000;3387.090576
2525.000000;9785.000000;10090.000000;0.000000;25597.000000;9785.000000;0.000000;3388.474121
2526.000000;9785.000000;9003.000000;0.000000;15201.000000;9785.000000;0.000000;3389.863525
2527.000000;9785.000000;11892.000000;0.000000;68189.000000;9785.000000;0.000000;3391.254150
2528.000000;9785.000000;11470.000000;0.000000;57128.000000;9785.000000;0.000000;3392.645508
2529.000000;9785.000000;11209.000000;0.000000;34471.000000;9785.000000;0.000000;3394.036133
2530.000000;9785.000000;9951.000000;0.000000;22222.000000;9785.000000;0.000000;3395.473633
2531.000000;9785.000000;10418.000000;0.000000;27636.000000;9785.000000;0.000000;3396.893555
2532.000000;9785.000000;10989.000000;0.000000;21453.000000;9785.000000;0.000000;3398.291992
2533.000000;9785.000000;9432.000000;0.000000;30667.000000;9785.000000;0.000000;3399.703125
2534.000000;9785.000000;9998.000000;0.000000;18564.000000;9785.000000;0.000000;3401.098877
2535.000000;9785.000000;12737.000000;0.000000;98223.000000;9785.000000;0.000000;3402.331543
2536.000000;9785.000000;10192.000000;0.000000;22085.000000;9785.000000;0.000000;3403.555908
2537.000000;9785.000000;12808.000000;0.000000;102539.000000;9785.000000;0.000000;3404.818604
2538.000000;9785.000000;9801.000000;0.000000;16029.000000;9785.000000;0.000000;3406.079834
2539.000000;9785.000000;10494.000000;0.000000;45034.000000;9785.000000;0.000000;3407.307861
2540.000000;9785.000000;11796.000000;0.000000;60277.000000;9785.000000;0.000000;3408.534912
2541.000000;9785.000000;10464.000000;0.000000;39054.000000;9785.000000;0.000000;3410.219727
2542.000000;9785.000000;11583.000000;0.000000;61164.000000;9785.000000;0.000000;3411.596680
2543.000000;9785.000000;11157.000000;0.000000;19376.000000;9785.000000;0.000000;3412.981445
2544.000000;9785.000000;10304.000000;0.000000;24359.000000;9785.000000;0.000000;3414.374756
2545.000000;9785.000000;8445.000000;0.000000;84219.000000;9785.000000;0.000000;3415.796631
2546.000000;9785.000000;11942.000000;0.000000;56063.000000;9785.000000;0.000000;3417.188965
2547.000000;9785.000000;8593.000000;0.000000;46139.000000;9785.000000;0.000000;3418.577637
2548.000000;9785.000000;10160.000000;0.000000;20342.000000;9785.000000;0.000000;3419.956543
2549.000000;9785.000000;10654.000000;0.000000;18314.000000;9785.000000;0.000000;3421.317627
2550.000000;9785.000000;10242.000000;0.000000;17026.000000;9785.000000;0.000000;3422.792725
2551.000000;9785.000000;9041.000000;0.000000;28268.000000;9785.000000;0.000000;3424.173096
2552.000000;9785.000000;10694.000000;0.000000;19366.000000;9785.000000;0.000000;3425.585205
2553.000000;9785.000000;10321.000000;0.000000;21996.000000;9785.000000;0.000000;3426.979248
2554.000000;9785.000000;10132.000000;0.000000;13757.000000;9785.000000;0.000000;3428.333496
2555.000000;9785.000000;9190.000000;0.000000;20289.000000;9785.000000;0.000000;3429.557373
2556.000000;9785.000000;13283.000000;0.000000;79744.000000;9785.000000;0.000000;3430.776855
2557.000000;9785.000000;11257.000000;0.000000;30097.000000;9785.000000;0.000000;3431.982910
2558.000000;9785.000000;9512.000000;0.000000;13189.000000;9785.000000;0.000000;3433.185303
2559.000000;9785.000000;9765.000000;0.000000;41211.000000;9785.000000;0.000000;3434.389648
2560.000000;9785.000000;12291.000000;0.000000;110936.000000;9785.000000;0.000000;3435.674072
2561.000000;9785.000000;10151.000000;0.000000;24398.000000;9785.000000;0.000000;3437.163086
2562.000000;9785.000000;8983.000000;0.000000;20746.000000;9785.000000;0.000000;3438.662354
2563.000000;9785.000000;11381.000000;0.000000;33588.000000;9785.000000;0.000000;3440.029053
2564.000000;9785.000000;11227.000000;0.000000;33424.000000;9785.000000;0.000000;3441.395020
2565.000000;9785.000000;10286.000000;0.000000;36427.000000;9785.000000;0.000000;3442.762451
2566.000000;9785.000000;12248.000000;0.000000;73066.000000;9785.000000;0.000000;3444.133545
2567.000000;9785.000000;10588.000000;0.000000;65767.000000;9785.000000;0.000000;3445.500000
2568.000000;9785.000000;10018.000000;0.000000;28959.000000;9785.000000;0.000000;3446.886719
2569.000000;9785.000000;9902.000000;0.000000;21704.000000;9785.000000;0.000000;3448.256592
2570.000000;9785.000000;10888.000000;0.000000;22406.000000;9785.000000;0.000000;3449.662354
2571.000000;9785.000000;11442.000000;0.000000;49099.000000;9785.000000;0.000000;3451.059082
2572.000000;9785.000000;11017.000000;0.000000;78196.000000;9785.000000;0.000000;3452.453369
2573.000000;9785.000000;9110.000000;0.000000;39863.000000;9785.000000;0.000000;3453.848877
2574.000000;9785.000000;9684.000000;0.000000;27537.000000;9785.000000;0.000000;3455.235840
2575.000000;9785.000000;10683.000000;0.000000;28327.000000;9785.000000;0.000000;3456.497070
2576.000000;9785.000000;9592.000000;0.000000;25326.000000;9785.000000;0.000000;3457.724854
2577.000000;9785.000000;10456.000000;0.000000;19125.000000;9785.000000;0.000000;3458.952393
2578.000000;9785.000000;10560.000000;0.000000;23028.000000;9785.000000;0.000000;3460.318848
2579.000000;9785.000000;9892.000000;0.000000;13183.000000;9785.000000;0.000000;3462.115234
2580.000000;9785.000000;10171.000000;0.000000;11658.000000;9785.000000;0.000000;3463.466309
2581.000000;9785.000000;9818.000000;0.000000;31231.000000;9785.000000;0.000000;3464.974365
2582.000000;9785.000000;11164.000000;0.000000;27790.000000;9785.000000;0.000000;3466.372559
2583.000000;9785.000000;9401.000000;0.000000;15590.000000;9785.000000;0.000000;3467.728271
2584.000000;9785.000000;10589.000000;0.000000;22780.000000;9785.000000;0.000000;3469.097168
2585.000000;9785.000000;10147.000000;0.000000;14106.000000;9785.000000;0.000000;3470.470703
2586.000000;9785.000000;11103.000000;0.000000;73569.000000;9785.000000;0.000000;3471.848877
2587.000000;9785.000000;10256.000000;0.000000;25904.000000;9785.000000;0.000000;3473.222900
2588.000000;9785.000000;11447.000000;0.000000;40851.000000;9785.000000;0.000000;3474.586914
2589.000000;9785.000000;10187.000000;0.000000;24350.000000;9785.000000;0.000000;3475.964111
2590.000000;9785.000000;11020.000000;0.000000;30104.000000;9785.000000;0.000000;3477.346680
2591.000000;9785.000000;9071.000000;0.000000;48706.000000;9785.000000;0.000000;3478.741943
2592.000000;9785.000000;10376.000000;0.000000;28483.000000;9785.000000;0.000000;3480.132568
2593.000000;9785.000000;10531.000000;0.000000;14187.000000;9785.000000;0.000000;3481.565918
2594.000000;9785.000000;11787.000000;0.000000;41052.000000;9785.000000;0.000000;3482.971680
2595.000000;9785.000000;10036.000000;0.000000;18338.000000;9785.000000;0.000000;3484.379883
2596.000000;9785.000000;12232.000000;0.000000;64987.000000;9785.000000;0.000000;3485.880127
2597.000000;9785.000000;10095.000000;0.000000;21807.000000;9785.000000;0.000000;3487.865234
2598.000000;9785.000000;10149.000000;0.000000;21953.000000;9785.000000;0.000000;3489.513672
2599.000000;9785.000000;9569.000000;0.000000;19998.000000;9785.000000;0.000000;3490.922852
2600.000000;9785.000000;12346.000000;0.000000;62558.000000;9785.000000;0.000000;3492.310547
2601.000000;9785.000000;9535.000000;0.000000;27847.000000;9785.000000;0.000000;3493.693604
2602.000000;9785.000000;9854.000000;0.000000;23472.000000;9785.000000;0.000000;3495.067871
2603.000000;9785.000000;12990.000000;0.000000;92761.000000;9785.000000;0.000000;3496.487305
2604.000000;9785.000000;10364.000000;0.000000;26102.000000;9785.000000;0.000000;3497.882080
2605.000000;9785.000000;8868.000000;0.000000;33488.000000;9785.000000;0.000000;3499.280762
2606.000000;9785.000000;9327.000000;0.000000;23139.000000;9785.000000;0.000000;3500.672119
2607.000000;9785.000000;13111.000000;0.000000;98985.000000;9785.000000;0.000000;3502.067871
2608.000000;9785.000000;9767.000000;0.000000;13754.000000;9785.000000;0.000000;3503.456543
2609.000000;9785.000000;10683.000000;0.000000;28569.000000;9785.000000;0.000000;3504.855469
2610.000000;9785.000000;10504.000000;0.000000;24300.000000;9785.000000;0.000000;3506.312500
2611.000000;9785.000000;9778.000000;0.000000;49377.000000;9785.000000;0.000000;3507.722168
2612.000000;9785.000000;11460.000000;0.000000;34725.000000;9785.000000;0.000000;3509.127930
2613.000000;9785.000000;10018.000000;0.000000;15171.000000;9785.000000;0.000000;3510.543701
2614.000000;9785.000000;11732.000000;0.000000;39856.000000;9785.000000;0.000000;3511.823730
2615.000000;9785.000000;12402.000000;0.000000;68023.000000;9785.000000;0.000000;3513.070801
2616.000000;9785.000000;10531.000000;0.000000;28545.000000;9785.000000;0.000000;3514.310303
2617.000000;9785.000000;12353.000000;0.000000;78112.000000;9785.000000;0.000000;3515.556396
2618.000000;9785.000000;11442.000000;0.000000;29587.000000;9785.000000;0.000000;3516.842773
2619.000000;9785.000000;10156.000000;0.000000;14459.000000;9785.000000;0.000000;3518.094482
2620.000000;9785.000000;10403.000000;0.000000;27539.000000;9785.000000;0.000000;3519.347168
2621.000000;9785.000000;10138.000000;0.000000;27282.000000;9785.000000;0.000000;3520.872559
2622.000000;9785.000000;8910.000000;0.000000;36616.000000;9785.000000;0.000000;3522.264160
2623.000000;9785.000000;9207.000000;0.000000;28862.000000;9785.000000;0.000000;3523.658691
2624.000000;9785.000000;10572.000000;0.000000;28907.000000;9785.000000;0.000000;3525.101318
2625.000000;9785.000000;11482.000000;0.000000;72527.000000;9785.000000;0.000000;3526.546875
2626.000000;9785.000000;10202.000000;0.000000;21471.000000;9785.000000;0.000000;3527.970459
2627.000000;9785.000000;10760.000000;0.000000;33172.000000;9785.000000;0.000000;3529.375488
2628.000000;9785.000000;10958.000000;0.000000;29378.000000;9785.000000;0.000000;3530.778809
2629.000000;9785.000000;10211.000000;0.000000;30796.000000;9785.000000;0.000000;3532.182861
2630.000000;9785.000000;10917.000000;0.000000;35388.000000;9785.000000;0.000000;3533.705322
2631.000000;9785.000000;11149.000000;0.000000;27158.000000;9785.000000;0.000000;3535.118896
2632.000000;9785.000000;11419.000000;0.000000;37385.000000;9785.000000;0.000000;3536.574951
2633.000000;9785.000000;10831.000000;0.000000;22317.000000;9785.000000;0.000000;3537.992920
2634.000000;9785.000000;11772.000000;0.000000;70216.000000;9785.000000;0.000000;3539.369629
2635.000000;9785.000000;10873.000000;0.000000;36229.000000;9785.000000;0.000000;3540.595215
2636.000000;9785.000000;9780.000000;0.000000;39280.000000;9785.000000;0.000000;3541.815674
2637.000000;9785.000000;10895.000000;0.000000;28833.000000;9785.000000;0.000000;3543.037842
2638.000000;9785.000000;10277.000000;0.000000;36418.000000;9785.000000;0.000000;3544.259521
2639.000000;9785.000000;12762.000000;0.000000;91878.000000;9785.000000;0.000000;3545.477295
2640.000000;9785.000000;9399.000000;0.000000;20638.000000;9785.000000;0.000000;3546.741211
2641.000000;9785.000000;10278.000000;0.000000;27742.000000;9785.000000;0.000000;3548.236572
2642.000000;9785.000000;10549.000000;0.000000;27975.000000;9785.000000;0.000000;3549.628662
2643.000000;9785.000000;9650.000000;0.000000;26126.000000;9785.000000;0.000000;3550.996826
2644.000000;9785.000000;10629.000000;0.000000;21450.000000;9785.000000;0.000000;3552.374023
2645.000000;9785.000000;11729.000000;0.000000;38196.000000;9785.000000;0.000000;3553.752930
2646.000000;9785.000000;9152.000000;0.000000;30703.000000;9785.000000;0.000000;3555.133301
2647.000000;9785.000000;10547.000000;0.000000;36186.000000;9785.000000;0.000000;3556.526123
2648.000000;9785.000000;9715.000000;0.000000;22995.000000;9785.000000;0.000000;3557.916260
2649.000000;9785.000000;10978.000000;0.000000;19823.000000;9785.000000;0.000000;3559.297119
2650.000000;9785.000000;9880.000000;0.000000;31137.000000;9785.000000;0.000000;3560.674561
2651.000000;9785.000000;9933.000000;0.000000;22886.000000;9785.000000;0.000000;3562.048828
2652.000000;9785.000000;10304.000000;0.000000;28613.000000;9785.000000;0.000000;3563.422852
2653.000000;9785.000000;10620.000000;0.000000;47475.000000;9785.000000;0.000000;3565.001465
2654.000000;9785.000000;10314.000000;0.000000;15238.000000;9785.000000;0.000000;3566.552734
2655.000000;9785.000000;10027.000000;0.000000;18924.000000;9785.000000;0.000000;3567.938721
2656.000000;9785.000000;10093.000000;0.000000;9696.000000;9785.000000;0.000000;3569.312500
2657.000000;9785.000000;10967.000000;0.000000;37105.000000;9785.000000;0.000000;3570.697266
2658.000000;9785.000000;9457.000000;0.000000;33697.000000;9785.000000;0.000000;3572.065430
2659.000000;9785.000000;12398.000000;0.000000;111210.000000;9785.000000;0.000000;3573.423584
2660.000000;9785.000000;11937.000000;0.000000;72509.000000;9785.000000;0.000000;3574.788574
2661.000000;9785.000000;10672.000000;0.000000;40033.000000;9785.000000;0.000000;3576.224854
2662.000000;9785.000000;10469.000000;0.000000;20307.000000;9785.000000;0.000000;3577.585693
2663.000000;9785.000000;11696.000000;0.000000;22299.000000;9785.000000;0.000000;3578.934570
2664.000000;9785.000000;10011.000000;0.000000;22026.000000;9785.000000;0.000000;3580.294922
2665.000000;9785.000000;10070.000000;0.000000;14951.000000;9785.000000;0.000000;3581.646240
2666.000000;9785.000000;11262.000000;0.000000;29374.000000;9785.000000;0.000000;3583.002686
2667.000000;9785.000000;11414.000000;0.000000;51414.000000;9785.000000;0.000000;3584.382568
2668.000000;9785.000000;11360.000000;0.000000;32990.000000;9785.000000;0.000000;3585.741455
2669.000000;9785.000000;10423.000000;0.000000;16124.000000;9785.000000;0.000000;3587.121826
2670.000000;9785.000000;10491.000000;0.000000;34760.000000;9785.000000;0.000000;3588.500488
2671.000000;9785.000000;10942.000000;0.000000;18937.000000;9785.000000;0.000000;3590.024414
2672.000000;9785.000000;11106.000000;0.000000;49661.000000;9785.000000;0.000000;3591.533691
2673.000000;9785.000000;11751.000000;0.000000;50243.000000;9785.000000;0.000000;3593.017822
2674.000000;9785.000000;10208.000000;0.000000;21724.000000;9785.000000;0.000000;3594.817871
2675.000000;9785.000000;10770.000000;0.000000;35093.000000;9785.000000;0.000000;3596.221191
2676.000000;9785.000000;10052.000000;0.000000;30420.000000;9785.000000;0.000000;3597.461426
2677.000000;9785.000000;9903.000000;0.000000;19655.000000;9785.000000;0.000000;3598.667725
2678.000000;9785.000000;11736.000000;0.000000;37724.000000;9785.000000;0.000000;3599.881104
2679.000000;9785.000000;10582.000000;0.000000;30901.000000;9785.000000;0.000000;3601.097168
0.000000;0.000000;0.000000;0.000000;0.000000;0.000000;0.000000;0.000000
0.000000;0.000000;0.000000;0.000000;0.000000;0.000000;0.000000;0.000000
0.000000;0.000000;0.000000;0.000000;0.000000;0.000000;0.000000;0.000000
0.000000;0.000000;0.000000;0.000000;0.000000;0.000000;0.000000;0.000000
0.000000;0.000000;0.000000;0.000000;0.000000;0.000000;0.000000;0.000000
0.000000;0.000000;0.000000;0.000000;0.000000;0.000000;0.000000;0.000000
0.000000;0.000000;0.000000;0.000000;0.000000;0.000000;0.000000;0.000000
0.000000;0.000000;0.000000;0.000000;0.000000;0.000000;0.000000;0.000000
0.000000;0.000000;0.000000;0.000000;0.000000;0.000000;0.000000;0.000000
0.000000;0.000000;0.000000;0.000000;0.000000;0.000000;0.000000;0.000000
0.000000;0.000000;0.000000;0.000000;0.000000;0.000000;0.000000;0.000000
0.000000;0.000000;0.000000;0.000000;0.000000;0.000000;0.000000;0.000000
0.000000;0.000000;0.000000;0.000000;0.000000;0.000000;0.000000;0.000000
0.000000;0.000000;0.000000;0.000000;0.000000;0.000000;0.000000;0.000000
0.000000;0.000000;0.000000;0.000000;0.000000;0.000000;0.000000;0.000000
0.000000;0.000000;0.000000;0.000000;0.000000;0.000000;0.000000;0.000000
0.000000;0.000000;0.000000;0.000000;0.000000;0.000000;0.000000;0.000000
0.000000;0.000000;0.000000;0.000000;0.000000;0.000000;0.000000;0.000000
0.000000;0.000000;0.000000;0.000000;0.000000;0.000000;0.000000;0.000000
0.000000;0.000000;0.000000;0.000000;0.000000;0.000000;0.000000;0.000000
0.000000;0.000000;0.000000;0.000000;0.000000;0.000000;0.000000;0.000000
0.000000;0.000000;0.000000;0.000000;0.000000;0.000000;0.000000;0.000000
0.000000;0.000000;0.000000;0.000000;0.000000;0.000000;0.000000;0.000000
0.000000;0.000000;0.000000;0.000000;0.000000;0.000000;0.000000;0.000000
0.000000;0.000000;0.000000;0.000000;0.000000;0.000000;0.000000;0.000000
0.000000;0.000000;0.000000;0.000000;0.000000;0.000000;0.000000;0.000000
0.000000;0.000000;0.000000;0.000000;0.000000;0.000000;0.000000;0.000000
0.000000;0.000000;0.000000;0.000000;0.000000;0.000000;0.000000;0.000000
0.000000;0.000000;0.000000;0.000000;0.000000;0.000000;0.000000;0.000000
0.000000;0.000000;0.000000;0.000000;0.000000;0.000000;0.000000;0.000000
0.000000;0.000000;0.000000;0.000000;0.000000;0.000000;0.000000;0.000000
0.000000;0.000000;0.000000;0.000000;0.000000;0.000000;0.000000;0.000000
0.000000;0.000000;0.000000;0.000000;0.000000;0.000000;0.000000;0.000000
0.000000;0.000000;0.000000;0.000000;0.000000;0.000000;0.000000;0.000000
0.000000;0.000000;0.000000;0.000000;0.000000;0.000000;0.000000;0.000000
0.000000;0.000000;0.000000;0.000000;0.000000;0.000000;0.000000;0.000000
0.000000;0.000000;0.000000;0.000000;0.000000;0.000000;0.000000;0.000000
0.000000;0.000000;0.000000;0.000000;0.000000;0.000000;0.000000;0.000000
0.000000;0.000000;0.000000;0.000000;0.000000;0.000000;0.000000;0.000000
0.000000;0.000000;0.000000;0.000000;0.000000;0.000000;0.000000;0.000000
0.000000;0.000000;0.000000;0.000000;0.000000;0.000000;0.000000;0.000000
0.000000;0.000000;0.000000;0.000000;0.000000;0.000000;0.000000;0.000000
0.000000;0.000000;0.000000;0.000000;0.000000;0.000000;0.000000;0.000000
0.000000;0.000000;0.000000;0.000000;0.000000;0.000000;0.000000;0.000000
0.000000;0.000000;0.000000;0.000000;0.000000;0.000000;0.000000;0.000000
0.000000;0.000000;0.000000;0.000000;0.000000;0.000000;0.000000;0.000000
0.000000;0.000000;0.000000;0.000000;0.000000;0.000000;0.000000;0.000000
0.000000;0.000000;0.000000;0.000000;0.000000;0.000000;0.000000;0.000000
0.000000;0.000000;0.000000;0.000000;0.000000;0.000000;0.000000;0.000000
0.000000;0.000000;0.000000;0.000000;0.000000;0.000000;0.000000;0.000000
0.000000;0.000000;0.000000;0.000000;0.000000;0.000000;0.000000;0.000000
0.000000;0.000000;0.000000;0.000000;0.000000;0.000000;0.000000;0.000000
0.000000;0.000000;0.000000;0.000000;0.000000;0.000000;0.000000;0.000000
0.000000;0.000000;0.000000;0.000000;0.000000;0.000000;0.000000;0.000000
0.000000;0.000000;0.000000;0.000000;0.000000;0.000000;0.000000;0.000000
0.000000;0.000000;0.000000;0.000000;0.000000;0.000000;0.000000;0.000000
0.000000;0.000000;0.000000;0.000000;0.000000;0.000000;0.000000;0.000000
0.000000;0.000000;0.000000;0.000000;0.000000;0.000000;0.000000;0.000000
0.000000;0.000000;0.000000;0.000000;0.000000;0.000000;0.000000;0.000000
0.000000;0.000000;0.000000;0.000000;0.000000;0.000000;0.000000;0.000000
0.000000;0.000000;0.000000;0.000000;0.000000;0.000000;0.000000;0.000000
0.000000;0.000000;0.000000;0.000000;0.000000;0.000000;0.000000;0.000000
0.000000;0.000000;0.000000;0.000000;0.000000;0.000000;0.000000;0.000000
0.000000;0.000000;0.000000;0.000000;0.000000;0.000000;0.000000;0.000000
0.000000;0.000000;0.000000;0.000000;0.000000;0.000000;0.000000;0.000000
0.000000;0.000000;0.000000;0.000000;0.000000;0.000000;0.000000;0.000000
0.000000;0.000000;0.000000;0.000000;0.000000;0.000000;0.000000;0.000000
0.000000;0.000000;0.000000;0.000000;0.000000;0.000000;0.000000;0.000000
0.000000;0.000000;0.000000;0.000000;0.000000;0.000000;0.000000;0.000000
0.000000;0.000000;0.000000;0.000000;0.000000;0.000000;0.000000;0.000000
0.000000;0.000000;0.000000;0.000000;0.000000;0.000000;0.000000;0.000000
0.000000;0.000000;0.000000;0.000000;0.000000;0.000000;0.000000;0.000000
0.000000;0.000000;0.000000;0.000000;0.000000;0.000000;0.000000;0.000000
0.000000;0.000000;0.000000;0.000000;0.000000;0.000000;0.000000;0.000000
0.000000;0.000000;0.000000;0.000000;0.000000;0.000000;0.000000;0.000000
0.000000;0.000000;0.000000;0.000000;0.000000;0.000000;0.000000;0.000000
0.000000;0.000000;0.000000;0.000000;0.000000;0.000000;0.000000;0.000000
0.000000;0.000000;0.000000;0.000000;0.000000;0.000000;0.000000;0.000000
0.000000;0.000000;0.000000;0.000000;0.000000;0.000000;0.000000;0.000000
0.000000;0.000000;0.000000;0.000000;0.000000;0.000000;0.000000;0.000000
0.000000;0.000000;0.000000;0.000000;0.000000;0.000000;0.000000;0.000000
0.000000;0.000000;0.000000;0.000000;0.000000;0.000000;0.000000;0.000000
0.000000;0.000000;0.000000;0.000000;0.000000;0.000000;0.000000;0.000000
0.000000;0.000000;0.000000;0.000000;0.000000;0.000000;0.000000;0.000000
0.000000;0.000000;0.000000;0.000000;0.000000;0.000000;0.000000;0.000000
0.000000;0.000000;0.000000;0.000000;0.000000;0.000000;0.000000;0.000000
0.000000;0.000000;0.000000;0.000000;0.000000;0.000000;0.000000;0.000000
0.000000;0.000000;0.000000;0.000000;0.000000;0.000000;0.000000;0.000000
0.000000;0.000000;0.000000;0.000000;0.000000;0.000000;0.000000;0.000000
0.000000;0.000000;0.000000;0.000000;0.000000;0.000000;0.000000;0.000000
0.000000;0.000000;0.000000;0.000000;0.000000;0.000000;0.000000;0.000000
0.000000;0.000000;0.000000;0.000000;0.000000;0.000000;0.000000;0.000000
0.000000;0.000000;0.000000;0.000000;0.000000;0.000000;0.000000;0.000000
0.000000;0.000000;0.000000;0.000000;0.000000;0.000000;0.000000;0.000000
0.000000;0.000000;0.000000;0.000000;0.000000;0.000000;0.000000;0.000000
0.000000;0.000000;0.000000;0.000000;0.000000;0.000000;0.000000;0.000000
0.000000;0.000000;0.000000;0.000000;0.000000;0.000000;0.000000;0.000000
0.000000;0.000000;0.000000;0.000000;0.000000;0.000000;0.000000;0.000000
0.000000;0.000000;0.000000;0.000000;0.000000;0.000000;0.000000;0.000000
0.000000;0.000000;0.000000;0.000000;0.000000;0.000000;0.000000;0.000000
0.000000;0.000000;0.000000;0.000000;0.000000;0.000000;0.000000;0.000000
0.000000;0.000000;0.000000;0.000000;0.000000;0.000000;0.000000;0.000000
0.000000;0.000000;0.000000;0.000000;0.000000;0.000000;0.000000;0.000000
0.000000;0.000000;0.000000;0.000000;0.000000;0.000000;0.000000;0.000000
0.000000;0.000000;0.000000;0.000000;0.000000;0.000000;0.000000;0.000000
0.000000;0.000000;0.000000;0.000000;0.000000;0.000000;0.000000;0.000000
0.000000;0.000000;0.000000;0.000000;0.000000;0.000000;0.000000;0.000000
0.000000;0.000000;0.000000;0.000000;0.000000;0.000000;0.000000;0.000000
0.000000;0.000000;0.000000;0.000000;0.000000;0.000000;0.000000;0.000000
0.000000;0.000000;0.000000;0.000000;0.000000;0.000000;0.000000;0.000000
0.000000;0.000000;0.000000;0.000000;0.000000;0.000000;0.000000;0.000000
0.000000;0.000000;0.000000;0.000000;0.000000;0.000000;0.000000;0.000000
0.000000;0.000000;0.000000;0.000000;0.000000;0.000000;0.000000;0.000000
0.000000;0.000000;0.000000;0.000000;0.000000;0.000000;0.000000;0.000000
0.000000;0.000000;0.000000;0.000000;0.000000;0.000000;0.000000;0.000000
0.000000;0.000000;0.000000;0.000000;0.000000;0.000000;0.000000;0.000000
0.000000;0.000000;0.000000;0.000000;0.000000;0.000000;0.000000;0.000000
0.000000;0.000000;0.000000;0.000000;0.000000;0.000000;0.000000;0.000000
0.000000;0.000000;0.000000;0.000000;0.000000;0.000000;0.000000;0.000000
0.000000;0.000000;0.000000;0.000000;0.000000;0.000000;0.000000;0.000000
0.000000;0.000000;0.000000;0.000000;0.000000;0.000000;0.000000;0.000000
0.000000;0.000000;0.000000;0.000000;0.000000;0.000000;0.000000;0.000000
0.000000;0.000000;0.000000;0.000000;0.000000;0.000000;0.000000;0.000000
0.000000;0.000000;0.000000;0.000000;0.000000;0.000000;0.000000;0.000000
0.000000;0.000000;0.000000;0.000000;0.000000;0.000000;0.000000;0.000000
0.000000;0.000000;0.000000;0.000000;0.000000;0.000000;0.000000;0.000000
0.000000;0.000000;0.000000;0.000000;0.000000;0.000000;0.000000;0.000000
0.000000;0.000000;0.000000;0.000000;0.000000;0.000000;0.000000;0.000000
0.000000;0.000000;0.000000;0.000000;0.000000;0.000000;0.000000;0.000000
0.000000;0.000000;0.000000;0.000000;0.000000;0.000000;0.000000;0.000000
0.000000;0.000000;0.000000;0.000000;0.000000;0.000000;0.000000;0.000000
0.000000;0.000000;0.000000;0.000000;0.000000;0.000000;0.000000;0.000000
0.000000;0.000000;0.000000;0.000000;0.000000;0.000000;0.000000;0.000000
0.000000;0.000000;0.000000;0.000000;0.000000;0.000000;0.000000;0.000000
0.000000;0.000000;0.000000;0.000000;0.000000;0.000000;0.000000;0.000000
0.000000;0.000000;0.000000;0.000000;0.000000;0.000000;0.000000;0.000000
0.000000;0.000000;0.000000;0.000000;0.000000;0.000000;0.000000;0.000000
0.000000;0.000000;0.000000;0.000000;0.000000;0.000000;0.000000;0.000000
0.000000;0.000000;0.000000;0.000000;0.000000;0.000000;0.000000;0.000000
0.000000;0.000000;0.000000;0.000000;0.000000;0.000000;0.000000;0.000000
0.000000;0.000000;0.000000;0.000000;0.000000;0.000000;0.000000;0.000000
0.000000;0.000000;0.000000;0.000000;0.000000;0.000000;0.000000;0.000000
0.000000;0.000000;0.000000;0.000000;0.000000;0.000000;0.000000;0.000000
0.000000;0.000000;0.000000;0.000000;0.000000;0.000000;0.000000;0.000000
0.000000;0.000000;0.000000;0.000000;0.000000;0.000000;0.000000;0.000000
0.000000;0.000000;0.000000;0.000000;0.000000;0.000000;0.000000;0.000000
0.000000;0.000000;0.000000;0.000000;0.000000;0.000000;0.000000;0.000000
0.000000;0.000000;0.000000;0.000000;0.000000;0.000000;0.000000;0.000000
0.000000;0.000000;0.000000;0.000000;0.000000;0.000000;0.000000;0.000000
0.000000;0.000000;0.000000;0.000000;0.000000;0.000000;0.000000;0.000000
0.000000;0.000000;0.000000;0.000000;0.000000;0.000000;0.000000;0.000000
0.000000;0.000000;0.000000;0.000000;0.000000;0.000000;0.000000;0.000000
0.000000;0.000000;0.000000;0.000000;0.000000;0.000000;0.000000;0.000000
0.000000;0.000000;0.000000;0.000000;0.000000;0.000000;0.000000;0.000000
0.000000;0.000000;0.000000;0.000000;0.000000;0.000000;0.000000;0.000000
0.000000;0.000000;0.000000;0.000000;0.000000;0.000000;0.000000;0.000000
0.000000;0.000000;0.000000;0.000000;0.000000;0.000000;0.000000;0.000000
0.000000;0.000000;0.000000;0.000000;0.000000;0.000000;0.000000;0.000000
0.000000;0.000000;0.000000;0.000000;0.000000;0.000000;0.000000;0.000000
0.000000;0.000000;0.000000;0.000000;0.000000;0.000000;0.000000;0.000000
0.000000;0.000000;0.000000;0.000000;0.000000;0.000000;0.000000;0.000000
0.000000;0.000000;0.000000;0.000000;0.000000;0.000000;0.000000;0.000000
0.000000;0.000000;0.000000;0.000000;0.000000;0.000000;0.000000;0.000000
0.000000;0.000000;0.000000;0.000000;0.000000;0.000000;0.000000;0.000000
0.000000;0.000000;0.000000;0.000000;0.000000;0.000000;0.000000;0.000000
0.000000;0.000000;0.000000;0.000000;0.000000;0.000000;0.000000;0.000000
0.000000;0.000000;0.000000;0.000000;0.000000;0.000000;0.000000;0.000000
0.000000;0.000000;0.000000;0.000000;0.000000;0.000000;0.000000;0.000000
0.000000;0.000000;0.000000;0.000000;0.000000;0.000000;0.000000;0.000000
0.000000;0.000000;0.000000;0.000000;0.000000;0.000000;0.000000;0.000000
0.000000;0.000000;0.000000;0.000000;0.000000;0.000000;0.000000;0.000000
0.000000;0.000000;0.000000;0.000000;0.000000;0.000000;0.000000;0.000000
0.000000;0.000000;0.000000;0.000000;0.000000;0.000000;0.000000;0.000000
0.000000;0.000000;0.000000;0.000000;0.000000;0.000000;0.000000;0.000000
0.000000;0.000000;0.000000;0.000000;0.000000;0.000000;0.000000;0.000000
0.000000;0.000000;0.000000;0.000000;0.000000;0.000000;0.000000;0.000000
0.000000;0.000000;0.000000;0.000000;0.000000;0.000000;0.000000;0.000000
0.000000;0.000000;0.000000;0.000000;0.000000;0.000000;0.000000;0.000000
0.000000;0.000000;0.000000;0.000000;0.000000;0.000000;0.000000;0.000000
0.000000;0.000000;0.000000;0.000000;0.000000;0.000000;0.000000;0.000000
0.000000;0.000000;0.000000;0.000000;0.000000;0.000000;0.000000;0.000000
0.000000;0.000000;0.000000;0.000000;0.000000;0.000000;0.000000;0.000000
0.000000;0.000000;0.000000;0.000000;0.000000;0.000000;0.000000;0.000000
0.000000;0.000000;0.000000;0.000000;0.000000;0.000000;0.000000;0.000000
0.000000;0.000000;0.000000;0.000000;0.000000;0.000000;0.000000;0.000000
0.000000;0.000000;0.000000;0.000000;0.000000;0.000000;0.000000;0.000000
0.000000;0.000000;0.000000;0.000000;0.000000;0.000000;0.000000;0.000000
0.000000;0.000000;0.000000;0.000000;0.000000;0.000000;0.000000;0.000000
0.000000;0.000000;0.000000;0.000000;0.000000;0.000000;0.000000;0.000000
0.000000;0.000000;0.000000;0.000000;0.000000;0.000000;0.000000;0.000000
0.000000;0.000000;0.000000;0.000000;0.000000;0.000000;0.000000;0.000000
0.000000;0.000000;0.000000;0.000000;0.000000;0.000000;0.000000;0.000000
0.000000;0.000000;0.000000;0.000000;0.000000;0.000000;0.000000;0.000000
0.000000;0.000000;0.000000;0.000000;0.000000;0.000000;0.000000;0.000000
0.000000;0.000000;0.000000;0.000000;0.000000;0.000000;0.000000;0.000000
0.000000;0.000000;0.000000;0.000000;0.000000;0.000000;0.000000;0.000000
0.000000;0.000000;0.000000;0.000000;0.000000;0.000000;0.000000;0.000000
0.000000;0.000000;0.000000;0.000000;0.000000;0.000000;0.000000;0.000000
0.000000;0.000000;0.000000;0.000000;0.000000;0.000000;0.000000;0.000000
0.000000;0.000000;0.000000;0.000000;0.000000;0.000000;0.000000;0.000000
0.000000;0.000000;0.000000;0.000000;0.000000;0.000000;0.000000;0.000000
0.000000;0.000000;0.000000;0.000000;0.000000;0.000000;0.000000;0.000000
0.000000;0.000000;0.000000;0.000000;0.000000;0.000000;0.000000;0.000000
0.000000;0.000000;0.000000;0.000000;0.000000;0.000000;0.000000;0.000000
0.000000;0.000000;0.000000;0.000000;0.000000;0.000000;0.000000;0.000000
0.000000;0.000000;0.000000;0.000000;0.000000;0.000000;0.000000;0.000000
0.000000;0.000000;0.000000;0.000000;0.000000;0.000000;0.000000;0.000000
0.000000;0.000000;0.000000;0.000000;0.000000;0.000000;0.000000;0.000000
0.000000;0.000000;0.000000;0.000000;0.000000;0.000000;0.000000;0.000000
0.000000;0.000000;0.000000;0.000000;0.000000;0.000000;0.000000;0.000000
0.000000;0.000000;0.000000;0.000000;0.000000;0.000000;0.000000;0.000000
0.000000;0.000000;0.000000;0.000000;0.000000;0.000000;0.000000;0.000000
0.000000;0.000000;0.000000;0.000000;0.000000;0.000000;0.000000;0.000000
0.000000;0.000000;0.000000;0.000000;0.000000;0.000000;0.000000;0.000000
0.000000;0.000000;0.000000;0.000000;0.000000;0.000000;0.000000;0.000000
0.000000;0.000000;0.000000;0.000000;0.000000;0.000000;0.000000;0.000000
0.000000;0.000000;0.000000;0.000000;0.000000;0.000000;0.000000;0.000000
0.000000;0.000000;0.000000;0.000000;0.000000;0.000000;0.000000;0.000000
0.000000;0.000000;0.000000;0.000000;0.000000;0.000000;0.000000;0.000000
0.000000;0.000000;0.000000;0.000000;0.000000;0.000000;0.000000;0.000000
0.000000;0.000000;0.000000;0.000000;0.000000;0.000000;0.000000;0.000000
0.000000;0.000000;0.000000;0.000000;0.000000;0.000000;0.000000;0.000000
0.000000;0.000000;0.000000;0.000000;0.000000;0.000000;0.000000;0.000000
0.000000;0.000000;0.000000;0.000000;0.000000;0.000000;0.000000;0.000000
0.000000;0.000000;0.000000;0.000000;0.000000;0.000000;0.000000;0.000000
0.000000;0.000000;0.000000;0.000000;0.000000;0.000000;0.000000;0.000000
0.000000;0.000000;0.000000;0.000000;0.000000;0.000000;0.000000;0.000000
0.000000;0.000000;0.000000;0.000000;0.000000;0.000000;0.000000;0.000000
0.000000;0.000000;0.000000;0.000000;0.000000;0.000000;0.000000;0.000000
0.000000;0.000000;0.000000;0.000000;0.000000;0.000000;0.000000;0.000000
0.000000;0.000000;0.000000;0.000000;0.000000;0.000000;0.000000;0.000000
0.000000;0.000000;0.000000;0.000000;0.000000;0.000000;0.000000;0.000000
0.000000;0.000000;0.000000;0.000000;0.000000;0.000000;0.000000;0.000000
0.000000;0.000000;0.000000;0.000000;0.000000;0.000000;0.000000;0.000000
0.000000;0.000000;0.000000;0.000000;0.000000;0.000000;0.000000;0.000000
0.000000;0.000000;0.000000;0.000000;0.000000;0.000000;0.000000;0.000000
0.000000;0.000000;0.000000;0.000000;0.000000;0.000000;0.000000;0.000000
0.000000;0.000000;0.000000;0.000000;0.000000;0.000000;0.000000;0.000000
0.000000;0.000000;0.000000;0.000000;0.000000;0.000000;0.000000;0.000000
0.000000;0.000000;0.000000;0.000000;0.000000;0.000000;0.000000;0.000000
0.000000;0.000000;0.000000;0.000000;0.000000;0.000000;0.000000;0.000000
0.000000;0.000000;0.000000;0.000000;0.000000;0.000000;0.000000;0.000000
0.000000;0.000000;0.000000;0.000000;0.000000;0.000000;0.000000;0.000000
0.000000;0.000000;0.000000;0.000000;0.000000;0.000000;0.000000;0.000000
0.000000;0.000000;0.000000;0.000000;0.000000;0.000000;0.000000;0.000000
0.000000;0.000000;0.000000;0.000000;0.000000;0.000000;0.000000;0.000000
0.000000;0.000000;0.000000;0.000000;0.000000;0.000000;0.000000;0.000000
0.000000;0.000000;0.000000;0.000000;0.000000;0.000000;0.000000;0.000000
0.000000;0.000000;0.000000;0.000000;0.000000;0.000000;0.000000;0.000000
0.000000;0.000000;0.000000;0.000000;0.000000;0.000000;0.000000;0.000000
0.000000;0.000000;0.000000;0.000000;0.000000;0.000000;0.000000;0.000000
0.000000;0.000000;0.000000;0.000000;0.000000;0.000000;0.000000;0.000000
0.000000;0.000000;0.000000;0.000000;0.000000;0.000000;0.000000;0.000000
0.000000;0.000000;0.000000;0.000000;0.000000;0.000000;0.000000;0.000000
0.000000;0.000000;0.000000;0.000000;0.000000;0.000000;0.000000;0.000000
0.000000;0.000000;0.000000;0.000000;0.000000;0.000000;0.000000;0.000000
0.000000;0.000000;0.000000;0.000000;0.000000;0.000000;0.000000;0.000000
0.000000;0.000000;0.000000;0.000000;0.000000;0.000000;0.000000;0.000000
0.000000;0.000000;0.000000;0.000000;0.000000;0.000000;0.000000;0.000000
0.000000;0.000000;0.000000;0.000000;0.000000;0.000000;0.000000;0.000000
0.000000;0.000000;0.000000;0.000000;0.000000;0.000000;0.000000;0.000000
0.000000;0.000000;0.000000;0.000000;0.000000;0.000000;0.000000;0.000000
0.000000;0.000000;0.000000;0.000000;0.000000;0.000000;0.000000;0.000000
0.000000;0.000000;0.000000;0.000000;0.000000;0.000000;0.000000;0.000000
0.000000;0.000000;0.000000;0.000000;0.000000;0.000000;0.000000;0.000000
0.000000;0.000000;0.000000;0.000000;0.000000;0.000000;0.000000;0.000000
0.000000;0.000000;0.000000;0.000000;0.000000;0.000000;0.000000;0.000000
0.000000;0.000000;0.000000;0.000000;0.000000;0.000000;0.000000;0.000000
0.000000;0.000000;0.000000;0.000000;0.000000;0.000000;0.000000;0.000000
0.000000;0.000000;0.000000;0.000000;0.000000;0.000000;0.000000;0.000000
0.000000;0.000000;0.000000;0.000000;0.000000;0.000000;0.000000;0.000000
0.000000;0.000000;0.000000;0.000000;0.000000;0.000000;0.000000;0.000000
0.000000;0.000000;0.000000;0.000000;0.000000;0.000000;0.000000;0.000000
0.000000;0.000000;0.000000;0.000000;0.000000;0.000000;0.000000;0.000000
0.000000;0.000000;0.000000;0.000000;0.000000;0.000000;0.000000;0.000000
0.000000;0.000000;0.000000;0.000000;0.000000;0.000000;0.000000;0.000000
0.000000;0.000000;0.000000;0.000000;0.000000;0.000000;0.000000;0.000000
0.000000;0.000000;0.000000;0.000000;0.000000;0.000000;0.000000;0.000000
0.000000;0.000000;0.000000;0.000000;0.000000;0.000000;0.000000;0.000000
0.000000;0.000000;0.000000;0.000000;0.000000;0.000000;0.000000;0.000000
0.000000;0.000000;0.000000;0.000000;0.000000;0.000000;0.000000;0.000000
0.000000;0.000000;0.000000;0.000000;0.000000;0.000000;0.000000;0.000000
0.000000;0.000000;0.000000;0.000000;0.000000;0.000000;0.000000;0.000000
0.000000;0.000000;0.000000;0.000000;0.000000;0.000000;0.000000;0.000000
0.000000;0.000000;0.000000;0.000000;0.000000;0.000000;0.000000;0.000000
0.000000;0.000000;0.000000;0.000000;0.000000;0.000000;0.000000;0.000000
0.000000;0.000000;0.000000;0.000000;0.000000;0.000000;0.000000;0.000000
0.000000;0.000000;0.000000;0.000000;0.000000;0.000000;0.000000;0.000000
0.000000;0.000000;0.000000;0.000000;0.000000;0.000000;0.000000;0.000000
0.000000;0.000000;0.000000;0.000000;0.000000;0.000000;0.000000;0.000000
0.000000;0.000000;0.000000;0.000000;0.000000;0.000000;0.000000;0.000000
0.000000;0.000000;0.000000;0.000000;0.000000;0.000000;0.000000;0.000000
0.000000;0.000000;0.000000;0.000000;0.000000;0.000000;0.000000;0.000000
0.000000;0.000000;0.000000;0.000000;0.000000;0.000000;0.000000;0.000000
0.000000;0.000000;0.000000;0.000000;0.000000;0.000000;0.000000;0.000000
0.000000;0.000000;0.000000;0.000000;0.000000;0.000000;0.000000;0.000000
0.000000;0.000000;0.000000;0.000000;0.000000;0.000000;0.000000;0.000000
0.000000;0.000000;0.000000;0.000000;0.000000;0.000000;0.000000;0.000000
0.000000;0.000000;0.000000;0.000000;0.000000;0.000000;0.000000;0.000000
0.000000;0.000000;0.000000;0.000000;0.000000;0.000000;0.000000;0.000000
0.000000;0.000000;0.000000;0.000000;0.000000;0.000000;0.000000;0.000000
0.000000;0.000000;0.000000;0.000000;0.000000;0.000000;0.000000;0.000000
0.000000;0.000000;0.000000;0.000000;0.000000;0.000000;0.000000;0.000000
0.000000;0.000000;0.000000;0.000000;0.000000;0.000000;0.000000;0.000000
0.000000;0.000000;0.000000;0.000000;0.000000;0.000000;0.000000;0.000000
0.000000;0.000000;0.000000;0.000000;0.000000;0.000000;0.000000;0.000000
0.000000;0.000000;0.000000;0.000000;0.000000;0.000000;0.000000;0.000000
0.000000;0.000000;0.000000;0.000000;0.000000;0.000000;0.000000;0.000000
0.000000;0.000000;0.000000;0.000000;0.000000;0.000000;0.000000;0.000000
0.000000;0.000000;0.000000;0.000000;0.000000;0.000000;0.000000;0.000000
0.000000;0.000000;0.000000;0.000000;0.000000;0.000000;0.000000;0.000000
0.000000;0.000000;0.000000;0.000000;0.000000;0.000000;0.000000;0.000000
0.000000;0.000000;0.000000;0.000000;0.000000;0.000000;0.000000;0.000000
0.000000;0.000000;0.000000;0.000000;0.000000;0.000000;0.000000;0.000000
0.000000;0.000000;0.000000;0.000000;0.000000;0.000000;0.000000;0.000000
0.000000;0.000000;0.000000;0.000000;0.000000;0.000000;0.000000;0.000000
0.000000;0.000000;0.000000;0.000000;0.000000;0.000000;0.000000;0.000000
0.000000;0.000000;0.000000;0.000000;0.000000;0.000000;0.000000;0.000000
0.000000;0.000000;0.000000;0.000000;0.000000;0.000000;0.000000;0.000000
0.000000;0.000000;0.000000;0.000000;0.000000;0.000000;0.000000;0.000000
0.000000;0.000000;0.000000;0.000000;0.000000;0.000000;0.000000;0.000000
0.000000;0.000000;0.000000;0.000000;0.000000;0.000000;0.000000;0.000000
0.000000;0.000000;0.000000;0.000000;0.000000;0.000000;0.000000;0.000000
0.000000;0.000000;0.000000;0.000000;0.000000;0.000000;0.000000;0.000000
0.000000;0.000000;0.000000;0.000000;0.000000;0.000000;0.000000;0.000000
0.000000;0.000000;0.000000;0.000000;0.000000;0.000000;0.000000;0.000000
0.000000;0.000000;0.000000;0.000000;0.000000;0.000000;0.000000;0.000000
0.000000;0.000000;0.000000;0.000000;0.000000;0.000000;0.000000;0.000000
0.000000;0.000000;0.000000;0.000000;0.000000;0.000000;0.000000;0.000000
0.000000;0.000000;0.000000;0.000000;0.000000;0.000000;0.000000;0.000000
0.000000;0.000000;0.000000;0.000000;0.000000;0.000000;0.000000;0.000000
0.000000;0.000000;0.000000;0.000000;0.000000;0.000000;0.000000;0.000000
0.000000;0.000000;0.000000;0.000000;0.000000;0.000000;0.000000;0.000000
0.000000;0.000000;0.000000;0.000000;0.000000;0.000000;0.000000;0.000000
0.000000;0.000000;0.000000;0.000000;0.000000;0.000000;0.000000;0.000000
0.000000;0.000000;0.000000;0.000000;0.000000;0.000000;0.000000;0.000000
0.000000;0.000000;0.000000;0.000000;0.000000;0.000000;0.000000;0.000000
0.000000;0.000000;0.000000;0.000000;0.000000;0.000000;0.000000;0.000000
0.000000;0.000000;0.000000;0.000000;0.000000;0.000000;0.000000;0.000000
0.000000;0.000000;0.000000;0.000000;0.000000;0.000000;0.000000;0.000000
0.000000;0.000000;0.000000;0.000000;0.000000;0.000000;0.000000;0.000000
0.000000;0.000000;0.000000;0.000000;0.000000;0.000000;0.000000;0.000000
0.000000;0.000000;0.000000;0.000000;0.000000;0.000000;0.000000;0.000000
0.000000;0.000000;0.000000;0.000000;0.000000;0.000000;0.000000;0.000000
0.000000;0.000000;0.000000;0.000000;0.000000;0.000000;0.000000;0.000000
0.000000;0.000000;0.000000;0.000000;0.000000;0.000000;0.000000;0.000000
0.000000;0.000000;0.000000;0.000000;0.000000;0.000000;0.000000;0.000000
0.000000;0.000000;0.000000;0.000000;0.000000;0.000000;0.000000;0.000000
0.000000;0.000000;0.000000;0.000000;0.000000;0.000000;0.000000;0.000000
0.000000;0.000000;0.000000;0.000000;0.000000;0.000000;0.000000;0.000000
0.000000;0.000000;0.000000;0.000000;0.000000;0.000000;0.000000;0.000000
0.000000;0.000000;0.000000;0.000000;0.000000;0.000000;0.000000;0.000000
0.000000;0.000000;0.000000;0.000000;0.000000;0.000000;0.000000;0.000000
0.000000;0.000000;0.000000;0.000000;0.000000;0.000000;0.000000;0.000000
0.000000;0.000000;0.000000;0.000000;0.000000;0.000000;0.000000;0.000000
0.000000;0.000000;0.000000;0.000000;0.000000;0.000000;0.000000;0.000000
0.000000;0.000000;0.000000;0.000000;0.000000;0.000000;0.000000;0.000000
0.000000;0.000000;0.000000;0.000000;0.000000;0.000000;0.000000;0.000000
0.000000;0.000000;0.000000;0.000000;0.000000;0.000000;0.000000;0.000000
0.000000;0.000000;0.000000;0.000000;0.000000;0.000000;0.000000;0.000000
0.000000;0.000000;0.000000;0.000000;0.000000;0.000000;0.000000;0.000000
0.000000;0.000000;0.000000;0.000000;0.000000;0.000000;0.000000;0.000000
0.000000;0.000000;0.000000;0.000000;0.000000;0.000000;0.000000;0.000000
0.000000;0.000000;0.000000;0.000000;0.000000;0.000000;0.000000;0.000000
0.000000;0.000000;0.000000;0.000000;0.000000;0.000000;0.000000;0.000000
0.000000;0.000000;0.000000;0.000000;0.000000;0.000000;0.000000;0.000000
0.000000;0.000000;0.000000;0.000000;0.000000;0.000000;0.000000;0.000000
0.000000;0.000000;0.000000;0.000000;0.000000;0.000000;0.000000;0.000000
0.000000;0.000000;0.000000;0.000000;0.000000;0.000000;0.000000;0.000000
0.000000;0.000000;0.000000;0.000000;0.000000;0.000000;0.000000;0.000000
0.000000;0.000000;0.000000;0.000000;0.000000;0.000000;0.000000;0.000000
0.000000;0.000000;0.000000;0.000000;0.000000;0.000000;0.000000;0.000000
0.000000;0.000000;0.000000;0.000000;0.000000;0.000000;0.000000;0.000000
0.000000;0.000000;0.000000;0.000000;0.000000;0.000000;0.000000;0.000000
0.000000;0.000000;0.000000;0.000000;0.000000;0.000000;0.000000;0.000000
0.000000;0.000000;0.000000;0.000000;0.000000;0.000000;0.000000;0.000000
0.000000;0.000000;0.000000;0.000000;0.000000;0.000000;0.000000;0.000000
0.000000;0.000000;0.000000;0.000000;0.000000;0.000000;0.000000;0.000000
0.000000;0.000000;0.000000;0.000000;0.000000;0.000000;0.000000;0.000000
0.000000;0.000000;0.000000;0.000000;0.000000;0.000000;0.000000;0.000000
0.000000;0.000000;0.000000;0.000000;0.000000;0.000000;0.000000;0.000000
0.000000;0.000000;0.000000;0.000000;0.000000;0.000000;0.000000;0.000000
0.000000;0.000000;0.000000;0.000000;0.000000;0.000000;0.000000;0.000000
0.000000;0.000000;0.000000;0.000000;0.000000;0.000000;0.000000;0.000000
0.000000;0.000000;0.000000;0.000000;0.000000;0.000000;0.000000;0.000000
0.000000;0.000000;0.000000;0.000000;0.000000;0.000000;0.000000;0.000000
0.000000;0.000000;0.000000;0.000000;0.000000;0.000000;0.000000;0.000000
0.000000;0.000000;0.000000;0.000000;0.000000;0.000000;0.000000;0.000000
0.000000;0.000000;0.000000;0.000000;0.000000;0.000000;0.000000;0.000000
0.000000;0.000000;0.000000;0.000000;0.000000;0.000000;0.000000;0.000000
0.000000;0.000000;0.000000;0.000000;0.000000;0.000000;0.000000;0.000000
0.000000;0.000000;0.000000;0.000000;0.000000;0.000000;0.000000;0.000000
0.000000;0.000000;0.000000;0.000000;0.000000;0.000000;0.000000;0.000000
0.000000;0.000000;0.000000;0.000000;0.000000;0.000000;0.000000;0.000000
0.000000;0.000000;0.000000;0.000000;0.000000;0.000000;0.000000;0.000000
0.000000;0.000000;0.000000;0.000000;0.000000;0.000000;0.000000;0.000000
0.000000;0.000000;0.000000;0.000000;0.000000;0.000000;0.000000;0.000000
0.000000;0.000000;0.000000;0.000000;0.000000;0.000000;0.000000;0.000000
0.000000;0.000000;0.000000;0.000000;0.000000;0.000000;0.000000;0.000000
0.000000;0.000000;0.000000;0.000000;0.000000;0.000000;0.000000;0.000000
0.000000;0.000000;0.000000;0.000000;0.000000;0.000000;0.000000;0.000000
0.000000;0.000000;0.000000;0.000000;0.000000;0.000000;0.000000;0.000000
0.000000;0.000000;0.000000;0.000000;0.000000;0.000000;0.000000;0.000000
0.000000;0.000000;0.000000;0.000000;0.000000;0.000000;0.000000;0.000000
0.000000;0.000000;0.000000;0.000000;0.000000;0.000000;0.000000;0.000000
0.000000;0.000000;0.000000;0.000000;0.000000;0.000000;0.000000;0.000000
0.000000;0.000000;0.000000;0.000000;0.000000;0.000000;0.000000;0.000000
0.000000;0.000000;0.000000;0.000000;0.000000;0.000000;0.000000;0.000000
0.000000;0.000000;0.000000;0.000000;0.000000;0.000000;0.000000;0.000000
0.000000;0.000000;0.000000;0.000000;0.000000;0.000000;0.000000;0.000000
0.000000;0.000000;0.000000;0.000000;0.000000;0.000000;0.000000;0.000000
0.000000;0.000000;0.000000;0.000000;0.000000;0.000000;0.000000;0.000000
0.000000;0.000000;0.000000;0.000000;0.000000;0.000000;0.000000;0.000000
0.000000;0.000000;0.000000;0.000000;0.000000;0.000000;0.000000;0.000000
0.000000;0.000000;0.000000;0.000000;0.000000;0.000000;0.000000;0.000000
0.000000;0.000000;0.000000;0.000000;0.000000;0.000000;0.000000;0.000000
0.000000;0.000000;0.000000;0.000000;0.000000;0.000000;0.000000;0.000000
0.000000;0.000000;0.000000;0.000000;0.000000;0.000000;0.000000;0.000000
0.000000;0.000000;0.000000;0.000000;0.000000;0.000000;0.000000;0.000000
0.000000;0.000000;0.000000;0.000000;0.000000;0.000000;0.000000;0.000000
0.000000;0.000000;0.000000;0.000000;0.000000;0.000000;0.000000;0.000000
0.000000;0.000000;0.000000;0.000000;0.000000;0.000000;0.000000;0.000000
0.000000;0.000000;0.000000;0.000000;0.000000;0.000000;0.000000;0.000000
0.000000;0.000000;0.000000;0.000000;0.000000;0.000000;0.000000;0.000000
0.000000;0.000000;0.000000;0.000000;0.000000;0.000000;0.000000;0.000000
0.000000;0.000000;0.000000;0.000000;0.000000;0.000000;0.000000;0.000000
0.000000;0.000000;0.000000;0.000000;0.000000;0.000000;0.000000;0.000000
0.000000;0.000000;0.000000;0.000000;0.000000;0.000000;0.000000;0.000000
0.000000;0.000000;0.000000;0.000000;0.000000;0.000000;0.000000;0.000000
0.000000;0.000000;0.000000;0.000000;0.000000;0.000000;0.000000;0.000000
0.000000;0.000000;0.000000;0.000000;0.000000;0.000000;0.000000;0.000000
0.000000;0.000000;0.000000;0.000000;0.000000;0.000000;0.000000;0.000000
0.000000;0.000000;0.000000;0.000000;0.000000;0.000000;0.000000;0.000000
0.000000;0.000000;0.000000;0.000000;0.000000;0.000000;0.000000;0.000000
0.000000;0.000000;0.000000;0.000000;0.000000;0.000000;0.000000;0.000000
0.000000;0.000000;0.000000;0.000000;0.000000;0.000000;0.000000;0.000000
0.000000;0.000000;0.000000;0.000000;0.000000;0.000000;0.000000;0.000000
0.000000;0.000000;0.000000;0.000000;0.000000;0.000000;0.000000;0.000000
0.000000;0.000000;0.000000;0.000000;0.000000;0.000000;0.000000;0.000000
0.000000;0.000000;0.000000;0.000000;0.000000;0.000000;0.000000;0.000000
0.000000;0.000000;0.000000;0.000000;0.000000;0.000000;0.000000;0.000000
0.000000;0.000000;0.000000;0.000000;0.000000;0.000000;0.000000;0.000000
0.000000;0.000000;0.000000;0.000000;0.000000;0.000000;0.000000;0.000000
0.000000;0.000000;0.000000;0.000000;0.000000;0.000000;0.000000;0.000000
0.000000;0.000000;0.000000;0.000000;0.000000;0.000000;0.000000;0.000000
0.000000;0.000000;0.000000;0.000000;0.000000;0.000000;0.000000;0.000000
0.000000;0.000000;0.000000;0.000000;0.000000;0.000000;0.000000;0.000000
0.000000;0.000000;0.000000;0.000000;0.000000;0.000000;0.000000;0.000000
0.000000;0.000000;0.000000;0.000000;0.000000;0.000000;0.000000;0.000000
0.000000;0.000000;0.000000;0.000000;0.000000;0.000000;0.000000;0.000000
0.000000;0.000000;0.000000;0.000000;0.000000;0.000000;0.000000;0.000000
0.000000;0.000000;0.000000;0.000000;0.000000;0.000000;0.000000;0.000000
0.000000;0.000000;0.000000;0.000000;0.000000;0.000000;0.000000;0.000000
0.000000;0.000000;0.000000;0.000000;0.000000;0.000000;0.000000;0.000000
0.000000;0.000000;0.000000;0.000000;0.000000;0.000000;0.000000;0.000000
0.000000;0.000000;0.000000;0.000000;0.000000;0.000000;0.000000;0.000000
0.000000;0.000000;0.000000;0.000000;0.000000;0.000000;0.000000;0.000000
0.000000;0.000000;0.000000;0.000000;0.000000;0.000000;0.000000;0.000000
0.000000;0.000000;0.000000;0.000000;0.000000;0.000000;0.000000;0.000000
0.000000;0.000000;0.000000;0.000000;0.000000;0.000000;0.000000;0.000000
0.000000;0.000000;0.000000;0.000000;0.000000;0.000000;0.000000;0.000000
0.000000;0.000000;0.000000;0.000000;0.000000;0.000000;0.000000;0.000000
0.000000;0.000000;0.000000;0.000000;0.000000;0.000000;0.000000;0.000000
0.000000;0.000000;0.000000;0.000000;0.000000;0.000000;0.000000;0.000000
0.000000;0.000000;0.000000;0.000000;0.000000;0.000000;0.000000;0.000000
0.000000;0.000000;0.000000;0.000000;0.000000;0.000000;0.000000;0.000000
0.000000;0.000000;0.000000;0.000000;0.000000;0.000000;0.000000;0.000000
0.000000;0.000000;0.000000;0.000000;0.000000;0.000000;0.000000;0.000000
0.000000;0.000000;0.000000;0.000000;0.000000;0.000000;0.000000;0.000000
0.000000;0.000000;0.000000;0.000000;0.000000;0.000000;0.000000;0.000000
0.000000;0.000000;0.000000;0.000000;0.000000;0.000000;0.000000;0.000000
0.000000;0.000000;0.000000;0.000000;0.000000;0.000000;0.000000;0.000000
0.000000;0.000000;0.000000;0.000000;0.000000;0.000000;0.000000;0.000000
0.000000;0.000000;0.000000;0.000000;0.000000;0.000000;0.000000;0.000000
0.000000;0.000000;0.000000;0.000000;0.000000;0.000000;0.000000;0.000000
0.000000;0.000000;0.000000;0.000000;0.000000;0.000000;0.000000;0.000000
0.000000;0.000000;0.000000;0.000000;0.000000;0.000000;0.000000;0.000000
0.000000;0.000000;0.000000;0.000000;0.000000;0.000000;0.000000;0.000000
0.000000;0.000000;0.000000;0.000000;0.000000;0.000000;0.000000;0.000000
0.000000;0.000000;0.000000;0.000000;0.000000;0.000000;0.000000;0.000000
0.000000;0.000000;0.000000;0.000000;0.000000;0.000000;0.000000;0.000000
0.000000;0.000000;0.000000;0.000000;0.000000;0.000000;0.000000;0.000000
0.000000;0.000000;0.000000;0.000000;0.000000;0.000000;0.000000;0.000000
0.000000;0.000000;0.000000;0.000000;0.000000;0.000000;0.000000;0.000000
0.000000;0.000000;0.000000;0.000000;0.000000;0.000000;0.000000;0.000000
0.000000;0.000000;0.000000;0.000000;0.000000;0.000000;0.000000;0.000000
0.000000;0.000000;0.000000;0.000000;0.000000;0.000000;0.000000;0.000000
0.000000;0.000000;0.000000;0.000000;0.000000;0.000000;0.000000;0.000000
0.000000;0.000000;0.000000;0.000000;0.000000;0.000000;0.000000;0.000000
0.000000;0.000000;0.000000;0.000000;0.000000;0.000000;0.000000;0.000000
0.000000;0.000000;0.000000;0.000000;0.000000;0.000000;0.000000;0.000000
0.000000;0.000000;0.000000;0.000000;0.000000;0.000000;0.000000;0.000000
0.000000;0.000000;0.000000;0.000000;0.000000;0.000000;0.000000;0.000000
0.000000;0.000000;0.000000;0.000000;0.000000;0.000000;0.000000;0.000000
0.000000;0.000000;0.000000;0.000000;0.000000;0.000000;0.000000;0.000000
0.000000;0.000000;0.000000;0.000000;0.000000;0.000000;0.000000;0.000000
0.000000;0.000000;0.000000;0.000000;0.000000;0.000000;0.000000;0.000000
0.000000;0.000000;0.000000;0.000000;0.000000;0.000000;0.000000;0.000000
0.000000;0.000000;0.000000;0.000000;0.000000;0.000000;0.000000;0.000000
0.000000;0.000000;0.000000;0.000000;0.000000;0.000000;0.000000;0.000000
0.000000;0.000000;0.000000;0.000000;0.000000;0.000000;0.000000;0.000000
0.000000;0.000000;0.000000;0.000000;0.000000;0.000000;0.000000;0.000000
0.000000;0.000000;0.000000;0.000000;0.000000;0.000000;0.000000;0.000000
0.000000;0.000000;0.000000;0.000000;0.000000;0.000000;0.000000;0.000000
0.000000;0.000000;0.000000;0.000000;0.000000;0.000000;0.000000;0.000000
0.000000;0.000000;0.000000;0.000000;0.000000;0.000000;0.000000;0.000000
0.000000;0.000000;0.000000;0.000000;0.000000;0.000000;0.000000;0.000000
0.000000;0.000000;0.000000;0.000000;0.000000;0.000000;0.000000;0.000000
0.000000;0.000000;0.000000;0.000000;0.000000;0.000000;0.000000;0.000000
0.000000;0.000000;0.000000;0.000000;0.000000;0.000000;0.000000;0.000000
0.000000;0.000000;0.000000;0.000000;0.000000;0.000000;0.000000;0.000000
0.000000;0.000000;0.000000;0.000000;0.000000;0.000000;0.000000;0.000000
0.000000;0.000000;0.000000;0.000000;0.000000;0.000000;0.000000;0.000000
0.000000;0.000000;0.000000;0.000000;0.000000;0.000000;0.000000;0.000000
0.000000;0.000000;0.000000;0.000000;0.000000;0.000000;0.000000;0.000000
0.000000;0.000000;0.000000;0.000000;0.000000;0.000000;0.000000;0.000000
0.000000;0.000000;0.000000;0.000000;0.000000;0.000000;0.000000;0.000000
0.000000;0.000000;0.000000;0.000000;0.000000;0.000000;0.000000;0.000000
0.000000;0.000000;0.000000;0.000000;0.000000;0.000000;0.000000;0.000000
0.000000;0.000000;0.000000;0.000000;0.000000;0.000000;0.000000;0.000000
0.000000;0.000000;0.000000;0.000000;0.000000;0.000000;0.000000;0.000000
0.000000;0.000000;0.000000;0.000000;0.000000;0.000000;0.000000;0.000000
0.000000;0.000000;0.000000;0.000000;0.000000;0.000000;0.000000;0.000000
0.000000;0.000000;0.000000;0.000000;0.000000;0.000000;0.000000;0.000000
0.000000;0.000000;0.000000;0.000000;0.000000;0.000000;0.000000;0.000000
0.000000;0.000000;0.000000;0.000000;0.000000;0.000000;0.000000;0.000000
0.000000;0.000000;0.000000;0.000000;0.000000;0.000000;0.000000;0.000000
0.000000;0.000000;0.000000;0.000000;0.000000;0.000000;0.000000;0.000000
0.000000;0.000000;0.000000;0.000000;0.000000;0.000000;0.000000;0.000000
0.000000;0.000000;0.000000;0.000000;0.000000;0.000000;0.000000;0.000000
0.000000;0.000000;0.000000;0.000000;0.000000;0.000000;0.000000;0.000000
0.000000;0.000000;0.000000;0.000000;0.000000;0.000000;0.000000;0.000000
0.000000;0.000000;0.000000;0.000000;0.000000;0.000000;0.000000;0.000000
0.000000;0.000000;0.000000;0.000000;0.000000;0.000000;0.000000;0.000000
0.000000;0.000000;0.000000;0.000000;0.000000;0.000000;0.000000;0.000000
0.000000;0.000000;0.000000;0.000000;0.000000;0.000000;0.000000;0.000000
0.000000;0.000000;0.000000;0.000000;0.000000;0.000000;0.000000;0.000000
0.000000;0.000000;0.000000;0.000000;0.000000;0.000000;0.000000;0.000000
0.000000;0.000000;0.000000;0.000000;0.000000;0.000000;0.000000;0.000000
0.000000;0.000000;0.000000;0.000000;0.000000;0.000000;0.000000;0.000000
0.000000;0.000000;0.000000;0.000000;0.000000;0.000000;0.000000;0.000000
0.000000;0.000000;0.000000;0.000000;0.000000;0.000000;0.000000;0.000000
0.000000;0.000000;0.000000;0.000000;0.000000;0.000000;0.000000;0.000000
0.000000;0.000000;0.000000;0.000000;0.000000;0.000000;0.000000;0.000000
0.000000;0.000000;0.000000;0.000000;0.000000;0.000000;0.000000;0.000000
0.000000;0.000000;0.000000;0.000000;0.000000;0.000000;0.000000;0.000000
0.000000;0.000000;0.000000;0.000000;0.000000;0.000000;0.000000;0.000000
0.000000;0.000000;0.000000;0.000000;0.000000;0.000000;0.000000;0.000000
0.000000;0.000000;0.000000;0.000000;0.000000;0.000000;0.000000;0.000000
0.000000;0.000000;0.000000;0.000000;0.000000;0.000000;0.000000;0.000000
0.000000;0.000000;0.000000;0.000000;0.000000;0.000000;0.000000;0.000000
0.000000;0.000000;0.000000;0.000000;0.000000;0.000000;0.000000;0.000000
0.000000;0.000000;0.000000;0.000000;0.000000;0.000000;0.000000;0.000000
0.000000;0.000000;0.000000;0.000000;0.000000;0.000000;0.000000;0.000000
0.000000;0.000000;0.000000;0.000000;0.000000;0.000000;0.000000;0.000000
0.000000;0.000000;0.000000;0.000000;0.000000;0.000000;0.000000;0.000000
0.000000;0.000000;0.000000;0.000000;0.000000;0.000000;0.000000;0.000000
0.000000;0.000000;0.000000;0.000000;0.000000;0.000000;0.000000;0.000000
0.000000;0.000000;0.000000;0.000000;0.000000;0.000000;0.000000;0.000000
0.000000;0.000000;0.000000;0.000000;0.000000;0.000000;0.000000;0.000000
0.000000;0.000000;0.000000;0.000000;0.000000;0.000000;0.000000;0.000000
0.000000;0.000000;0.000000;0.000000;0.000000;0.000000;0.000000;0.000000
0.000000;0.000000;0.000000;0.000000;0.000000;0.000000;0.000000;0.000000
0.000000;0.000000;0.000000;0.000000;0.000000;0.000000;0.000000;0.000000
0.000000;0.000000;0.000000;0.000000;0.000000;0.000000;0.000000;0.000000
0.000000;0.000000;0.000000;0.000000;0.000000;0.000000;0.000000;0.000000
0.000000;0.000000;0.000000;0.000000;0.000000;0.000000;0.000000;0.000000
0.000000;0.000000;0.000000;0.000000;0.000000;0.000000;0.000000;0.000000
0.000000;0.000000;0.000000;0.000000;0.000000;0.000000;0.000000;0.000000
0.000000;0.000000;0.000000;0.000000;0.000000;0.000000;0.000000;0.000000
0.000000;0.000000;0.000000;0.000000;0.000000;0.000000;0.000000;0.000000
0.000000;0.000000;0.000000;0.000000;0.000000;0.000000;0.000000;0.000000
0.000000;0.000000;0.000000;0.000000;0.000000;0.000000;0.000000;0.000000
0.000000;0.000000;0.000000;0.000000;0.000000;0.000000;0.000000;0.000000
0.000000;0.000000;0.000000;0.000000;0.000000;0.000000;0.000000;0.000000
0.000000;0.000000;0.000000;0.000000;0.000000;0.000000;0.000000;0.000000
0.000000;0.000000;0.000000;0.000000;0.000000;0.000000;0.000000;0.000000
0.000000;0.000000;0.000000;0.000000;0.000000;0.000000;0.000000;0.000000
0.000000;0.000000;0.000000;0.000000;0.000000;0.000000;0.000000;0.000000
0.000000;0.000000;0.000000;0.000000;0.000000;0.000000;0.000000;0.000000
0.000000;0.000000;0.000000;0.000000;0.000000;0.000000;0.000000;0.000000
0.000000;0.000000;0.000000;0.000000;0.000000;0.000000;0.000000;0.000000
0.000000;0.000000;0.000000;0.000000;0.000000;0.000000;0.000000;0.000000
0.000000;0.000000;0.000000;0.000000;0.000000;0.000000;0.000000;0.000000
0.000000;0.000000;0.000000;0.000000;0.000000;0.000000;0.000000;0.000000
0.000000;0.000000;0.000000;0.000000;0.000000;0.000000;0.000000;0.000000
0.000000;0.000000;0.000000;0.000000;0.000000;0.000000;0.000000;0.000000
0.000000;0.000000;0.000000;0.000000;0.000000;0.000000;0.000000;0.000000
0.000000;0.000000;0.000000;0.000000;0.000000;0.000000;0.000000;0.000000
0.000000;0.000000;0.000000;0.000000;0.000000;0.000000;0.000000;0.000000
0.000000;0.000000;0.000000;0.000000;0.000000;0.000000;0.000000;0.000000
0.000000;0.000000;0.000000;0.000000;0.000000;0.000000;0.000000;0.000000
0.000000;0.000000;0.000000;0.000000;0.000000;0.000000;0.000000;0.000000
0.000000;0.000000;0.000000;0.000000;0.000000;0.000000;0.000000;0.000000
0.000000;0.000000;0.000000;0.000000;0.000000;0.000000;0.000000;0.000000
0.000000;0.000000;0.000000;0.000000;0.000000;0.000000;0.000000;0.000000
0.000000;0.000000;0.000000;0.000000;0.000000;0.000000;0.000000;0.000000
0.000000;0.000000;0.000000;0.000000;0.000000;0.000000;0.000000;0.000000
0.000000;0.000000;0.000000;0.000000;0.000000;0.000000;0.000000;0.000000
0.000000;0.000000;0.000000;0.000000;0.000000;0.000000;0.000000;0.000000
0.000000;0.000000;0.000000;0.000000;0.000000;0.000000;0.000000;0.000000
0.000000;0.000000;0.000000;0.000000;0.000000;0.000000;0.000000;0.000000
0.000000;0.000000;0.000000;0.000000;0.000000;0.000000;0.000000;0.000000
0.000000;0.000000;0.000000;0.000000;0.000000;0.000000;0.000000;0.000000
0.000000;0.000000;0.000000;0.000000;0.000000;0.000000;0.000000;0.000000
0.000000;0.000000;0.000000;0.000000;0.000000;0.000000;0.000000;0.000000
0.000000;0.000000;0.000000;0.000000;0.000000;0.000000;0.000000;0.000000
0.000000;0.000000;0.000000;0.000000;0.000000;0.000000;0.000000;0.000000
0.000000;0.000000;0.000000;0.000000;0.000000;0.000000;0.000000;0.000000
0.000000;0.000000;0.000000;0.000000;0.000000;0.000000;0.000000;0.000000
0.000000;0.000000;0.000000;0.000000;0.000000;0.000000;0.000000;0.000000
0.000000;0.000000;0.000000;0.000000;0.000000;0.000000;0.000000;0.000000
0.000000;0.000000;0.000000;0.000000;0.000000;0.000000;0.000000;0.000000
0.000000;0.000000;0.000000;0.000000;0.000000;0.000000;0.000000;0.000000
0.000000;0.000000;0.000000;0.000000;0.000000;0.000000;0.000000;0.000000
0.000000;0.000000;0.000000;0.000000;0.000000;0.000000;0.000000;0.000000
0.000000;0.000000;0.000000;0.000000;0.000000;0.000000;0.000000;0.000000
0.000000;0.000000;0.000000;0.000000;0.000000;0.000000;0.000000;0.000000
0.000000;0.000000;0.000000;0.000000;0.000000;0.000000;0.000000;0.000000
0.000000;0.000000;0.000000;0.000000;0.000000;0.000000;0.000000;0.000000
0.000000;0.000000;0.000000;0.000000;0.000000;0.000000;0.000000;0.000000
0.000000;0.000000;0.000000;0.000000;0.000000;0.000000;0.000000;0.000000
0.000000;0.000000;0.000000;0.000000;0.000000;0.000000;0.000000;0.000000
0.000000;0.000000;0.000000;0.000000;0.000000;0.000000;0.000000;0.000000
0.000000;0.000000;0.000000;0.000000;0.000000;0.000000;0.000000;0.000000
0.000000;0.000000;0.000000;0.000000;0.000000;0.000000;0.000000;0.000000
0.000000;0.000000;0.000000;0.000000;0.000000;0.000000;0.000000;0.000000
0.000000;0.000000;0.000000;0.000000;0.000000;0.000000;0.000000;0.000000
0.000000;0.000000;0.000000;0.000000;0.000000;0.000000;0.000000;0.000000
0.000000;0.000000;0.000000;0.000000;0.000000;0.000000;0.000000;0.000000
0.000000;0.000000;0.000000;0.000000;0.000000;0.000000;0.000000;0.000000
0.000000;0.000000;0.000000;0.000000;0.000000;0.000000;0.000000;0.000000
0.000000;0.000000;0.000000;0.000000;0.000000;0.000000;0.000000;0.000000
0.000000;0.000000;0.000000;0.000000;0.000000;0.000000;0.000000;0.000000
0.000000;0.000000;0.000000;0.000000;0.000000;0.000000;0.000000;0.000000
0.000000;0.000000;0.000000;0.000000;0.000000;0.000000;0.000000;0.000000
0.000000;0.000000;0.000000;0.000000;0.000000;0.000000;0.000000;0.000000
0.000000;0.000000;0.000000;0.000000;0.000000;0.000000;0.000000;0.000000
0.000000;0.000000;0.000000;0.000000;0.000000;0.000000;0.000000;0.000000
0.000000;0.000000;0.000000;0.000000;0.000000;0.000000;0.000000;0.000000
0.000000;0.000000;0.000000;0.000000;0.000000;0.000000;0.000000;0.000000
0.000000;0.000000;0.000000;0.000000;0.000000;0.000000;0.000000;0.000000
0.000000;0.000000;0.000000;0.000000;0.000000;0.000000;0.000000;0.000000
0.000000;0.000000;0.000000;0.000000;0.000000;0.000000;0.000000;0.000000
0.000000;0.000000;0.000000;0.000000;0.000000;0.000000;0.000000;0.000000
0.000000;0.000000;0.000000;0.000000;0.000000;0.000000;0.000000;0.000000
0.000000;0.000000;0.000000;0.000000;0.000000;0.000000;0.000000;0.000000
0.000000;0.000000;0.000000;0.000000;0.000000;0.000000;0.000000;0.000000
0.000000;0.000000;0.000000;0.000000;0.000000;0.000000;0.000000;0.000000
0.000000;0.000000;0.000000;0.000000;0.000000;0.000000;0.000000;0.000000
0.000000;0.000000;0.000000;0.000000;0.000000;0.000000;0.000000;0.000000
0.000000;0.000000;0.000000;0.000000;0.000000;0.000000;0.000000;0.000000
0.000000;0.000000;0.000000;0.000000;0.000000;0.000000;0.000000;0.000000
0.000000;0.000000;0.000000;0.000000;0.000000;0.000000;0.000000;0.000000
0.000000;0.000000;0.000000;0.000000;0.000000;0.000000;0.000000;0.000000
0.000000;0.000000;0.000000;0.000000;0.000000;0.000000;0.000000;0.000000
0.000000;0.000000;0.000000;0.000000;0.000000;0.000000;0.000000;0.000000
0.000000;0.000000;0.000000;0.000000;0.000000;0.000000;0.000000;0.000000
0.000000;0.000000;0.000000;0.000000;0.000000;0.000000;0.000000;0.000000
0.000000;0.000000;0.000000;0.000000;0.000000;0.000000;0.000000;0.000000
0.000000;0.000000;0.000000;0.000000;0.000000;0.000000;0.000000;0.000000
0.000000;0.000000;0.000000;0.000000;0.000000;0.000000;0.000000;0.000000
0.000000;0.000000;0.000000;0.000000;0.000000;0.000000;0.000000;0.000000
0.000000;0.000000;0.000000;0.000000;0.000000;0.000000;0.000000;0.000000
0.000000;0.000000;0.000000;0.000000;0.000000;0.000000;0.000000;0.000000
0.000000;0.000000;0.000000;0.000000;0.000000;0.000000;0.000000;0.000000
0.000000;0.000000;0.000000;0.000000;0.000000;0.000000;0.000000;0.000000
0.000000;0.000000;0.000000;0.000000;0.000000;0.000000;0.000000;0.000000
0.000000;0.000000;0.000000;0.000000;0.000000;0.000000;0.000000;0.000000
0.000000;0.000000;0.000000;0.000000;0.000000;0.000000;0.000000;0.000000
0.000000;0.000000;0.000000;0.000000;0.000000;0.000000;0.000000;0.000000
0.000000;0.000000;0.000000;0.000000;0.000000;0.000000;0.000000;0.000000
0.000000;0.000000;0.000000;0.000000;0.000000;0.000000;0.000000;0.000000
0.000000;0.000000;0.000000;0.000000;0.000000;0.000000;0.000000;0.000000
0.000000;0.000000;0.000000;0.000000;0.000000;0.000000;0.000000;0.000000
0.000000;0.000000;0.000000;0.000000;0.000000;0.000000;0.000000;0.000000
0.000000;0.000000;0.000000;0.000000;0.000000;0.000000;0.000000;0.000000
0.000000;0.000000;0.000000;0.000000;0.000000;0.000000;0.000000;0.000000
0.000000;0.000000;0.000000;0.000000;0.000000;0.000000;0.000000;0.000000
0.000000;0.000000;0.000000;0.000000;0.000000;0.000000;0.000000;0.000000
0.000000;0.000000;0.000000;0.000000;0.000000;0.000000;0.000000;0.000000
0.000000;0.000000;0.000000;0.000000;0.000000;0.000000;0.000000;0.000000
0.000000;0.000000;0.000000;0.000000;0.000000;0.000000;0.000000;0.000000
0.000000;0.000000;0.000000;0.000000;0.000000;0.000000;0.000000;0.000000
0.000000;0.000000;0.000000;0.000000;0.000000;0.000000;0.000000;0.000000
0.000000;0.000000;0.000000;0.000000;0.000000;0.000000;0.000000;0.000000
0.000000;0.000000;0.000000;0.000000;0.000000;0.000000;0.000000;0.000000
0.000000;0.000000;0.000000;0.000000;0.000000;0.000000;0.000000;0.000000
0.000000;0.000000;0.000000;0.000000;0.000000;0.000000;0.000000;0.000000
0.000000;0.000000;0.000000;0.000000;0.000000;0.000000;0.000000;0.000000
0.000000;0.000000;0.000000;0.000000;0.000000;0.000000;0.000000;0.000000
0.000000;0.000000;0.000000;0.000000;0.000000;0.000000;0.000000;0.000000
0.000000;0.000000;0.000000;0.000000;0.000000;0.000000;0.000000;0.000000
0.000000;0.000000;0.000000;0.000000;0.000000;0.000000;0.000000;0.000000
0.000000;0.000000;0.000000;0.000000;0.000000;0.000000;0.000000;0.000000
0.000000;0.000000;0.000000;0.000000;0.000000;0.000000;0.000000;0.000000
0.000000;0.000000;0.000000;0.000000;0.000000;0.000000;0.000000;0.000000
0.000000;0.000000;0.000000;0.000000;0.000000;0.000000;0.000000;0.000000
0.000000;0.000000;0.000000;0.000000;0.000000;0.000000;0.000000;0.000000
0.000000;0.000000;0.000000;0.000000;0.000000;0.000000;0.000000;0.000000
0.000000;0.000000;0.000000;0.000000;0.000000;0.000000;0.000000;0.000000
0.000000;0.000000;0.000000;0.000000;0.000000;0.000000;0.000000;0.000000
0.000000;0.000000;0.000000;0.000000;0.000000;0.000000;0.000000;0.000000
0.000000;0.000000;0.000000;0.000000;0.000000;0.000000;0.000000;0.000000
0.000000;0.000000;0.000000;0.000000;0.000000;0.000000;0.000000;0.000000
0.000000;0.000000;0.000000;0.000000;0.000000;0.000000;0.000000;0.000000
0.000000;0.000000;0.000000;0.000000;0.000000;0.000000;0.000000;0.000000
0.000000;0.000000;0.000000;0.000000;0.000000;0.000000;0.000000;0.000000
0.000000;0.000000;0.000000;0.000000;0.000000;0.000000;0.000000;0.000000
0.000000;0.000000;0.000000;0.000000;0.000000;0.000000;0.000000;0.000000
0.000000;0.000000;0.000000;0.000000;0.000000;0.000000;0.000000;0.000000
0.000000;0.000000;0.000000;0.000000;0.000000;0.000000;0.000000;0.000000
0.000000;0.000000;0.000000;0.000000;0.000000;0.000000;0.000000;0.000000
0.000000;0.000000;0.000000;0.000000;0.000000;0.000000;0.000000;0.000000
0.000000;0.000000;0.000000;0.000000;0.000000;0.000000;0.000000;0.000000
0.000000;0.000000;0.000000;0.000000;0.000000;0.000000;0.000000;0.000000
0.000000;0.000000;0.000000;0.000000;0.000000;0.000000;0.000000;0.000000
0.000000;0.000000;0.000000;0.000000;0.000000;0.000000;0.000000;0.000000
0.000000;0.000000;0.000000;0.000000;0.000000;0.000000;0.000000;0.000000
0.000000;0.000000;0.000000;0.000000;0.000000;0.000000;0.000000;0.000000
0.000000;0.000000;0.000000;0.000000;0.000000;0.000000;0.000000;0.000000
0.000000;0.000000;0.000000;0.000000;0.000000;0.000000;0.000000;0.000000
0.000000;0.000000;0.000000;0.000000;0.000000;0.000000;0.000000;0.000000
0.000000;0.000000;0.000000;0.000000;0.000000;0.000000;0.000000;0.000000
0.000000;0.000000;0.000000;0.000000;0.000000;0.000000;0.000000;0.000000
0.000000;0.000000;0.000000;0.000000;0.000000;0.000000;0.000000;0.000000
0.000000;0.000000;0.000000;0.000000;0.000000;0.000000;0.000000;0.000000
0.000000;0.000000;0.000000;0.000000;0.000000;0.000000;0.000000;0.000000
0.000000;0.000000;0.000000;0.000000;0.000000;0.000000;0.000000;0.000000
0.000000;0.000000;0.000000;0.000000;0.000000;0.000000;0.000000;0.000000
0.000000;0.000000;0.000000;0.000000;0.000000;0.000000;0.000000;0.000000
0.000000;0.000000;0.000000;0.000000;0.000000;0.000000;0.000000;0.000000
0.000000;0.000000;0.000000;0.000000;0.000000;0.000000;0.000000;0.000000
0.000000;0.000000;0.000000;0.000000;0.000000;0.000000;0.000000;0.000000
0.000000;0.000000;0.000000;0.000000;0.000000;0.000000;0.000000;0.000000
0.000000;0.000000;0.000000;0.000000;0.000000;0.000000;0.000000;0.000000
0.000000;0.000000;0.000000;0.000000;0.000000;0.000000;0.000000;0.000000
0.000000;0.000000;0.000000;0.000000;0.000000;0.000000;0.000000;0.000000
0.000000;0.000000;0.000000;0.000000;0.000000;0.000000;0.000000;0.000000
0.000000;0.000000;0.000000;0.000000;0.000000;0.000000;0.000000;0.000000
0.000000;0.000000;0.000000;0.000000;0.000000;0.000000;0.000000;0.000000
0.000000;0.000000;0.000000;0.000000;0.000000;0.000000;0.000000;0.000000
0.000000;0.000000;0.000000;0.000000;0.000000;0.000000;0.000000;0.000000
0.000000;0.000000;0.000000;0.000000;0.000000;0.000000;0.000000;0.000000
0.000000;0.000000;0.000000;0.000000;0.000000;0.000000;0.000000;0.000000
0.000000;0.000000;0.000000;0.000000;0.000000;0.000000;0.000000;0.000000
0.000000;0.000000;0.000000;0.000000;0.000000;0.000000;0.000000;0.000000
0.000000;0.000000;0.000000;0.000000;0.000000;0.000000;0.000000;0.000000
0.000000;0.000000;0.000000;0.000000;0.000000;0.000000;0.000000;0.000000
0.000000;0.000000;0.000000;0.000000;0.000000;0.000000;0.000000;0.000000
0.000000;0.000000;0.000000;0.000000;0.000000;0.000000;0.000000;0.000000
0.000000;0.000000;0.000000;0.000000;0.000000;0.000000;0.000000;0.000000
0.000000;0.000000;0.000000;0.000000;0.000000;0.000000;0.000000;0.000000
0.000000;0.000000;0.000000;0.000000;0.000000;0.000000;0.000000;0.000000
0.000000;0.000000;0.000000;0.000000;0.000000;0.000000;0.000000;0.000000
0.000000;0.000000;0.000000;0.000000;0.000000;0.000000;0.000000;0.000000
0.000000;0.000000;0.000000;0.000000;0.000000;0.000000;0.000000;0.000000
0.000000;0.000000;0.000000;0.000000;0.000000;0.000000;0.000000;0.000000
0.000000;0.000000;0.000000;0.000000;0.000000;0.000000;0.000000;0.000000
0.000000;0.000000;0.000000;0.000000;0.000000;0.000000;0.000000;0.000000
0.000000;0.000000;0.000000;0.000000;0.000000;0.000000;0.000000;0.000000
0.000000;0.000000;0.000000;0.000000;0.000000;0.000000;0.000000;0.000000
0.000000;0.000000;0.000000;0.000000;0.000000;0.000000;0.000000;0.000000
0.000000;0.000000;0.000000;0.000000;0.000000;0.000000;0.000000;0.000000
0.000000;0.000000;0.000000;0.000000;0.000000;0.000000;0.000000;0.000000
0.000000;0.000000;0.000000;0.000000;0.000000;0.000000;0.000000;0.000000
0.000000;0.000000;0.000000;0.000000;0.000000;0.000000;0.000000;0.000000
0.000000;0.000000;0.000000;0.000000;0.000000;0.000000;0.000000;0.000000
0.000000;0.000000;0.000000;0.000000;0.000000;0.000000;0.000000;0.000000
0.000000;0.000000;0.000000;0.000000;0.000000;0.000000;0.000000;0.000000
0.000000;0.000000;0.000000;0.000000;0.000000;0.000000;0.000000;0.000000
0.000000;0.000000;0.000000;0.000000;0.000000;0.000000;0.000000;0.000000
0.000000;0.000000;0.000000;0.000000;0.000000;0.000000;0.000000;0.000000
0.000000;0.000000;0.000000;0.000000;0.000000;0.000000;0.000000;0.000000
0.000000;0.000000;0.000000;0.000000;0.000000;0.000000;0.000000;0.000000
0.000000;0.000000;0.000000;0.000000;0.000000;0.000000;0.000000;0.000000
0.000000;0.000000;0.000000;0.000000;0.000000;0.000000;0.000000;0.000000
0.000000;0.000000;0.000000;0.000000;0.000000;0.000000;0.000000;0.000000
0.000000;0.000000;0.000000;0.000000;0.000000;0.000000;0.000000;0.000000
0.000000;0.000000;0.000000;0.000000;0.000000;0.000000;0.000000;0.000000
0.000000;0.000000;0.000000;0.000000;0.000000;0.000000;0.000000;0.000000
0.000000;0.000000;0.000000;0.000000;0.000000;0.000000;0.000000;0.000000
0.000000;0.000000;0.000000;0.000000;0.000000;0.000000;0.000000;0.000000
0.000000;0.000000;0.000000;0.000000;0.000000;0.000000;0.000000;0.000000
0.000000;0.000000;0.000000;0.000000;0.000000;0.000000;0.000000;0.000000
0.000000;0.000000;0.000000;0.000000;0.000000;0.000000;0.000000;0.000000
0.000000;0.000000;0.000000;0.000000;0.000000;0.000000;0.000000;0.000000
0.000000;0.000000;0.000000;0.000000;0.000000;0.000000;0.000000;0.000000
0.000000;0.000000;0.000000;0.000000;0.000000;0.000000;0.000000;0.000000
0.000000;0.000000;0.000000;0.000000;0.000000;0.000000;0.000000;0.000000
0.000000;0.000000;0.000000;0.000000;0.000000;0.000000;0.000000;0.000000
0.000000;0.000000;0.000000;0.000000;0.000000;0.000000;0.000000;0.000000
0.000000;0.000000;0.000000;0.000000;0.000000;0.000000;0.000000;0.000000
0.000000;0.000000;0.000000;0.000000;0.000000;0.000000;0.000000;0.000000
0.000000;0.000000;0.000000;0.000000;0.000000;0.000000;0.000000;0.000000
0.000000;0.000000;0.000000;0.000000;0.000000;0.000000;0.000000;0.000000
0.000000;0.000000;0.000000;0.000000;0.000000;0.000000;0.000000;0.000000
0.000000;0.000000;0.000000;0.000000;0.000000;0.000000;0.000000;0.000000
0.000000;0.000000;0.000000;0.000000;0.000000;0.000000;0.000000;0.000000
0.000000;0.000000;0.000000;0.000000;0.000000;0.000000;0.000000;0.000000
0.000000;0.000000;0.000000;0.000000;0.000000;0.000000;0.000000;0.000000
0.000000;0.000000;0.000000;0.000000;0.000000;0.000000;0.000000;0.000000
0.000000;0.000000;0.000000;0.000000;0.000000;0.000000;0.000000;0.000000
0.000000;0.000000;0.000000;0.000000;0.000000;0.000000;0.000000;0.000000
0.000000;0.000000;0.000000;0.000000;0.000000;0.000000;0.000000;0.000000
0.000000;0.000000;0.000000;0.000000;0.000000;0.000000;0.000000;0.000000
0.000000;0.000000;0.000000;0.000000;0.000000;0.000000;0.000000;0.000000
0.000000;0.000000;0.000000;0.000000;0.000000;0.000000;0.000000;0.000000
0.000000;0.000000;0.000000;0.000000;0.000000;0.000000;0.000000;0.000000
0.000000;0.000000;0.000000;0.000000;0.000000;0.000000;0.000000;0.000000
0.000000;0.000000;0.000000;0.000000;0.000000;0.000000;0.000000;0.000000
0.000000;0.000000;0.000000;0.000000;0.000000;0.000000;0.000000;0.000000
0.000000;0.000000;0.000000;0.000000;0.000000;0.000000;0.000000;0.000000
0.000000;0.000000;0.000000;0.000000;0.000000;0.000000;0.000000;0.000000
0.000000;0.000000;0.000000;0.000000;0.000000;0.000000;0.000000;0.000000
0.000000;0.000000;0.000000;0.000000;0.000000;0.000000;0.000000;0.000000
0.000000;0.000000;0.000000;0.000000;0.000000;0.000000;0.000000;0.000000
0.000000;0.000000;0.000000;0.000000;0.000000;0.000000;0.000000;0.000000
0.000000;0.000000;0.000000;0.000000;0.000000;0.000000;0.000000;0.000000
0.000000;0.000000;0.000000;0.000000;0.000000;0.000000;0.000000;0.000000
0.000000;0.000000;0.000000;0.000000;0.000000;0.000000;0.000000;0.000000
0.000000;0.000000;0.000000;0.000000;0.000000;0.000000;0.000000;0.000000
0.000000;0.000000;0.000000;0.000000;0.000000;0.000000;0.000000;0.000000
0.000000;0.000000;0.000000;0.000000;0.000000;0.000000;0.000000;0.000000
0.000000;0.000000;0.000000;0.000000;0.000000;0.000000;0.000000;0.000000
0.000000;0.000000;0.000000;0.000000;0.000000;0.000000;0.000000;0.000000
0.000000;0.000000;0.000000;0.000000;0.000000;0.000000;0.000000;0.000000
0.000000;0.000000;0.000000;0.000000;0.000000;0.000000;0.000000;0.000000
0.000000;0.000000;0.000000;0.000000;0.000000;0.000000;0.000000;0.000000
0.000000;0.000000;0.000000;0.000000;0.000000;0.000000;0.000000;0.000000
0.000000;0.000000;0.000000;0.000000;0.000000;0.000000;0.000000;0.000000
0.000000;0.000000;0.000000;0.000000;0.000000;0.000000;0.000000;0.000000
0.000000;0.000000;0.000000;0.000000;0.000000;0.000000;0.000000;0.000000
0.000000;0.000000;0.000000;0.000000;0.000000;0.000000;0.000000;0.000000
0.000000;0.000000;0.000000;0.000000;0.000000;0.000000;0.000000;0.000000
0.000000;0.000000;0.000000;0.000000;0.000000;0.000000;0.000000;0.000000
0.000000;0.000000;0.000000;0.000000;0.000000;0.000000;0.000000;0.000000
0.000000;0.000000;0.000000;0.000000;0.000000;0.000000;0.000000;0.000000
0.000000;0.000000;0.000000;0.000000;0.000000;0.000000;0.000000;0.000000
0.000000;0.000000;0.000000;0.000000;0.000000;0.000000;0.000000;0.000000
0.000000;0.000000;0.000000;0.000000;0.000000;0.000000;0.000000;0.000000
0.000000;0.000000;0.000000;0.000000;0.000000;0.000000;0.000000;0.000000
0.000000;0.000000;0.000000;0.000000;0.000000;0.000000;0.000000;0.000000
0.000000;0.000000;0.000000;0.000000;0.000000;0.000000;0.000000;0.000000
0.000000;0.000000;0.000000;0.000000;0.000000;0.000000;0.000000;0.000000
0.000000;0.000000;0.000000;0.000000;0.000000;0.000000;0.000000;0.000000
0.000000;0.000000;0.000000;0.000000;0.000000;0.000000;0.000000;0.000000
0.000000;0.000000;0.000000;0.000000;0.000000;0.000000;0.000000;0.000000
0.000000;0.000000;0.000000;0.000000;0.000000;0.000000;0.000000;0.000000
0.000000;0.000000;0.000000;0.000000;0.000000;0.000000;0.000000;0.000000
0.000000;0.000000;0.000000;0.000000;0.000000;0.000000;0.000000;0.000000
0.000000;0.000000;0.000000;0.000000;0.000000;0.000000;0.000000;0.000000
0.000000;0.000000;0.000000;0.000000;0.000000;0.000000;0.000000;0.000000
0.000000;0.000000;0.000000;0.000000;0.000000;0.000000;0.000000;0.000000
0.000000;0.000000;0.000000;0.000000;0.000000;0.000000;0.000000;0.000000
0.000000;0.000000;0.000000;0.000000;0.000000;0.000000;0.000000;0.000000
0.000000;0.000000;0.000000;0.000000;0.000000;0.000000;0.000000;0.000000
0.000000;0.000000;0.000000;0.000000;0.000000;0.000000;0.000000;0.000000
0.000000;0.000000;0.000000;0.000000;0.000000;0.000000;0.000000;0.000000
0.000000;0.000000;0.000000;0.000000;0.000000;0.000000;0.000000;0.000000
0.000000;0.000000;0.000000;0.000000;0.000000;0.000000;0.000000;0.000000
0.000000;0.000000;0.000000;0.000000;0.000000;0.000000;0.000000;0.000000
0.000000;0.000000;0.000000;0.000000;0.000000;0.000000;0.000000;0.000000
0.000000;0.000000;0.000000;0.000000;0.000000;0.000000;0.000000;0.000000
0.000000;0.000000;0.000000;0.000000;0.000000;0.000000;0.000000;0.000000
0.000000;0.000000;0.000000;0.000000;0.000000;0.000000;0.000000;0.000000
0.000000;0.000000;0.000000;0.000000;0.000000;0.000000;0.000000;0.000000
0.000000;0.000000;0.000000;0.000000;0.000000;0.000000;0.000000;0.000000
0.000000;0.000000;0.000000;0.000000;0.000000;0.000000;0.000000;0.000000
0.000000;0.000000;0.000000;0.000000;0.000000;0.000000;0.000000;0.000000
0.000000;0.000000;0.000000;0.000000;0.000000;0.000000;0.000000;0.000000
0.000000;0.000000;0.000000;0.000000;0.000000;0.000000;0.000000;0.000000
0.000000;0.000000;0.000000;0.000000;0.000000;0.000000;0.000000;0.000000
0.000000;0.000000;0.000000;0.000000;0.000000;0.000000;0.000000;0.000000
0.000000;0.000000;0.000000;0.000000;0.000000;0.000000;0.000000;0.000000
0.000000;0.000000;0.000000;0.000000;0.000000;0.000000;0.000000;0.000000
0.000000;0.000000;0.000000;0.000000;0.000000;0.000000;0.000000;0.000000
0.000000;0.000000;0.000000;0.000000;0.000000;0.000000;0.000000;0.000000
0.000000;0.000000;0.000000;0.000000;0.000000;0.000000;0.000000;0.000000
0.000000;0.000000;0.000000;0.000000;0.000000;0.000000;0.000000;0.000000
0.000000;0.000000;0.000000;0.000000;0.000000;0.000000;0.000000;0.000000
0.000000;0.000000;0.000000;0.000000;0.000000;0.000000;0.000000;0.000000
0.000000;0.000000;0.000000;0.000000;0.000000;0.000000;0.000000;0.000000
0.000000;0.000000;0.000000;0.000000;0.000000;0.000000;0.000000;0.000000
0.000000;0.000000;0.000000;0.000000;0.000000;0.000000;0.000000;0.000000
0.000000;0.000000;0.000000;0.000000;0.000000;0.000000;0.000000;0.000000
0.000000;0.000000;0.000000;0.000000;0.000000;0.000000;0.000000;0.000000
0.000000;0.000000;0.000000;0.000000;0.000000;0.000000;0.000000;0.000000
0.000000;0.000000;0.000000;0.000000;0.000000;0.000000;0.000000;0.000000
0.000000;0.000000;0.000000;0.000000;0.000000;0.000000;0.000000;0.000000
0.000000;0.000000;0.000000;0.000000;0.000000;0.000000;0.000000;0.000000
0.000000;0.000000;0.000000;0.000000;0.000000;0.000000;0.000000;0.000000
0.000000;0.000000;0.000000;0.000000;0.000000;0.000000;0.000000;0.000000
0.000000;0.000000;0.000000;0.000000;0.000000;0.000000;0.000000;0.000000
0.000000;0.000000;0.000000;0.000000;0.000000;0.000000;0.000000;0.000000
0.000000;0.000000;0.000000;0.000000;0.000000;0.000000;0.000000;0.000000
0.000000;0.000000;0.000000;0.000000;0.000000;0.000000;0.000000;0.000000
0.000000;0.000000;0.000000;0.000000;0.000000;0.000000;0.000000;0.000000
0.000000;0.000000;0.000000;0.000000;0.000000;0.000000;0.000000;0.000000
0.000000;0.000000;0.000000;0.000000;0.000000;0.000000;0.000000;0.000000
0.000000;0.000000;0.000000;0.000000;0.000000;0.000000;0.000000;0.000000
0.000000;0.000000;0.000000;0.000000;0.000000;0.000000;0.000000;0.000000
0.000000;0.000000;0.000000;0.000000;0.000000;0.000000;0.000000;0.000000
0.000000;0.000000;0.000000;0.000000;0.000000;0.000000;0.000000;0.000000
0.000000;0.000000;0.000000;0.000000;0.000000;0.000000;0.000000;0.000000
0.000000;0.000000;0.000000;0.000000;0.000000;0.000000;0.000000;0.000000
0.000000;0.000000;0.000000;0.000000;0.000000;0.000000;0.000000;0.000000
0.000000;0.000000;0.000000;0.000000;0.000000;0.000000;0.000000;0.000000
0.000000;0.000000;0.000000;0.000000;0.000000;0.000000;0.000000;0.000000
0.000000;0.000000;0.000000;0.000000;0.000000;0.000000;0.000000;0.000000
0.000000;0.000000;0.000000;0.000000;0.000000;0.000000;0.000000;0.000000
0.000000;0.000000;0.000000;0.000000;0.000000;0.000000;0.000000;0.000000
0.000000;0.000000;0.000000;0.000000;0.000000;0.000000;0.000000;0.000000
0.000000;0.000000;0.000000;0.000000;0.000000;0.000000;0.000000;0.000000
0.000000;0.000000;0.000000;0.000000;0.000000;0.000000;0.000000;0.000000
0.000000;0.000000;0.000000;0.000000;0.000000;0.000000;0.000000;0.000000
0.000000;0.000000;0.000000;0.000000;0.000000;0.000000;0.000000;0.000000
0.000000;0.000000;0.000000;0.000000;0.000000;0.000000;0.000000;0.000000
0.000000;0.000000;0.000000;0.000000;0.000000;0.000000;0.000000;0.000000
0.000000;0.000000;0.000000;0.000000;0.000000;0.000000;0.000000;0.000000
